frame,K347_ASP1423,K347_ASP1714,K347_D356
0,25.712,24.008,2.718
1,25.727,23.796,3.013
2,24.598,23.615,2.993
3,25.645,24.714,2.886
4,24.975,24.534,3.086
5,25.180,23.832,2.907
6,25.799,24.546,2.880
7,25.276,22.645,3.032
8,25.940,23.865,2.750
9,26.130,23.073,2.805
10,24.762,22.354,4.913
11,24.114,22.583,3.038
12,24.412,22.315,2.584
13,26.921,23.606,2.899
14,25.048,23.108,2.889
15,26.398,24.017,3.025
16,25.108,23.661,2.841
17,25.108,22.587,2.850
18,25.249,22.864,2.814
19,24.085,22.288,3.325
20,24.314,23.201,2.810
21,25.188,22.901,2.733
22,24.553,23.125,2.881
23,23.951,22.605,2.793
24,24.982,22.566,3.056
25,23.591,22.497,3.031
26,23.675,22.428,3.017
27,24.876,24.063,2.941
28,25.300,22.821,2.858
29,25.023,22.523,3.024
30,24.247,22.891,2.765
31,24.296,22.630,2.620
32,25.118,23.080,2.768
33,24.540,22.485,2.770
34,24.892,23.724,2.857
35,24.772,23.556,2.790
36,24.931,23.837,2.815
37,25.592,23.811,3.494
38,26.087,24.786,2.867
39,25.774,23.586,2.606
40,25.439,24.294,2.883
41,25.999,23.629,3.533
42,26.743,24.274,2.799
43,26.151,23.314,3.048
44,26.705,23.668,2.874
45,25.831,24.011,3.135
46,26.332,24.437,2.832
47,26.601,24.735,2.845
48,26.298,24.671,2.613
49,26.695,23.755,2.908
50,25.712,24.190,2.754
51,26.877,24.507,3.022
52,26.689,24.829,2.765
53,26.340,24.725,2.858
54,26.867,24.089,2.989
55,27.398,24.184,2.840
56,27.254,24.019,2.967
57,27.139,25.946,2.877
58,25.378,23.894,2.878
59,25.903,24.024,2.680
60,26.461,24.715,2.964
61,26.081,24.235,2.829
62,26.524,24.820,3.384
63,26.663,25.026,3.004
64,26.410,24.849,3.056
65,26.231,23.839,2.685
66,26.526,24.575,3.105
67,26.383,23.877,2.714
68,26.080,23.629,2.847
69,26.029,24.782,2.729
70,27.181,24.133,2.773
71,27.110,24.867,2.713
72,27.080,24.715,2.766
73,26.901,24.481,2.809
74,26.089,22.906,2.850
75,24.911,23.784,2.700
76,26.532,24.202,3.106
77,24.912,23.838,2.750
78,25.837,22.555,2.786
79,25.434,23.623,2.903
80,25.818,22.666,2.846
81,26.518,24.021,2.928
82,25.591,23.704,3.164
83,25.579,23.929,3.115
84,25.964,23.961,2.890
85,24.258,23.207,2.849
86,25.601,23.566,2.952
87,26.065,23.408,3.007
88,25.773,24.338,2.839
89,25.832,24.169,2.914
90,25.667,23.497,2.766
91,26.668,24.697,2.724
92,26.005,23.346,2.828
93,28.526,22.758,3.055
94,25.712,23.538,2.932
95,25.559,24.081,2.772
96,26.554,23.724,2.723
97,26.359,24.346,3.000
98,26.936,24.980,2.988
99,26.656,25.045,2.702
100,26.597,24.303,2.729
101,26.119,24.509,2.761
102,26.889,24.388,2.860
103,26.761,24.953,3.201
104,27.046,24.248,2.909
105,26.102,24.782,2.728
106,26.945,24.845,2.710
107,26.763,25.797,2.794
108,26.487,24.268,2.889
109,26.216,24.118,3.089
110,26.788,24.321,2.757
111,26.908,24.060,2.761
112,26.430,24.196,3.138
113,25.686,23.170,2.624
114,26.006,23.336,2.837
115,26.187,23.502,2.778
116,25.762,23.542,2.682
117,26.586,24.875,2.694
118,26.376,24.236,2.881
119,27.555,24.099,3.070
120,27.435,25.087,2.732
121,27.951,25.432,2.940
122,27.464,24.770,2.657
123,27.082,24.461,2.739
124,26.856,24.113,3.336
125,26.818,23.771,2.713
126,26.398,24.079,2.748
127,27.921,24.659,2.974
128,27.045,24.532,2.741
129,26.881,25.400,2.872
130,27.300,25.237,2.933
131,27.072,24.476,3.042
132,26.331,23.707,3.097
133,27.584,24.470,2.988
134,27.092,25.395,2.961
135,26.944,25.164,2.710
136,27.299,24.910,3.270
137,26.677,23.378,2.794
138,27.021,24.374,3.034
139,26.982,24.117,2.844
140,27.078,25.058,2.980
141,28.191,24.813,3.104
142,26.394,24.905,3.117
143,26.495,24.834,2.943
144,26.926,25.280,2.837
145,27.515,25.960,2.869
146,26.793,24.262,2.967
147,27.145,24.824,3.095
148,26.418,24.261,3.268
149,26.388,23.912,2.766
150,27.119,25.394,2.913
151,27.671,25.425,3.238
152,27.325,25.450,3.123
153,26.408,24.781,2.901
154,26.595,23.885,2.797
155,25.681,23.389,3.357
156,26.376,24.462,3.003
157,25.597,23.847,2.966
158,25.667,22.240,2.918
159,25.431,23.136,2.650
160,26.129,23.695,2.722
161,25.066,23.237,3.042
162,25.167,24.004,2.629
163,26.426,24.208,2.881
164,25.275,24.338,3.978
165,24.863,23.965,3.562
166,24.979,23.298,2.791
167,25.502,23.678,2.900
168,25.595,22.597,3.193
169,25.557,23.441,2.947
170,25.448,24.140,2.762
171,24.676,23.534,2.810
172,25.858,24.157,2.994
173,25.525,24.696,2.961
174,24.147,23.809,2.780
175,24.661,22.826,3.013
176,25.761,24.185,2.866
177,25.903,22.903,2.773
178,24.629,22.996,2.889
179,25.528,23.177,3.104
180,25.158,24.110,3.067
181,24.622,23.000,2.994
182,24.910,22.795,2.921
183,24.850,23.349,2.858
184,24.683,23.518,2.881
185,24.614,22.960,2.791
186,24.717,22.642,2.735
187,25.960,24.309,3.293
188,24.637,23.370,2.938
189,24.869,23.363,3.118
190,24.111,23.703,3.000
191,24.574,21.988,3.116
192,24.430,22.829,2.835
193,25.789,23.604,2.880
194,25.471,24.085,3.137
195,25.192,24.142,2.714
196,26.702,23.952,3.395
197,26.453,24.327,2.960
198,26.319,23.797,2.825
199,26.321,23.512,2.793
200,25.448,23.347,3.288
201,25.553,24.030,2.866
202,24.460,22.865,2.968
203,24.940,24.284,2.763
204,24.631,24.086,2.864
205,24.716,24.178,3.163
206,25.279,24.487,3.036
207,25.366,24.377,2.624
208,24.730,24.393,2.822
209,25.612,24.754,2.627
210,26.171,25.486,3.309
211,25.135,24.233,2.802
212,25.523,24.405,2.863
213,25.214,25.431,3.385
214,25.271,25.474,2.871
215,25.785,25.518,2.845
216,25.171,25.104,2.722
217,24.830,24.206,2.992
218,25.524,25.231,2.968
219,25.323,25.409,2.920
220,25.385,25.398,2.812
221,24.706,23.057,2.990
222,24.576,22.996,2.767
223,24.934,23.233,3.276
224,25.852,24.235,2.834
225,24.448,23.283,2.799
226,24.414,23.554,2.758
227,26.701,24.534,2.704
228,25.690,23.718,3.196
229,25.056,23.642,2.863
230,24.475,22.349,2.733
231,24.661,23.495,2.860
232,26.233,24.007,2.962
233,25.420,23.297,2.757
234,25.347,23.546,2.833
235,24.958,23.725,2.979
236,24.939,23.343,2.971
237,25.203,23.701,2.698
238,25.190,23.541,2.974
239,25.976,23.165,3.222
240,25.018,24.016,3.143
241,23.694,22.965,2.764
242,24.722,22.945,3.021
243,23.801,22.330,3.194
244,26.153,23.769,3.070
245,25.652,23.938,2.931
246,26.079,24.167,2.880
247,25.680,23.015,2.944
248,25.692,23.681,3.192
249,26.086,23.972,2.957
250,24.492,22.796,2.869
251,25.400,23.445,3.273
252,25.636,23.886,2.878
253,25.707,23.630,2.982
254,25.796,24.258,2.944
255,25.322,23.746,2.802
256,25.111,23.672,3.219
257,25.322,23.897,2.718
258,25.902,24.176,2.782
259,25.059,23.811,3.299
260,25.329,23.561,2.671
261,24.421,23.230,2.881
262,25.678,23.587,3.116
263,25.144,23.091,3.318
264,25.199,23.065,2.897
265,25.142,23.301,2.808
266,25.365,23.555,2.859
267,24.648,23.459,2.773
268,24.928,24.411,2.887
269,25.887,24.139,2.837
270,25.455,23.580,2.671
271,25.476,24.504,3.123
272,25.070,23.653,2.954
273,25.492,23.410,2.942
274,25.774,23.419,2.909
275,25.452,23.270,2.923
276,24.619,24.244,2.823
277,25.457,23.911,3.069
278,25.020,24.125,3.021
279,24.828,23.497,2.691
280,25.485,24.042,2.863
281,26.668,25.346,2.923
282,25.940,24.364,2.697
283,25.921,23.380,3.077
284,25.293,23.989,2.755
285,25.326,23.558,2.729
286,25.391,23.644,2.897
287,25.678,23.639,2.752
288,25.460,24.261,2.977
289,24.657,23.771,2.715
290,25.541,23.803,2.743
291,25.616,24.009,2.887
292,25.049,23.706,2.767
293,25.443,23.116,2.725
294,25.101,23.750,2.819
295,26.145,23.642,2.889
296,26.022,23.815,3.033
297,24.817,23.777,2.994
298,24.850,23.112,3.094
299,23.653,21.397,2.980
300,24.150,22.941,3.374
301,23.901,22.404,3.849
302,24.862,21.679,3.975
303,25.755,23.484,3.432
304,24.430,23.450,4.069
305,25.055,22.324,4.157
306,25.239,23.469,4.427
307,25.649,23.813,3.256
308,25.266,23.917,3.293
309,23.825,22.489,3.947
310,25.510,23.178,2.714
311,24.934,23.714,4.076
312,25.045,22.811,2.989
313,25.587,24.210,4.389
314,25.476,23.438,3.546
315,25.618,23.371,3.511
316,25.894,23.239,4.435
317,26.185,23.863,3.919
318,25.705,23.682,2.829
319,25.184,22.842,3.262
320,26.953,25.050,3.739
321,26.054,23.464,3.662
322,26.221,24.107,4.343
323,25.833,24.789,4.520
324,25.308,23.300,4.635
325,25.832,25.069,4.185
326,25.354,25.232,4.476
327,26.199,24.737,4.336
328,24.913,24.024,4.401
329,25.968,25.597,4.268
330,24.481,24.198,3.812
331,25.422,24.520,3.673
332,24.978,24.553,3.866
333,24.582,24.727,3.873
334,25.145,23.989,4.916
335,25.183,24.228,2.660
336,25.400,24.637,4.020
337,25.734,24.047,4.097
338,25.773,23.009,3.770
339,25.177,23.906,4.160
340,26.016,23.680,3.894
341,24.820,23.377,4.086
342,25.152,22.683,4.150
343,24.539,23.223,4.510
344,24.987,22.017,3.826
345,24.964,23.322,4.397
346,25.034,22.573,3.798
347,24.765,22.249,4.446
348,25.240,24.021,4.111
349,25.130,23.393,4.194
350,24.898,24.276,4.601
351,23.981,23.082,4.016
352,25.076,23.061,3.597
353,24.869,22.983,4.491
354,25.644,23.751,4.171
355,25.368,23.313,3.857
356,24.400,23.171,4.550
357,23.927,23.203,4.021
358,25.752,23.644,3.701
359,23.884,22.976,4.146
360,24.618,23.448,4.179
361,26.939,23.475,3.975
362,27.181,23.794,3.985
363,27.839,23.539,3.946
364,25.660,23.098,3.873
365,25.863,24.114,4.156
366,24.805,23.516,4.199
367,24.400,23.971,4.190
368,25.305,23.835,5.082
369,25.035,24.388,4.372
370,24.967,23.260,4.437
371,24.899,22.815,4.063
372,25.664,23.934,3.811
373,24.126,23.029,4.431
374,25.280,23.707,3.683
375,24.894,23.571,3.932
376,25.021,23.491,4.158
377,24.468,23.204,5.026
378,23.295,22.060,4.089
379,25.285,24.146,3.016
380,25.308,23.478,3.546
381,24.705,22.753,3.301
382,24.542,22.811,2.769
383,24.070,22.325,3.821
384,25.026,24.382,2.876
385,24.718,23.267,3.638
386,24.749,22.668,2.816
387,24.706,23.998,2.895
388,24.567,22.794,2.653
389,24.904,22.720,2.744
390,24.596,22.727,3.054
391,25.376,23.765,2.860
392,24.522,23.277,2.830
393,24.338,22.219,3.045
394,25.304,23.698,3.027
395,24.468,23.079,2.727
396,25.337,23.376,2.996
397,25.392,22.848,2.686
398,25.220,23.955,2.809
399,25.094,24.979,2.815
400,26.203,24.184,3.100
401,24.485,23.046,2.641
402,25.015,23.168,2.702
403,25.489,24.515,3.008
404,26.469,24.506,3.548
405,26.247,24.899,2.953
406,25.558,23.401,3.001
407,27.364,23.931,3.051
408,25.917,24.808,3.123
409,26.051,24.855,2.687
410,26.805,25.069,3.090
411,26.041,24.692,3.233
412,25.616,23.636,3.519
413,25.937,24.269,3.137
414,26.310,24.740,2.676
415,25.099,23.245,3.205
416,25.276,23.340,2.851
417,26.093,24.990,3.063
418,25.547,24.300,2.903
419,26.022,24.202,2.598
420,24.653,23.889,2.804
421,26.011,24.079,2.860
422,24.596,23.100,2.876
423,25.726,23.540,2.845
424,25.585,23.862,3.087
425,24.837,22.877,2.943
426,26.193,23.508,2.802
427,25.775,24.130,2.738
428,25.203,23.055,2.828
429,26.527,24.062,2.660
430,25.657,23.916,3.052
431,25.733,23.580,3.135
432,25.554,24.274,2.937
433,25.681,23.169,3.454
434,25.747,23.728,2.845
435,25.525,22.902,3.140
436,25.608,23.697,3.573
437,26.027,23.278,2.870
438,25.020,22.752,2.688
439,25.470,23.474,2.823
440,25.749,23.936,2.693
441,25.629,23.373,2.786
442,26.079,23.162,2.919
443,25.151,23.475,2.976
444,26.026,24.244,3.841
445,25.160,22.492,2.800
446,24.629,22.962,3.275
447,25.737,23.866,2.961
448,24.812,22.131,3.371
449,26.244,25.073,2.907
450,25.868,24.618,2.885
451,25.613,23.416,2.842
452,25.407,23.609,2.675
453,25.292,24.551,3.672
454,24.500,23.271,3.962
455,25.224,24.504,3.243
456,24.751,24.597,4.070
457,26.135,24.719,2.885
458,25.795,23.916,2.796
459,25.499,24.028,2.696
460,25.878,23.205,2.866
461,26.166,22.434,2.844
462,24.837,23.832,3.704
463,25.274,24.029,3.755
464,25.303,23.696,2.949
465,25.683,24.650,2.997
466,24.838,23.238,4.294
467,26.351,24.822,3.779
468,25.491,23.313,2.713
469,25.585,23.796,3.024
470,24.457,23.122,4.134
471,25.439,22.497,2.844
472,25.284,23.934,3.206
473,25.156,22.628,4.526
474,26.018,24.222,4.138
475,25.374,24.230,2.564
476,25.861,23.144,2.888
477,26.102,24.133,4.189
478,24.525,22.127,3.375
479,25.098,22.244,3.049
480,25.114,23.252,3.137
481,25.611,24.262,2.769
482,25.276,24.069,2.734
483,24.748,23.713,3.444
484,24.842,23.665,3.034
485,25.817,23.571,3.400
486,25.505,22.685,3.225
487,24.851,23.265,2.737
488,25.645,23.265,3.098
489,24.676,22.584,2.885
490,26.122,23.701,2.796
491,25.467,22.240,2.751
492,26.314,24.284,3.009
493,26.249,23.823,2.969
494,26.180,23.321,2.781
495,25.960,24.267,2.784
496,24.877,23.043,2.604
497,24.399,23.446,3.012
498,24.491,23.600,3.204
499,24.788,23.613,2.909
500,25.521,24.415,3.488
501,25.199,22.857,2.904
502,26.102,24.685,3.988
503,24.805,23.110,3.103
504,25.382,22.452,2.755
505,24.625,22.940,2.730
506,25.581,23.753,2.687
507,25.506,23.785,2.948
508,26.592,23.682,2.863
509,25.555,23.294,3.330
510,26.286,23.871,2.838
511,24.759,23.054,2.832
512,24.542,23.081,2.857
513,24.545,22.766,3.928
514,26.013,23.762,3.003
515,25.729,22.468,3.670
516,26.284,22.444,3.074
517,26.979,22.803,2.902
518,27.815,23.538,3.081
519,27.143,23.468,2.640
520,25.731,23.357,2.831
521,26.502,24.267,2.955
522,26.694,25.043,2.734
523,25.532,24.439,2.978
524,25.087,23.209,2.856
525,25.164,22.650,2.690
526,25.045,22.648,3.304
527,24.556,23.826,3.200
528,24.826,23.178,3.353
529,24.754,23.069,2.999
530,25.036,23.297,2.951
531,25.110,23.558,2.783
532,25.909,24.164,2.762
533,25.219,23.673,2.752
534,24.932,23.872,2.975
535,25.171,23.836,2.873
536,24.258,22.312,2.729
537,25.596,24.483,2.903
538,24.614,23.492,2.747
539,25.126,23.738,2.824
540,24.583,23.890,3.922
541,24.748,23.465,3.527
542,25.283,23.305,3.186
543,24.954,23.148,2.873
544,25.653,23.615,3.039
545,25.656,23.990,2.834
546,25.792,24.141,3.050
547,25.452,24.329,3.633
548,24.780,24.309,3.085
549,25.409,24.228,3.926
550,25.485,23.792,2.671
551,25.850,23.923,3.629
552,25.138,23.706,2.903
553,25.550,24.573,3.510
554,25.359,24.306,3.942
555,25.842,24.770,2.711
556,26.513,24.983,2.763
557,25.010,22.491,3.079
558,25.634,23.957,2.944
559,24.543,22.305,3.128
560,25.184,24.001,3.015
561,25.294,23.337,3.235
562,24.765,23.582,2.839
563,25.871,24.323,2.976
564,25.398,24.268,3.171
565,25.626,23.819,2.920
566,24.719,23.309,2.995
567,25.195,23.844,3.049
568,25.208,23.187,3.411
569,25.162,23.940,2.893
570,24.726,24.144,2.899
571,24.548,23.616,2.897
572,25.413,23.787,2.645
573,25.087,23.335,2.912
574,25.111,23.900,3.926
575,25.135,23.936,3.034
576,25.196,24.038,3.078
577,25.756,24.676,3.291
578,25.499,24.798,2.750
579,26.248,24.758,2.866
580,25.316,23.617,3.117
581,25.200,24.430,2.888
582,25.007,24.066,4.064
583,26.324,24.626,4.024
584,25.344,23.990,3.822
585,25.066,23.493,3.881
586,26.284,23.826,4.285
587,25.910,24.027,4.018
588,26.023,24.204,4.623
589,26.632,24.942,4.346
590,26.317,24.940,4.549
591,25.170,24.054,4.974
592,27.081,26.318,4.406
593,26.687,25.392,3.607
594,25.572,23.420,4.594
595,25.598,23.850,4.354
596,25.496,24.096,4.514
597,24.647,23.915,3.024
598,25.013,23.171,2.748
599,25.221,23.761,3.104
600,25.266,23.946,2.817
601,25.594,22.664,2.800
602,26.146,24.400,2.652
603,25.418,23.389,3.486
604,26.281,24.198,2.921
605,24.903,22.995,3.063
606,25.799,22.985,2.964
607,25.418,23.259,2.903
608,25.300,23.758,2.720
609,25.606,23.996,2.761
610,26.173,24.070,2.904
611,24.898,23.563,2.912
612,25.557,23.384,2.889
613,25.514,23.269,2.751
614,25.750,23.846,2.849
615,24.258,23.813,3.048
616,25.592,24.143,2.891
617,25.676,23.257,2.767
618,25.587,22.583,3.256
619,25.175,23.071,2.849
620,25.378,24.052,3.640
621,24.655,23.553,2.765
622,25.921,24.145,2.755
623,24.555,22.536,3.033
624,25.699,23.765,3.000
625,24.838,23.277,2.907
626,26.233,23.965,2.742
627,26.330,24.785,2.699
628,26.061,23.879,2.981
629,24.514,23.119,2.857
630,24.667,23.129,3.092
631,24.306,22.584,3.040
632,25.104,23.050,3.141
633,24.754,23.120,2.819
634,25.245,24.026,3.066
635,24.960,23.205,2.741
636,24.679,23.481,2.822
637,24.569,23.335,3.349
638,24.936,23.302,2.988
639,24.526,23.301,2.780
640,25.305,23.493,2.685
641,24.711,23.147,2.799
642,25.394,24.052,2.858
643,24.676,23.620,3.148
644,25.304,24.995,3.330
645,24.503,22.952,2.711
646,25.199,22.675,2.891
647,25.040,23.583,2.780
648,25.372,23.171,2.975
649,25.368,23.225,3.161
650,26.583,24.685,2.740
651,25.744,23.635,2.840
652,24.971,24.180,2.925
653,26.334,24.937,3.341
654,26.369,25.320,2.884
655,25.865,24.111,2.657
656,26.428,24.777,3.049
657,25.511,24.045,3.176
658,26.177,23.850,3.312
659,26.266,23.317,3.253
660,26.955,23.683,2.846
661,26.176,23.861,2.741
662,26.295,23.499,3.600
663,26.977,25.166,2.626
664,26.603,24.319,3.316
665,26.349,24.046,2.914
666,25.615,23.231,2.882
667,26.830,24.927,2.750
668,26.878,24.212,2.617
669,28.125,24.812,2.779
670,26.811,25.510,2.585
671,26.726,25.000,2.753
672,26.252,23.429,2.790
673,26.184,24.510,2.973
674,26.246,24.581,2.768
675,25.914,23.012,2.870
676,25.799,23.046,2.901
677,26.047,23.241,2.818
678,25.878,24.052,2.771
679,25.991,23.654,2.925
680,24.183,22.386,2.842
681,26.124,24.648,3.281
682,24.633,22.292,3.745
683,27.168,23.816,2.920
684,26.134,23.219,3.328
685,26.309,23.427,3.007
686,25.020,23.746,2.950
687,25.321,23.576,2.728
688,25.380,22.932,2.746
689,25.918,24.782,2.789
690,26.395,24.928,3.674
691,25.252,25.172,3.229
692,25.885,23.656,3.000
693,25.929,24.341,2.870
694,26.517,24.400,2.718
695,25.959,23.536,2.887
696,26.910,24.370,2.816
697,24.812,23.807,3.088
698,26.002,23.187,2.900
699,27.124,24.318,3.075
700,26.226,24.447,3.867
701,26.268,23.751,3.229
702,26.243,24.384,3.254
703,25.319,23.370,3.220
704,25.776,23.078,2.973
705,26.662,24.261,2.825
706,26.439,24.852,2.890
707,25.415,24.948,3.061
708,24.438,23.430,2.846
709,25.371,23.766,3.107
710,25.723,23.643,2.749
711,26.219,23.578,3.147
712,26.632,24.643,2.946
713,25.397,24.018,3.157
714,25.242,23.910,3.511
715,25.357,22.813,2.910
716,24.750,23.368,2.909
717,25.077,24.225,4.165
718,25.098,22.720,4.544
719,25.399,23.926,3.830
720,26.189,24.538,3.073
721,25.829,23.986,2.748
722,25.551,24.011,2.752
723,25.970,23.248,2.780
724,25.472,22.873,2.756
725,25.983,24.161,2.866
726,24.497,21.880,2.897
727,25.087,22.826,2.992
728,25.734,24.504,3.948
729,26.009,23.070,2.790
730,26.587,23.360,2.944
731,26.601,24.005,3.279
732,25.367,22.772,3.178
733,25.223,23.614,4.437
734,25.023,22.439,2.770
735,25.214,22.435,2.856
736,25.038,22.393,4.191
737,25.457,24.427,2.807
738,25.200,23.931,2.928
739,25.176,23.232,3.212
740,25.729,24.552,3.015
741,26.593,24.389,2.712
742,26.490,24.937,3.622
743,25.314,24.320,3.222
744,25.973,24.909,3.022
745,26.863,24.825,2.616
746,25.914,24.695,3.098
747,26.548,26.418,3.763
748,26.368,24.569,3.828
749,25.900,25.145,2.883
750,26.891,25.662,3.723
751,25.172,24.273,3.623
752,25.495,24.067,3.333
753,25.030,25.445,4.130
754,26.693,25.099,3.196
755,26.023,24.117,3.018
756,25.985,24.612,4.013
757,28.016,25.334,4.437
758,26.002,24.714,3.867
759,24.973,24.807,4.344
760,26.854,23.835,4.631
761,26.439,23.859,4.486
762,25.923,24.201,5.113
763,26.158,23.211,5.038
764,26.802,23.926,3.880
765,26.274,24.647,4.493
766,27.308,23.944,4.651
767,26.366,23.734,4.710
768,25.530,23.528,4.610
769,26.260,24.283,4.816
770,25.939,24.600,4.986
771,26.464,23.765,4.088
772,26.512,23.310,4.598
773,26.191,23.744,5.356
774,25.158,23.514,5.010
775,26.929,23.924,5.029
776,25.540,24.063,4.562
777,26.356,24.019,3.902
778,27.586,24.516,4.530
779,26.356,24.171,4.543
780,25.952,22.573,3.975
781,25.045,23.014,4.619
782,26.444,23.921,5.231
783,25.465,23.145,4.569
784,26.290,24.683,4.202
785,25.557,23.621,4.492
786,25.981,23.731,4.436
787,25.897,24.402,3.886
788,26.004,23.958,3.976
789,26.878,24.550,4.519
790,26.085,25.379,3.474
791,25.917,23.934,4.579
792,26.431,24.415,4.465
793,24.814,23.379,4.743
794,26.300,24.084,3.890
795,25.598,24.161,4.434
796,26.153,24.695,4.486
797,26.047,24.644,3.980
798,26.814,24.365,4.282
799,26.471,22.947,4.509
800,26.112,24.995,4.218
801,26.170,24.645,3.909
802,26.730,25.074,4.330
803,26.729,24.368,5.196
804,26.915,24.635,3.740
805,27.352,24.506,3.902
806,26.074,23.280,3.536
807,26.000,23.422,5.006
808,26.313,24.442,4.774
809,25.989,24.437,3.918
810,26.873,25.534,4.305
811,26.235,24.951,4.784
812,25.796,23.758,4.638
813,26.774,24.032,4.349
814,27.198,24.123,4.456
815,26.934,24.748,4.344
816,27.091,24.606,4.439
817,26.184,24.197,4.438
818,26.466,24.693,3.897
819,26.703,24.722,4.358
820,26.657,25.368,4.375
821,25.954,25.112,4.683
822,26.537,23.677,4.582
823,26.126,24.232,4.092
824,25.701,23.893,4.512
825,26.233,23.946,4.419
826,25.962,24.220,3.904
827,26.302,24.294,3.931
828,26.531,24.730,4.599
829,25.202,23.987,4.991
830,26.509,24.524,4.509
831,28.015,24.861,4.834
832,26.693,23.834,4.520
833,27.393,25.236,4.195
834,26.876,23.336,4.595
835,26.417,24.910,3.928
836,25.555,24.421,4.132
837,26.599,23.826,4.444
838,26.806,24.280,3.795
839,25.764,23.073,4.539
840,26.537,24.234,4.168
841,27.337,24.269,4.834
842,25.996,23.029,4.130
843,26.692,23.601,4.289
844,26.968,24.446,4.729
845,26.955,24.128,4.856
846,25.981,24.557,4.716
847,25.852,24.437,4.621
848,25.742,24.982,4.513
849,26.196,23.928,4.248
850,26.598,24.473,4.678
851,26.110,23.892,4.471
852,26.519,25.487,5.126
853,26.925,25.831,4.696
854,26.890,24.402,4.547
855,26.775,24.484,4.344
856,27.077,24.699,4.136
857,27.394,25.056,4.309
858,27.106,24.243,4.711
859,26.238,24.722,4.787
860,27.101,24.152,4.503
861,25.405,24.303,5.443
862,26.899,24.638,4.763
863,27.696,24.885,4.697
864,28.005,25.859,4.590
865,27.232,24.898,5.142
866,26.593,24.812,5.031
867,26.409,23.805,4.854
868,26.029,24.769,4.863
869,26.507,24.011,5.548
870,25.839,24.022,5.137
871,26.606,24.691,4.937
872,26.316,24.741,4.554
873,26.949,25.172,4.737
874,26.578,24.910,5.318
875,27.048,24.628,3.922
876,27.202,25.391,4.725
877,26.546,25.494,4.675
878,26.742,25.420,5.056
879,27.446,26.129,4.033
880,28.434,25.578,4.039
881,28.106,25.702,4.510
882,28.356,26.598,4.673
883,28.236,26.912,4.020
884,28.277,25.835,4.742
885,27.955,26.349,3.777
886,27.960,26.157,4.317
887,27.957,26.018,4.142
888,28.233,26.319,4.956
889,28.022,27.215,4.370
890,27.517,24.183,4.536
891,26.851,24.979,4.806
892,27.419,25.588,4.152
893,27.725,25.729,4.248
894,28.041,25.332,4.965
895,26.614,24.813,4.903
896,26.544,24.677,4.930
897,27.220,25.567,4.137
898,26.214,24.508,5.192
899,26.261,24.249,4.237
900,25.670,23.908,4.407
901,26.116,24.672,5.111
902,26.989,25.240,4.696
903,27.071,24.572,3.851
904,27.471,24.918,4.066
905,27.373,24.116,3.214
906,27.250,24.490,2.995
907,27.805,25.008,3.233
908,27.550,24.830,2.901
909,26.993,23.397,3.238
910,27.286,24.768,2.793
911,26.123,24.111,3.894
912,27.545,24.987,2.735
913,26.394,25.215,3.374
914,26.278,25.322,4.013
915,26.935,25.865,2.788
916,27.786,25.581,2.825
917,27.635,26.030,2.758
918,27.512,25.943,3.903
919,28.054,25.357,2.913
920,27.580,24.151,3.439
921,27.153,24.681,2.899
922,27.788,25.353,3.852
923,26.934,23.712,2.822
924,27.415,24.423,2.933
925,27.289,25.103,3.924
926,26.589,24.126,4.288
927,27.158,25.720,4.727
928,27.945,25.998,4.053
929,26.290,26.124,4.717
930,28.184,26.390,4.168
931,27.209,25.212,4.486
932,27.032,25.795,4.319
933,27.465,25.135,4.027
934,28.138,25.973,4.701
935,26.972,24.452,3.544
936,27.378,26.011,4.083
937,27.685,24.749,3.068
938,27.333,24.386,4.873
939,27.518,24.649,4.498
940,29.855,25.366,4.745
941,27.868,25.254,4.300
942,28.331,25.432,4.316
943,26.819,24.512,4.638
944,27.660,25.127,4.502
945,27.830,24.315,4.230
946,28.356,24.970,4.080
947,27.824,24.671,4.099
948,26.361,24.730,3.687
949,27.553,25.216,2.994
950,27.446,25.380,3.042
951,26.696,25.738,3.528
952,27.729,25.033,2.807
953,27.652,24.934,3.022
954,26.562,24.942,2.883
955,26.587,24.588,2.800
956,26.484,23.643,2.835
957,27.576,25.478,4.286
958,27.063,23.864,3.173
959,28.254,24.851,4.262
960,26.082,24.501,3.231
961,26.605,24.304,4.032
962,26.559,25.108,4.346
963,27.268,24.819,2.833
964,28.079,25.235,3.042
965,26.323,24.145,3.454
966,26.094,24.476,3.272
967,26.812,24.445,3.232
968,27.003,24.705,2.797
969,28.533,25.055,2.991
970,27.098,25.086,3.132
971,27.131,25.308,4.319
972,27.717,26.472,4.132
973,26.371,25.034,3.934
974,27.096,24.837,2.858
975,27.200,23.621,4.465
976,26.967,24.783,4.125
977,27.457,24.215,4.091
978,26.801,24.982,4.804
979,27.015,24.227,3.818
980,26.738,23.068,3.947
981,26.722,25.050,3.746
982,26.864,24.872,2.982
983,27.239,24.536,2.832
984,27.571,25.191,2.654
985,28.086,25.935,3.120
986,27.615,24.313,4.162
987,26.738,24.413,3.368
988,28.011,24.633,2.664
989,26.166,24.305,2.879
990,26.911,24.963,3.926
991,26.111,23.819,3.602
992,28.025,25.367,2.839
993,26.124,25.148,4.094
994,26.569,23.326,4.233
995,27.294,25.215,3.336
996,27.800,24.659,2.743
997,26.964,24.786,3.707
998,27.782,24.956,2.903
999,26.622,24.094,2.851
1000,27.500,24.794,3.056
1001,26.922,24.180,3.908
1002,27.126,25.584,3.507
1003,26.968,25.832,3.403
1004,27.146,25.212,2.769
1005,27.452,25.255,4.363
1006,26.521,25.600,2.827
1007,27.891,26.374,3.160
1008,26.914,25.989,2.858
1009,27.239,25.568,2.743
1010,27.021,25.951,3.624
1011,26.906,25.201,3.178
1012,25.507,24.959,3.956
1013,26.213,25.626,2.839
1014,27.383,25.912,2.991
1015,26.146,25.743,2.716
1016,25.800,25.263,3.050
1017,26.629,25.032,3.135
1018,27.514,25.405,3.111
1019,27.332,25.917,2.919
1020,27.006,24.385,2.981
1021,27.772,25.253,2.812
1022,26.918,25.732,3.758
1023,26.481,24.393,2.685
1024,26.295,25.025,3.354
1025,26.270,24.740,3.967
1026,27.136,23.828,3.320
1027,26.270,23.800,3.089
1028,27.545,23.580,3.252
1029,25.931,24.491,3.637
1030,26.598,24.583,4.603
1031,26.801,24.166,4.323
1032,26.696,23.420,4.601
1033,27.041,24.969,4.046
1034,26.845,24.234,4.427
1035,27.029,24.079,4.601
1036,26.740,24.597,4.802
1037,26.131,23.504,4.057
1038,27.510,23.573,4.383
1039,26.661,24.151,3.722
1040,25.406,21.392,4.187
1041,26.338,24.173,2.914
1042,25.522,23.306,2.781
1043,26.510,23.396,3.420
1044,26.957,23.555,3.430
1045,26.393,22.923,3.660
1046,26.211,23.923,2.836
1047,26.429,24.715,2.716
1048,27.427,25.369,2.673
1049,27.639,25.087,2.794
1050,26.765,25.386,2.740
1051,26.792,25.427,2.843
1052,26.697,25.300,2.794
1053,26.075,24.907,3.209
1054,27.084,24.897,3.255
1055,26.208,24.814,4.079
1056,26.621,25.475,2.985
1057,26.622,24.591,2.850
1058,26.079,24.473,2.960
1059,26.501,25.106,3.215
1060,25.547,23.698,2.918
1061,25.941,24.240,2.714
1062,25.803,24.666,2.810
1063,26.292,25.346,4.032
1064,25.350,24.739,3.411
1065,25.649,23.960,2.925
1066,25.598,24.401,2.875
1067,25.053,23.890,2.905
1068,25.547,22.968,2.774
1069,26.517,23.114,3.550
1070,25.806,23.918,2.780
1071,25.972,24.035,3.247
1072,25.925,24.027,3.214
1073,25.968,23.480,2.874
1074,26.751,25.020,2.969
1075,25.758,23.809,4.074
1076,25.358,24.428,3.517
1077,25.096,23.737,4.456
1078,25.277,23.638,2.635
1079,25.799,24.043,3.259
1080,26.029,24.318,2.938
1081,26.468,24.061,2.753
1082,26.988,25.747,2.692
1083,26.350,25.993,3.837
1084,26.697,25.599,2.884
1085,26.790,25.964,2.653
1086,25.692,25.052,3.004
1087,26.409,25.291,2.900
1088,26.395,25.338,3.112
1089,26.114,25.576,3.330
1090,26.426,25.292,4.246
1091,26.761,24.661,3.621
1092,26.552,24.975,2.859
1093,25.424,24.715,2.882
1094,27.262,26.072,2.871
1095,26.495,24.032,3.621
1096,27.546,25.745,3.027
1097,28.448,26.720,3.346
1098,27.743,24.019,2.889
1099,26.542,24.798,3.676
1100,27.699,24.919,2.687
1101,27.859,25.937,2.974
1102,26.728,24.195,2.642
1103,26.182,25.476,2.795
1104,28.240,25.423,2.868
1105,30.612,26.249,3.116
1106,27.405,26.008,2.904
1107,26.718,24.510,2.945
1108,25.882,25.098,3.403
1109,26.804,25.648,2.759
1110,26.447,25.274,3.495
1111,26.926,25.370,2.940
1112,26.371,24.071,3.235
1113,26.740,25.043,3.282
1114,26.899,25.351,3.526
1115,27.547,25.702,2.693
1116,27.757,25.390,2.739
1117,27.059,24.979,4.191
1118,26.823,24.800,3.534
1119,27.048,25.612,3.209
1120,26.741,24.999,3.523
1121,26.578,25.935,2.949
1122,26.869,24.952,2.889
1123,26.966,24.968,2.920
1124,27.637,24.700,2.827
1125,26.633,23.845,2.789
1126,26.749,24.878,2.646
1127,26.820,25.647,3.437
1128,30.082,24.885,2.757
1129,28.925,23.086,2.871
1130,27.229,24.493,3.101
1131,26.974,25.616,3.127
1132,27.494,23.456,3.930
1133,26.852,24.346,2.971
1134,26.753,24.406,2.832
1135,24.430,21.913,3.347
1136,23.781,21.755,4.593
1137,26.759,25.136,3.604
1138,25.938,24.247,3.073
1139,26.142,23.223,3.977
1140,25.630,22.697,3.271
1141,25.710,23.645,3.333
1142,25.625,23.498,3.044
1143,25.709,24.935,2.740
1144,25.529,23.853,3.162
1145,26.663,24.634,2.886
1146,25.336,24.949,4.168
1147,25.709,23.930,3.326
1148,27.389,24.700,2.843
1149,26.857,24.285,3.013
1150,27.430,24.966,3.261
1151,26.950,24.308,3.440
1152,27.669,24.394,3.374
1153,27.130,24.738,3.661
1154,26.398,25.580,3.226
1155,25.806,24.858,3.132
1156,26.680,25.204,3.406
1157,26.470,24.233,3.997
1158,27.338,24.343,4.031
1159,26.359,24.682,3.892
1160,26.713,23.999,4.466
1161,25.843,25.427,3.566
1162,26.320,25.026,3.537
1163,26.348,25.004,3.749
1164,25.580,23.812,4.501
1165,26.760,24.678,3.387
1166,25.653,24.575,4.613
1167,26.766,24.170,3.921
1168,27.417,25.512,4.324
1169,26.378,24.268,4.780
1170,26.488,24.428,3.243
1171,26.746,24.658,3.033
1172,25.841,24.358,3.520
1173,27.143,24.476,4.212
1174,26.239,24.450,2.680
1175,26.573,25.044,2.844
1176,27.056,25.873,3.427
1177,26.540,25.102,3.349
1178,26.482,25.694,3.729
1179,26.676,24.433,3.062
1180,26.696,25.307,3.650
1181,27.600,25.824,3.416
1182,26.040,24.919,3.969
1183,26.612,25.521,3.041
1184,26.859,25.089,2.785
1185,25.769,25.514,3.500
1186,25.834,24.998,3.647
1187,26.010,24.195,4.653
1188,26.143,25.674,4.268
1189,25.926,24.765,3.533
1190,26.772,25.427,4.224
1191,27.100,24.989,3.266
1192,26.433,25.698,4.172
1193,26.146,24.713,4.169
1194,26.212,24.751,3.296
1195,25.557,24.513,3.204
1196,26.882,24.746,2.780
1197,27.226,24.983,2.830
1198,26.705,24.139,2.738
1199,26.286,24.725,3.648
1200,26.638,25.430,4.154
1201,26.712,24.346,2.925
1202,26.829,24.392,2.900
1203,25.789,24.507,3.027
1204,26.121,24.134,3.447
1205,26.370,24.601,2.974
1206,26.554,23.570,3.054
1207,26.643,24.517,2.567
1208,27.802,24.249,2.818
1209,28.249,24.644,2.834
1210,29.076,24.617,2.815
1211,27.225,23.859,2.781
1212,26.848,24.969,2.923
1213,26.803,23.769,2.800
1214,26.859,23.625,3.896
1215,27.147,24.329,3.205
1216,26.218,24.362,2.835
1217,26.360,24.659,2.786
1218,26.599,24.697,2.841
1219,26.264,24.056,2.920
1220,25.772,23.631,2.699
1221,26.781,23.810,2.883
1222,26.814,23.794,2.890
1223,26.528,24.478,2.811
1224,27.116,23.642,4.307
1225,27.012,23.689,3.743
1226,26.733,24.411,3.084
1227,26.936,23.295,2.933
1228,26.709,24.886,3.817
1229,25.664,23.667,4.714
1230,24.201,22.809,5.724
1231,26.202,23.326,4.092
1232,26.829,23.780,3.266
1233,27.469,25.201,3.283
1234,26.706,24.220,3.070
1235,25.426,23.864,4.320
1236,25.859,23.776,4.403
1237,25.731,23.530,4.029
1238,26.000,24.294,3.912
1239,25.908,24.783,4.459
1240,26.373,25.550,4.127
1241,26.292,24.839,3.308
1242,27.617,25.629,3.544
1243,26.508,25.204,3.036
1244,26.394,24.670,2.804
1245,26.368,24.759,3.202
1246,26.141,24.089,2.945
1247,25.502,24.202,3.156
1248,25.707,24.159,2.837
1249,25.347,23.155,3.762
1250,26.474,25.767,3.240
1251,26.188,24.767,2.968
1252,27.340,25.344,2.748
1253,25.703,24.603,2.685
1254,25.859,24.238,3.708
1255,26.756,25.679,4.243
1256,26.240,23.731,4.343
1257,26.458,24.020,4.440
1258,26.047,24.732,5.099
1259,26.929,24.886,4.319
1260,27.787,25.863,3.390
1261,26.773,23.327,3.891
1262,26.236,24.080,3.672
1263,26.291,24.181,4.026
1264,27.690,24.233,2.862
1265,26.846,25.190,3.003
1266,27.473,24.593,2.776
1267,26.507,23.481,3.498
1268,27.086,24.036,2.705
1269,27.381,23.834,3.598
1270,26.869,24.226,2.955
1271,27.455,23.685,4.175
1272,27.475,24.893,2.761
1273,26.856,24.543,3.011
1274,26.206,24.172,3.928
1275,27.886,24.844,3.339
1276,27.334,24.864,2.833
1277,27.130,24.155,3.050
1278,27.375,24.963,2.985
1279,27.355,24.761,2.778
1280,26.843,24.861,2.763
1281,27.607,24.989,2.857
1282,26.999,24.655,3.754
1283,27.281,25.736,3.177
1284,26.960,23.748,2.758
1285,26.579,24.121,3.064
1286,27.344,25.028,2.764
1287,27.725,24.820,3.009
1288,27.105,24.424,2.784
1289,26.543,25.752,2.909
1290,27.165,24.574,2.833
1291,28.097,25.373,2.816
1292,27.896,25.163,2.912
1293,26.630,23.998,3.145
1294,27.242,24.910,3.179
1295,27.332,24.830,3.354
1296,26.647,24.069,2.834
1297,26.383,23.651,2.747
1298,27.121,24.486,2.681
1299,26.381,23.947,2.842
1300,26.499,23.672,2.743
1301,27.884,25.396,2.743
1302,27.070,24.427,2.744
1303,27.489,25.084,2.724
1304,26.829,25.214,2.801
1305,27.414,24.685,2.801
1306,26.923,24.693,2.904
1307,26.664,24.210,2.746
1308,25.841,23.798,2.896
1309,27.646,25.588,3.149
1310,27.158,24.701,2.827
1311,27.152,23.573,2.877
1312,27.246,24.692,3.307
1313,26.938,24.387,3.016
1314,26.442,24.230,3.276
1315,26.683,24.866,3.178
1316,26.732,24.667,2.751
1317,28.489,25.339,2.745
1318,26.759,24.276,3.059
1319,26.733,24.428,3.173
1320,26.603,24.141,2.811
1321,27.138,25.143,3.610
1322,27.091,24.537,3.082
1323,27.476,24.843,3.104
1324,26.930,25.350,2.875
1325,27.444,24.726,3.106
1326,27.307,25.242,3.009
1327,27.157,24.429,3.156
1328,27.036,25.911,3.920
1329,26.844,25.280,3.999
1330,27.651,25.067,3.870
1331,27.699,25.444,4.213
1332,28.963,25.258,3.796
1333,26.684,23.894,4.261
1334,27.532,26.058,4.186
1335,26.588,25.076,2.832
1336,26.830,25.537,3.562
1337,27.145,26.126,3.721
1338,27.532,26.287,4.085
1339,26.423,26.342,4.229
1340,27.351,26.855,3.349
1341,27.158,26.073,3.585
1342,26.771,26.500,3.600
1343,27.018,25.125,4.521
1344,26.131,23.784,3.307
1345,26.998,25.780,3.735
1346,26.615,26.232,4.366
1347,27.961,25.369,3.397
1348,26.600,25.475,3.122
1349,27.932,26.480,3.953
1350,27.304,24.670,3.584
1351,26.951,24.407,3.667
1352,27.174,26.038,3.784
1353,26.609,25.106,3.558
1354,26.607,26.109,3.185
1355,28.500,27.341,3.404
1356,29.222,25.765,2.849
1357,27.579,25.687,3.249
1358,27.697,24.893,2.725
1359,28.162,25.216,4.421
1360,26.743,25.233,3.693
1361,27.076,24.025,2.932
1362,27.361,24.370,3.023
1363,27.553,24.452,2.774
1364,27.543,25.398,3.137
1365,26.697,24.801,3.197
1366,27.512,24.576,2.748
1367,27.717,25.785,3.008
1368,27.598,25.597,2.908
1369,26.296,23.135,2.963
1370,27.710,24.872,3.436
1371,29.930,24.163,3.126
1372,26.290,24.500,2.694
1373,27.480,24.152,3.312
1374,27.401,25.376,2.907
1375,27.165,23.941,2.869
1376,27.546,24.582,2.870
1377,26.480,24.631,2.790
1378,26.885,25.156,2.923
1379,26.606,25.263,3.099
1380,26.901,24.098,2.868
1381,27.139,24.275,2.828
1382,27.274,24.687,2.788
1383,27.668,24.886,2.783
1384,27.524,26.064,2.680
1385,25.743,24.338,3.554
1386,26.723,24.770,2.760
1387,28.009,25.485,3.220
1388,26.865,25.022,2.756
1389,26.906,25.041,2.980
1390,27.235,26.270,3.358
1391,26.901,25.429,2.895
1392,27.018,24.700,2.811
1393,26.235,24.683,2.913
1394,27.115,24.765,2.723
1395,26.557,25.257,2.821
1396,26.925,24.866,2.635
1397,26.993,25.439,2.873
1398,26.668,24.956,3.368
1399,26.158,25.810,2.852
1400,26.721,26.217,3.667
1401,26.931,25.582,2.637
1402,27.042,24.452,2.826
1403,26.433,25.064,2.935
1404,27.488,26.298,3.051
1405,27.386,24.374,3.777
1406,27.169,25.785,3.214
1407,28.000,25.692,2.622
1408,27.232,24.920,2.708
1409,27.583,25.317,2.775
1410,26.429,24.922,2.813
1411,26.765,24.669,3.009
1412,27.110,24.315,2.784
1413,26.515,24.443,3.367
1414,26.704,25.319,2.756
1415,27.053,24.565,2.915
1416,26.872,25.991,2.731
1417,26.584,25.353,2.699
1418,26.977,24.993,2.931
1419,27.729,25.322,3.099
1420,25.768,24.381,2.987
1421,27.540,25.044,2.801
1422,27.589,26.555,2.772
1423,26.493,24.941,2.649
1424,27.152,24.374,2.972
1425,27.119,25.178,2.919
1426,26.939,25.655,2.735
1427,27.738,24.795,3.255
1428,29.132,26.064,2.734
1429,26.687,24.593,3.196
1430,27.251,25.441,2.685
1431,27.470,24.569,2.785
1432,27.380,24.913,2.623
1433,27.954,24.776,2.923
1434,26.995,24.731,2.938
1435,29.072,24.963,2.701
1436,27.866,25.079,2.984
1437,27.216,24.857,2.740
1438,26.556,24.847,3.115
1439,27.600,25.255,3.555
1440,26.449,24.196,2.956
1441,29.176,25.215,2.942
1442,29.332,24.895,2.821
1443,26.667,24.988,2.996
1444,28.061,25.404,3.204
1445,27.630,24.765,3.127
1446,27.256,25.149,2.950
1447,27.852,25.669,2.781
1448,27.007,24.268,2.825
1449,27.524,24.709,2.782
1450,27.153,24.781,3.084
1451,27.024,25.311,3.256
1452,26.764,25.021,2.799
1453,27.920,25.020,2.722
1454,26.502,25.755,2.753
1455,26.895,25.905,2.833
1456,27.144,25.172,2.684
1457,26.585,24.082,2.969
1458,27.367,24.259,2.751
1459,28.148,25.441,2.905
1460,27.682,24.185,2.940
1461,26.939,24.566,2.767
1462,25.792,23.957,3.006
1463,26.910,25.642,2.575
1464,26.356,24.203,2.742
1465,26.909,24.859,3.080
1466,27.061,24.606,3.222
1467,26.097,24.667,2.721
1468,27.271,26.021,3.320
1469,26.772,24.603,2.860
1470,26.448,25.600,2.890
1471,26.770,25.275,2.936
1472,26.000,25.421,2.700
1473,27.046,25.196,2.864
1474,26.540,25.489,3.150
1475,26.724,25.655,2.999
1476,26.779,25.868,2.543
1477,27.677,25.786,2.651
1478,27.280,25.800,2.857
1479,27.547,25.406,3.362
1480,26.819,24.928,2.859
1481,27.813,25.932,2.750
1482,28.178,25.592,3.065
1483,27.815,25.577,4.067
1484,28.755,24.845,2.942
1485,27.353,25.249,3.031
1486,27.407,25.053,3.277
1487,26.821,24.719,2.831
1488,27.262,25.360,2.873
1489,28.706,26.198,4.165
1490,27.613,25.062,2.678
1491,26.958,24.793,3.156
1492,26.964,25.415,2.812
1493,26.970,25.546,2.990
1494,27.708,25.531,2.708
1495,26.820,25.070,2.895
1496,27.667,25.057,2.794
1497,27.527,24.637,2.916
1498,26.978,25.125,2.928
1499,26.907,24.573,2.768
1500,26.965,25.342,2.853
1501,27.585,24.272,3.075
1502,27.744,25.366,2.859
1503,26.885,25.108,2.948
1504,28.472,25.793,3.567
1505,27.437,25.401,2.923
1506,26.918,25.741,2.784
1507,27.322,25.996,2.882
1508,27.985,25.351,2.844
1509,27.495,25.311,3.013
1510,26.677,24.111,3.202
1511,28.005,25.208,2.756
1512,27.511,25.826,3.128
1513,26.795,24.676,3.199
1514,28.056,24.582,2.904
1515,26.772,24.181,3.293
1516,27.008,24.888,2.686
1517,27.098,24.600,3.335
1518,26.915,25.062,3.198
1519,26.936,24.099,2.880
1520,28.522,24.385,3.040
1521,27.595,25.155,3.173
1522,27.961,25.794,2.822
1523,28.751,24.861,2.844
1524,27.554,24.884,2.817
1525,28.350,25.945,3.222
1526,28.587,25.057,2.822
1527,27.611,24.708,2.948
1528,27.810,23.933,3.044
1529,27.930,25.128,2.698
1530,28.134,25.964,3.090
1531,28.689,24.460,2.827
1532,27.749,25.194,2.649
1533,27.947,24.515,3.431
1534,27.079,23.498,3.827
1535,27.625,24.141,3.064
1536,27.314,24.360,3.017
1537,28.081,24.799,2.859
1538,27.405,25.395,2.810
1539,27.711,25.113,2.912
1540,26.594,24.571,3.090
1541,26.101,24.217,3.013
1542,27.020,23.799,2.868
1543,26.939,24.791,3.094
1544,26.494,24.124,3.506
1545,27.645,24.239,2.631
1546,26.929,24.707,2.837
1547,26.666,23.990,2.860
1548,27.345,24.291,2.778
1549,27.827,24.845,3.047
1550,26.503,24.430,4.411
1551,26.195,25.136,3.943
1552,26.774,25.189,2.900
1553,25.690,23.260,3.602
1554,26.690,24.871,3.950
1555,27.453,24.712,3.308
1556,26.103,24.488,3.910
1557,25.480,22.919,2.802
1558,26.290,23.642,2.698
1559,25.913,23.514,3.001
1560,27.218,24.173,3.258
1561,26.613,24.934,4.442
1562,26.309,24.806,3.396
1563,27.659,24.774,4.525
1564,26.357,23.596,3.147
1565,27.088,25.460,3.257
1566,26.634,24.560,3.155
1567,26.609,24.297,4.171
1568,26.856,25.465,3.096
1569,26.472,24.702,4.229
1570,26.892,24.452,3.857
1571,27.355,24.907,3.451
1572,27.763,24.128,3.269
1573,28.809,24.387,4.034
1574,27.373,24.646,3.197
1575,27.206,25.056,3.692
1576,27.531,24.937,2.807
1577,28.773,25.141,3.761
1578,26.858,24.404,3.810
1579,27.182,23.999,3.053
1580,27.309,25.489,3.962
1581,27.451,23.120,3.117
1582,27.538,24.240,3.398
1583,26.803,23.193,3.572
1584,28.034,24.687,2.848
1585,26.792,24.852,4.017
1586,27.263,25.201,2.911
1587,26.531,24.642,3.422
1588,27.237,23.827,2.872
1589,27.112,24.725,3.177
1590,26.897,23.926,2.928
1591,28.412,25.451,2.827
1592,26.852,24.931,3.084
1593,27.470,25.472,3.058
1594,27.227,24.878,3.365
1595,28.194,23.652,3.151
1596,26.555,24.762,3.160
1597,26.591,25.050,2.930
1598,27.488,24.983,4.037
1599,26.684,24.897,3.014
1600,27.545,25.437,2.989
1601,27.286,24.924,3.126
1602,27.938,24.980,2.850
1603,27.608,25.463,2.836
1604,27.290,23.965,3.026
1605,26.843,23.982,3.063
1606,26.694,24.277,2.885
1607,26.733,23.720,2.870
1608,27.564,25.137,2.981
1609,27.532,26.201,2.856
1610,27.527,25.859,4.140
1611,27.969,25.723,3.204
1612,28.568,24.697,3.275
1613,26.835,24.277,2.802
1614,27.990,25.202,3.437
1615,27.705,25.476,3.205
1616,27.119,24.515,3.072
1617,26.849,24.678,2.706
1618,26.309,24.163,3.528
1619,26.946,24.076,3.210
1620,27.052,24.614,3.411
1621,27.079,23.509,2.914
1622,27.831,24.171,3.024
1623,27.862,24.579,3.381
1624,27.036,24.334,3.034
1625,27.545,25.118,4.201
1626,27.581,24.973,2.869
1627,27.232,24.528,2.753
1628,26.977,23.953,2.976
1629,27.643,24.851,2.703
1630,26.870,23.609,3.128
1631,28.345,24.774,3.982
1632,26.992,24.281,3.767
1633,26.630,24.363,3.144
1634,27.387,24.833,2.962
1635,27.527,25.334,2.906
1636,27.744,25.144,2.837
1637,26.706,24.313,2.931
1638,28.122,24.659,2.572
1639,27.471,24.501,2.885
1640,26.769,24.194,3.108
1641,27.742,24.363,3.233
1642,26.642,24.173,3.785
1643,27.720,25.095,3.068
1644,27.794,25.095,4.262
1645,28.120,24.405,3.993
1646,27.507,23.711,3.281
1647,28.264,24.421,3.131
1648,27.713,25.365,4.143
1649,28.188,24.837,3.080
1650,27.980,24.554,2.845
1651,29.049,25.180,2.843
1652,28.914,25.459,3.206
1653,28.169,25.252,4.028
1654,28.664,25.557,3.518
1655,27.738,24.956,2.859
1656,27.335,24.294,2.921
1657,28.534,24.996,3.876
1658,27.571,23.861,2.705
1659,26.907,24.199,3.184
1660,28.135,24.990,3.439
1661,29.565,24.675,3.179
1662,27.529,24.556,3.188
1663,27.529,24.383,3.521
1664,26.914,23.882,3.009
1665,27.575,24.781,2.884
1666,27.040,23.934,3.527
1667,27.431,25.042,3.744
1668,27.530,24.412,3.070
1669,28.468,25.349,3.802
1670,27.969,25.012,2.833
1671,29.076,25.735,2.939
1672,27.904,24.350,2.796
1673,26.914,25.072,2.750
1674,27.238,23.857,2.960
1675,28.961,24.537,3.471
1676,29.723,26.370,3.613
1677,28.517,23.871,2.886
1678,28.166,24.122,3.176
1679,28.380,24.301,3.864
1680,29.205,24.564,2.692
1681,27.538,24.043,3.047
1682,28.276,24.351,3.960
1683,29.450,25.134,2.957
1684,28.301,24.244,3.777
1685,28.751,25.880,3.546
1686,27.731,24.836,3.584
1687,28.975,25.428,3.253
1688,27.598,25.164,3.053
1689,27.005,24.760,3.526
1690,28.217,25.991,3.272
1691,28.370,24.976,3.218
1692,27.641,24.077,2.966
1693,27.766,24.553,3.394
1694,27.906,25.368,2.858
1695,27.447,24.212,3.640
1696,28.359,24.964,3.071
1697,28.350,24.786,2.784
1698,28.481,24.908,2.654
1699,28.433,24.957,3.067
1700,28.583,24.619,3.072
1701,27.596,24.089,3.022
1702,27.899,24.046,3.267
1703,26.785,24.225,3.988
1704,27.553,24.551,3.153
1705,26.727,24.197,2.921
1706,28.381,24.724,3.860
1707,27.175,25.262,2.983
1708,28.402,24.375,3.454
1709,28.125,25.671,3.482
1710,27.791,26.590,2.863
1711,28.690,25.239,2.992
1712,27.684,24.540,2.793
1713,27.744,24.715,2.883
1714,27.582,24.474,3.254
1715,27.296,25.374,4.581
1716,27.676,25.338,4.277
1717,27.912,25.054,2.837
1718,27.990,24.471,2.701
1719,27.007,25.411,2.772
1720,27.433,24.361,2.880
1721,26.889,24.601,3.135
1722,27.523,24.665,2.785
1723,26.679,24.556,3.153
1724,28.343,24.781,2.959
1725,27.670,24.147,2.737
1726,27.675,24.863,2.704
1727,26.648,24.426,3.261
1728,27.065,24.043,3.190
1729,27.233,25.238,2.738
1730,27.362,23.912,2.702
1731,29.261,24.874,2.801
1732,29.957,24.999,3.038
1733,27.537,23.895,2.898
1734,29.297,25.964,4.372
1735,28.831,25.665,4.823
1736,28.241,25.430,3.835
1737,27.191,24.511,3.304
1738,28.064,25.192,2.803
1739,27.173,23.992,2.811
1740,27.107,25.022,3.749
1741,28.085,25.100,2.910
1742,28.173,23.957,3.053
1743,27.500,25.147,3.850
1744,27.535,24.905,2.659
1745,27.050,24.067,2.794
1746,28.276,24.879,2.615
1747,27.783,23.582,2.824
1748,26.384,23.033,3.098
1749,27.643,23.999,2.896
1750,28.008,25.587,3.693
1751,28.337,26.355,4.503
1752,27.430,25.283,3.716
1753,27.790,25.071,3.357
1754,26.934,24.775,2.851
1755,27.285,25.432,2.974
1756,27.479,25.823,2.901
1757,27.091,23.986,4.036
1758,27.237,24.433,3.033
1759,28.513,25.348,2.867
1760,28.080,25.182,3.586
1761,27.199,24.521,4.137
1762,27.470,25.019,3.028
1763,28.012,26.579,4.077
1764,27.017,25.192,3.255
1765,27.620,25.337,3.121
1766,28.350,25.509,3.243
1767,28.227,25.596,2.913
1768,27.831,26.331,3.319
1769,27.450,24.762,2.723
1770,27.294,25.500,3.040
1771,27.239,24.278,2.880
1772,27.907,25.784,2.746
1773,27.268,25.060,3.032
1774,28.157,26.178,3.866
1775,27.319,24.828,3.179
1776,27.229,25.238,3.910
1777,28.105,25.156,3.626
1778,27.181,25.576,3.958
1779,27.187,26.063,2.770
1780,27.208,26.213,3.160
1781,27.737,25.151,3.538
1782,27.683,25.687,3.021
1783,27.431,26.386,2.827
1784,27.438,25.438,2.629
1785,26.888,25.583,3.017
1786,28.375,26.410,2.711
1787,26.490,24.759,2.758
1788,26.991,25.923,2.650
1789,27.407,25.984,2.925
1790,28.755,26.547,2.807
1791,27.137,25.245,2.971
1792,27.973,26.235,2.706
1793,27.269,25.593,3.692
1794,27.696,25.401,3.171
1795,26.790,23.779,2.948
1796,28.117,24.729,2.703
1797,26.975,24.043,2.713
1798,26.912,24.610,3.228
1799,26.780,26.073,2.771
1800,28.089,25.383,2.687
1801,27.918,25.461,3.229
1802,27.258,25.478,2.733
1803,27.786,25.460,2.833
1804,26.046,24.162,2.808
1805,26.642,24.136,2.715
1806,26.732,24.365,2.820
1807,27.309,24.494,2.900
1808,26.325,24.335,3.116
1809,26.847,24.114,3.108
1810,27.054,23.403,3.021
1811,26.212,23.737,2.648
1812,26.203,24.115,2.591
1813,25.761,22.721,3.024
1814,25.193,22.514,2.890
1815,25.640,23.564,3.054
1816,25.053,23.480,2.702
1817,26.282,23.809,2.756
1818,26.490,22.913,2.776
1819,26.968,24.865,3.036
1820,26.688,24.357,2.990
1821,27.422,24.019,2.939
1822,28.093,24.316,2.698
1823,28.269,24.824,3.192
1824,27.397,24.644,2.805
1825,27.397,24.520,2.793
1826,27.128,23.586,2.793
1827,27.981,24.199,2.817
1828,27.879,24.898,2.873
1829,27.640,23.052,2.987
1830,28.126,25.123,2.884
1831,27.452,24.278,2.813
1832,28.505,24.180,2.662
1833,27.809,24.203,2.759
1834,27.604,24.485,3.133
1835,27.371,23.744,2.933
1836,27.554,24.629,2.752
1837,27.230,24.199,2.837
1838,27.371,24.131,2.765
1839,28.445,24.555,2.807
1840,26.930,23.703,2.931
1841,27.018,23.704,2.840
1842,26.464,23.685,2.760
1843,27.068,24.437,2.820
1844,26.465,23.966,3.130
1845,26.484,24.612,2.725
1846,26.972,22.963,3.144
1847,26.350,23.501,2.784
1848,27.388,25.538,2.775
1849,26.798,25.121,3.968
1850,27.112,23.853,3.304
1851,26.920,23.926,2.838
1852,26.778,24.903,3.762
1853,26.455,23.380,2.931
1854,27.716,23.779,2.878
1855,26.536,22.723,2.944
1856,27.052,24.267,3.820
1857,26.550,23.917,3.863
1858,27.002,25.012,4.135
1859,27.518,25.123,3.585
1860,28.333,24.396,3.248
1861,29.207,24.106,2.820
1862,26.874,23.706,2.824
1863,26.569,23.565,3.023
1864,27.288,23.798,2.681
1865,27.564,24.281,3.017
1866,27.091,23.958,3.316
1867,26.907,24.460,2.958
1868,26.415,22.732,2.812
1869,27.189,23.665,2.820
1870,25.845,22.404,3.005
1871,26.044,24.172,3.237
1872,27.270,23.460,2.870
1873,27.082,23.705,2.787
1874,26.573,24.405,2.695
1875,26.985,23.503,2.877
1876,26.788,23.500,2.847
1877,26.639,23.792,2.882
1878,25.954,23.388,2.786
1879,26.573,23.332,2.753
1880,26.271,23.121,2.932
1881,26.551,22.928,3.138
1882,27.744,23.370,2.723
1883,26.976,23.357,3.061
1884,25.719,22.433,2.709
1885,27.461,23.334,2.753
1886,26.375,23.551,2.704
1887,27.485,23.680,3.075
1888,27.058,23.623,2.672
1889,27.890,24.256,2.802
1890,26.939,24.057,3.230
1891,26.487,24.619,2.625
1892,26.482,23.582,2.841
1893,26.853,23.139,3.545
1894,26.847,24.385,3.175
1895,26.122,23.380,2.779
1896,27.482,25.203,3.315
1897,27.403,24.199,2.945
1898,27.884,24.371,2.931
1899,27.585,22.933,3.344
1900,26.925,24.160,2.779
1901,27.121,25.266,2.843
1902,27.011,25.106,2.749
1903,26.688,24.111,2.760
1904,26.900,24.991,2.724
1905,26.884,24.729,2.812
1906,27.247,25.900,2.699
1907,27.276,25.644,2.762
1908,26.415,25.540,2.912
1909,28.218,23.925,3.039
1910,28.954,25.309,2.910
1911,28.860,24.469,2.862
1912,26.543,25.608,2.790
1913,27.434,24.991,2.789
1914,27.800,24.451,3.021
1915,27.054,24.299,2.856
1916,27.384,25.365,3.009
1917,26.997,25.160,2.792
1918,27.645,24.107,2.842
1919,27.291,25.399,2.931
1920,27.581,24.939,2.638
1921,27.234,25.177,3.009
1922,27.568,24.802,2.908
1923,28.089,24.963,2.804
1924,27.385,23.848,2.744
1925,28.481,24.783,3.064
1926,27.690,24.482,3.968
1927,27.666,24.231,2.821
1928,26.935,23.837,3.198
1929,27.178,24.647,2.779
1930,27.675,24.203,2.743
1931,27.347,23.570,2.663
1932,28.076,24.170,3.022
1933,26.966,23.475,2.847
1934,27.741,24.508,2.811
1935,27.059,23.711,2.789
1936,27.232,23.976,2.845
1937,26.774,23.798,2.911
1938,27.365,23.983,2.771
1939,27.219,23.757,2.927
1940,27.675,23.733,2.806
1941,26.054,23.387,2.742
1942,27.361,24.838,3.049
1943,28.408,25.100,3.145
1944,27.468,24.704,2.954
1945,27.282,24.182,2.811
1946,26.949,23.825,2.890
1947,27.951,25.425,2.694
1948,27.917,25.078,2.787
1949,27.280,25.273,2.986
1950,27.770,24.941,2.635
1951,28.358,24.393,2.735
1952,28.122,25.311,2.972
1953,27.597,23.988,3.068
1954,28.044,23.229,2.712
1955,28.209,24.404,2.796
1956,28.629,25.103,2.783
1957,27.698,24.326,2.813
1958,28.652,25.641,2.852
1959,28.308,25.723,3.279
1960,28.007,26.152,2.896
1961,28.848,24.902,2.968
1962,27.885,25.149,3.260
1963,29.214,25.111,2.837
1964,28.350,25.524,2.774
1965,27.951,24.599,2.803
1966,28.901,24.627,2.646
1967,28.175,24.083,3.117
1968,27.706,24.830,2.865
1969,29.023,24.695,3.927
1970,26.895,23.616,2.994
1971,27.881,25.016,2.832
1972,28.220,25.017,2.522
1973,27.616,23.689,2.924
1974,28.250,24.519,3.114
1975,27.855,24.668,3.948
1976,26.744,24.617,2.891
1977,29.052,24.573,3.321
1978,28.230,24.161,2.779
1979,27.397,24.677,3.050
1980,27.047,24.496,3.141
1981,26.933,23.867,2.893
1982,27.503,24.263,2.598
1983,27.689,24.496,2.659
1984,27.628,24.316,2.970
1985,27.027,25.799,3.112
1986,27.088,24.421,3.066
1987,27.998,25.668,3.413
1988,28.617,24.803,2.787
1989,28.932,25.512,2.964
1990,28.226,25.243,2.909
1991,27.908,26.108,3.182
1992,28.089,25.561,2.744
1993,27.992,25.118,3.122
1994,28.613,25.673,2.905
1995,27.840,24.729,2.885
1996,28.052,25.195,2.587
1997,28.245,24.558,2.686
1998,28.764,25.652,2.754
1999,28.086,25.184,2.955
2000,27.793,24.805,2.690
2001,28.397,24.356,3.070
2002,28.398,25.218,3.451
2003,28.127,24.450,2.957
2004,28.402,23.732,3.008
2005,28.040,23.710,2.753
2006,27.845,23.805,2.924
2007,27.605,24.089,3.042
2008,27.672,24.154,2.882
2009,27.490,24.078,3.003
2010,27.479,24.335,2.789
2011,28.484,24.286,2.814
2012,27.427,23.661,2.893
2013,28.404,24.637,2.691
2014,26.797,22.345,2.974
2015,27.899,24.481,2.751
2016,28.006,24.033,2.891
2017,28.550,24.045,2.800
2018,27.424,23.789,2.954
2019,27.519,23.890,2.715
2020,26.958,23.230,2.805
2021,27.977,25.439,2.918
2022,28.164,23.970,2.814
2023,27.741,24.799,2.941
2024,28.797,24.298,2.739
2025,26.813,23.829,3.103
2026,27.337,23.705,3.821
2027,28.073,24.371,2.735
2028,27.100,24.472,3.286
2029,28.383,24.785,2.814
2030,27.560,24.230,2.940
2031,28.295,24.627,2.711
2032,27.970,24.883,3.185
2033,28.087,25.095,2.979
2034,27.442,24.369,2.783
2035,27.505,25.660,2.914
2036,27.892,25.190,2.816
2037,27.334,25.320,2.768
2038,27.785,25.050,2.635
2039,27.215,24.061,2.619
2040,27.421,24.392,2.639
2041,27.356,25.083,3.567
2042,27.707,23.851,2.886
2043,27.599,23.464,3.039
2044,28.426,24.475,4.477
2045,27.503,24.618,2.906
2046,26.923,23.441,2.885
2047,26.789,24.397,2.892
2048,27.324,25.456,3.082
2049,27.354,24.483,3.122
2050,26.757,24.433,2.864
2051,27.914,26.525,2.873
2052,27.919,25.248,3.135
2053,28.578,25.383,2.912
2054,28.374,25.183,2.698
2055,26.887,24.661,2.593
2056,27.869,26.299,2.636
2057,28.262,24.548,2.696
2058,27.845,24.778,2.767
2059,27.452,25.277,2.745
2060,27.564,24.707,2.955
2061,26.396,24.976,2.619
2062,26.612,23.561,3.195
2063,27.020,24.798,2.861
2064,27.934,25.510,2.705
2065,27.933,25.165,2.896
2066,28.487,26.122,3.350
2067,28.230,25.527,2.851
2068,26.659,24.227,2.810
2069,27.676,24.986,2.922
2070,27.849,25.142,2.852
2071,27.697,23.346,2.870
2072,28.237,25.011,3.226
2073,27.470,23.652,3.084
2074,27.455,23.757,2.938
2075,26.907,23.459,2.854
2076,27.700,24.284,3.489
2077,28.048,23.729,3.245
2078,28.039,24.320,3.026
2079,29.811,24.578,2.901
2080,27.166,24.010,2.805
2081,26.843,23.089,2.955
2082,26.308,23.179,2.898
2083,27.533,24.197,2.764
2084,26.529,24.663,2.674
2085,26.693,23.936,3.267
2086,26.932,23.485,2.841
2087,27.074,24.150,2.645
2088,27.003,24.595,2.989
2089,26.715,24.913,2.956
2090,27.230,24.871,3.000
2091,27.267,24.523,3.026
2092,27.974,24.766,3.104
2093,27.263,25.745,2.839
2094,28.082,24.090,2.957
2095,28.486,24.421,3.375
2096,28.067,25.973,2.909
2097,27.714,25.095,2.968
2098,27.393,24.946,2.926
2099,28.589,25.395,2.786
2100,27.328,23.739,3.080
2101,27.769,25.390,3.251
2102,27.931,24.680,2.945
2103,27.431,24.497,2.888
2104,28.861,25.988,2.973
2105,26.892,25.051,2.940
2106,27.756,24.808,3.668
2107,28.119,25.413,3.039
2108,27.192,24.596,3.127
2109,27.987,26.042,2.981
2110,28.534,24.963,3.102
2111,27.872,24.851,2.815
2112,26.975,25.060,2.865
2113,28.009,25.158,2.910
2114,28.163,25.657,3.109
2115,28.316,25.634,2.806
2116,28.848,26.057,3.441
2117,28.248,25.768,2.929
2118,29.338,26.800,2.893
2119,27.812,25.224,2.995
2120,28.369,26.108,3.267
2121,28.196,25.244,3.153
2122,27.876,24.510,3.152
2123,27.242,24.646,2.827
2124,27.072,25.354,3.117
2125,27.473,25.771,2.726
2126,27.787,24.743,3.382
2127,28.520,24.634,2.683
2128,28.147,24.817,2.873
2129,28.116,25.532,2.666
2130,28.305,25.651,2.937
2131,27.800,25.064,2.796
2132,27.020,24.863,3.036
2133,28.010,25.172,3.383
2134,27.894,25.307,2.729
2135,28.315,24.781,3.025
2136,27.587,25.156,2.825
2137,27.313,24.833,3.059
2138,28.467,25.364,2.998
2139,27.123,23.812,3.821
2140,27.537,24.484,2.681
2141,26.973,23.888,2.932
2142,28.243,25.701,2.863
2143,28.430,25.075,3.272
2144,27.987,25.192,3.027
2145,27.394,24.978,2.986
2146,27.154,24.929,2.675
2147,28.506,25.025,2.869
2148,27.900,24.688,2.927
2149,28.184,24.499,2.545
2150,27.739,25.351,2.838
2151,27.158,25.339,2.782
2152,26.998,25.124,3.095
2153,27.059,25.026,2.857
2154,27.529,24.936,2.899
2155,28.243,25.201,3.299
2156,27.764,24.434,2.986
2157,27.552,24.850,3.286
2158,27.796,26.016,2.950
2159,27.615,24.564,2.693
2160,27.433,25.529,2.978
2161,28.844,25.207,2.973
2162,27.670,24.587,2.757
2163,27.442,24.757,2.734
2164,27.289,24.965,2.979
2165,28.051,25.323,2.796
2166,26.905,24.840,3.301
2167,26.604,24.087,3.902
2168,27.837,25.472,2.632
2169,28.139,25.546,3.078
2170,28.230,24.802,2.755
2171,27.337,25.143,2.783
2172,29.967,24.783,3.157
2173,28.450,24.672,2.810
2174,28.237,25.532,3.499
2175,28.010,24.391,3.364
2176,27.911,24.218,3.003
2177,28.421,24.950,2.778
2178,28.352,25.025,2.833
2179,27.457,25.294,2.668
2180,28.027,23.591,2.820
2181,28.288,24.293,3.319
2182,27.577,24.998,2.971
2183,27.879,24.319,2.968
2184,28.470,24.831,3.172
2185,28.568,24.940,2.929
2186,28.107,23.508,3.394
2187,26.410,24.256,2.815
2188,27.443,23.577,2.857
2189,27.563,24.294,2.787
2190,27.008,24.199,2.918
2191,27.968,24.679,3.302
2192,27.221,24.734,2.846
2193,26.945,24.546,2.983
2194,28.448,24.445,2.825
2195,27.711,24.373,2.874
2196,27.017,23.757,2.887
2197,26.669,23.173,2.931
2198,27.126,23.718,2.900
2199,26.763,24.284,2.840
2200,27.404,24.171,3.096
2201,27.183,24.472,2.942
2202,26.996,24.778,2.725
2203,26.486,24.204,2.688
2204,26.265,23.863,2.700
2205,26.053,23.840,2.672
2206,26.671,25.212,2.580
2207,26.947,24.343,3.127
2208,26.755,24.699,2.749
2209,26.816,24.419,2.687
2210,26.456,24.452,3.548
2211,26.844,25.008,3.316
2212,27.569,24.889,2.937
2213,27.120,24.926,3.176
2214,27.574,25.380,2.896
2215,27.174,25.108,3.028
2216,27.298,25.342,3.216
2217,26.879,24.489,3.432
2218,27.337,24.543,2.836
2219,25.974,23.577,2.758
2220,26.482,24.377,3.695
2221,26.852,23.833,2.829
2222,27.164,25.137,3.218
2223,26.569,24.309,2.756
2224,27.383,24.371,2.918
2225,27.232,23.271,3.040
2226,25.763,24.086,2.863
2227,26.818,23.607,3.402
2228,27.967,23.423,2.702
2229,26.976,23.294,2.981
2230,28.218,25.321,2.753
2231,27.712,23.550,2.899
2232,27.452,23.626,2.880
2233,28.684,24.504,2.631
2234,27.221,24.438,2.809
2235,27.242,23.770,2.639
2236,27.619,24.072,2.683
2237,26.781,23.876,3.234
2238,26.533,23.706,2.830
2239,26.730,23.631,3.407
2240,26.242,23.937,2.539
2241,26.126,23.676,2.968
2242,26.867,23.821,2.892
2243,26.781,24.011,2.580
2244,27.241,23.992,3.107
2245,27.726,24.177,2.958
2246,27.239,24.611,3.117
2247,27.085,24.422,2.834
2248,26.644,23.245,2.819
2249,26.051,23.662,2.868
2250,27.201,23.072,2.680
2251,26.853,23.452,2.923
2252,27.197,22.603,3.738
2253,27.320,22.661,2.726
2254,26.876,23.790,2.625
2255,27.375,24.110,2.695
2256,27.073,24.385,4.006
2257,27.110,22.904,3.746
2258,28.975,24.560,3.138
2259,26.695,22.129,2.910
2260,28.090,25.059,2.743
2261,29.818,23.932,3.117
2262,28.176,24.803,3.075
2263,27.442,24.044,2.792
2264,27.931,23.856,3.191
2265,27.870,24.610,3.871
2266,27.545,23.909,3.019
2267,28.089,24.235,3.921
2268,27.800,24.678,4.276
2269,28.317,23.134,3.596
2270,27.252,24.191,2.941
2271,27.195,24.023,2.798
2272,27.446,24.813,3.160
2273,27.464,23.717,2.647
2274,27.990,24.304,2.986
2275,28.264,25.089,2.790
2276,27.443,24.745,2.857
2277,27.008,23.923,2.747
2278,26.501,23.507,2.695
2279,26.912,23.174,3.064
2280,27.797,24.387,2.913
2281,27.422,23.567,2.809
2282,27.701,24.633,2.908
2283,27.317,24.465,2.854
2284,27.552,24.479,3.176
2285,27.036,24.431,2.977
2286,28.597,24.270,2.745
2287,27.005,23.927,2.798
2288,27.104,24.328,2.867
2289,27.551,25.184,2.620
2290,26.746,24.362,2.795
2291,27.503,25.100,2.672
2292,27.646,23.716,2.868
2293,27.509,25.033,2.887
2294,27.367,23.679,3.122
2295,27.228,24.245,2.838
2296,27.043,24.437,2.896
2297,26.655,23.925,2.722
2298,27.273,24.115,2.749
2299,26.855,23.475,3.252
2300,27.981,25.081,3.038
2301,27.822,24.842,3.452
2302,26.803,24.628,3.182
2303,26.726,23.856,3.541
2304,26.066,23.418,2.973
2305,27.270,24.075,2.791
2306,28.145,25.270,2.630
2307,27.166,25.266,3.167
2308,27.538,24.333,3.040
2309,27.241,23.760,3.228
2310,27.733,24.288,2.713
2311,28.545,27.347,2.962
2312,27.924,26.730,2.933
2313,28.292,25.998,3.194
2314,27.332,26.452,2.751
2315,27.802,27.219,3.308
2316,28.428,27.017,3.175
2317,28.268,27.052,3.352
2318,27.778,25.794,2.825
2319,28.387,27.468,2.700
2320,28.728,26.463,2.943
2321,27.784,26.162,3.416
2322,28.562,27.196,2.832
2323,27.794,26.915,2.691
2324,27.791,24.995,2.769
2325,27.830,24.576,2.773
2326,28.270,25.146,2.541
2327,28.213,25.488,3.720
2328,26.436,23.420,3.910
2329,27.709,25.032,4.194
2330,28.458,25.080,3.373
2331,28.408,25.181,2.838
2332,28.707,24.439,2.775
2333,28.186,24.420,3.767
2334,27.305,24.602,3.419
2335,28.788,24.966,2.666
2336,28.060,24.833,3.511
2337,28.311,24.850,2.795
2338,28.317,24.776,2.662
2339,28.754,24.853,2.988
2340,27.670,24.274,4.523
2341,27.005,24.796,3.337
2342,27.791,24.909,4.201
2343,27.372,23.979,3.905
2344,28.257,25.116,4.418
2345,28.411,25.056,3.250
2346,28.384,24.609,3.226
2347,28.885,25.893,2.962
2348,28.464,25.247,3.313
2349,27.720,24.722,2.931
2350,27.934,24.135,2.754
2351,28.064,24.872,3.040
2352,28.019,24.608,2.880
2353,28.650,24.573,2.731
2354,27.715,23.355,3.167
2355,27.838,24.331,2.618
2356,27.498,24.769,2.591
2357,27.766,24.943,2.732
2358,28.137,26.061,2.989
2359,28.444,24.673,3.091
2360,27.795,24.000,2.680
2361,28.624,25.162,3.040
2362,28.076,24.608,2.790
2363,27.430,25.357,2.950
2364,27.642,24.802,2.828
2365,28.611,24.796,2.756
2366,27.769,24.151,2.976
2367,27.611,25.017,2.829
2368,28.775,24.961,2.929
2369,27.508,25.196,2.991
2370,27.450,24.757,2.912
2371,27.141,24.676,2.906
2372,27.681,24.697,2.785
2373,28.002,24.595,2.665
2374,28.320,24.931,3.029
2375,27.201,24.812,2.707
2376,27.556,24.463,2.793
2377,28.007,25.107,2.731
2378,27.862,24.219,2.959
2379,27.766,24.111,2.918
2380,27.845,23.970,3.378
2381,27.737,25.297,2.696
2382,28.386,24.885,2.860
2383,28.305,24.751,2.725
2384,28.291,25.030,2.752
2385,27.389,24.717,2.895
2386,27.836,25.080,3.426
2387,27.886,24.604,2.712
2388,27.973,24.088,2.854
2389,28.389,24.869,2.852
2390,28.397,24.392,2.956
2391,27.987,25.038,2.989
2392,28.313,24.907,2.740
2393,28.536,25.362,2.912
2394,26.908,24.515,2.695
2395,27.315,24.638,2.836
2396,28.743,25.966,3.228
2397,28.153,25.392,3.967
2398,27.900,25.019,2.878
2399,25.676,24.834,3.760
2400,28.180,24.023,2.961
2401,28.003,25.489,2.890
2402,27.406,25.168,2.910
2403,27.626,25.672,3.191
2404,27.154,25.770,3.930
2405,28.184,25.097,4.056
2406,27.755,25.135,3.321
2407,27.648,24.777,4.495
2408,26.976,24.843,3.010
2409,27.655,24.498,2.966
2410,28.567,25.064,2.860
2411,28.061,24.969,2.753
2412,27.868,24.941,3.257
2413,27.412,23.915,2.961
2414,27.775,24.041,3.212
2415,27.805,24.546,2.890
2416,27.585,24.241,3.110
2417,27.308,24.474,3.746
2418,27.536,23.842,2.770
2419,28.400,25.283,2.918
2420,29.173,25.088,2.768
2421,27.754,24.700,3.198
2422,28.025,24.195,2.702
2423,28.002,24.966,2.951
2424,27.280,24.643,2.998
2425,26.658,23.696,2.943
2426,27.714,23.736,3.134
2427,28.036,24.692,3.658
2428,30.541,25.465,2.864
2429,27.775,25.600,3.039
2430,28.752,24.653,2.743
2431,28.560,24.829,2.929
2432,27.847,24.660,2.655
2433,27.512,23.688,2.849
2434,27.386,24.151,2.999
2435,29.178,25.104,2.760
2436,28.631,25.026,2.696
2437,27.917,24.180,3.253
2438,28.741,23.435,2.743
2439,28.348,25.199,2.571
2440,29.155,25.527,2.815
2441,27.997,23.357,2.832
2442,27.263,24.880,2.726
2443,27.382,24.329,2.699
2444,28.094,24.228,2.761
2445,27.933,25.556,2.794
2446,27.782,24.276,2.793
2447,27.131,24.607,2.905
2448,28.541,24.551,3.009
2449,27.643,25.067,2.892
2450,27.008,24.123,3.434
2451,27.271,23.672,2.852
2452,28.314,24.485,2.989
2453,27.973,24.868,2.817
2454,27.665,25.687,2.805
2455,26.437,23.852,2.769
2456,27.961,24.087,3.128
2457,26.925,23.627,3.284
2458,28.033,24.546,2.746
2459,27.442,24.819,2.947
2460,26.086,24.100,2.687
2461,27.675,24.704,2.875
2462,27.318,24.881,2.678
2463,27.584,24.982,2.817
2464,27.067,24.765,2.656
2465,27.975,24.845,2.923
2466,26.931,24.302,2.894
2467,29.531,24.966,2.848
2468,27.839,24.818,2.768
2469,27.854,25.086,3.093
2470,28.105,25.072,2.788
2471,27.500,24.996,3.045
2472,27.470,24.412,2.672
2473,27.074,24.064,3.002
2474,28.330,25.333,2.859
2475,28.192,24.217,2.591
2476,27.749,24.874,2.753
2477,26.720,24.708,3.852
2478,28.089,24.654,2.896
2479,27.323,24.100,2.951
2480,28.374,24.372,2.675
2481,27.062,24.028,3.041
2482,27.058,24.402,2.773
2483,28.199,25.035,2.730
2484,28.135,26.072,2.828
2485,27.161,25.195,2.628
2486,27.504,25.053,2.813
2487,26.486,24.578,2.708
2488,27.262,23.670,3.005
2489,26.556,24.249,2.937
2490,27.623,25.311,3.260
2491,27.262,24.993,3.029
2492,27.176,24.529,2.891
2493,26.889,23.774,2.903
2494,27.261,24.266,3.055
2495,27.376,25.000,2.729
2496,28.632,24.622,3.087
2497,28.268,25.180,2.782
2498,26.474,22.992,2.834
2499,27.655,25.432,2.867
2500,27.944,25.008,2.706
2501,27.555,24.994,2.889
2502,27.439,24.252,3.104
2503,27.957,24.706,2.970
2504,26.646,23.968,3.712
2505,26.882,24.188,2.705
2506,24.468,22.499,4.253
2507,24.702,22.537,3.492
2508,25.218,22.551,4.161
2509,24.581,22.676,3.580
2510,27.729,24.535,2.776
2511,28.097,25.306,2.880
2512,26.927,23.524,3.712
2513,26.074,22.940,3.285
2514,26.838,24.522,2.746
2515,27.522,24.407,2.834
2516,27.438,24.844,2.927
2517,27.334,25.681,3.342
2518,26.281,24.133,3.085
2519,27.963,25.794,3.259
2520,27.464,24.568,2.931
2521,26.922,23.593,2.699
2522,26.808,23.295,2.718
2523,26.765,24.241,2.862
2524,27.324,24.978,2.798
2525,27.384,24.885,3.020
2526,26.780,24.630,2.862
2527,26.639,23.860,2.734
2528,26.793,25.072,2.951
2529,27.422,24.640,3.103
2530,27.131,24.486,2.802
2531,26.194,23.596,2.750
2532,27.455,24.583,2.667
2533,27.280,25.068,2.870
2534,27.346,25.945,2.780
2535,26.149,24.569,2.805
2536,25.849,24.696,2.894
2537,26.799,24.525,3.133
2538,26.432,25.092,2.696
2539,26.563,24.501,2.901
2540,26.464,23.850,2.836
2541,26.826,24.800,2.783
2542,25.935,23.892,2.809
2543,26.527,24.478,2.617
2544,26.945,24.925,2.771
2545,26.859,23.805,2.976
2546,27.119,24.896,3.359
2547,27.400,24.572,2.817
2548,27.243,24.505,3.111
2549,26.629,24.620,3.377
2550,27.239,25.027,2.763
2551,27.822,24.321,3.049
2552,27.284,24.619,2.667
2553,27.129,24.383,2.762
2554,26.838,24.531,3.155
2555,27.457,24.744,3.008
2556,27.960,24.642,3.048
2557,27.195,25.660,4.517
2558,28.126,25.973,2.704
2559,27.230,24.359,3.419
2560,29.100,26.650,2.785
2561,26.612,24.093,2.741
2562,27.461,24.948,3.078
2563,26.805,23.568,3.597
2564,27.865,24.637,2.956
2565,26.781,24.778,2.777
2566,27.380,24.548,2.702
2567,27.119,24.228,3.596
2568,27.601,25.332,2.690
2569,27.058,24.472,2.676
2570,27.699,25.811,3.057
2571,28.039,26.297,2.885
2572,27.997,25.353,2.943
2573,28.593,26.128,2.763
2574,26.928,24.927,3.369
2575,27.374,25.616,2.978
2576,28.964,26.102,2.981
2577,28.429,25.645,2.707
2578,27.961,24.253,2.845
2579,27.578,26.065,3.833
2580,27.796,24.576,2.928
2581,27.343,24.929,2.875
2582,28.139,26.002,2.868
2583,26.941,23.567,2.758
2584,27.669,25.002,3.279
2585,27.401,24.256,3.077
2586,27.420,26.072,2.756
2587,27.722,25.455,2.911
2588,26.834,23.960,2.740
2589,27.900,25.594,2.769
2590,27.729,24.230,2.721
2591,27.272,24.972,3.908
2592,27.269,26.298,3.386
2593,26.723,25.077,2.810
2594,27.220,24.752,2.806
2595,27.302,24.589,2.812
2596,27.684,25.742,2.756
2597,26.803,25.435,2.856
2598,26.713,25.339,3.878
2599,26.719,24.855,3.288
2600,27.091,25.164,3.048
2601,27.215,24.765,2.744
2602,27.029,25.027,2.944
2603,26.207,23.659,2.860
2604,26.674,24.671,3.006
2605,27.179,25.137,2.758
2606,26.817,24.551,3.727
2607,26.718,24.834,2.694
2608,26.831,25.524,3.078
2609,28.153,25.166,2.739
2610,28.788,25.899,2.901
2611,27.200,24.295,2.803
2612,26.862,24.311,2.972
2613,26.656,24.546,2.920
2614,25.480,24.623,2.981
2615,25.611,24.038,4.013
2616,26.958,25.685,3.900
2617,27.522,26.188,2.796
2618,27.016,24.929,3.033
2619,27.678,24.088,3.249
2620,27.957,25.480,2.803
2621,28.046,25.359,3.094
2622,28.186,25.940,2.765
2623,26.884,24.211,3.274
2624,27.808,24.811,2.763
2625,27.073,23.269,4.328
2626,25.493,24.149,3.112
2627,26.672,23.707,2.864
2628,26.936,25.331,3.124
2629,26.769,23.987,3.969
2630,26.463,23.643,3.010
2631,28.114,25.271,3.034
2632,26.618,23.794,3.621
2633,27.071,24.636,3.184
2634,28.709,24.798,3.040
2635,27.152,25.192,2.889
2636,27.294,24.762,4.024
2637,26.879,23.932,3.128
2638,26.885,24.177,2.718
2639,26.905,25.663,2.953
2640,27.515,24.214,2.776
2641,27.111,23.707,3.219
2642,25.908,23.054,2.970
2643,27.898,24.402,2.776
2644,27.253,25.120,2.929
2645,28.278,25.338,2.593
2646,27.377,24.685,2.970
2647,28.164,25.803,2.985
2648,25.907,23.074,3.385
2649,29.447,23.653,2.795
2650,27.409,24.138,3.823
2651,26.539,24.053,2.853
2652,27.189,24.184,2.601
2653,25.839,23.919,3.522
2654,25.602,23.406,3.078
2655,27.387,25.075,2.920
2656,28.693,26.459,3.723
2657,29.394,25.382,3.059
2658,29.442,24.822,3.002
2659,26.901,23.472,2.835
2660,28.120,25.032,2.805
2661,26.496,24.103,2.746
2662,26.744,23.967,2.755
2663,27.448,23.712,2.671
2664,27.374,25.383,2.799
2665,27.995,24.957,2.917
2666,28.459,25.859,2.720
2667,28.006,25.524,2.838
2668,27.074,24.236,2.951
2669,26.960,24.203,2.690
2670,26.265,24.142,2.663
2671,26.982,24.623,2.853
2672,26.849,23.799,2.791
2673,26.631,25.253,2.886
2674,26.023,23.112,3.087
2675,25.843,22.639,2.883
2676,24.820,23.471,3.352
2677,26.167,23.625,3.066
2678,25.715,24.283,2.994
2679,27.763,24.330,2.686
2680,28.533,25.025,3.320
2681,28.112,23.844,2.898
2682,27.638,24.031,2.884
2683,28.964,23.978,2.700
2684,27.565,22.756,3.148
2685,28.378,24.228,2.889
2686,25.975,22.207,2.795
2687,25.304,24.070,2.858
2688,26.786,24.580,2.901
2689,28.155,24.592,2.940
2690,26.521,24.026,2.793
2691,26.153,24.347,2.805
2692,27.030,24.040,2.904
2693,25.362,23.948,3.359
2694,25.569,24.010,2.789
2695,25.326,24.215,3.007
2696,25.331,24.283,2.780
2697,24.983,23.909,2.733
2698,25.394,23.491,2.790
2699,25.657,23.856,2.951
2700,24.199,23.682,2.981
2701,26.223,24.608,2.731
2702,24.702,23.089,3.312
2703,25.820,23.666,2.830
2704,25.724,23.778,3.736
2705,25.698,25.119,2.661
2706,25.601,24.675,2.761
2707,27.728,24.960,2.809
2708,28.122,24.216,2.650
2709,28.143,23.787,3.241
2710,26.697,23.075,2.906
2711,26.949,23.775,3.065
2712,25.490,23.733,2.979
2713,25.656,23.553,3.069
2714,26.138,23.986,2.993
2715,25.061,23.831,2.800
2716,26.890,24.953,3.357
2717,25.095,23.436,3.347
2718,25.921,24.045,2.578
2719,27.181,24.118,2.784
2720,25.501,23.646,3.886
2721,26.013,24.498,3.158
2722,25.182,24.158,4.083
2723,26.637,24.471,2.788
2724,25.546,23.861,2.907
2725,26.659,23.464,2.955
2726,26.352,24.156,2.805
2727,26.766,24.505,2.703
2728,25.777,23.407,2.818
2729,26.550,23.962,2.725
2730,25.477,23.517,3.452
2731,25.678,24.258,3.196
2732,25.905,24.256,2.778
2733,25.026,23.955,2.689
2734,24.781,24.598,2.609
2735,25.569,24.322,3.057
2736,26.207,24.437,2.876
2737,24.575,24.077,2.809
2738,25.923,24.340,2.669
2739,25.893,23.986,2.750
2740,25.694,23.675,2.807
2741,25.349,24.227,3.176
2742,26.646,24.357,3.042
2743,25.533,23.346,2.734
2744,26.350,23.479,3.016
2745,25.798,22.769,2.871
2746,25.792,23.172,2.815
2747,25.468,23.276,2.904
2748,25.773,24.141,2.907
2749,25.453,22.819,2.805
2750,26.225,23.922,2.798
2751,24.911,24.613,2.971
2752,25.371,23.458,2.799
2753,24.938,23.800,2.725
2754,25.143,23.443,3.044
2755,24.997,24.584,2.826
2756,25.742,23.906,2.676
2757,25.898,24.262,3.047
2758,25.511,23.773,2.785
2759,25.453,24.049,2.960
2760,26.297,24.780,2.810
2761,25.768,24.316,3.007
2762,26.424,24.045,2.965
2763,25.587,23.583,3.044
2764,27.049,24.974,2.868
2765,26.487,24.305,2.728
2766,26.006,23.850,3.262
2767,27.039,23.854,3.061
2768,25.405,23.847,3.259
2769,26.700,24.136,2.732
2770,25.783,24.186,3.189
2771,25.967,24.650,2.752
2772,25.574,24.851,2.658
2773,26.027,25.198,2.680
2774,25.597,25.099,2.848
2775,24.872,22.402,3.197
2776,26.197,24.543,2.605
2777,25.278,22.849,3.171
2778,26.665,25.220,2.833
2779,24.902,23.021,2.764
2780,25.636,23.139,3.320
2781,26.966,24.631,2.830
2782,25.889,23.999,2.988
2783,26.560,23.316,2.791
2784,25.987,24.786,2.898
2785,27.282,24.637,2.919
2786,25.922,24.636,2.798
2787,26.109,23.338,2.963
2788,25.960,23.783,2.746
2789,25.665,23.610,2.777
2790,25.341,23.443,2.707
2791,26.114,23.692,2.886
2792,26.764,24.425,2.611
2793,27.766,24.671,2.842
2794,27.484,25.475,2.890
2795,26.553,23.768,2.844
2796,26.035,24.093,3.121
2797,27.434,25.112,2.757
2798,27.305,24.059,2.812
2799,26.269,23.737,2.983
2800,25.424,22.739,3.262
2801,26.270,24.070,3.154
2802,26.509,23.485,2.965
2803,26.933,24.535,2.729
2804,26.995,23.557,2.912
2805,26.094,23.716,3.215
2806,26.709,23.387,3.156
2807,27.678,24.511,4.154
2808,26.608,24.096,3.935
2809,26.771,23.841,3.815
2810,27.174,24.535,4.137
2811,27.768,25.985,2.923
2812,27.985,25.293,2.809
2813,28.144,25.838,2.846
2814,26.617,24.540,2.718
2815,27.828,25.089,2.727
2816,27.394,25.900,2.739
2817,28.495,24.552,2.779
2818,26.858,24.860,3.283
2819,26.021,23.460,3.229
2820,26.409,23.914,3.632
2821,26.180,24.081,2.947
2822,26.509,24.554,2.802
2823,26.864,25.008,3.007
2824,25.625,23.711,2.943
2825,26.710,24.192,2.936
2826,27.160,24.325,3.111
2827,26.942,23.798,3.125
2828,27.062,23.743,2.780
2829,25.597,23.471,2.968
2830,27.248,24.392,2.832
2831,27.304,25.062,2.805
2832,25.855,23.715,3.634
2833,27.596,25.204,2.961
2834,28.117,24.993,2.669
2835,27.382,25.240,2.960
2836,27.923,24.023,2.927
2837,27.318,24.320,3.013
2838,27.323,24.652,2.772
2839,28.134,24.852,2.840
2840,28.442,25.033,2.851
2841,26.926,23.829,2.993
2842,27.077,23.902,2.930
2843,27.585,24.435,2.891
2844,26.585,23.869,2.877
2845,26.178,23.485,2.797
2846,26.698,24.777,2.789
2847,27.338,25.065,2.897
2848,27.139,24.490,2.921
2849,27.042,23.641,2.846
2850,26.984,23.726,2.768
2851,26.940,23.979,2.755
2852,26.793,23.265,3.099
2853,25.659,22.714,3.840
2854,27.010,24.141,2.952
2855,26.677,23.253,2.732
2856,28.879,24.088,3.200
2857,28.865,23.778,2.733
2858,29.714,24.136,2.884
2859,26.660,23.776,2.898
2860,26.784,23.768,2.810
2861,26.387,23.661,2.996
2862,26.606,23.700,2.993
2863,26.875,23.726,2.862
2864,26.773,23.804,3.026
2865,26.636,24.069,4.268
2866,26.378,24.980,2.887
2867,25.809,23.898,3.698
2868,26.699,23.924,3.090
2869,26.144,23.766,2.695
2870,26.233,24.471,4.039
2871,25.836,23.315,2.682
2872,25.784,23.959,3.712
2873,27.144,23.902,2.866
2874,27.752,23.569,3.112
2875,27.721,23.627,3.495
2876,27.782,23.050,2.948
2877,25.944,23.801,2.704
2878,27.030,25.452,2.772
2879,26.381,24.873,3.324
2880,26.476,24.797,2.760
2881,26.727,25.502,2.802
2882,26.585,24.058,2.672
2883,25.164,23.483,3.113
2884,26.302,24.617,3.745
2885,26.363,24.744,3.117
2886,27.296,25.053,2.774
2887,27.273,24.443,2.666
2888,28.053,24.734,2.805
2889,26.720,23.838,3.157
2890,26.764,23.861,2.761
2891,27.514,24.528,3.074
2892,26.131,23.786,2.696
2893,26.228,23.998,2.764
2894,26.279,22.642,2.696
2895,25.604,23.991,2.816
2896,26.769,22.944,2.828
2897,26.853,23.799,2.911
2898,26.690,24.312,2.777
2899,26.082,23.699,2.906
2900,27.668,24.301,3.217
2901,26.475,24.281,3.092
2902,26.934,24.002,2.873
2903,26.418,23.507,2.675
2904,25.724,23.644,3.242
2905,25.238,22.963,2.800
2906,25.745,23.501,2.795
2907,26.349,24.959,2.999
2908,24.638,23.810,4.049
2909,27.201,25.260,3.645
2910,27.215,24.846,2.978
2911,28.522,23.718,2.727
2912,28.190,25.240,2.895
2913,28.079,25.492,2.617
2914,26.058,23.814,3.036
2915,26.837,25.079,2.654
2916,27.040,24.563,2.850
2917,25.957,23.478,3.072
2918,26.491,23.835,3.211
2919,26.956,25.230,3.099
2920,26.223,24.163,2.637
2921,24.840,23.303,3.088
2922,26.454,24.033,2.895
2923,25.736,23.353,2.840
2924,26.253,25.184,2.851
2925,26.218,24.189,3.009
2926,25.863,23.906,2.837
2927,26.875,24.521,2.732
2928,25.671,23.224,2.949
2929,27.061,25.029,2.777
2930,26.818,24.225,2.733
2931,26.192,23.978,2.942
2932,27.392,23.875,2.796
2933,27.537,24.626,2.615
2934,26.436,23.783,3.193
2935,26.311,23.328,2.852
2936,26.048,23.235,3.130
2937,26.375,24.694,2.963
2938,27.091,23.866,2.966
2939,26.567,24.192,3.036
2940,26.901,23.468,3.005
2941,26.613,24.230,2.587
2942,27.293,24.656,2.807
2943,26.885,23.848,2.827
2944,27.360,24.901,2.745
2945,27.673,24.846,2.786
2946,26.217,25.443,3.389
2947,26.675,25.574,2.881
2948,26.183,23.119,2.849
2949,26.020,23.725,3.052
2950,25.238,22.935,2.899
2951,26.200,23.894,3.001
2952,26.370,24.435,2.854
2953,25.981,24.215,3.907
2954,26.690,23.827,2.732
2955,25.674,23.869,3.172
2956,26.273,23.891,2.911
2957,25.938,23.577,3.089
2958,26.895,24.566,2.761
2959,25.528,24.119,3.079
2960,25.826,23.470,2.894
2961,25.932,23.807,2.849
2962,26.176,24.132,2.799
2963,25.950,23.926,2.674
2964,25.674,23.826,2.797
2965,26.380,23.360,2.638
2966,26.276,23.776,2.957
2967,25.869,23.807,2.733
2968,26.709,24.677,2.814
2969,26.607,23.201,2.880
2970,26.655,24.219,2.999
2971,26.315,23.784,2.800
2972,25.803,23.165,3.031
2973,25.771,23.621,3.005
2974,25.239,23.703,3.043
2975,26.061,22.997,2.851
2976,26.720,24.035,3.049
2977,25.977,23.919,2.791
2978,28.301,23.623,3.274
2979,27.820,23.366,2.993
2980,27.040,24.265,3.536
2981,26.804,23.712,2.963
2982,26.542,23.086,2.811
2983,26.001,22.617,2.901
2984,26.515,22.924,2.660
2985,26.342,22.402,3.049
2986,26.030,22.377,2.724
2987,25.620,23.036,3.345
2988,26.020,23.248,2.634
2989,26.258,22.485,2.720
2990,26.244,21.484,2.706
2991,25.436,22.522,2.965
2992,26.645,22.086,2.919
2993,27.035,22.074,2.858
2994,26.024,21.993,3.450
2995,26.203,22.768,3.251
2996,25.725,22.061,3.286
2997,26.233,22.198,2.898
2998,26.259,22.069,2.869
2999,26.303,22.623,2.849
3000,27.219,23.830,2.703
3001,26.997,23.639,3.043
3002,26.056,24.377,2.871
3003,25.583,23.296,2.782
3004,26.584,23.986,2.677
3005,26.427,23.722,3.120
3006,26.945,22.508,2.755
3007,25.352,21.605,2.682
3008,26.156,23.116,2.732
3009,26.786,23.674,2.812
3010,27.706,22.841,2.826
3011,27.511,24.456,2.949
3012,27.330,23.700,3.014
3013,25.765,22.350,2.667
3014,26.393,22.883,2.883
3015,26.840,23.573,3.100
3016,26.872,23.154,2.836
3017,27.448,23.513,2.884
3018,27.441,24.336,3.094
3019,27.382,24.236,2.665
3020,28.054,23.161,2.735
3021,27.391,23.454,2.923
3022,27.594,24.066,2.697
3023,26.662,23.447,3.871
3024,26.544,23.395,2.705
3025,27.576,24.191,2.943
3026,27.811,23.689,2.657
3027,27.685,23.173,2.629
3028,27.231,22.725,2.827
3029,25.729,23.510,2.777
3030,26.918,23.382,2.957
3031,27.589,23.294,2.705
3032,26.781,24.195,2.882
3033,26.597,23.115,2.873
3034,27.041,23.719,2.738
3035,26.973,24.136,2.668
3036,26.010,23.405,2.825
3037,27.504,23.275,3.100
3038,26.610,24.057,2.920
3039,26.148,23.054,3.467
3040,26.209,24.039,3.137
3041,26.982,24.074,2.781
3042,27.672,23.552,2.729
3043,28.986,24.669,2.813
3044,26.857,23.709,2.928
3045,27.413,23.639,2.829
3046,27.296,22.181,3.946
3047,27.408,24.009,2.727
3048,27.223,24.393,2.876
3049,27.232,24.322,3.602
3050,27.601,24.471,3.140
3051,27.277,23.394,2.863
3052,28.847,23.777,2.983
3053,25.926,23.440,3.126
3054,27.902,24.418,3.053
3055,27.651,23.286,2.751
3056,26.839,24.108,2.866
3057,26.526,23.028,2.947
3058,27.396,24.018,2.887
3059,26.891,23.142,2.655
3060,27.123,24.011,3.190
3061,26.514,22.938,2.974
3062,26.581,23.904,2.727
3063,26.693,22.712,2.893
3064,27.108,23.735,2.722
3065,26.266,23.392,2.882
3066,26.265,22.663,2.939
3067,27.663,24.029,3.013
3068,25.859,23.292,2.786
3069,25.684,22.703,2.666
3070,25.610,23.216,3.102
3071,26.390,22.527,3.015
3072,26.440,24.266,3.071
3073,25.109,22.536,2.928
3074,27.455,24.240,2.747
3075,26.601,24.509,2.911
3076,26.314,23.323,2.811
3077,26.967,24.093,2.969
3078,26.716,23.278,2.916
3079,26.901,23.166,2.871
3080,25.559,23.502,2.695
3081,25.639,23.771,2.640
3082,25.762,23.261,2.709
3083,26.520,23.104,3.238
3084,26.192,22.990,2.799
3085,26.420,22.376,2.714
3086,25.650,22.697,3.122
3087,25.425,23.395,2.685
3088,25.221,23.246,2.744
3089,25.973,23.439,2.712
3090,26.761,23.877,2.931
3091,26.517,23.929,2.810
3092,27.058,23.486,2.695
3093,25.921,23.055,2.921
3094,26.853,24.010,3.452
3095,26.552,23.651,2.727
3096,25.344,23.492,3.119
3097,26.888,23.384,3.509
3098,26.508,24.169,2.751
3099,25.184,22.736,2.704
3100,26.249,24.206,2.757
3101,26.004,22.752,2.780
3102,28.181,23.883,3.023
3103,27.747,23.724,3.575
3104,27.670,23.298,3.907
3105,27.318,23.470,2.809
3106,27.148,23.721,2.865
3107,26.708,24.040,2.990
3108,26.135,23.586,2.638
3109,26.353,23.613,2.771
3110,25.329,22.545,2.817
3111,26.387,23.330,2.766
3112,25.591,22.856,2.903
3113,25.480,23.322,2.802
3114,26.244,23.915,2.838
3115,28.523,24.236,2.788
3116,27.489,23.605,2.817
3117,27.890,22.942,2.999
3118,26.295,24.460,3.123
3119,27.054,23.760,2.724
3120,26.500,23.742,2.699
3121,26.742,24.867,2.727
3122,27.122,24.063,2.688
3123,25.963,23.662,2.547
3124,26.444,23.839,2.608
3125,26.809,24.034,2.756
3126,25.902,23.339,3.634
3127,26.206,23.884,2.708
3128,25.670,23.421,2.705
3129,26.681,23.928,2.999
3130,25.677,23.741,2.753
3131,25.658,23.958,2.736
3132,25.652,22.932,2.868
3133,26.636,23.001,2.740
3134,26.317,23.842,2.766
3135,27.102,23.339,3.100
3136,26.680,23.235,2.889
3137,27.452,23.499,2.762
3138,25.657,23.083,3.591
3139,26.160,22.618,2.764
3140,28.000,24.432,2.986
3141,26.745,22.985,3.582
3142,26.643,23.563,2.766
3143,26.839,24.026,3.102
3144,26.598,23.938,2.872
3145,26.411,23.119,2.783
3146,26.008,22.842,2.883
3147,24.369,22.032,3.363
3148,24.665,22.756,3.078
3149,25.668,22.973,3.294
3150,24.561,22.582,2.863
3151,25.735,23.582,3.305
3152,25.018,22.865,2.947
3153,26.167,22.863,2.892
3154,27.179,23.255,2.785
3155,26.228,22.809,3.114
3156,26.749,24.077,2.862
3157,25.798,23.083,3.096
3158,26.398,22.944,2.762
3159,26.391,23.145,2.926
3160,27.011,23.519,2.734
3161,27.746,23.039,2.920
3162,26.019,22.928,2.661
3163,25.823,23.063,3.400
3164,27.285,23.552,2.897
3165,27.357,23.640,2.806
3166,26.093,22.645,2.753
3167,26.860,22.320,2.751
3168,26.574,23.527,3.029
3169,26.693,23.317,2.844
3170,26.758,22.909,2.833
3171,26.258,23.096,2.684
3172,26.867,22.269,2.881
3173,26.296,23.136,2.790
3174,26.058,22.320,2.852
3175,27.036,24.193,2.908
3176,27.725,23.710,2.752
3177,27.014,22.440,2.776
3178,28.784,22.918,2.841
3179,27.215,22.873,2.544
3180,27.544,22.732,2.869
3181,28.038,23.956,3.159
3182,27.397,24.197,2.984
3183,26.788,22.879,2.891
3184,28.164,22.822,2.704
3185,27.758,22.759,2.880
3186,28.304,23.667,3.206
3187,27.510,22.727,2.923
3188,27.266,22.324,2.713
3189,27.352,22.701,3.167
3190,28.059,23.817,2.726
3191,27.595,23.062,3.074
3192,26.944,22.756,2.842
3193,26.718,23.163,2.850
3194,27.489,23.314,2.695
3195,27.037,23.305,2.649
3196,27.366,23.535,2.731
3197,26.783,22.665,2.788
3198,27.180,22.762,2.825
3199,27.844,23.997,2.900
3200,27.141,22.717,2.734
3201,26.666,23.052,3.145
3202,27.732,23.988,2.911
3203,25.768,22.736,2.993
3204,26.483,22.465,3.042
3205,26.831,23.062,2.946
3206,27.578,23.025,2.915
3207,27.670,23.259,3.119
3208,29.903,23.809,2.940
3209,29.740,21.280,2.767
3210,30.017,21.618,2.671
3211,30.502,23.709,3.141
3212,29.654,21.584,2.607
3213,30.530,23.662,2.705
3214,29.233,22.986,2.660
3215,29.354,22.497,2.749
3216,28.898,22.784,3.537
3217,29.633,22.869,2.899
3218,29.076,22.226,2.807
3219,29.120,22.296,2.988
3220,29.324,21.727,2.874
3221,29.386,23.526,2.718
3222,29.138,22.107,2.656
3223,30.122,22.487,2.815
3224,29.018,23.548,2.873
3225,28.622,23.404,2.953
3226,28.676,22.851,3.034
3227,29.606,23.240,2.735
3228,29.730,22.736,2.836
3229,29.152,22.734,3.073
3230,29.121,22.990,3.087
3231,29.107,22.047,2.941
3232,30.215,22.870,2.927
3233,30.092,23.683,3.156
3234,28.837,24.017,2.965
3235,29.623,23.136,2.652
3236,29.396,22.390,2.944
3237,28.752,23.272,3.447
3238,30.229,24.633,2.691
3239,29.477,24.607,2.819
3240,30.354,23.203,2.767
3241,31.150,22.846,2.684
3242,30.186,22.988,3.158
3243,29.521,25.388,2.969
3244,30.249,24.101,2.567
3245,30.128,22.720,2.796
3246,30.372,23.652,2.730
3247,28.932,22.550,3.602
3248,28.673,23.021,2.827
3249,29.222,22.459,3.438
3250,29.348,22.607,2.786
3251,30.643,23.419,3.217
3252,28.661,23.650,2.982
3253,29.911,23.885,2.554
3254,29.759,23.624,3.375
3255,30.333,23.751,3.053
3256,30.850,23.166,2.739
3257,28.388,23.670,2.784
3258,28.013,24.208,2.780
3259,27.446,24.123,2.849
3260,28.092,23.556,2.890
3261,27.467,23.318,3.807
3262,28.203,23.051,2.955
3263,27.246,22.989,3.034
3264,25.975,22.156,3.517
3265,27.054,22.308,2.916
3266,27.583,24.575,2.940
3267,27.154,23.699,3.047
3268,27.077,23.606,2.852
3269,27.912,25.348,3.042
3270,27.498,23.356,2.950
3271,27.829,25.888,2.645
3272,26.345,22.966,2.881
3273,27.386,23.286,3.025
3274,26.865,23.246,2.800
3275,26.529,23.569,3.074
3276,27.763,23.116,2.912
3277,27.541,23.510,2.797
3278,27.615,24.033,3.045
3279,27.684,23.700,3.078
3280,27.635,24.411,2.989
3281,27.664,23.918,2.768
3282,27.152,22.919,2.731
3283,28.014,23.764,3.193
3284,27.412,24.245,3.610
3285,27.589,24.224,3.425
3286,27.687,22.176,3.646
3287,26.480,23.536,2.807
3288,27.874,24.116,2.778
3289,26.729,23.191,3.194
3290,26.885,24.188,2.865
3291,25.945,23.484,2.849
3292,25.940,23.408,2.721
3293,26.600,23.556,3.377
3294,27.453,23.295,2.996
3295,27.570,24.694,3.203
3296,27.404,24.409,2.761
3297,27.069,24.032,3.056
3298,28.197,24.534,2.742
3299,27.089,23.277,2.952
3300,26.682,22.363,2.840
3301,25.954,23.334,2.586
3302,26.579,23.686,2.984
3303,25.760,22.992,3.118
3304,26.975,23.580,2.777
3305,27.002,24.943,3.050
3306,27.654,23.330,2.786
3307,27.092,23.430,3.143
3308,26.467,23.206,3.075
3309,26.662,24.123,2.992
3310,25.980,22.304,2.759
3311,26.264,22.608,2.688
3312,24.959,23.096,3.016
3313,26.573,22.794,2.611
3314,26.399,22.538,2.718
3315,27.036,23.160,2.775
3316,28.456,23.315,2.974
3317,26.702,24.524,2.850
3318,25.958,22.763,2.861
3319,26.732,22.792,2.907
3320,25.958,23.734,2.721
3321,26.541,23.304,3.385
3322,25.562,22.752,2.975
3323,26.542,23.415,3.215
3324,26.427,22.987,2.798
3325,27.576,23.555,2.959
3326,26.925,22.645,2.736
3327,27.039,21.618,2.800
3328,26.469,21.366,3.198
3329,25.911,22.135,2.875
3330,27.247,21.527,2.752
3331,26.239,21.968,2.932
3332,27.359,22.873,3.852
3333,26.777,22.201,2.732
3334,26.177,23.415,2.602
3335,26.707,23.515,3.020
3336,26.678,23.826,2.990
3337,25.790,23.002,2.921
3338,26.050,23.858,2.689
3339,26.045,24.276,4.086
3340,26.410,23.236,2.685
3341,27.480,22.890,2.783
3342,29.005,23.093,2.758
3343,28.934,22.067,3.057
3344,26.606,23.490,2.833
3345,26.366,23.772,3.081
3346,26.997,24.312,2.905
3347,26.844,23.839,2.949
3348,26.852,23.233,2.925
3349,27.006,24.485,2.853
3350,27.332,23.666,2.879
3351,26.531,23.350,3.100
3352,27.094,23.525,2.820
3353,26.497,21.615,3.046
3354,26.544,22.951,3.142
3355,26.864,24.756,3.337
3356,27.205,23.918,2.856
3357,26.982,23.521,2.708
3358,26.107,23.761,3.112
3359,26.953,23.018,3.774
3360,26.526,23.219,2.736
3361,26.353,23.959,3.121
3362,26.954,22.836,2.957
3363,27.016,23.443,2.878
3364,28.006,23.326,2.795
3365,27.987,23.495,3.221
3366,27.298,24.460,3.349
3367,26.829,22.565,2.777
3368,27.659,23.386,2.843
3369,27.605,22.968,3.000
3370,27.733,23.428,2.705
3371,26.604,25.104,2.884
3372,26.056,22.936,2.788
3373,27.580,24.827,2.794
3374,28.134,24.803,2.855
3375,28.155,23.897,3.012
3376,29.296,25.342,3.122
3377,27.590,24.865,2.831
3378,26.726,24.826,2.969
3379,29.012,25.557,2.835
3380,27.742,24.822,2.766
3381,27.126,23.690,3.404
3382,27.059,22.328,3.059
3383,27.838,23.324,2.891
3384,26.877,24.120,2.747
3385,26.033,22.154,2.821
3386,26.146,22.532,2.746
3387,26.876,23.601,2.938
3388,26.449,22.686,3.030
3389,27.302,24.011,2.850
3390,26.767,23.757,3.147
3391,27.870,24.397,2.879
3392,26.996,23.183,3.129
3393,27.800,23.412,2.727
3394,27.973,23.996,2.718
3395,26.417,24.086,3.139
3396,27.607,24.122,3.294
3397,26.765,24.409,2.949
3398,27.998,24.690,2.896
3399,27.776,23.679,3.099
3400,27.266,24.920,2.865
3401,27.311,24.119,2.814
3402,27.155,24.426,3.002
3403,27.540,24.333,3.284
3404,27.262,24.768,3.281
3405,28.111,25.459,2.749
3406,26.902,24.302,2.928
3407,26.777,23.459,2.989
3408,27.352,23.283,3.742
3409,26.413,22.710,2.750
3410,26.401,24.025,2.906
3411,26.758,24.224,2.844
3412,27.962,23.416,3.089
3413,27.836,24.215,2.906
3414,26.456,23.545,2.906
3415,26.879,23.515,2.962
3416,25.962,23.686,2.987
3417,25.774,22.590,2.764
3418,26.279,24.074,3.626
3419,26.024,22.948,2.806
3420,26.313,23.398,3.772
3421,27.308,23.607,3.088
3422,26.376,22.849,2.971
3423,27.050,22.672,2.969
3424,27.160,21.936,2.798
3425,26.155,23.368,3.002
3426,27.184,23.036,2.943
3427,25.763,22.916,3.038
3428,28.174,22.548,2.927
3429,29.357,23.496,2.763
3430,27.454,23.884,2.800
3431,28.236,23.414,2.623
3432,25.643,22.813,3.364
3433,26.166,22.995,2.788
3434,26.932,23.614,3.438
3435,26.493,23.773,2.680
3436,26.767,23.110,3.202
3437,26.578,24.308,2.729
3438,26.329,24.142,3.317
3439,26.645,24.967,2.701
3440,26.327,24.299,2.735
3441,27.106,25.430,2.944
3442,26.367,24.182,4.528
3443,25.770,24.307,2.887
3444,26.636,24.480,4.304
3445,27.172,24.314,3.029
3446,27.882,25.323,2.962
3447,27.228,24.388,2.890
3448,27.841,25.352,2.817
3449,28.154,24.517,2.884
3450,27.511,25.104,2.855
3451,29.658,24.273,2.746
3452,29.851,24.328,2.762
3453,29.496,24.937,3.241
3454,27.394,24.726,2.972
3455,29.485,24.790,3.196
3456,29.080,23.670,2.980
3457,28.312,23.648,3.075
3458,29.668,25.126,2.651
3459,28.446,24.669,2.864
3460,26.945,24.198,2.643
3461,26.098,23.146,2.738
3462,25.790,23.564,4.233
3463,26.063,23.452,2.719
3464,25.338,23.929,2.874
3465,25.269,23.302,4.895
3466,25.657,23.614,2.999
3467,25.594,22.880,2.849
3468,25.344,22.881,2.634
3469,26.954,23.985,2.675
3470,26.789,23.398,2.849
3471,26.937,25.245,3.373
3472,25.738,23.840,2.875
3473,26.781,23.420,2.921
3474,25.245,23.267,2.976
3475,26.461,22.791,2.700
3476,26.621,23.817,3.019
3477,25.284,23.412,2.971
3478,26.108,22.897,3.113
3479,26.807,23.495,2.658
3480,27.143,24.092,3.105
3481,24.963,22.515,4.009
3482,26.371,25.044,4.631
3483,25.803,24.205,3.397
3484,25.692,23.868,2.794
3485,26.597,24.176,3.059
3486,26.361,24.000,2.800
3487,26.026,24.747,2.875
3488,26.530,27.493,2.719
3489,26.450,25.947,3.059
3490,25.717,24.530,2.731
3491,26.135,25.257,2.620
3492,25.126,24.187,3.209
3493,26.089,26.053,2.978
3494,26.993,26.520,3.091
3495,26.322,26.375,2.958
3496,26.540,25.789,2.850
3497,25.875,22.764,2.885
3498,26.259,24.177,2.917
3499,28.066,23.852,2.827
3500,25.558,23.694,2.916
3501,26.985,23.573,2.724
3502,26.635,24.816,2.929
3503,25.986,23.506,2.741
3504,26.010,22.578,2.984
3505,25.184,23.124,2.703
3506,25.578,22.567,2.760
3507,27.193,22.922,3.021
3508,26.926,22.681,2.804
3509,26.822,22.632,2.884
3510,26.539,22.161,2.876
3511,26.707,22.900,2.997
3512,26.098,22.587,3.198
3513,26.168,21.756,2.664
3514,26.454,23.930,2.827
3515,26.210,23.860,2.886
3516,26.756,24.533,2.606
3517,26.558,23.874,3.029
3518,27.682,24.372,2.636
3519,25.545,21.917,2.627
3520,26.169,22.762,2.905
3521,27.280,24.322,2.673
3522,27.816,23.811,2.879
3523,27.080,23.959,3.157
3524,26.706,23.877,2.730
3525,27.681,23.875,2.710
3526,27.312,23.348,2.859
3527,26.985,23.529,3.115
3528,27.636,24.042,2.658
3529,26.608,22.959,2.908
3530,28.016,24.135,2.731
3531,27.015,23.944,3.083
3532,26.024,22.520,2.731
3533,26.464,23.388,3.611
3534,26.110,22.310,3.196
3535,26.394,22.243,2.885
3536,28.055,22.929,2.716
3537,27.752,22.985,2.832
3538,26.781,22.919,3.022
3539,27.641,22.504,3.256
3540,27.753,21.740,2.985
3541,27.153,23.485,2.915
3542,28.065,24.537,2.754
3543,26.911,22.574,3.218
3544,26.956,23.914,3.518
3545,27.378,23.895,2.801
3546,27.427,24.575,2.964
3547,27.765,23.285,2.924
3548,27.005,22.899,2.759
3549,27.461,24.121,2.621
3550,28.242,24.110,2.803
3551,27.240,22.839,3.120
3552,26.820,23.599,2.866
3553,27.641,25.550,2.809
3554,27.155,23.414,2.843
3555,27.786,23.996,2.867
3556,25.824,23.514,2.856
3557,26.714,23.310,2.752
3558,25.595,23.008,2.712
3559,25.260,22.858,2.862
3560,26.059,23.554,3.353
3561,26.811,24.212,2.863
3562,27.722,25.150,2.881
3563,27.111,24.568,2.838
3564,26.872,23.984,2.742
3565,29.631,24.282,3.397
3566,28.284,23.895,2.760
3567,28.972,23.821,2.902
3568,29.186,24.519,2.806
3569,26.505,23.486,3.165
3570,26.630,23.745,2.663
3571,27.192,23.030,2.806
3572,26.394,23.405,3.402
3573,26.475,24.255,2.913
3574,25.818,23.025,3.628
3575,25.428,23.099,2.965
3576,25.841,22.991,2.936
3577,26.492,23.722,3.230
3578,25.659,24.252,3.267
3579,25.749,23.095,2.848
3580,25.742,23.144,2.985
3581,26.637,23.320,2.698
3582,25.651,23.956,2.667
3583,25.999,22.994,3.097
3584,26.626,24.391,2.949
3585,25.317,22.764,2.650
3586,25.476,23.086,2.831
3587,26.621,23.273,3.575
3588,25.863,22.989,3.192
3589,26.018,22.608,2.731
3590,25.813,23.497,2.691
3591,25.989,22.786,2.622
3592,26.173,23.795,2.927
3593,25.117,21.638,3.189
3594,25.775,22.894,3.294
3595,26.965,24.393,3.538
3596,26.550,24.088,4.249
3597,26.040,23.847,4.356
3598,26.021,24.348,2.848
3599,25.633,24.154,2.774
3600,25.880,23.310,2.935
3601,26.618,24.149,2.766
3602,26.676,24.390,2.836
3603,25.034,24.034,3.304
3604,25.428,24.393,2.780
3605,26.489,24.066,2.617
3606,25.845,24.142,2.723
3607,26.687,24.075,2.847
3608,26.890,24.164,2.726
3609,25.827,24.527,2.770
3610,25.934,24.612,2.915
3611,26.021,24.370,2.756
3612,25.640,23.581,2.976
3613,26.335,24.414,3.157
3614,27.461,24.361,3.382
3615,25.443,24.462,2.732
3616,25.759,23.261,4.113
3617,25.673,23.831,2.939
3618,26.535,24.755,2.714
3619,27.056,24.826,2.953
3620,26.918,24.793,2.737
3621,26.261,24.068,2.836
3622,27.171,25.057,2.826
3623,25.951,23.740,3.231
3624,25.638,24.039,3.052
3625,26.386,24.344,2.774
3626,25.973,24.114,2.864
3627,25.695,23.119,4.300
3628,27.114,24.166,2.808
3629,26.781,23.548,2.742
3630,28.110,25.024,3.049
3631,26.299,23.770,2.731
3632,25.849,23.463,2.963
3633,26.961,24.103,2.797
3634,26.147,24.347,2.682
3635,25.659,25.067,2.862
3636,25.436,24.496,2.892
3637,25.776,24.242,2.888
3638,24.640,22.844,2.826
3639,25.092,23.133,3.008
3640,25.104,23.745,2.775
3641,24.706,23.049,3.281
3642,25.660,23.522,2.736
3643,25.622,23.368,2.719
3644,24.502,22.699,2.879
3645,25.508,22.689,2.996
3646,25.921,22.876,2.689
3647,26.144,24.087,2.767
3648,25.593,23.318,2.864
3649,25.374,23.192,2.979
3650,26.267,24.274,3.031
3651,26.925,24.714,2.680
3652,26.712,23.959,2.777
3653,25.329,24.076,3.608
3654,25.753,24.029,2.934
3655,27.390,23.195,2.701
3656,27.211,24.111,3.429
3657,26.933,23.814,2.781
3658,25.818,25.847,3.013
3659,25.149,25.198,2.944
3660,25.529,24.623,2.938
3661,26.261,25.407,2.706
3662,26.410,24.865,3.035
3663,25.011,23.232,2.891
3664,25.140,24.397,2.749
3665,25.088,24.617,2.748
3666,25.264,24.806,2.940
3667,25.570,24.336,3.082
3668,25.723,24.967,2.835
3669,26.301,24.557,2.778
3670,25.897,24.212,2.888
3671,25.305,24.765,2.664
3672,26.146,24.611,3.065
3673,26.392,24.505,2.867
3674,25.951,24.890,2.980
3675,25.917,23.801,3.165
3676,26.409,24.831,2.716
3677,25.301,24.076,2.882
3678,25.929,25.486,2.987
3679,26.005,25.038,3.037
3680,26.340,24.477,2.695
3681,26.634,25.350,2.875
3682,26.840,25.425,3.344
3683,26.617,25.413,2.986
3684,27.188,24.925,2.762
3685,26.282,24.493,2.870
3686,25.959,24.626,2.876
3687,26.236,24.949,2.733
3688,26.428,24.338,2.868
3689,24.968,23.814,3.065
3690,27.035,24.259,2.831
3691,25.841,23.166,2.885
3692,26.208,24.183,3.014
3693,27.659,25.307,2.889
3694,27.047,24.694,2.947
3695,26.067,23.265,2.905
3696,26.794,23.747,2.699
3697,27.186,24.139,3.217
3698,26.681,22.387,3.162
3699,26.715,23.197,2.836
3700,26.919,25.621,2.976
3701,26.405,24.085,3.055
3702,27.219,24.005,2.942
3703,26.990,24.367,2.715
3704,27.376,23.622,2.840
3705,26.120,23.338,2.874
3706,26.137,23.233,3.196
3707,26.908,24.518,3.255
3708,26.994,24.701,3.027
3709,26.906,25.114,2.697
3710,27.584,24.771,2.787
3711,25.959,23.957,3.041
3712,26.389,24.278,2.888
3713,26.027,22.736,2.764
3714,25.290,23.610,2.766
3715,25.715,23.913,2.681
3716,25.357,23.805,3.078
3717,25.459,23.298,2.705
3718,25.053,23.344,2.846
3719,25.816,24.440,2.732
3720,25.688,23.854,3.272
3721,25.611,24.047,2.873
3722,25.358,23.597,3.090
3723,24.721,23.046,3.021
3724,25.517,23.788,2.985
3725,25.631,24.354,3.141
3726,25.253,23.851,2.930
3727,26.010,23.984,2.906
3728,26.174,23.220,2.935
3729,25.733,22.917,3.135
3730,26.334,24.728,3.172
3731,25.439,23.061,2.627
3732,27.344,24.445,3.042
3733,25.459,24.374,2.900
3734,25.529,22.857,2.937
3735,26.418,24.267,2.667
3736,25.627,23.774,3.296
3737,25.201,23.614,3.094
3738,25.962,24.052,2.769
3739,25.265,24.159,2.909
3740,25.148,24.604,2.609
3741,26.049,24.953,2.744
3742,24.914,23.925,2.868
3743,24.925,24.642,2.925
3744,24.686,24.358,2.781
3745,24.685,24.267,3.112
3746,24.773,23.501,2.717
3747,24.735,24.369,3.024
3748,23.986,23.861,2.820
3749,25.083,24.163,2.596
3750,24.985,24.099,2.782
3751,25.103,23.745,2.745
3752,23.963,24.220,2.949
3753,24.279,23.597,3.216
3754,25.060,23.980,2.713
3755,24.576,22.745,2.849
3756,25.318,23.463,2.765
3757,25.424,23.233,2.802
3758,25.098,24.108,2.828
3759,24.644,23.811,2.762
3760,25.389,24.405,2.851
3761,24.612,24.588,2.758
3762,25.283,25.268,3.137
3763,24.712,24.420,2.799
3764,25.877,24.589,2.831
3765,25.049,23.788,3.144
3766,24.881,23.395,2.713
3767,24.374,23.440,2.784
3768,25.643,23.472,2.779
3769,27.334,21.981,2.605
3770,29.034,23.808,2.713
3771,26.515,23.799,2.636
3772,27.563,23.211,2.843
3773,28.018,23.084,2.750
3774,26.095,23.486,2.688
3775,25.774,22.843,2.588
3776,25.540,22.355,2.688
3777,26.164,24.072,2.766
3778,25.502,23.192,2.879
3779,26.414,23.540,3.111
3780,25.629,22.900,2.813
3781,24.527,22.238,3.001
3782,25.522,23.568,2.786
3783,26.231,22.719,2.881
3784,25.839,23.542,3.005
3785,24.630,22.530,2.817
3786,25.349,23.013,3.004
3787,25.787,24.255,3.421
3788,25.643,24.060,2.963
3789,25.238,22.415,2.677
3790,25.317,23.664,2.743
3791,26.866,22.968,3.158
3792,25.033,22.407,2.914
3793,25.969,22.537,2.813
3794,25.298,22.235,2.953
3795,24.748,22.270,3.093
3796,25.477,23.254,3.215
3797,25.066,22.116,2.747
3798,27.387,22.214,2.860
3799,27.170,21.625,2.889
3800,24.514,22.106,3.095
3801,25.795,22.664,3.093
3802,25.258,22.318,3.354
3803,25.306,23.047,3.254
3804,26.555,23.088,2.664
3805,26.307,22.725,2.979
3806,25.161,21.874,3.052
3807,25.891,21.883,3.225
3808,25.648,22.242,2.795
3809,26.108,22.762,3.059
3810,25.834,23.462,2.825
3811,26.131,22.015,2.906
3812,26.815,22.918,2.927
3813,25.620,23.649,3.012
3814,25.701,22.545,2.985
3815,25.319,22.670,2.834
3816,25.283,21.865,2.733
3817,24.749,22.652,2.826
3818,25.669,23.841,2.886
3819,25.073,23.077,2.749
3820,26.253,22.581,2.766
3821,25.124,21.580,3.047
3822,24.978,22.640,2.817
3823,25.605,22.194,2.568
3824,26.548,22.617,3.018
3825,25.935,22.302,2.669
3826,26.412,22.732,2.901
3827,25.507,22.585,2.784
3828,25.256,22.067,2.882
3829,25.714,22.443,2.846
3830,27.060,23.487,2.625
3831,26.354,23.142,2.888
3832,26.876,23.367,3.006
3833,27.014,23.638,3.134
3834,25.719,22.558,2.864
3835,25.369,22.097,2.643
3836,28.111,22.701,2.826
3837,28.096,21.678,2.775
3838,28.292,21.887,2.580
3839,27.295,21.362,2.837
3840,26.994,21.552,2.831
3841,25.328,20.935,3.009
3842,27.663,21.732,2.762
3843,28.078,20.910,2.570
3844,27.375,22.150,2.797
3845,28.735,23.129,3.099
3846,28.270,22.333,2.766
3847,28.396,22.793,2.766
3848,26.647,22.321,2.812
3849,27.001,23.202,4.208
3850,26.913,22.619,2.979
3851,28.230,22.689,2.688
3852,27.072,22.433,2.811
3853,28.035,21.844,2.681
3854,28.119,22.279,2.869
3855,27.090,21.731,2.704
3856,28.496,22.171,2.772
3857,28.067,22.500,2.947
3858,25.395,22.066,2.745
3859,26.025,22.314,2.784
3860,25.364,21.731,2.969
3861,26.370,22.148,2.845
3862,26.451,22.690,2.860
3863,25.246,22.057,2.765
3864,26.521,22.884,2.667
3865,26.658,22.367,2.944
3866,26.944,23.149,2.812
3867,26.219,22.341,2.875
3868,25.338,23.024,2.658
3869,25.673,22.322,2.757
3870,24.747,21.010,2.788
3871,25.447,21.628,2.781
3872,25.221,22.156,3.019
3873,26.012,21.545,2.857
3874,25.861,21.153,2.916
3875,24.758,20.628,3.061
3876,25.892,21.866,2.841
3877,25.427,21.496,2.867
3878,25.781,22.453,2.891
3879,26.112,22.415,2.734
3880,26.422,22.955,2.934
3881,26.224,22.511,2.860
3882,25.577,22.200,2.844
3883,25.516,22.207,2.738
3884,25.648,22.020,2.977
3885,25.604,21.508,3.066
3886,25.949,20.757,2.795
3887,25.208,22.085,3.041
3888,25.828,22.540,2.698
3889,26.790,22.115,3.391
3890,26.308,23.086,3.108
3891,25.655,22.174,2.791
3892,26.406,22.261,2.784
3893,26.773,22.692,2.968
3894,25.865,21.129,2.823
3895,25.967,22.240,2.807
3896,26.026,21.822,3.123
3897,24.958,21.675,3.215
3898,25.923,21.478,2.735
3899,25.435,20.371,2.832
3900,26.574,23.094,2.729
3901,25.815,21.490,2.679
3902,26.337,22.301,2.877
3903,28.264,21.194,2.793
3904,27.148,21.917,2.735
3905,26.351,23.421,2.836
3906,25.796,22.326,3.055
3907,26.628,22.365,2.847
3908,26.799,22.757,3.319
3909,28.262,22.069,3.193
3910,30.061,23.067,3.232
3911,27.455,22.620,2.887
3912,27.066,22.521,2.620
3913,26.771,22.086,2.823
3914,26.374,21.952,2.774
3915,27.950,24.035,2.846
3916,27.751,22.834,2.671
3917,26.403,21.647,2.636
3918,27.274,23.294,2.926
3919,27.304,23.156,2.921
3920,25.819,22.246,2.777
3921,26.041,23.406,2.922
3922,26.070,23.395,3.476
3923,25.715,22.552,3.027
3924,26.054,23.120,3.042
3925,26.219,22.686,2.967
3926,26.329,23.872,2.667
3927,26.315,23.415,3.120
3928,26.770,22.450,2.825
3929,25.832,22.755,3.057
3930,26.290,23.345,3.665
3931,26.463,22.500,2.658
3932,26.251,22.607,3.126
3933,29.081,23.052,2.800
3934,27.185,22.335,3.009
3935,28.459,23.500,3.460
3936,27.261,22.038,2.926
3937,27.176,22.282,2.662
3938,27.677,23.710,2.719
3939,28.326,22.956,2.768
3940,26.346,23.115,3.025
3941,26.308,23.856,3.061
3942,26.541,22.711,2.814
3943,25.738,21.932,3.292
3944,26.098,23.784,2.962
3945,26.818,22.531,2.845
3946,26.878,23.342,4.161
3947,26.623,22.847,2.802
3948,26.694,24.211,2.806
3949,25.608,22.267,2.889
3950,26.175,23.583,2.855
3951,26.454,23.704,2.971
3952,27.050,24.300,3.107
3953,25.634,22.554,3.029
3954,25.941,23.159,2.733
3955,25.906,23.721,2.935
3956,26.586,22.585,3.071
3957,27.227,23.174,2.730
3958,26.883,23.596,3.679
3959,26.557,23.159,2.599
3960,26.416,22.896,3.192
3961,26.834,22.976,2.770
3962,26.534,22.958,2.912
3963,25.466,22.161,2.914
3964,25.453,21.658,2.813
3965,25.805,23.798,2.847
3966,25.981,22.020,2.884
3967,24.521,22.129,2.917
3968,25.183,22.379,3.026
3969,24.943,21.987,3.042
3970,26.718,23.915,2.980
3971,25.476,22.224,2.690
3972,26.050,23.951,2.937
3973,26.848,23.299,2.803
3974,29.573,23.657,2.783
3975,29.565,25.188,2.849
3976,26.870,24.053,2.922
3977,26.616,22.371,2.729
3978,28.837,23.116,2.810
3979,28.265,23.429,2.835
3980,27.933,23.017,2.770
3981,27.842,22.830,3.078
3982,28.168,22.319,2.873
3983,29.267,23.141,2.979
3984,28.441,22.267,3.187
3985,28.231,23.523,2.960
3986,28.455,23.651,2.893
3987,28.164,23.497,2.753
3988,28.690,23.259,2.913
3989,28.323,22.963,2.791
3990,28.983,23.396,2.956
3991,26.645,23.207,2.748
3992,25.862,22.666,2.835
3993,25.500,23.416,3.186
3994,26.945,24.240,2.708
3995,26.123,23.439,2.876
3996,27.440,23.067,2.775
3997,26.914,23.169,2.855
3998,26.506,22.468,2.748
3999,26.237,21.509,3.321
4000,25.922,22.178,2.822
4001,25.519,21.968,4.056
4002,27.838,23.466,2.823
4003,28.033,22.721,3.117
4004,28.625,21.590,2.807
4005,29.166,23.793,2.700
4006,29.281,23.101,2.850
4007,29.269,23.012,2.733
4008,29.029,23.224,3.005
4009,28.133,23.197,3.073
4010,27.906,22.343,3.005
4011,27.029,20.881,2.693
4012,28.222,21.019,2.930
4013,29.390,23.421,2.879
4014,25.373,23.084,2.789
4015,25.478,23.359,2.786
4016,24.802,22.379,4.076
4017,25.913,22.884,3.631
4018,25.567,23.672,2.888
4019,24.642,21.189,3.000
4020,26.168,21.902,2.603
4021,25.929,21.694,3.734
4022,25.712,21.873,2.849
4023,25.049,22.253,2.793
4024,25.492,22.164,2.888
4025,25.528,22.252,2.917
4026,24.998,22.034,3.452
4027,25.857,22.715,2.990
4028,25.735,22.345,2.857
4029,26.050,23.632,2.977
4030,24.818,22.185,3.037
4031,25.051,21.862,2.796
4032,25.844,22.217,2.872
4033,27.108,23.862,2.742
4034,25.088,22.754,3.637
4035,26.370,22.388,3.069
4036,25.043,22.714,2.646
4037,26.113,22.945,2.703
4038,25.607,22.654,2.842
4039,25.902,23.406,2.906
4040,26.484,22.737,3.167
4041,26.659,23.604,2.910
4042,25.346,22.836,2.709
4043,25.860,23.188,2.861
4044,25.639,22.422,2.934
4045,25.837,22.375,2.645
4046,24.846,21.883,2.819
4047,26.460,22.850,2.955
4048,26.668,23.128,2.833
4049,27.272,23.511,2.969
4050,26.698,23.430,2.795
4051,27.616,22.854,2.906
4052,27.954,23.269,2.809
4053,28.492,23.540,2.611
4054,27.308,23.189,3.126
4055,28.043,22.235,2.918
4056,27.202,24.263,4.163
4057,28.121,22.374,3.055
4058,25.734,23.277,3.138
4059,27.545,23.747,3.186
4060,26.025,23.395,3.817
4061,25.703,23.369,4.023
4062,25.856,22.885,2.730
4063,26.668,23.705,3.107
4064,26.236,22.251,2.783
4065,26.394,22.615,3.770
4066,26.421,21.641,4.212
4067,25.580,22.245,4.536
4068,29.656,22.930,2.893
4069,26.590,23.012,4.628
4070,26.236,23.771,4.512
4071,25.923,23.212,3.440
4072,25.514,21.628,3.730
4073,26.660,22.836,4.227
4074,25.752,21.689,4.577
4075,26.344,22.865,4.122
4076,26.301,22.796,4.474
4077,25.884,24.338,4.194
4078,26.963,22.676,4.251
4079,28.210,23.709,3.812
4080,27.492,22.707,3.940
4081,27.965,22.898,4.132
4082,28.829,23.685,2.963
4083,26.672,23.425,3.313
4084,26.818,23.588,2.910
4085,27.513,23.029,2.743
4086,27.010,23.643,2.715
4087,26.593,22.708,2.753
4088,27.256,23.130,3.662
4089,26.889,24.195,4.267
4090,26.666,24.384,4.142
4091,26.848,24.747,4.284
4092,25.760,22.947,3.389
4093,26.635,22.160,2.979
4094,26.139,24.396,2.851
4095,26.685,23.931,2.845
4096,25.750,23.037,2.841
4097,26.129,23.502,3.430
4098,24.595,21.262,3.950
4099,25.582,22.181,3.117
4100,25.407,22.932,2.835
4101,24.868,22.601,3.317
4102,25.867,23.742,2.912
4103,26.041,22.637,2.723
4104,25.864,22.225,3.092
4105,26.261,22.689,2.852
4106,26.095,23.084,2.921
4107,25.326,21.910,3.014
4108,26.385,23.528,2.742
4109,25.132,22.775,2.750
4110,25.804,22.105,3.065
4111,26.006,23.265,3.321
4112,25.277,22.614,3.793
4113,24.871,22.729,2.909
4114,24.841,22.461,3.394
4115,25.105,22.645,2.823
4116,25.838,23.509,2.999
4117,25.459,23.239,3.117
4118,26.702,23.897,2.868
4119,26.233,22.435,2.801
4120,28.018,23.240,3.304
4121,28.063,23.123,3.081
4122,27.519,23.851,2.854
4123,28.896,23.624,3.048
4124,27.731,22.976,2.924
4125,28.138,23.541,2.814
4126,28.999,21.870,3.059
4127,28.024,22.697,2.881
4128,28.781,23.919,2.695
4129,26.025,21.342,3.786
4130,25.570,22.072,3.531
4131,26.208,22.232,2.994
4132,26.619,22.737,3.279
4133,26.383,22.512,2.826
4134,26.111,21.837,3.046
4135,26.328,23.033,2.733
4136,25.844,22.559,2.896
4137,26.306,22.889,2.654
4138,26.876,23.277,2.977
4139,26.544,23.285,2.768
4140,25.788,21.850,2.854
4141,26.315,22.822,2.653
4142,27.227,22.536,2.713
4143,27.516,22.826,2.871
4144,27.202,21.786,2.867
4145,27.058,23.766,2.933
4146,25.735,22.692,2.793
4147,25.203,20.820,3.481
4148,25.947,22.271,2.793
4149,26.464,21.386,2.694
4150,26.197,22.091,2.730
4151,28.196,21.295,3.019
4152,26.730,22.925,2.937
4153,25.674,22.287,2.981
4154,26.528,23.090,2.985
4155,27.085,23.988,3.063
4156,26.616,23.517,3.600
4157,27.262,23.639,2.940
4158,26.145,23.529,2.705
4159,26.763,23.387,2.669
4160,26.735,23.363,2.896
4161,26.395,23.167,2.672
4162,26.213,23.179,2.803
4163,25.612,22.507,3.505
4164,26.385,23.365,2.861
4165,25.144,23.413,3.108
4166,25.207,23.167,2.926
4167,25.742,22.750,2.723
4168,25.220,22.539,2.943
4169,26.516,22.752,2.807
4170,27.733,24.157,2.722
4171,26.006,23.042,2.789
4172,27.075,23.822,2.727
4173,26.308,23.735,3.025
4174,25.903,23.273,2.935
4175,25.755,23.649,3.193
4176,26.282,23.147,3.351
4177,26.492,22.124,2.970
4178,28.281,23.352,2.889
4179,29.102,22.587,3.008
4180,28.783,23.598,2.784
4181,28.484,23.353,3.610
4182,30.165,23.350,4.500
4183,28.143,22.998,3.722
4184,28.040,22.934,4.922
4185,28.529,23.985,4.778
4186,30.152,24.442,4.257
4187,29.789,23.985,4.685
4188,29.541,24.492,5.032
4189,28.264,24.133,3.984
4190,29.737,23.015,2.782
4191,29.374,24.240,3.570
4192,30.614,23.863,2.849
4193,29.586,23.626,2.656
4194,29.085,23.833,2.990
4195,26.116,22.821,3.306
4196,26.269,21.677,2.729
4197,26.676,23.106,2.757
4198,25.895,22.023,2.849
4199,26.043,22.740,2.969
4200,26.173,21.497,2.938
4201,26.735,24.089,3.276
4202,25.359,22.699,3.011
4203,27.266,24.567,3.326
4204,26.765,23.016,2.915
4205,27.163,23.249,3.042
4206,26.986,22.769,2.866
4207,26.464,23.030,2.790
4208,26.814,23.839,2.945
4209,27.055,22.384,2.788
4210,25.653,22.788,2.960
4211,26.482,23.506,3.055
4212,26.200,23.954,2.823
4213,26.126,23.187,2.811
4214,26.846,23.853,3.323
4215,26.687,23.496,2.925
4216,25.980,22.762,3.108
4217,27.113,23.823,2.852
4218,26.185,23.588,2.842
4219,27.033,23.892,2.724
4220,25.766,23.105,2.794
4221,27.796,23.924,2.722
4222,26.246,22.773,2.841
4223,26.125,22.163,2.761
4224,26.918,23.033,4.582
4225,25.857,22.424,3.823
4226,25.151,22.965,3.705
4227,25.944,23.208,2.744
4228,26.730,21.904,2.755
4229,25.842,23.689,2.845
4230,26.146,22.299,3.069
4231,25.824,23.070,2.703
4232,28.597,22.885,2.971
4233,28.245,21.895,2.735
4234,28.541,23.214,3.086
4235,27.007,24.015,2.936
4236,25.830,23.125,2.930
4237,25.224,22.807,3.900
4238,26.584,22.886,2.613
4239,26.322,22.325,2.883
4240,25.461,21.740,3.241
4241,27.141,24.428,2.718
4242,27.018,23.513,3.255
4243,25.530,22.469,2.805
4244,26.404,22.853,2.709
4245,27.345,23.750,2.880
4246,25.949,22.378,3.145
4247,27.861,24.966,3.145
4248,29.238,23.774,2.919
4249,29.333,24.786,2.746
4250,29.005,24.550,3.164
4251,26.785,22.395,2.965
4252,27.688,22.945,2.785
4253,27.548,21.305,2.674
4254,27.983,23.976,2.889
4255,26.709,22.279,2.939
4256,25.911,23.331,2.993
4257,26.683,23.334,2.848
4258,25.717,22.550,2.796
4259,25.052,22.256,3.269
4260,26.096,22.553,2.961
4261,25.292,22.570,2.784
4262,26.271,22.300,3.082
4263,24.904,22.809,2.728
4264,25.326,21.765,2.822
4265,25.877,23.328,3.092
4266,24.894,22.152,2.886
4267,25.828,24.300,2.751
4268,25.299,22.257,2.870
4269,26.056,23.136,2.943
4270,25.442,23.551,2.996
4271,25.646,22.060,3.149
4272,25.796,22.792,2.966
4273,26.154,23.361,3.109
4274,26.638,23.644,3.048
4275,26.331,24.220,2.837
4276,26.573,22.848,3.097
4277,26.343,22.376,2.822
4278,25.435,23.398,3.574
4279,25.757,22.501,3.007
4280,25.763,22.409,2.798
4281,26.553,22.739,2.806
4282,26.640,22.192,3.008
4283,26.373,23.594,2.748
4284,26.176,22.986,3.494
4285,26.838,23.203,3.386
4286,25.963,23.001,2.901
4287,25.830,23.975,2.951
4288,25.957,23.494,2.984
4289,25.951,22.591,2.824
4290,26.553,23.062,2.880
4291,27.134,22.891,2.696
4292,27.041,24.011,2.943
4293,26.771,22.964,2.871
4294,25.423,21.731,2.970
4295,26.021,22.680,3.576
4296,25.620,21.690,3.196
4297,25.344,21.513,2.914
4298,25.400,22.311,2.948
4299,26.643,22.929,2.859
4300,25.427,22.918,2.775
4301,26.146,22.984,2.835
4302,25.394,23.157,2.792
4303,26.580,22.524,2.914
4304,25.782,23.202,3.070
4305,25.904,21.961,2.807
4306,25.393,23.089,3.076
4307,26.497,22.097,2.723
4308,26.623,22.627,3.021
4309,26.141,21.693,2.806
4310,26.278,22.066,2.786
4311,26.334,23.455,3.239
4312,26.102,23.280,3.014
4313,27.010,22.829,2.891
4314,25.682,22.372,2.679
4315,25.964,21.373,3.055
4316,26.897,24.658,2.794
4317,26.653,24.063,2.810
4318,26.925,23.705,2.803
4319,26.267,22.506,3.461
4320,25.105,21.803,2.723
4321,25.123,21.765,2.957
4322,25.843,22.841,2.789
4323,26.777,23.024,2.814
4324,26.787,22.928,2.950
4325,25.864,21.980,2.794
4326,26.300,22.579,2.859
4327,25.670,23.236,3.141
4328,26.304,23.107,2.728
4329,25.253,22.394,2.991
4330,25.352,23.019,3.186
4331,25.583,21.850,2.854
4332,25.498,23.223,3.000
4333,25.080,22.688,2.794
4334,26.359,23.036,2.685
4335,25.997,23.090,2.771
4336,25.594,22.550,2.835
4337,25.522,22.261,2.805
4338,26.808,23.995,2.912
4339,25.469,22.300,3.210
4340,26.361,24.074,2.974
4341,26.685,22.612,2.902
4342,26.332,23.249,2.740
4343,25.567,21.922,2.941
4344,26.317,22.634,2.946
4345,25.739,22.409,2.840
4346,26.991,23.394,2.982
4347,26.647,22.382,3.084
4348,26.298,24.043,3.796
4349,26.209,22.117,2.918
4350,25.770,22.420,2.730
4351,26.712,22.701,2.748
4352,25.615,22.460,3.142
4353,26.460,22.567,2.751
4354,25.710,23.370,2.598
4355,25.685,22.764,2.985
4356,25.374,22.702,3.116
4357,26.522,23.646,2.943
4358,26.459,21.914,2.902
4359,26.056,22.400,3.235
4360,26.399,21.781,2.765
4361,26.509,23.182,2.890
4362,25.838,23.438,2.959
4363,25.429,22.888,2.979
4364,26.267,23.327,2.932
4365,25.624,23.785,2.707
4366,25.274,23.363,3.890
4367,25.777,23.557,3.687
4368,26.632,24.170,2.737
4369,25.288,23.150,2.971
4370,27.257,24.394,2.892
4371,25.347,22.683,2.881
4372,26.604,23.564,2.856
4373,25.935,22.596,2.797
4374,25.283,22.646,2.712
4375,25.808,23.021,3.061
4376,25.868,24.344,2.695
4377,25.089,22.824,3.032
4378,25.995,23.679,2.843
4379,26.494,22.317,3.103
4380,26.047,22.582,2.748
4381,27.112,23.760,2.689
4382,26.253,22.956,2.856
4383,27.644,24.571,3.293
4384,26.946,23.929,2.797
4385,27.243,22.640,2.965
4386,26.885,23.284,2.792
4387,26.429,23.008,2.994
4388,26.809,23.785,2.768
4389,26.989,23.260,3.605
4390,25.593,24.197,4.165
4391,26.140,24.385,2.776
4392,26.756,23.994,3.095
4393,26.284,23.142,2.647
4394,26.066,23.994,2.710
4395,26.958,24.301,2.691
4396,26.252,23.881,2.697
4397,25.809,24.058,2.891
4398,27.848,23.481,2.895
4399,27.887,22.487,2.759
4400,28.745,22.981,3.005
4401,25.255,22.588,2.848
4402,26.447,23.130,2.919
4403,25.059,23.139,2.795
4404,26.071,23.440,2.681
4405,24.802,22.159,2.779
4406,26.218,23.552,2.717
4407,25.583,23.585,2.840
4408,25.466,24.222,2.944
4409,25.853,23.858,2.808
4410,25.281,23.526,2.766
4411,25.890,24.684,2.704
4412,25.130,23.336,2.836
4413,24.805,23.252,3.069
4414,25.438,24.341,3.015
4415,25.172,23.743,2.807
4416,24.753,23.046,2.935
4417,24.821,23.498,3.123
4418,25.025,22.595,3.320
4419,24.402,22.824,2.869
4420,25.408,23.787,2.938
4421,25.821,23.641,3.050
4422,25.591,24.199,2.840
4423,25.704,24.220,2.755
4424,25.648,24.398,3.364
4425,25.702,23.147,3.075
4426,25.759,24.113,2.991
4427,26.478,23.648,2.747
4428,25.515,23.750,2.740
4429,26.267,24.252,3.133
4430,25.907,23.407,2.872
4431,25.671,23.787,2.903
4432,25.073,23.379,2.995
4433,27.117,24.077,2.735
4434,25.700,23.535,2.791
4435,25.635,22.899,2.670
4436,24.985,22.143,2.874
4437,25.845,22.754,2.926
4438,25.768,23.723,2.935
4439,25.763,23.547,2.900
4440,24.739,23.055,2.950
4441,24.705,23.953,2.744
4442,25.834,22.545,2.775
4443,24.805,23.176,2.890
4444,26.154,23.796,3.183
4445,25.607,23.490,2.837
4446,26.334,24.158,2.763
4447,26.650,23.879,2.850
4448,25.407,23.217,2.958
4449,25.863,23.777,2.857
4450,26.037,22.605,2.807
4451,25.956,23.545,2.822
4452,25.482,23.789,3.081
4453,26.321,23.901,3.044
4454,25.958,22.799,2.702
4455,26.832,24.520,3.392
4456,26.767,25.065,3.218
4457,25.861,23.509,4.330
4458,25.037,23.155,3.944
4459,26.936,24.279,4.443
4460,25.980,24.533,4.266
4461,27.268,25.261,3.946
4462,26.741,23.596,3.250
4463,27.031,24.047,2.865
4464,27.505,22.708,2.927
4465,26.982,23.602,4.314
4466,27.376,24.356,4.844
4467,27.696,24.403,4.633
4468,27.562,23.577,3.699
4469,26.956,22.843,3.688
4470,27.013,24.513,3.107
4471,27.366,23.800,3.960
4472,30.131,26.589,4.821
4473,27.466,23.826,3.739
4474,26.716,23.494,3.083
4475,26.827,22.686,3.950
4476,27.801,24.007,2.788
4477,26.504,23.087,2.851
4478,25.904,23.019,2.943
4479,26.708,23.823,2.743
4480,26.988,24.631,3.641
4481,26.020,23.073,2.889
4482,26.554,22.311,2.885
4483,25.732,22.735,3.402
4484,26.309,23.155,2.642
4485,26.610,23.247,2.818
4486,26.765,22.955,2.836
4487,26.940,23.315,2.823
4488,26.325,22.799,2.684
4489,26.438,23.444,3.281
4490,27.704,23.536,2.675
4491,27.156,23.667,2.855
4492,26.876,22.670,2.858
4493,27.242,24.298,2.821
4494,26.304,24.823,2.834
4495,26.771,23.264,2.952
4496,26.820,22.108,2.892
4497,26.637,22.726,2.939
4498,26.732,24.012,3.935
4499,27.463,23.698,4.653
4500,27.594,24.353,4.795
4501,26.207,23.252,3.897
4502,26.801,24.396,3.834
4503,27.120,23.748,3.842
4504,27.800,25.153,4.168
4505,27.209,25.380,4.156
4506,27.608,24.470,3.689
4507,26.598,25.451,4.566
4508,26.187,23.993,4.630
4509,26.097,24.816,4.176
4510,27.238,24.124,4.027
4511,26.868,23.699,4.354
4512,26.418,24.072,4.469
4513,27.677,23.884,4.804
4514,27.118,24.407,3.596
4515,27.298,23.976,4.038
4516,26.226,23.726,4.301
4517,27.398,24.726,4.143
4518,27.218,23.065,4.375
4519,26.496,22.347,4.010
4520,26.665,23.494,4.758
4521,27.999,24.006,4.720
4522,28.088,23.856,4.063
4523,26.425,22.565,4.133
4524,27.550,23.690,4.163
4525,27.654,24.554,4.580
4526,26.721,23.212,4.557
4527,27.528,24.121,4.198
4528,28.345,24.669,4.919
4529,26.200,23.633,4.438
4530,27.653,23.483,3.875
4531,26.817,23.161,3.919
4532,27.935,24.348,4.182
4533,26.557,24.148,3.939
4534,27.560,23.622,4.590
4535,27.579,24.088,4.468
4536,26.838,24.794,3.968
4537,26.665,24.058,4.710
4538,26.283,22.687,4.017
4539,26.078,23.581,3.874
4540,27.318,24.409,4.466
4541,26.723,24.109,4.456
4542,27.083,24.305,4.748
4543,26.943,23.798,4.181
4544,27.309,24.294,4.776
4545,26.301,24.940,4.702
4546,26.866,24.882,4.349
4547,26.428,25.400,4.674
4548,26.493,24.338,4.461
4549,26.526,25.222,4.034
4550,26.865,24.583,4.385
4551,26.996,24.458,4.265
4552,26.319,25.293,4.857
4553,26.544,25.796,4.459
4554,26.202,25.768,4.733
4555,26.933,25.054,5.133
4556,26.292,24.877,4.263
4557,26.184,25.838,4.942
4558,26.523,25.969,5.212
4559,26.720,26.304,4.531
4560,26.417,24.812,4.789
4561,27.603,25.756,4.345
4562,26.214,26.472,3.954
4563,26.489,24.998,4.200
4564,26.491,25.123,5.169
4565,26.029,24.596,4.093
4566,26.183,24.173,4.481
4567,26.576,25.118,4.493
4568,25.951,25.064,4.534
4569,27.248,25.215,4.751
4570,29.212,25.837,4.622
4571,27.215,24.246,3.715
4572,27.483,24.392,4.503
4573,27.082,25.038,4.737
4574,25.589,25.145,5.298
4575,26.867,23.920,4.069
4576,26.739,24.772,4.723
4577,27.357,25.687,4.062
4578,27.051,26.549,4.637
4579,27.403,26.350,3.767
4580,27.055,24.497,3.913
4581,26.181,25.503,5.242
4582,26.671,25.044,4.728
4583,26.563,25.031,3.996
4584,26.787,24.765,4.562
4585,26.572,24.992,4.304
4586,26.390,24.887,3.797
4587,26.090,24.831,4.700
4588,26.994,25.476,4.296
4589,25.942,25.048,3.865
4590,26.549,25.267,3.831
4591,26.179,24.296,4.872
4592,27.032,26.046,3.409
4593,27.030,24.053,4.302
4594,27.101,24.558,4.523
4595,26.187,24.212,4.354
4596,26.644,24.438,3.455
4597,26.422,23.872,4.277
4598,27.417,25.389,4.392
4599,25.882,23.805,4.107
4600,25.717,24.631,4.280
4601,26.230,25.046,4.345
4602,26.059,23.497,3.897
4603,25.400,22.224,3.865
4604,26.195,24.550,3.931
4605,25.479,23.244,3.653
4606,25.984,24.705,5.023
4607,26.342,23.008,4.037
4608,26.966,24.704,4.114
4609,26.716,24.046,4.491
4610,26.429,22.915,3.591
4611,26.545,24.181,4.022
4612,26.618,23.855,3.700
4613,25.747,22.934,4.477
4614,26.243,23.685,4.284
4615,26.601,23.667,4.210
4616,27.214,24.554,4.138
4617,27.531,25.245,4.388
4618,26.883,23.639,3.791
4619,26.425,24.010,3.663
4620,26.356,23.456,4.270
4621,27.730,24.486,4.500
4622,26.476,24.082,4.212
4623,27.642,25.101,3.981
4624,27.110,24.090,4.715
4625,26.310,24.146,4.690
4626,26.886,23.809,4.580
4627,26.811,25.315,3.698
4628,26.934,23.893,4.093
4629,27.388,22.840,3.733
4630,27.056,25.086,4.144
4631,27.300,25.356,4.562
4632,25.986,23.328,4.501
4633,26.885,24.351,4.719
4634,26.270,24.642,4.523
4635,26.750,25.320,4.917
4636,26.173,23.321,4.395
4637,26.463,23.586,5.062
4638,27.363,24.760,4.697
4639,25.313,23.751,4.375
4640,26.705,24.470,4.628
4641,26.342,24.643,3.715
4642,26.756,23.604,3.749
4643,26.557,24.500,5.520
4644,26.317,24.148,4.854
4645,29.200,25.078,4.876
4646,26.311,24.792,3.981
4647,27.726,25.219,4.166
4648,28.020,24.892,4.327
4649,28.853,25.874,4.168
4650,28.059,26.609,5.408
4651,27.614,24.990,5.312
4652,27.717,26.120,5.636
4653,27.477,24.920,4.664
4654,27.606,26.603,5.334
4655,27.028,24.538,4.701
4656,27.391,25.069,5.105
4657,27.394,24.354,4.378
4658,27.292,25.123,4.866
4659,27.096,24.435,4.797
4660,26.177,23.668,4.563
4661,28.049,24.689,4.872
4662,27.093,24.465,4.878
4663,26.605,24.304,4.129
4664,26.982,24.939,4.484
4665,27.596,25.510,3.662
4666,26.479,24.595,4.337
4667,27.736,26.412,4.557
4668,26.387,24.725,3.890
4669,25.808,23.716,2.823
4670,25.758,23.333,2.782
4671,25.705,22.491,3.499
4672,26.084,22.514,3.497
4673,26.646,23.537,2.668
4674,26.262,23.359,2.708
4675,26.488,24.039,3.252
4676,26.771,24.549,3.932
4677,26.380,24.170,4.082
4678,25.668,24.228,3.389
4679,25.877,24.549,4.489
4680,26.599,24.741,4.435
4681,26.139,24.157,4.353
4682,25.654,23.880,3.342
4683,25.400,24.557,4.346
4684,25.927,24.952,4.394
4685,26.887,24.287,4.099
4686,24.786,22.032,3.276
4687,24.706,23.096,2.857
4688,25.949,22.405,3.164
4689,25.428,22.658,3.398
4690,26.405,23.803,2.845
4691,25.817,21.896,2.798
4692,25.932,23.504,2.930
4693,25.433,23.001,2.671
4694,28.033,22.137,3.079
4695,27.043,22.467,2.779
4696,27.429,24.406,2.687
4697,26.707,23.834,2.978
4698,27.692,23.344,4.032
4699,26.431,21.460,2.817
4700,28.095,23.131,2.855
4701,27.613,22.278,2.926
4702,27.840,22.378,2.839
4703,26.506,22.329,2.683
4704,28.139,22.963,2.702
4705,25.478,23.113,2.966
4706,25.364,23.213,3.076
4707,25.111,23.966,2.716
4708,25.420,23.037,3.152
4709,25.595,23.653,2.829
4710,24.912,22.922,2.915
4711,26.149,23.737,2.781
4712,25.443,22.875,2.890
4713,26.333,23.684,2.942
4714,26.210,24.086,3.025
4715,25.275,23.124,2.930
4716,25.888,23.562,2.875
4717,26.389,24.095,2.929
4718,25.928,24.374,4.517
4719,27.606,25.203,3.884
4720,26.948,24.725,4.214
4721,27.493,26.166,3.377
4722,26.607,24.823,4.386
4723,27.757,26.167,4.282
4724,26.121,23.672,4.334
4725,26.209,23.998,4.401
4726,27.615,25.133,4.423
4727,26.481,25.477,3.860
4728,26.960,24.422,4.055
4729,26.284,24.522,4.021
4730,26.405,24.780,4.690
4731,27.295,24.987,4.633
4732,26.274,24.095,4.376
4733,27.079,24.247,4.620
4734,27.731,24.030,4.454
4735,27.928,24.064,3.749
4736,28.383,26.517,4.697
4737,27.552,25.183,3.977
4738,28.537,25.609,4.579
4739,29.048,25.829,4.095
4740,28.266,25.495,3.484
4741,27.265,24.928,3.391
4742,27.064,24.207,4.733
4743,28.397,26.354,5.394
4744,27.394,24.542,4.884
4745,27.936,25.967,5.045
4746,28.784,25.282,4.973
4747,27.559,25.782,6.361
4748,28.349,24.769,4.464
4749,28.802,24.730,4.071
4750,28.351,25.032,4.466
4751,28.547,25.838,4.829
4752,28.954,26.570,5.464
4753,27.831,25.966,5.167
4754,27.719,25.822,5.654
4755,28.052,26.173,5.578
4756,28.313,26.693,4.901
4757,28.797,26.828,4.989
4758,28.102,24.282,4.563
4759,27.389,25.095,4.232
4760,27.667,24.940,4.207
4761,27.040,24.554,4.120
4762,27.158,24.552,3.631
4763,27.096,24.490,3.951
4764,27.157,25.569,3.740
4765,26.838,24.006,4.270
4766,26.848,24.265,3.585
4767,27.182,23.914,3.829
4768,27.826,24.762,4.063
4769,26.606,24.006,3.967
4770,27.362,23.368,3.566
4771,28.091,23.664,3.901
4772,27.282,24.839,3.716
4773,27.588,23.626,3.712
4774,25.929,22.499,2.970
4775,26.400,24.009,3.837
4776,27.066,24.066,4.440
4777,27.120,23.884,4.175
4778,27.881,24.071,4.595
4779,26.074,23.169,4.300
4780,27.424,24.535,4.341
4781,27.557,23.792,4.730
4782,26.679,22.946,3.835
4783,27.561,23.968,4.533
4784,27.589,23.643,4.464
4785,26.919,23.830,4.215
4786,27.383,23.569,3.306
4787,26.681,24.192,4.393
4788,26.978,23.257,3.939
4789,27.039,23.451,4.229
4790,27.165,23.031,3.825
4791,26.740,23.797,4.077
4792,27.999,23.939,3.895
4793,27.796,24.225,3.949
4794,26.161,23.040,4.185
4795,27.198,23.654,3.536
4796,25.779,22.493,4.435
4797,27.638,24.233,3.579
4798,27.656,23.562,3.812
4799,28.198,24.692,3.810
4800,27.235,24.113,3.835
4801,27.699,25.064,4.057
4802,28.289,24.870,4.479
4803,27.501,24.818,4.371
4804,28.177,23.880,4.074
4805,29.118,24.598,3.636
4806,29.281,24.022,4.018
4807,28.797,25.127,4.419
4808,29.032,25.934,3.632
4809,26.868,24.242,4.421
4810,27.212,24.704,5.180
4811,26.339,23.162,4.839
4812,27.497,24.563,3.930
4813,26.682,23.908,4.424
4814,27.555,25.953,3.713
4815,28.840,25.580,3.528
4816,28.378,25.635,4.361
4817,27.928,24.194,4.628
4818,27.056,24.501,3.976
4819,27.136,25.188,4.697
4820,26.766,24.338,4.506
4821,26.276,25.135,3.172
4822,27.242,25.098,3.710
4823,26.809,25.076,3.765
4824,26.468,24.882,3.994
4825,27.210,25.485,4.468
4826,26.269,23.697,4.596
4827,26.524,23.732,4.115
4828,26.523,24.802,4.617
4829,25.912,23.597,3.757
4830,26.125,23.522,4.128
4831,27.904,24.556,3.887
4832,25.762,23.192,2.921
4833,26.455,24.857,3.715
4834,27.316,25.627,4.220
4835,27.191,23.545,3.737
4836,27.871,25.774,4.559
4837,27.333,24.430,3.444
4838,26.746,24.125,3.720
4839,26.041,23.527,4.604
4840,27.226,25.490,4.453
4841,26.234,23.608,3.711
4842,26.174,24.402,4.508
4843,27.316,24.724,4.905
4844,28.617,25.173,4.544
4845,28.324,25.566,4.235
4846,27.924,24.832,4.848
4847,27.970,25.135,4.692
4848,30.776,25.495,4.165
4849,29.884,24.468,4.454
4850,31.340,24.880,4.911
4851,28.266,27.230,4.473
4852,29.137,26.418,5.554
4853,29.623,26.549,5.739
4854,28.704,25.889,5.613
4855,28.312,25.710,3.833
4856,28.278,25.775,5.009
4857,28.920,25.920,4.880
4858,28.866,24.742,3.668
4859,27.560,24.509,3.631
4860,28.857,24.939,4.623
4861,28.465,24.400,3.965
4862,28.363,24.819,4.284
4863,27.506,23.881,4.042
4864,28.294,24.455,4.052
4865,27.589,23.653,3.465
4866,27.780,23.989,4.166
4867,27.515,25.156,4.917
4868,27.933,23.235,2.766
4869,27.279,23.853,4.094
4870,27.550,24.214,4.754
4871,28.310,25.895,3.990
4872,28.063,25.354,3.874
4873,27.258,24.329,4.308
4874,26.938,24.418,4.714
4875,29.438,25.447,4.763
4876,27.406,24.268,4.374
4877,28.706,26.318,4.741
4878,27.868,24.251,4.170
4879,27.055,23.732,3.465
4880,28.319,24.605,4.864
4881,27.751,24.370,4.776
4882,27.353,25.985,5.480
4883,29.584,28.030,6.065
4884,27.349,24.446,4.978
4885,27.425,25.485,5.364
4886,27.205,26.735,5.039
4887,27.532,25.903,4.881
4888,26.982,26.078,4.978
4889,27.563,24.179,4.976
4890,27.687,26.274,5.535
4891,27.141,24.611,4.811
4892,26.777,24.762,4.331
4893,26.775,24.853,4.269
4894,26.378,24.252,4.801
4895,25.910,23.931,5.311
4896,26.774,24.054,3.888
4897,26.600,24.530,3.772
4898,26.377,23.835,4.497
4899,26.532,24.832,3.614
4900,27.134,24.793,4.361
4901,27.948,24.790,3.830
4902,27.699,24.930,3.769
4903,27.088,23.913,4.727
4904,26.699,23.435,4.772
4905,27.069,24.088,3.748
4906,26.516,24.022,3.492
4907,27.005,24.168,4.361
4908,27.797,25.138,4.015
4909,26.797,26.180,3.906
4910,28.219,25.377,4.296
4911,26.359,24.075,4.253
4912,27.455,25.806,4.595
4913,27.591,25.347,4.197
4914,27.600,24.545,3.997
4915,26.720,23.903,4.513
4916,28.292,24.844,3.985
4917,28.006,24.350,3.431
4918,26.959,23.305,2.923
4919,26.449,22.675,3.301
4920,26.626,23.478,3.483
4921,27.000,24.326,3.896
4922,27.308,24.584,3.338
4923,27.366,23.882,4.089
4924,27.339,24.908,3.982
4925,27.063,23.274,3.110
4926,26.481,23.167,2.775
4927,27.948,23.742,2.843
4928,26.276,23.603,3.535
4929,27.940,23.922,3.252
4930,26.918,23.019,3.073
4931,27.298,24.247,2.960
4932,27.229,23.798,2.782
4933,27.888,23.788,3.484
4934,28.936,24.047,3.123
4935,27.955,23.663,3.701
4936,28.329,23.715,3.615
4937,27.175,23.795,3.269
4938,27.431,23.242,3.126
4939,26.895,23.745,4.228
4940,26.607,23.330,4.205
4941,27.226,22.852,4.024
4942,27.479,23.573,2.949
4943,27.237,23.077,3.581
4944,27.088,23.432,3.678
4945,26.484,23.390,3.368
4946,26.855,23.196,3.114
4947,23.488,20.593,4.823
4948,26.058,23.075,2.876
4949,26.729,22.269,3.546
4950,26.782,23.363,2.938
4951,27.535,23.755,2.707
4952,27.288,23.789,3.034
4953,27.874,23.132,4.092
4954,27.860,24.243,2.916
4955,27.268,23.572,4.534
4956,26.271,22.777,4.520
4957,27.034,23.398,4.084
4958,28.933,26.002,3.786
4959,27.588,24.486,4.569
4960,27.394,24.625,4.640
4961,27.676,24.052,4.165
4962,27.534,24.831,4.500
4963,27.371,25.343,4.572
4964,27.110,23.799,3.950
4965,28.194,24.572,3.848
4966,26.821,23.697,3.539
4967,26.833,23.633,3.968
4968,26.895,23.845,4.588
4969,27.950,24.916,4.286
4970,27.781,25.099,4.198
4971,27.604,24.410,3.239
4972,27.840,24.075,4.241
4973,26.910,22.511,3.806
4974,26.501,23.441,2.917
4975,27.274,23.792,4.146
4976,27.639,24.408,4.703
4977,27.220,24.087,4.512
4978,27.100,24.239,4.823
4979,27.772,24.907,3.896
4980,29.017,25.778,4.107
4981,28.445,24.614,3.984
4982,28.021,25.550,5.000
4983,28.443,25.197,4.114
4984,26.867,24.312,4.292
4985,27.235,24.823,4.229
4986,28.718,25.082,3.768
4987,27.963,24.476,4.422
4988,28.237,24.794,3.515
4989,27.054,23.202,2.684
4990,27.814,24.172,5.288
4991,28.183,24.449,4.146
4992,27.322,24.706,4.183
4993,28.621,25.571,4.300
4994,28.935,25.598,4.856
4995,29.226,25.757,4.268
4996,27.991,24.657,3.814
4997,27.782,24.598,3.833
4998,27.292,23.422,4.354
4999,28.144,25.936,4.204
5000,27.111,22.715,2.999
5001,27.764,24.625,3.488
5002,28.613,25.710,4.460
5003,28.353,25.435,4.942
5004,27.833,24.463,3.414
5005,28.872,26.136,4.235
5006,29.273,26.341,3.544
5007,29.374,27.723,4.527
5008,29.818,27.176,5.181
5009,28.440,26.384,3.762
5010,28.696,25.160,4.368
5011,28.631,26.831,4.727
5012,27.901,25.879,4.296
5013,28.046,25.807,4.433
5014,28.059,24.786,3.844
5015,28.567,25.189,5.095
5016,27.929,25.449,5.149
5017,26.955,24.755,4.279
5018,27.116,22.885,4.470
5019,27.687,23.473,4.312
5020,27.726,25.198,4.399
5021,26.799,24.207,4.236
5022,25.836,22.772,4.521
5023,26.947,23.720,4.404
5024,27.313,24.786,3.921
5025,26.640,23.764,4.574
5026,25.970,23.089,4.586
5027,28.532,26.250,3.913
5028,28.435,26.147,3.976
5029,27.585,24.435,4.036
5030,27.008,24.047,3.604
5031,28.493,24.689,3.709
5032,27.528,24.134,3.658
5033,28.898,25.071,4.681
5034,27.228,24.301,4.270
5035,26.789,23.569,3.773
5036,27.434,24.391,4.771
5037,26.955,24.180,3.887
5038,27.376,23.855,4.383
5039,27.681,24.929,3.905
5040,27.216,23.566,5.069
5041,27.631,22.694,2.552
5042,27.326,23.830,2.687
5043,29.144,23.274,2.932
5044,28.521,22.492,4.184
5045,30.539,23.470,4.289
5046,29.849,24.121,4.463
5047,28.715,23.690,3.145
5048,28.471,24.092,4.431
5049,26.358,23.039,4.095
5050,26.843,23.557,4.523
5051,26.881,24.347,4.081
5052,26.854,23.823,4.471
5053,25.701,22.732,5.041
5054,26.985,23.314,4.558
5055,26.759,23.751,4.486
5056,25.040,22.675,3.921
5057,26.157,23.374,4.520
5058,26.230,23.190,4.342
5059,26.922,23.291,4.106
5060,29.118,23.761,4.240
5061,29.912,24.936,3.735
5062,29.972,24.256,3.050
5063,27.106,22.808,2.748
5064,27.298,23.070,2.991
5065,27.289,22.732,2.932
5066,27.029,23.026,2.777
5067,26.695,23.009,2.983
5068,25.778,22.999,2.871
5069,27.623,25.616,4.393
5070,27.170,23.517,4.084
5071,27.450,22.832,3.259
5072,26.788,23.157,3.193
5073,28.020,25.072,4.630
5074,26.699,23.913,4.096
5075,25.046,22.078,3.912
5076,26.487,24.284,6.168
5077,25.699,23.460,4.782
5078,27.024,24.311,5.469
5079,28.008,24.651,3.999
5080,27.680,25.345,5.183
5081,25.213,22.245,4.962
5082,25.390,23.318,5.034
5083,25.931,23.030,5.550
5084,25.926,22.671,5.070
5085,24.715,22.980,4.642
5086,26.037,24.157,4.750
5087,27.469,24.648,5.002
5088,25.969,23.989,4.151
5089,25.672,23.066,2.723
5090,27.588,24.752,4.068
5091,26.985,23.394,3.447
5092,26.600,24.572,3.710
5093,25.985,23.287,2.930
5094,26.489,22.941,4.222
5095,26.334,22.593,3.230
5096,26.549,22.874,3.087
5097,27.042,23.584,2.880
5098,25.967,22.842,2.861
5099,25.915,22.366,2.753
5100,25.287,21.956,2.808
5101,26.825,22.318,2.695
5102,26.594,22.157,2.746
5103,25.931,23.604,3.054
5104,26.263,23.454,3.531
5105,26.841,23.156,2.853
5106,27.809,23.787,3.320
5107,26.315,22.346,2.691
5108,26.361,22.634,2.774
5109,26.136,22.622,2.616
5110,25.952,22.573,2.664
5111,25.722,22.238,2.986
5112,26.285,23.475,2.676
5113,27.688,21.628,2.734
5114,27.963,22.590,2.623
5115,30.257,24.881,3.050
5116,28.856,22.580,2.886
5117,29.367,22.872,3.258
5118,28.528,22.875,3.050
5119,29.127,22.613,3.293
5120,26.655,22.065,2.766
5121,27.982,21.666,3.181
5122,28.472,23.029,2.849
5123,28.021,21.712,3.140
5124,28.114,22.271,3.264
5125,26.871,24.003,3.192
5126,24.731,22.541,2.922
5127,27.893,25.412,2.948
5128,27.501,24.116,2.698
5129,25.622,22.071,2.938
5130,25.044,22.063,3.371
5131,26.650,23.407,2.838
5132,27.060,24.191,2.927
5133,27.026,23.776,3.009
5134,27.354,24.449,3.055
5135,26.080,23.906,3.180
5136,26.654,23.524,2.746
5137,26.226,22.953,2.687
5138,26.657,22.768,2.701
5139,27.311,23.654,2.806
5140,27.386,25.068,2.678
5141,27.222,23.264,2.540
5142,26.829,22.960,2.783
5143,26.017,21.966,3.263
5144,26.010,22.861,3.244
5145,26.746,22.671,3.119
5146,26.642,23.683,3.288
5147,26.476,23.696,2.899
5148,26.884,22.942,2.726
5149,26.973,22.691,2.616
5150,26.798,23.857,2.825
5151,26.885,23.614,2.834
5152,26.573,22.972,2.779
5153,25.847,23.388,4.677
5154,26.544,22.380,4.275
5155,25.542,23.134,3.288
5156,26.757,23.753,2.675
5157,26.423,22.028,3.394
5158,26.834,23.789,3.036
5159,27.269,23.777,2.805
5160,26.022,22.559,3.183
5161,26.738,22.972,2.895
5162,27.277,22.955,2.780
5163,26.727,23.009,3.269
5164,25.627,23.497,4.136
5165,27.790,24.551,4.596
5166,26.005,22.330,3.639
5167,25.685,22.966,2.608
5168,26.183,22.874,2.943
5169,26.203,22.025,3.083
5170,26.563,22.367,2.720
5171,26.707,22.424,2.807
5172,26.157,23.086,2.968
5173,26.505,22.388,2.628
5174,26.498,23.625,2.932
5175,26.342,22.989,2.811
5176,26.364,22.918,2.907
5177,28.379,23.747,2.863
5178,26.876,23.164,2.807
5179,26.337,23.074,3.354
5180,26.175,22.855,2.908
5181,26.711,22.867,2.862
5182,26.699,24.042,2.776
5183,27.619,23.010,2.689
5184,26.947,23.475,2.755
5185,26.905,23.951,2.943
5186,26.726,23.705,2.684
5187,26.561,22.707,2.982
5188,26.453,22.646,2.671
5189,26.263,23.182,2.852
5190,26.721,22.633,3.182
5191,26.727,23.786,4.248
5192,25.810,22.570,3.054
5193,26.642,22.344,2.779
5194,26.170,23.190,2.890
5195,26.817,23.587,2.941
5196,26.885,22.977,2.914
5197,26.433,22.540,3.070
5198,26.771,23.660,2.911
5199,26.943,23.465,3.319
5200,26.918,23.615,3.040
5201,27.202,23.377,2.902
5202,25.530,23.162,3.132
5203,25.061,22.548,3.784
5204,26.312,23.625,2.818
5205,25.360,22.710,2.754
5206,25.779,22.624,3.129
5207,26.450,23.560,3.086
5208,25.728,22.477,2.723
5209,25.507,23.468,2.706
5210,26.830,23.391,3.251
5211,25.597,22.871,3.236
5212,25.717,22.620,2.969
5213,26.042,22.934,3.075
5214,26.269,22.856,4.054
5215,25.870,22.156,3.113
5216,25.649,22.771,2.675
5217,25.184,22.922,2.976
5218,25.497,23.186,2.740
5219,26.698,23.772,2.913
5220,25.768,22.220,3.014
5221,26.637,22.957,2.763
5222,25.810,22.297,2.697
5223,25.980,22.359,3.219
5224,25.370,23.409,2.744
5225,25.879,23.098,2.894
5226,27.008,22.685,2.810
5227,26.409,23.158,3.031
5228,25.682,22.368,3.232
5229,26.069,22.247,2.656
5230,26.299,22.131,2.933
5231,25.846,22.389,2.916
5232,25.480,21.892,2.848
5233,26.727,23.613,3.396
5234,26.307,23.709,3.387
5235,26.372,22.783,2.820
5236,26.097,23.166,4.701
5237,27.067,22.130,2.873
5238,26.767,22.432,2.980
5239,26.615,23.490,4.769
5240,26.521,23.054,4.966
5241,26.311,22.981,3.951
5242,26.237,22.828,2.905
5243,26.098,23.194,2.743
5244,26.339,24.264,3.108
5245,26.109,23.139,2.859
5246,26.064,22.251,4.129
5247,26.020,23.262,4.601
5248,24.282,22.151,2.940
5249,24.651,22.642,3.030
5250,24.429,22.622,4.468
5251,25.565,23.053,3.403
5252,25.179,22.816,2.893
5253,25.176,21.278,3.307
5254,25.512,22.546,2.780
5255,26.008,22.655,3.717
5256,24.844,22.036,3.937
5257,26.200,23.086,2.996
5258,26.244,22.707,3.790
5259,25.018,21.851,3.036
5260,24.951,21.859,4.562
5261,25.229,21.771,3.076
5262,25.202,22.574,3.422
5263,25.620,22.482,2.779
5264,25.561,22.870,3.163
5265,24.526,22.786,4.045
5266,25.379,22.209,5.609
5267,24.109,21.772,5.067
5268,25.281,22.491,3.810
5269,24.066,22.121,4.194
5270,25.914,23.850,4.766
5271,25.839,23.643,5.145
5272,26.219,23.558,4.739
5273,26.226,24.193,5.321
5274,27.045,24.659,4.753
5275,25.844,23.413,5.181
5276,26.447,24.490,5.989
5277,25.800,22.195,5.414
5278,25.937,22.917,4.173
5279,27.283,24.791,4.931
5280,27.441,23.523,4.521
5281,25.765,22.843,4.979
5282,26.589,24.043,5.697
5283,27.140,25.639,5.926
5284,26.207,24.128,5.832
5285,26.620,25.186,5.954
5286,27.630,24.327,4.183
5287,27.426,24.513,4.696
5288,27.109,24.364,4.179
5289,26.894,23.704,2.756
5290,26.548,23.829,2.994
5291,26.374,22.601,5.653
5292,25.917,23.732,5.097
5293,27.254,23.662,4.810
5294,26.526,24.397,5.489
5295,26.195,24.006,4.367
5296,25.692,22.619,4.753
5297,26.377,23.439,3.868
5298,25.516,23.071,5.265
5299,24.889,22.131,4.189
5300,25.898,22.932,4.479
5301,27.088,24.487,4.840
5302,26.302,23.642,5.002
5303,28.121,25.436,4.180
5304,26.538,23.807,4.678
5305,26.903,23.777,4.708
5306,27.452,25.038,4.257
5307,27.012,24.141,5.079
5308,27.242,24.634,4.859
5309,26.330,24.415,5.311
5310,26.458,23.670,4.659
5311,26.515,24.014,4.776
5312,25.861,23.709,5.203
5313,26.737,24.435,4.169
5314,27.778,24.311,5.587
5315,26.554,24.690,5.452
5316,25.964,22.683,5.017
5317,27.269,24.448,4.691
5318,26.264,23.810,5.478
5319,26.121,24.010,4.997
5320,26.077,23.843,5.493
5321,26.959,23.396,5.601
5322,25.574,22.285,5.239
5323,26.286,24.063,4.877
5324,27.490,24.866,5.549
5325,26.532,24.137,4.692
5326,26.283,23.081,3.645
5327,28.336,24.592,5.076
5328,30.132,23.706,4.536
5329,29.477,23.695,5.415
5330,29.234,24.624,4.946
5331,30.464,25.239,5.592
5332,28.308,24.248,4.578
5333,28.538,24.239,4.738
5334,29.350,24.556,5.564
5335,28.904,23.575,4.731
5336,28.976,24.142,5.614
5337,28.103,24.401,5.235
5338,29.605,24.543,4.916
5339,29.659,24.361,5.268
5340,28.702,24.856,7.464
5341,30.515,24.881,4.277
5342,29.529,23.689,4.311
5343,29.445,24.092,3.721
5344,29.363,24.412,3.316
5345,26.394,22.846,2.852
5346,25.964,22.263,3.302
5347,25.959,23.370,2.904
5348,25.559,21.372,2.861
5349,26.261,22.868,2.873
5350,26.890,23.826,4.259
5351,28.304,25.079,4.247
5352,26.585,23.318,5.409
5353,28.158,25.671,4.400
5354,26.933,23.957,4.304
5355,26.834,23.831,5.145
5356,28.628,23.708,4.598
5357,26.696,24.407,4.051
5358,27.208,24.775,3.015
5359,26.905,24.250,5.056
5360,25.784,22.795,3.415
5361,26.177,23.048,3.603
5362,26.863,22.484,2.877
5363,26.465,22.656,3.384
5364,26.525,23.342,2.634
5365,26.952,23.779,4.353
5366,26.438,23.932,4.520
5367,26.639,24.334,3.970
5368,26.681,23.876,2.963
5369,27.044,23.501,4.155
5370,26.349,23.195,3.905
5371,25.688,23.498,4.755
5372,26.899,23.784,3.576
5373,29.196,24.118,4.065
5374,28.951,23.444,3.889
5375,30.459,23.400,4.269
5376,28.058,24.622,3.622
5377,27.264,24.847,5.233
5378,27.598,25.308,3.876
5379,28.075,24.478,5.185
5380,28.427,25.160,5.314
5381,27.379,24.258,5.098
5382,27.332,25.451,5.490
5383,28.211,25.563,4.853
5384,27.449,25.498,5.311
5385,27.111,23.897,4.776
5386,28.016,25.290,6.502
5387,29.155,26.265,5.927
5388,27.773,25.250,5.336
5389,26.979,24.066,5.758
5390,27.914,26.096,6.832
5391,27.678,25.860,7.293
5392,27.931,26.142,7.260
5393,27.833,26.438,7.534
5394,26.983,25.763,7.154
5395,27.362,27.277,6.894
5396,25.882,25.620,6.889
5397,26.855,26.105,6.907
5398,26.227,24.860,7.570
5399,26.586,25.112,7.609
5400,26.847,26.483,7.501
5401,26.603,25.182,7.050
5402,27.810,25.264,6.891
5403,28.089,26.361,7.263
5404,26.617,25.414,6.140
5405,26.266,24.328,6.599
5406,26.048,24.691,6.541
5407,26.994,25.627,6.542
5408,28.023,24.428,5.521
5409,26.233,25.093,6.472
5410,27.573,26.265,5.989
5411,28.062,26.730,5.517
5412,27.367,25.631,6.146
5413,28.073,24.437,5.499
5414,28.968,26.392,6.137
5415,27.583,25.866,5.597
5416,26.775,25.226,7.093
5417,26.352,25.006,5.882
5418,28.102,25.471,5.950
5419,28.078,25.992,4.509
5420,27.622,25.135,4.508
5421,28.536,26.061,4.425
5422,28.101,26.241,4.426
5423,28.572,26.368,4.024
5424,27.700,25.273,4.685
5425,26.483,25.098,5.989
5426,26.400,24.144,5.278
5427,26.532,25.190,5.433
5428,28.454,25.665,4.043
5429,27.824,25.366,5.096
5430,26.150,25.321,4.316
5431,26.620,26.208,5.480
5432,28.521,26.520,5.365
5433,26.914,25.296,5.985
5434,26.976,26.857,5.616
5435,27.741,26.133,4.791
5436,28.971,26.544,4.297
5437,27.394,26.215,4.542
5438,27.202,27.131,4.103
5439,27.779,26.078,4.580
5440,28.174,26.730,4.704
5441,27.991,25.477,5.346
5442,27.527,25.500,4.786
5443,29.227,26.672,5.723
5444,28.540,26.527,4.273
5445,28.936,27.595,4.604
5446,29.267,27.856,5.178
5447,30.691,25.440,4.074
5448,26.640,24.390,4.677
5449,27.415,25.697,3.311
5450,27.710,25.401,5.708
5451,27.191,24.533,3.161
5452,27.829,23.862,4.527
5453,27.486,25.678,3.796
5454,27.130,26.130,5.602
5455,27.457,25.878,4.790
5456,27.594,26.191,5.828
5457,26.824,25.821,4.235
5458,28.169,25.677,5.117
5459,30.493,26.568,4.794
5460,28.111,25.373,4.008
5461,26.361,24.314,4.150
5462,27.255,24.262,4.210
5463,27.538,25.959,4.165
5464,28.454,25.437,4.455
5465,27.088,24.666,4.400
5466,26.658,25.078,4.591
5467,28.325,25.936,4.359
5468,27.904,25.782,4.842
5469,27.440,25.189,4.008
5470,27.407,25.536,4.309
5471,27.753,26.304,4.580
5472,27.276,24.765,4.486
5473,26.863,24.006,3.987
5474,26.749,24.419,4.407
5475,26.882,23.932,4.290
5476,26.344,23.941,4.367
5477,26.315,24.693,4.992
5478,25.656,25.102,5.453
5479,27.235,25.122,4.538
5480,26.453,23.993,3.726
5481,26.649,26.041,4.691
5482,27.044,25.113,3.855
5483,27.421,25.466,4.028
5484,27.999,26.210,4.545
5485,28.375,26.417,5.247
5486,28.348,25.605,4.465
5487,27.974,24.648,4.024
5488,27.959,26.039,3.988
5489,28.563,26.263,4.540
5490,27.844,24.856,4.363
5491,27.570,25.142,4.466
5492,26.042,23.199,4.798
5493,26.535,24.482,4.759
5494,26.286,24.056,4.475
5495,25.915,23.459,4.608
5496,25.652,24.072,3.929
5497,26.747,24.920,4.731
5498,27.537,25.312,4.967
5499,27.071,24.463,4.068
5500,26.493,24.601,4.476
5501,26.375,24.157,4.423
5502,26.076,24.167,4.521
5503,26.574,24.661,4.547
5504,26.464,25.484,4.404
5505,26.504,24.601,4.734
5506,25.924,24.819,4.477
5507,28.681,24.548,4.962
5508,28.428,24.643,4.439
5509,25.877,23.323,5.504
5510,27.240,24.355,5.247
5511,26.991,23.956,4.696
5512,26.453,24.126,4.779
5513,26.764,25.386,4.011
5514,25.380,23.579,4.732
5515,25.132,23.850,4.405
5516,26.654,24.160,4.485
5517,25.723,23.887,4.461
5518,24.786,23.847,4.536
5519,25.535,23.845,5.021
5520,25.899,24.609,4.838
5521,25.226,22.730,4.236
5522,25.516,23.711,4.154
5523,25.898,23.879,4.985
5524,26.289,23.872,4.301
5525,26.778,24.619,5.265
5526,26.282,24.886,4.717
5527,25.764,23.034,4.326
5528,25.965,23.956,4.874
5529,25.577,23.240,4.538
5530,26.147,24.668,5.060
5531,25.402,22.900,4.320
5532,26.448,24.461,5.017
5533,25.715,23.566,5.390
5534,25.806,23.601,4.888
5535,27.137,24.416,4.574
5536,26.214,24.763,4.663
5537,25.495,23.508,4.159
5538,26.373,24.545,4.441
5539,25.445,24.152,5.039
5540,25.035,23.411,4.960
5541,25.493,23.577,5.098
5542,26.626,25.616,4.761
5543,25.296,23.448,5.189
5544,25.600,23.935,4.582
5545,26.289,24.255,4.201
5546,26.614,25.062,4.181
5547,26.506,24.063,5.061
5548,26.023,24.543,4.555
5549,25.673,24.312,4.872
5550,27.324,25.257,3.981
5551,27.422,25.424,4.246
5552,26.599,24.890,4.744
5553,25.190,23.895,4.446
5554,25.961,23.366,4.297
5555,26.055,24.576,4.611
5556,25.638,23.711,4.758
5557,25.109,23.125,4.910
5558,26.934,24.314,4.734
5559,26.441,24.509,4.858
5560,27.647,24.209,4.845
5561,28.184,23.394,4.649
5562,30.204,24.692,5.036
5563,26.172,24.409,5.006
5564,26.339,23.718,4.507
5565,27.047,24.444,4.694
5566,26.714,24.452,4.416
5567,27.090,24.453,4.856
5568,26.737,25.848,4.544
5569,28.009,25.374,4.615
5570,26.610,24.692,4.173
5571,26.212,24.565,5.017
5572,26.753,24.558,4.514
5573,26.398,23.347,4.536
5574,25.729,23.511,4.750
5575,26.222,24.185,5.050
5576,27.119,24.921,4.448
5577,27.601,24.568,4.468
5578,28.317,24.893,4.539
5579,26.701,25.108,5.881
5580,26.337,24.706,5.093
5581,26.978,24.599,5.302
5582,26.014,25.174,5.196
5583,27.187,24.332,5.124
5584,27.095,24.640,6.018
5585,26.975,24.408,4.935
5586,27.792,24.039,5.064
5587,24.802,22.590,4.855
5588,25.812,23.457,5.160
5589,26.070,23.340,4.725
5590,26.013,23.998,4.341
5591,26.510,23.859,5.101
5592,26.555,24.049,5.083
5593,25.522,24.697,5.053
5594,25.563,24.479,5.363
5595,26.868,25.071,5.553
5596,25.445,24.019,5.510
5597,25.726,24.122,4.725
5598,26.030,25.109,5.353
5599,26.116,23.363,5.929
5600,24.676,23.842,5.558
5601,26.255,24.497,4.477
5602,25.652,23.076,5.177
5603,25.713,23.650,4.740
5604,26.319,24.618,4.663
5605,26.596,23.937,4.411
5606,25.736,23.972,4.961
5607,25.747,24.353,5.084
5608,26.233,23.712,5.287
5609,25.173,23.140,4.062
5610,25.798,23.925,3.607
5611,24.482,22.182,4.318
5612,25.880,23.638,4.227
5613,25.249,22.795,5.013
5614,26.017,23.565,5.139
5615,26.325,23.741,4.193
5616,25.657,23.783,4.611
5617,26.562,24.688,4.636
5618,26.370,24.335,4.653
5619,26.199,23.576,4.888
5620,25.649,23.946,4.857
5621,26.646,23.615,4.505
5622,26.731,24.133,4.799
5623,26.317,23.282,4.317
5624,25.901,24.490,4.860
5625,26.291,24.303,4.489
5626,25.568,23.659,4.469
5627,26.630,23.393,4.924
5628,25.936,24.003,4.711
5629,25.641,24.107,5.110
5630,25.810,23.341,4.084
5631,26.786,23.740,4.538
5632,25.753,23.229,4.853
5633,25.628,23.570,4.903
5634,25.362,23.087,4.394
5635,26.288,23.243,4.971
5636,26.349,24.850,4.321
5637,26.046,24.636,5.504
5638,26.813,24.126,4.330
5639,26.585,24.928,4.993
5640,26.035,23.861,4.639
5641,26.259,24.259,5.443
5642,25.516,23.281,5.110
5643,26.593,24.613,4.620
5644,25.918,23.736,4.467
5645,26.865,24.843,5.349
5646,25.256,23.225,3.310
5647,25.907,23.092,4.358
5648,25.880,23.629,5.070
5649,25.969,24.321,4.679
5650,25.903,23.463,5.054
5651,26.607,24.349,4.495
5652,27.091,23.822,4.292
5653,27.089,24.906,4.855
5654,27.311,24.943,4.279
5655,27.152,25.038,5.338
5656,25.799,23.860,4.931
5657,25.826,23.795,4.458
5658,26.947,24.920,4.535
5659,26.323,24.327,4.747
5660,26.053,24.211,5.144
5661,26.949,23.383,4.833
5662,26.974,25.248,5.258
5663,25.629,23.466,4.812
5664,26.470,23.702,5.064
5665,27.643,24.899,5.416
5666,28.421,24.860,5.093
5667,27.388,24.487,5.829
5668,26.843,25.336,4.503
5669,27.580,25.798,5.255
5670,27.041,23.786,5.001
5671,26.743,24.170,4.597
5672,27.057,24.548,6.265
5673,27.763,25.003,4.076
5674,26.342,24.902,4.850
5675,27.259,24.546,4.736
5676,27.212,24.194,5.395
5677,28.347,25.423,4.344
5678,28.867,24.998,4.407
5679,27.027,24.812,5.767
5680,27.600,24.385,4.192
5681,27.356,24.989,5.470
5682,27.510,23.985,4.771
5683,27.474,23.775,5.128
5684,27.307,24.255,4.832
5685,26.117,23.669,4.439
5686,26.481,24.167,4.805
5687,27.135,25.121,4.652
5688,27.267,24.864,4.457
5689,27.152,24.988,4.910
5690,26.941,23.342,5.077
5691,26.800,24.291,4.801
5692,25.882,22.799,4.318
5693,26.086,22.434,4.810
5694,27.018,24.598,4.987
5695,25.933,22.458,4.878
5696,26.965,24.264,4.785
5697,27.032,22.958,4.937
5698,26.616,22.749,4.248
5699,27.675,24.184,4.672
5700,27.711,24.095,4.846
5701,27.711,23.604,5.254
5702,27.218,23.685,5.431
5703,27.710,24.117,5.211
5704,26.644,23.572,5.128
5705,27.178,25.603,5.170
5706,28.095,25.986,5.041
5707,27.423,25.542,5.722
5708,27.096,24.731,4.452
5709,27.307,23.902,4.663
5710,26.368,24.006,4.772
5711,26.301,23.218,5.358
5712,27.226,24.048,4.884
5713,27.890,23.814,4.007
5714,26.958,23.300,4.656
5715,27.352,24.601,5.260
5716,26.712,24.361,5.086
5717,25.683,23.046,5.155
5718,26.811,23.564,4.486
5719,27.515,24.537,4.401
5720,27.126,23.620,4.922
5721,27.110,22.851,4.909
5722,27.374,24.077,4.251
5723,27.558,24.875,4.550
5724,27.302,23.652,5.147
5725,28.625,25.612,4.783
5726,26.206,22.533,5.676
5727,26.322,23.360,5.030
5728,27.938,23.679,5.782
5729,28.626,25.628,4.604
5730,27.601,24.807,4.292
5731,26.587,23.033,4.740
5732,28.651,25.582,6.104
5733,27.848,24.169,4.438
5734,27.346,23.893,4.010
5735,27.611,23.610,4.016
5736,28.033,23.985,4.036
5737,26.156,22.608,3.837
5738,26.525,23.115,3.397
5739,27.016,22.839,3.268
5740,28.710,24.323,4.253
5741,27.683,24.718,4.625
5742,29.722,23.562,4.516
5743,27.257,23.413,3.059
5744,26.183,22.028,3.857
5745,28.129,23.820,3.356
5746,26.625,22.673,3.834
5747,26.708,21.915,4.230
5748,26.309,22.818,3.023
5749,26.817,23.128,5.101
5750,26.205,22.433,5.394
5751,26.172,21.989,4.432
5752,27.691,22.789,2.906
5753,26.278,20.636,4.088
5754,27.322,23.580,4.341
5755,26.232,23.381,5.171
5756,27.414,23.786,4.216
5757,26.739,22.195,4.331
5758,26.663,22.262,3.572
5759,26.963,22.016,3.961
5760,25.268,22.136,4.505
5761,26.963,23.075,4.384
5762,28.898,23.547,4.321
5763,26.709,23.510,3.120
5764,27.740,23.563,3.495
5765,25.581,22.253,4.895
5766,25.293,20.881,4.713
5767,25.921,21.297,3.945
5768,27.069,22.479,3.815
5769,26.508,22.158,3.371
5770,26.360,23.537,3.378
5771,28.560,22.751,2.849
5772,27.542,22.407,4.396
5773,26.389,21.928,4.248
5774,26.139,21.787,3.397
5775,27.821,22.720,3.455
5776,26.500,22.795,2.821
5777,26.501,21.664,2.926
5778,25.643,21.903,3.229
5779,25.642,21.898,3.687
5780,26.479,22.488,4.728
5781,26.122,22.596,4.034
5782,27.072,23.537,4.366
5783,26.518,23.484,4.132
5784,27.521,22.857,5.258
5785,26.821,23.221,4.898
5786,27.511,24.267,4.213
5787,27.878,23.757,4.706
5788,27.652,25.114,5.390
5789,27.977,24.157,5.620
5790,27.133,23.851,4.723
5791,25.705,22.160,4.408
5792,27.753,24.590,4.598
5793,27.455,23.577,4.864
5794,27.003,23.740,5.148
5795,27.550,22.973,5.004
5796,27.651,24.238,4.754
5797,27.504,24.507,4.399
5798,27.267,23.089,5.053
5799,28.418,24.467,4.691
5800,28.085,24.445,5.456
5801,27.590,23.849,5.270
5802,27.519,24.362,4.593
5803,27.357,24.884,4.782
5804,28.103,24.469,4.769
5805,28.866,26.333,5.638
5806,26.818,24.248,5.032
5807,27.886,24.986,5.694
5808,27.421,24.963,5.348
5809,27.345,24.218,2.753
5810,28.006,25.569,5.830
5811,26.146,24.224,5.055
5812,26.918,24.473,4.579
5813,27.902,26.136,4.480
5814,26.982,25.607,4.555
5815,28.361,24.341,4.144
5816,27.776,24.301,5.281
5817,27.069,24.254,5.408
5818,28.061,25.401,5.095
5819,25.807,24.239,5.291
5820,26.354,23.011,5.311
5821,27.462,24.065,4.635
5822,27.391,24.364,4.694
5823,27.904,24.578,3.943
5824,27.543,24.081,4.476
5825,29.506,24.353,4.313
5826,28.228,24.970,4.069
5827,28.477,25.335,4.923
5828,28.097,25.219,4.779
5829,27.101,25.615,4.991
5830,27.309,23.877,4.020
5831,27.361,24.663,5.002
5832,26.961,23.518,4.999
5833,26.950,24.030,4.420
5834,28.049,24.134,4.580
5835,26.985,23.620,4.543
5836,27.470,25.374,4.115
5837,27.408,24.213,4.480
5838,28.243,24.633,5.247
5839,27.917,24.141,4.567
5840,27.795,25.000,4.928
5841,28.261,24.939,4.922
5842,28.188,25.587,5.701
5843,28.061,24.881,4.485
5844,27.176,24.486,4.594
5845,27.915,26.341,4.156
5846,27.978,25.921,6.302
5847,27.533,25.152,6.099
5848,27.012,23.907,5.529
5849,29.845,24.639,4.499
5850,31.522,25.024,5.575
5851,30.068,24.603,5.326
5852,28.670,25.699,5.663
5853,28.920,24.539,4.520
5854,30.006,25.081,4.364
5855,29.387,25.391,5.941
5856,31.028,24.929,5.166
5857,29.867,24.449,4.661
5858,29.298,23.474,4.575
5859,30.889,25.267,4.494
5860,30.011,23.771,5.312
5861,30.345,23.594,4.721
5862,29.183,24.278,5.112
5863,27.421,24.752,5.302
5864,27.409,24.196,4.455
5865,27.141,23.062,3.862
5866,27.405,23.408,3.076
5867,26.486,23.670,3.403
5868,26.687,23.560,4.537
5869,26.851,23.296,4.233
5870,26.017,23.906,3.684
5871,26.517,22.285,3.689
5872,26.386,23.492,3.411
5873,25.423,22.217,4.018
5874,26.694,24.224,3.387
5875,26.440,24.553,4.314
5876,27.736,24.429,4.517
5877,28.428,25.927,4.134
5878,28.404,27.279,5.892
5879,26.653,23.991,5.182
5880,27.636,24.369,4.738
5881,27.249,24.605,4.317
5882,28.666,25.357,4.304
5883,26.874,24.005,4.928
5884,27.381,25.795,4.408
5885,28.280,25.708,4.878
5886,28.859,26.905,4.927
5887,28.067,27.325,4.530
5888,28.532,26.342,4.530
5889,28.810,26.106,5.446
5890,27.565,25.181,4.865
5891,28.391,26.310,3.915
5892,27.758,24.718,4.613
5893,27.528,24.434,3.911
5894,28.255,25.689,4.128
5895,28.712,25.228,4.260
5896,27.730,24.902,4.727
5897,28.898,26.886,4.848
5898,27.545,25.111,3.657
5899,28.664,25.322,3.469
5900,27.905,25.306,4.744
5901,27.994,25.766,4.491
5902,27.636,25.929,4.553
5903,27.044,24.504,4.381
5904,26.923,23.667,5.316
5905,27.498,25.214,4.637
5906,26.762,24.414,4.243
5907,26.535,23.312,3.593
5908,26.735,22.242,4.752
5909,25.642,23.272,3.495
5910,26.092,22.867,3.499
5911,27.137,23.233,3.111
5912,26.035,23.649,4.597
5913,26.730,23.540,4.492
5914,26.631,23.393,5.160
5915,27.567,24.154,4.676
5916,29.803,24.371,4.246
5917,28.097,23.124,3.257
5918,28.569,24.066,2.875
5919,25.811,22.120,2.842
5920,25.824,21.926,2.942
5921,25.705,23.280,3.939
5922,25.668,23.238,4.206
5923,26.820,23.408,3.877
5924,26.523,23.568,4.116
5925,26.403,24.289,4.806
5926,27.788,24.123,5.218
5927,30.344,24.364,5.505
5928,28.141,23.877,4.698
5929,27.227,23.998,5.116
5930,27.297,23.789,4.987
5931,26.009,23.579,3.944
5932,27.051,23.284,4.584
5933,25.649,23.011,4.179
5934,26.729,23.838,5.433
5935,26.518,23.378,4.585
5936,26.464,23.857,4.551
5937,27.306,24.393,4.929
5938,27.870,23.836,4.848
5939,28.661,23.913,4.116
5940,26.526,24.439,4.210
5941,26.010,22.467,4.421
5942,26.904,23.144,4.254
5943,27.393,24.738,3.687
5944,26.210,23.394,3.921
5945,26.727,23.174,3.930
5946,26.094,23.887,3.368
5947,25.764,23.540,3.945
5948,26.240,23.266,3.450
5949,26.637,23.478,4.609
5950,26.539,23.759,4.297
5951,27.035,23.958,4.417
5952,26.901,25.302,4.852
5953,26.803,25.124,4.352
5954,25.998,23.184,4.249
5955,26.031,23.786,4.851
5956,26.459,22.983,4.027
5957,25.999,23.358,3.721
5958,26.216,23.524,4.303
5959,27.180,24.426,4.609
5960,27.188,24.179,4.331
5961,27.167,23.023,3.845
5962,27.473,23.733,3.821
5963,27.174,23.507,3.279
5964,26.813,23.390,5.220
5965,27.528,25.647,4.284
5966,28.210,24.671,3.831
5967,26.414,24.753,4.802
5968,27.391,25.780,4.517
5969,26.129,23.165,4.507
5970,26.912,24.697,5.351
5971,26.847,24.266,3.606
5972,26.953,23.870,3.602
5973,28.223,23.659,3.961
5974,27.116,23.983,4.951
5975,26.394,23.381,4.590
5976,26.922,23.674,3.609
5977,27.745,24.898,3.177
5978,27.409,23.349,5.092
5979,25.830,23.673,4.560
5980,27.291,23.886,4.426
5981,29.805,24.441,4.203
5982,29.435,24.000,4.428
5983,29.404,24.206,4.675
5984,28.220,25.748,4.261
5985,29.325,24.414,4.713
5986,29.899,23.640,5.715
5987,28.961,22.662,4.358
5988,28.758,23.904,5.037
5989,30.340,25.002,4.894
5990,29.842,24.035,3.563
5991,28.590,23.403,4.021
5992,29.500,23.543,2.921
5993,26.800,23.743,4.306
5994,27.352,24.821,4.953
5995,27.354,25.492,4.156
5996,28.016,25.862,4.337
5997,27.183,24.428,3.951
5998,26.974,24.382,4.649
5999,26.383,23.814,4.936
6000,26.777,23.017,4.281
6001,26.733,24.100,4.042
6002,27.707,24.655,4.511
6003,26.879,25.412,4.766
6004,26.902,22.645,4.378
6005,26.803,23.002,4.345
6006,26.330,23.351,3.729
6007,27.478,24.170,4.309
6008,26.086,23.304,3.801
6009,26.007,23.916,4.204
6010,26.569,22.736,4.429
6011,26.480,23.723,4.328
6012,25.932,23.674,3.802
6013,26.015,23.761,4.866
6014,26.617,24.074,4.538
6015,26.974,25.305,4.790
6016,28.185,25.863,4.582
6017,26.876,25.046,4.543
6018,27.261,25.182,4.710
6019,29.427,24.151,4.045
6020,25.402,22.841,4.304
6021,26.677,24.479,4.914
6022,26.893,24.512,4.328
6023,27.525,25.446,5.213
6024,27.230,25.100,4.848
6025,28.141,24.925,5.445
6026,27.166,24.755,5.232
6027,28.430,26.105,4.663
6028,27.405,25.048,4.310
6029,27.688,24.222,4.907
6030,27.141,25.398,4.945
6031,28.068,24.690,4.794
6032,26.407,24.701,3.997
6033,27.121,23.692,5.627
6034,27.792,24.009,4.064
6035,26.911,25.177,4.378
6036,27.532,23.927,3.215
6037,27.664,23.984,5.136
6038,27.498,24.963,4.131
6039,27.625,23.622,5.717
6040,27.432,24.266,5.616
6041,27.154,24.217,4.718
6042,26.959,24.233,4.984
6043,26.897,22.611,4.201
6044,27.182,24.170,4.953
6045,27.996,24.593,4.765
6046,26.932,24.511,5.042
6047,27.287,24.386,4.462
6048,27.379,25.029,4.197
6049,27.551,24.640,4.567
6050,26.989,24.395,3.783
6051,27.410,23.839,3.064
6052,25.904,24.462,4.619
6053,27.212,25.156,4.871
6054,27.733,25.057,4.311
6055,26.794,22.838,2.768
6056,27.566,24.396,4.741
6057,27.199,23.967,4.385
6058,27.091,23.772,3.199
6059,27.991,25.048,3.382
6060,27.853,23.366,3.197
6061,27.351,22.777,5.078
6062,31.662,25.450,4.914
6063,30.350,24.449,3.339
6064,29.945,25.258,4.286
6065,26.688,24.475,4.246
6066,26.879,24.027,3.570
6067,27.767,24.976,4.864
6068,26.806,24.802,4.120
6069,26.893,24.377,5.171
6070,27.321,25.418,4.933
6071,27.447,23.854,4.053
6072,27.291,23.778,4.709
6073,28.226,23.782,4.804
6074,27.808,23.528,3.673
6075,27.633,25.153,3.440
6076,28.294,24.630,4.309
6077,28.170,25.722,5.002
6078,26.857,24.055,5.091
6079,27.069,24.614,5.139
6080,26.546,24.113,4.972
6081,27.802,24.809,5.001
6082,27.021,23.590,4.337
6083,26.943,23.383,4.433
6084,27.350,25.063,4.838
6085,27.397,24.905,4.939
6086,26.725,23.581,4.786
6087,27.174,25.011,4.233
6088,26.314,23.940,4.372
6089,27.866,24.798,4.771
6090,27.302,25.936,5.084
6091,26.391,24.443,5.160
6092,26.962,24.175,5.401
6093,26.515,24.017,5.267
6094,27.123,23.841,4.708
6095,28.545,24.576,4.577
6096,26.983,24.104,4.874
6097,27.475,23.688,3.931
6098,27.578,25.554,4.183
6099,28.032,25.427,5.013
6100,27.557,25.436,5.264
6101,27.338,24.756,5.481
6102,27.754,25.029,5.486
6103,27.833,24.561,5.492
6104,27.719,25.504,4.757
6105,27.864,25.174,4.125
6106,27.836,25.223,5.397
6107,26.795,25.284,4.017
6108,27.510,23.553,5.020
6109,27.004,24.182,5.405
6110,26.792,24.083,4.732
6111,27.217,24.248,5.176
6112,26.714,23.656,4.335
6113,27.289,24.572,5.447
6114,26.962,23.987,3.595
6115,27.455,25.164,5.201
6116,27.305,24.826,5.114
6117,27.626,24.447,5.853
6118,27.314,25.057,5.930
6119,27.226,24.991,4.916
6120,27.707,25.759,5.028
6121,26.793,24.444,4.955
6122,27.221,24.805,4.638
6123,27.260,24.296,4.974
6124,27.181,25.367,5.223
6125,27.182,24.545,4.929
6126,26.534,23.511,3.798
6127,27.496,24.151,5.761
6128,27.238,24.803,4.880
6129,27.754,24.300,4.523
6130,27.698,25.089,4.780
6131,27.269,23.749,4.735
6132,27.730,25.092,5.565
6133,27.661,25.576,4.480
6134,27.108,25.392,4.967
6135,28.621,25.701,6.367
6136,27.821,26.115,5.413
6137,27.555,24.778,4.958
6138,27.434,25.383,4.950
6139,26.593,24.165,4.550
6140,27.056,23.513,5.133
6141,27.068,23.964,5.439
6142,26.827,23.855,4.979
6143,27.313,23.830,5.142
6144,27.701,24.816,4.767
6145,28.035,23.992,4.785
6146,26.688,23.758,4.528
6147,26.853,23.835,5.059
6148,27.171,23.813,4.291
6149,27.658,23.311,3.255
6150,27.225,24.027,4.867
6151,27.524,24.508,4.209
6152,27.712,24.314,3.285
6153,27.245,23.428,4.112
6154,27.246,23.986,4.472
6155,27.807,24.036,5.059
6156,27.351,24.940,4.426
6157,27.284,24.324,4.186
6158,26.570,23.739,4.726
6159,28.076,24.031,4.200
6160,29.068,23.684,4.681
6161,29.183,23.007,5.538
6162,27.161,22.801,5.198
6163,29.242,23.782,5.045
6164,29.741,25.974,4.949
6165,27.206,23.877,5.275
6166,28.035,23.441,4.508
6167,27.794,24.238,4.419
6168,26.867,24.708,5.036
6169,27.830,24.544,5.047
6170,28.359,26.071,5.304
6171,27.152,25.363,4.898
6172,26.407,24.213,4.846
6173,26.675,24.747,4.571
6174,26.717,24.384,4.866
6175,27.411,24.164,4.326
6176,26.746,23.088,5.141
6177,27.308,24.426,4.486
6178,27.429,24.421,4.436
6179,29.140,24.314,4.609
6180,29.468,24.781,4.853
6181,30.264,24.321,4.911
6182,30.305,24.229,4.627
6183,26.944,22.169,4.343
6184,27.406,25.267,4.983
6185,27.258,24.410,4.490
6186,26.207,23.519,4.177
6187,26.598,23.561,4.910
6188,27.592,23.512,4.280
6189,26.685,24.386,4.063
6190,26.673,23.961,4.271
6191,26.086,23.527,4.893
6192,27.625,24.201,3.927
6193,27.595,22.693,4.182
6194,29.431,22.272,4.905
6195,28.799,23.000,3.778
6196,27.772,23.095,2.903
6197,26.905,23.743,3.534
6198,26.690,22.993,4.524
6199,28.142,24.798,5.276
6200,27.169,23.824,3.450
6201,29.347,25.425,4.896
6202,27.679,23.734,5.044
6203,26.921,23.148,5.280
6204,27.158,24.013,4.604
6205,27.974,23.994,4.729
6206,27.791,23.412,4.473
6207,27.526,24.042,5.277
6208,27.077,23.617,4.827
6209,26.741,23.714,4.663
6210,27.012,23.015,4.307
6211,26.548,23.769,4.964
6212,26.994,23.492,4.533
6213,27.569,24.324,5.633
6214,27.705,24.091,2.727
6215,27.563,23.996,4.622
6216,27.461,23.794,3.900
6217,28.301,22.955,4.577
6218,27.336,23.248,3.399
6219,27.882,23.617,4.683
6220,26.970,22.238,4.830
6221,27.125,23.398,4.616
6222,26.821,24.191,4.066
6223,27.251,23.848,4.868
6224,28.597,24.033,4.082
6225,27.659,23.243,4.158
6226,26.922,23.135,4.153
6227,27.704,24.374,4.401
6228,26.732,22.920,5.022
6229,27.223,24.072,4.818
6230,27.861,24.056,4.260
6231,27.722,23.242,4.271
6232,28.136,23.573,4.326
6233,27.280,23.970,4.217
6234,26.397,22.836,3.999
6235,27.113,22.985,4.273
6236,27.396,22.751,4.215
6237,27.811,23.554,3.322
6238,27.626,22.829,3.598
6239,26.866,21.705,3.744
6240,26.811,23.873,4.402
6241,27.106,23.692,4.516
6242,25.813,22.304,4.814
6243,27.135,23.726,3.379
6244,26.530,22.147,2.965
6245,27.383,22.794,3.218
6246,27.881,24.547,5.237
6247,28.937,24.323,4.953
6248,27.804,23.151,3.171
6249,28.309,23.106,3.727
6250,28.130,24.303,4.766
6251,27.471,25.086,4.962
6252,27.643,23.229,5.412
6253,27.125,23.987,4.498
6254,27.229,24.067,4.863
6255,26.995,23.227,4.073
6256,27.497,23.175,4.320
6257,27.235,23.432,3.781
6258,28.821,24.883,4.775
6259,28.110,23.474,3.018
6260,29.989,25.589,4.172
6261,27.589,22.972,3.029
6262,28.522,23.653,2.909
6263,28.045,24.231,5.015
6264,27.696,23.416,4.761
6265,29.708,22.528,4.182
6266,30.376,23.173,5.485
6267,28.230,23.206,5.004
6268,30.780,23.281,4.962
6269,29.951,25.140,5.373
6270,29.705,22.293,4.663
6271,27.348,23.164,4.309
6272,26.951,21.719,3.921
6273,26.797,22.792,4.925
6274,27.734,23.584,4.428
6275,27.566,23.410,5.075
6276,26.764,22.033,5.600
6277,27.130,22.397,5.523
6278,28.127,23.767,4.658
6279,28.006,23.489,5.209
6280,27.524,23.878,5.285
6281,29.498,23.454,4.981
6282,29.472,22.503,5.088
6283,29.750,22.231,4.433
6284,30.193,22.819,4.984
6285,29.560,22.649,4.805
6286,31.130,23.905,5.645
6287,30.348,24.292,4.630
6288,28.811,24.797,5.791
6289,29.817,24.367,5.533
6290,29.343,23.185,5.830
6291,28.663,23.102,4.239
6292,27.239,23.195,4.753
6293,28.061,23.874,4.552
6294,27.945,23.308,5.546
6295,28.320,23.955,5.179
6296,28.611,24.436,4.679
6297,27.657,23.414,5.154
6298,27.502,23.332,5.158
6299,27.148,24.104,4.423
6300,26.140,23.274,5.739
6301,28.095,23.892,4.851
6302,27.020,25.562,5.675
6303,27.564,24.120,4.494
6304,27.199,25.208,5.032
6305,27.249,24.152,5.263
6306,27.823,24.912,5.647
6307,27.613,23.401,4.672
6308,26.972,22.263,4.715
6309,26.932,22.513,4.932
6310,27.149,22.832,5.136
6311,26.597,22.953,4.845
6312,26.579,23.579,4.572
6313,27.455,24.617,4.695
6314,27.334,23.774,5.072
6315,27.693,23.373,4.690
6316,27.022,22.520,4.744
6317,28.350,22.138,5.175
6318,29.911,24.009,4.894
6319,26.829,24.488,5.148
6320,27.075,23.408,5.061
6321,27.066,23.634,4.960
6322,27.262,21.959,5.107
6323,27.224,23.509,5.213
6324,26.743,22.392,5.202
6325,28.557,24.470,5.385
6326,28.305,23.609,5.249
6327,28.338,24.092,4.817
6328,28.755,24.156,4.609
6329,27.342,24.281,4.985
6330,27.228,22.383,5.127
6331,27.543,24.117,5.439
6332,27.756,23.075,4.566
6333,27.877,24.129,4.601
6334,27.644,24.091,4.678
6335,28.046,23.652,4.577
6336,27.110,24.511,5.539
6337,26.752,23.777,5.504
6338,27.987,24.413,4.751
6339,27.096,24.201,4.981
6340,28.045,24.757,4.948
6341,26.801,23.278,5.433
6342,28.359,25.035,4.355
6343,28.167,25.017,5.340
6344,27.838,24.534,5.501
6345,28.198,25.412,4.356
6346,28.023,24.835,5.092
6347,27.899,24.341,5.684
6348,29.121,25.050,4.707
6349,27.652,24.692,5.028
6350,28.295,24.148,4.243
6351,27.278,24.277,5.992
6352,30.913,24.169,4.446
6353,30.517,23.725,4.856
6354,29.958,23.621,5.187
6355,29.660,23.194,4.912
6356,30.454,23.810,4.711
6357,29.833,23.174,5.252
6358,30.130,24.257,5.436
6359,30.575,23.506,5.148
6360,28.171,24.771,4.590
6361,28.020,23.920,4.518
6362,27.888,24.566,5.231
6363,26.807,22.314,4.734
6364,27.483,24.845,5.106
6365,28.016,24.255,4.156
6366,27.850,23.932,4.885
6367,27.258,23.395,4.904
6368,27.197,23.207,4.553
6369,27.578,23.155,4.619
6370,27.749,22.928,4.884
6371,27.853,23.515,5.356
6372,27.249,23.703,4.591
6373,27.188,22.488,4.856
6374,26.852,25.202,4.015
6375,26.882,22.153,5.003
6376,26.970,23.228,5.552
6377,27.943,23.234,5.583
6378,28.350,23.891,4.567
6379,27.427,23.533,4.505
6380,26.779,23.090,4.437
6381,28.268,24.683,4.387
6382,27.888,22.962,4.692
6383,27.501,23.342,4.494
6384,28.008,23.795,3.995
6385,27.702,22.647,4.580
6386,27.616,23.387,5.017
6387,26.626,22.636,4.317
6388,27.557,22.861,4.700
6389,26.975,23.317,4.581
6390,27.868,23.335,4.710
6391,27.807,23.682,5.264
6392,27.109,23.569,4.869
6393,27.367,23.354,5.253
6394,26.253,22.937,4.288
6395,27.547,23.217,5.052
6396,27.437,23.159,4.461
6397,28.265,22.861,4.580
6398,27.532,23.949,4.134
6399,27.793,23.659,4.973
6400,28.362,24.337,4.834
6401,28.219,24.227,4.413
6402,27.632,23.920,5.371
6403,28.358,23.933,4.352
6404,27.859,24.068,3.418
6405,27.412,22.764,3.900
6406,27.645,23.320,2.860
6407,27.461,23.223,2.827
6408,27.467,23.916,2.928
6409,26.660,23.451,3.895
6410,27.607,23.714,4.173
6411,28.934,25.144,4.160
6412,28.082,23.834,5.075
6413,27.835,23.890,4.693
6414,27.725,25.151,4.740
6415,27.049,24.715,4.757
6416,28.595,24.864,4.036
6417,28.095,25.508,4.193
6418,28.502,24.581,4.368
6419,27.347,23.491,4.439
6420,27.669,23.976,4.599
6421,27.541,24.285,4.615
6422,27.352,23.611,5.358
6423,27.152,24.516,5.235
6424,27.533,22.765,4.393
6425,27.593,23.680,5.368
6426,27.629,24.586,6.035
6427,28.158,24.895,5.419
6428,27.428,23.326,6.357
6429,27.889,24.296,5.944
6430,27.572,23.611,5.478
6431,28.381,23.636,4.417
6432,26.425,24.062,4.247
6433,27.715,24.530,5.695
6434,27.253,23.852,5.670
6435,27.128,23.646,4.870
6436,27.185,23.872,5.548
6437,26.664,23.902,4.553
6438,27.495,24.611,4.961
6439,26.834,23.623,5.408
6440,28.050,22.843,5.169
6441,28.523,24.208,4.754
6442,28.109,24.325,4.772
6443,28.197,24.666,5.818
6444,27.364,23.570,5.570
6445,28.409,25.053,4.726
6446,27.761,24.677,4.204
6447,28.095,25.053,5.137
6448,27.454,24.653,5.502
6449,27.063,24.937,5.877
6450,27.717,25.032,4.867
6451,28.345,25.478,5.667
6452,27.500,24.767,6.372
6453,27.665,24.450,5.534
6454,28.117,24.667,4.588
6455,26.494,24.184,4.963
6456,27.487,25.484,4.300
6457,27.655,24.871,5.035
6458,27.984,24.123,5.060
6459,26.505,24.987,5.733
6460,26.814,24.127,4.134
6461,27.958,25.426,4.208
6462,27.002,22.839,5.022
6463,26.717,23.181,4.777
6464,28.190,25.500,4.854
6465,27.284,23.459,4.977
6466,27.221,23.744,4.651
6467,27.172,25.034,4.563
6468,26.702,24.005,5.093
6469,28.444,24.540,5.213
6470,27.878,24.414,4.869
6471,27.404,23.150,4.845
6472,27.313,26.245,4.744
6473,27.600,24.898,4.926
6474,28.819,25.016,4.920
6475,28.902,26.444,5.317
6476,28.125,24.972,4.616
6477,27.337,24.925,4.837
6478,29.131,25.204,4.271
6479,28.302,25.193,3.951
6480,27.952,25.633,4.235
6481,28.086,24.285,4.599
6482,27.249,24.613,5.037
6483,28.469,24.931,4.743
6484,28.857,26.490,4.292
6485,28.031,25.538,4.384
6486,27.785,24.823,4.091
6487,27.178,23.773,4.075
6488,26.706,23.510,4.609
6489,27.645,24.655,4.343
6490,28.613,26.193,4.779
6491,28.088,25.995,4.382
6492,27.831,25.405,3.962
6493,28.671,26.045,4.934
6494,27.751,25.095,4.198
6495,28.472,24.733,4.376
6496,27.456,25.183,4.872
6497,28.398,25.335,4.134
6498,29.201,26.631,4.941
6499,28.156,25.622,4.413
6500,28.380,25.086,4.550
6501,27.350,25.644,4.640
6502,27.885,26.095,4.554
6503,29.183,26.416,4.347
6504,29.107,25.679,4.361
6505,28.483,25.316,4.288
6506,28.329,24.943,4.122
6507,27.827,25.523,4.685
6508,26.906,24.860,4.313
6509,27.754,25.185,4.573
6510,28.126,26.078,4.438
6511,26.788,23.623,3.589
6512,27.550,26.092,4.012
6513,26.996,23.652,4.863
6514,27.386,25.081,4.922
6515,27.797,24.774,4.157
6516,27.958,24.483,4.063
6517,27.175,24.021,3.588
6518,27.591,24.972,5.235
6519,27.841,25.197,4.373
6520,28.161,26.092,3.919
6521,27.834,24.915,4.259
6522,27.285,24.014,3.989
6523,26.573,24.946,4.211
6524,27.940,25.337,4.396
6525,26.401,23.604,3.876
6526,27.157,24.194,4.376
6527,26.691,23.530,4.616
6528,26.776,23.494,4.076
6529,27.676,23.524,4.129
6530,28.892,25.182,3.382
6531,26.670,23.585,4.691
6532,27.266,24.784,4.768
6533,28.162,24.978,4.827
6534,27.965,25.516,3.943
6535,27.360,25.622,3.989
6536,27.804,24.639,4.370
6537,27.401,24.866,4.873
6538,27.276,25.144,4.795
6539,27.691,24.233,4.426
6540,28.074,24.414,4.279
6541,27.147,23.319,4.483
6542,27.616,24.393,4.710
6543,29.433,26.140,4.225
6544,28.224,24.339,3.676
6545,28.195,24.589,4.245
6546,28.223,24.963,4.380
6547,29.446,25.648,4.369
6548,29.481,25.877,4.790
6549,28.501,24.162,3.941
6550,28.740,25.076,4.096
6551,30.500,24.643,3.432
6552,30.535,24.351,3.651
6553,30.698,25.187,4.425
6554,31.749,26.405,4.310
6555,29.949,25.244,4.399
6556,30.505,23.654,3.293
6557,30.573,24.521,3.820
6558,30.691,24.713,3.884
6559,31.172,23.799,4.031
6560,31.310,25.129,3.908
6561,31.199,25.571,4.682
6562,30.870,25.025,4.415
6563,31.591,25.189,4.189
6564,31.911,25.516,4.107
6565,31.159,25.037,3.849
6566,31.693,25.237,4.283
6567,30.875,25.730,3.897
6568,30.116,24.160,4.136
6569,30.444,24.989,4.644
6570,30.121,24.644,3.804
6571,30.558,25.347,5.080
6572,30.735,24.841,4.602
6573,31.189,24.821,4.177
6574,29.194,23.538,4.516
6575,28.613,24.771,4.150
6576,29.631,27.011,4.734
6577,27.587,25.541,4.671
6578,27.443,24.658,4.333
6579,28.153,26.197,4.258
6580,28.290,25.457,4.794
6581,28.241,25.334,4.062
6582,31.033,26.481,4.355
6583,28.809,24.321,4.879
6584,30.398,24.431,4.536
6585,26.770,24.381,5.754
6586,26.510,23.812,5.537
6587,26.296,23.822,3.647
6588,26.484,25.142,5.241
6589,27.383,24.049,4.193
6590,28.110,25.584,5.499
6591,28.382,25.725,4.875
6592,27.204,24.668,5.148
6593,26.691,23.746,5.037
6594,27.632,25.665,5.139
6595,28.561,26.186,5.182
6596,28.410,25.286,4.642
6597,28.116,25.230,5.145
6598,26.812,24.772,5.139
6599,27.331,24.217,4.393
6600,27.067,23.733,4.539
6601,27.388,24.516,4.613
6602,27.216,25.097,4.627
6603,27.017,24.339,5.075
6604,27.559,25.541,3.511
6605,27.342,24.400,3.039
6606,26.983,23.619,2.800
6607,28.461,26.831,4.036
6608,28.383,26.238,4.583
6609,27.190,25.007,4.941
6610,31.601,26.608,5.003
6611,30.389,26.024,5.426
6612,31.855,26.579,4.269
6613,30.649,26.182,3.930
6614,31.037,25.767,4.492
6615,30.005,24.449,4.277
6616,31.019,25.661,4.125
6617,30.852,25.548,4.182
6618,31.867,27.284,4.790
6619,30.908,25.231,4.168
6620,30.491,24.934,5.524
6621,27.942,24.872,5.564
6622,28.382,25.805,4.395
6623,27.702,25.162,4.649
6624,27.554,25.762,4.189
6625,27.127,25.492,4.563
6626,26.552,25.432,4.173
6627,27.942,26.556,4.968
6628,28.346,26.864,4.640
6629,28.001,26.272,4.497
6630,27.670,25.704,4.373
6631,27.794,25.697,5.714
6632,28.411,28.178,4.634
6633,27.557,26.148,4.678
6634,28.661,26.860,4.859
6635,27.529,25.190,4.557
6636,27.333,25.638,4.482
6637,29.012,25.568,5.118
6638,27.630,25.753,4.823
6639,26.989,24.776,5.018
6640,27.008,23.222,5.095
6641,27.067,24.496,5.178
6642,26.664,25.052,3.958
6643,28.240,27.308,5.026
6644,26.953,25.860,4.595
6645,28.292,27.424,4.428
6646,27.646,26.515,4.768
6647,28.589,26.552,3.952
6648,27.427,26.316,3.843
6649,27.206,25.490,3.939
6650,26.577,23.561,4.221
6651,26.381,24.427,4.812
6652,29.067,27.091,4.363
6653,28.089,25.225,4.160
6654,27.455,25.447,5.207
6655,27.385,25.723,4.674
6656,27.230,25.210,4.218
6657,28.920,24.834,4.531
6658,29.550,25.779,4.006
6659,30.231,24.437,5.316
6660,31.544,25.857,4.131
6661,31.198,26.439,4.344
6662,29.957,25.210,4.205
6663,29.207,24.497,4.632
6664,29.682,24.691,4.613
6665,30.111,24.693,4.230
6666,28.810,25.283,3.445
6667,27.671,24.218,4.098
6668,27.428,25.365,3.913
6669,27.721,25.862,4.369
6670,27.002,24.056,4.232
6671,27.501,25.011,4.570
6672,26.666,25.367,4.140
6673,27.051,24.347,4.544
6674,26.176,24.671,4.189
6675,26.557,24.552,3.494
6676,27.613,25.300,3.922
6677,27.615,24.645,4.072
6678,28.062,25.200,4.175
6679,28.065,26.225,4.663
6680,27.366,25.177,5.092
6681,28.707,26.305,4.169
6682,27.080,26.051,4.784
6683,27.558,25.635,4.176
6684,28.354,26.586,4.970
6685,28.733,26.361,4.646
6686,28.127,26.357,4.382
6687,28.051,25.519,4.292
6688,27.775,25.833,4.549
6689,28.558,25.917,4.383
6690,27.909,26.057,4.578
6691,28.002,25.830,4.347
6692,26.601,25.689,4.763
6693,28.140,25.793,4.617
6694,27.190,26.104,4.526
6695,27.246,25.041,4.547
6696,27.420,24.670,4.554
6697,28.275,25.605,4.035
6698,27.816,24.183,4.226
6699,27.841,25.230,4.159
6700,27.403,25.417,4.290
6701,28.145,25.213,3.958
6702,28.349,25.667,3.865
6703,28.122,26.761,4.758
6704,27.637,26.051,4.229
6705,28.118,25.998,4.769
6706,26.422,25.027,4.615
6707,27.372,25.998,3.912
6708,27.334,25.909,4.576
6709,27.394,25.773,4.670
6710,27.530,26.493,4.411
6711,27.171,26.428,4.133
6712,27.389,26.669,3.339
6713,27.715,26.351,4.369
6714,27.173,26.556,3.718
6715,27.963,25.975,4.892
6716,27.862,26.707,4.246
6717,27.626,25.053,4.375
6718,28.599,26.116,4.387
6719,28.581,25.865,4.481
6720,27.118,24.541,4.242
6721,28.420,25.860,4.991
6722,26.958,25.351,3.796
6723,27.207,26.334,4.414
6724,28.562,27.539,3.639
6725,29.552,27.703,3.906
6726,29.326,27.281,3.949
6727,28.935,27.879,4.558
6728,28.703,26.224,4.723
6729,27.900,25.898,3.931
6730,28.709,26.120,3.878
6731,28.953,27.172,4.287
6732,28.970,26.974,3.548
6733,27.809,26.632,4.397
6734,27.243,25.823,3.904
6735,26.950,24.365,2.971
6736,27.320,25.654,4.047
6737,27.233,26.002,3.757
6738,27.646,24.293,3.272
6739,26.778,24.694,2.791
6740,27.774,24.220,2.914
6741,27.730,25.860,3.463
6742,27.123,24.990,3.524
6743,27.364,24.463,3.427
6744,27.735,24.529,3.106
6745,27.470,24.876,3.079
6746,26.443,24.088,3.348
6747,26.613,23.967,3.063
6748,26.207,24.071,2.725
6749,26.819,23.678,2.934
6750,26.882,24.200,3.096
6751,27.048,24.842,3.051
6752,26.762,24.200,2.878
6753,26.858,24.017,2.763
6754,25.908,23.341,2.941
6755,27.302,24.640,3.808
6756,27.537,25.508,5.042
6757,26.319,25.275,4.340
6758,27.532,24.789,3.878
6759,28.989,24.809,2.783
6760,28.425,23.859,2.885
6761,29.426,23.904,2.640
6762,28.182,23.793,2.754
6763,29.021,24.769,3.985
6764,27.916,24.558,3.768
6765,25.536,23.451,2.913
6766,24.996,23.230,3.506
6767,26.026,24.481,2.897
6768,25.419,23.049,2.750
6769,26.352,24.040,3.252
6770,26.354,24.154,4.001
6771,26.591,24.613,3.170
6772,25.229,24.333,2.775
6773,25.651,23.705,2.768
6774,25.829,24.207,2.908
6775,25.526,24.064,2.725
6776,25.514,24.318,2.871
6777,25.697,24.448,2.848
6778,25.822,24.099,3.111
6779,25.927,24.157,2.628
6780,26.020,23.994,2.764
6781,25.707,23.366,2.952
6782,26.021,24.680,2.726
6783,25.840,22.929,2.910
6784,25.734,24.030,2.751
6785,25.960,23.968,2.938
6786,25.920,23.435,2.883
6787,26.452,24.253,3.351
6788,25.423,22.805,3.012
6789,25.932,23.322,3.049
6790,26.907,23.913,2.859
6791,24.950,23.106,2.827
6792,25.253,24.072,3.081
6793,25.717,23.425,2.834
6794,25.545,23.242,3.055
6795,26.496,22.981,3.632
6796,25.887,22.208,2.944
6797,26.656,23.663,3.025
6798,26.904,23.376,3.242
6799,26.811,23.209,2.654
6800,26.785,23.369,2.958
6801,25.755,23.963,3.069
6802,28.099,23.268,2.799
6803,28.283,22.537,3.043
6804,28.708,23.835,2.768
6805,28.221,24.336,2.738
6806,27.670,23.249,2.923
6807,27.383,22.942,2.709
6808,26.151,23.707,2.843
6809,25.946,24.528,2.799
6810,25.722,23.381,2.842
6811,25.748,23.765,2.845
6812,26.109,23.529,3.012
6813,26.124,24.101,3.002
6814,26.042,23.925,2.776
6815,26.227,24.491,3.409
6816,25.315,24.302,3.080
6817,26.137,23.568,2.907
6818,26.825,25.291,2.633
6819,27.063,23.381,2.918
6820,26.490,23.215,2.911
6821,26.121,24.555,3.946
6822,27.037,23.893,3.291
6823,27.367,23.722,2.780
6824,25.662,23.611,2.904
6825,25.877,23.516,2.752
6826,25.956,24.316,2.726
6827,24.844,23.930,2.555
6828,25.658,23.962,2.705
6829,26.753,24.051,2.960
6830,26.335,24.731,2.599
6831,26.563,23.621,2.845
6832,26.309,23.477,3.122
6833,26.120,23.232,3.476
6834,27.555,24.168,2.937
6835,26.625,22.977,3.060
6836,26.748,23.446,2.817
6837,26.538,23.558,3.014
6838,27.487,24.106,2.824
6839,28.196,25.052,2.946
6840,26.529,24.138,2.964
6841,27.105,23.944,2.689
6842,26.278,23.808,3.041
6843,26.668,23.752,3.045
6844,26.185,23.686,3.003
6845,26.864,24.476,2.796
6846,27.144,24.852,3.051
6847,26.626,24.424,3.018
6848,26.834,24.353,2.729
6849,26.259,23.626,2.706
6850,27.502,24.438,2.795
6851,26.696,23.532,2.621
6852,26.542,23.397,3.407
6853,27.317,22.976,3.819
6854,28.733,22.516,2.889
6855,29.579,22.847,3.330
6856,26.614,23.455,2.786
6857,26.270,23.311,3.835
6858,25.942,22.286,2.964
6859,27.184,23.819,2.872
6860,26.092,23.193,2.997
6861,27.158,23.509,3.135
6862,27.421,23.574,2.967
6863,25.935,22.568,3.155
6864,27.491,23.764,3.264
6865,26.574,21.955,3.151
6866,26.205,22.451,2.974
6867,25.747,22.539,2.962
6868,25.774,22.424,2.809
6869,26.229,23.276,2.823
6870,25.686,22.847,2.924
6871,26.761,22.982,2.822
6872,26.316,22.632,3.064
6873,26.474,22.108,2.826
6874,26.842,21.603,2.928
6875,25.831,22.295,2.738
6876,27.013,22.681,3.674
6877,26.358,22.560,3.241
6878,26.208,22.685,3.653
6879,27.189,23.056,3.718
6880,27.545,23.795,3.837
6881,27.029,23.329,3.721
6882,26.871,24.068,3.702
6883,27.875,23.813,3.868
6884,26.625,23.205,2.666
6885,26.780,23.351,3.623
6886,28.683,22.181,3.443
6887,26.428,23.168,3.318
6888,27.298,24.101,3.663
6889,26.473,22.781,3.182
6890,26.239,21.739,3.099
6891,26.735,22.416,2.993
6892,26.987,22.000,2.798
6893,26.863,22.594,2.831
6894,26.561,22.933,3.798
6895,26.494,22.318,3.737
6896,27.513,24.261,3.013
6897,27.295,23.480,3.097
6898,26.414,22.847,3.024
6899,27.633,22.751,3.426
6900,27.382,23.115,2.788
6901,26.671,21.830,3.387
6902,26.500,23.294,3.009
6903,26.065,21.599,3.317
6904,26.246,22.507,2.857
6905,27.123,22.505,3.834
6906,26.475,22.434,2.808
6907,26.983,23.154,3.677
6908,27.808,22.772,2.586
6909,26.903,22.816,3.100
6910,26.740,22.222,2.913
6911,26.873,23.552,2.916
6912,26.201,23.375,2.828
6913,27.472,23.179,2.786
6914,26.965,23.486,2.859
6915,26.788,22.529,2.794
6916,26.436,23.355,3.294
6917,26.955,23.641,2.947
6918,28.838,25.779,3.041
6919,26.651,23.516,3.751
6920,26.448,23.509,3.908
6921,26.597,23.643,3.956
6922,25.530,22.918,2.767
6923,26.907,22.288,3.451
6924,26.880,22.242,2.816
6925,26.093,22.176,2.660
6926,26.455,23.228,3.004
6927,25.878,22.442,3.001
6928,26.633,23.985,3.199
6929,26.721,23.600,2.612
6930,26.015,23.741,3.114
6931,27.062,23.263,3.630
6932,27.006,22.972,3.220
6933,26.383,23.195,2.695
6934,26.832,23.557,3.702
6935,26.487,22.799,3.091
6936,26.398,23.004,2.824
6937,26.101,23.212,2.957
6938,26.470,23.525,3.194
6939,25.695,23.144,2.936
6940,26.004,23.139,2.915
6941,26.579,23.505,2.969
6942,26.258,22.668,3.018
6943,26.225,22.073,3.210
6944,26.900,24.149,3.155
6945,25.713,23.789,2.886
6946,26.463,22.224,3.103
6947,24.872,22.277,2.653
6948,24.692,22.695,2.993
6949,25.712,22.407,2.708
6950,25.383,22.146,2.736
6951,25.997,22.188,2.873
6952,25.416,21.932,2.987
6953,26.110,22.346,2.678
6954,25.688,22.336,2.786
6955,25.222,23.396,2.832
6956,25.798,23.367,3.359
6957,25.675,23.502,3.272
6958,25.725,23.389,3.363
6959,25.596,23.324,3.537
6960,25.963,22.313,3.100
6961,26.175,23.335,3.129
6962,25.781,23.236,2.982
6963,27.147,23.177,2.874
6964,25.594,23.074,2.948
6965,26.638,22.957,2.871
6966,26.270,22.531,3.086
6967,25.284,22.612,2.824
6968,25.866,22.769,3.047
6969,26.317,22.626,3.064
6970,26.786,23.509,3.231
6971,25.782,21.999,3.063
6972,26.569,22.496,2.849
6973,25.795,22.551,2.817
6974,26.280,23.681,2.872
6975,26.476,23.148,2.984
6976,25.179,22.249,3.281
6977,24.983,23.055,2.873
6978,25.961,23.879,2.934
6979,27.653,24.223,4.153
6980,26.958,24.157,4.357
6981,26.679,22.661,3.164
6982,26.769,22.810,2.947
6983,26.352,22.080,2.980
6984,26.927,22.883,2.811
6985,26.843,23.465,2.968
6986,26.121,23.049,2.744
6987,27.088,24.046,2.603
6988,27.205,24.033,2.851
6989,26.863,22.918,2.850
6990,26.790,22.700,2.671
6991,26.884,23.295,2.841
6992,29.589,23.422,2.656
6993,28.604,23.208,2.742
6994,26.042,23.001,2.888
6995,26.877,23.514,2.930
6996,26.244,23.016,2.678
6997,26.082,23.028,2.708
6998,27.169,24.172,3.147
6999,25.721,22.992,2.983
7000,25.450,22.915,2.718
7001,26.986,24.131,2.703
7002,28.348,24.739,4.022
7003,26.413,23.930,2.962
7004,27.039,23.614,2.836
7005,25.767,22.899,2.940
7006,26.563,23.884,3.964
7007,26.879,22.129,2.660
7008,26.826,22.849,2.758
7009,27.216,23.951,2.896
7010,27.221,23.776,2.856
7011,26.935,24.173,2.720
7012,26.630,23.426,3.150
7013,28.379,24.490,2.849
7014,26.421,23.491,2.880
7015,27.787,24.905,3.908
7016,26.814,23.115,2.983
7017,26.972,24.116,3.037
7018,26.432,24.113,2.671
7019,26.532,24.263,2.838
7020,25.298,23.012,2.757
7021,25.931,23.839,2.894
7022,26.575,23.442,2.777
7023,26.646,23.084,2.583
7024,26.268,22.955,2.629
7025,26.343,23.534,2.826
7026,26.425,24.098,2.778
7027,25.967,23.453,2.758
7028,25.971,24.153,3.344
7029,26.308,23.158,2.640
7030,26.022,22.856,2.570
7031,26.434,23.354,2.954
7032,26.735,23.206,3.064
7033,26.372,22.757,2.784
7034,27.521,24.604,3.461
7035,27.250,23.898,2.961
7036,27.298,24.219,2.869
7037,26.918,24.189,3.375
7038,26.990,24.567,3.060
7039,26.984,22.933,3.417
7040,26.952,24.271,2.686
7041,27.264,23.216,3.043
7042,27.178,23.555,2.621
7043,26.967,22.682,2.904
7044,26.189,22.699,2.745
7045,27.252,24.084,3.334
7046,26.316,22.840,2.749
7047,26.468,23.509,2.928
7048,27.341,24.485,3.203
7049,26.522,22.850,2.857
7050,26.711,22.674,3.017
7051,26.657,23.070,3.018
7052,27.070,23.408,2.816
7053,26.485,23.266,2.949
7054,25.941,22.478,2.954
7055,26.919,24.588,2.759
7056,26.038,22.973,2.720
7057,26.701,23.406,2.890
7058,25.472,22.916,2.735
7059,26.708,23.543,3.023
7060,25.709,22.722,2.970
7061,25.900,22.473,2.912
7062,26.583,23.805,3.118
7063,26.153,23.149,2.826
7064,26.339,23.564,2.673
7065,27.107,23.915,2.832
7066,26.553,23.819,4.162
7067,25.734,23.211,2.868
7068,26.287,23.115,2.672
7069,25.774,21.994,2.882
7070,26.055,23.038,2.697
7071,26.383,23.509,2.733
7072,27.123,24.406,3.695
7073,24.798,23.241,2.843
7074,26.346,21.750,3.011
7075,25.993,22.591,2.877
7076,26.698,24.067,2.819
7077,26.624,23.745,2.666
7078,26.226,22.645,2.820
7079,26.459,22.982,3.289
7080,25.935,24.426,3.311
7081,26.320,23.628,2.915
7082,26.168,23.400,3.011
7083,27.448,24.934,2.718
7084,25.997,24.023,2.740
7085,26.963,24.742,3.507
7086,26.952,23.681,2.710
7087,26.549,24.127,3.097
7088,27.308,25.988,3.019
7089,26.791,24.695,2.597
7090,27.013,23.839,2.936
7091,26.508,24.417,2.905
7092,26.674,26.062,2.959
7093,25.936,23.242,2.671
7094,25.523,23.442,3.021
7095,26.514,22.342,2.865
7096,25.833,21.942,2.859
7097,25.737,22.708,2.990
7098,25.893,22.751,2.912
7099,26.287,23.749,2.899
7100,27.111,23.064,2.816
7101,26.330,23.563,2.816
7102,25.546,23.811,2.687
7103,25.807,23.423,3.143
7104,26.249,23.982,2.984
7105,25.614,23.176,2.846
7106,26.114,22.626,2.787
7107,26.708,23.424,2.756
7108,26.656,23.664,2.758
7109,27.264,23.609,2.881
7110,26.885,24.028,4.406
7111,26.313,23.136,2.955
7112,26.180,24.340,2.866
7113,26.666,22.460,3.779
7114,27.686,24.578,3.529
7115,26.359,23.654,3.205
7116,26.728,23.027,2.868
7117,25.912,24.162,3.297
7118,26.334,24.044,2.956
7119,26.585,23.757,3.467
7120,27.212,24.631,3.782
7121,26.785,22.834,2.845
7122,25.810,22.036,2.855
7123,26.841,23.911,3.852
7124,26.633,23.074,2.965
7125,26.355,22.198,2.829
7126,26.583,21.775,3.192
7127,26.228,22.780,3.179
7128,27.443,24.382,3.550
7129,26.672,24.212,2.878
7130,27.390,24.377,3.134
7131,26.777,24.337,3.042
7132,26.859,23.559,2.842
7133,26.569,23.196,2.822
7134,27.561,23.368,2.665
7135,27.303,23.819,2.928
7136,26.793,23.258,2.900
7137,27.408,24.326,3.696
7138,26.500,22.333,2.816
7139,26.603,23.539,2.701
7140,29.890,23.929,2.921
7141,27.928,23.282,2.950
7142,27.018,23.066,3.257
7143,27.246,22.339,2.852
7144,26.577,22.747,2.868
7145,26.721,23.201,2.883
7146,26.431,23.101,2.686
7147,27.107,22.678,2.897
7148,26.110,22.640,2.666
7149,27.292,23.360,3.058
7150,27.114,23.363,2.940
7151,27.597,23.191,2.958
7152,27.488,23.065,2.977
7153,27.783,23.530,3.608
7154,26.888,23.357,2.807
7155,27.651,23.222,2.909
7156,27.093,22.487,2.756
7157,26.258,22.854,2.742
7158,27.971,22.377,2.865
7159,26.049,21.775,2.900
7160,25.824,21.567,3.421
7161,26.887,22.220,2.826
7162,26.843,22.784,2.957
7163,27.168,22.397,3.787
7164,27.932,22.790,2.764
7165,27.183,22.668,3.039
7166,27.264,22.854,2.695
7167,27.293,23.401,3.013
7168,26.614,23.012,3.423
7169,26.780,21.991,2.950
7170,27.809,22.751,2.973
7171,27.559,24.076,3.075
7172,27.598,23.752,3.353
7173,27.797,24.050,3.022
7174,27.518,23.584,3.087
7175,28.864,25.596,3.961
7176,26.719,22.960,3.044
7177,26.939,23.439,2.953
7178,29.101,24.342,2.958
7179,27.338,21.424,3.479
7180,27.861,23.332,2.806
7181,27.447,23.610,2.868
7182,28.622,22.716,2.961
7183,27.863,23.926,3.264
7184,27.499,23.614,3.384
7185,27.999,24.003,2.832
7186,27.332,23.674,3.418
7187,27.544,23.337,3.103
7188,26.667,22.871,2.920
7189,26.136,22.430,3.746
7190,27.940,23.992,3.158
7191,28.339,23.872,2.891
7192,27.792,23.029,2.841
7193,27.976,23.104,2.826
7194,26.875,22.596,2.660
7195,28.515,23.590,2.657
7196,27.985,23.035,3.424
7197,27.860,22.511,2.706
7198,27.443,23.520,2.834
7199,30.282,23.705,2.773
7200,30.428,23.369,2.867
7201,29.248,23.006,2.895
7202,29.829,23.671,3.114
7203,32.018,24.342,2.776
7204,30.314,24.452,2.876
7205,30.022,24.115,3.203
7206,29.855,23.112,2.902
7207,30.354,24.390,3.799
7208,30.443,23.848,3.229
7209,27.377,23.647,2.959
7210,29.659,24.413,3.072
7211,27.195,22.981,2.636
7212,28.454,24.199,3.008
7213,28.114,22.547,2.776
7214,27.272,23.541,2.926
7215,27.322,22.420,2.685
7216,27.942,23.645,3.232
7217,27.429,22.626,2.944
7218,27.903,22.421,2.943
7219,27.970,23.452,3.105
7220,27.900,23.655,2.814
7221,28.193,23.916,2.769
7222,26.468,23.548,3.007
7223,27.923,23.380,2.865
7224,28.086,24.488,2.684
7225,28.411,23.887,3.436
7226,27.206,21.942,2.731
7227,31.246,25.548,4.312
7228,26.877,23.816,2.708
7229,27.554,24.143,2.866
7230,27.495,24.090,3.608
7231,27.410,23.274,3.438
7232,28.257,23.025,2.741
7233,27.754,24.486,2.843
7234,29.249,24.142,3.768
7235,26.907,23.322,2.783
7236,27.579,22.539,3.041
7237,26.888,21.884,2.777
7238,28.000,23.334,2.953
7239,27.763,23.874,2.774
7240,27.609,22.580,2.956
7241,26.850,22.171,3.138
7242,27.763,22.937,3.157
7243,27.979,23.743,3.374
7244,27.574,23.488,2.956
7245,28.565,23.793,3.189
7246,27.582,23.542,2.741
7247,28.109,22.863,2.978
7248,27.706,22.861,2.655
7249,27.587,23.678,2.769
7250,28.182,23.472,2.764
7251,28.092,22.832,2.960
7252,28.160,23.645,2.632
7253,27.832,23.051,2.817
7254,27.292,22.838,2.673
7255,27.848,22.895,3.114
7256,27.542,23.794,2.919
7257,27.961,23.860,2.793
7258,27.581,22.876,3.013
7259,27.797,22.165,3.650
7260,27.542,23.622,2.952
7261,27.629,23.192,2.725
7262,27.543,23.469,2.847
7263,27.728,23.337,2.985
7264,28.223,22.676,3.106
7265,28.232,23.183,3.592
7266,27.935,24.018,4.244
7267,28.466,23.916,3.432
7268,28.191,23.335,2.761
7269,28.982,25.107,5.071
7270,27.755,23.903,3.319
7271,29.133,23.693,3.813
7272,28.151,23.489,2.773
7273,27.970,23.207,2.709
7274,27.160,24.402,4.037
7275,27.293,23.782,3.298
7276,27.943,24.116,4.562
7277,28.661,24.599,4.006
7278,26.816,24.104,3.378
7279,27.340,23.526,3.073
7280,28.355,23.997,3.564
7281,28.426,25.479,3.275
7282,28.350,24.300,3.643
7283,28.802,24.796,3.596
7284,29.160,24.290,3.047
7285,28.811,24.846,2.811
7286,28.593,23.276,2.685
7287,29.396,25.021,2.801
7288,28.711,24.216,2.969
7289,27.426,23.444,2.928
7290,28.316,23.868,2.715
7291,28.111,24.322,4.244
7292,28.390,24.048,2.725
7293,28.105,24.728,3.231
7294,27.282,23.643,3.076
7295,28.126,24.343,3.000
7296,27.862,24.129,3.007
7297,27.188,23.370,3.054
7298,26.761,23.072,2.888
7299,26.845,22.598,2.967
7300,26.570,22.670,2.735
7301,26.607,22.977,2.583
7302,27.358,23.666,3.637
7303,27.344,24.459,3.150
7304,28.016,25.812,4.265
7305,26.963,22.401,2.963
7306,27.651,24.901,3.102
7307,27.401,24.091,3.019
7308,27.339,24.189,2.723
7309,27.339,23.418,2.944
7310,28.132,23.640,2.901
7311,27.250,23.974,2.634
7312,26.675,23.557,3.084
7313,26.846,23.224,3.031
7314,27.572,25.447,2.819
7315,28.239,24.296,4.090
7316,27.800,23.995,3.615
7317,28.240,24.678,2.825
7318,28.220,24.845,2.610
7319,27.811,25.023,2.817
7320,26.503,23.703,2.941
7321,27.722,24.002,2.894
7322,28.197,24.281,3.369
7323,27.650,23.468,3.127
7324,27.410,23.604,2.812
7325,26.994,24.156,2.886
7326,26.259,22.274,3.080
7327,27.249,24.918,3.141
7328,26.354,24.349,2.880
7329,27.306,24.583,2.899
7330,27.722,24.421,2.818
7331,28.233,24.537,3.655
7332,27.574,23.965,2.906
7333,27.600,23.915,3.046
7334,26.977,24.153,3.038
7335,28.631,23.991,2.930
7336,29.833,23.599,2.663
7337,27.215,24.313,2.819
7338,28.209,24.186,2.867
7339,27.203,24.810,2.648
7340,28.005,24.747,2.779
7341,27.953,23.720,3.526
7342,27.205,24.809,2.864
7343,27.722,24.907,2.648
7344,26.760,25.566,2.997
7345,26.926,24.148,2.876
7346,26.758,23.926,3.824
7347,27.048,24.214,2.857
7348,26.457,23.189,3.042
7349,26.731,23.479,2.728
7350,28.238,23.832,2.920
7351,28.857,24.304,3.452
7352,26.863,23.065,3.509
7353,27.601,22.959,2.928
7354,28.200,24.679,2.947
7355,27.155,24.630,2.889
7356,27.982,23.602,3.661
7357,28.311,22.830,2.924
7358,29.037,23.453,3.259
7359,28.338,23.331,2.921
7360,27.990,24.804,2.821
7361,27.452,23.676,3.127
7362,27.755,22.439,2.928
7363,27.717,22.880,2.952
7364,27.810,23.870,2.949
7365,27.662,23.524,3.509
7366,26.932,23.310,2.861
7367,28.621,23.586,2.871
7368,30.872,25.168,2.689
7369,27.705,24.107,2.806
7370,29.484,23.715,2.879
7371,29.319,23.793,3.032
7372,28.585,23.314,2.877
7373,29.423,23.889,2.823
7374,29.659,22.277,3.268
7375,30.074,24.437,2.674
7376,29.772,23.867,2.995
7377,29.501,23.789,2.932
7378,28.254,23.876,3.437
7379,27.143,23.706,2.762
7380,27.270,24.220,3.417
7381,27.848,24.076,3.118
7382,28.168,23.425,3.052
7383,27.359,23.209,2.915
7384,27.503,23.337,3.080
7385,27.764,23.105,2.902
7386,28.034,23.751,3.421
7387,27.208,23.045,2.957
7388,27.249,23.451,2.833
7389,28.741,23.364,3.349
7390,28.060,23.981,2.937
7391,27.491,24.405,3.088
7392,28.050,23.699,2.953
7393,27.163,23.493,2.871
7394,27.528,23.593,3.050
7395,26.544,23.309,3.379
7396,27.291,23.968,3.508
7397,27.469,23.550,2.905
7398,28.015,24.609,2.983
7399,27.823,23.779,2.728
7400,28.392,23.911,2.831
7401,27.709,24.016,2.942
7402,28.379,24.071,2.921
7403,29.395,23.965,2.771
7404,27.921,24.721,2.896
7405,28.489,24.411,4.265
7406,28.256,23.831,2.660
7407,28.829,24.079,3.227
7408,29.587,23.929,3.361
7409,28.177,23.927,2.822
7410,27.655,22.263,2.620
7411,28.173,24.385,3.085
7412,27.594,23.323,2.709
7413,27.534,24.262,3.013
7414,27.829,23.808,3.016
7415,28.499,24.279,2.745
7416,28.321,24.778,2.947
7417,29.260,26.220,3.449
7418,27.245,23.967,2.561
7419,27.951,24.061,3.013
7420,26.596,23.780,2.867
7421,27.477,23.963,3.359
7422,28.005,23.911,3.318
7423,26.997,24.543,3.530
7424,27.775,23.896,2.988
7425,28.570,24.497,3.045
7426,27.442,24.156,3.027
7427,26.907,23.800,2.913
7428,27.459,22.838,2.861
7429,26.433,23.106,2.901
7430,26.997,23.828,2.708
7431,28.650,24.634,2.954
7432,27.731,24.374,2.826
7433,27.380,23.799,2.730
7434,28.128,23.768,2.920
7435,27.926,23.942,3.045
7436,28.976,24.158,2.926
7437,27.586,23.699,2.796
7438,28.721,24.196,3.090
7439,27.897,23.294,2.727
7440,28.821,24.588,3.083
7441,28.841,23.886,2.856
7442,27.720,23.634,2.680
7443,27.633,23.288,3.045
7444,28.007,23.807,2.967
7445,27.316,23.129,2.871
7446,27.818,23.851,2.907
7447,26.378,22.839,3.119
7448,28.328,24.041,2.900
7449,27.614,23.496,2.674
7450,28.616,23.688,2.744
7451,28.115,23.257,3.082
7452,27.642,24.911,2.767
7453,28.597,23.700,2.851
7454,28.178,23.823,3.017
7455,28.025,23.459,3.008
7456,27.922,23.516,3.017
7457,27.945,22.978,2.846
7458,27.843,22.944,2.768
7459,28.020,22.855,2.959
7460,28.073,23.333,2.828
7461,28.188,23.241,2.664
7462,27.467,23.456,2.797
7463,28.254,23.170,2.927
7464,27.355,24.041,2.889
7465,28.075,23.061,3.049
7466,28.494,23.793,2.850
7467,27.986,23.896,2.869
7468,27.580,24.080,2.790
7469,26.512,23.765,2.677
7470,25.773,23.307,2.613
7471,25.882,22.883,2.767
7472,26.768,23.479,2.736
7473,27.165,22.816,2.764
7474,26.258,22.615,2.788
7475,26.724,23.822,2.901
7476,27.484,23.036,2.918
7477,27.414,24.158,2.773
7478,27.585,23.781,2.975
7479,28.184,24.173,2.756
7480,28.123,23.152,2.730
7481,27.355,23.762,3.219
7482,27.098,23.357,2.973
7483,27.568,23.202,2.929
7484,27.646,22.622,2.810
7485,27.368,23.377,2.838
7486,27.640,23.040,2.740
7487,28.978,23.998,3.145
7488,27.647,23.948,2.753
7489,27.334,23.194,2.943
7490,27.797,22.528,2.687
7491,28.105,23.641,2.783
7492,28.408,23.406,2.871
7493,26.935,24.114,3.007
7494,27.399,23.276,2.993
7495,27.627,24.110,2.958
7496,28.378,23.548,3.006
7497,27.406,24.108,2.797
7498,28.193,24.266,2.743
7499,28.249,22.767,2.898
7500,27.657,23.331,2.845
7501,27.239,22.498,3.048
7502,26.654,23.535,2.841
7503,28.508,23.799,4.094
7504,27.840,23.690,3.022
7505,27.406,23.276,2.777
7506,27.598,22.850,2.648
7507,27.392,23.138,3.434
7508,27.436,22.935,2.751
7509,29.809,23.160,2.912
7510,27.137,22.785,2.792
7511,27.531,23.527,2.984
7512,27.902,22.759,2.847
7513,27.416,22.842,2.765
7514,27.036,22.905,3.065
7515,27.055,22.383,2.847
7516,28.621,23.619,3.940
7517,27.544,23.125,2.938
7518,27.266,23.214,2.821
7519,28.361,23.834,3.392
7520,27.176,23.879,2.814
7521,26.649,23.233,2.901
7522,26.433,24.206,2.888
7523,26.799,24.045,2.918
7524,26.107,23.131,2.730
7525,27.116,23.894,2.800
7526,27.037,23.089,2.769
7527,27.512,23.961,2.745
7528,27.929,25.023,2.934
7529,26.832,23.541,2.824
7530,27.745,23.779,2.790
7531,27.103,23.502,2.878
7532,26.591,21.700,2.791
7533,27.680,23.664,2.683
7534,27.466,22.896,2.893
7535,27.432,23.544,2.902
7536,27.292,22.868,3.102
7537,26.626,23.148,2.787
7538,27.170,21.471,2.801
7539,27.986,23.197,3.398
7540,27.661,22.937,2.847
7541,28.476,24.008,2.737
7542,27.213,23.670,3.046
7543,27.323,22.878,3.365
7544,27.331,22.993,2.884
7545,27.448,23.547,2.882
7546,27.535,23.101,2.779
7547,27.966,23.210,2.803
7548,27.356,23.545,2.822
7549,27.765,23.548,2.843
7550,27.465,22.701,2.681
7551,27.455,23.642,2.741
7552,27.550,23.747,2.846
7553,26.668,23.497,2.873
7554,27.516,23.328,2.881
7555,27.038,23.224,3.452
7556,27.096,23.460,2.804
7557,27.435,23.921,2.929
7558,27.345,23.488,2.933
7559,27.855,23.764,4.028
7560,26.804,23.322,2.925
7561,29.537,23.826,2.984
7562,27.428,23.590,3.270
7563,27.963,23.557,2.919
7564,28.313,24.038,2.857
7565,27.561,23.638,2.708
7566,27.524,23.240,2.864
7567,27.921,23.622,2.818
7568,26.837,23.978,2.912
7569,27.156,23.721,2.771
7570,27.770,23.340,2.769
7571,27.484,24.895,2.767
7572,27.502,23.213,2.964
7573,27.736,23.128,3.014
7574,27.923,23.552,3.295
7575,27.490,25.185,2.907
7576,28.787,23.787,2.837
7577,27.941,24.208,2.781
7578,28.721,24.736,2.737
7579,27.366,24.030,3.010
7580,27.292,24.329,2.826
7581,26.871,22.754,2.769
7582,26.857,24.549,2.899
7583,29.607,23.817,3.024
7584,27.433,23.835,2.876
7585,27.914,23.376,3.011
7586,27.454,23.637,2.719
7587,27.215,23.627,2.944
7588,27.178,24.499,2.803
7589,27.082,22.323,2.795
7590,28.647,24.083,3.662
7591,28.432,23.716,2.904
7592,28.182,22.152,2.602
7593,27.958,22.820,2.739
7594,27.738,22.305,2.957
7595,27.785,23.508,3.010
7596,29.313,22.582,3.020
7597,28.321,23.529,2.851
7598,29.494,23.477,3.287
7599,30.322,24.227,4.240
7600,30.542,24.195,3.029
7601,27.822,22.801,2.715
7602,28.061,23.405,3.145
7603,27.459,23.417,2.811
7604,27.510,22.877,2.773
7605,26.946,23.366,2.802
7606,27.413,24.286,2.822
7607,28.171,23.904,2.819
7608,26.671,22.562,3.051
7609,26.942,23.267,2.682
7610,27.649,22.984,3.154
7611,26.915,22.851,2.841
7612,27.599,23.083,2.869
7613,27.777,23.675,3.162
7614,27.515,23.305,2.616
7615,27.679,22.509,2.788
7616,27.360,22.889,2.810
7617,27.668,22.706,2.769
7618,28.378,23.285,3.120
7619,27.357,22.953,2.831
7620,27.498,23.386,2.752
7621,30.388,23.082,2.845
7622,29.852,23.372,2.791
7623,30.274,22.938,2.866
7624,29.579,23.202,2.758
7625,30.617,23.355,2.825
7626,27.462,22.868,2.891
7627,27.774,22.809,2.882
7628,28.651,23.268,3.159
7629,27.867,22.929,2.683
7630,27.358,22.344,2.763
7631,28.715,22.437,3.005
7632,27.566,23.044,2.775
7633,28.054,23.498,3.108
7634,28.296,22.551,2.721
7635,28.177,23.229,2.742
7636,28.165,22.324,2.786
7637,28.135,24.526,2.794
7638,27.454,23.076,2.864
7639,27.724,23.681,3.319
7640,28.325,24.045,4.101
7641,27.995,22.414,4.319
7642,27.582,23.802,3.913
7643,27.392,23.069,3.842
7644,27.753,23.426,3.643
7645,28.086,23.559,4.209
7646,27.893,24.092,4.238
7647,26.909,23.813,3.297
7648,29.383,25.006,3.547
7649,30.016,25.174,3.697
7650,27.773,24.087,3.556
7651,27.615,24.190,3.955
7652,27.244,24.436,3.727
7653,28.771,25.044,4.325
7654,27.675,23.969,3.649
7655,28.434,24.069,3.646
7656,27.325,24.362,3.546
7657,26.958,24.100,3.850
7658,28.265,24.519,3.679
7659,28.070,24.871,3.918
7660,28.467,24.838,3.670
7661,28.768,24.225,3.769
7662,28.519,24.801,4.019
7663,28.722,24.490,3.830
7664,31.491,23.877,3.686
7665,29.448,24.503,4.271
7666,28.517,24.081,3.574
7667,28.693,23.335,3.773
7668,28.074,23.919,3.784
7669,27.444,23.009,3.484
7670,26.776,23.778,3.123
7671,27.222,23.484,3.773
7672,29.122,23.967,4.015
7673,28.169,23.575,3.330
7674,28.133,23.725,3.670
7675,27.710,23.473,4.024
7676,28.165,23.919,3.873
7677,27.934,22.889,3.811
7678,28.153,23.665,3.686
7679,28.733,23.669,3.438
7680,28.360,22.986,3.822
7681,29.041,23.261,4.103
7682,27.424,22.992,3.905
7683,28.125,23.368,3.809
7684,27.525,23.592,4.032
7685,28.108,24.723,4.154
7686,28.714,23.682,3.732
7687,28.953,24.133,4.484
7688,29.272,23.858,3.748
7689,28.463,23.516,3.880
7690,28.001,23.665,3.561
7691,27.830,23.198,3.842
7692,28.124,23.717,3.487
7693,27.850,22.942,3.155
7694,27.030,22.228,3.577
7695,27.464,22.829,3.481
7696,27.801,24.015,4.057
7697,27.427,23.056,3.216
7698,28.032,23.515,3.789
7699,28.550,24.042,3.945
7700,27.440,22.885,3.391
7701,28.260,22.605,3.029
7702,27.564,22.251,3.219
7703,27.570,22.768,3.881
7704,27.653,23.265,3.277
7705,28.183,23.164,3.511
7706,28.179,23.538,3.310
7707,28.017,23.836,2.862
7708,28.299,23.265,3.524
7709,27.495,22.418,3.435
7710,27.961,21.777,4.031
7711,27.515,22.895,3.435
7712,26.594,23.080,3.164
7713,27.735,23.588,3.213
7714,27.986,23.799,3.857
7715,27.704,22.427,3.660
7716,28.081,23.762,3.497
7717,27.981,23.430,2.742
7718,26.473,21.432,2.566
7719,26.608,23.123,3.030
7720,28.250,23.857,3.092
7721,27.569,24.486,3.437
7722,27.834,22.981,3.010
7723,27.354,22.672,3.078
7724,28.240,24.607,4.458
7725,27.718,24.471,3.587
7726,27.843,23.563,4.402
7727,28.588,23.696,3.396
7728,26.734,23.184,3.718
7729,27.291,23.823,4.013
7730,28.244,23.116,3.732
7731,27.302,23.305,3.617
7732,27.615,23.323,4.018
7733,27.825,23.471,4.178
7734,27.305,23.399,3.487
7735,27.955,23.331,2.905
7736,27.033,23.708,4.348
7737,27.463,23.132,3.289
7738,28.035,24.647,4.055
7739,27.394,23.813,2.917
7740,27.460,23.642,2.944
7741,27.416,23.969,2.775
7742,28.133,22.531,2.825
7743,26.963,22.341,2.918
7744,28.030,23.288,3.093
7745,27.714,23.516,2.953
7746,26.744,23.108,2.541
7747,26.692,22.508,2.733
7748,26.987,23.156,2.877
7749,26.898,22.221,2.804
7750,27.516,22.382,2.629
7751,26.323,21.745,2.963
7752,26.828,22.547,3.001
7753,26.550,22.937,2.854
7754,27.692,22.219,2.846
7755,27.233,24.840,3.180
7756,26.757,22.570,2.807
7757,27.473,23.347,2.830
7758,27.412,22.886,3.045
7759,27.244,22.275,2.733
7760,26.535,22.396,2.880
7761,28.642,22.411,2.749
7762,29.150,21.553,2.928
7763,28.824,23.452,2.847
7764,29.124,22.931,2.845
7765,29.803,22.192,2.966
7766,28.545,22.115,2.809
7767,29.086,23.613,3.165
7768,27.410,22.685,2.703
7769,27.204,22.553,2.955
7770,27.622,23.720,2.797
7771,27.344,23.188,2.822
7772,27.107,23.009,2.688
7773,26.695,23.863,2.952
7774,26.820,23.019,2.974
7775,27.057,22.724,2.782
7776,27.081,23.045,2.818
7777,27.078,22.995,2.749
7778,27.273,23.905,3.662
7779,26.626,23.318,2.832
7780,27.383,23.704,3.128
7781,27.529,23.837,2.925
7782,27.203,23.540,3.051
7783,27.883,23.483,3.159
7784,27.008,23.631,3.221
7785,27.054,22.607,2.726
7786,26.170,22.684,3.030
7787,27.423,22.668,2.724
7788,30.403,24.019,2.780
7789,30.770,23.764,2.712
7790,28.786,23.311,2.709
7791,28.742,23.702,2.941
7792,29.742,23.474,2.809
7793,27.242,23.508,2.983
7794,26.423,23.400,2.760
7795,27.536,23.287,2.872
7796,28.048,23.649,2.837
7797,26.813,23.594,2.818
7798,27.072,22.341,2.873
7799,26.315,22.211,2.815
7800,26.188,22.021,2.894
7801,26.494,23.087,3.100
7802,26.895,21.794,2.947
7803,26.512,22.631,2.808
7804,27.718,23.573,2.724
7805,26.920,23.044,2.829
7806,26.315,22.228,2.707
7807,26.691,22.451,3.032
7808,26.901,22.382,2.655
7809,25.866,22.372,2.676
7810,26.413,22.642,3.146
7811,26.572,22.809,2.607
7812,26.128,22.240,2.726
7813,27.341,23.027,2.795
7814,25.178,21.001,2.736
7815,26.353,22.642,2.741
7816,26.036,22.118,2.660
7817,27.993,23.432,3.048
7818,27.181,22.845,2.903
7819,27.060,22.930,3.027
7820,26.008,22.405,2.932
7821,26.225,22.894,2.881
7822,26.441,22.550,2.874
7823,27.046,23.950,3.081
7824,26.899,23.077,2.889
7825,27.023,23.236,2.888
7826,27.742,24.857,4.128
7827,26.765,23.214,3.704
7828,26.902,23.398,3.148
7829,27.435,22.752,3.080
7830,27.136,22.686,2.981
7831,26.717,22.659,3.124
7832,28.953,23.849,2.807
7833,27.435,24.370,2.768
7834,26.276,23.105,3.013
7835,26.426,23.005,2.960
7836,26.955,22.663,2.912
7837,27.095,23.729,2.967
7838,26.970,23.938,2.968
7839,26.974,22.797,3.075
7840,26.641,23.869,2.710
7841,26.826,22.214,2.806
7842,28.094,23.905,2.691
7843,29.182,24.027,2.765
7844,30.818,23.692,3.037
7845,29.638,23.461,2.875
7846,28.975,23.212,2.854
7847,27.535,22.841,2.666
7848,26.543,22.143,3.235
7849,27.560,24.325,2.759
7850,27.355,24.370,3.413
7851,27.443,23.231,3.206
7852,26.479,23.024,2.719
7853,27.082,23.670,2.804
7854,25.980,23.126,2.637
7855,28.078,23.801,2.711
7856,27.222,23.611,3.034
7857,26.899,24.083,2.835
7858,28.488,23.601,2.865
7859,27.644,24.805,2.914
7860,27.631,23.422,3.036
7861,26.896,22.884,2.801
7862,27.332,22.210,2.868
7863,26.883,23.340,2.930
7864,27.058,22.918,2.888
7865,26.668,23.139,3.075
7866,27.525,23.011,2.785
7867,28.478,24.002,2.963
7868,29.291,23.456,2.920
7869,29.233,22.713,3.117
7870,29.124,23.369,2.848
7871,28.952,22.993,2.640
7872,26.872,22.592,2.994
7873,26.932,23.247,2.938
7874,27.038,22.436,2.663
7875,26.678,22.440,2.897
7876,26.591,23.345,3.310
7877,28.687,23.089,2.828
7878,29.789,21.989,2.912
7879,29.314,23.645,3.371
7880,27.453,22.269,3.437
7881,28.644,22.785,3.196
7882,28.877,23.801,2.929
7883,29.241,23.655,2.828
7884,29.006,24.417,3.129
7885,27.389,22.630,2.550
7886,27.710,21.982,2.685
7887,28.435,23.641,2.871
7888,28.805,22.526,2.854
7889,28.190,22.580,2.814
7890,28.800,22.922,2.864
7891,28.188,22.169,3.292
7892,28.521,22.764,2.809
7893,26.483,22.842,2.659
7894,27.217,24.070,2.801
7895,27.053,22.739,3.092
7896,28.005,23.628,2.863
7897,27.067,23.977,4.100
7898,27.151,23.607,3.417
7899,27.799,23.355,2.918
7900,27.151,23.271,3.486
7901,26.455,22.934,2.626
7902,26.297,23.729,2.786
7903,25.333,22.355,2.736
7904,26.200,22.044,2.791
7905,26.484,22.098,3.298
7906,26.908,23.079,3.054
7907,27.416,23.389,3.017
7908,27.580,23.389,2.844
7909,27.474,23.448,2.792
7910,27.671,23.639,3.064
7911,26.752,23.360,2.911
7912,26.238,22.023,2.973
7913,26.608,22.838,4.369
7914,26.583,22.223,2.916
7915,26.768,23.114,2.885
7916,26.102,22.738,2.678
7917,26.620,23.005,2.722
7918,27.254,23.047,2.733
7919,27.104,23.106,2.833
7920,27.350,22.039,2.674
7921,26.518,23.160,2.689
7922,27.350,22.390,2.782
7923,26.248,22.873,2.928
7924,26.452,23.395,2.950
7925,26.403,23.118,3.263
7926,26.224,23.075,3.087
7927,25.803,22.984,3.028
7928,25.919,23.149,3.105
7929,27.273,22.242,2.812
7930,26.501,23.164,3.263
7931,27.993,25.295,4.093
7932,26.911,23.879,4.067
7933,27.912,24.895,3.760
7934,27.627,24.921,4.109
7935,27.325,23.518,4.213
7936,28.598,24.969,4.259
7937,27.871,25.210,3.761
7938,27.671,24.751,4.073
7939,27.227,23.994,4.507
7940,32.048,25.242,4.187
7941,30.719,24.290,4.016
7942,28.553,24.740,4.108
7943,28.026,24.359,4.441
7944,27.699,24.392,3.816
7945,28.299,24.086,3.661
7946,28.220,23.401,4.570
7947,27.518,25.054,3.979
7948,28.687,24.701,4.166
7949,28.882,24.449,3.813
7950,28.399,24.212,3.983
7951,27.895,23.540,3.385
7952,28.565,24.788,3.480
7953,28.068,23.924,3.665
7954,28.114,24.252,4.006
7955,28.897,25.622,3.848
7956,29.123,25.168,4.211
7957,28.643,24.813,3.976
7958,28.822,24.407,3.436
7959,29.004,26.032,3.664
7960,27.529,24.621,3.007
7961,28.341,24.687,4.283
7962,27.979,24.068,3.759
7963,28.149,24.218,4.189
7964,28.770,25.213,4.371
7965,29.460,25.651,4.102
7966,28.282,24.854,3.722
7967,29.221,24.847,3.675
7968,28.353,24.693,4.086
7969,29.194,25.135,3.693
7970,28.722,24.048,3.685
7971,29.299,23.920,4.214
7972,29.056,24.001,3.956
7973,29.650,25.290,4.134
7974,28.217,24.812,4.047
7975,28.492,26.040,3.937
7976,28.908,25.072,3.644
7977,28.530,23.938,3.848
7978,31.896,25.503,3.868
7979,31.302,25.934,3.486
7980,32.308,24.643,3.770
7981,30.634,24.650,3.835
7982,30.336,25.019,3.317
7983,31.017,24.515,3.292
7984,30.829,24.252,3.402
7985,29.009,24.477,3.860
7986,28.266,23.488,3.186
7987,28.541,25.363,3.317
7988,28.126,24.736,3.705
7989,28.885,24.480,3.334
7990,28.100,24.550,3.675
7991,28.144,24.275,4.215
7992,27.853,24.520,3.605
7993,26.697,23.636,4.265
7994,27.985,23.680,3.978
7995,27.468,24.700,3.819
7996,29.461,25.091,3.690
7997,29.159,24.506,3.902
7998,29.123,24.618,3.295
7999,27.812,24.350,3.470
8000,29.385,25.108,3.319
8001,28.591,24.570,3.278
8002,29.520,25.170,3.491
8003,28.324,24.517,3.765
8004,29.197,25.104,3.399
8005,29.076,25.171,3.980
8006,29.934,25.230,3.234
8007,29.328,25.421,3.346
8008,29.496,26.433,3.540
8009,28.908,25.664,3.358
8010,29.110,26.067,3.879
8011,29.196,24.923,3.810
8012,29.173,25.276,3.338
8013,29.112,26.642,3.038
8014,28.522,24.894,3.474
8015,29.232,25.038,3.208
8016,29.133,25.609,3.076
8017,28.108,25.442,3.758
8018,28.401,24.166,3.719
8019,27.129,23.332,3.122
8020,28.542,24.848,3.587
8021,28.859,25.190,4.073
8022,28.755,26.625,2.970
8023,28.504,24.989,3.028
8024,27.869,24.918,3.807
8025,27.780,25.024,4.064
8026,27.020,23.759,3.306
8027,28.497,25.570,3.234
8028,28.198,24.757,4.202
8029,28.243,24.313,3.316
8030,29.797,25.367,3.893
8031,27.715,23.384,3.478
8032,29.451,24.624,4.135
8033,27.763,25.181,3.486
8034,27.599,24.744,4.482
8035,28.755,25.908,5.290
8036,28.974,24.584,3.253
8037,28.944,25.223,3.529
8038,27.973,24.556,3.338
8039,28.549,25.508,3.746
8040,28.532,24.880,3.879
8041,26.818,23.412,3.017
8042,26.939,23.511,3.471
8043,27.616,23.192,4.142
8044,27.575,23.042,3.246
8045,27.603,24.188,3.770
8046,28.440,24.751,4.099
8047,27.781,24.768,3.713
8048,27.994,25.136,4.078
8049,26.933,22.411,3.943
8050,27.431,24.496,4.473
8051,27.591,25.435,3.597
8052,29.107,25.377,3.217
8053,26.886,22.711,2.864
8054,27.624,23.943,2.901
8055,27.413,24.752,3.583
8056,26.795,23.642,3.425
8057,28.266,24.590,3.714
8058,27.620,23.964,3.373
8059,27.181,25.115,4.100
8060,26.832,24.316,3.578
8061,27.422,24.685,3.334
8062,27.620,23.817,3.657
8063,28.689,24.755,3.673
8064,28.169,24.800,3.419
8065,28.108,24.940,4.055
8066,27.442,22.832,2.870
8067,27.531,24.196,3.222
8068,28.349,24.142,4.260
8069,27.378,23.463,3.249
8070,28.090,25.410,4.312
8071,27.474,22.845,2.959
8072,26.671,23.050,2.958
8073,28.736,24.268,3.036
8074,26.757,23.599,3.337
8075,27.819,24.232,4.041
8076,26.908,23.076,2.761
8077,26.829,24.229,2.777
8078,27.714,24.774,3.206
8079,27.279,23.430,3.921
8080,27.105,23.695,2.986
8081,27.503,23.209,2.844
8082,25.853,23.053,2.707
8083,27.330,24.684,2.807
8084,27.183,23.607,2.952
8085,26.105,23.099,2.673
8086,26.842,24.027,2.791
8087,28.844,25.105,3.465
8088,28.386,24.635,2.717
8089,28.438,23.854,3.689
8090,28.652,24.382,3.119
8091,28.139,23.871,2.728
8092,29.388,25.085,3.263
8093,32.308,24.218,2.981
8094,29.997,24.552,2.676
8095,30.487,23.451,2.807
8096,30.824,23.847,3.092
8097,27.368,23.956,2.735
8098,27.729,23.174,2.745
8099,27.939,24.530,2.982
8100,27.547,23.636,2.657
8101,27.064,23.959,2.770
8102,28.492,23.914,3.010
8103,27.817,24.296,2.644
8104,26.932,22.898,2.946
8105,28.622,23.959,2.806
8106,27.472,24.382,2.771
8107,28.583,25.683,3.566
8108,27.335,23.767,3.357
8109,27.421,25.078,2.789
8110,29.086,24.793,2.904
8111,27.939,23.900,3.064
8112,27.625,24.091,3.067
8113,27.844,24.202,2.868
8114,27.881,24.559,3.121
8115,27.224,23.721,2.788
8116,27.439,24.257,2.709
8117,27.301,23.845,2.938
8118,28.809,24.118,2.735
8119,28.128,24.373,2.683
8120,28.411,24.418,2.764
8121,27.314,24.259,2.869
8122,28.674,25.022,3.164
8123,28.280,24.195,2.957
8124,27.140,23.958,3.627
8125,27.871,23.758,3.125
8126,26.901,23.597,3.060
8127,27.791,23.769,2.781
8128,27.227,23.869,3.086
8129,26.387,22.998,2.894
8130,27.639,23.844,2.886
8131,26.842,22.980,2.864
8132,27.883,24.610,2.851
8133,26.474,23.015,3.714
8134,26.980,23.440,2.888
8135,26.352,22.600,2.882
8136,26.941,22.308,2.583
8137,27.051,22.313,2.993
8138,26.655,23.121,3.062
8139,27.567,24.814,2.875
8140,26.492,23.611,2.678
8141,27.699,23.716,2.677
8142,28.086,23.886,3.159
8143,28.103,24.235,2.868
8144,27.776,24.391,3.630
8145,27.521,23.141,2.756
8146,27.120,23.767,3.140
8147,27.092,23.591,2.864
8148,27.598,23.965,2.752
8149,27.406,24.356,2.764
8150,27.282,23.431,2.693
8151,26.474,23.223,3.023
8152,27.266,24.355,3.028
8153,26.930,23.237,2.877
8154,28.762,25.358,2.809
8155,26.973,23.236,2.711
8156,27.474,23.189,2.865
8157,27.192,23.873,2.925
8158,28.003,25.289,3.336
8159,28.298,24.066,2.756
8160,28.109,23.315,2.951
8161,27.732,23.635,3.473
8162,27.285,24.038,3.714
8163,27.876,23.804,2.822
8164,27.825,24.425,2.751
8165,28.069,24.574,2.952
8166,28.112,24.155,2.953
8167,28.022,23.508,2.801
8168,27.403,23.185,3.111
8169,26.984,22.988,2.951
8170,27.929,23.310,3.208
8171,28.211,24.494,4.048
8172,27.560,22.613,3.054
8173,27.879,24.297,3.956
8174,27.032,24.566,2.686
8175,27.002,23.261,2.684
8176,28.273,25.332,2.616
8177,28.531,25.076,2.800
8178,26.643,22.622,2.722
8179,26.967,22.838,2.999
8180,27.182,23.036,2.760
8181,27.828,23.981,3.250
8182,27.291,23.222,3.083
8183,28.179,24.978,3.094
8184,27.509,25.184,2.982
8185,26.350,23.484,2.967
8186,26.661,23.315,3.002
8187,26.191,22.142,2.910
8188,27.430,24.014,3.103
8189,26.964,23.195,2.682
8190,28.421,24.801,3.392
8191,28.168,24.621,4.012
8192,27.909,24.120,3.340
8193,26.583,23.299,2.855
8194,27.262,22.301,2.768
8195,27.095,23.619,3.359
8196,26.325,23.000,2.870
8197,26.368,23.990,2.586
8198,27.113,22.410,2.981
8199,28.144,23.535,4.116
8200,28.124,23.933,3.167
8201,27.819,26.174,3.268
8202,28.360,24.632,3.598
8203,27.231,23.732,2.867
8204,26.119,23.125,2.912
8205,26.984,22.742,3.047
8206,26.619,23.700,2.745
8207,26.605,23.336,2.917
8208,27.447,22.676,2.705
8209,27.469,22.119,2.931
8210,26.682,23.617,2.990
8211,28.271,24.409,2.921
8212,27.328,23.409,3.135
8213,28.072,23.857,3.495
8214,27.418,22.810,3.007
8215,26.752,23.027,2.865
8216,27.297,23.645,2.869
8217,26.221,22.651,2.973
8218,26.133,23.201,2.766
8219,27.000,22.848,3.362
8220,25.732,21.997,3.107
8221,26.953,22.765,2.866
8222,27.045,23.515,2.788
8223,25.990,21.885,2.890
8224,28.015,25.415,3.142
8225,26.994,22.984,2.786
8226,26.545,23.451,2.783
8227,26.331,23.490,2.793
8228,26.878,22.641,2.842
8229,26.429,22.713,2.999
8230,27.472,22.434,3.006
8231,27.534,23.272,3.077
8232,25.990,21.760,2.832
8233,26.252,21.901,2.782
8234,26.662,23.058,2.970
8235,26.198,22.334,2.987
8236,27.517,23.295,3.185
8237,27.290,23.454,3.159
8238,26.972,22.318,2.910
8239,27.194,23.534,2.891
8240,26.866,22.140,2.936
8241,26.684,22.880,2.672
8242,26.413,23.074,2.806
8243,26.063,23.275,2.788
8244,27.469,23.999,3.157
8245,27.539,23.771,3.280
8246,27.156,23.333,3.184
8247,26.642,23.364,4.376
8248,26.700,23.274,2.856
8249,26.645,23.403,2.678
8250,25.483,23.084,2.936
8251,27.084,23.607,2.869
8252,27.223,23.525,3.022
8253,27.158,23.190,2.924
8254,27.044,23.168,2.819
8255,26.474,23.364,2.727
8256,27.287,24.054,3.538
8257,26.848,23.869,3.060
8258,26.451,22.775,2.996
8259,27.180,23.394,3.030
8260,27.306,24.024,2.955
8261,27.276,24.088,3.125
8262,26.295,23.406,3.334
8263,26.865,23.994,3.081
8264,26.505,23.258,2.876
8265,26.762,24.274,3.377
8266,26.839,23.317,2.746
8267,27.149,23.650,2.680
8268,27.418,23.731,3.441
8269,28.363,24.173,3.092
8270,28.246,24.178,3.163
8271,27.089,23.331,3.713
8272,27.963,24.173,3.609
8273,27.454,24.909,3.752
8274,27.310,23.561,2.762
8275,28.934,24.282,4.284
8276,28.835,22.443,3.055
8277,27.252,24.132,2.967
8278,27.263,23.108,2.810
8279,26.277,22.651,2.890
8280,27.230,24.592,3.400
8281,27.703,24.975,3.315
8282,27.254,23.951,2.708
8283,26.921,23.591,2.843
8284,26.253,23.151,2.615
8285,26.945,23.197,3.479
8286,27.186,24.295,2.899
8287,26.867,23.117,3.010
8288,26.159,22.441,3.489
8289,27.507,23.675,3.556
8290,27.959,23.723,3.132
8291,27.523,23.805,2.702
8292,27.852,25.151,3.010
8293,26.519,24.260,3.787
8294,27.956,22.680,2.796
8295,27.101,23.775,2.882
8296,26.727,23.111,2.890
8297,26.658,23.442,2.978
8298,27.869,24.948,3.476
8299,27.909,24.827,2.902
8300,26.652,22.899,2.841
8301,26.933,23.420,2.809
8302,27.637,22.657,3.138
8303,28.601,25.046,3.245
8304,27.722,24.286,3.528
8305,27.231,23.683,3.556
8306,27.152,23.163,2.723
8307,27.554,23.588,2.934
8308,27.164,23.201,2.771
8309,27.552,23.868,2.823
8310,27.495,23.522,2.672
8311,27.714,24.023,2.751
8312,28.361,23.823,3.429
8313,26.317,23.166,3.180
8314,26.782,23.655,2.896
8315,26.995,23.360,3.019
8316,27.517,23.066,2.716
8317,28.283,25.181,2.929
8318,28.144,23.216,2.808
8319,27.372,23.888,2.815
8320,27.744,23.088,3.292
8321,26.645,23.610,2.925
8322,27.540,22.889,2.753
8323,26.647,23.532,2.911
8324,27.005,23.149,3.184
8325,26.989,23.506,2.793
8326,27.122,23.617,2.893
8327,28.100,24.092,3.180
8328,29.442,23.474,3.003
8329,27.534,23.332,2.791
8330,26.929,23.074,2.918
8331,26.566,22.832,2.778
8332,26.585,22.833,2.810
8333,25.932,23.320,2.638
8334,27.440,24.080,2.741
8335,27.232,23.136,2.735
8336,26.232,22.259,2.859
8337,28.501,23.329,2.967
8338,28.468,23.330,2.958
8339,27.525,24.092,3.104
8340,27.641,22.655,2.725
8341,27.123,22.664,2.802
8342,26.476,22.502,2.707
8343,27.447,24.343,3.000
8344,26.968,22.977,3.072
8345,27.349,22.764,2.770
8346,26.685,22.786,3.212
8347,27.556,23.230,2.786
8348,28.252,24.091,2.805
8349,27.483,24.579,2.772
8350,27.079,23.466,2.961
8351,26.915,23.375,3.469
8352,27.120,23.892,2.991
8353,27.915,22.973,2.777
8354,27.130,22.946,2.793
8355,27.237,23.226,2.857
8356,26.568,22.660,2.846
8357,27.615,22.328,2.890
8358,26.244,22.603,2.778
8359,26.806,22.677,2.824
8360,27.730,23.544,3.039
8361,27.739,23.273,2.754
8362,28.816,23.630,2.866
8363,28.252,22.981,2.758
8364,27.617,23.672,3.802
8365,26.975,22.525,2.957
8366,26.924,23.045,2.916
8367,26.340,22.599,2.847
8368,26.188,23.056,2.795
8369,26.439,22.821,2.748
8370,26.767,23.727,2.703
8371,26.439,22.675,2.791
8372,27.547,23.602,3.419
8373,27.689,24.087,3.719
8374,26.730,22.810,2.975
8375,27.870,22.998,2.643
8376,26.508,21.851,2.743
8377,27.005,23.292,2.825
8378,26.756,23.334,3.110
8379,26.466,23.016,2.838
8380,26.948,23.562,2.818
8381,26.598,23.014,3.048
8382,28.132,24.476,3.505
8383,26.652,23.317,2.924
8384,27.741,23.458,3.047
8385,26.912,22.511,2.671
8386,27.361,23.921,3.033
8387,27.232,22.955,2.770
8388,26.567,22.870,3.016
8389,27.951,24.496,2.850
8390,26.765,23.263,3.126
8391,27.639,23.495,3.077
8392,27.509,22.864,2.842
8393,27.210,22.875,2.867
8394,26.620,23.036,2.688
8395,26.291,22.310,2.769
8396,28.363,24.138,3.080
8397,26.621,23.254,2.925
8398,26.141,23.164,2.781
8399,27.329,22.736,2.963
8400,26.727,23.891,2.848
8401,26.555,23.339,3.260
8402,28.203,23.909,3.844
8403,26.499,22.527,2.854
8404,27.032,23.115,2.699
8405,27.655,23.343,3.168
8406,26.660,23.781,3.011
8407,27.479,23.261,3.605
8408,26.375,22.975,3.062
8409,27.628,23.595,2.939
8410,26.970,23.057,2.606
8411,26.763,22.491,3.069
8412,26.954,23.039,2.831
8413,27.595,23.518,2.970
8414,26.004,23.721,2.763
8415,27.279,23.479,2.790
8416,26.719,23.460,2.930
8417,27.540,23.880,2.681
8418,26.275,22.705,2.754
8419,27.613,23.290,2.954
8420,27.462,23.028,3.254
8421,26.948,23.161,2.796
8422,26.674,23.040,3.325
8423,26.820,23.786,2.940
8424,27.685,23.202,2.592
8425,26.999,22.648,2.887
8426,27.372,23.240,2.955
8427,26.726,23.926,2.887
8428,27.058,23.432,2.759
8429,27.260,23.288,3.020
8430,26.757,23.461,2.810
8431,25.120,21.763,4.157
8432,25.493,21.539,4.428
8433,27.370,23.540,2.945
8434,25.733,22.835,3.890
8435,27.091,22.947,4.251
8436,27.002,24.153,3.841
8437,26.619,23.316,2.929
8438,26.963,24.278,3.793
8439,27.426,22.988,3.349
8440,26.980,23.714,3.504
8441,26.793,22.267,4.365
8442,28.074,23.972,3.431
8443,27.093,22.459,2.856
8444,26.079,21.279,2.880
8445,27.360,23.410,3.694
8446,25.846,22.962,2.780
8447,26.941,23.226,2.987
8448,26.657,24.141,3.177
8449,27.442,24.529,3.049
8450,27.878,25.676,3.300
8451,27.015,23.655,3.862
8452,26.615,23.420,3.776
8453,26.512,23.685,4.080
8454,25.928,24.539,3.474
8455,26.888,21.998,2.820
8456,27.822,23.839,3.728
8457,28.055,24.561,4.133
8458,27.313,24.368,3.520
8459,26.916,23.240,3.472
8460,28.642,24.753,3.330
8461,26.568,23.843,4.587
8462,26.756,22.920,4.027
8463,27.140,23.814,4.065
8464,27.650,24.671,3.099
8465,26.568,24.208,3.811
8466,26.826,23.231,4.413
8467,27.139,23.635,2.932
8468,25.559,22.889,3.332
8469,26.764,23.864,3.720
8470,26.311,23.885,3.223
8471,26.454,24.186,4.318
8472,26.929,24.827,3.604
8473,27.204,24.510,3.947
8474,26.567,23.982,4.784
8475,27.219,25.316,3.759
8476,26.719,24.264,3.739
8477,26.948,24.256,4.225
8478,27.576,24.139,3.364
8479,27.081,25.339,3.817
8480,27.212,24.951,3.454
8481,26.280,23.352,4.027
8482,26.828,23.748,3.416
8483,26.466,23.910,4.013
8484,27.197,24.591,3.421
8485,27.351,24.201,3.233
8486,27.340,24.080,3.412
8487,27.488,24.317,2.865
8488,26.650,23.952,3.537
8489,27.729,24.820,3.889
8490,28.408,24.495,3.648
8491,27.505,24.058,3.327
8492,27.089,24.441,3.834
8493,28.386,25.554,4.489
8494,26.508,23.884,3.291
8495,28.028,24.568,3.680
8496,27.758,23.800,4.120
8497,28.233,24.279,4.147
8498,27.710,24.065,3.867
8499,27.462,24.968,3.296
8500,27.384,24.057,3.581
8501,26.734,23.824,2.962
8502,25.952,23.373,2.755
8503,27.035,24.191,3.007
8504,26.533,24.694,3.855
8505,27.565,25.510,4.054
8506,27.028,25.015,4.063
8507,26.669,23.416,4.095
8508,26.753,23.851,3.704
8509,26.639,24.709,4.190
8510,27.471,23.900,4.031
8511,26.620,23.825,2.943
8512,27.473,24.021,3.203
8513,27.040,23.209,3.458
8514,28.091,25.026,3.548
8515,28.899,25.906,3.117
8516,27.666,23.038,2.814
8517,27.320,23.095,2.821
8518,26.865,23.499,2.770
8519,26.141,23.441,2.959
8520,26.827,22.236,2.796
8521,26.425,22.785,2.699
8522,27.681,23.166,3.256
8523,28.331,25.102,3.339
8524,27.381,23.880,3.373
8525,27.505,23.683,2.726
8526,27.644,23.054,3.276
8527,27.600,23.079,2.848
8528,27.284,22.997,2.816
8529,27.458,22.433,2.931
8530,26.370,22.729,2.805
8531,27.080,24.328,3.319
8532,28.894,23.577,3.084
8533,26.479,23.255,3.153
8534,26.411,22.916,3.027
8535,27.258,22.788,2.734
8536,26.941,23.007,2.830
8537,26.892,22.001,2.893
8538,26.635,23.240,2.821
8539,25.988,23.096,3.006
8540,27.330,24.584,3.044
8541,25.903,23.132,2.738
8542,25.830,22.586,2.889
8543,25.902,23.323,3.157
8544,27.314,23.857,2.786
8545,26.747,23.244,2.847
8546,26.875,22.281,2.872
8547,27.469,22.833,3.252
8548,28.336,24.961,3.061
8549,27.765,23.575,3.334
8550,26.908,24.525,2.951
8551,28.108,25.432,2.903
8552,27.954,24.308,3.151
8553,28.110,24.606,4.160
8554,28.097,24.120,3.743
8555,29.073,23.907,2.924
8556,27.348,23.884,3.475
8557,27.789,24.816,3.007
8558,28.435,24.681,3.446
8559,28.659,24.611,3.365
8560,27.486,23.412,3.189
8561,27.418,22.965,3.150
8562,28.324,23.690,3.854
8563,27.274,24.245,3.137
8564,27.640,24.011,3.198
8565,29.065,24.636,3.597
8566,30.102,24.461,3.820
8567,29.206,24.076,3.580
8568,28.457,24.603,3.307
8569,27.475,23.566,2.744
8570,27.506,24.094,3.184
8571,27.845,24.266,3.418
8572,27.510,25.137,2.845
8573,28.018,24.536,3.114
8574,27.587,26.065,4.430
8575,27.677,23.599,3.055
8576,27.542,23.671,3.125
8577,27.134,23.587,3.552
8578,27.792,23.549,3.886
8579,27.343,24.008,3.425
8580,28.303,24.305,4.167
8581,27.517,24.249,4.384
8582,26.434,22.720,3.195
8583,27.853,24.293,2.896
8584,28.154,24.878,3.548
8585,27.139,24.671,4.351
8586,28.525,24.901,4.136
8587,27.324,23.260,3.419
8588,25.984,22.990,3.019
8589,26.961,23.782,4.271
8590,27.083,23.504,3.670
8591,27.484,23.819,3.440
8592,29.452,24.768,3.306
8593,27.207,23.632,3.835
8594,27.600,25.196,4.229
8595,26.762,23.307,3.262
8596,26.435,23.905,3.818
8597,27.388,24.001,3.806
8598,27.297,24.256,3.468
8599,27.625,24.523,3.953
8600,27.392,24.417,3.381
8601,25.705,22.281,2.825
8602,26.149,23.554,3.719
8603,25.781,22.605,2.687
8604,27.017,23.795,2.743
8605,28.270,23.176,2.799
8606,27.752,24.641,3.687
8607,27.813,22.999,3.672
8608,27.287,24.529,3.532
8609,27.426,24.798,3.265
8610,28.185,23.825,3.466
8611,27.574,23.461,3.235
8612,26.599,23.322,2.996
8613,27.020,24.337,3.443
8614,26.534,23.927,3.600
8615,28.112,26.070,3.227
8616,26.765,23.915,3.939
8617,27.564,23.895,4.520
8618,27.804,24.863,3.560
8619,27.702,23.104,3.159
8620,27.675,24.155,3.792
8621,28.396,25.571,3.344
8622,30.015,23.884,3.235
8623,29.588,24.117,3.169
8624,27.280,24.375,3.597
8625,27.370,23.117,3.278
8626,28.013,25.154,3.749
8627,26.982,23.613,4.143
8628,26.810,24.201,3.422
8629,27.599,24.167,3.569
8630,28.282,23.479,3.400
8631,26.586,23.469,2.875
8632,27.780,24.016,2.983
8633,27.082,22.970,2.947
8634,26.889,22.781,3.177
8635,27.720,23.631,2.904
8636,27.499,22.992,2.691
8637,27.553,23.596,4.110
8638,27.057,22.950,4.179
8639,26.581,23.076,3.897
8640,26.436,23.182,3.438
8641,26.402,22.390,3.661
8642,26.154,23.465,4.676
8643,26.375,23.783,4.131
8644,27.772,23.966,4.799
8645,27.036,22.592,2.762
8646,27.375,23.526,3.879
8647,28.589,26.811,4.555
8648,27.247,24.165,3.381
8649,26.677,23.004,2.992
8650,27.177,24.717,3.760
8651,27.527,23.480,2.813
8652,26.979,24.590,3.665
8653,27.351,24.378,3.597
8654,26.600,24.062,4.168
8655,27.748,24.126,3.879
8656,28.266,23.385,3.094
8657,27.730,23.938,3.025
8658,28.224,24.654,2.669
8659,29.216,25.373,3.359
8660,27.064,24.603,3.320
8661,27.072,23.185,2.904
8662,28.535,24.784,2.869
8663,28.870,26.084,4.140
8664,28.568,25.600,4.385
8665,28.997,26.843,4.160
8666,27.593,25.931,4.035
8667,29.301,25.877,3.932
8668,28.983,25.570,4.332
8669,28.618,24.789,4.120
8670,28.141,24.777,4.229
8671,28.070,24.480,3.576
8672,28.875,25.350,3.990
8673,28.498,26.137,4.939
8674,28.285,24.327,4.056
8675,26.601,23.582,3.537
8676,27.496,25.841,4.595
8677,28.242,24.946,4.141
8678,26.485,23.540,3.851
8679,27.358,23.253,3.879
8680,26.621,23.367,3.502
8681,26.766,24.453,4.468
8682,25.993,23.584,3.840
8683,25.999,22.942,3.927
8684,26.655,22.867,3.925
8685,26.366,23.464,2.973
8686,27.194,24.118,3.587
8687,26.540,23.951,3.921
8688,26.883,23.609,3.375
8689,26.519,23.713,3.200
8690,25.551,23.092,3.956
8691,27.195,25.422,3.953
8692,26.982,24.381,4.466
8693,26.003,24.513,3.378
8694,27.051,24.118,4.010
8695,26.795,25.229,4.794
8696,26.029,23.390,3.604
8697,25.673,22.830,3.537
8698,26.214,24.084,3.873
8699,26.435,23.374,3.568
8700,27.259,24.750,3.749
8701,27.190,24.361,4.038
8702,27.081,24.670,3.003
8703,28.678,24.881,3.197
8704,26.861,23.127,3.251
8705,25.357,23.004,2.880
8706,26.535,23.593,4.387
8707,26.441,24.054,3.733
8708,26.559,24.204,3.594
8709,26.812,23.827,3.703
8710,26.355,23.447,3.341
8711,26.191,23.428,3.392
8712,27.773,24.843,3.370
8713,26.223,23.470,3.932
8714,26.928,23.163,3.237
8715,26.274,22.905,3.093
8716,26.553,23.888,3.979
8717,27.008,23.908,3.836
8718,27.131,23.594,4.194
8719,26.332,22.690,2.801
8720,26.228,22.298,2.745
8721,26.844,23.799,4.632
8722,27.255,23.477,3.785
8723,27.472,24.064,3.536
8724,26.835,23.158,3.669
8725,26.315,22.250,3.654
8726,26.974,22.889,3.611
8727,26.103,23.068,3.657
8728,27.469,24.530,3.311
8729,26.777,23.018,3.028
8730,27.794,24.661,4.582
8731,27.298,24.258,3.483
8732,28.509,24.577,3.829
8733,27.613,23.724,4.079
8734,27.645,24.099,3.962
8735,28.963,26.060,4.324
8736,28.852,24.951,3.720
8737,28.828,24.914,4.032
8738,29.009,26.022,3.165
8739,28.015,24.729,3.436
8740,27.215,22.779,3.599
8741,26.792,23.151,2.893
8742,27.416,24.028,3.832
8743,27.816,24.459,3.593
8744,28.420,26.646,4.945
8745,27.303,24.411,3.997
8746,27.202,24.762,3.417
8747,27.831,24.378,3.511
8748,28.353,23.445,3.213
8749,28.565,25.846,4.405
8750,28.205,25.283,4.285
8751,27.750,25.654,4.619
8752,27.594,24.870,2.951
8753,28.116,24.610,3.542
8754,27.882,26.441,5.090
8755,27.107,24.883,3.704
8756,28.125,25.915,3.709
8757,26.854,23.865,3.174
8758,26.743,23.335,3.247
8759,27.283,24.083,3.430
8760,26.857,23.870,3.194
8761,27.303,23.703,2.918
8762,26.020,22.638,2.964
8763,28.087,24.683,3.261
8764,29.224,25.323,4.175
8765,27.200,24.121,2.982
8766,27.466,24.702,3.328
8767,27.839,23.751,3.721
8768,27.494,23.802,3.107
8769,27.167,22.462,2.866
8770,26.399,23.853,3.063
8771,27.000,24.264,3.867
8772,27.953,24.509,3.844
8773,28.590,23.506,3.238
8774,27.593,23.156,4.137
8775,28.274,24.741,3.496
8776,29.572,26.157,4.391
8777,30.431,24.376,3.562
8778,30.565,23.700,4.076
8779,28.212,22.604,2.926
8780,31.448,25.965,4.468
8781,30.723,23.759,3.141
8782,27.373,22.962,3.404
8783,27.171,23.489,3.956
8784,27.640,24.474,3.200
8785,27.777,24.381,3.849
8786,28.888,26.175,4.679
8787,27.071,24.313,3.143
8788,28.189,24.166,3.566
8789,26.750,23.670,3.411
8790,27.333,24.076,3.610
8791,26.636,24.029,3.201
8792,28.459,25.992,3.240
8793,26.137,23.203,2.794
8794,27.719,23.957,3.223
8795,27.469,23.149,3.352
8796,28.294,25.374,3.697
8797,26.935,22.379,2.904
8798,28.135,25.262,4.284
8799,27.764,25.105,3.357
8800,28.540,25.107,3.577
8801,27.633,23.547,3.153
8802,26.912,22.862,2.804
8803,28.380,25.037,4.329
8804,27.301,24.129,3.546
8805,27.776,25.491,4.188
8806,28.456,25.050,4.257
8807,28.785,24.672,3.203
8808,27.006,24.706,3.958
8809,27.517,23.759,3.952
8810,27.196,23.940,3.956
8811,27.731,24.075,3.351
8812,28.084,24.769,4.094
8813,28.119,24.630,3.974
8814,28.224,24.794,3.619
8815,27.445,24.238,4.452
8816,28.322,24.385,3.581
8817,26.988,23.400,3.174
8818,26.072,24.091,4.207
8819,27.977,24.262,3.615
8820,28.686,24.934,4.466
8821,27.722,23.465,4.434
8822,26.985,24.445,4.068
8823,26.571,22.348,3.385
8824,26.881,23.880,3.686
8825,26.924,24.894,3.512
8826,27.642,23.965,3.795
8827,27.979,24.377,4.226
8828,28.084,24.723,3.426
8829,26.097,22.662,2.928
8830,27.435,25.523,3.328
8831,26.928,23.863,3.819
8832,27.715,24.275,3.621
8833,27.264,23.007,3.384
8834,27.811,23.951,3.765
8835,28.409,23.562,3.738
8836,29.054,24.963,3.747
8837,28.428,25.015,3.710
8838,26.707,23.692,3.261
8839,27.095,24.812,3.494
8840,26.730,23.138,2.928
8841,27.069,24.052,2.929
8842,27.253,24.527,2.782
8843,28.130,23.250,2.922
8844,30.291,23.376,3.508
8845,30.603,23.861,3.580
8846,29.296,24.599,3.481
8847,28.494,23.388,2.651
8848,28.565,22.533,2.770
8849,30.084,24.755,3.071
8850,29.114,23.680,2.787
8851,30.768,24.567,3.056
8852,29.005,23.798,3.633
8853,25.905,24.455,2.988
8854,25.765,23.797,3.123
8855,27.216,22.985,3.273
8856,27.527,22.898,2.960
8857,26.731,23.380,3.284
8858,27.436,23.153,2.808
8859,27.554,23.908,3.604
8860,27.031,23.742,3.723
8861,26.550,24.823,3.383
8862,26.601,23.134,4.088
8863,26.011,22.090,3.395
8864,26.349,23.330,3.252
8865,27.095,23.348,2.908
8866,27.502,23.817,3.712
8867,28.030,23.908,3.073
8868,27.857,24.014,3.753
8869,27.485,25.057,4.131
8870,27.779,26.721,4.318
8871,27.399,24.203,4.142
8872,26.993,24.807,3.667
8873,26.830,24.996,3.423
8874,27.020,24.740,3.972
8875,27.477,24.473,4.060
8876,28.317,23.570,3.954
8877,27.720,24.817,4.230
8878,27.360,24.088,3.705
8879,27.120,24.182,3.020
8880,27.029,24.957,3.468
8881,26.689,23.014,3.963
8882,27.979,26.217,3.866
8883,28.263,25.313,4.232
8884,27.524,25.022,3.740
8885,26.477,24.505,4.374
8886,27.247,24.940,3.396
8887,26.949,24.351,4.182
8888,28.123,25.999,4.357
8889,27.713,24.808,4.308
8890,27.878,24.507,4.071
8891,28.380,25.925,4.742
8892,27.234,24.269,3.206
8893,27.949,24.711,3.189
8894,28.290,23.893,3.613
8895,27.839,24.384,3.432
8896,26.916,24.745,3.904
8897,27.324,24.634,3.320
8898,27.189,24.783,3.168
8899,27.162,24.044,3.666
8900,27.041,24.831,4.108
8901,26.503,23.200,2.816
8902,27.002,24.269,3.321
8903,27.153,24.107,3.503
8904,26.243,23.347,3.823
8905,26.475,24.748,3.472
8906,27.260,24.543,3.758
8907,28.044,24.529,3.178
8908,26.368,23.755,2.725
8909,27.616,24.531,3.073
8910,27.741,23.992,3.954
8911,26.288,23.487,3.966
8912,27.353,24.693,3.488
8913,27.355,24.809,3.425
8914,27.587,25.584,3.397
8915,27.043,25.522,3.647
8916,27.380,24.933,3.384
8917,28.580,25.126,3.802
8918,29.168,25.232,3.488
8919,26.998,24.439,3.131
8920,27.483,25.103,4.473
8921,26.756,23.680,3.562
8922,27.990,24.594,3.465
8923,27.181,24.910,3.506
8924,27.712,24.114,4.182
8925,26.883,23.817,3.882
8926,27.838,25.251,4.059
8927,27.342,23.753,4.283
8928,25.477,24.097,3.539
8929,27.549,24.680,3.909
8930,27.289,24.063,4.367
8931,27.649,24.937,3.318
8932,26.960,23.559,3.567
8933,27.496,23.706,2.979
8934,28.101,24.316,3.879
8935,28.572,24.473,3.767
8936,27.620,23.528,3.848
8937,28.499,23.591,3.408
8938,27.335,24.390,4.108
8939,27.989,24.586,3.811
8940,28.605,24.508,3.695
8941,28.750,24.726,3.825
8942,27.310,24.815,3.154
8943,27.301,24.735,3.170
8944,27.751,24.370,3.417
8945,28.951,24.687,3.359
8946,27.243,25.472,3.638
8947,26.534,23.105,4.506
8948,27.089,23.086,2.962
8949,26.185,23.277,4.004
8950,27.977,25.094,4.103
8951,27.365,25.514,3.479
8952,27.106,24.754,3.777
8953,27.136,23.777,4.443
8954,27.302,25.114,3.407
8955,26.857,23.513,3.114
8956,27.790,25.524,3.761
8957,26.904,23.283,3.565
8958,26.211,23.648,2.904
8959,26.496,24.046,4.265
8960,25.868,23.391,3.212
8961,26.768,24.437,5.112
8962,26.794,24.895,3.571
8963,27.074,23.395,3.489
8964,26.366,23.723,3.191
8965,26.994,25.190,3.828
8966,26.967,25.107,3.630
8967,27.416,24.939,3.785
8968,28.163,25.355,3.045
8969,26.627,23.436,3.232
8970,27.409,23.594,3.080
8971,27.435,23.833,3.696
8972,27.160,23.441,2.897
8973,27.104,24.553,4.229
8974,25.588,23.174,3.656
8975,28.377,25.400,3.230
8976,27.141,24.432,3.038
8977,26.319,23.433,4.329
8978,27.425,24.814,3.372
8979,27.569,25.135,4.006
8980,27.153,25.047,4.224
8981,26.569,24.418,3.509
8982,27.082,25.982,3.203
8983,25.932,24.633,3.597
8984,25.168,23.724,3.309
8985,27.439,25.740,4.390
8986,25.555,23.603,4.495
8987,27.492,24.902,4.142
8988,26.322,24.832,3.994
8989,27.726,24.523,4.458
8990,26.913,24.430,4.527
8991,29.471,24.499,4.052
8992,27.190,23.125,4.842
8993,27.300,24.407,4.249
8994,25.555,22.504,3.827
8995,26.479,24.745,3.738
8996,26.122,23.536,3.988
8997,25.625,23.388,3.917
8998,26.420,23.196,3.919
8999,26.304,23.519,4.185
9000,26.552,23.274,3.320
9001,25.622,23.976,3.679
9002,25.724,23.953,4.218
9003,25.632,23.729,4.535
9004,26.695,24.865,4.005
9005,26.549,24.538,3.685
9006,26.690,24.568,3.971
9007,26.538,23.750,3.807
9008,26.176,24.043,3.935
9009,26.196,23.631,3.423
9010,26.370,23.986,4.796
9011,26.813,24.767,3.750
9012,28.148,27.000,4.346
9013,27.798,25.323,4.572
9014,26.953,26.377,4.913
9015,27.891,26.457,4.776
9016,28.063,26.055,4.698
9017,27.734,25.761,4.041
9018,27.819,26.416,5.472
9019,27.525,24.532,4.809
9020,27.701,26.242,5.510
9021,27.727,26.169,4.594
9022,27.200,25.676,5.019
9023,27.003,25.797,4.571
9024,27.058,26.447,4.973
9025,27.354,25.750,4.631
9026,26.935,25.712,4.597
9027,26.943,26.002,5.145
9028,26.865,25.428,4.421
9029,28.355,26.785,3.978
9030,27.938,26.302,5.015
9031,27.875,26.451,4.295
9032,27.232,26.151,4.459
9033,28.877,25.962,4.114
9034,27.523,25.549,4.861
9035,28.219,24.939,4.221
9036,28.208,25.355,4.614
9037,27.475,25.347,4.246
9038,28.027,25.087,4.779
9039,27.385,25.432,4.466
9040,27.500,25.842,4.661
9041,28.131,25.501,4.345
9042,28.685,25.991,4.912
9043,28.012,24.446,4.258
9044,28.379,26.337,4.493
9045,28.169,25.580,4.066
9046,27.166,24.891,4.158
9047,26.893,25.414,4.754
9048,28.485,27.205,4.427
9049,28.007,25.552,4.239
9050,28.061,26.194,4.154
9051,29.519,26.388,4.413
9052,28.500,25.064,5.164
9053,27.513,25.964,4.351
9054,28.031,25.512,4.371
9055,28.045,24.882,4.341
9056,27.794,26.534,3.717
9057,28.265,25.846,4.121
9058,27.809,24.987,3.795
9059,28.322,24.576,4.303
9060,29.815,25.037,4.373
9061,30.474,25.146,4.614
9062,29.572,25.404,4.687
9063,27.854,25.716,4.889
9064,28.009,24.787,3.945
9065,27.886,26.171,4.385
9066,28.603,25.170,4.441
9067,30.077,25.140,4.465
9068,30.067,25.841,4.206
9069,27.810,25.577,4.487
9070,28.098,26.236,4.122
9071,27.477,25.887,4.403
9072,26.109,24.722,4.740
9073,26.499,24.865,4.450
9074,27.213,25.281,4.266
9075,25.924,23.774,4.088
9076,26.214,24.805,3.961
9077,26.674,23.788,4.606
9078,26.965,26.069,4.401
9079,28.300,25.363,3.992
9080,26.753,25.274,4.424
9081,28.354,25.728,4.246
9082,27.584,24.454,3.709
9083,27.672,25.137,4.017
9084,27.312,25.353,4.528
9085,27.628,25.515,4.387
9086,27.610,27.206,4.870
9087,27.973,26.146,4.150
9088,26.925,24.982,4.409
9089,27.877,25.293,4.230
9090,26.421,24.624,3.688
9091,25.062,22.373,2.868
9092,25.651,23.495,2.877
9093,27.070,22.968,3.179
9094,25.967,22.429,2.784
9095,25.922,23.566,2.784
9096,27.148,25.152,3.809
9097,25.790,23.540,3.127
9098,26.720,24.069,2.834
9099,27.294,22.855,2.802
9100,26.857,24.216,3.120
9101,27.214,24.795,3.700
9102,27.387,24.394,2.710
9103,26.485,24.294,2.726
9104,26.962,24.740,2.850
9105,27.565,25.911,4.559
9106,28.342,26.882,4.290
9107,28.344,25.262,3.933
9108,26.555,24.395,3.674
9109,26.496,25.276,4.062
9110,27.542,25.294,4.168
9111,26.832,23.430,2.843
9112,25.712,22.725,2.646
9113,26.828,23.176,3.271
9114,25.874,23.220,2.814
9115,27.278,25.569,3.827
9116,26.500,23.687,2.888
9117,28.026,22.936,2.849
9118,27.235,24.402,2.865
9119,26.254,22.358,3.067
9120,27.316,24.246,2.989
9121,27.004,23.177,3.368
9122,27.648,23.798,2.754
9123,28.199,23.844,3.463
9124,28.179,23.891,2.868
9125,29.075,23.621,2.722
9126,28.739,23.183,3.063
9127,28.274,23.646,3.218
9128,28.799,24.166,2.720
9129,29.520,23.185,2.734
9130,27.260,24.944,2.829
9131,27.617,23.994,2.984
9132,27.596,24.281,4.538
9133,26.480,23.451,3.115
9134,28.731,27.765,4.120
9135,28.070,26.250,4.879
9136,27.704,24.839,3.916
9137,27.586,24.792,4.278
9138,26.739,25.558,4.221
9139,27.072,24.768,4.168
9140,27.932,26.124,3.405
9141,28.701,26.424,4.107
9142,26.959,24.903,4.394
9143,27.466,25.103,3.587
9144,27.355,25.137,4.048
9145,27.538,26.305,3.882
9146,27.229,25.306,4.212
9147,26.697,23.767,4.056
9148,27.495,23.390,2.756
9149,27.508,24.516,3.514
9150,27.583,25.052,4.213
9151,27.083,24.517,4.181
9152,27.013,24.656,3.422
9153,27.937,24.665,3.777
9154,26.914,23.894,4.429
9155,27.500,25.289,3.748
9156,27.719,23.851,3.366
9157,26.119,22.474,3.257
9158,27.075,23.531,3.343
9159,26.741,24.420,3.676
9160,26.879,23.368,2.818
9161,26.223,22.787,2.840
9162,27.822,25.250,3.800
9163,27.221,24.385,4.528
9164,27.849,23.980,3.899
9165,27.443,25.169,3.773
9166,27.229,24.750,3.517
9167,27.670,26.170,3.636
9168,26.069,25.079,3.572
9169,26.445,24.668,3.642
9170,27.576,23.913,3.685
9171,26.669,24.794,4.312
9172,26.731,25.376,4.045
9173,27.715,24.501,3.863
9174,26.675,23.800,2.886
9175,25.915,23.796,4.409
9176,26.138,23.155,4.312
9177,28.071,24.218,3.744
9178,27.217,25.704,4.348
9179,26.854,23.777,4.135
9180,27.403,24.112,4.048
9181,26.513,24.069,3.209
9182,25.882,24.047,3.653
9183,27.654,24.441,3.533
9184,26.911,24.486,3.778
9185,28.100,24.682,3.371
9186,26.112,24.282,3.906
9187,27.729,25.815,3.855
9188,27.600,24.579,3.385
9189,27.344,24.410,3.784
9190,27.322,24.374,3.581
9191,27.089,24.512,3.968
9192,26.786,25.698,4.030
9193,28.448,27.002,4.850
9194,27.234,24.786,3.754
9195,26.811,25.016,4.285
9196,26.773,24.469,3.932
9197,25.649,23.438,3.259
9198,25.949,23.963,3.378
9199,26.847,24.758,3.818
9200,27.664,26.333,4.031
9201,26.758,24.480,4.209
9202,26.582,23.597,3.760
9203,28.771,26.888,3.543
9204,27.550,25.235,4.119
9205,26.045,22.850,3.566
9206,26.235,24.087,3.576
9207,26.899,25.070,3.460
9208,24.734,23.252,3.320
9209,27.109,25.595,4.396
9210,26.259,23.806,4.483
9211,26.870,24.400,2.671
9212,26.473,23.010,2.821
9213,27.799,24.763,3.266
9214,25.845,23.751,2.742
9215,26.575,23.874,3.509
9216,26.176,24.497,2.845
9217,26.098,24.200,2.827
9218,25.236,23.768,2.993
9219,26.507,23.358,3.502
9220,27.332,26.429,3.708
9221,27.398,24.987,3.680
9222,26.750,24.774,3.117
9223,26.774,24.352,3.622
9224,27.505,23.687,2.745
9225,26.524,24.856,4.182
9226,27.517,25.314,3.943
9227,28.215,25.179,3.535
9228,27.832,25.740,4.934
9229,27.714,25.649,4.468
9230,27.583,25.465,4.521
9231,27.175,24.385,4.404
9232,26.825,24.713,3.809
9233,26.924,24.398,3.318
9234,27.528,25.718,4.527
9235,26.705,25.040,4.408
9236,26.886,25.310,4.804
9237,27.421,25.761,4.729
9238,27.421,26.861,4.921
9239,27.227,25.584,4.036
9240,27.889,26.923,4.426
9241,26.378,25.428,4.069
9242,27.637,26.115,4.084
9243,27.268,25.858,4.535
9244,27.272,25.585,4.504
9245,27.528,26.678,5.268
9246,27.807,26.227,4.132
9247,28.914,27.259,4.312
9248,27.677,26.491,3.946
9249,28.340,27.252,5.025
9250,26.642,25.853,4.158
9251,27.385,26.909,3.637
9252,28.148,26.053,4.520
9253,26.501,25.075,4.563
9254,27.759,26.197,4.925
9255,27.002,24.606,5.022
9256,26.376,26.073,4.156
9257,27.213,26.215,3.883
9258,28.260,26.956,4.723
9259,28.056,25.786,4.315
9260,27.613,27.311,5.110
9261,27.484,26.949,5.299
9262,27.695,25.664,4.949
9263,26.396,24.524,4.418
9264,28.468,26.265,4.612
9265,27.874,25.603,4.615
9266,27.537,24.642,3.800
9267,27.989,25.456,4.088
9268,27.179,23.909,3.835
9269,26.521,24.524,5.148
9270,27.069,25.159,3.849
9271,27.855,25.742,4.253
9272,27.495,26.051,4.340
9273,28.086,25.682,3.964
9274,28.043,25.200,4.425
9275,27.412,25.301,4.443
9276,28.042,25.727,4.026
9277,26.801,26.044,4.655
9278,26.291,24.708,4.929
9279,27.847,26.260,4.373
9280,27.258,26.003,4.695
9281,27.047,26.395,4.462
9282,28.443,26.476,4.424
9283,27.698,25.670,4.217
9284,28.101,25.918,3.949
9285,28.322,24.992,4.018
9286,28.703,26.574,4.809
9287,29.337,26.156,3.986
9288,27.740,26.883,4.803
9289,27.250,25.464,4.077
9290,28.836,26.895,4.691
9291,27.999,25.475,5.035
9292,27.594,26.515,4.720
9293,27.199,24.721,5.238
9294,29.045,25.265,3.708
9295,29.633,25.653,4.464
9296,27.405,24.918,4.571
9297,29.323,25.579,4.061
9298,27.941,27.643,4.501
9299,27.605,26.580,4.332
9300,27.460,26.631,4.238
9301,26.329,26.258,4.540
9302,26.674,26.759,4.093
9303,27.057,25.372,4.359
9304,26.960,25.214,4.479
9305,26.938,24.722,4.964
9306,26.521,26.148,3.953
9307,27.617,25.014,4.550
9308,27.794,25.993,5.317
9309,26.955,24.959,4.441
9310,26.704,25.439,4.820
9311,27.226,24.194,4.134
9312,28.432,26.169,4.531
9313,27.103,26.247,4.482
9314,27.553,26.224,4.523
9315,27.710,25.685,4.728
9316,26.176,24.709,3.937
9317,28.163,26.629,4.154
9318,27.973,27.804,5.559
9319,26.911,25.962,4.528
9320,26.847,24.738,4.575
9321,28.253,26.546,4.516
9322,27.813,25.520,4.846
9323,28.304,26.018,4.516
9324,28.061,24.976,4.017
9325,27.670,23.654,3.994
9326,28.162,25.247,3.936
9327,27.918,25.720,3.990
9328,26.660,24.907,3.959
9329,27.275,24.429,4.250
9330,27.759,25.813,4.578
9331,27.379,25.181,4.273
9332,27.427,26.215,4.525
9333,27.179,25.015,4.307
9334,28.831,26.443,5.363
9335,27.268,24.507,3.924
9336,28.256,25.926,4.011
9337,27.584,25.932,3.942
9338,27.105,25.636,4.131
9339,27.339,25.235,4.386
9340,27.177,25.173,4.292
9341,27.525,25.770,3.990
9342,27.849,24.206,3.001
9343,27.061,24.289,3.035
9344,27.645,23.615,3.004
9345,26.704,24.663,3.198
9346,26.125,24.213,2.819
9347,25.719,22.595,3.114
9348,26.235,23.273,2.742
9349,26.788,23.322,3.231
9350,26.287,22.416,3.097
9351,26.570,22.597,3.227
9352,27.861,23.604,3.210
9353,25.379,22.114,2.737
9354,26.558,23.574,2.978
9355,27.042,24.305,3.503
9356,25.528,22.690,3.024
9357,25.608,22.636,3.057
9358,25.437,23.486,4.213
9359,25.987,23.234,3.313
9360,25.790,22.912,2.858
9361,25.159,23.395,2.994
9362,25.966,23.091,2.736
9363,25.901,23.315,2.864
9364,26.593,22.339,2.756
9365,25.979,22.669,3.670
9366,25.563,23.398,2.804
9367,25.110,22.582,3.290
9368,25.855,22.337,3.452
9369,26.661,23.357,2.940
9370,26.806,23.408,3.087
9371,26.701,23.474,2.689
9372,27.819,24.581,3.890
9373,27.265,23.890,2.887
9374,27.320,23.504,2.832
9375,28.436,25.443,4.000
9376,27.588,23.261,3.159
9377,29.261,23.891,2.820
9378,28.178,24.822,3.663
9379,28.081,23.729,2.920
9380,27.713,24.608,3.777
9381,28.412,23.654,2.764
9382,28.046,24.032,2.864
9383,28.123,23.927,2.806
9384,28.287,23.510,3.376
9385,31.127,23.705,3.017
9386,27.909,24.152,3.349
9387,27.057,22.364,3.160
9388,27.872,24.021,3.080
9389,27.492,24.800,4.229
9390,27.662,23.553,3.132
9391,27.139,23.265,3.130
9392,27.154,23.482,3.013
9393,26.080,22.595,3.073
9394,28.124,23.280,2.732
9395,27.505,22.259,3.221
9396,29.409,22.605,2.732
9397,29.694,24.086,3.623
9398,28.246,24.107,3.403
9399,26.491,22.134,2.840
9400,26.856,22.605,3.071
9401,27.157,23.670,4.017
9402,26.819,23.249,2.770
9403,26.810,22.500,3.601
9404,27.483,23.532,3.886
9405,26.762,23.334,2.671
9406,27.134,24.646,3.607
9407,26.787,24.159,3.205
9408,26.473,23.942,3.424
9409,27.570,24.950,3.663
9410,27.805,25.524,3.754
9411,26.834,23.323,2.834
9412,27.280,24.296,3.762
9413,26.841,24.324,3.907
9414,27.637,24.490,4.040
9415,27.324,25.626,4.047
9416,27.299,22.802,2.874
9417,27.285,23.742,3.142
9418,26.771,23.550,2.912
9419,26.621,24.087,2.973
9420,28.368,26.297,3.974
9421,27.220,23.720,3.346
9422,25.643,23.838,3.514
9423,28.788,23.507,2.952
9424,27.797,24.927,2.815
9425,28.072,25.467,4.679
9426,27.538,23.978,2.875
9427,30.059,24.154,2.991
9428,28.862,22.746,3.220
9429,28.641,23.903,2.817
9430,29.377,23.148,2.847
9431,29.599,24.263,2.699
9432,28.659,24.639,3.458
9433,29.259,24.005,2.909
9434,29.071,24.153,2.938
9435,26.525,23.650,3.662
9436,27.151,24.508,4.001
9437,27.518,25.667,4.170
9438,26.243,22.802,2.961
9439,26.498,23.033,2.986
9440,27.077,24.598,3.379
9441,26.957,23.313,2.987
9442,27.304,24.100,3.720
9443,26.631,22.601,3.620
9444,27.426,22.909,2.863
9445,27.892,23.597,3.615
9446,28.603,24.032,3.948
9447,26.569,23.553,2.818
9448,27.656,24.404,4.010
9449,27.122,23.208,2.916
9450,26.069,23.436,2.679
9451,26.114,22.138,2.898
9452,26.838,22.558,2.939
9453,26.280,22.060,2.932
9454,26.366,22.561,3.348
9455,26.846,24.256,3.695
9456,27.476,24.478,3.064
9457,28.634,25.116,4.492
9458,27.169,24.680,3.500
9459,27.822,24.860,3.869
9460,28.761,26.386,4.247
9461,29.222,26.300,4.429
9462,27.749,24.116,4.549
9463,27.523,25.195,4.241
9464,29.065,25.086,4.577
9465,28.235,25.623,4.800
9466,27.682,24.964,4.053
9467,28.336,24.239,3.661
9468,28.739,24.173,4.442
9469,29.153,24.621,4.629
9470,27.772,23.903,4.278
9471,28.399,24.682,3.645
9472,28.950,24.992,5.471
9473,27.838,24.659,5.518
9474,28.664,25.344,4.284
9475,29.049,25.602,4.247
9476,28.989,24.422,4.361
9477,28.326,24.802,5.015
9478,27.615,24.384,4.426
9479,26.826,22.921,3.891
9480,27.474,24.126,4.374
9481,27.204,24.495,4.233
9482,27.045,24.047,4.141
9483,27.839,24.920,4.004
9484,26.929,24.818,4.654
9485,28.109,25.451,4.075
9486,27.862,23.584,4.536
9487,28.573,25.246,4.073
9488,27.541,24.539,4.799
9489,29.219,25.672,4.331
9490,28.064,25.006,4.903
9491,27.261,23.571,3.889
9492,28.536,25.437,4.404
9493,27.375,26.863,5.065
9494,28.321,25.076,4.173
9495,27.267,24.476,4.771
9496,29.097,26.221,4.423
9497,28.672,26.495,4.911
9498,29.009,25.657,4.344
9499,26.694,26.370,3.789
9500,29.479,25.530,4.369
9501,28.622,26.629,4.699
9502,28.116,26.078,4.213
9503,28.832,26.226,4.340
9504,28.246,25.019,4.570
9505,27.691,24.425,4.298
9506,27.882,24.936,3.964
9507,28.398,25.784,4.603
9508,27.170,23.954,3.858
9509,27.356,23.686,2.702
9510,27.366,23.913,3.619
9511,27.912,23.981,4.193
9512,28.105,24.248,3.762
9513,27.273,23.530,4.140
9514,28.733,24.906,4.776
9515,27.591,24.382,2.959
9516,27.954,25.595,3.761
9517,27.686,24.247,2.848
9518,28.439,25.620,3.508
9519,27.295,24.649,3.958
9520,29.713,25.844,4.133
9521,28.316,25.214,4.797
9522,28.238,25.418,4.137
9523,29.488,26.279,4.326
9524,28.932,26.312,4.165
9525,31.274,26.637,4.126
9526,31.180,25.891,4.239
9527,30.065,23.703,3.666
9528,31.679,26.566,4.755
9529,29.526,24.359,4.201
9530,28.930,26.629,4.720
9531,28.089,25.699,3.819
9532,28.122,24.793,3.469
9533,30.407,25.480,4.536
9534,30.219,24.868,3.932
9535,31.114,25.368,4.546
9536,30.431,25.802,3.934
9537,28.157,24.337,3.193
9538,28.166,24.188,2.832
9539,25.965,22.925,2.613
9540,26.999,22.632,2.874
9541,27.391,23.915,2.985
9542,25.584,24.372,2.942
9543,27.982,23.320,3.109
9544,25.541,22.821,2.761
9545,26.797,23.222,2.847
9546,26.353,23.614,2.730
9547,26.954,23.878,3.174
9548,26.952,24.000,3.234
9549,27.815,23.240,3.204
9550,26.670,24.634,3.223
9551,25.827,24.806,2.809
9552,30.353,24.967,3.787
9553,29.718,24.946,3.015
9554,27.859,23.665,2.685
9555,27.207,22.784,2.763
9556,26.571,22.351,3.046
9557,27.481,24.733,3.501
9558,28.458,24.956,3.909
9559,27.998,24.590,2.778
9560,27.503,23.969,2.828
9561,26.022,23.490,2.740
9562,27.668,23.916,2.838
9563,27.208,24.178,2.789
9564,26.629,22.248,2.778
9565,25.962,23.367,2.945
9566,28.096,24.508,3.908
9567,27.820,23.767,3.145
9568,26.513,23.335,2.768
9569,26.541,23.283,3.171
9570,25.799,22.414,2.718
9571,26.460,22.938,2.718
9572,27.414,24.429,3.187
9573,27.264,24.421,2.742
9574,27.211,23.182,2.676
9575,26.212,23.378,2.943
9576,25.478,23.152,3.091
9577,26.157,22.265,2.782
9578,25.973,23.093,2.740
9579,25.126,22.971,2.842
9580,25.886,22.524,2.962
9581,24.441,22.654,2.752
9582,25.781,22.754,3.014
9583,25.479,22.276,2.868
9584,27.138,23.147,3.345
9585,26.545,23.504,3.736
9586,26.363,23.665,3.363
9587,26.449,23.360,2.979
9588,25.203,22.536,3.063
9589,26.359,23.307,2.908
9590,25.910,23.392,4.154
9591,26.252,22.508,3.261
9592,28.096,22.999,2.910
9593,25.494,22.450,3.176
9594,26.050,22.052,3.084
9595,26.990,24.488,4.922
9596,26.390,23.664,3.102
9597,27.763,23.207,3.093
9598,28.500,23.756,2.927
9599,28.697,22.733,3.026
9600,28.691,23.368,2.942
9601,28.816,23.127,2.769
9602,28.223,22.855,3.233
9603,28.499,22.915,2.783
9604,25.569,22.719,3.007
9605,27.173,24.099,3.675
9606,26.779,23.451,2.699
9607,26.588,23.275,2.927
9608,26.462,23.855,3.025
9609,27.175,23.222,2.793
9610,27.094,23.709,2.983
9611,25.998,22.463,2.898
9612,26.379,23.543,2.889
9613,27.366,23.144,2.949
9614,26.905,23.133,3.132
9615,27.304,23.929,4.048
9616,26.867,23.098,3.100
9617,27.401,23.353,2.789
9618,27.386,25.245,4.035
9619,27.288,24.048,3.254
9620,25.800,22.425,2.981
9621,26.480,23.878,2.697
9622,26.680,24.089,3.052
9623,26.739,23.500,2.791
9624,26.856,22.420,2.994
9625,27.781,23.221,2.888
9626,25.859,22.922,2.699
9627,26.462,24.458,3.652
9628,26.288,23.003,3.616
9629,25.884,22.938,2.852
9630,25.560,23.375,2.857
9631,26.123,23.203,2.911
9632,25.821,22.567,3.307
9633,26.021,22.626,3.724
9634,25.009,23.203,3.391
9635,24.778,23.012,2.866
9636,24.723,22.378,3.122
9637,26.741,23.630,2.753
9638,26.834,23.288,3.868
9639,26.447,22.499,2.858
9640,26.066,23.208,2.867
9641,26.216,23.458,2.886
9642,26.313,22.170,3.036
9643,26.372,22.909,3.386
9644,26.017,22.817,2.912
9645,27.172,23.307,2.879
9646,25.149,22.501,2.869
9647,26.328,22.722,2.857
9648,26.925,23.732,3.609
9649,26.926,23.706,2.912
9650,26.329,22.910,2.851
9651,25.815,24.458,2.815
9652,25.699,23.321,2.891
9653,26.928,23.575,3.531
9654,24.892,23.510,2.654
9655,26.277,22.554,2.853
9656,25.293,23.206,3.600
9657,25.890,23.747,2.729
9658,25.936,22.512,2.786
9659,25.820,22.734,2.776
9660,27.623,23.597,2.864
9661,28.171,23.544,2.924
9662,28.129,22.619,2.863
9663,28.525,23.932,2.984
9664,28.582,23.336,3.654
9665,28.761,23.691,2.881
9666,29.244,24.346,3.403
9667,25.994,22.782,3.137
9668,26.371,23.682,2.743
9669,25.992,22.674,2.807
9670,28.510,24.927,3.281
9671,27.259,22.720,2.882
9672,27.317,23.236,3.098
9673,28.805,23.563,2.795
9674,26.295,23.658,2.952
9675,26.584,23.771,3.480
9676,26.321,23.447,2.926
9677,26.358,22.695,3.013
9678,25.039,22.639,2.789
9679,26.571,23.386,3.277
9680,26.927,24.635,3.043
9681,25.751,23.420,3.246
9682,26.026,23.152,2.933
9683,26.712,23.415,3.317
9684,26.369,23.244,3.026
9685,26.593,22.932,2.706
9686,25.883,23.822,2.837
9687,25.236,23.495,3.017
9688,25.750,22.905,2.724
9689,25.067,23.118,2.774
9690,26.344,23.185,2.699
9691,26.077,22.836,2.791
9692,25.897,23.787,2.804
9693,25.878,23.489,2.839
9694,25.936,23.706,2.885
9695,26.803,23.446,2.884
9696,26.151,22.289,3.076
9697,26.052,21.766,3.280
9698,26.256,22.484,3.055
9699,25.062,22.178,2.786
9700,24.970,24.242,3.677
9701,25.798,24.031,4.092
9702,25.241,23.139,2.715
9703,25.208,23.358,2.711
9704,25.557,23.093,2.905
9705,25.293,23.100,2.861
9706,25.838,22.813,2.930
9707,25.320,22.983,2.820
9708,25.143,22.819,3.320
9709,25.502,24.081,3.017
9710,25.629,22.504,2.771
9711,25.475,22.307,2.970
9712,25.299,22.636,2.973
9713,26.396,22.825,3.534
9714,25.865,22.990,2.756
9715,25.003,23.013,3.468
9716,25.490,22.426,2.771
9717,25.810,22.592,3.079
9718,26.211,22.474,3.196
9719,25.888,23.186,3.103
9720,25.827,22.110,2.682
9721,26.514,24.076,2.942
9722,25.587,22.834,2.956
9723,25.003,22.424,3.862
9724,25.878,23.370,2.864
9725,25.668,22.840,2.671
9726,25.038,22.351,3.201
9727,24.928,22.815,2.771
9728,26.377,23.794,2.790
9729,26.468,23.791,3.667
9730,25.535,23.210,2.871
9731,24.662,21.351,2.750
9732,24.773,22.268,2.696
9733,26.170,23.017,2.899
9734,26.188,23.487,2.681
9735,23.953,22.360,2.950
9736,25.158,22.873,2.919
9737,25.441,23.128,3.603
9738,26.337,24.105,3.611
9739,24.800,23.003,2.998
9740,24.918,23.513,3.129
9741,24.228,22.695,2.957
9742,25.384,23.067,2.977
9743,23.825,21.754,2.832
9744,25.844,23.577,4.499
9745,26.041,23.513,4.107
9746,24.787,22.263,3.115
9747,26.130,24.643,3.909
9748,24.939,22.916,4.363
9749,26.019,23.156,2.972
9750,25.082,23.786,2.908
9751,25.519,23.108,4.000
9752,25.615,23.240,2.602
9753,26.617,25.426,4.570
9754,25.246,23.588,4.077
9755,26.364,23.975,3.733
9756,26.871,26.558,3.782
9757,26.412,24.576,4.520
9758,25.581,23.149,4.159
9759,24.080,21.726,2.886
9760,25.016,23.625,4.568
9761,26.257,22.980,2.854
9762,25.217,23.532,3.721
9763,25.326,23.262,3.982
9764,25.125,24.098,2.688
9765,24.598,23.137,2.910
9766,25.068,23.170,3.110
9767,24.985,23.276,2.755
9768,24.544,22.556,2.685
9769,25.530,23.288,2.736
9770,25.397,22.561,2.878
9771,25.063,22.554,2.874
9772,25.619,23.650,3.677
9773,25.319,23.593,2.844
9774,24.722,23.069,2.839
9775,24.368,22.877,3.129
9776,24.593,22.357,2.615
9777,25.050,22.913,2.642
9778,24.734,22.437,2.753
9779,25.168,22.918,2.727
9780,25.549,23.385,2.874
9781,25.169,23.734,3.995
9782,25.621,22.909,3.134
9783,24.996,23.230,2.879
9784,25.798,22.568,2.939
9785,25.419,22.897,3.055
9786,25.485,22.419,2.886
9787,26.017,23.473,2.958
9788,25.025,22.148,3.037
9789,25.453,22.313,2.830
9790,25.656,22.980,2.742
9791,24.939,23.328,3.371
9792,25.977,23.082,2.873
9793,25.395,23.507,2.752
9794,26.168,22.894,2.949
9795,26.976,23.476,2.803
9796,26.150,23.383,2.868
9797,26.142,22.830,2.804
9798,26.978,25.177,4.620
9799,26.295,23.360,2.992
9800,26.860,23.575,3.858
9801,26.742,24.035,3.837
9802,26.105,23.282,2.626
9803,25.727,23.089,3.101
9804,25.261,22.439,2.870
9805,26.383,23.543,3.498
9806,25.989,22.884,2.666
9807,27.013,23.862,2.997
9808,26.589,23.685,3.847
9809,26.554,23.383,3.060
9810,26.361,23.915,2.946
9811,27.178,24.748,3.794
9812,26.336,23.261,3.355
9813,25.811,22.539,2.796
9814,26.231,22.653,2.951
9815,25.907,23.638,2.853
9816,26.814,22.641,2.712
9817,26.176,23.781,2.849
9818,26.448,23.267,2.726
9819,26.859,22.828,2.966
9820,27.186,24.299,2.618
9821,25.774,22.546,3.308
9822,26.527,22.900,2.867
9823,26.074,22.215,3.164
9824,25.050,22.576,2.961
9825,26.181,22.819,3.221
9826,26.012,23.258,3.364
9827,26.836,22.842,2.901
9828,26.134,22.925,2.946
9829,25.550,22.752,2.852
9830,26.868,24.584,4.018
9831,25.795,22.868,2.907
9832,25.774,23.143,3.158
9833,25.862,24.196,2.966
9834,26.493,23.110,2.657
9835,27.604,24.368,3.459
9836,26.706,24.037,4.450
9837,28.838,23.525,2.813
9838,28.775,24.353,4.159
9839,29.423,24.175,3.527
9840,29.967,25.157,4.456
9841,28.586,22.433,3.089
9842,28.444,23.925,3.902
9843,27.750,23.235,2.916
9844,26.369,22.708,2.983
9845,25.807,22.765,2.967
9846,25.684,22.864,2.835
9847,24.647,23.224,3.400
9848,25.392,22.461,2.666
9849,26.156,22.454,2.926
9850,28.144,23.347,4.018
9851,28.059,24.341,4.079
9852,27.300,23.112,3.208
9853,28.269,22.750,3.053
9854,27.705,24.330,3.057
9855,25.439,22.596,2.983
9856,26.255,23.130,3.016
9857,25.961,23.468,3.377
9858,25.678,22.748,2.663
9859,25.194,23.015,2.736
9860,26.506,23.045,2.712
9861,26.475,23.181,2.756
9862,26.049,23.587,2.721
9863,25.526,23.137,2.864
9864,24.995,23.088,3.353
9865,26.150,22.885,2.849
9866,25.973,23.360,3.202
9867,25.788,23.483,2.605
9868,26.445,24.551,2.918
9869,25.781,23.117,3.226
9870,25.429,23.104,2.813
9871,26.157,22.044,2.845
9872,25.600,23.444,3.174
9873,26.275,22.753,2.761
9874,25.732,21.967,3.139
9875,26.478,22.308,3.101
9876,26.476,22.955,2.832
9877,28.566,23.653,4.154
9878,27.045,22.634,2.746
9879,25.969,22.120,3.004
9880,26.773,23.037,2.733
9881,27.085,22.892,3.013
9882,27.450,23.703,3.395
9883,26.718,23.722,3.828
9884,27.204,25.118,4.126
9885,27.251,25.063,4.261
9886,27.713,25.784,4.373
9887,27.159,24.720,3.929
9888,26.789,23.750,4.598
9889,26.641,22.821,3.866
9890,27.514,23.555,3.965
9891,28.276,24.762,3.795
9892,28.429,25.745,5.043
9893,27.134,24.497,4.114
9894,27.462,24.108,4.146
9895,26.785,23.895,3.878
9896,26.571,23.360,4.338
9897,26.704,23.901,3.561
9898,26.497,23.337,3.630
9899,25.706,21.946,2.931
9900,26.369,22.913,3.024
9901,26.771,23.042,2.739
9902,26.208,23.341,2.795
9903,26.928,23.332,3.082
9904,26.565,23.841,2.769
9905,26.080,24.169,3.988
9906,26.322,23.530,3.721
9907,26.971,23.448,4.191
9908,26.682,22.941,2.733
9909,26.594,23.792,4.232
9910,26.547,24.003,4.080
9911,26.305,24.426,4.663
9912,27.049,22.923,3.477
9913,27.676,24.477,3.919
9914,27.003,23.971,3.623
9915,26.237,22.957,3.137
9916,27.000,24.200,3.826
9917,27.222,23.992,3.832
9918,26.877,23.970,3.790
9919,27.854,24.257,3.255
9920,27.256,23.188,3.843
9921,27.370,25.310,4.503
9922,27.471,23.992,3.782
9923,28.082,24.678,3.888
9924,27.018,23.844,3.530
9925,27.231,23.586,3.886
9926,26.873,23.441,3.683
9927,27.755,24.157,3.872
9928,26.798,22.713,2.736
9929,27.601,23.422,3.665
9930,27.421,24.149,4.244
9931,29.163,24.998,4.022
9932,27.754,23.507,3.644
9933,26.732,23.745,2.828
9934,27.276,23.800,4.451
9935,28.112,24.253,4.215
9936,27.044,22.764,2.933
9937,27.373,23.456,3.806
9938,27.301,22.823,2.964
9939,27.803,23.789,4.838
9940,28.477,24.217,4.243
9941,27.881,24.211,3.996
9942,27.053,23.384,4.619
9943,26.789,23.616,4.220
9944,26.836,23.371,4.064
9945,26.380,23.478,4.158
9946,25.309,22.430,3.927
9947,27.033,22.218,3.564
9948,26.551,22.709,3.628
9949,26.582,22.524,4.048
9950,27.094,23.534,3.430
9951,27.115,23.301,4.298
9952,25.770,22.734,3.709
9953,26.195,22.644,4.062
9954,26.501,22.722,4.242
9955,26.850,22.009,3.328
9956,26.983,22.587,2.855
9957,26.972,23.355,3.653
9958,26.654,21.448,2.904
9959,27.570,22.852,3.053
9960,26.029,22.546,2.901
9961,27.167,24.095,3.299
9962,27.000,22.946,2.877
9963,26.562,23.341,2.873
9964,26.605,23.452,2.797
9965,27.469,23.261,2.912
9966,27.229,24.023,3.075
9967,26.850,23.067,3.169
9968,26.180,22.996,2.985
9969,25.618,21.946,3.517
9970,26.329,23.260,2.909
9971,26.923,22.772,2.595
9972,26.079,22.634,2.968
9973,27.252,23.573,2.683
9974,27.132,23.124,2.896
9975,27.059,23.475,3.238
9976,26.392,23.363,2.717
9977,26.897,23.212,2.962
9978,27.506,24.276,3.605
9979,26.922,22.208,3.301
9980,28.075,24.374,3.006
9981,27.806,23.639,3.205
9982,26.690,22.154,2.784
9983,27.086,23.929,2.866
9984,26.431,22.580,2.941
9985,27.738,23.504,2.914
9986,25.931,21.972,3.470
9987,26.081,22.175,3.103
9988,26.822,22.026,2.964
9989,27.677,22.996,2.836
9990,27.534,23.008,2.919
9991,28.249,22.418,3.033
9992,29.092,22.859,3.219
9993,29.163,23.316,2.887
9994,27.758,23.102,2.968
9995,29.517,24.274,2.898
9996,28.389,22.764,2.762
9997,28.408,22.169,2.691
9998,28.982,23.793,3.517
9999,28.265,23.051,3.586
