frame,global_rmsd,core_rmsd
0,0.000,0.000
1,1.289,0.886
2,1.610,1.030
3,1.626,1.064
4,1.829,1.170
5,2.091,1.290
6,2.313,1.286
7,2.478,1.335
8,2.526,1.388
9,2.518,1.457
10,2.333,1.350
11,2.434,1.373
12,2.473,1.392
13,2.645,1.485
14,2.667,1.498
15,2.687,1.556
16,2.799,1.527
17,2.882,1.493
18,2.985,1.549
19,3.115,1.747
20,3.200,1.764
21,3.253,1.791
22,3.065,1.740
23,2.998,1.722
24,3.288,1.772
25,3.381,1.909
26,3.183,1.815
27,3.138,1.760
28,3.322,1.855
29,3.403,1.845
30,3.381,1.710
31,3.668,1.831
32,3.707,1.839
33,3.867,1.821
34,3.711,1.843
35,3.724,1.881
36,3.731,1.829
37,3.812,1.910
38,3.764,1.822
39,3.730,1.811
40,3.666,1.807
41,3.878,1.894
42,3.788,1.892
43,3.888,1.883
44,4.036,1.948
45,3.942,1.959
46,3.974,1.960
47,3.851,1.959
48,3.915,1.914
49,3.823,1.909
50,3.890,1.917
51,3.792,1.869
52,3.810,1.860
53,3.839,1.894
54,3.891,1.882
55,3.866,1.840
56,3.856,1.945
57,3.992,2.037
58,4.197,2.011
59,4.343,2.125
60,4.311,2.155
61,4.182,2.005
62,4.190,1.954
63,4.135,2.097
64,4.054,2.127
65,3.980,1.975
66,3.913,2.036
67,3.785,1.884
68,3.937,1.910
69,3.903,1.856
70,3.969,1.919
71,3.831,1.928
72,3.845,1.859
73,3.813,1.996
74,3.790,1.957
75,3.674,1.902
76,3.703,1.856
77,3.672,1.916
78,3.758,1.953
79,3.823,2.021
80,3.771,1.972
81,3.800,2.058
82,3.899,2.028
83,4.010,2.039
84,3.971,2.032
85,4.065,1.935
86,4.064,2.078
87,4.048,2.088
88,4.131,2.065
89,4.249,2.020
90,4.093,2.033
91,4.082,2.031
92,4.240,2.036
93,4.322,1.992
94,4.219,2.103
95,4.425,2.034
96,4.409,1.978
97,4.345,2.114
98,4.644,2.206
99,4.746,2.291
100,4.614,2.331
101,4.541,2.392
102,4.685,2.313
103,4.702,2.319
104,4.727,2.250
105,4.732,2.260
106,4.983,2.333
107,5.104,2.389
108,5.188,2.446
109,5.147,2.431
110,4.904,2.371
111,4.916,2.367
112,4.966,2.275
113,5.084,2.355
114,5.196,2.312
115,5.025,2.301
116,4.889,2.237
117,5.114,2.237
118,5.146,2.173
119,5.400,2.155
120,5.409,2.256
121,5.388,2.292
122,5.471,2.181
123,5.657,2.234
124,5.584,2.236
125,5.631,2.293
126,5.605,2.263
127,5.733,2.273
128,5.539,2.186
129,5.889,2.344
130,5.987,2.408
131,6.247,2.501
132,6.318,2.461
133,6.117,2.394
134,6.253,2.507
135,6.162,2.465
136,6.474,2.493
137,6.360,2.504
138,6.405,2.405
139,6.376,2.522
140,6.253,2.435
141,6.357,2.432
142,6.427,2.452
143,6.467,2.400
144,6.630,2.547
145,6.699,2.545
146,6.756,2.425
147,6.739,2.349
148,6.586,2.449
149,6.564,2.442
150,6.409,2.469
151,6.399,2.422
152,6.418,2.360
153,6.610,2.404
154,6.605,2.399
155,6.621,2.383
156,6.614,2.434
157,6.489,2.391
158,6.533,2.511
159,6.470,2.499
160,6.436,2.537
161,6.703,2.473
162,6.673,2.485
163,6.782,2.551
164,6.765,2.436
165,6.737,2.442
166,6.578,2.429
167,6.495,2.508
168,6.455,2.482
169,6.302,2.423
170,6.522,2.402
171,6.475,2.374
172,6.479,2.498
173,6.616,2.524
174,6.477,2.603
175,6.573,2.512
176,6.321,2.444
177,6.218,2.442
178,6.268,2.474
179,6.262,2.549
180,6.264,2.462
181,6.292,2.519
182,6.320,2.325
183,6.309,2.495
184,6.298,2.539
185,6.273,2.454
186,6.286,2.449
187,6.396,2.508
188,6.351,2.488
189,6.264,2.546
190,6.422,2.609
191,6.311,2.630
192,6.474,2.515
193,6.453,2.447
194,6.294,2.496
195,6.336,2.542
196,6.670,2.574
197,6.471,2.581
198,6.427,2.539
199,6.339,2.604
200,6.550,2.795
201,6.700,2.724
202,6.531,2.616
203,6.670,2.555
204,6.586,2.673
205,6.692,2.672
206,6.562,2.700
207,6.491,2.713
208,6.609,2.674
209,6.626,2.644
210,6.570,2.626
211,6.543,2.616
212,6.434,2.710
213,6.465,2.699
214,6.399,2.693
215,6.483,2.768
216,6.428,2.737
217,6.394,2.851
218,6.351,2.838
219,6.580,2.805
220,6.559,2.801
221,6.541,2.706
222,6.688,2.747
223,6.630,2.596
224,6.560,2.798
225,6.679,2.709
226,6.757,2.785
227,6.843,2.864
228,6.718,2.881
229,6.909,2.875
230,6.736,2.887
231,6.729,2.876
232,6.839,2.977
233,6.738,2.781
234,6.775,2.906
235,6.839,3.130
236,6.933,2.921
237,6.851,2.827
238,6.687,2.828
239,6.683,2.945
240,6.650,2.909
241,6.824,3.023
242,6.980,2.874
243,6.891,2.758
244,7.004,2.901
245,6.895,2.903
246,6.857,2.832
247,6.753,2.933
248,6.759,2.927
249,6.585,2.910
250,6.726,2.837
251,6.766,3.028
252,6.733,3.013
253,6.768,3.145
254,6.616,3.163
255,6.819,3.129
256,6.901,3.124
257,6.824,3.247
258,6.847,3.335
259,6.738,3.071
260,6.784,3.042
261,6.892,3.166
262,6.909,3.085
263,6.990,3.134
264,7.132,2.988
265,6.947,2.952
266,7.079,2.851
267,6.928,2.879
268,6.980,2.870
269,7.135,2.810
270,6.984,2.762
271,7.155,2.648
272,7.090,2.738
273,7.167,2.720
274,7.014,2.704
275,7.256,2.745
276,7.147,2.905
277,7.221,2.931
278,7.391,3.080
279,7.149,2.895
280,7.327,2.956
281,7.201,2.949
282,7.047,2.891
283,7.131,2.882
284,7.044,2.847
285,6.994,2.803
286,6.881,2.838
287,6.932,2.838
288,6.866,2.664
289,6.791,2.685
290,6.756,2.751
291,6.689,2.727
292,6.752,2.837
293,6.801,2.950
294,6.573,2.900
295,6.611,2.926
296,6.696,2.887
297,6.717,2.869
298,6.597,2.878
299,6.507,2.917
300,6.384,2.932
301,6.503,2.816
302,6.224,2.750
303,6.206,2.733
304,6.225,2.694
305,6.252,2.854
306,6.378,3.009
307,6.398,2.848
308,6.501,2.853
309,6.265,2.903
310,6.457,2.909
311,6.617,2.922
312,6.588,2.891
313,6.733,2.883
314,6.640,2.910
315,6.556,2.860
316,6.647,2.867
317,6.654,2.897
318,6.557,2.856
319,6.737,2.874
320,6.766,2.747
321,6.834,2.820
322,6.833,2.799
323,6.821,2.835
324,6.793,2.789
325,6.802,2.874
326,6.891,2.843
327,7.078,2.909
328,6.994,2.903
329,6.891,2.947
330,6.756,2.985
331,6.711,2.929
332,6.635,2.951
333,6.651,3.016
334,6.760,2.980
335,6.682,2.958
336,6.874,2.945
337,6.722,3.015
338,6.906,2.854
339,6.856,2.867
340,6.971,2.774
341,6.982,2.771
342,7.068,2.712
343,7.301,2.776
344,7.424,2.804
345,7.343,2.742
346,7.312,2.673
347,7.291,2.665
348,7.086,2.571
349,7.339,2.613
350,7.186,2.670
351,7.150,2.681
352,7.333,2.719
353,7.170,2.667
354,7.095,2.677
355,7.152,2.689
356,7.146,2.723
357,7.033,2.775
358,7.015,2.669
359,7.032,2.650
360,6.899,2.639
361,6.910,2.737
362,6.804,2.704
363,6.796,2.687
364,6.923,2.573
365,6.844,2.751
366,6.704,2.771
367,6.700,2.807
368,6.575,2.761
369,6.521,2.834
370,6.671,2.879
371,6.789,2.801
372,6.887,2.881
373,6.940,2.906
374,6.810,2.693
375,7.043,2.875
376,6.938,3.111
377,6.831,3.046
378,6.770,2.842
379,6.721,2.721
380,6.681,2.855
381,6.693,2.778
382,6.775,2.893
383,6.851,2.821
384,6.763,2.928
385,6.653,2.867
386,6.698,2.860
387,6.710,2.877
388,6.508,2.747
389,6.592,2.794
390,6.486,2.783
391,6.669,2.775
392,6.668,2.826
393,6.682,2.676
394,6.607,2.676
395,6.744,2.891
396,6.654,2.996
397,6.745,2.821
398,6.798,2.913
399,6.695,2.882
400,6.621,2.754
401,6.723,2.762
402,6.731,2.817
403,6.595,2.828
404,6.697,2.751
405,6.786,2.809
406,6.670,2.760
407,6.675,2.710
408,6.662,2.758
409,6.842,2.745
410,6.735,2.750
411,6.815,2.654
412,6.996,2.593
413,6.751,2.739
414,6.906,2.786
415,6.830,2.819
416,6.863,2.548
417,6.850,2.508
418,6.976,2.664
419,6.849,2.625
420,7.076,2.620
421,6.968,2.562
422,7.037,2.595
423,6.794,2.602
424,6.794,2.662
425,6.795,2.653
426,6.703,2.584
427,6.719,2.662
428,6.793,2.684
429,6.801,2.737
430,6.911,2.718
431,6.970,2.727
432,6.810,2.741
433,6.808,2.771
434,6.734,2.813
435,6.850,2.770
436,6.611,2.694
437,6.636,2.780
438,6.784,2.909
439,6.770,2.784
440,6.934,2.805
441,6.909,2.765
442,6.817,2.793
443,6.623,2.632
444,6.627,2.655
445,6.867,2.734
446,7.030,2.714
447,7.202,2.580
448,7.354,2.529
449,7.258,2.590
450,7.178,2.521
451,7.121,2.745
452,6.899,2.656
453,6.805,2.678
454,6.782,2.723
455,6.777,2.596
456,6.661,2.597
457,6.602,2.643
458,6.897,2.612
459,6.746,2.592
460,6.686,2.636
461,6.688,2.576
462,6.867,2.539
463,6.661,2.421
464,6.684,2.470
465,6.799,2.561
466,6.657,2.512
467,6.720,2.496
468,7.023,2.559
469,7.158,2.579
470,6.990,2.529
471,7.067,2.499
472,7.025,2.593
473,6.831,2.499
474,6.879,2.479
475,6.980,2.591
476,6.807,2.570
477,6.941,2.488
478,7.096,2.527
479,7.047,2.505
480,7.228,2.635
481,7.267,2.571
482,7.225,2.596
483,7.358,2.564
484,7.143,2.595
485,7.076,2.587
486,7.093,2.505
487,7.107,2.625
488,7.213,2.585
489,7.181,2.641
490,7.058,2.630
491,6.915,2.653
492,7.054,2.726
493,7.089,2.739
494,7.056,2.756
495,7.223,2.785
496,7.335,2.743
497,7.387,2.815
498,7.168,2.700
499,7.274,2.767
500,7.079,2.778
501,7.303,2.671
502,7.195,2.801
503,6.988,2.841
504,6.891,2.801
505,6.992,2.803
506,7.059,2.927
507,7.030,2.966
508,6.927,2.804
509,7.043,2.875
510,7.170,2.913
511,7.036,2.862
512,7.056,2.926
513,7.145,2.930
514,7.319,2.968
515,7.156,2.844
516,7.147,2.810
517,7.150,2.851
518,7.197,2.766
519,7.356,2.848
520,7.341,2.737
521,7.212,2.768
522,7.224,2.756
523,7.137,2.695
524,7.215,2.641
525,7.115,2.662
526,7.206,2.662
527,7.186,2.765
528,7.248,2.742
529,7.322,2.809
530,7.138,2.759
531,7.219,2.788
532,7.197,2.831
533,7.064,2.755
534,6.854,2.703
535,6.762,2.722
536,6.879,2.793
537,6.750,2.702
538,6.686,2.716
539,6.734,2.890
540,6.674,2.700
541,6.681,2.855
542,6.826,2.848
543,6.979,2.792
544,7.091,2.734
545,7.109,2.593
546,6.963,2.656
547,6.932,2.624
548,6.996,2.682
549,6.999,2.688
550,6.951,2.688
551,6.970,2.717
552,7.105,2.735
553,7.224,2.811
554,7.286,2.855
555,7.217,2.786
556,7.190,2.798
557,7.181,2.761
558,7.137,2.668
559,7.291,2.767
560,7.110,2.770
561,7.306,2.839
562,7.084,2.930
563,7.228,2.780
564,7.338,2.804
565,7.254,2.766
566,7.163,2.690
567,7.243,2.624
568,7.413,2.648
569,7.325,2.605
570,7.278,2.592
571,7.241,2.670
572,7.391,2.782
573,7.164,2.662
574,7.274,2.688
575,7.378,2.801
576,7.404,2.704
577,7.425,2.618
578,7.440,2.692
579,7.580,2.635
580,7.342,2.569
581,7.469,2.633
582,7.139,2.656
583,7.298,2.607
584,7.229,2.550
585,7.270,2.602
586,7.340,2.635
587,7.382,2.641
588,7.386,2.666
589,7.540,2.631
590,7.573,2.680
591,7.352,2.706
592,7.549,2.668
593,7.553,2.743
594,7.642,2.591
595,7.610,2.715
596,7.390,2.599
597,7.346,2.649
598,7.388,2.616
599,7.530,2.697
600,7.620,2.667
601,7.725,2.706
602,7.613,2.597
603,7.541,2.585
604,7.663,2.515
605,7.761,2.582
606,7.828,2.612
607,7.756,2.661
608,7.702,2.639
609,7.719,2.778
610,7.558,2.694
611,7.414,2.642
612,7.442,2.679
613,7.525,2.694
614,7.299,2.648
615,7.227,2.525
616,7.284,2.585
617,7.262,2.581
618,7.491,2.771
619,7.433,2.715
620,7.161,2.708
621,6.922,2.619
622,7.197,2.680
623,7.284,2.725
624,7.204,2.697
625,7.277,2.788
626,7.101,2.842
627,7.111,2.911
628,7.247,2.890
629,7.240,2.758
630,7.198,2.797
631,7.303,2.975
632,7.226,2.872
633,7.254,2.808
634,7.365,2.931
635,7.352,2.942
636,7.460,2.996
637,7.320,2.963
638,7.371,2.882
639,7.530,2.923
640,7.484,2.796
641,7.417,2.843
642,7.240,2.843
643,7.153,2.784
644,7.116,2.920
645,7.182,2.855
646,7.101,2.783
647,7.107,2.829
648,7.304,2.817
649,7.296,2.848
650,7.407,2.899
651,7.415,2.944
652,7.337,2.920
653,7.337,2.833
654,7.394,2.901
655,7.448,2.839
656,7.512,2.935
657,7.380,2.794
658,7.421,2.835
659,7.333,2.957
660,7.431,2.929
661,7.427,3.017
662,7.390,2.921
663,7.333,2.888
664,7.300,2.902
665,7.322,2.939
666,7.468,2.934
667,7.440,2.803
668,7.394,2.840
669,7.348,2.827
670,7.383,2.835
671,7.620,2.749
672,7.565,2.740
673,7.411,2.763
674,7.534,2.778
675,7.573,2.896
676,7.476,2.790
677,7.423,2.823
678,7.493,2.807
679,7.464,2.802
680,7.538,2.854
681,7.674,3.069
682,7.529,2.995
683,7.593,2.882
684,7.609,2.804
685,7.623,2.755
686,7.570,2.877
687,7.633,2.788
688,7.722,2.748
689,7.605,2.713
690,7.622,2.868
691,7.743,2.794
692,7.859,2.889
693,7.719,2.857
694,7.710,2.899
695,7.575,2.786
696,7.618,2.826
697,7.579,2.832
698,7.419,2.841
699,7.682,2.811
700,7.954,2.848
701,8.087,2.872
702,8.044,2.871
703,7.993,2.783
704,7.993,2.757
705,8.018,2.877
706,7.655,2.721
707,7.784,2.675
708,7.854,2.698
709,7.864,2.740
710,7.783,2.797
711,7.683,2.874
712,7.651,2.815
713,7.671,2.823
714,7.672,2.832
715,7.738,2.840
716,7.667,2.949
717,7.677,2.914
718,7.712,2.779
719,7.707,2.724
720,7.762,2.641
721,7.757,2.615
722,7.729,2.737
723,7.676,2.802
724,7.729,2.741
725,7.651,2.622
726,7.775,2.574
727,7.875,2.644
728,8.015,2.613
729,7.943,2.562
730,7.736,2.576
731,7.769,2.474
732,7.600,2.430
733,7.627,2.433
734,7.605,2.618
735,7.480,2.620
736,7.389,2.621
737,7.426,2.680
738,7.422,2.663
739,7.463,2.668
740,7.528,2.622
741,7.466,2.692
742,7.458,2.792
743,7.401,2.770
744,7.393,2.741
745,7.491,2.774
746,7.567,2.755
747,7.694,2.765
748,8.001,2.734
749,7.890,2.667
750,8.049,2.686
751,7.902,2.658
752,7.801,2.643
753,7.892,2.626
754,7.858,2.758
755,7.878,2.771
756,7.918,2.731
757,7.919,2.775
758,7.900,2.694
759,7.911,2.567
760,7.856,2.624
761,7.847,2.715
762,7.859,2.591
763,7.813,2.579
764,7.726,2.567
765,7.634,2.559
766,7.820,2.595
767,7.806,2.595
768,7.611,2.648
769,7.586,2.746
770,7.450,2.692
771,7.433,2.743
772,7.289,2.743
773,7.227,2.839
774,7.325,2.792
775,7.541,2.752
776,7.484,2.853
777,7.424,2.806
778,7.650,2.742
779,7.606,2.758
780,7.590,2.739
781,7.536,2.681
782,7.488,2.810
783,7.410,2.688
784,7.449,2.827
785,7.367,2.780
786,7.336,2.742
787,7.563,2.755
788,7.715,2.770
789,7.613,2.721
790,7.674,2.617
791,7.652,2.616
792,7.731,2.628
793,7.594,2.699
794,7.764,2.661
795,7.722,2.615
796,7.566,2.560
797,7.644,2.650
798,7.580,2.640
799,7.378,2.633
800,7.473,2.517
801,7.472,2.672
802,7.392,2.572
803,7.383,2.690
804,7.359,2.661
805,7.440,2.636
806,7.455,2.609
807,7.510,2.642
808,7.630,2.706
809,7.579,2.704
810,7.722,2.698
811,7.772,2.816
812,7.710,2.845
813,7.547,2.777
814,7.513,2.614
815,7.338,2.570
816,7.297,2.761
817,7.238,2.780
818,7.296,2.751
819,7.452,2.879
820,7.392,2.869
821,7.516,2.968
822,7.440,2.889
823,7.592,3.010
824,7.446,2.992
825,7.381,3.009
826,7.389,3.024
827,7.292,2.904
828,7.260,3.035
829,7.179,2.901
830,7.126,2.778
831,7.218,2.841
832,7.273,2.773
833,7.225,2.906
834,7.288,2.855
835,7.366,2.887
836,7.221,2.850
837,7.266,2.918
838,7.209,2.932
839,7.057,2.791
840,7.050,2.825
841,6.998,2.844
842,7.071,2.827
843,7.094,2.796
844,7.098,2.823
845,6.995,2.779
846,7.063,2.784
847,7.120,2.772
848,7.182,2.789
849,7.305,2.805
850,7.291,2.962
851,7.208,2.927
852,7.352,2.860
853,7.361,2.872
854,7.482,2.794
855,7.461,2.763
856,7.514,2.818
857,7.314,2.810
858,7.453,2.868
859,7.470,3.098
860,7.324,3.045
861,7.228,3.057
862,7.116,3.006
863,7.117,2.884
864,7.113,2.864
865,7.246,3.032
866,7.210,3.009
867,7.374,3.000
868,7.173,2.905
869,7.246,3.043
870,7.264,3.088
871,7.249,3.138
872,7.085,2.991
873,7.034,3.070
874,7.138,3.020
875,7.062,2.954
876,7.218,2.840
877,7.164,2.855
878,7.231,2.766
879,7.311,2.812
880,7.256,2.871
881,7.213,2.950
882,7.316,2.760
883,7.320,2.959
884,7.330,2.962
885,7.373,2.969
886,7.781,2.978
887,7.625,2.979
888,7.829,2.956
889,7.797,2.933
890,7.510,3.014
891,7.347,2.937
892,7.367,2.901
893,7.439,2.936
894,7.556,2.985
895,7.472,2.893
896,7.487,2.809
897,7.496,2.814
898,7.477,2.706
899,7.491,2.779
900,7.738,2.833
901,7.609,2.780
902,7.629,2.720
903,7.629,2.783
904,7.573,2.887
905,7.552,2.861
906,7.503,2.954
907,7.381,2.811
908,7.494,2.899
909,7.515,2.843
910,7.504,2.799
911,7.540,2.793
912,7.361,2.823
913,7.257,2.723
914,7.159,2.621
915,7.257,2.636
916,7.286,2.731
917,7.471,2.721
918,7.534,2.711
919,7.363,2.782
920,7.345,2.798
921,7.338,2.691
922,7.318,2.632
923,7.394,2.666
924,7.448,2.637
925,7.605,2.652
926,7.350,2.557
927,7.232,2.703
928,7.272,2.708
929,7.200,2.739
930,7.366,2.696
931,7.545,2.856
932,7.528,2.755
933,7.653,2.710
934,7.498,2.578
935,7.489,2.761
936,7.538,2.674
937,7.533,2.665
938,7.566,2.706
939,7.501,2.696
940,7.761,2.726
941,7.575,2.589
942,7.291,2.729
943,7.253,2.687
944,7.444,2.772
945,7.368,2.747
946,7.378,2.687
947,7.438,2.607
948,7.320,2.723
949,7.329,2.612
950,7.352,2.717
951,7.318,2.767
952,7.381,2.683
953,7.480,2.853
954,7.360,2.733
955,7.513,2.737
956,7.626,2.767
957,7.213,2.823
958,7.441,2.838
959,7.532,2.801
960,7.622,2.821
961,7.759,2.826
962,7.653,2.829
963,7.597,2.797
964,7.705,2.880
965,7.632,2.892
966,7.364,2.986
967,7.518,2.919
968,7.469,2.867
969,7.522,2.918
970,7.608,2.953
971,7.533,3.008
972,7.456,2.985
973,7.413,3.072
974,7.443,3.062
975,7.491,3.026
976,7.477,3.000
977,7.398,3.055
978,7.300,2.995
979,7.439,2.978
980,7.332,3.043
981,7.112,2.908
982,7.079,2.990
983,7.138,2.985
984,7.282,2.992
985,7.431,2.937
986,7.486,2.970
987,7.494,2.901
988,7.676,2.862
989,7.709,2.925
990,7.465,2.891
991,7.476,2.867
992,7.472,2.747
993,7.483,2.890
994,7.367,2.847
995,7.446,2.861
996,7.400,2.811
997,7.605,2.895
998,7.555,2.952
999,7.691,2.996
1000,7.641,2.898
1001,7.605,3.034
1002,7.627,2.931
1003,7.466,2.926
1004,7.414,2.773
1005,7.456,2.734
1006,7.445,2.715
1007,7.617,2.785
1008,7.618,2.664
1009,7.756,2.897
1010,7.919,3.078
1011,8.002,3.075
1012,7.955,3.025
1013,7.801,3.090
1014,7.899,3.093
1015,7.673,3.016
1016,7.602,2.966
1017,7.687,2.877
1018,7.560,2.815
1019,7.765,2.933
1020,7.547,2.879
1021,7.740,2.959
1022,7.686,2.852
1023,7.806,2.801
1024,7.825,2.857
1025,7.908,2.906
1026,8.019,3.008
1027,7.980,2.835
1028,7.994,2.850
1029,7.900,2.844
1030,8.069,2.817
1031,7.869,2.851
1032,7.690,2.712
1033,7.740,2.777
1034,7.799,2.893
1035,7.836,2.889
1036,7.822,2.745
1037,7.686,2.784
1038,7.916,2.827
1039,8.001,2.887
1040,7.918,2.803
1041,7.867,2.907
1042,7.909,2.937
1043,7.829,2.848
1044,7.667,2.904
1045,7.625,2.930
1046,7.512,2.770
1047,7.567,2.880
1048,7.457,2.773
1049,7.532,2.834
1050,7.644,2.874
1051,7.498,2.834
1052,7.439,2.867
1053,7.581,2.920
1054,7.809,3.019
1055,7.566,2.881
1056,7.774,2.993
1057,7.725,2.958
1058,7.757,2.941
1059,7.785,3.041
1060,7.767,2.886
1061,7.911,2.985
1062,7.877,3.022
1063,7.870,3.033
1064,7.811,3.014
1065,8.089,3.008
1066,8.197,3.041
1067,8.332,2.971
1068,7.993,2.999
1069,7.951,3.019
1070,7.725,3.011
1071,7.838,3.040
1072,7.520,3.010
1073,7.534,2.975
1074,7.701,3.037
1075,7.779,3.105
1076,7.857,3.079
1077,7.842,3.100
1078,7.836,3.132
1079,7.751,3.157
1080,7.767,3.133
1081,7.778,3.176
1082,7.867,3.185
1083,7.914,3.219
1084,7.764,3.128
1085,7.810,3.028
1086,7.956,3.118
1087,7.777,3.035
1088,7.768,3.046
1089,7.690,2.966
1090,7.934,2.823
1091,8.025,3.037
1092,8.069,2.941
1093,8.119,2.770
1094,8.352,3.027
1095,8.255,2.933
1096,8.244,3.099
1097,8.216,3.010
1098,8.212,3.020
1099,8.246,2.868
1100,8.238,2.939
1101,8.148,3.047
1102,8.304,3.162
1103,8.035,2.928
1104,7.861,2.749
1105,7.935,2.814
1106,7.990,3.002
1107,8.099,2.978
1108,8.070,2.862
1109,8.261,2.907
1110,8.217,3.145
1111,7.797,2.830
1112,7.757,2.975
1113,7.867,2.956
1114,7.810,2.956
1115,7.854,2.898
1116,8.072,3.009
1117,7.940,2.953
1118,8.002,2.995
1119,8.009,3.035
1120,7.808,2.916
1121,7.899,2.987
1122,8.033,2.959
1123,8.033,2.855
1124,8.187,2.872
1125,8.140,2.792
1126,8.116,2.823
1127,8.110,2.899
1128,8.148,2.860
1129,8.056,2.878
1130,8.084,2.819
1131,8.112,2.790
1132,8.083,2.831
1133,8.098,2.830
1134,8.130,2.692
1135,8.366,2.814
1136,8.308,2.735
1137,8.264,2.743
1138,8.263,2.737
1139,8.202,2.645
1140,8.320,2.637
1141,8.338,2.749
1142,8.088,2.771
1143,8.060,2.748
1144,8.272,2.739
1145,8.208,2.589
1146,8.130,2.563
1147,8.183,2.740
1148,8.105,2.716
1149,8.138,2.680
1150,8.217,2.622
1151,8.189,2.654
1152,8.177,2.627
1153,8.310,2.764
1154,8.054,2.730
1155,8.085,2.746
1156,8.193,2.696
1157,8.232,2.773
1158,7.991,2.626
1159,8.122,2.651
1160,8.167,2.773
1161,8.031,2.691
1162,8.043,2.697
1163,8.087,2.753
1164,8.060,2.836
1165,8.054,2.726
1166,8.238,2.882
1167,8.282,2.890
1168,8.238,2.756
1169,8.380,2.720
1170,8.530,2.737
1171,8.496,2.722
1172,8.449,2.707
1173,8.659,2.680
1174,8.540,2.698
1175,8.450,2.747
1176,8.379,2.668
1177,8.322,2.715
1178,8.549,2.813
1179,8.509,2.748
1180,8.600,2.834
1181,8.662,2.789
1182,8.832,2.773
1183,8.770,2.787
1184,8.802,2.710
1185,8.918,2.743
1186,8.926,2.695
1187,8.785,2.728
1188,8.856,2.722
1189,9.246,2.766
1190,9.189,2.737
1191,9.158,2.777
1192,8.999,2.778
1193,9.127,2.836
1194,9.073,2.814
1195,9.214,2.916
1196,9.218,2.822
1197,9.108,2.806
1198,8.965,2.694
1199,8.954,2.630
1200,8.918,2.699
1201,8.896,2.654
1202,8.832,2.612
1203,8.930,2.592
1204,9.043,2.722
1205,8.985,2.593
1206,8.891,2.688
1207,9.148,2.638
1208,8.987,2.654
1209,8.948,2.699
1210,8.827,2.829
1211,8.828,2.742
1212,8.646,2.749
1213,8.630,2.674
1214,8.601,2.601
1215,8.465,2.629
1216,8.261,2.725
1217,8.152,2.751
1218,7.939,2.697
1219,7.917,2.768
1220,7.959,2.885
1221,7.858,2.773
1222,7.735,2.800
1223,7.905,2.866
1224,7.921,2.698
1225,8.003,2.749
1226,7.998,2.760
1227,7.957,2.797
1228,7.920,2.764
1229,7.859,2.745
1230,7.832,2.750
1231,7.754,2.851
1232,7.827,2.889
1233,7.899,2.983
1234,8.041,2.938
1235,8.053,2.919
1236,8.072,2.961
1237,7.751,2.901
1238,7.813,2.709
1239,7.726,2.738
1240,7.771,2.727
1241,7.638,2.753
1242,7.775,2.657
1243,7.617,2.679
1244,7.685,2.659
1245,7.617,2.607
1246,7.697,2.616
1247,7.828,2.533
1248,7.740,2.600
1249,7.634,2.487
1250,7.564,2.494
1251,7.522,2.362
1252,7.591,2.559
1253,7.577,2.602
1254,7.467,2.579
1255,7.457,2.594
1256,7.643,2.631
1257,7.539,2.559
1258,7.531,2.687
1259,7.605,2.629
1260,7.736,2.560
1261,7.928,2.643
1262,7.964,2.618
1263,7.770,2.649
1264,7.610,2.591
1265,7.713,2.584
1266,7.656,2.533
1267,7.739,2.586
1268,7.728,2.587
1269,7.778,2.725
1270,7.719,2.652
1271,7.713,2.666
1272,7.492,2.485
1273,7.517,2.600
1274,7.369,2.529
1275,7.565,2.619
1276,7.678,2.560
1277,7.645,2.576
1278,7.625,2.629
1279,7.774,2.527
1280,7.706,2.534
1281,7.793,2.507
1282,7.935,2.560
1283,7.922,2.553
1284,7.926,2.629
1285,7.722,2.672
1286,7.788,2.561
1287,7.866,2.715
1288,7.921,2.705
1289,7.985,2.762
1290,7.901,2.649
1291,7.712,2.681
1292,7.552,2.676
1293,7.828,2.657
1294,7.869,2.732
1295,7.813,2.794
1296,7.695,2.802
1297,7.580,2.654
1298,7.693,2.712
1299,7.529,2.622
1300,7.543,2.663
1301,7.616,2.520
1302,7.741,2.690
1303,7.411,2.565
1304,7.544,2.664
1305,7.224,2.561
1306,7.304,2.546
1307,7.313,2.617
1308,7.238,2.516
1309,7.359,2.547
1310,7.311,2.553
1311,7.314,2.558
1312,7.405,2.533
1313,7.581,2.605
1314,7.637,2.573
1315,7.808,2.662
1316,7.775,2.745
1317,7.556,2.601
1318,7.582,2.602
1319,7.374,2.753
1320,7.396,2.628
1321,7.424,2.706
1322,7.215,2.631
1323,7.344,2.734
1324,7.234,2.683
1325,7.383,2.521
1326,7.245,2.660
1327,7.242,2.695
1328,7.433,2.763
1329,7.326,2.715
1330,7.477,2.646
1331,7.481,2.641
1332,7.424,2.631
1333,7.514,2.664
1334,7.555,2.709
1335,7.461,2.674
1336,7.428,2.594
1337,7.456,2.657
1338,7.451,2.781
1339,7.550,2.723
1340,7.397,2.752
1341,7.290,2.693
1342,7.208,2.744
1343,7.148,2.735
1344,7.158,2.785
1345,7.108,2.781
1346,7.118,2.740
1347,7.089,2.628
1348,7.221,2.702
1349,7.205,2.788
1350,7.334,2.771
1351,7.404,2.677
1352,7.219,2.731
1353,7.350,2.788
1354,7.364,2.810
1355,7.448,2.931
1356,7.370,2.772
1357,7.288,2.789
1358,7.295,2.765
1359,7.438,2.804
1360,7.357,2.815
1361,7.327,2.738
1362,7.462,2.700
1363,7.429,2.710
1364,7.451,2.662
1365,7.622,2.671
1366,7.539,2.626
1367,7.476,2.674
1368,7.486,2.622
1369,7.375,2.578
1370,7.390,2.589
1371,7.333,2.631
1372,7.397,2.603
1373,7.409,2.628
1374,7.529,2.687
1375,7.584,2.770
1376,7.584,2.756
1377,7.742,2.845
1378,7.715,2.746
1379,7.618,2.823
1380,7.646,2.796
1381,7.793,2.853
1382,7.658,2.942
1383,7.656,3.066
1384,7.633,2.896
1385,7.638,3.142
1386,7.692,3.245
1387,7.526,3.009
1388,7.694,3.057
1389,7.756,3.098
1390,7.652,3.114
1391,7.440,2.958
1392,7.356,2.927
1393,7.334,2.943
1394,7.421,2.945
1395,7.455,2.975
1396,7.549,2.991
1397,7.466,2.919
1398,7.502,2.958
1399,7.619,3.152
1400,7.498,3.083
1401,7.516,3.022
1402,7.509,3.111
1403,7.453,3.121
1404,7.437,3.140
1405,7.468,3.030
1406,7.488,3.120
1407,7.537,3.105
1408,7.571,3.080
1409,7.531,3.120
1410,7.617,2.959
1411,7.524,2.910
1412,7.540,2.956
1413,7.473,2.810
1414,7.457,2.995
1415,7.516,3.007
1416,7.281,2.942
1417,7.315,2.887
1418,7.557,2.880
1419,7.555,2.935
1420,7.407,2.870
1421,7.330,2.808
1422,7.319,2.806
1423,7.465,2.841
1424,7.321,2.823
1425,7.506,2.716
1426,7.437,2.785
1427,7.363,2.762
1428,7.342,2.767
1429,7.438,2.775
1430,7.385,2.915
1431,7.269,2.781
1432,7.395,2.820
1433,7.413,2.916
1434,7.420,2.946
1435,7.261,2.951
1436,7.402,2.986
1437,7.198,2.833
1438,7.150,2.927
1439,7.386,2.971
1440,7.485,2.929
1441,7.527,3.062
1442,7.491,2.996
1443,7.393,2.992
1444,7.294,2.939
1445,7.338,2.831
1446,7.395,2.793
1447,7.316,2.845
1448,7.352,2.872
1449,7.485,2.941
1450,7.368,2.827
1451,7.228,2.709
1452,7.233,2.925
1453,7.168,2.901
1454,7.219,2.784
1455,7.301,2.793
1456,7.315,2.827
1457,7.378,2.884
1458,7.229,2.807
1459,7.281,3.025
1460,7.242,2.926
1461,7.373,3.012
1462,7.326,2.964
1463,7.357,2.866
1464,7.465,2.971
1465,7.480,2.891
1466,7.565,2.868
1467,7.589,2.877
1468,7.609,2.875
1469,7.653,2.930
1470,7.618,2.999
1471,7.624,2.958
1472,7.642,2.888
1473,7.667,3.056
1474,7.614,3.136
1475,7.519,2.940
1476,7.532,3.014
1477,7.491,2.979
1478,7.522,3.046
1479,7.350,2.883
1480,7.534,3.013
1481,7.464,3.005
1482,7.493,3.097
1483,7.574,3.221
1484,7.514,3.053
1485,7.545,3.183
1486,7.423,3.024
1487,7.468,3.106
1488,7.370,3.122
1489,7.469,3.067
1490,7.327,3.100
1491,7.399,3.048
1492,7.372,3.049
1493,7.530,3.071
1494,7.423,3.097
1495,7.363,3.132
1496,7.560,3.224
1497,7.456,3.130
1498,7.452,3.069
1499,7.515,3.241
1500,7.405,3.158
1501,7.379,3.109
1502,7.414,3.165
1503,7.402,3.163
1504,7.454,3.242
1505,7.496,3.287
1506,7.440,3.207
1507,7.433,3.313
1508,7.563,3.220
1509,7.481,3.193
1510,7.412,3.155
1511,7.347,3.088
1512,7.419,3.174
1513,7.447,3.089
1514,7.527,3.086
1515,7.576,3.085
1516,7.367,3.065
1517,7.443,3.147
1518,7.450,3.211
1519,7.367,3.149
1520,7.324,3.158
1521,7.556,3.215
1522,7.416,3.081
1523,7.531,3.186
1524,7.582,3.313
1525,7.516,3.219
1526,7.386,3.254
1527,7.486,3.264
1528,7.521,3.280
1529,7.527,3.169
1530,7.419,3.195
1531,7.671,3.284
1532,7.652,3.253
1533,7.706,3.169
1534,7.740,3.301
1535,7.667,3.175
1536,7.680,3.319
1537,7.703,3.405
1538,7.429,3.255
1539,7.329,3.217
1540,7.370,3.159
1541,7.292,3.081
1542,7.199,3.114
1543,7.301,3.038
1544,7.435,3.110
1545,7.380,3.048
1546,7.579,3.146
1547,7.513,3.097
1548,7.275,2.905
1549,7.367,2.963
1550,7.348,2.907
1551,7.548,2.933
1552,7.645,2.994
1553,7.618,2.973
1554,7.540,3.034
1555,7.447,3.016
1556,7.536,3.089
1557,7.484,3.102
1558,7.573,3.096
1559,7.518,3.065
1560,7.532,3.114
1561,7.590,3.053
1562,7.781,3.201
1563,7.579,3.114
1564,7.594,3.129
1565,7.609,3.141
1566,7.501,3.146
1567,7.673,3.170
1568,7.688,3.163
1569,7.757,3.244
1570,7.694,3.235
1571,7.712,3.167
1572,7.710,3.244
1573,7.674,3.152
1574,7.664,3.190
1575,7.585,3.022
1576,7.588,3.143
1577,7.586,3.141
1578,7.627,3.037
1579,7.721,3.093
1580,7.610,2.999
1581,7.601,3.061
1582,7.487,3.018
1583,7.321,2.893
1584,7.347,2.851
1585,7.321,2.785
1586,7.341,2.860
1587,7.348,2.845
1588,7.328,2.825
1589,7.331,2.955
1590,7.370,2.871
1591,7.612,2.991
1592,7.529,2.954
1593,7.376,2.806
1594,7.405,2.902
1595,7.337,2.902
1596,7.311,2.920
1597,7.359,2.901
1598,7.362,2.960
1599,7.295,2.883
1600,7.438,3.047
1601,7.380,2.914
1602,7.495,2.957
1603,7.447,3.074
1604,7.429,3.014
1605,7.288,3.014
1606,7.305,3.060
1607,7.297,3.031
1608,7.265,2.995
1609,7.338,2.978
1610,7.261,2.940
1611,7.211,2.770
1612,7.232,2.946
1613,7.168,2.896
1614,7.220,3.037
1615,7.199,2.969
1616,7.169,3.063
1617,7.298,3.014
1618,7.188,2.997
1619,7.162,2.985
1620,7.086,2.969
1621,7.122,3.029
1622,7.309,2.930
1623,7.512,3.015
1624,7.515,3.038
1625,7.605,3.103
1626,7.715,3.023
1627,7.724,3.087
1628,7.685,3.179
1629,7.760,3.221
1630,7.657,3.135
1631,7.618,3.046
1632,7.546,3.160
1633,7.603,3.134
1634,7.479,3.015
1635,7.329,2.995
1636,7.423,2.947
1637,7.391,2.929
1638,7.482,3.066
1639,7.549,3.072
1640,7.515,3.032
1641,7.555,2.994
1642,7.522,2.994
1643,7.486,2.819
1644,7.503,2.933
1645,7.403,2.925
1646,7.459,2.935
1647,7.321,2.861
1648,7.307,2.892
1649,7.561,3.104
1650,7.634,2.979
1651,7.576,2.902
1652,7.675,3.008
1653,7.623,2.909
1654,7.704,2.846
1655,7.602,2.956
1656,7.547,2.934
1657,7.583,2.890
1658,7.516,2.873
1659,7.468,2.850
1660,7.443,2.937
1661,7.620,3.004
1662,7.532,2.911
1663,7.671,2.958
1664,7.671,2.971
1665,7.573,2.860
1666,7.744,2.891
1667,7.655,2.954
1668,7.811,3.017
1669,7.789,3.062
1670,7.828,3.141
1671,7.780,3.080
1672,7.696,3.072
1673,7.721,3.034
1674,7.372,2.979
1675,7.350,2.995
1676,7.313,2.976
1677,7.294,2.999
1678,7.493,2.930
1679,7.375,2.861
1680,7.309,2.869
1681,7.476,2.958
1682,7.569,3.040
1683,7.629,3.043
1684,7.567,3.005
1685,7.590,2.973
1686,7.632,3.032
1687,7.513,2.993
1688,7.535,2.974
1689,7.560,2.880
1690,7.497,2.800
1691,7.605,2.842
1692,7.525,2.909
1693,7.599,2.996
1694,7.574,3.013
1695,7.514,2.992
1696,7.460,2.930
1697,7.560,2.944
1698,7.434,2.886
1699,7.568,2.916
1700,7.472,2.922
1701,7.626,3.045
1702,7.629,3.006
1703,7.677,2.995
1704,7.615,2.824
1705,7.713,2.912
1706,7.709,2.896
1707,7.740,2.996
1708,7.771,3.006
1709,7.702,2.976
1710,7.680,3.024
1711,7.678,3.013
1712,7.515,2.974
1713,7.543,2.969
1714,7.504,3.004
1715,7.407,2.973
1716,7.616,2.988
1717,7.659,2.984
1718,7.578,2.862
1719,7.737,2.957
1720,7.645,3.066
1721,7.720,3.071
1722,7.780,2.896
1723,7.615,2.984
1724,7.575,2.952
1725,7.703,2.918
1726,7.702,2.918
1727,7.661,2.887
1728,7.638,2.825
1729,7.475,2.703
1730,7.502,2.781
1731,7.657,2.772
1732,7.541,2.713
1733,7.531,2.899
1734,7.485,2.923
1735,7.559,2.885
1736,7.587,2.896
1737,7.594,2.819
1738,7.496,2.784
1739,7.523,2.862
1740,7.384,2.884
1741,7.481,2.817
1742,7.222,2.827
1743,7.331,2.844
1744,7.455,2.835
1745,7.452,2.739
1746,7.389,2.702
1747,7.319,2.818
1748,7.412,2.760
1749,7.458,2.775
1750,7.364,2.752
1751,7.288,2.789
1752,7.219,2.740
1753,7.288,2.780
1754,7.280,2.703
1755,7.382,2.791
1756,7.331,2.751
1757,7.222,2.706
1758,7.316,2.713
1759,7.267,2.762
1760,7.301,2.774
1761,7.147,2.693
1762,7.213,2.760
1763,7.143,2.736
1764,7.070,2.714
1765,7.310,2.745
1766,7.459,2.770
1767,7.437,2.696
1768,7.530,2.766
1769,7.600,2.786
1770,7.606,2.867
1771,7.526,2.730
1772,7.448,2.680
1773,7.499,2.745
1774,7.572,2.666
1775,7.657,2.709
1776,7.569,2.790
1777,7.641,2.738
1778,7.656,2.735
1779,7.568,2.718
1780,7.619,2.789
1781,7.331,2.836
1782,7.415,2.766
1783,7.575,2.746
1784,7.562,2.699
1785,7.559,2.670
1786,7.572,2.713
1787,7.443,2.749
1788,7.446,2.862
1789,7.676,2.911
1790,7.651,3.029
1791,7.640,2.718
1792,7.559,2.986
1793,7.618,2.883
1794,7.462,2.834
1795,7.572,2.918
1796,7.560,2.857
1797,7.522,2.688
1798,7.587,2.777
1799,7.555,2.773
1800,7.674,2.799
1801,7.589,2.790
1802,7.562,2.769
1803,7.658,2.709
1804,7.711,2.764
1805,7.388,2.706
1806,7.371,2.646
1807,7.555,2.746
1808,7.460,2.624
1809,7.563,2.745
1810,7.470,2.745
1811,7.701,2.701
1812,7.750,2.610
1813,7.809,2.590
1814,7.675,2.676
1815,7.738,2.739
1816,7.554,2.753
1817,7.692,2.740
1818,7.534,2.823
1819,7.590,2.658
1820,7.471,2.727
1821,7.425,2.780
1822,7.434,2.806
1823,7.611,2.933
1824,7.525,2.922
1825,7.606,2.983
1826,7.429,2.927
1827,7.523,2.985
1828,7.473,3.098
1829,7.442,3.042
1830,7.381,3.038
1831,7.300,2.903
1832,7.214,2.985
1833,7.229,2.901
1834,7.265,2.827
1835,7.188,2.812
1836,7.306,2.936
1837,7.114,2.896
1838,7.157,2.779
1839,7.239,2.766
1840,7.242,2.730
1841,7.252,2.697
1842,7.391,2.741
1843,7.324,2.812
1844,7.593,2.864
1845,7.622,2.858
1846,7.651,2.934
1847,7.585,2.929
1848,7.714,2.827
1849,7.515,2.812
1850,7.609,2.877
1851,7.593,2.840
1852,7.544,2.844
1853,7.642,2.910
1854,7.672,2.938
1855,7.641,2.915
1856,7.790,2.964
1857,7.747,2.951
1858,7.822,2.943
1859,7.848,2.877
1860,7.775,2.874
1861,7.813,2.878
1862,7.681,2.780
1863,7.774,2.781
1864,7.749,2.821
1865,7.757,2.911
1866,7.870,2.919
1867,7.777,3.035
1868,7.887,2.984
1869,7.817,2.927
1870,7.811,2.942
1871,7.935,2.985
1872,7.967,2.998
1873,7.807,2.945
1874,7.699,2.883
1875,7.542,2.905
1876,7.618,2.929
1877,7.603,2.852
1878,7.725,2.807
1879,7.659,2.782
1880,7.663,2.731
1881,7.505,2.669
1882,7.500,2.731
1883,7.461,2.752
1884,7.602,2.852
1885,7.593,2.846
1886,7.463,2.816
1887,7.609,2.939
1888,7.667,2.921
1889,7.614,2.834
1890,7.545,2.916
1891,7.477,2.785
1892,7.334,2.767
1893,7.576,2.768
1894,7.501,2.783
1895,7.480,2.780
1896,7.540,2.830
1897,7.488,2.744
1898,7.600,2.701
1899,7.575,2.746
1900,7.582,2.909
1901,7.604,2.839
1902,7.662,2.851
1903,7.677,2.891
1904,7.842,2.952
1905,7.674,2.803
1906,7.746,2.929
1907,7.698,2.934
1908,7.735,2.975
1909,7.760,2.975
1910,7.644,2.976
1911,7.278,2.871
1912,7.400,2.951
1913,7.473,3.014
1914,7.523,2.978
1915,7.437,2.919
1916,7.400,2.939
1917,7.287,3.025
1918,7.409,3.148
1919,7.451,3.136
1920,7.563,3.053
1921,7.394,2.991
1922,7.422,3.003
1923,7.520,2.915
1924,7.415,2.841
1925,7.356,2.817
1926,7.315,3.024
1927,7.531,2.906
1928,7.494,2.801
1929,7.605,2.903
1930,7.588,2.940
1931,7.501,2.928
1932,7.570,2.926
1933,7.454,2.943
1934,7.496,2.899
1935,7.651,2.829
1936,7.463,2.817
1937,7.477,2.995
1938,7.476,2.826
1939,7.483,2.918
1940,7.350,2.913
1941,7.443,3.015
1942,7.273,2.881
1943,7.272,2.887
1944,7.244,2.900
1945,7.193,2.888
1946,7.167,2.936
1947,7.132,2.876
1948,7.171,2.942
1949,7.199,2.919
1950,7.213,2.946
1951,7.104,2.933
1952,7.010,2.914
1953,7.210,3.039
1954,7.269,2.937
1955,7.107,2.837
1956,7.082,2.830
1957,7.332,2.859
1958,7.432,2.969
1959,7.337,2.938
1960,7.164,2.966
1961,7.301,3.021
1962,7.359,3.059
1963,7.405,2.906
1964,7.470,2.934
1965,7.287,2.875
1966,7.312,2.930
1967,7.274,2.789
1968,7.361,2.907
1969,7.449,2.919
1970,7.526,2.926
1971,7.514,2.827
1972,7.400,2.855
1973,7.519,2.836
1974,7.538,2.791
1975,7.473,2.855
1976,7.476,2.865
1977,7.476,2.842
1978,7.395,2.893
1979,7.332,2.752
1980,7.416,2.834
1981,7.353,2.813
1982,7.273,2.786
1983,7.177,2.740
1984,7.336,2.782
1985,7.312,2.755
1986,7.171,2.700
1987,7.089,2.709
1988,7.277,2.669
1989,7.320,2.836
1990,7.416,2.873
1991,7.332,2.910
1992,7.316,2.813
1993,7.242,2.899
1994,7.139,2.846
1995,7.180,2.776
1996,7.063,2.761
1997,7.193,2.836
1998,7.186,2.752
1999,7.272,2.878
2000,7.344,2.820
2001,7.372,2.802
2002,7.367,2.834
2003,7.350,2.796
2004,7.390,2.795
2005,7.469,2.801
2006,7.416,2.883
2007,7.418,2.769
2008,7.512,2.763
2009,7.555,2.829
2010,7.536,2.860
2011,7.517,2.823
2012,7.417,2.878
2013,7.370,2.817
2014,7.388,2.730
2015,7.338,2.723
2016,7.468,2.802
2017,7.412,2.745
2018,7.475,2.747
2019,7.230,2.720
2020,7.373,2.830
2021,7.312,2.797
2022,7.378,2.807
2023,7.451,2.898
2024,7.354,2.825
2025,7.266,2.876
2026,7.535,2.844
2027,7.392,2.859
2028,7.318,2.780
2029,7.354,2.871
2030,7.346,2.906
2031,7.121,2.850
2032,7.232,2.844
2033,7.188,2.865
2034,7.269,2.759
2035,7.113,2.738
2036,6.986,2.727
2037,7.167,2.746
2038,7.053,2.781
2039,7.091,2.877
2040,6.972,2.844
2041,6.971,2.829
2042,6.953,2.766
2043,7.086,2.745
2044,7.205,2.812
2045,7.214,2.779
2046,7.251,2.868
2047,7.237,2.790
2048,7.321,2.728
2049,7.336,2.729
2050,7.392,2.706
2051,7.311,2.795
2052,7.435,2.722
2053,7.396,2.714
2054,7.277,2.634
2055,7.097,2.621
2056,7.229,2.684
2057,7.421,2.660
2058,7.291,2.576
2059,7.302,2.761
2060,7.406,2.730
2061,7.361,2.666
2062,7.498,2.616
2063,7.569,2.705
2064,7.492,2.762
2065,7.544,2.879
2066,7.433,2.823
2067,7.378,2.867
2068,7.328,2.900
2069,7.386,2.926
2070,7.144,2.886
2071,7.182,2.834
2072,7.096,2.780
2073,7.093,2.757
2074,7.232,2.774
2075,7.243,2.832
2076,7.274,2.770
2077,7.365,2.838
2078,7.218,2.827
2079,7.196,2.795
2080,7.299,2.871
2081,7.229,2.751
2082,7.352,2.804
2083,7.315,2.812
2084,7.417,2.885
2085,7.429,2.772
2086,7.438,2.756
2087,7.394,2.744
2088,7.578,2.779
2089,7.501,2.606
2090,7.539,2.800
2091,7.500,2.853
2092,7.473,2.802
2093,7.349,2.839
2094,7.278,2.752
2095,7.382,2.809
2096,7.279,2.710
2097,7.144,2.579
2098,7.272,2.661
2099,7.264,2.687
2100,7.393,2.611
2101,7.401,2.688
2102,7.431,2.609
2103,7.421,2.596
2104,7.509,2.707
2105,7.315,2.644
2106,7.405,2.679
2107,7.345,2.792
2108,7.317,2.710
2109,7.282,2.721
2110,7.323,2.800
2111,7.312,2.661
2112,7.365,2.693
2113,7.311,2.653
2114,7.418,2.583
2115,7.519,2.733
2116,7.248,2.611
2117,7.207,2.554
2118,7.420,2.682
2119,7.370,2.638
2120,7.384,2.691
2121,7.549,2.737
2122,7.466,2.701
2123,7.374,2.652
2124,7.468,2.754
2125,7.643,2.689
2126,7.614,2.634
2127,7.723,2.692
2128,7.664,2.747
2129,7.660,2.717
2130,7.756,2.646
2131,7.626,2.736
2132,7.566,2.710
2133,7.645,2.811
2134,7.730,2.826
2135,7.657,2.881
2136,7.785,2.804
2137,7.698,2.736
2138,7.498,2.796
2139,7.613,2.785
2140,7.632,2.950
2141,7.597,2.822
2142,7.684,2.806
2143,7.622,2.729
2144,7.612,2.908
2145,7.425,2.839
2146,7.321,2.749
2147,7.575,2.734
2148,7.568,2.725
2149,7.603,2.768
2150,7.724,2.896
2151,7.710,2.923
2152,7.799,3.040
2153,7.710,2.936
2154,7.651,3.164
2155,7.625,3.235
2156,7.667,3.148
2157,7.651,3.127
2158,7.755,3.056
2159,7.715,3.095
2160,7.747,2.956
2161,7.645,3.083
2162,7.568,2.959
2163,7.608,2.978
2164,7.688,2.849
2165,7.795,2.889
2166,7.642,2.813
2167,7.651,2.801
2168,7.642,2.808
2169,7.497,2.811
2170,7.665,2.889
2171,7.672,2.912
2172,7.503,2.800
2173,7.693,2.891
2174,7.519,2.787
2175,7.589,2.718
2176,7.464,2.775
2177,7.520,2.854
2178,7.540,2.808
2179,7.520,2.766
2180,7.724,2.854
2181,7.731,2.804
2182,7.747,2.826
2183,7.630,2.634
2184,7.722,2.753
2185,7.720,2.803
2186,7.634,2.736
2187,7.582,2.754
2188,7.604,2.750
2189,7.688,2.828
2190,7.619,2.661
2191,7.458,2.657
2192,7.573,2.723
2193,7.583,2.663
2194,7.575,2.689
2195,7.666,2.633
2196,7.648,2.619
2197,7.443,2.636
2198,7.485,2.649
2199,7.487,2.752
2200,7.502,2.638
2201,7.392,2.763
2202,7.208,2.672
2203,7.153,2.772
2204,7.130,2.740
2205,7.211,2.667
2206,7.268,2.741
2207,7.296,2.742
2208,7.245,2.719
2209,7.369,2.657
2210,7.337,2.766
2211,7.257,2.764
2212,7.408,2.758
2213,7.418,2.895
2214,7.364,2.833
2215,7.300,2.776
2216,7.239,2.825
2217,7.250,2.864
2218,7.428,2.875
2219,7.256,2.839
2220,7.218,2.843
2221,7.280,2.827
2222,7.151,2.831
2223,7.103,2.709
2224,7.224,2.938
2225,7.095,2.752
2226,7.240,2.751
2227,7.210,2.702
2228,7.529,2.849
2229,7.333,2.800
2230,7.304,2.829
2231,7.217,2.753
2232,7.143,2.718
2233,7.226,2.752
2234,7.270,2.807
2235,7.460,2.835
2236,7.423,2.870
2237,7.489,2.998
2238,7.265,2.807
2239,7.336,2.797
2240,7.423,2.732
2241,7.376,2.736
2242,7.465,2.753
2243,7.494,2.899
2244,7.469,2.812
2245,7.582,2.831
2246,7.369,2.814
2247,7.324,2.922
2248,7.445,2.897
2249,7.328,2.950
2250,7.144,2.886
2251,7.016,2.864
2252,7.125,2.935
2253,7.185,2.868
2254,7.282,2.802
2255,7.495,2.909
2256,7.508,2.796
2257,7.432,2.820
2258,7.298,2.755
2259,7.437,2.775
2260,7.266,2.697
2261,7.454,2.649
2262,7.486,2.789
2263,7.369,2.868
2264,7.278,2.821
2265,7.236,2.663
2266,7.266,2.627
2267,7.145,2.585
2268,7.139,2.700
2269,7.018,2.579
2270,7.013,2.589
2271,7.179,2.712
2272,7.128,2.665
2273,7.263,2.646
2274,7.145,2.599
2275,7.144,2.556
2276,7.118,2.553
2277,7.194,2.776
2278,7.332,2.724
2279,7.348,2.799
2280,7.315,2.709
2281,7.109,2.684
2282,6.962,2.673
2283,7.300,2.679
2284,7.234,2.707
2285,7.264,2.652
2286,7.161,2.697
2287,7.207,2.627
2288,7.069,2.588
2289,7.109,2.707
2290,7.038,2.730
2291,7.242,2.673
2292,7.120,2.641
2293,7.213,2.686
2294,7.409,2.533
2295,7.350,2.609
2296,7.368,2.587
2297,7.385,2.540
2298,7.288,2.511
2299,7.367,2.440
2300,7.296,2.529
2301,7.265,2.597
2302,7.175,2.600
2303,7.141,2.614
2304,7.077,2.535
2305,7.269,2.648
2306,7.163,2.603
2307,7.171,2.622
2308,7.319,2.502
2309,7.507,2.543
2310,7.431,2.470
2311,7.446,2.550
2312,7.308,2.472
2313,7.429,2.575
2314,7.360,2.546
2315,7.471,2.563
2316,7.518,2.582
2317,7.677,2.689
2318,7.415,2.671
2319,7.588,2.767
2320,7.637,2.850
2321,7.738,2.806
2322,7.714,2.786
2323,7.680,2.752
2324,7.674,2.875
2325,7.760,2.831
2326,7.609,2.751
2327,7.444,2.670
2328,7.521,2.732
2329,7.549,2.735
2330,7.408,2.709
2331,7.579,2.787
2332,7.519,2.722
2333,7.558,2.794
2334,7.297,2.816
2335,7.060,2.664
2336,7.131,2.823
2337,7.226,2.803
2338,7.274,2.786
2339,7.326,2.771
2340,7.216,2.825
2341,7.214,2.915
2342,7.270,2.833
2343,7.380,2.905
2344,7.427,2.853
2345,7.382,2.718
2346,7.484,2.735
2347,7.476,2.775
2348,7.528,2.797
2349,7.431,2.804
2350,7.512,2.906
2351,7.516,2.827
2352,7.410,2.782
2353,7.348,2.799
2354,7.162,2.794
2355,7.193,2.838
2356,7.156,2.763
2357,7.278,2.800
2358,7.423,2.918
2359,7.444,2.898
2360,7.322,2.893
2361,7.106,2.773
2362,7.057,2.839
2363,6.893,2.797
2364,7.179,2.948
2365,7.399,2.915
2366,7.364,2.869
2367,7.358,2.905
2368,7.154,2.778
2369,7.273,2.791
2370,7.202,2.786
2371,7.420,2.843
2372,7.332,2.759
2373,7.412,2.811
2374,7.512,2.874
2375,7.372,2.772
2376,7.281,2.845
2377,7.402,2.761
2378,7.543,2.779
2379,7.598,2.785
2380,7.509,2.805
2381,7.518,2.932
2382,7.500,2.823
2383,7.672,2.941
2384,7.614,2.764
2385,7.641,2.817
2386,7.786,2.828
2387,7.798,2.845
2388,7.765,2.790
2389,7.681,2.736
2390,7.786,2.724
2391,7.808,2.667
2392,7.596,2.690
2393,7.522,2.773
2394,7.472,2.714
2395,7.525,2.693
2396,7.605,2.853
2397,7.574,3.007
2398,7.371,2.827
2399,7.585,2.858
2400,7.628,2.786
2401,7.617,2.789
2402,7.614,2.921
2403,7.700,2.925
2404,7.483,2.872
2405,7.583,2.870
2406,7.519,2.917
2407,7.621,2.949
2408,7.797,2.954
2409,7.584,2.795
2410,7.584,2.804
2411,7.557,2.877
2412,7.485,2.875
2413,7.514,2.949
2414,7.551,2.998
2415,7.457,2.985
2416,7.404,2.999
2417,7.548,2.996
2418,7.614,3.040
2419,7.640,3.009
2420,7.580,2.949
2421,7.576,2.958
2422,7.684,2.964
2423,7.553,2.913
2424,7.711,2.947
2425,7.683,2.799
2426,7.627,2.757
2427,7.596,2.648
2428,7.623,2.791
2429,7.457,2.810
2430,7.528,2.775
2431,7.405,2.831
2432,7.325,2.738
2433,7.271,2.725
2434,7.227,2.745
2435,7.317,2.837
2436,7.135,2.768
2437,7.238,2.837
2438,7.158,2.889
2439,7.160,2.785
2440,7.069,2.676
2441,7.085,2.692
2442,7.208,2.674
2443,7.223,2.668
2444,7.168,2.694
2445,7.160,2.658
2446,7.209,2.604
2447,7.235,2.693
2448,7.037,2.510
2449,7.112,2.553
2450,7.233,2.651
2451,7.091,2.577
2452,7.244,2.666
2453,7.335,2.759
2454,7.133,2.628
2455,7.066,2.685
2456,7.115,2.704
2457,7.129,2.667
2458,7.300,2.704
2459,7.327,2.817
2460,7.455,2.848
2461,7.439,2.717
2462,7.602,2.691
2463,7.361,2.610
2464,7.458,2.780
2465,7.532,2.752
2466,7.533,2.776
2467,7.675,2.733
2468,7.691,2.831
2469,7.578,2.720
2470,7.596,2.820
2471,7.580,2.740
2472,7.488,2.735
2473,7.482,2.802
2474,7.314,2.815
2475,7.382,2.769
2476,7.384,2.829
2477,7.473,2.901
2478,7.335,2.816
2479,7.316,2.815
2480,7.377,2.815
2481,7.577,2.930
2482,7.586,2.827
2483,7.547,2.868
2484,7.513,2.743
2485,7.359,2.827
2486,7.268,2.817
2487,7.012,2.777
2488,7.144,2.740
2489,7.169,2.790
2490,7.099,2.647
2491,7.378,2.741
2492,7.207,2.693
2493,7.313,2.628
2494,7.521,2.671
2495,7.510,2.543
2496,7.515,2.593
2497,7.479,2.630
2498,7.337,2.626
2499,7.356,2.768
2500,7.339,2.748
2501,7.318,2.871
2502,7.178,2.762
2503,7.177,2.648
2504,7.360,2.563
2505,7.475,2.616
2506,7.466,2.682
2507,7.541,2.676
2508,7.592,2.674
2509,7.624,2.786
2510,7.493,2.797
2511,7.481,2.791
2512,7.707,2.669
2513,7.613,2.638
2514,7.561,2.724
2515,7.419,2.717
2516,7.546,2.825
2517,7.736,2.858
2518,7.554,2.722
2519,7.502,2.735
2520,7.620,2.761
2521,7.555,2.778
2522,7.735,2.932
2523,7.539,2.784
2524,7.662,2.799
2525,7.797,2.763
2526,7.681,2.728
2527,7.691,2.691
2528,7.842,2.781
2529,7.768,2.736
2530,7.903,2.835
2531,7.864,2.792
2532,7.985,2.822
2533,7.940,2.849
2534,7.959,2.727
2535,7.848,2.822
2536,7.797,2.688
2537,7.758,2.567
2538,7.611,2.595
2539,7.838,2.625
2540,7.814,2.672
2541,7.935,2.651
2542,8.126,2.661
2543,7.959,2.716
2544,7.930,2.665
2545,7.937,2.701
2546,7.755,2.712
2547,7.677,2.644
2548,7.896,2.729
2549,7.756,2.677
2550,7.722,2.773
2551,7.553,2.711
2552,7.500,2.677
2553,7.597,2.769
2554,7.569,2.715
2555,7.547,2.689
2556,7.695,2.641
2557,7.506,2.552
2558,7.432,2.652
2559,7.420,2.642
2560,7.658,2.553
2561,7.500,2.533
2562,7.544,2.643
2563,7.691,2.807
2564,7.545,2.626
2565,7.561,2.658
2566,7.488,2.675
2567,7.498,2.618
2568,7.570,2.654
2569,7.559,2.709
2570,7.525,2.609
2571,7.381,2.720
2572,7.423,2.692
2573,7.534,2.675
2574,7.488,2.731
2575,7.286,2.568
2576,7.120,2.692
2577,7.319,2.648
2578,7.306,2.627
2579,7.305,2.617
2580,7.275,2.532
2581,7.364,2.605
2582,7.365,2.706
2583,7.224,2.604
2584,7.218,2.595
2585,7.365,2.653
2586,7.240,2.623
2587,7.231,2.708
2588,7.127,2.620
2589,7.205,2.645
2590,7.077,2.605
2591,7.063,2.648
2592,7.109,2.697
2593,7.148,2.735
2594,7.385,2.771
2595,7.323,2.670
2596,7.314,2.883
2597,7.402,2.817
2598,7.309,2.753
2599,7.283,2.776
2600,7.289,2.711
2601,7.167,2.836
2602,7.280,2.739
2603,7.260,2.745
2604,7.302,2.778
2605,7.190,2.796
2606,7.113,2.744
2607,7.144,2.835
2608,7.364,2.852
2609,7.346,2.860
2610,7.319,2.836
2611,7.424,2.802
2612,7.261,2.757
2613,7.234,2.723
2614,7.277,2.808
2615,7.176,2.860
2616,7.309,2.799
2617,7.184,2.791
2618,7.193,2.760
2619,7.175,2.745
2620,7.048,2.768
2621,7.144,2.788
2622,7.198,2.728
2623,7.142,2.850
2624,7.112,2.746
2625,7.198,2.775
2626,7.133,2.677
2627,7.049,2.753
2628,7.025,2.668
2629,7.102,2.728
2630,6.964,2.694
2631,6.997,2.726
2632,7.002,2.757
2633,6.842,2.764
2634,6.919,2.791
2635,6.884,2.754
2636,6.945,2.820
2637,6.858,2.790
2638,6.807,2.750
2639,6.918,2.775
2640,6.964,2.868
2641,7.123,2.906
2642,7.127,2.901
2643,7.213,2.849
2644,7.117,2.760
2645,6.981,2.789
2646,7.072,2.841
2647,7.104,2.705
2648,7.148,2.779
2649,7.137,2.742
2650,7.092,2.841
2651,6.938,2.771
2652,6.925,2.710
2653,6.968,2.758
2654,6.895,2.712
2655,7.004,2.739
2656,6.945,2.739
2657,7.161,2.820
2658,7.153,2.758
2659,7.095,2.666
2660,7.034,2.716
2661,7.192,2.830
2662,7.228,2.683
2663,7.245,2.696
2664,7.269,2.768
2665,7.278,2.709
2666,7.359,2.789
2667,7.424,2.858
2668,7.447,2.751
2669,7.287,2.773
2670,7.385,2.700
2671,7.453,2.836
2672,7.455,2.785
2673,7.433,2.782
2674,7.321,2.737
2675,7.199,2.667
2676,7.112,2.746
2677,7.303,2.794
2678,7.225,2.953
2679,7.146,2.792
2680,7.302,2.866
2681,7.377,2.780
2682,7.435,2.878
2683,7.255,2.748
2684,7.186,2.830
2685,7.274,2.769
2686,7.305,2.807
2687,7.181,2.841
2688,7.389,2.773
2689,7.410,2.920
2690,7.439,2.970
2691,7.380,2.853
2692,7.499,3.034
2693,7.342,2.998
2694,7.450,3.061
2695,7.520,2.919
2696,7.433,2.931
2697,7.520,2.874
2698,7.613,3.000
2699,7.593,2.945
2700,7.653,2.943
2701,7.657,2.963
2702,7.741,2.957
2703,7.671,3.057
2704,7.718,2.961
2705,7.592,2.981
2706,7.670,3.044
2707,7.725,2.977
2708,7.689,2.913
2709,7.625,2.884
2710,7.792,2.915
2711,7.750,2.926
2712,7.659,2.856
2713,7.533,2.904
2714,7.421,2.871
2715,7.615,2.774
2716,7.816,2.827
2717,7.789,2.938
2718,7.728,2.978
2719,7.768,2.919
2720,7.801,2.992
2721,7.958,2.984
2722,7.923,2.836
2723,7.768,2.791
2724,7.805,2.775
2725,7.859,2.859
2726,7.905,2.814
2727,8.016,2.851
2728,7.815,2.800
2729,7.927,2.878
2730,7.858,2.867
2731,7.876,2.859
2732,7.668,2.785
2733,7.769,2.737
2734,7.626,2.739
2735,7.824,2.777
2736,7.819,2.884
2737,7.801,2.818
2738,7.704,2.937
2739,7.674,2.970
2740,7.673,3.095
2741,7.733,3.019
2742,7.480,2.992
2743,7.620,2.968
2744,7.704,2.894
2745,7.672,2.889
2746,7.737,2.897
2747,7.608,2.935
2748,7.598,2.956
2749,7.584,2.945
2750,7.659,2.957
2751,7.721,3.028
2752,7.702,2.918
2753,7.794,2.921
2754,7.803,3.013
2755,7.576,2.845
2756,7.702,2.956
2757,7.654,2.956
2758,7.734,2.892
2759,7.838,3.036
2760,7.768,3.045
2761,7.860,2.999
2762,7.760,2.929
2763,7.989,3.002
2764,8.029,3.041
2765,8.007,2.959
2766,7.878,2.966
2767,7.901,2.912
2768,7.632,2.956
2769,7.715,2.884
2770,7.761,2.937
2771,7.615,2.958
2772,7.801,2.943
2773,7.796,3.024
2774,7.658,2.902
2775,7.838,2.922
2776,7.987,3.059
2777,7.903,3.057
2778,8.116,2.961
2779,8.219,3.012
2780,8.199,2.978
2781,8.192,2.967
2782,8.099,2.850
2783,8.080,2.801
2784,7.946,2.834
2785,7.960,2.866
2786,7.847,2.966
2787,7.819,2.778
2788,7.729,2.803
2789,7.701,2.826
2790,7.987,2.854
2791,7.764,2.792
2792,7.791,2.850
2793,7.926,2.669
2794,7.804,2.748
2795,7.839,2.677
2796,7.786,2.846
2797,7.848,2.786
2798,7.773,2.827
2799,7.691,2.835
2800,7.826,2.735
2801,7.805,2.768
2802,7.843,2.774
2803,7.811,2.732
2804,7.858,2.805
2805,7.902,2.826
2806,8.055,2.832
2807,8.069,2.730
2808,7.918,2.769
2809,7.934,2.740
2810,7.933,2.769
2811,8.008,2.756
2812,8.017,2.814
2813,7.980,2.734
2814,7.981,2.783
2815,7.849,2.630
2816,7.875,2.696
2817,8.056,2.725
2818,8.063,2.754
2819,8.133,2.653
2820,8.252,2.655
2821,8.259,2.729
2822,8.178,2.712
2823,8.156,2.689
2824,8.247,2.674
2825,8.198,2.702
2826,8.169,2.669
2827,8.128,2.593
2828,8.061,2.673
2829,8.060,2.624
2830,8.061,2.659
2831,7.856,2.596
2832,7.928,2.633
2833,7.959,2.628
2834,7.987,2.694
2835,7.993,2.651
2836,7.956,2.609
2837,7.780,2.633
2838,7.817,2.665
2839,7.769,2.726
2840,7.721,2.645
2841,7.638,2.599
2842,7.600,2.601
2843,7.656,2.540
2844,7.658,2.416
2845,7.797,2.459
2846,7.783,2.583
2847,7.935,2.567
2848,7.968,2.517
2849,7.975,2.483
2850,7.948,2.558
2851,7.921,2.559
2852,7.907,2.589
2853,7.801,2.644
2854,7.746,2.577
2855,7.692,2.574
2856,7.773,2.526
2857,7.782,2.678
2858,7.977,2.641
2859,7.970,2.619
2860,8.033,2.627
2861,7.854,2.666
2862,7.825,2.683
2863,7.856,2.633
2864,7.869,2.619
2865,7.761,2.705
2866,7.750,2.722
2867,7.921,2.646
2868,7.789,2.609
2869,7.824,2.607
2870,7.751,2.662
2871,7.672,2.693
2872,7.573,2.709
2873,7.558,2.633
2874,7.664,2.583
2875,7.707,2.561
2876,7.747,2.678
2877,7.585,2.667
2878,7.662,2.619
2879,7.583,2.541
2880,7.548,2.649
2881,7.639,2.611
2882,7.558,2.676
2883,7.543,2.770
2884,7.513,2.839
2885,7.651,2.774
2886,7.762,2.738
2887,7.764,2.888
2888,7.820,2.789
2889,7.907,2.725
2890,7.758,2.863
2891,7.884,2.733
2892,7.828,2.794
2893,7.745,2.820
2894,7.689,2.826
2895,7.758,2.801
2896,7.517,2.719
2897,7.623,2.726
2898,7.803,2.764
2899,7.673,2.732
2900,7.799,2.672
2901,7.821,2.759
2902,7.992,2.818
2903,7.919,2.742
2904,7.807,2.680
2905,7.806,2.711
2906,7.812,2.771
2907,7.980,2.729
2908,7.948,2.692
2909,8.220,2.735
2910,8.023,2.632
2911,7.991,2.649
2912,7.787,2.623
2913,7.895,2.738
2914,7.725,2.616
2915,7.772,2.758
2916,7.570,2.697
2917,7.700,2.731
2918,7.767,2.681
2919,7.792,2.809
2920,7.960,2.726
2921,7.891,2.811
2922,7.799,2.869
2923,7.701,2.676
2924,7.778,2.777
2925,7.690,2.635
2926,7.770,2.682
2927,7.719,2.657
2928,7.857,2.686
2929,7.765,2.832
2930,7.756,2.618
2931,7.735,2.746
2932,7.728,2.733
2933,7.845,2.698
2934,7.946,2.787
2935,8.147,2.834
2936,7.971,2.827
2937,8.116,2.819
2938,7.932,2.809
2939,7.969,2.867
2940,8.029,2.811
2941,8.145,2.774
2942,8.160,2.814
2943,8.243,2.815
2944,8.244,2.733
2945,8.251,2.782
2946,8.198,2.768
2947,8.097,2.716
2948,8.244,2.834
2949,8.090,2.715
2950,8.019,2.763
2951,8.011,2.887
2952,8.095,2.815
2953,8.113,2.750
2954,8.134,2.785
2955,8.210,2.848
2956,8.186,2.794
2957,8.269,2.941
2958,8.213,2.874
2959,8.431,2.937
2960,8.217,2.796
2961,8.215,2.859
2962,8.218,2.775
2963,8.067,2.710
2964,8.059,2.629
2965,8.032,2.773
2966,8.037,2.785
2967,8.249,2.877
2968,8.105,2.847
2969,8.140,2.952
2970,8.012,2.896
2971,8.072,2.833
2972,8.066,2.794
2973,8.179,2.803
2974,8.165,2.856
2975,8.149,2.818
2976,8.106,2.675
2977,8.101,2.676
2978,8.170,2.821
2979,8.144,2.839
2980,8.023,2.699
2981,8.133,2.754
2982,8.119,2.752
2983,8.374,2.785
2984,8.365,2.672
2985,8.345,2.816
2986,8.479,2.797
2987,8.328,2.783
2988,8.284,2.692
2989,8.269,2.796
2990,8.298,2.847
2991,8.122,2.803
2992,8.261,2.793
2993,8.157,2.689
2994,8.263,2.696
2995,8.270,2.595
2996,8.111,2.732
2997,8.083,2.766
2998,8.171,2.803
2999,8.163,2.706
3000,8.017,2.781
3001,8.138,2.695
3002,8.155,2.769
3003,8.228,2.707
3004,8.238,2.782
3005,8.152,2.643
3006,8.051,2.632
3007,8.164,2.711
3008,8.013,2.724
3009,8.052,2.779
3010,8.068,2.728
3011,8.150,2.833
3012,8.107,2.793
3013,7.858,2.811
3014,7.945,2.771
3015,8.014,2.844
3016,7.899,2.819
3017,8.123,2.777
3018,8.301,2.758
3019,8.376,2.701
3020,8.413,2.800
3021,8.390,2.841
3022,8.602,2.921
3023,8.500,2.844
3024,8.494,2.808
3025,8.311,2.909
3026,8.188,2.765
3027,8.338,2.837
3028,8.346,2.841
3029,8.279,2.827
3030,8.268,2.852
3031,8.403,2.916
3032,8.530,2.809
3033,8.511,2.862
3034,8.473,2.744
3035,8.336,2.762
3036,8.257,2.698
3037,8.346,2.695
3038,8.262,2.818
3039,8.250,2.770
3040,8.301,2.681
3041,8.275,2.867
3042,8.385,2.789
3043,8.128,2.710
3044,8.145,2.718
3045,8.024,2.728
3046,8.151,2.763
3047,8.297,2.704
3048,8.393,2.755
3049,8.263,2.802
3050,8.241,2.857
3051,8.072,2.894
3052,8.061,2.781
3053,7.974,2.751
3054,8.192,2.766
3055,8.099,2.769
3056,8.239,2.747
3057,8.207,2.801
3058,8.243,2.817
3059,8.462,2.880
3060,8.278,2.777
3061,8.335,2.814
3062,8.286,2.650
3063,8.287,2.704
3064,8.215,2.755
3065,8.113,2.659
3066,8.130,2.741
3067,8.274,2.702
3068,8.320,2.722
3069,8.205,2.557
3070,8.473,2.547
3071,8.438,2.625
3072,8.344,2.618
3073,8.352,2.634
3074,8.362,2.581
3075,8.289,2.582
3076,8.252,2.692
3077,8.350,2.630
3078,8.312,2.711
3079,8.141,2.609
3080,8.200,2.715
3081,8.025,2.650
3082,7.978,2.637
3083,8.073,2.532
3084,8.009,2.585
3085,8.110,2.636
3086,8.081,2.644
3087,7.946,2.659
3088,7.954,2.741
3089,7.906,2.650
3090,8.057,2.747
3091,8.053,2.817
3092,8.217,2.849
3093,8.126,2.745
3094,8.273,2.717
3095,8.240,2.709
3096,8.288,2.766
3097,8.275,2.714
3098,8.202,2.627
3099,8.321,2.593
3100,8.354,2.683
3101,8.343,2.698
3102,8.297,2.554
3103,8.287,2.582
3104,8.202,2.610
3105,8.162,2.644
3106,8.437,2.722
3107,8.228,2.708
3108,8.114,2.659
3109,8.214,2.800
3110,8.090,2.819
3111,8.215,2.683
3112,8.246,2.825
3113,8.306,2.808
3114,8.404,2.728
3115,8.361,2.798
3116,8.491,2.799
3117,8.254,2.728
3118,8.117,2.722
3119,8.081,2.768
3120,8.018,2.748
3121,7.843,2.702
3122,7.865,2.691
3123,7.850,2.685
3124,8.006,2.734
3125,7.959,2.846
3126,7.894,2.777
3127,7.895,2.749
3128,7.915,2.710
3129,7.821,2.658
3130,7.898,2.731
3131,8.016,2.735
3132,8.027,2.677
3133,8.057,2.844
3134,7.978,2.924
3135,7.937,2.700
3136,7.952,2.752
3137,8.000,2.846
3138,8.231,2.830
3139,8.113,2.882
3140,8.127,2.874
3141,8.070,2.939
3142,8.130,2.963
3143,7.915,2.801
3144,7.870,2.749
3145,7.892,2.808
3146,8.040,2.756
3147,8.192,2.736
3148,8.093,2.766
3149,8.211,2.697
3150,8.000,2.712
3151,7.925,2.654
3152,7.821,2.686
3153,7.735,2.629
3154,7.782,2.598
3155,7.822,2.553
3156,7.844,2.678
3157,7.798,2.661
3158,7.917,2.710
3159,8.065,2.854
3160,7.861,2.812
3161,7.962,2.893
3162,8.010,2.848
3163,8.004,2.756
3164,7.891,2.689
3165,8.141,2.726
3166,8.137,2.724
3167,8.156,2.799
3168,8.439,2.930
3169,8.333,2.774
3170,8.211,2.811
3171,8.221,2.897
3172,8.191,2.833
3173,7.961,2.830
3174,7.956,2.759
3175,7.927,2.840
3176,7.827,2.821
3177,7.689,2.699
3178,7.752,2.694
3179,7.722,2.639
3180,7.812,2.753
3181,7.921,2.740
3182,8.123,2.751
3183,7.898,2.665
3184,8.026,2.730
3185,7.932,2.718
3186,7.786,2.744
3187,7.822,2.757
3188,7.792,2.611
3189,7.728,2.763
3190,7.832,2.692
3191,7.903,2.819
3192,7.807,2.789
3193,7.815,2.786
3194,7.625,2.644
3195,7.681,2.803
3196,7.735,2.683
3197,7.791,2.726
3198,7.922,2.750
3199,7.909,2.760
3200,7.935,2.688
3201,8.119,2.834
3202,7.886,2.750
3203,7.885,2.766
3204,7.942,2.706
3205,7.887,2.706
3206,7.864,2.714
3207,7.794,2.822
3208,7.962,2.736
3209,7.876,2.811
3210,7.791,2.688
3211,7.631,2.761
3212,7.617,2.705
3213,7.634,2.641
3214,7.712,2.679
3215,7.703,2.690
3216,7.570,2.655
3217,7.596,2.602
3218,7.678,2.808
3219,7.747,2.791
3220,7.639,2.723
3221,7.664,2.720
3222,7.779,2.762
3223,7.894,2.738
3224,7.891,2.721
3225,7.772,2.792
3226,7.843,2.689
3227,7.775,2.751
3228,7.799,2.631
3229,7.742,2.621
3230,7.972,2.691
3231,7.933,2.762
3232,7.874,2.807
3233,7.842,2.764
3234,7.799,2.766
3235,7.916,2.755
3236,7.978,2.830
3237,7.953,2.770
3238,7.977,2.850
3239,7.879,2.704
3240,7.911,2.731
3241,7.925,2.791
3242,8.013,2.804
3243,7.953,2.658
3244,7.857,2.766
3245,7.830,2.741
3246,7.777,2.878
3247,7.783,2.781
3248,7.746,2.814
3249,7.848,2.735
3250,7.899,2.741
3251,7.844,2.671
3252,7.742,2.693
3253,7.722,2.721
3254,7.788,2.633
3255,7.786,2.695
3256,7.832,2.756
3257,7.788,2.758
3258,7.673,2.726
3259,7.863,2.741
3260,7.809,2.750
3261,7.794,2.690
3262,7.888,2.757
3263,7.807,2.674
3264,7.825,2.805
3265,7.888,2.744
3266,7.919,2.723
3267,7.787,2.782
3268,7.696,2.747
3269,7.699,2.799
3270,7.767,2.817
3271,7.649,2.713
3272,7.758,2.703
3273,7.878,2.792
3274,7.911,2.719
3275,7.944,2.710
3276,8.103,2.842
3277,7.970,2.798
3278,7.923,2.764
3279,7.864,2.728
3280,7.922,2.678
3281,7.961,2.801
3282,7.788,2.709
3283,7.883,2.812
3284,7.786,2.673
3285,7.894,2.754
3286,7.871,2.880
3287,7.863,2.808
3288,7.828,2.764
3289,8.119,2.731
3290,8.056,2.721
3291,8.201,2.805
3292,8.144,2.779
3293,7.973,2.759
3294,7.809,2.772
3295,7.854,2.761
3296,7.988,2.784
3297,8.162,2.800
3298,7.972,2.776
3299,7.948,2.726
3300,8.035,2.797
3301,8.099,2.648
3302,8.109,2.745
3303,7.958,2.595
3304,8.155,2.656
3305,8.285,2.698
3306,8.091,2.656
3307,8.297,2.743
3308,8.378,2.699
3309,8.121,2.712
3310,8.113,2.739
3311,8.155,2.625
3312,8.280,2.618
3313,8.233,2.610
3314,8.253,2.594
3315,8.315,2.738
3316,8.326,2.687
3317,8.273,2.610
3318,8.375,2.716
3319,8.462,2.617
3320,8.270,2.651
3321,8.344,2.794
3322,8.194,2.702
3323,8.276,2.586
3324,8.239,2.633
3325,8.132,2.609
3326,8.304,2.769
3327,8.243,2.739
3328,8.145,2.713
3329,8.245,2.691
3330,8.308,2.586
3331,8.340,2.615
3332,8.359,2.631
3333,8.156,2.593
3334,8.080,2.574
3335,8.095,2.639
3336,8.128,2.699
3337,7.952,2.751
3338,8.092,2.679
3339,8.201,2.719
3340,8.148,2.676
3341,8.121,2.741
3342,8.021,2.680
3343,7.911,2.715
3344,7.961,2.730
3345,7.973,2.725
3346,8.107,2.786
3347,8.116,2.750
3348,8.166,2.749
3349,8.319,2.700
3350,8.308,2.583
3351,8.255,2.650
3352,8.233,2.692
3353,8.181,2.713
3354,8.093,2.814
3355,8.419,2.806
3356,8.216,2.825
3357,8.396,2.794
3358,8.366,2.725
3359,8.195,2.701
3360,8.148,2.731
3361,8.182,2.718
3362,8.197,2.731
3363,8.228,2.713
3364,8.172,2.630
3365,8.101,2.666
3366,8.178,2.706
3367,8.078,2.769
3368,8.117,2.750
3369,8.132,2.756
3370,8.131,2.741
3371,8.175,2.760
3372,8.208,2.731
3373,8.184,2.560
3374,8.294,2.678
3375,8.324,2.738
3376,8.327,2.694
3377,8.266,2.763
3378,8.373,2.756
3379,8.393,2.786
3380,8.415,2.792
3381,8.397,2.847
3382,8.281,2.735
3383,8.388,2.932
3384,8.492,2.946
3385,8.627,2.896
3386,8.618,2.889
3387,8.454,2.846
3388,8.417,2.888
3389,8.499,2.833
3390,8.432,2.917
3391,8.578,2.898
3392,8.743,2.999
3393,8.477,2.912
3394,8.689,2.946
3395,8.765,2.991
3396,8.467,2.960
3397,8.408,2.966
3398,8.368,2.915
3399,8.387,2.916
3400,8.275,2.847
3401,8.157,2.912
3402,8.189,2.881
3403,8.260,2.924
3404,8.267,2.976
3405,8.378,2.981
3406,8.469,3.102
3407,8.620,3.161
3408,8.640,3.130
3409,8.617,3.154
3410,8.688,3.141
3411,8.535,3.065
3412,8.523,3.016
3413,8.534,3.016
3414,8.669,3.058
3415,8.656,3.059
3416,8.534,2.986
3417,8.314,2.902
3418,8.397,2.858
3419,8.202,2.753
3420,8.271,2.796
3421,8.243,2.900
3422,8.185,2.808
3423,8.060,2.813
3424,8.164,2.778
3425,7.897,2.741
3426,8.091,2.876
3427,7.974,2.731
3428,7.987,2.731
3429,8.092,2.866
3430,8.042,2.842
3431,7.908,2.750
3432,7.809,2.826
3433,7.958,2.861
3434,7.862,2.801
3435,7.845,2.744
3436,7.894,2.782
3437,8.018,2.772
3438,8.036,2.715
3439,8.079,2.677
3440,8.050,2.690
3441,8.170,2.678
3442,8.207,2.768
3443,8.256,2.742
3444,8.427,2.682
3445,8.489,2.826
3446,8.466,2.770
3447,8.294,2.772
3448,8.250,2.675
3449,8.237,2.794
3450,8.005,2.641
3451,8.111,2.719
3452,8.080,2.817
3453,8.140,2.707
3454,8.229,2.692
3455,8.157,2.665
3456,8.319,2.738
3457,8.268,2.835
3458,8.143,2.685
3459,8.222,2.743
3460,8.112,2.730
3461,8.050,2.745
3462,8.101,2.756
3463,8.185,2.674
3464,8.126,2.718
3465,8.164,2.730
3466,8.177,2.646
3467,8.228,2.626
3468,8.268,2.694
3469,8.438,2.766
3470,8.409,2.778
3471,8.321,2.657
3472,8.468,2.631
3473,8.304,2.552
3474,8.344,2.555
3475,8.377,2.511
3476,8.393,2.600
3477,8.336,2.636
3478,8.140,2.576
3479,8.344,2.568
3480,8.329,2.475
3481,8.434,2.442
3482,8.533,2.533
3483,8.317,2.550
3484,8.383,2.495
3485,8.179,2.539
3486,8.391,2.654
3487,8.380,2.624
3488,8.470,2.607
3489,8.491,2.664
3490,8.460,2.703
3491,8.241,2.686
3492,8.363,2.628
3493,8.277,2.583
3494,8.377,2.638
3495,8.368,2.626
3496,8.502,2.765
3497,8.361,2.748
3498,8.172,2.685
3499,8.396,2.696
3500,8.531,2.704
3501,8.668,2.687
3502,8.648,2.660
3503,8.704,2.769
3504,8.772,2.701
3505,8.790,2.688
3506,8.911,2.617
3507,8.892,2.646
3508,8.919,2.749
3509,8.803,2.666
3510,8.817,2.603
3511,8.739,2.644
3512,8.675,2.675
3513,8.509,2.688
3514,8.612,2.739
3515,8.665,2.670
3516,8.457,2.727
3517,8.604,2.758
3518,8.502,2.730
3519,8.442,2.696
3520,8.576,2.743
3521,8.541,2.652
3522,8.549,2.686
3523,8.483,2.677
3524,8.582,2.742
3525,8.465,2.748
3526,8.456,2.707
3527,8.440,2.686
3528,8.468,2.502
3529,8.389,2.602
3530,8.279,2.589
3531,8.212,2.601
3532,8.296,2.671
3533,8.270,2.627
3534,8.269,2.588
3535,8.258,2.629
3536,8.204,2.633
3537,8.266,2.634
3538,8.129,2.588
3539,8.036,2.636
3540,8.143,2.652
3541,8.172,2.597
3542,8.124,2.637
3543,7.958,2.593
3544,8.148,2.736
3545,8.079,2.634
3546,8.139,2.628
3547,8.085,2.583
3548,8.155,2.652
3549,8.163,2.657
3550,8.194,2.711
3551,8.217,2.615
3552,8.140,2.643
3553,8.124,2.661
3554,8.117,2.633
3555,8.033,2.673
3556,8.093,2.673
3557,7.826,2.487
3558,7.906,2.555
3559,7.799,2.522
3560,7.784,2.482
3561,8.057,2.534
3562,8.208,2.513
3563,8.232,2.477
3564,8.236,2.534
3565,8.114,2.446
3566,8.125,2.499
3567,8.185,2.600
3568,8.104,2.523
3569,8.040,2.653
3570,8.263,2.612
3571,8.237,2.507
3572,8.267,2.472
3573,8.362,2.600
3574,8.416,2.523
3575,8.340,2.574
3576,8.400,2.588
3577,8.370,2.529
3578,8.361,2.549
3579,8.389,2.645
3580,8.352,2.676
3581,8.443,2.626
3582,8.556,2.673
3583,8.592,2.592
3584,8.429,2.586
3585,8.399,2.556
3586,8.332,2.570
3587,8.498,2.668
3588,8.589,2.650
3589,8.431,2.727
3590,8.439,2.641
3591,8.529,2.742
3592,8.420,2.665
3593,8.444,2.727
3594,8.663,2.690
3595,8.614,2.793
3596,8.577,2.683
3597,8.579,2.735
3598,8.482,2.641
3599,8.582,2.620
3600,8.561,2.629
3601,8.445,2.648
3602,8.300,2.702
3603,7.914,2.638
3604,8.026,2.644
3605,8.066,2.648
3606,7.972,2.666
3607,8.154,2.797
3608,8.138,2.668
3609,7.898,2.685
3610,7.824,2.694
3611,7.953,2.739
3612,7.943,2.800
3613,8.044,2.773
3614,7.965,2.813
3615,8.009,2.682
3616,8.046,2.666
3617,8.074,2.658
3618,8.167,2.597
3619,8.134,2.631
3620,8.072,2.627
3621,8.100,2.591
3622,8.028,2.737
3623,8.180,2.614
3624,8.152,2.586
3625,7.928,2.594
3626,7.937,2.628
3627,7.908,2.589
3628,7.956,2.627
3629,7.806,2.720
3630,7.791,2.754
3631,7.729,2.673
3632,7.783,2.691
3633,7.893,2.876
3634,7.874,2.722
3635,7.840,2.788
3636,7.830,2.855
3637,7.794,2.842
3638,7.821,2.760
3639,8.087,2.903
3640,8.138,2.891
3641,8.124,2.813
3642,8.076,2.810
3643,8.197,2.895
3644,7.999,2.809
3645,8.087,2.958
3646,8.016,2.906
3647,7.882,2.851
3648,8.009,2.804
3649,8.040,2.771
3650,7.987,2.715
3651,7.987,2.734
3652,7.797,2.668
3653,8.023,2.765
3654,8.028,2.782
3655,8.032,2.779
3656,7.977,2.793
3657,7.970,2.835
3658,7.888,2.786
3659,7.789,2.811
3660,7.676,2.764
3661,7.492,2.784
3662,7.639,2.759
3663,7.696,2.907
3664,7.597,2.778
3665,7.651,2.783
3666,7.542,2.719
3667,7.585,2.788
3668,7.555,2.815
3669,7.740,2.751
3670,7.641,2.684
3671,7.581,2.699
3672,7.754,2.844
3673,7.722,2.836
3674,7.685,2.725
3675,7.686,2.785
3676,7.605,2.699
3677,7.519,2.878
3678,7.522,2.816
3679,7.578,2.881
3680,7.418,2.751
3681,7.227,2.730
3682,7.345,2.878
3683,7.292,2.871
3684,6.946,2.704
3685,6.917,2.698
3686,7.059,2.760
3687,6.741,2.691
3688,6.766,2.683
3689,6.767,2.690
3690,6.865,2.689
3691,6.964,2.751
3692,6.858,2.598
3693,6.920,2.623
3694,6.970,2.666
3695,7.124,2.712
3696,7.098,2.608
3697,7.059,2.606
3698,7.005,2.682
3699,7.077,2.669
3700,7.207,2.642
3701,7.312,2.697
3702,7.184,2.617
3703,7.322,2.724
3704,7.394,2.759
3705,7.422,2.842
3706,7.437,2.893
3707,7.471,2.789
3708,7.570,2.851
3709,7.198,2.688
3710,7.427,2.770
3711,7.396,2.844
3712,7.289,2.781
3713,7.416,2.907
3714,7.363,2.756
3715,7.231,2.741
3716,7.206,2.587
3717,7.277,2.730
3718,7.219,2.704
3719,7.361,2.768
3720,7.575,2.687
3721,7.562,2.771
3722,7.508,2.735
3723,7.517,2.799
3724,7.488,2.751
3725,7.494,2.724
3726,7.443,2.765
3727,7.456,2.806
3728,7.372,2.749
3729,7.492,2.711
3730,7.494,2.698
3731,7.538,2.760
3732,7.518,2.629
3733,7.477,2.667
3734,7.677,2.800
3735,7.451,2.838
3736,7.410,2.769
3737,7.470,2.875
3738,7.544,2.859
3739,7.593,2.887
3740,7.615,2.801
3741,7.704,2.852
3742,7.796,2.898
3743,7.943,2.887
3744,7.948,2.893
3745,7.870,2.863
3746,7.970,2.842
3747,8.031,2.807
3748,8.022,2.636
3749,8.162,2.740
3750,8.199,2.779
3751,8.266,2.829
3752,8.344,2.764
3753,8.408,2.762
3754,8.304,2.725
3755,8.183,2.677
3756,8.056,2.794
3757,7.827,2.645
3758,8.015,2.746
3759,7.995,2.828
3760,7.914,2.667
3761,7.801,2.736
3762,7.796,2.645
3763,7.810,2.668
3764,7.894,2.724
3765,7.884,2.659
3766,7.826,2.734
3767,7.832,2.693
3768,7.815,2.687
3769,7.705,2.770
3770,7.904,2.776
3771,7.855,2.771
3772,7.744,2.729
3773,7.676,2.761
3774,7.545,2.679
3775,7.642,2.778
3776,7.676,2.681
3777,7.688,2.769
3778,7.594,2.822
3779,7.632,2.815
3780,7.786,2.817
3781,7.708,2.740
3782,7.719,2.736
3783,7.695,2.780
3784,7.873,2.742
3785,7.777,2.762
3786,7.964,2.762
3787,7.888,2.837
3788,7.824,2.763
3789,7.752,2.747
3790,7.598,2.684
3791,7.550,2.716
3792,7.602,2.693
3793,7.726,2.666
3794,7.688,2.692
3795,7.652,2.738
3796,7.536,2.619
3797,7.463,2.614
3798,7.421,2.568
3799,7.506,2.621
3800,7.573,2.651
3801,7.519,2.651
3802,7.607,2.550
3803,7.562,2.626
3804,7.735,2.602
3805,7.775,2.644
3806,7.846,2.548
3807,7.752,2.692
3808,7.708,2.669
3809,7.478,2.659
3810,7.770,2.747
3811,7.672,2.782
3812,7.596,2.709
3813,7.646,2.759
3814,7.597,2.718
3815,7.658,2.745
3816,7.682,2.738
3817,7.666,2.743
3818,7.620,2.760
3819,7.647,2.714
3820,7.542,2.683
3821,7.678,2.779
3822,7.669,2.873
3823,7.907,2.827
3824,7.886,2.911
3825,7.893,2.802
3826,7.910,2.747
3827,7.944,2.752
3828,7.857,2.752
3829,7.945,2.809
3830,8.003,2.776
3831,7.816,2.754
3832,7.933,2.739
3833,7.777,2.717
3834,7.815,2.800
3835,7.741,2.755
3836,7.827,2.636
3837,7.877,2.810
3838,7.833,2.717
3839,7.846,2.606
3840,7.955,2.617
3841,8.013,2.682
3842,7.979,2.764
3843,8.042,2.672
3844,7.927,2.561
3845,7.944,2.638
3846,8.147,2.706
3847,7.974,2.668
3848,7.732,2.599
3849,8.000,2.792
3850,7.906,2.735
3851,8.060,2.782
3852,8.033,2.826
3853,7.872,2.747
3854,7.800,2.699
3855,7.992,2.758
3856,7.899,2.900
3857,7.868,2.771
3858,7.955,2.811
3859,7.752,2.750
3860,7.738,2.769
3861,7.861,2.741
3862,7.804,2.789
3863,7.719,2.802
3864,7.857,2.748
3865,7.738,2.680
3866,7.798,2.679
3867,7.756,2.682
3868,7.752,2.711
3869,7.615,2.621
3870,7.780,2.617
3871,7.600,2.668
3872,7.728,2.745
3873,7.782,2.752
3874,7.851,2.763
3875,7.778,2.770
3876,7.624,2.671
3877,7.743,2.708
3878,7.782,2.795
3879,7.968,2.851
3880,7.951,2.750
3881,8.025,2.752
3882,7.955,2.758
3883,7.871,2.663
3884,7.840,2.727
3885,7.736,2.719
3886,7.818,2.746
3887,7.770,2.743
3888,7.804,2.745
3889,7.738,2.638
3890,7.964,2.696
3891,7.832,2.684
3892,7.883,2.596
3893,7.878,2.637
3894,7.887,2.739
3895,8.018,2.704
3896,7.938,2.691
3897,7.827,2.787
3898,7.830,2.641
3899,7.814,2.683
3900,7.868,2.615
3901,7.693,2.572
3902,7.657,2.639
3903,7.705,2.594
3904,7.824,2.628
3905,7.826,2.607
3906,7.817,2.622
3907,7.701,2.733
3908,7.793,2.618
3909,7.769,2.520
3910,7.669,2.494
3911,7.647,2.548
3912,7.736,2.554
3913,7.645,2.555
3914,7.485,2.604
3915,7.713,2.648
3916,7.577,2.599
3917,7.520,2.661
3918,7.624,2.642
3919,7.678,2.609
3920,7.702,2.636
3921,7.857,2.492
3922,7.811,2.617
3923,7.686,2.607
3924,7.641,2.590
3925,7.661,2.600
3926,7.689,2.660
3927,7.696,2.762
3928,7.792,2.729
3929,7.735,2.738
3930,7.859,2.656
3931,7.928,2.641
3932,7.891,2.661
3933,7.864,2.760
3934,7.974,2.701
3935,8.072,2.742
3936,8.050,2.695
3937,7.905,2.696
3938,7.977,2.728
3939,7.911,2.758
3940,7.926,2.660
3941,7.910,2.660
3942,7.926,2.713
3943,7.818,2.645
3944,7.595,2.634
3945,7.821,2.613
3946,7.768,2.753
3947,7.762,2.758
3948,7.720,2.669
3949,7.745,2.614
3950,7.711,2.702
3951,7.794,2.538
3952,7.789,2.546
3953,7.736,2.528
3954,7.727,2.537
3955,7.712,2.543
3956,7.697,2.570
3957,7.758,2.564
3958,7.701,2.617
3959,7.805,2.602
3960,7.865,2.683
3961,7.830,2.648
3962,7.757,2.577
3963,7.746,2.693
3964,7.748,2.657
3965,7.804,2.701
3966,7.950,2.796
3967,7.884,2.707
3968,8.002,2.800
3969,7.880,2.761
3970,7.777,2.720
3971,7.803,2.645
3972,7.789,2.707
3973,7.881,2.664
3974,7.905,2.624
3975,7.850,2.688
3976,7.903,2.674
3977,7.801,2.671
3978,7.817,2.641
3979,7.837,2.585
3980,7.958,2.633
3981,7.976,2.649
3982,7.929,2.683
3983,7.822,2.584
3984,7.834,2.654
3985,7.695,2.602
3986,7.846,2.681
3987,7.925,2.629
3988,7.821,2.613
3989,7.719,2.627
3990,7.776,2.624
3991,7.689,2.547
3992,7.892,2.603
3993,7.829,2.664
3994,7.861,2.657
3995,7.922,2.749
3996,7.790,2.673
3997,7.681,2.694
3998,7.860,2.720
3999,7.794,2.611
4000,7.737,2.609
4001,7.744,2.547
4002,7.884,2.683
4003,7.853,2.705
4004,7.792,2.604
4005,7.791,2.592
4006,7.721,2.625
4007,7.792,2.618
4008,7.737,2.598
4009,7.778,2.555
4010,7.762,2.527
4011,7.519,2.551
4012,7.588,2.532
4013,7.441,2.589
4014,7.549,2.594
4015,7.573,2.537
4016,7.558,2.476
4017,7.619,2.553
4018,7.701,2.597
4019,7.725,2.636
4020,7.739,2.632
4021,7.594,2.598
4022,7.618,2.573
4023,7.623,2.498
4024,7.741,2.610
4025,7.790,2.635
4026,7.722,2.687
4027,7.660,2.555
4028,7.664,2.700
4029,7.738,2.721
4030,7.793,2.799
4031,7.827,2.767
4032,7.767,2.702
4033,7.673,2.672
4034,7.664,2.781
4035,7.906,2.679
4036,7.899,2.665
4037,7.937,2.690
4038,7.930,2.675
4039,7.844,2.650
4040,7.847,2.586
4041,7.808,2.745
4042,7.818,2.618
4043,7.910,2.678
4044,7.928,2.625
4045,7.904,2.624
4046,7.753,2.541
4047,7.748,2.545
4048,7.795,2.529
4049,7.895,2.531
4050,7.997,2.780
4051,7.915,2.643
4052,7.751,2.611
4053,7.940,2.558
4054,7.834,2.638
4055,7.865,2.592
4056,7.818,2.585
4057,7.818,2.655
4058,7.858,2.657
4059,7.806,2.477
4060,7.830,2.510
4061,7.799,2.661
4062,7.784,2.706
4063,7.571,2.660
4064,7.678,2.662
4065,7.677,2.693
4066,7.634,2.869
4067,7.777,2.886
4068,7.785,2.707
4069,7.925,2.778
4070,8.067,2.743
4071,8.039,2.704
4072,8.098,2.728
4073,8.161,2.624
4074,8.006,2.640
4075,7.916,2.674
4076,7.834,2.624
4077,7.982,2.695
4078,7.875,2.606
4079,7.858,2.640
4080,7.725,2.622
4081,7.825,2.609
4082,7.830,2.622
4083,7.764,2.666
4084,7.894,2.764
4085,7.961,2.668
4086,7.920,2.660
4087,7.943,2.696
4088,8.043,2.618
4089,7.871,2.617
4090,8.001,2.705
4091,7.955,2.750
4092,8.092,2.758
4093,8.081,2.708
4094,8.157,2.740
4095,8.075,2.704
4096,8.037,2.732
4097,8.072,2.592
4098,8.039,2.570
4099,7.979,2.588
4100,7.974,2.621
4101,7.719,2.602
4102,7.740,2.626
4103,7.683,2.707
4104,7.843,2.720
4105,8.046,2.594
4106,8.033,2.590
4107,8.088,2.598
4108,7.955,2.609
4109,7.894,2.535
4110,7.925,2.514
4111,7.790,2.521
4112,8.023,2.529
4113,7.941,2.548
4114,7.864,2.604
4115,7.701,2.603
4116,7.781,2.571
4117,7.715,2.637
4118,7.796,2.627
4119,7.756,2.641
4120,7.675,2.656
4121,7.533,2.643
4122,7.519,2.662
4123,7.512,2.506
4124,7.501,2.459
4125,7.542,2.499
4126,7.458,2.460
4127,7.375,2.518
4128,7.534,2.571
4129,7.537,2.488
4130,7.401,2.508
4131,7.261,2.482
4132,7.388,2.553
4133,7.137,2.512
4134,7.463,2.568
4135,7.499,2.540
4136,7.502,2.532
4137,7.525,2.491
4138,7.492,2.438
4139,7.295,2.392
4140,7.258,2.446
4141,7.504,2.525
4142,7.377,2.489
4143,7.284,2.542
4144,7.376,2.499
4145,7.498,2.488
4146,7.544,2.445
4147,7.671,2.542
4148,7.685,2.583
4149,7.762,2.534
4150,7.814,2.561
4151,7.706,2.674
4152,7.641,2.557
4153,7.735,2.573
4154,7.798,2.648
4155,7.873,2.546
4156,7.744,2.529
4157,7.832,2.571
4158,7.663,2.526
4159,7.969,2.555
4160,7.785,2.563
4161,7.554,2.443
4162,7.716,2.610
4163,7.694,2.498
4164,7.799,2.520
4165,7.582,2.572
4166,7.465,2.501
4167,7.554,2.586
4168,7.623,2.509
4169,7.675,2.532
4170,7.815,2.599
4171,7.695,2.564
4172,7.674,2.531
4173,7.712,2.502
4174,7.655,2.535
4175,7.612,2.489
4176,7.751,2.537
4177,7.725,2.578
4178,7.774,2.511
4179,7.913,2.491
4180,7.932,2.520
4181,7.738,2.513
4182,7.783,2.511
4183,7.774,2.527
4184,7.708,2.546
4185,7.801,2.494
4186,7.726,2.503
4187,7.696,2.524
4188,7.794,2.519
4189,7.716,2.603
4190,7.674,2.648
4191,7.927,2.656
4192,7.883,2.650
4193,8.016,2.698
4194,7.854,2.707
4195,7.727,2.687
4196,7.728,2.690
4197,7.689,2.695
4198,7.697,2.735
4199,7.819,2.786
4200,7.785,2.687
4201,7.911,2.816
4202,7.863,2.751
4203,7.863,2.722
4204,7.852,2.641
4205,7.801,2.766
4206,7.902,2.617
4207,7.925,2.619
4208,7.878,2.663
4209,7.858,2.671
4210,7.716,2.604
4211,7.745,2.706
4212,7.675,2.627
4213,7.577,2.617
4214,7.742,2.722
4215,7.807,2.629
4216,7.929,2.717
4217,7.877,2.672
4218,7.854,2.729
4219,7.971,2.710
4220,7.872,2.855
4221,8.027,2.783
4222,7.949,2.706
4223,7.916,2.719
4224,7.965,2.734
4225,8.040,2.674
4226,7.980,2.737
4227,8.045,2.726
4228,7.838,2.693
4229,7.846,2.787
4230,7.876,2.786
4231,7.795,2.716
4232,7.833,2.635
4233,7.796,2.625
4234,7.656,2.666
4235,7.853,2.688
4236,7.896,2.606
4237,8.037,2.603
4238,7.806,2.610
4239,7.846,2.585
4240,7.812,2.579
4241,7.868,2.619
4242,7.769,2.603
4243,7.716,2.732
4244,7.758,2.646
4245,7.688,2.670
4246,7.627,2.743
4247,7.690,2.722
4248,7.682,2.726
4249,7.903,2.744
4250,7.825,2.704
4251,7.685,2.657
4252,7.830,2.672
4253,7.727,2.694
4254,7.868,2.748
4255,7.794,2.629
4256,7.739,2.773
4257,7.720,2.760
4258,7.605,2.754
4259,7.505,2.626
4260,7.607,2.666
4261,7.600,2.644
4262,7.613,2.568
4263,7.707,2.561
4264,7.869,2.638
4265,7.875,2.651
4266,8.003,2.726
4267,8.010,2.706
4268,7.999,2.685
4269,8.073,2.720
4270,8.037,2.711
4271,8.011,2.643
4272,8.108,2.721
4273,8.164,2.863
4274,8.243,2.726
4275,8.173,2.640
4276,8.046,2.688
4277,8.115,2.639
4278,8.010,2.686
4279,7.893,2.521
4280,7.914,2.695
4281,7.990,2.665
4282,8.037,2.691
4283,8.011,2.671
4284,7.886,2.654
4285,7.810,2.668
4286,7.941,2.578
4287,7.974,2.518
4288,7.836,2.633
4289,7.934,2.718
4290,7.817,2.719
4291,7.914,2.768
4292,7.651,2.570
4293,7.746,2.633
4294,7.727,2.707
4295,7.681,2.742
4296,7.685,2.700
4297,7.590,2.671
4298,7.788,2.796
4299,7.650,2.857
4300,7.530,2.782
4301,7.753,2.826
4302,7.810,2.858
4303,7.831,2.883
4304,8.051,3.014
4305,7.956,2.885
4306,7.965,2.975
4307,8.056,2.806
4308,8.150,2.840
4309,8.299,2.763
4310,8.220,2.844
4311,8.213,2.799
4312,8.154,2.704
4313,8.169,2.798
4314,8.189,2.865
4315,8.093,2.802
4316,7.915,2.632
4317,7.919,2.659
4318,8.082,2.758
4319,8.073,2.793
4320,7.997,2.749
4321,7.907,2.732
4322,7.982,2.735
4323,7.941,2.753
4324,8.198,2.768
4325,8.096,2.721
4326,8.245,2.648
4327,8.260,2.655
4328,8.023,2.742
4329,8.127,2.794
4330,8.244,2.767
4331,8.166,2.639
4332,8.131,2.693
4333,8.142,2.775
4334,8.316,2.869
4335,8.337,2.817
4336,8.413,2.919
4337,8.350,2.705
4338,8.221,2.837
4339,8.293,2.835
4340,8.224,2.838
4341,8.177,2.796
4342,8.201,2.843
4343,8.208,2.914
4344,8.322,2.913
4345,8.355,2.887
4346,8.512,2.893
4347,8.396,2.934
4348,8.396,2.888
4349,8.442,2.836
4350,8.397,2.877
4351,8.441,2.886
4352,8.488,2.778
4353,8.277,2.789
4354,8.167,2.815
4355,8.265,2.786
4356,8.170,2.890
4357,8.157,2.922
4358,7.995,2.918
4359,8.179,2.934
4360,8.155,3.010
4361,8.291,2.932
4362,8.332,3.060
4363,8.370,3.003
4364,8.425,2.982
4365,8.302,2.964
4366,8.365,2.966
4367,8.413,2.851
4368,8.588,2.930
4369,8.566,2.923
4370,8.487,2.881
4371,8.593,2.864
4372,8.705,2.870
4373,8.485,2.954
4374,8.197,2.877
4375,8.266,2.841
4376,8.208,2.854
4377,8.416,2.842
4378,8.383,2.842
4379,8.269,2.692
4380,8.344,2.908
4381,8.284,2.864
4382,8.300,2.997
4383,8.271,2.883
4384,8.086,2.923
4385,8.159,2.973
4386,8.281,3.136
4387,8.274,3.023
4388,8.193,3.121
4389,8.138,3.077
4390,8.090,3.042
4391,8.143,2.979
4392,8.319,2.994
4393,8.225,2.990
4394,8.033,2.853
4395,7.870,2.871
4396,7.968,2.931
4397,8.178,3.003
4398,8.229,2.963
4399,8.041,2.996
4400,7.959,2.885
4401,7.904,2.903
4402,8.009,2.976
4403,7.877,3.015
4404,7.781,2.981
4405,7.710,2.973
4406,7.746,2.978
4407,7.754,2.895
4408,7.590,2.884
4409,7.632,2.859
4410,7.797,2.860
4411,7.778,2.872
4412,8.073,2.948
4413,8.030,2.875
4414,8.136,2.951
4415,8.006,2.905
4416,8.106,2.983
4417,8.061,2.775
4418,8.096,2.967
4419,8.066,2.954
4420,8.047,2.892
4421,7.978,2.826
4422,8.041,2.992
4423,7.942,2.948
4424,7.901,2.900
4425,7.891,2.895
4426,7.817,2.989
4427,7.757,2.985
4428,7.917,2.917
4429,8.035,2.987
4430,8.071,3.003
4431,8.078,3.088
4432,8.004,3.142
4433,7.935,3.034
4434,7.904,2.844
4435,8.077,2.855
4436,8.081,2.871
4437,8.047,2.831
4438,8.101,2.714
4439,8.226,2.779
4440,8.198,2.842
4441,8.180,2.785
4442,8.289,2.847
4443,8.174,2.734
4444,8.265,2.867
4445,8.148,2.896
4446,8.215,2.883
4447,8.236,3.015
4448,8.116,2.898
4449,8.120,2.858
4450,8.055,2.884
4451,8.023,2.874
4452,7.901,2.730
4453,7.950,2.788
4454,8.027,2.836
4455,8.035,2.832
4456,7.970,2.885
4457,8.207,2.898
4458,8.166,2.862
4459,8.239,2.862
4460,8.095,2.807
4461,8.030,2.828
4462,8.179,2.905
4463,8.119,2.863
4464,7.950,2.877
4465,8.031,2.923
4466,8.064,3.066
4467,8.005,2.897
4468,8.008,2.809
4469,8.007,2.846
4470,7.955,2.856
4471,8.004,2.848
4472,7.949,2.810
4473,8.000,2.891
4474,8.164,2.878
4475,8.433,2.976
4476,8.160,2.813
4477,8.309,2.958
4478,8.288,3.054
4479,8.382,3.062
4480,8.216,2.936
4481,8.088,2.816
4482,8.092,2.764
4483,8.269,2.746
4484,8.418,2.959
4485,8.418,2.902
4486,8.535,2.876
4487,8.567,2.913
4488,8.476,2.896
4489,8.564,2.842
4490,8.545,2.889
4491,8.658,2.899
4492,8.969,2.939
4493,8.655,2.870
4494,8.716,2.857
4495,8.612,2.815
4496,8.667,2.863
4497,8.539,2.785
4498,8.614,2.830
4499,8.745,2.764
4500,8.836,2.786
4501,8.688,2.751
4502,8.729,2.824
4503,8.549,2.743
4504,8.656,2.769
4505,8.671,2.843
4506,8.695,2.881
4507,8.721,2.785
4508,8.592,2.777
4509,8.824,2.762
4510,8.718,2.757
4511,8.740,2.772
4512,8.809,2.877
4513,8.768,2.911
4514,8.714,2.907
4515,8.599,2.831
4516,8.602,2.786
4517,8.697,2.884
4518,8.686,2.851
4519,8.650,2.854
4520,8.732,2.871
4521,8.668,2.832
4522,8.694,2.864
4523,8.839,2.893
4524,8.796,2.772
4525,8.671,2.856
4526,8.518,2.725
4527,8.512,2.733
4528,8.543,2.796
4529,8.444,2.748
4530,8.569,2.739
4531,8.623,2.798
4532,8.532,2.784
4533,8.675,2.726
4534,8.652,2.675
4535,8.738,2.682
4536,8.735,2.711
4537,8.816,2.650
4538,8.796,2.628
4539,8.902,2.625
4540,8.890,2.703
4541,8.893,2.631
4542,9.103,2.675
4543,9.256,2.690
4544,9.270,2.677
4545,9.346,2.810
4546,9.378,2.875
4547,9.251,2.743
4548,9.322,2.805
4549,9.133,2.774
4550,9.229,2.787
4551,9.332,2.754
4552,9.446,2.768
4553,9.492,2.723
4554,9.390,2.750
4555,9.260,2.812
4556,9.199,2.718
4557,9.238,2.702
4558,9.358,2.703
4559,9.375,2.714
4560,9.347,2.823
4561,9.444,2.685
4562,9.600,2.662
4563,9.484,2.658
4564,9.458,2.577
4565,9.382,2.706
4566,9.389,2.689
4567,9.264,2.737
4568,9.277,2.786
4569,9.068,2.697
4570,9.004,2.724
4571,9.261,2.849
4572,9.159,2.773
4573,9.213,2.645
4574,9.087,2.744
4575,8.888,2.747
4576,8.996,2.728
4577,8.777,2.816
4578,8.908,2.824
4579,8.700,2.804
4580,8.786,2.651
4581,8.843,2.818
4582,8.821,2.781
4583,8.730,2.758
4584,8.717,2.790
4585,8.551,2.911
4586,8.373,2.784
4587,8.565,2.798
4588,8.673,2.887
4589,8.816,2.910
4590,8.834,2.957
4591,8.761,2.830
4592,8.938,2.709
4593,9.048,2.779
4594,8.853,2.761
4595,8.822,2.860
4596,8.766,2.840
4597,8.912,2.845
4598,8.918,2.795
4599,8.776,2.844
4600,8.828,2.819
4601,8.932,2.827
4602,8.891,2.888
4603,8.734,2.782
4604,8.795,2.854
4605,8.945,2.895
4606,8.885,2.875
4607,8.750,2.780
4608,8.888,2.766
4609,8.956,2.740
4610,9.076,2.862
4611,8.918,2.738
4612,8.951,2.694
4613,9.053,2.754
4614,9.084,2.618
4615,9.016,2.598
4616,8.852,2.673
4617,8.725,2.812
4618,8.625,2.857
4619,8.390,2.785
4620,8.575,2.850
4621,8.565,2.859
4622,8.611,2.867
4623,8.667,2.848
4624,8.760,2.806
4625,8.762,2.768
4626,8.581,2.816
4627,8.504,2.763
4628,8.354,2.774
4629,8.400,2.734
4630,8.492,2.885
4631,8.377,2.860
4632,8.332,2.841
4633,8.143,2.749
4634,8.199,2.782
4635,8.194,2.914
4636,8.234,2.940
4637,8.107,2.917
4638,8.046,2.981
4639,8.158,3.022
4640,8.102,2.883
4641,8.086,2.883
4642,8.185,2.848
4643,8.278,2.943
4644,8.157,2.864
4645,8.155,2.963
4646,8.153,2.950
4647,8.296,2.968
4648,8.388,2.966
4649,8.561,2.926
4650,8.422,2.856
4651,8.514,2.831
4652,8.371,2.838
4653,8.369,3.052
4654,8.335,2.937
4655,8.371,2.809
4656,8.320,2.863
4657,8.175,2.826
4658,8.376,2.813
4659,8.238,2.886
4660,8.076,2.747
4661,8.278,2.813
4662,8.384,2.866
4663,8.289,2.776
4664,8.154,2.751
4665,8.037,2.735
4666,8.201,2.723
4667,8.195,2.867
4668,8.210,2.694
4669,8.172,2.699
4670,8.168,2.790
4671,8.066,2.652
4672,8.093,2.724
4673,8.132,2.650
4674,8.225,2.734
4675,8.086,2.733
4676,8.050,2.732
4677,8.096,2.717
4678,8.129,2.713
4679,8.313,2.739
4680,8.117,2.679
4681,8.080,2.736
4682,8.167,2.804
4683,8.114,2.851
4684,8.135,2.852
4685,8.313,2.968
4686,8.338,3.000
4687,8.305,2.992
4688,8.182,3.041
4689,8.070,3.053
4690,8.112,2.913
4691,8.274,2.978
4692,8.357,2.994
4693,8.174,2.955
4694,8.144,2.897
4695,7.960,2.824
4696,8.004,2.926
4697,7.923,2.834
4698,8.034,2.976
4699,8.037,3.075
4700,8.164,3.048
4701,7.971,3.050
4702,8.089,3.114
4703,7.945,3.129
4704,7.882,2.986
4705,8.048,2.985
4706,8.037,3.014
4707,8.101,3.009
4708,8.012,2.955
4709,8.001,2.933
4710,7.880,2.995
4711,7.913,2.954
4712,7.736,2.837
4713,7.716,2.895
4714,7.863,2.957
4715,7.928,3.058
4716,7.833,2.976
4717,7.890,2.922
4718,7.897,2.915
4719,7.899,2.817
4720,7.919,2.951
4721,8.069,2.852
4722,7.898,2.976
4723,7.885,2.953
4724,7.983,2.982
4725,7.716,2.946
4726,8.006,3.077
4727,8.041,2.969
4728,7.988,2.995
4729,7.804,3.019
4730,7.902,3.111
4731,7.723,2.982
4732,7.810,3.138
4733,7.709,3.085
4734,7.941,3.027
4735,7.979,3.023
4736,7.988,2.986
4737,8.005,2.885
4738,7.982,2.910
4739,8.106,2.950
4740,7.941,3.038
4741,7.994,2.991
4742,8.069,2.898
4743,8.228,2.975
4744,8.242,2.970
4745,8.278,2.907
4746,8.119,2.876
4747,7.960,2.821
4748,7.737,2.833
4749,7.830,2.821
4750,7.878,2.962
4751,7.920,2.782
4752,7.824,2.776
4753,7.931,2.906
4754,7.818,2.834
4755,7.912,2.877
4756,8.103,2.805
4757,8.183,2.855
4758,8.063,2.964
4759,8.029,2.959
4760,8.173,2.874
4761,8.129,2.801
4762,8.055,2.816
4763,8.175,2.877
4764,8.351,2.987
4765,8.301,3.084
4766,8.187,2.945
4767,7.934,3.081
4768,8.011,2.868
4769,8.138,2.906
4770,8.286,3.080
4771,8.118,3.109
4772,8.027,2.946
4773,7.965,2.939
4774,7.956,2.876
4775,8.103,3.003
4776,8.107,2.954
4777,8.076,2.973
4778,7.890,2.936
4779,7.886,3.043
4780,8.110,3.098
4781,8.217,3.099
4782,7.901,2.953
4783,7.959,3.077
4784,7.912,3.092
4785,7.740,3.016
4786,7.983,3.006
4787,7.974,3.128
4788,7.881,3.018
4789,7.752,2.989
4790,7.712,3.002
4791,7.639,3.009
4792,7.766,2.923
4793,7.692,2.934
4794,7.710,2.789
4795,7.560,2.909
4796,7.596,2.992
4797,7.514,2.976
4798,7.561,3.001
4799,7.431,2.906
4800,7.599,2.984
4801,7.554,2.989
4802,7.442,2.994
4803,7.409,2.715
4804,7.436,2.875
4805,7.522,2.954
4806,7.746,3.002
4807,7.623,2.786
4808,7.731,2.794
4809,7.648,2.730
4810,7.850,2.844
4811,7.770,2.861
4812,7.522,2.811
4813,7.446,2.901
4814,7.483,3.020
4815,7.614,3.091
4816,7.624,2.968
4817,7.606,3.036
4818,7.748,2.966
4819,7.585,2.890
4820,7.759,2.833
4821,7.733,2.877
4822,7.764,2.948
4823,7.693,2.997
4824,7.607,2.877
4825,7.587,3.028
4826,7.406,3.159
4827,7.384,3.087
4828,7.407,3.020
4829,7.402,3.003
4830,7.461,3.115
4831,7.314,3.118
4832,7.396,3.160
4833,7.457,3.256
4834,7.567,3.201
4835,7.565,3.148
4836,7.730,3.094
4837,7.716,3.063
4838,7.621,3.228
4839,7.760,3.262
4840,7.835,3.300
4841,7.888,3.448
4842,8.010,3.353
4843,7.748,3.308
4844,7.647,3.153
4845,7.477,3.386
4846,7.674,3.473
4847,7.614,3.495
4848,7.488,3.377
4849,7.568,3.355
4850,7.702,3.257
4851,7.761,3.360
4852,7.788,3.199
4853,7.836,3.160
4854,7.905,3.204
4855,8.026,3.169
4856,7.940,3.157
4857,7.838,3.026
4858,7.841,3.243
4859,7.991,3.206
4860,8.088,3.298
4861,8.104,3.182
4862,8.144,3.244
4863,7.985,3.182
4864,8.038,3.192
4865,8.151,3.181
4866,8.161,3.118
4867,7.983,3.178
4868,7.987,3.192
4869,7.952,3.195
4870,7.957,3.236
4871,8.002,3.240
4872,7.942,3.246
4873,7.956,3.322
4874,7.944,3.334
4875,7.985,3.348
4876,7.999,3.279
4877,7.885,3.343
4878,7.953,3.226
4879,8.017,3.384
4880,7.964,3.379
4881,7.882,3.267
4882,7.868,3.306
4883,7.846,3.298
4884,7.859,3.290
4885,7.895,3.390
4886,7.734,3.255
4887,7.854,3.311
4888,8.008,3.245
4889,7.893,3.352
4890,7.693,3.261
4891,7.790,3.327
4892,7.797,3.426
4893,7.978,3.654
4894,8.031,3.421
4895,8.134,3.524
4896,8.122,3.400
4897,7.967,3.350
4898,8.005,3.372
4899,7.972,3.354
4900,7.902,3.282
4901,8.081,3.305
4902,7.925,3.245
4903,8.048,3.237
4904,8.078,3.264
4905,8.202,3.264
4906,8.060,3.349
4907,8.042,3.190
4908,8.099,3.210
4909,8.065,3.217
4910,8.066,3.262
4911,8.072,3.297
4912,8.046,3.309
4913,7.984,3.232
4914,7.907,3.197
4915,7.989,3.183
4916,7.984,3.144
4917,7.870,3.156
4918,7.930,3.073
4919,7.854,3.034
4920,7.838,3.012
4921,7.988,3.160
4922,7.981,3.300
4923,8.007,3.314
4924,7.865,3.352
4925,7.931,3.140
4926,7.933,3.354
4927,8.069,3.252
4928,8.156,3.308
4929,8.157,3.307
4930,8.405,3.381
4931,8.136,3.230
4932,8.151,3.253
4933,8.214,3.271
4934,8.370,3.188
4935,8.509,3.173
4936,8.334,3.167
4937,8.149,3.044
4938,8.336,3.135
4939,8.346,3.217
4940,8.586,3.192
4941,8.564,3.196
4942,8.632,3.287
4943,8.442,3.219
4944,8.474,3.261
4945,8.415,3.281
4946,8.482,3.203
4947,8.624,3.280
4948,8.679,3.243
4949,8.702,3.202
4950,8.613,3.191
4951,8.493,3.192
4952,8.507,3.130
4953,8.536,3.243
4954,8.471,3.212
4955,8.470,3.205
4956,8.469,3.189
4957,8.381,3.103
4958,8.322,3.267
4959,8.416,3.277
4960,8.256,3.281
4961,8.305,3.392
4962,8.326,3.336
4963,8.205,3.337
4964,8.322,3.211
4965,8.378,3.154
4966,8.363,3.231
4967,8.284,3.122
4968,8.257,3.288
4969,8.274,3.332
4970,8.268,3.389
4971,8.142,3.291
4972,8.010,3.278
4973,8.070,3.351
4974,7.999,3.293
4975,7.899,3.372
4976,8.056,3.222
4977,8.033,3.180
4978,8.090,3.221
4979,8.018,3.307
4980,8.125,3.190
4981,8.052,3.269
4982,8.020,3.261
4983,8.047,3.312
4984,8.034,3.262
4985,7.768,3.188
4986,7.771,3.145
4987,7.695,3.096
4988,7.897,3.013
4989,7.857,3.003
4990,7.767,2.956
4991,8.014,2.973
4992,7.965,2.911
4993,7.972,2.925
4994,7.985,2.833
4995,7.998,2.882
4996,7.952,2.793
4997,7.907,2.774
4998,7.878,2.877
4999,7.894,2.863
5000,7.887,2.819
5001,7.892,2.912
5002,7.842,2.853
5003,7.936,2.885
5004,7.975,3.042
5005,7.929,2.868
5006,7.888,2.955
5007,8.065,3.074
5008,7.901,3.066
5009,7.917,2.933
5010,7.869,2.931
5011,8.043,3.056
5012,8.101,2.961
5013,7.914,2.809
5014,7.718,2.904
5015,7.623,2.771
5016,7.687,2.779
5017,7.818,2.835
5018,7.806,2.945
5019,8.014,2.907
5020,8.167,2.902
5021,7.921,3.017
5022,8.007,2.934
5023,7.984,2.850
5024,8.012,3.036
5025,8.049,2.923
5026,7.950,3.040
5027,8.060,3.098
5028,8.211,3.078
5029,7.996,3.013
5030,8.022,3.077
5031,7.953,3.074
5032,8.023,3.161
5033,7.975,3.055
5034,7.963,3.109
5035,7.803,2.975
5036,7.935,3.046
5037,8.002,2.941
5038,7.967,3.046
5039,7.939,2.891
5040,8.086,2.968
5041,8.041,2.918
5042,7.984,3.030
5043,8.061,2.918
5044,8.012,2.885
5045,8.167,3.000
5046,8.123,2.882
5047,8.251,2.986
5048,8.108,3.046
5049,8.132,2.985
5050,8.013,2.943
5051,8.116,3.002
5052,8.126,3.055
5053,8.078,3.131
5054,8.145,3.108
5055,8.192,3.177
5056,8.348,3.243
5057,8.187,3.093
5058,8.201,3.020
5059,8.294,3.015
5060,8.388,3.147
5061,8.448,3.096
5062,8.514,3.033
5063,8.531,3.116
5064,8.523,3.091
5065,8.619,3.156
5066,8.580,3.092
5067,8.385,3.044
5068,8.394,3.084
5069,8.433,3.083
5070,8.604,3.052
5071,8.661,3.073
5072,8.661,2.958
5073,8.558,3.082
5074,8.696,3.168
5075,8.737,3.043
5076,8.623,2.998
5077,8.600,3.056
5078,8.538,3.001
5079,8.646,3.113
5080,8.515,2.981
5081,8.425,3.067
5082,8.450,2.931
5083,8.306,3.058
5084,8.210,3.180
5085,8.261,3.188
5086,8.499,3.459
5087,8.347,3.347
5088,8.542,3.287
5089,8.529,3.211
5090,8.853,3.245
5091,8.864,3.342
5092,8.572,3.141
5093,8.694,3.072
5094,8.683,3.110
5095,8.655,2.987
5096,8.667,3.084
5097,8.635,3.062
5098,8.624,3.028
5099,8.740,3.047
5100,8.641,3.092
5101,8.533,3.048
5102,8.467,3.023
5103,8.562,3.127
5104,8.520,3.099
5105,8.508,2.965
5106,8.571,2.845
5107,8.504,2.902
5108,8.585,3.039
5109,8.723,3.023
5110,8.782,3.123
5111,8.789,3.086
5112,8.797,3.109
5113,8.812,3.077
5114,8.792,3.110
5115,8.758,3.021
5116,8.576,2.947
5117,8.436,2.934
5118,8.433,3.071
5119,8.485,3.018
5120,8.381,2.987
5121,8.400,3.042
5122,8.413,3.010
5123,8.484,2.975
5124,8.517,2.917
5125,8.600,2.959
5126,8.620,2.939
5127,8.484,2.914
5128,8.469,3.142
5129,8.356,2.949
5130,8.441,3.133
5131,8.549,3.135
5132,8.474,3.097
5133,8.420,3.004
5134,8.213,2.846
5135,8.194,2.904
5136,8.161,2.945
5137,8.039,2.867
5138,8.210,2.966
5139,8.094,2.799
5140,8.149,2.936
5141,8.282,2.970
5142,8.266,2.933
5143,8.231,2.966
5144,7.969,2.782
5145,8.065,2.848
5146,7.915,2.815
5147,7.998,3.012
5148,8.008,2.948
5149,7.994,3.025
5150,7.923,2.853
5151,8.037,2.855
5152,7.964,2.936
5153,8.072,2.945
5154,8.057,2.901
5155,8.071,2.897
5156,7.929,2.961
5157,8.096,3.059
5158,8.068,2.916
5159,8.349,2.974
5160,8.447,3.042
5161,8.275,2.920
5162,8.268,2.936
5163,8.327,2.886
5164,8.281,2.899
5165,8.220,2.966
5166,8.186,3.064
5167,8.363,3.079
5168,8.216,3.043
5169,8.200,3.090
5170,8.146,3.046
5171,8.213,3.115
5172,8.190,3.182
5173,8.297,3.049
5174,8.272,3.040
5175,8.373,3.170
5176,8.108,3.089
5177,8.194,3.060
5178,8.027,3.053
5179,8.151,2.978
5180,8.074,2.934
5181,8.111,3.151
5182,8.042,3.099
5183,8.188,3.030
5184,8.175,3.069
5185,8.267,3.000
5186,8.162,3.081
5187,8.303,3.206
5188,8.440,3.115
5189,8.181,3.111
5190,8.046,3.060
5191,7.932,2.970
5192,7.975,2.925
5193,7.976,2.929
5194,8.004,3.008
5195,8.020,2.995
5196,8.123,3.063
5197,8.250,3.089
5198,8.226,2.982
5199,8.228,3.153
5200,8.100,3.209
5201,8.027,3.202
5202,7.987,3.131
5203,8.014,3.038
5204,7.945,3.144
5205,8.165,3.110
5206,8.321,3.240
5207,8.173,3.195
5208,7.978,2.993
5209,8.250,3.237
5210,7.988,3.186
5211,7.964,3.226
5212,8.074,3.292
5213,8.118,3.215
5214,8.126,3.181
5215,8.202,3.334
5216,8.048,3.236
5217,8.028,3.201
5218,7.945,3.059
5219,7.978,3.149
5220,7.938,3.215
5221,7.962,3.226
5222,8.015,3.221
5223,7.827,3.138
5224,7.905,3.115
5225,7.808,3.160
5226,7.729,3.076
5227,7.735,2.992
5228,7.632,3.068
5229,7.755,3.096
5230,7.885,3.114
5231,7.769,2.995
5232,7.437,2.972
5233,7.465,3.041
5234,7.357,2.939
5235,7.494,2.973
5236,7.389,2.852
5237,7.697,2.919
5238,7.601,2.950
5239,7.625,3.135
5240,7.444,3.156
5241,7.435,3.144
5242,7.502,3.246
5243,7.448,3.014
5244,7.427,3.047
5245,7.293,3.088
5246,7.384,3.081
5247,7.539,3.106
5248,7.522,3.154
5249,7.382,3.088
5250,7.467,3.185
5251,7.534,3.063
5252,7.329,3.028
5253,7.310,2.971
5254,7.248,2.928
5255,7.404,2.887
5256,7.510,3.087
5257,7.654,3.108
5258,7.882,3.089
5259,7.814,3.188
5260,7.664,3.085
5261,7.760,3.191
5262,7.622,3.195
5263,7.638,3.214
5264,7.605,3.177
5265,7.594,3.043
5266,7.677,3.019
5267,7.716,2.885
5268,7.570,2.925
5269,7.659,2.891
5270,7.643,2.908
5271,7.495,2.897
5272,7.536,2.849
5273,7.434,2.810
5274,7.256,2.848
5275,7.326,2.851
5276,7.368,2.692
5277,7.505,2.880
5278,7.518,2.911
5279,7.692,2.882
5280,7.653,2.892
5281,7.702,2.814
5282,7.587,2.901
5283,7.416,2.845
5284,7.395,2.881
5285,7.465,2.827
5286,7.639,2.880
5287,7.589,2.870
5288,7.450,2.761
5289,7.398,2.806
5290,7.377,2.667
5291,7.510,2.648
5292,7.399,2.633
5293,7.465,2.577
5294,7.283,2.534
5295,7.365,2.613
5296,7.448,2.629
5297,7.291,2.638
5298,7.331,2.667
5299,7.334,2.575
5300,7.520,2.695
5301,7.390,2.638
5302,7.388,2.608
5303,7.422,2.644
5304,7.452,2.663
5305,7.365,2.736
5306,7.321,2.639
5307,7.300,2.626
5308,7.220,2.600
5309,7.250,2.698
5310,7.199,2.659
5311,7.350,2.662
5312,7.377,2.788
5313,7.440,2.785
5314,7.491,2.794
5315,7.606,2.815
5316,7.465,2.832
5317,7.434,2.771
5318,7.496,2.734
5319,7.404,2.633
5320,7.504,2.648
5321,7.457,2.721
5322,7.470,2.653
5323,7.346,2.624
5324,7.446,2.628
5325,7.516,2.664
5326,7.500,2.704
5327,7.432,2.669
5328,7.357,2.633
5329,7.538,2.701
5330,7.559,2.660
5331,7.445,2.679
5332,7.443,2.647
5333,7.206,2.582
5334,7.416,2.646
5335,7.412,2.764
5336,7.348,2.723
5337,7.384,2.820
5338,7.467,2.944
5339,7.271,2.690
5340,7.377,2.737
5341,7.291,2.711
5342,7.303,2.829
5343,7.273,2.748
5344,7.221,2.656
5345,7.194,2.564
5346,7.236,2.652
5347,7.225,2.617
5348,7.107,2.655
5349,7.153,2.701
5350,7.255,2.745
5351,7.392,2.825
5352,7.303,2.712
5353,7.320,2.622
5354,7.277,2.541
5355,7.307,2.637
5356,7.399,2.712
5357,7.329,2.607
5358,7.397,2.596
5359,7.565,2.688
5360,7.505,2.677
5361,7.466,2.668
5362,7.503,2.703
5363,7.540,2.637
5364,7.523,2.695
5365,7.452,2.664
5366,7.342,2.708
5367,7.261,2.653
5368,7.324,2.618
5369,7.319,2.611
5370,7.309,2.631
5371,7.150,2.571
5372,7.351,2.626
5373,7.434,2.784
5374,7.324,2.799
5375,7.203,2.703
5376,7.348,2.750
5377,7.403,2.820
5378,7.328,2.814
5379,7.482,2.865
5380,7.543,2.788
5381,7.579,2.760
5382,7.616,2.657
5383,7.537,2.808
5384,7.455,2.794
5385,7.422,2.676
5386,7.438,2.714
5387,7.156,2.657
5388,7.202,2.802
5389,7.231,2.831
5390,7.160,2.798
5391,7.246,2.809
5392,7.268,2.851
5393,7.502,2.794
5394,7.603,2.733
5395,7.504,2.814
5396,7.488,2.961
5397,7.642,2.969
5398,7.694,3.006
5399,7.614,2.864
5400,7.516,2.853
5401,7.454,2.888
5402,7.339,2.868
5403,7.371,2.851
5404,7.247,2.794
5405,7.417,2.775
5406,7.443,2.855
5407,7.624,2.855
5408,7.509,2.929
5409,7.465,3.046
5410,7.662,3.007
5411,7.670,2.884
5412,7.551,2.837
5413,7.539,2.878
5414,7.661,2.906
5415,7.657,2.840
5416,7.571,2.732
5417,7.698,2.721
5418,7.522,2.677
5419,7.514,2.766
5420,7.563,2.676
5421,7.400,2.629
5422,7.497,2.666
5423,7.601,2.681
5424,7.541,2.629
5425,7.524,2.678
5426,7.429,2.620
5427,7.562,2.692
5428,7.605,2.822
5429,7.631,2.825
5430,7.605,2.650
5431,7.618,2.667
5432,7.568,2.601
5433,7.576,2.692
5434,7.672,2.765
5435,7.667,2.838
5436,7.568,2.869
5437,7.608,2.898
5438,7.534,2.889
5439,7.555,2.865
5440,7.505,2.793
5441,7.500,2.783
5442,7.415,2.830
5443,7.452,2.784
5444,7.639,2.849
5445,7.715,2.731
5446,7.759,2.805
5447,7.641,2.815
5448,7.645,2.758
5449,7.785,2.861
5450,7.742,2.812
5451,7.760,2.881
5452,7.879,2.837
5453,7.893,2.834
5454,7.759,2.859
5455,7.764,2.828
5456,7.822,2.770
5457,7.778,2.867
5458,7.784,2.817
5459,7.679,2.820
5460,7.679,2.919
5461,7.828,2.854
5462,7.846,2.807
5463,8.104,2.878
5464,8.069,3.019
5465,7.912,2.810
5466,7.790,2.838
5467,8.003,2.890
5468,8.002,2.843
5469,8.002,2.807
5470,8.001,2.833
5471,8.201,2.870
5472,8.071,2.805
5473,8.155,2.823
5474,8.033,2.731
5475,7.960,2.778
5476,7.829,2.874
5477,7.880,2.842
5478,7.784,2.658
5479,7.823,2.877
5480,7.946,2.811
5481,7.907,2.944
5482,7.850,2.951
5483,7.897,2.947
5484,7.894,2.948
5485,7.957,2.974
5486,7.787,2.898
5487,7.822,2.975
5488,7.914,2.958
5489,7.897,3.075
5490,7.959,3.043
5491,7.828,2.978
5492,7.877,3.087
5493,7.807,3.068
5494,7.835,3.018
5495,7.990,2.961
5496,7.812,2.980
5497,7.766,3.085
5498,7.817,3.093
5499,7.863,3.021
5500,7.832,3.005
5501,7.762,3.032
5502,7.735,2.968
5503,7.785,2.885
5504,7.592,2.842
5505,7.781,2.920
5506,7.657,3.056
5507,7.547,3.078
5508,7.559,3.045
5509,7.609,3.086
5510,7.468,3.050
5511,7.408,3.020
5512,7.424,3.052
5513,7.620,3.104
5514,7.425,3.023
5515,7.583,3.058
5516,7.557,2.942
5517,7.530,3.074
5518,7.480,3.043
5519,7.539,2.966
5520,7.558,3.045
5521,7.561,3.067
5522,7.632,3.023
5523,7.388,2.991
5524,7.347,2.945
5525,7.333,3.005
5526,7.300,2.917
5527,7.319,2.886
5528,7.081,2.803
5529,7.298,2.926
5530,7.349,2.944
5531,7.324,2.914
5532,7.239,2.867
5533,7.283,2.895
5534,7.242,2.729
5535,7.388,2.930
5536,7.463,2.826
5537,7.631,3.100
5538,7.511,3.022
5539,7.442,3.055
5540,7.450,3.011
5541,7.358,2.935
5542,7.423,2.953
5543,7.296,2.981
5544,7.405,2.980
5545,7.449,2.909
5546,7.374,2.761
5547,7.512,2.782
5548,7.376,2.678
5549,7.404,2.918
5550,7.390,2.832
5551,7.397,2.911
5552,7.389,2.850
5553,7.324,2.831
5554,7.417,2.867
5555,7.407,2.908
5556,7.435,2.973
5557,7.518,2.919
5558,7.514,2.964
5559,7.369,2.975
5560,7.377,2.980
5561,7.518,2.961
5562,7.497,2.932
5563,7.569,3.001
5564,7.416,3.057
5565,7.450,3.023
5566,7.508,2.961
5567,7.411,3.010
5568,7.421,2.928
5569,7.446,2.908
5570,7.416,2.836
5571,7.486,2.901
5572,7.336,2.961
5573,7.421,3.061
5574,7.225,2.974
5575,7.287,2.979
5576,7.362,2.970
5577,7.345,2.907
5578,7.336,3.085
5579,7.325,2.995
5580,7.451,2.888
5581,7.638,3.002
5582,7.619,2.934
5583,7.645,2.964
5584,7.687,2.962
5585,7.679,2.924
5586,7.582,2.788
5587,7.548,2.695
5588,7.539,2.754
5589,7.541,2.791
5590,7.576,2.893
5591,7.417,2.719
5592,7.552,2.830
5593,7.518,2.967
5594,7.642,2.857
5595,7.534,2.930
5596,7.663,2.955
5597,7.672,3.082
5598,7.488,2.961
5599,7.547,2.983
5600,7.655,3.094
5601,7.748,3.145
5602,7.713,3.134
5603,7.481,2.896
5604,7.649,3.068
5605,7.628,3.180
5606,7.680,3.050
5607,7.604,2.932
5608,7.656,3.163
5609,7.703,3.101
5610,7.697,3.020
5611,7.694,3.053
5612,7.814,3.150
5613,7.774,3.204
5614,7.638,2.970
5615,7.691,3.081
5616,7.498,3.002
5617,7.573,2.976
5618,7.474,3.016
5619,7.522,2.919
5620,7.747,2.945
5621,7.761,3.039
5622,7.812,3.133
5623,7.671,2.942
5624,7.648,2.850
5625,7.721,2.904
5626,7.590,2.963
5627,7.644,3.023
5628,7.670,3.027
5629,7.756,3.037
5630,7.723,2.930
5631,7.856,3.009
5632,7.792,2.925
5633,7.972,2.880
5634,7.981,2.848
5635,7.687,2.900
5636,7.713,2.957
5637,7.711,3.026
5638,7.630,2.983
5639,7.713,2.972
5640,7.706,2.876
5641,7.761,2.942
5642,7.505,2.914
5643,7.779,2.934
5644,7.811,2.864
5645,7.691,2.894
5646,7.592,2.816
5647,7.586,2.848
5648,7.493,2.684
5649,7.425,2.762
5650,7.487,2.874
5651,7.415,2.987
5652,7.336,2.822
5653,7.447,2.848
5654,7.319,2.881
5655,7.364,2.795
5656,7.537,2.925
5657,7.391,2.774
5658,7.431,2.956
5659,7.483,2.998
5660,7.475,2.911
5661,7.397,2.911
5662,7.576,3.013
5663,7.541,2.946
5664,7.475,2.854
5665,7.506,2.829
5666,7.556,2.973
5667,7.524,2.880
5668,7.506,2.869
5669,7.538,2.894
5670,7.412,2.969
5671,7.300,2.852
5672,7.276,2.912
5673,7.307,2.879
5674,7.374,2.769
5675,7.396,2.818
5676,7.366,2.853
5677,7.327,2.875
5678,7.213,2.814
5679,7.273,2.887
5680,7.243,2.891
5681,7.230,2.758
5682,7.171,2.853
5683,7.028,2.859
5684,7.195,2.821
5685,7.242,2.880
5686,7.375,2.839
5687,7.642,2.955
5688,7.486,3.003
5689,7.373,2.951
5690,7.333,2.992
5691,7.550,3.021
5692,7.564,3.056
5693,7.509,3.108
5694,7.368,2.799
5695,7.404,2.860
5696,7.405,2.915
5697,7.388,2.977
5698,7.408,3.068
5699,7.390,3.075
5700,7.396,3.074
5701,7.329,3.014
5702,7.276,2.920
5703,7.292,2.984
5704,7.389,2.937
5705,7.500,2.801
5706,7.415,2.805
5707,7.467,2.830
5708,7.487,2.822
5709,7.585,3.015
5710,7.724,2.972
5711,7.777,2.931
5712,7.754,3.004
5713,7.687,2.852
5714,7.585,2.858
5715,7.562,2.833
5716,7.615,2.863
5717,7.540,2.820
5718,7.514,2.824
5719,7.349,2.867
5720,7.401,2.991
5721,7.348,2.909
5722,7.452,2.988
5723,7.544,3.109
5724,7.534,3.065
5725,7.468,2.931
5726,7.443,3.027
5727,7.332,3.019
5728,7.386,2.882
5729,7.476,2.933
5730,7.367,2.820
5731,7.405,2.789
5732,7.534,2.873
5733,7.666,2.862
5734,7.693,2.941
5735,7.716,2.917
5736,7.853,2.957
5737,7.817,2.844
5738,7.762,2.823
5739,7.734,2.791
5740,7.869,2.788
5741,7.763,2.755
5742,7.836,2.757
5743,7.780,2.786
5744,7.795,2.750
5745,7.758,2.857
5746,7.787,2.929
5747,7.588,2.814
5748,7.528,2.802
5749,7.695,2.891
5750,7.554,2.865
5751,7.681,2.815
5752,7.630,2.848
5753,7.615,2.893
5754,7.575,2.757
5755,7.661,2.928
5756,7.641,2.781
5757,7.672,2.863
5758,7.768,2.985
5759,7.632,2.906
5760,7.603,2.939
5761,7.621,2.873
5762,7.693,2.850
5763,7.986,2.923
5764,7.945,2.892
5765,7.881,2.924
5766,7.771,2.941
5767,7.768,3.034
5768,7.830,2.969
5769,7.898,2.888
5770,7.971,3.031
5771,8.042,3.094
5772,8.006,3.088
5773,7.886,3.038
5774,7.856,3.122
5775,7.797,3.058
5776,7.852,3.110
5777,7.845,3.139
5778,7.866,3.112
5779,7.904,3.020
5780,7.889,3.023
5781,7.817,2.997
5782,7.935,3.029
5783,7.905,2.984
5784,7.793,3.023
5785,7.716,3.002
5786,7.833,3.072
5787,7.929,3.083
5788,7.828,3.074
5789,8.006,3.032
5790,7.941,3.059
5791,7.943,3.130
5792,8.017,3.111
5793,8.127,3.023
5794,8.019,3.043
5795,7.930,2.945
5796,8.011,3.061
5797,8.006,3.090
5798,7.916,3.153
5799,7.745,2.982
5800,7.806,2.915
5801,7.888,3.004
5802,8.024,3.010
5803,7.993,3.070
5804,7.923,3.020
5805,7.806,3.015
5806,8.021,3.194
5807,7.987,3.097
5808,8.095,3.061
5809,7.999,2.990
5810,7.988,3.047
5811,8.169,3.069
5812,8.096,3.107
5813,7.993,3.136
5814,7.985,3.128
5815,8.074,3.060
5816,8.108,3.069
5817,8.157,3.078
5818,8.073,3.112
5819,8.037,3.125
5820,8.065,3.009
5821,8.107,2.899
5822,8.068,2.851
5823,8.041,3.050
5824,7.986,3.023
5825,8.078,2.941
5826,8.039,2.903
5827,7.874,2.895
5828,8.093,2.877
5829,8.067,2.935
5830,8.038,2.783
5831,8.099,2.804
5832,8.022,2.844
5833,8.048,2.685
5834,8.165,2.745
5835,8.078,2.668
5836,8.123,2.727
5837,8.307,2.779
5838,8.156,2.650
5839,8.110,2.691
5840,8.099,2.706
5841,8.050,2.778
5842,7.914,2.621
5843,7.917,2.712
5844,7.894,2.831
5845,7.834,2.798
5846,7.857,2.774
5847,8.025,2.742
5848,8.059,2.868
5849,7.976,2.759
5850,8.025,2.836
5851,7.860,2.718
5852,7.765,2.689
5853,7.729,2.903
5854,7.869,2.890
5855,7.748,2.791
5856,7.794,2.672
5857,7.754,2.751
5858,7.803,2.742
5859,7.761,2.784
5860,7.725,2.735
5861,7.778,2.804
5862,7.784,2.670
5863,7.790,2.702
5864,7.903,2.751
5865,7.881,2.680
5866,7.728,2.650
5867,8.046,2.710
5868,8.093,2.709
5869,8.103,2.730
5870,8.137,2.634
5871,8.103,2.756
5872,8.015,2.682
5873,8.051,2.768
5874,8.034,2.795
5875,8.141,2.691
5876,8.110,2.650
5877,8.180,2.733
5878,8.125,2.709
5879,8.228,2.653
5880,8.436,2.704
5881,8.453,2.796
5882,8.318,2.810
5883,8.478,2.842
5884,8.311,2.838
5885,8.153,2.810
5886,8.179,2.810
5887,8.204,2.724
5888,8.089,2.801
5889,8.067,2.778
5890,8.075,2.868
5891,8.262,3.080
5892,8.217,2.887
5893,8.296,2.836
5894,8.397,2.825
5895,8.475,2.874
5896,8.412,3.006
5897,8.432,2.905
5898,8.318,2.960
5899,8.459,2.942
5900,8.410,2.957
5901,8.274,2.957
5902,8.388,2.892
5903,8.145,2.876
5904,8.124,2.946
5905,8.147,2.880
5906,8.204,2.956
5907,8.017,2.802
5908,8.034,2.923
5909,8.052,2.986
5910,8.061,2.868
5911,8.187,2.930
5912,8.104,2.970
5913,8.125,2.872
5914,8.161,2.873
5915,8.372,3.013
5916,8.180,2.738
5917,8.248,2.815
5918,8.284,2.807
5919,8.110,2.885
5920,8.231,2.975
5921,8.171,2.984
5922,8.197,2.986
5923,8.146,2.998
5924,7.894,2.913
5925,8.051,2.863
5926,7.865,2.836
5927,7.993,2.980
5928,7.870,2.916
5929,7.900,3.011
5930,7.923,3.012
5931,8.005,3.000
5932,8.040,3.013
5933,8.086,2.945
5934,7.931,2.915
5935,8.134,2.922
5936,8.142,3.015
5937,8.098,2.919
5938,8.211,2.996
5939,8.134,2.967
5940,7.995,3.034
5941,7.877,2.956
5942,8.023,2.963
5943,8.075,2.979
5944,8.103,2.982
5945,8.206,2.935
5946,7.914,3.000
5947,7.882,2.888
5948,8.014,2.905
5949,8.135,2.900
5950,8.126,2.831
5951,8.034,2.854
5952,7.957,2.886
5953,7.977,2.883
5954,7.890,2.773
5955,8.034,2.737
5956,7.925,2.865
5957,7.899,2.837
5958,7.910,2.819
5959,7.852,2.922
5960,7.799,2.964
5961,7.936,3.061
5962,8.008,3.188
5963,8.293,3.097
5964,8.276,3.049
5965,8.285,3.107
5966,8.382,3.213
5967,8.370,3.031
5968,8.345,3.020
5969,8.184,2.982
5970,8.342,3.219
5971,8.340,3.140
5972,8.361,3.004
5973,8.363,3.050
5974,8.247,3.029
5975,8.081,3.044
5976,8.121,3.082
5977,8.341,3.073
5978,8.275,3.025
5979,8.256,3.056
5980,8.135,3.026
5981,8.128,3.096
5982,8.092,3.030
5983,7.956,2.946
5984,8.015,2.950
5985,8.076,2.871
5986,7.981,2.951
5987,8.005,2.997
5988,8.155,2.862
5989,8.040,2.949
5990,8.051,2.972
5991,7.912,2.870
5992,8.271,2.933
5993,8.089,2.948
5994,8.124,2.984
5995,7.963,2.956
5996,8.022,2.926
5997,8.053,2.958
5998,7.990,2.881
5999,8.043,2.880
6000,7.912,2.791
6001,7.949,2.882
6002,7.950,2.946
6003,8.128,2.854
6004,8.027,2.928
6005,7.919,2.844
6006,7.840,2.913
6007,7.873,2.835
6008,7.922,2.790
6009,8.002,2.726
6010,7.921,2.886
6011,7.911,2.853
6012,7.918,2.791
6013,7.825,2.732
6014,8.005,2.849
6015,7.955,2.875
6016,8.139,2.859
6017,8.151,2.916
6018,8.271,3.031
6019,8.187,3.006
6020,8.011,2.875
6021,8.141,2.956
6022,8.257,3.054
6023,8.451,3.092
6024,8.429,3.093
6025,8.530,3.157
6026,8.530,3.124
6027,8.260,3.057
6028,8.199,2.917
6029,8.339,3.047
6030,8.328,3.003
6031,8.334,3.048
6032,8.309,3.072
6033,8.310,3.052
6034,8.223,2.985
6035,8.372,3.007
6036,8.208,2.999
6037,8.413,3.086
6038,8.334,3.055
6039,8.500,3.057
6040,8.385,3.115
6041,8.375,3.087
6042,8.363,3.052
6043,8.419,3.066
6044,8.248,3.101
6045,8.412,3.181
6046,8.333,3.180
6047,8.348,3.115
6048,8.340,3.119
6049,8.289,3.138
6050,8.200,3.069
6051,8.171,3.022
6052,8.143,2.972
6053,8.093,2.940
6054,8.237,3.036
6055,8.311,2.861
6056,8.226,2.937
6057,8.116,2.908
6058,8.171,3.010
6059,8.127,2.962
6060,8.050,2.925
6061,8.008,2.956
6062,8.102,3.024
6063,8.153,2.931
6064,8.107,2.944
6065,8.177,2.884
6066,8.178,2.850
6067,8.188,2.848
6068,8.230,2.917
6069,8.299,2.912
6070,8.427,2.942
6071,8.391,2.989
6072,8.276,2.991
6073,8.342,3.062
6074,8.422,3.008
6075,8.377,2.965
6076,8.563,3.003
6077,8.468,3.100
6078,8.591,3.157
6079,8.597,3.068
6080,8.497,2.877
6081,8.398,2.983
6082,8.456,2.935
6083,8.586,2.934
6084,8.620,2.985
6085,8.670,2.889
6086,8.871,2.953
6087,8.646,2.914
6088,8.724,3.050
6089,8.913,2.985
6090,8.728,2.988
6091,8.620,3.066
6092,8.583,2.992
6093,8.675,2.908
6094,8.558,2.968
6095,8.560,2.970
6096,8.406,2.892
6097,8.552,2.879
6098,8.548,2.930
6099,8.550,2.907
6100,8.572,2.893
6101,8.426,2.980
6102,8.330,2.962
6103,8.129,2.843
6104,8.283,2.888
6105,8.459,3.054
6106,8.488,3.042
6107,8.552,3.028
6108,8.553,2.962
6109,8.488,3.008
6110,8.535,3.032
6111,8.334,3.082
6112,8.434,2.952
6113,8.194,2.974
6114,8.392,3.009
6115,8.272,2.855
6116,8.280,2.838
6117,8.267,2.910
6118,8.351,2.947
6119,8.356,2.830
6120,8.248,2.788
6121,8.345,2.831
6122,8.367,2.940
6123,8.427,2.939
6124,8.410,2.918
6125,8.376,2.859
6126,8.398,2.878
6127,8.454,2.828
6128,8.406,2.867
6129,8.414,3.028
6130,8.309,3.003
6131,8.357,2.972
6132,8.175,3.002
6133,8.190,2.928
6134,8.072,3.030
6135,8.083,3.061
6136,7.986,3.059
6137,8.051,3.055
6138,7.914,2.935
6139,8.033,3.030
6140,7.953,3.032
6141,7.810,2.948
6142,7.777,2.917
6143,7.967,2.953
6144,8.016,2.993
6145,7.961,2.907
6146,7.945,3.027
6147,8.118,3.032
6148,7.973,2.931
6149,8.257,3.010
6150,8.264,2.906
6151,8.396,2.939
6152,8.257,2.967
6153,8.234,2.908
6154,8.258,3.019
6155,7.998,2.836
6156,8.277,3.042
6157,8.326,3.038
6158,8.278,2.876
6159,8.197,2.863
6160,8.221,2.832
6161,8.297,2.886
6162,8.427,2.882
6163,8.371,2.981
6164,8.432,2.846
6165,8.446,2.869
6166,8.579,2.813
6167,8.330,2.783
6168,8.494,2.778
6169,8.551,2.874
6170,8.568,2.908
6171,8.560,2.919
6172,8.368,2.806
6173,8.455,2.888
6174,8.482,2.944
6175,8.405,2.958
6176,8.291,2.959
6177,8.410,2.956
6178,8.343,2.813
6179,8.323,2.926
6180,8.254,3.001
6181,8.086,2.887
6182,8.211,2.983
6183,8.425,2.997
6184,8.375,2.910
6185,8.476,2.949
6186,8.362,2.819
6187,8.286,2.863
6188,8.359,2.893
6189,8.404,3.030
6190,8.299,2.985
6191,8.404,2.978
6192,8.438,2.999
6193,8.451,2.965
6194,8.499,2.997
6195,8.460,3.021
6196,8.500,3.010
6197,8.423,3.060
6198,8.365,3.025
6199,8.403,2.999
6200,8.496,3.163
6201,8.492,3.135
6202,8.533,3.065
6203,8.462,2.995
6204,8.284,2.881
6205,8.346,3.003
6206,8.413,2.985
6207,8.173,2.886
6208,8.233,2.896
6209,8.260,2.883
6210,8.381,2.853
6211,8.510,2.792
6212,8.511,2.755
6213,8.327,2.802
6214,8.420,2.799
6215,8.452,2.727
6216,8.597,2.742
6217,8.760,2.812
6218,8.671,2.889
6219,8.431,2.976
6220,8.305,2.854
6221,8.405,2.951
6222,8.495,2.984
6223,8.569,2.995
6224,8.506,2.942
6225,8.446,3.023
6226,8.368,2.905
6227,8.351,2.911
6228,8.289,2.959
6229,8.495,2.908
6230,8.600,2.992
6231,8.570,2.955
6232,8.675,2.891
6233,8.526,2.896
6234,8.453,2.876
6235,8.327,2.776
6236,8.381,2.948
6237,8.267,2.919
6238,8.271,2.902
6239,8.307,3.021
6240,8.263,3.094
6241,8.253,2.899
6242,8.300,2.865
6243,8.339,2.888
6244,8.239,2.820
6245,8.160,2.776
6246,8.138,2.696
6247,8.245,2.751
6248,8.372,2.808
6249,8.343,2.822
6250,8.338,2.726
6251,8.310,2.700
6252,8.304,2.706
6253,8.419,2.700
6254,8.404,2.798
6255,8.158,2.764
6256,8.373,2.810
6257,8.218,2.754
6258,8.200,2.717
6259,8.217,2.752
6260,8.186,2.875
6261,8.354,2.848
6262,8.357,2.754
6263,8.317,2.768
6264,8.277,2.851
6265,8.295,2.807
6266,8.418,2.772
6267,8.273,2.853
6268,8.288,2.812
6269,8.289,2.771
6270,8.207,2.891
6271,8.380,2.914
6272,8.350,2.923
6273,8.226,2.824
6274,8.342,2.810
6275,8.326,2.833
6276,8.216,2.861
6277,8.146,2.850
6278,8.258,2.910
6279,8.285,2.896
6280,8.228,2.894
6281,8.190,2.903
6282,8.313,2.982
6283,8.247,2.928
6284,8.254,3.027
6285,8.052,2.962
6286,8.163,3.052
6287,8.183,3.002
6288,8.217,3.008
6289,8.219,2.970
6290,8.172,2.994
6291,8.197,3.011
6292,8.357,3.226
6293,8.346,3.130
6294,8.270,3.220
6295,8.183,3.092
6296,8.120,3.070
6297,7.959,3.017
6298,8.172,2.995
6299,8.122,3.170
6300,8.135,3.098
6301,8.131,3.115
6302,7.906,3.044
6303,7.723,2.938
6304,7.800,2.887
6305,7.933,2.862
6306,8.055,2.956
6307,7.992,2.957
6308,8.082,3.027
6309,8.055,3.012
6310,8.021,2.908
6311,8.087,2.954
6312,8.023,3.019
6313,7.885,2.906
6314,8.078,2.985
6315,7.949,2.950
6316,7.925,2.940
6317,7.959,2.977
6318,8.049,3.013
6319,8.216,3.129
6320,8.162,2.941
6321,8.165,3.020
6322,8.239,3.049
6323,8.067,3.033
6324,7.951,2.973
6325,8.026,3.024
6326,8.102,3.017
6327,8.134,3.011
6328,7.990,2.997
6329,8.035,2.935
6330,7.925,2.905
6331,8.029,2.827
6332,7.994,2.954
6333,7.999,3.024
6334,7.836,3.034
6335,8.006,2.992
6336,7.984,2.912
6337,7.944,2.941
6338,7.927,2.877
6339,7.772,2.929
6340,7.716,3.024
6341,7.753,2.921
6342,7.851,2.907
6343,7.932,2.976
6344,7.763,2.923
6345,7.922,2.892
6346,7.812,2.941
6347,7.697,2.928
6348,7.721,3.028
6349,7.748,3.052
6350,7.667,3.123
6351,7.670,3.150
6352,7.626,3.147
6353,7.676,3.181
6354,7.769,3.198
6355,7.827,3.068
6356,7.816,3.104
6357,7.825,3.073
6358,7.713,3.020
6359,7.808,3.014
6360,7.736,2.930
6361,7.721,2.920
6362,7.649,2.880
6363,7.790,3.102
6364,7.781,3.096
6365,7.685,2.999
6366,7.765,2.976
6367,7.685,3.021
6368,7.804,3.073
6369,7.821,2.997
6370,7.839,2.998
6371,7.855,3.189
6372,7.822,3.111
6373,7.878,3.162
6374,7.969,3.082
6375,7.965,3.060
6376,8.013,2.979
6377,7.916,3.050
6378,7.820,2.998
6379,8.010,3.116
6380,7.918,3.066
6381,8.056,3.118
6382,8.011,3.131
6383,8.029,3.191
6384,8.016,3.080
6385,8.110,3.200
6386,7.993,3.110
6387,8.066,3.088
6388,8.109,3.199
6389,7.891,3.205
6390,7.972,3.127
6391,7.970,3.187
6392,8.009,3.180
6393,7.905,3.186
6394,7.953,3.142
6395,7.861,3.070
6396,7.937,3.124
6397,7.917,2.970
6398,8.128,3.030
6399,8.030,3.090
6400,8.013,3.140
6401,8.150,3.120
6402,8.066,3.116
6403,7.963,3.024
6404,7.779,2.944
6405,7.871,3.075
6406,7.871,3.067
6407,7.744,3.055
6408,7.858,3.123
6409,7.855,3.030
6410,7.759,2.927
6411,7.797,2.902
6412,7.747,2.976
6413,7.664,3.088
6414,7.671,3.002
6415,7.580,3.024
6416,7.693,3.124
6417,7.742,3.052
6418,7.738,2.955
6419,7.702,2.958
6420,7.810,2.983
6421,7.907,2.993
6422,7.875,3.027
6423,7.926,3.031
6424,7.946,2.951
6425,7.798,2.963
6426,7.767,2.949
6427,7.881,2.962
6428,7.905,2.904
6429,7.925,2.904
6430,8.153,3.067
6431,8.004,3.058
6432,8.179,2.974
6433,8.288,3.029
6434,8.306,2.992
6435,8.498,2.990
6436,8.564,3.124
6437,8.281,3.012
6438,8.364,3.122
6439,8.359,3.126
6440,8.260,2.928
6441,8.327,3.003
6442,8.409,3.011
6443,8.366,3.046
6444,8.464,3.040
6445,8.431,3.035
6446,8.509,3.046
6447,8.492,2.910
6448,8.630,2.995
6449,8.675,2.990
6450,8.702,2.963
6451,8.666,2.997
6452,8.525,2.985
6453,8.621,3.085
6454,8.632,3.201
6455,8.521,3.055
6456,8.601,3.050
6457,8.608,3.068
6458,8.400,2.995
6459,8.453,3.143
6460,8.391,3.108
6461,8.517,3.172
6462,8.335,3.043
6463,8.407,3.145
6464,8.380,3.051
6465,8.380,2.920
6466,8.450,2.865
6467,8.473,2.948
6468,8.404,3.018
6469,8.295,2.991
6470,8.371,2.998
6471,8.277,2.975
6472,8.466,2.984
6473,8.291,2.924
6474,8.425,3.107
6475,8.338,3.059
6476,8.209,3.070
6477,8.184,2.986
6478,8.077,3.018
6479,8.219,3.098
6480,8.324,3.092
6481,8.475,3.182
6482,8.394,3.088
6483,8.414,3.016
6484,8.415,3.053
6485,8.516,2.991
6486,8.592,3.054
6487,8.520,3.061
6488,8.225,3.049
6489,8.301,3.148
6490,8.229,3.221
6491,8.293,3.290
6492,8.301,3.085
6493,8.426,3.090
6494,8.403,3.169
6495,8.412,3.204
6496,8.533,3.238
6497,8.489,3.225
6498,8.301,3.304
6499,8.421,3.233
6500,8.477,3.214
6501,8.406,3.255
6502,8.530,3.169
6503,8.623,3.254
6504,8.510,3.260
6505,8.516,3.045
6506,8.575,3.073
6507,8.546,3.135
6508,8.447,3.128
6509,8.381,3.201
6510,8.291,3.203
6511,8.323,3.245
6512,8.287,3.201
6513,8.219,3.204
6514,8.124,3.202
6515,8.219,3.257
6516,8.161,3.175
6517,8.504,3.323
6518,8.528,3.393
6519,8.457,3.381
6520,8.481,3.398
6521,8.395,3.361
6522,8.528,3.441
6523,8.550,3.478
6524,8.465,3.398
6525,8.343,3.409
6526,8.510,3.526
6527,8.389,3.320
6528,8.391,3.258
6529,8.355,3.281
6530,8.394,3.345
6531,8.496,3.418
6532,8.542,3.342
6533,8.574,3.420
6534,8.634,3.431
6535,8.602,3.592
6536,8.450,3.524
6537,8.318,3.378
6538,8.079,3.315
6539,8.269,3.404
6540,8.291,3.498
6541,8.546,3.634
6542,8.250,3.562
6543,8.203,3.424
6544,8.164,3.449
6545,8.217,3.420
6546,8.451,3.503
6547,8.630,3.552
6548,8.515,3.630
6549,8.577,3.729
6550,8.506,3.541
6551,8.566,3.543
6552,8.519,3.624
6553,8.559,3.600
6554,8.644,3.557
6555,8.556,3.582
6556,8.567,3.551
6557,8.459,3.479
6558,8.515,3.580
6559,8.484,3.592
6560,8.395,3.332
6561,8.419,3.271
6562,8.329,3.206
6563,8.187,3.193
6564,8.088,3.351
6565,8.089,3.395
6566,8.009,3.385
6567,8.135,3.287
6568,8.249,3.341
6569,8.432,3.442
6570,8.387,3.500
6571,8.334,3.431
6572,8.384,3.365
6573,8.511,3.415
6574,8.484,3.379
6575,8.598,3.339
6576,8.762,3.371
6577,8.583,3.260
6578,8.453,3.229
6579,8.348,3.288
6580,8.618,3.381
6581,8.622,3.305
6582,8.768,3.442
6583,8.557,3.449
6584,8.621,3.434
6585,8.595,3.460
6586,8.655,3.454
6587,8.602,3.560
6588,8.544,3.648
6589,8.369,3.565
6590,8.490,3.471
6591,8.402,3.533
6592,8.480,3.362
6593,8.306,3.368
6594,8.412,3.338
6595,8.514,3.408
6596,8.595,3.346
6597,8.582,3.391
6598,8.528,3.172
6599,8.497,3.186
6600,8.465,3.282
6601,8.432,3.109
6602,8.588,3.169
6603,8.614,3.291
6604,8.726,3.326
6605,8.613,3.312
6606,8.464,3.160
6607,8.390,3.185
6608,8.367,3.123
6609,8.254,3.193
6610,8.313,3.163
6611,8.318,3.171
6612,8.375,3.192
6613,8.379,3.240
6614,8.405,3.328
6615,8.487,3.330
6616,8.294,3.203
6617,8.398,3.285
6618,8.430,3.355
6619,8.613,3.439
6620,8.563,3.398
6621,8.367,3.279
6622,8.319,3.308
6623,8.550,3.416
6624,8.495,3.321
6625,8.597,3.252
6626,8.410,3.132
6627,8.394,3.211
6628,8.203,3.170
6629,8.222,3.269
6630,8.249,3.280
6631,8.151,3.281
6632,8.228,3.354
6633,8.290,3.249
6634,8.406,3.230
6635,8.585,3.364
6636,8.668,3.296
6637,8.494,3.200
6638,8.582,3.312
6639,8.573,3.248
6640,8.530,3.234
6641,8.478,3.174
6642,8.442,3.169
6643,8.424,3.211
6644,8.442,3.262
6645,8.247,3.129
6646,8.204,3.118
6647,8.434,3.207
6648,8.392,3.182
6649,8.448,3.135
6650,8.467,3.121
6651,8.647,3.197
6652,8.603,3.145
6653,8.647,3.133
6654,8.680,3.106
6655,8.477,3.130
6656,8.665,3.194
6657,8.458,3.128
6658,8.425,3.205
6659,8.504,3.203
6660,8.356,3.054
6661,8.273,3.264
6662,8.358,3.218
6663,8.288,3.105
6664,8.148,3.125
6665,8.217,3.172
6666,8.045,3.138
6667,8.150,3.275
6668,8.292,3.275
6669,8.413,3.319
6670,8.367,3.221
6671,8.301,3.155
6672,8.371,3.210
6673,8.395,3.226
6674,8.262,3.123
6675,8.310,3.039
6676,8.290,3.070
6677,8.310,3.225
6678,8.282,3.159
6679,8.379,3.114
6680,8.420,3.240
6681,8.318,3.169
6682,8.337,3.168
6683,8.530,3.237
6684,8.621,3.200
6685,8.678,3.178
6686,8.659,3.152
6687,8.609,3.231
6688,8.547,3.255
6689,8.556,3.262
6690,8.433,3.197
6691,8.549,3.103
6692,8.644,3.112
6693,8.704,3.142
6694,8.623,3.192
6695,8.489,3.298
6696,8.538,3.230
6697,8.757,3.336
6698,8.656,3.255
6699,8.527,3.165
6700,8.518,3.221
6701,8.548,3.136
6702,8.494,3.243
6703,8.470,3.227
6704,8.557,3.106
6705,8.621,3.179
6706,8.770,3.138
6707,8.922,3.061
6708,8.866,3.072
6709,9.131,3.175
6710,8.812,3.030
6711,8.878,2.997
6712,8.863,3.069
6713,8.841,3.131
6714,8.692,3.148
6715,8.673,3.060
6716,8.915,3.110
6717,8.789,3.083
6718,8.835,2.990
6719,8.836,2.971
6720,8.926,3.035
6721,8.924,3.032
6722,8.910,2.933
6723,8.870,3.046
6724,8.860,3.001
6725,8.931,3.052
6726,8.721,3.053
6727,8.871,3.053
6728,8.757,2.972
6729,8.804,3.032
6730,8.862,3.020
6731,9.009,3.076
6732,9.135,3.130
6733,9.019,2.986
6734,8.967,3.067
6735,8.835,3.098
6736,8.890,3.010
6737,9.105,3.140
6738,9.173,3.099
6739,9.029,2.971
6740,8.934,2.939
6741,8.819,2.910
6742,8.858,3.055
6743,8.799,3.034
6744,8.887,2.991
6745,8.872,2.995
6746,8.750,2.970
6747,8.941,3.093
6748,8.819,3.017
6749,8.675,2.970
6750,8.858,3.068
6751,8.823,3.076
6752,8.815,3.060
6753,8.839,3.071
6754,8.771,3.137
6755,8.849,3.071
6756,8.708,2.988
6757,8.790,3.009
6758,8.879,3.065
6759,8.565,3.098
6760,8.531,3.093
6761,8.481,3.088
6762,8.550,3.186
6763,8.451,3.036
6764,8.544,3.116
6765,8.599,3.199
6766,8.545,3.101
6767,8.509,3.085
6768,8.542,3.193
6769,8.658,3.152
6770,8.653,3.093
6771,8.508,3.073
6772,8.503,3.180
6773,8.418,3.156
6774,8.528,3.192
6775,8.583,3.293
6776,8.414,3.196
6777,8.399,3.238
6778,8.315,3.214
6779,8.476,3.207
6780,8.340,3.182
6781,8.112,3.082
6782,8.209,3.176
6783,8.263,3.194
6784,8.339,3.087
6785,8.208,3.055
6786,8.280,3.113
6787,8.240,3.082
6788,8.170,3.097
6789,8.060,3.076
6790,8.055,3.002
6791,8.120,3.127
6792,8.159,3.038
6793,8.331,3.158
6794,8.385,3.161
6795,8.430,3.250
6796,8.369,3.337
6797,8.375,3.316
6798,8.355,3.401
6799,8.310,3.233
6800,8.332,3.265
6801,8.270,3.262
6802,8.245,3.356
6803,8.314,3.355
6804,8.203,3.323
6805,8.223,3.341
6806,8.236,3.168
6807,8.329,3.354
6808,8.301,3.267
6809,8.365,3.292
6810,8.464,3.445
6811,8.259,3.440
6812,8.151,3.361
6813,8.363,3.528
6814,8.189,3.515
6815,8.263,3.515
6816,8.064,3.338
6817,8.068,3.357
6818,8.025,3.185
6819,7.915,3.273
6820,8.065,3.282
6821,7.929,3.115
6822,8.024,3.233
6823,7.971,3.094
6824,8.193,3.181
6825,8.353,3.332
6826,8.371,3.179
6827,8.351,3.202
6828,8.319,3.219
6829,8.364,3.286
6830,8.326,3.334
6831,8.381,3.375
6832,8.414,3.374
6833,8.287,3.179
6834,8.268,3.200
6835,8.305,3.157
6836,8.145,3.144
6837,8.320,3.271
6838,8.344,3.313
6839,8.348,3.243
6840,8.399,3.237
6841,8.472,3.167
6842,8.391,3.178
6843,8.375,3.142
6844,8.404,2.956
6845,8.417,3.065
6846,8.508,3.078
6847,8.596,3.132
6848,8.387,3.097
6849,8.473,3.047
6850,8.372,3.121
6851,8.154,3.068
6852,8.214,3.198
6853,8.072,3.093
6854,8.026,3.147
6855,8.021,3.248
6856,7.982,3.276
6857,7.952,3.199
6858,8.001,3.214
6859,8.029,3.279
6860,7.973,3.169
6861,7.885,3.208
6862,7.836,3.173
6863,7.951,3.229
6864,7.929,3.347
6865,8.094,3.288
6866,8.112,3.319
6867,8.010,3.110
6868,8.007,3.242
6869,8.058,3.248
6870,8.031,3.298
6871,8.289,3.372
6872,8.446,3.496
6873,8.293,3.440
6874,8.403,3.341
6875,8.517,3.406
6876,8.492,3.227
6877,8.527,3.321
6878,8.569,3.360
6879,8.617,3.295
6880,8.546,3.389
6881,8.587,3.489
6882,8.588,3.458
6883,8.511,3.426
6884,8.588,3.435
6885,8.513,3.355
6886,8.473,3.262
6887,8.481,3.170
6888,8.430,3.217
6889,8.526,3.125
6890,8.603,3.157
6891,8.484,3.212
6892,8.417,3.104
6893,8.528,3.052
6894,8.436,3.102
6895,8.357,3.171
6896,8.438,3.195
6897,8.448,3.253
6898,8.405,3.189
6899,8.344,3.327
6900,8.277,3.241
6901,8.302,3.209
6902,8.459,3.413
6903,8.226,3.308
6904,8.323,3.361
6905,8.400,3.251
6906,8.295,3.168
6907,8.351,3.235
6908,8.251,3.345
6909,8.247,3.127
6910,8.184,3.122
6911,8.315,3.195
6912,8.447,3.045
6913,8.512,3.014
6914,8.495,2.980
6915,8.505,3.089
6916,8.320,3.014
6917,8.439,3.112
6918,8.386,3.147
6919,8.257,3.041
6920,8.226,3.089
6921,8.172,3.184
6922,8.259,3.228
6923,8.371,3.199
6924,8.280,3.190
6925,8.129,3.058
6926,8.199,3.098
6927,8.105,3.012
6928,7.977,2.941
6929,8.142,3.014
6930,8.170,2.989
6931,8.073,2.903
6932,8.016,2.996
6933,8.147,3.120
6934,8.077,3.094
6935,8.099,3.144
6936,8.198,3.116
6937,8.363,3.184
6938,8.198,3.107
6939,8.121,3.062
6940,8.251,3.129
6941,8.209,3.086
6942,8.076,3.053
6943,8.150,3.032
6944,8.133,3.095
6945,8.017,3.043
6946,8.118,3.078
6947,8.037,3.058
6948,8.093,3.167
6949,7.987,3.116
6950,8.135,3.104
6951,8.210,3.017
6952,8.201,3.138
6953,8.165,3.050
6954,8.083,2.907
6955,8.143,3.107
6956,8.055,3.084
6957,8.009,3.103
6958,7.906,3.083
6959,7.787,3.017
6960,7.875,3.104
6961,7.728,3.005
6962,7.859,3.063
6963,7.811,3.154
6964,7.971,3.267
6965,8.013,3.292
6966,7.920,3.284
6967,7.952,3.217
6968,8.011,3.285
6969,7.901,3.084
6970,7.881,3.094
6971,8.119,3.176
6972,8.105,3.171
6973,8.007,2.975
6974,8.109,3.125
6975,7.969,3.029
6976,7.934,3.098
6977,7.881,3.034
6978,7.760,3.013
6979,7.808,3.064
6980,7.880,3.085
6981,7.924,3.176
6982,8.011,3.330
6983,8.027,3.146
6984,7.868,3.152
6985,7.893,2.993
6986,7.968,2.967
6987,8.004,3.043
6988,8.062,2.994
6989,8.145,3.030
6990,8.229,3.036
6991,8.321,3.138
6992,8.463,3.138
6993,8.357,3.130
6994,8.300,3.115
6995,8.370,3.107
6996,8.385,3.013
6997,8.299,3.032
6998,8.152,2.940
6999,8.208,2.986
7000,8.173,2.942
7001,8.078,3.025
7002,8.076,3.097
7003,8.132,3.030
7004,8.180,3.031
7005,8.098,2.976
7006,8.127,3.095
7007,8.033,2.975
7008,8.256,3.157
7009,8.128,3.103
7010,8.015,3.062
7011,8.017,2.996
7012,8.095,3.088
7013,7.983,3.172
7014,8.047,2.975
7015,8.095,3.089
7016,8.228,3.045
7017,8.006,2.826
7018,8.184,2.834
7019,8.051,2.895
7020,8.146,2.887
7021,8.073,2.914
7022,7.961,2.938
7023,7.989,2.957
7024,8.076,2.941
7025,7.941,2.979
7026,8.040,2.961
7027,8.108,2.952
7028,8.139,2.964
7029,8.090,2.960
7030,8.136,2.852
7031,8.187,2.951
7032,8.317,2.944
7033,8.330,2.850
7034,8.235,2.960
7035,8.405,2.975
7036,8.219,2.852
7037,8.217,2.957
7038,8.142,2.846
7039,8.115,2.846
7040,8.156,2.869
7041,8.268,3.017
7042,8.307,2.841
7043,8.169,2.918
7044,8.317,2.934
7045,8.247,2.981
7046,8.289,3.152
7047,8.235,2.954
7048,8.093,2.948
7049,8.225,2.921
7050,8.251,2.935
7051,8.260,2.831
7052,8.265,2.960
7053,8.289,2.943
7054,8.298,2.873
7055,8.423,2.809
7056,8.558,2.929
7057,8.386,2.816
7058,8.457,2.885
7059,8.268,2.844
7060,8.352,2.877
7061,8.425,2.789
7062,8.411,2.925
7063,8.510,3.008
7064,8.301,2.886
7065,8.404,2.944
7066,8.422,2.931
7067,8.619,2.966
7068,8.358,2.946
7069,8.306,2.906
7070,8.257,2.850
7071,8.233,2.799
7072,8.111,2.855
7073,8.137,2.866
7074,8.155,2.898
7075,8.024,2.983
7076,8.130,2.954
7077,8.096,2.905
7078,8.164,2.934
7079,8.061,2.872
7080,8.135,2.924
7081,8.106,2.810
7082,8.209,2.976
7083,8.080,2.845
7084,7.976,2.839
7085,7.821,2.770
7086,7.973,2.820
7087,7.985,2.881
7088,8.093,2.805
7089,7.909,2.751
7090,8.002,2.766
7091,7.848,2.790
7092,7.944,2.818
7093,8.088,2.828
7094,8.215,2.776
7095,8.325,2.743
7096,8.318,2.779
7097,8.145,2.734
7098,8.287,2.854
7099,8.176,2.748
7100,8.091,2.692
7101,8.162,2.648
7102,8.323,2.575
7103,8.239,2.602
7104,8.241,2.689
7105,8.208,2.607
7106,8.230,2.625
7107,8.112,2.807
7108,8.028,2.698
7109,8.120,2.737
7110,8.038,2.635
7111,8.140,2.572
7112,8.055,2.679
7113,8.139,2.707
7114,7.952,2.625
7115,8.080,2.604
7116,8.199,2.776
7117,8.298,2.738
7118,8.188,2.546
7119,8.330,2.652
7120,8.372,2.622
7121,8.296,2.696
7122,8.359,2.626
7123,8.282,2.727
7124,8.217,2.730
7125,8.216,2.733
7126,8.275,2.635
7127,8.184,2.691
7128,8.396,2.812
7129,8.465,2.888
7130,8.498,2.784
7131,8.351,2.787
7132,8.296,2.885
7133,8.262,2.976
7134,8.334,2.932
7135,8.139,2.953
7136,8.223,2.903
7137,8.132,2.883
7138,8.265,2.922
7139,8.247,2.876
7140,8.271,2.778
7141,8.262,2.826
7142,8.275,2.782
7143,8.146,2.788
7144,8.088,2.773
7145,8.341,2.900
7146,8.204,2.780
7147,8.270,2.664
7148,8.158,2.709
7149,8.116,2.628
7150,8.218,2.649
7151,8.376,2.596
7152,8.296,2.788
7153,8.300,2.741
7154,8.429,2.775
7155,8.457,2.783
7156,8.409,2.651
7157,8.403,2.704
7158,8.246,2.739
7159,8.152,2.785
7160,8.295,2.925
7161,8.495,2.864
7162,8.438,2.847
7163,8.497,2.846
7164,8.420,2.840
7165,8.460,2.694
7166,8.312,2.888
7167,8.486,2.857
7168,8.463,2.796
7169,8.334,2.807
7170,8.308,2.720
7171,8.213,2.674
7172,8.257,2.662
7173,8.363,2.749
7174,8.254,2.717
7175,8.061,2.673
7176,8.117,2.590
7177,8.350,2.651
7178,8.358,2.676
7179,8.452,2.630
7180,8.319,2.643
7181,8.338,2.621
7182,8.215,2.604
7183,8.398,2.618
7184,8.364,2.545
7185,8.410,2.645
7186,8.322,2.641
7187,8.409,2.657
7188,8.453,2.752
7189,8.167,2.731
7190,8.211,2.677
7191,8.296,2.783
7192,8.270,2.719
7193,8.246,2.749
7194,7.931,2.684
7195,7.834,2.614
7196,7.817,2.645
7197,8.016,2.677
7198,7.909,2.502
7199,7.962,2.623
7200,7.958,2.596
7201,8.011,2.639
7202,8.066,2.564
7203,7.968,2.619
7204,8.101,2.605
7205,7.787,2.633
7206,7.964,2.613
7207,7.896,2.592
7208,8.039,2.568
7209,8.082,2.629
7210,8.008,2.623
7211,8.185,2.583
7212,8.329,2.565
7213,8.325,2.503
7214,8.324,2.537
7215,8.258,2.480
7216,8.450,2.536
7217,8.441,2.543
7218,8.570,2.634
7219,8.584,2.618
7220,8.480,2.576
7221,8.445,2.579
7222,8.354,2.575
7223,8.576,2.595
7224,8.468,2.524
7225,8.371,2.659
7226,8.444,2.658
7227,8.468,2.727
7228,8.148,2.596
7229,7.886,2.570
7230,7.988,2.608
7231,7.900,2.552
7232,7.868,2.489
7233,7.910,2.587
7234,7.970,2.577
7235,7.774,2.531
7236,8.044,2.608
7237,7.955,2.639
7238,7.958,2.621
7239,7.905,2.604
7240,7.946,2.608
7241,8.009,2.614
7242,7.936,2.729
7243,7.817,2.693
7244,7.885,2.675
7245,7.923,2.755
7246,7.815,2.738
7247,7.834,2.684
7248,7.793,2.738
7249,7.742,2.695
7250,7.968,2.888
7251,7.983,2.764
7252,7.936,2.774
7253,8.097,2.760
7254,7.887,2.765
7255,8.088,2.649
7256,7.963,2.540
7257,7.950,2.628
7258,8.007,2.678
7259,7.867,2.687
7260,8.021,2.719
7261,8.153,2.830
7262,8.044,2.808
7263,8.067,2.870
7264,8.090,2.766
7265,8.203,2.764
7266,8.158,2.699
7267,8.085,2.721
7268,8.033,2.742
7269,7.759,2.649
7270,7.793,2.746
7271,7.692,2.666
7272,7.644,2.672
7273,7.583,2.645
7274,7.662,2.645
7275,7.605,2.589
7276,7.667,2.504
7277,7.749,2.461
7278,7.739,2.571
7279,7.600,2.608
7280,7.631,2.522
7281,7.670,2.602
7282,7.530,2.574
7283,7.654,2.648
7284,7.874,2.736
7285,7.932,2.661
7286,7.922,2.608
7287,7.847,2.657
7288,8.038,2.616
7289,7.931,2.670
7290,7.814,2.573
7291,7.860,2.603
7292,7.956,2.588
7293,7.814,2.536
7294,7.793,2.512
7295,7.921,2.628
7296,8.050,2.576
7297,7.996,2.538
7298,8.099,2.581
7299,8.037,2.592
7300,8.137,2.679
7301,8.137,2.724
7302,8.220,2.677
7303,8.157,2.680
7304,8.074,2.547
7305,8.075,2.492
7306,8.212,2.610
7307,8.229,2.712
7308,8.297,2.669
7309,8.170,2.667
7310,8.161,2.729
7311,8.034,2.678
7312,8.159,2.604
7313,8.260,2.603
7314,8.141,2.573
7315,7.972,2.628
7316,7.738,2.427
7317,7.796,2.563
7318,7.744,2.581
7319,7.683,2.491
7320,7.560,2.546
7321,7.517,2.601
7322,7.459,2.572
7323,7.688,2.566
7324,7.672,2.554
7325,7.746,2.537
7326,7.682,2.519
7327,7.645,2.498
7328,7.778,2.564
7329,7.700,2.573
7330,7.716,2.539
7331,7.670,2.577
7332,7.842,2.595
7333,8.001,2.536
7334,8.085,2.614
7335,7.838,2.671
7336,7.712,2.642
7337,7.674,2.569
7338,7.499,2.501
7339,7.578,2.584
7340,7.536,2.562
7341,7.778,2.650
7342,7.587,2.599
7343,7.754,2.668
7344,7.796,2.667
7345,7.843,2.681
7346,7.766,2.709
7347,7.713,2.721
7348,7.815,2.694
7349,7.764,2.645
7350,7.896,2.557
7351,7.907,2.570
7352,7.769,2.557
7353,7.759,2.618
7354,7.845,2.561
7355,8.033,2.626
7356,8.046,2.599
7357,7.993,2.657
7358,8.071,2.741
7359,8.101,2.751
7360,8.009,2.838
7361,7.909,2.770
7362,8.043,2.813
7363,7.840,2.673
7364,8.012,2.816
7365,8.056,2.811
7366,7.988,2.733
7367,8.119,2.731
7368,8.232,2.721
7369,8.269,2.778
7370,8.283,2.817
7371,8.347,2.763
7372,8.190,2.758
7373,8.160,2.743
7374,8.315,2.728
7375,8.146,2.672
7376,8.139,2.725
7377,8.015,2.753
7378,7.983,2.681
7379,7.959,2.686
7380,7.757,2.679
7381,7.979,2.710
7382,7.990,2.694
7383,7.802,2.660
7384,7.773,2.695
7385,7.779,2.698
7386,7.781,2.726
7387,7.793,2.651
7388,7.858,2.749
7389,7.837,2.768
7390,8.018,2.734
7391,8.111,2.678
7392,7.904,2.775
7393,7.885,2.756
7394,7.783,2.750
7395,7.838,2.746
7396,7.877,2.672
7397,7.893,2.654
7398,7.988,2.647
7399,8.119,2.565
7400,8.050,2.507
7401,7.950,2.655
7402,7.911,2.572
7403,7.868,2.678
7404,7.950,2.574
7405,7.816,2.635
7406,7.853,2.607
7407,7.856,2.624
7408,7.787,2.699
7409,7.734,2.751
7410,7.801,2.766
7411,7.955,2.735
7412,7.810,2.854
7413,7.956,2.824
7414,8.036,2.912
7415,8.038,2.912
7416,7.947,2.769
7417,7.920,2.740
7418,7.871,2.900
7419,7.754,2.807
7420,7.902,2.735
7421,7.719,2.816
7422,7.852,2.828
7423,7.746,2.769
7424,7.967,2.844
7425,7.976,2.951
7426,7.978,2.783
7427,7.892,2.723
7428,7.932,2.736
7429,7.968,2.726
7430,8.065,2.753
7431,7.932,2.893
7432,7.892,2.797
7433,7.942,2.879
7434,7.999,2.872
7435,8.029,2.841
7436,8.043,2.825
7437,8.059,2.780
7438,8.042,2.849
7439,7.899,2.740
7440,7.998,2.814
7441,8.057,2.785
7442,8.172,2.758
7443,7.987,2.786
7444,7.913,2.782
7445,8.100,2.789
7446,8.063,2.751
7447,8.036,2.708
7448,8.132,2.634
7449,8.200,2.688
7450,8.223,2.732
7451,8.046,2.621
7452,8.170,2.679
7453,8.210,2.681
7454,8.222,2.651
7455,8.431,2.670
7456,8.142,2.652
7457,8.187,2.617
7458,8.098,2.665
7459,8.080,2.578
7460,8.348,2.566
7461,8.096,2.559
7462,8.195,2.579
7463,8.312,2.639
7464,8.134,2.611
7465,8.248,2.761
7466,8.290,2.711
7467,8.462,2.771
7468,8.306,2.809
7469,8.323,2.834
7470,8.266,2.815
7471,8.391,2.895
7472,8.285,2.850
7473,8.238,2.809
7474,8.216,2.780
7475,8.207,2.749
7476,8.250,2.784
7477,8.227,2.834
7478,8.129,2.764
7479,8.213,2.857
7480,8.316,2.830
7481,8.137,2.824
7482,8.311,2.900
7483,7.979,2.759
7484,8.012,2.836
7485,7.829,2.795
7486,7.827,2.721
7487,7.968,2.746
7488,8.062,2.885
7489,8.167,2.952
7490,8.193,2.939
7491,8.236,2.931
7492,8.290,3.005
7493,8.197,2.902
7494,8.265,2.913
7495,8.308,2.950
7496,8.343,2.882
7497,8.301,2.936
7498,8.377,2.963
7499,8.437,2.896
7500,8.281,2.864
7501,8.283,2.862
7502,8.158,2.771
7503,8.214,2.771
7504,8.313,2.777
7505,8.420,2.800
7506,8.498,2.836
7507,8.405,2.867
7508,8.524,2.871
7509,8.466,2.899
7510,8.262,2.848
7511,8.349,2.863
7512,8.438,2.828
7513,8.329,2.822
7514,8.425,2.783
7515,8.399,2.854
7516,8.522,2.825
7517,8.469,2.883
7518,8.290,2.829
7519,8.207,2.767
7520,8.000,2.824
7521,7.986,2.792
7522,8.024,2.884
7523,8.103,2.816
7524,8.178,2.817
7525,8.250,2.891
7526,8.132,2.772
7527,8.169,2.754
7528,8.168,2.845
7529,8.225,2.672
7530,8.226,2.747
7531,8.168,2.655
7532,8.053,2.668
7533,8.132,2.676
7534,8.392,2.714
7535,8.327,2.642
7536,8.277,2.662
7537,8.110,2.725
7538,7.917,2.714
7539,8.023,2.726
7540,8.164,2.858
7541,8.236,2.823
7542,8.215,2.757
7543,8.167,2.760
7544,8.107,2.824
7545,8.227,2.944
7546,7.965,2.869
7547,8.073,2.782
7548,8.015,2.823
7549,8.057,2.809
7550,8.030,2.829
7551,7.976,2.820
7552,8.071,2.832
7553,7.996,2.840
7554,7.872,2.852
7555,7.978,2.827
7556,7.978,2.869
7557,7.982,2.855
7558,8.081,2.908
7559,8.041,2.840
7560,7.941,2.826
7561,7.908,2.858
7562,7.917,2.881
7563,7.891,2.920
7564,7.813,2.936
7565,7.823,2.855
7566,7.806,2.900
7567,7.825,2.859
7568,7.827,2.859
7569,7.816,2.740
7570,7.935,2.799
7571,7.933,2.822
7572,7.997,2.804
7573,8.098,2.823
7574,8.177,2.750
7575,8.123,2.817
7576,8.139,2.848
7577,8.169,2.914
7578,8.232,2.857
7579,8.143,2.796
7580,8.290,2.824
7581,8.206,2.958
7582,8.266,2.980
7583,8.319,2.821
7584,8.300,2.900
7585,8.194,3.002
7586,8.156,2.987
7587,8.158,2.867
7588,8.229,2.864
7589,8.046,2.890
7590,8.399,2.907
7591,8.399,2.888
7592,8.501,2.854
7593,8.583,2.949
7594,8.482,2.899
7595,8.601,3.011
7596,8.666,2.948
7597,8.698,2.876
7598,8.518,2.823
7599,8.704,2.898
7600,8.505,2.920
7601,8.477,2.794
7602,8.556,2.819
7603,8.642,2.857
7604,8.512,2.954
7605,8.609,2.859
7606,8.624,2.876
7607,8.405,2.889
7608,8.458,2.811
7609,8.454,2.998
7610,8.383,2.795
7611,8.378,2.776
7612,8.377,2.779
7613,8.153,2.791
7614,8.084,2.747
7615,8.046,2.847
7616,8.157,2.772
7617,8.126,2.841
7618,8.162,2.826
7619,8.073,2.694
7620,8.160,2.760
7621,8.141,2.857
7622,8.170,2.819
7623,8.225,2.895
7624,8.151,2.976
7625,8.175,3.010
7626,8.304,2.953
7627,8.116,2.935
7628,8.189,2.878
7629,8.094,2.841
7630,7.951,2.894
7631,8.087,2.942
7632,8.182,2.867
7633,8.052,2.895
7634,7.918,2.878
7635,8.107,2.812
7636,8.146,2.789
7637,8.163,2.797
7638,8.001,2.843
7639,8.052,2.897
7640,7.922,2.843
7641,7.889,2.834
7642,7.904,2.880
7643,7.797,2.829
7644,7.821,2.648
7645,7.904,2.761
7646,7.835,2.616
7647,7.726,2.704
7648,7.534,2.727
7649,7.422,2.667
7650,7.566,2.789
7651,7.673,2.724
7652,7.689,2.711
7653,7.850,2.743
7654,7.707,2.716
7655,7.841,2.757
7656,7.921,2.767
7657,7.967,2.781
7658,7.940,2.772
7659,7.927,2.619
7660,7.802,2.620
7661,7.955,2.658
7662,7.796,2.648
7663,7.990,2.601
7664,7.866,2.673
7665,7.923,2.618
7666,7.948,2.640
7667,8.201,2.745
7668,7.958,2.637
7669,8.057,2.561
7670,8.042,2.594
7671,8.171,2.606
7672,8.130,2.694
7673,7.855,2.692
7674,7.981,2.669
7675,7.915,2.707
7676,7.714,2.796
7677,7.681,2.728
7678,7.780,2.692
7679,7.876,2.691
7680,7.827,2.725
7681,7.863,2.679
7682,7.845,2.702
7683,7.902,2.773
7684,8.010,2.780
7685,8.175,2.919
7686,8.019,2.781
7687,8.109,2.853
7688,8.113,2.737
7689,8.105,2.707
7690,8.007,2.646
7691,8.003,2.645
7692,8.102,2.679
7693,8.198,2.791
7694,8.112,2.736
7695,8.082,2.723
7696,8.118,2.674
7697,8.389,2.696
7698,8.499,2.754
7699,8.429,2.859
7700,8.372,2.710
7701,8.336,2.697
7702,8.244,2.728
7703,8.281,2.688
7704,8.214,2.664
7705,8.400,2.725
7706,8.416,2.752
7707,8.423,2.729
7708,8.263,2.749
7709,8.086,2.700
7710,8.256,2.709
7711,8.147,2.747
7712,8.182,2.736
7713,8.233,2.708
7714,8.207,2.737
7715,8.106,2.643
7716,8.098,2.722
7717,7.927,2.691
7718,8.073,2.665
7719,8.068,2.573
7720,8.124,2.577
7721,8.254,2.625
7722,8.403,2.690
7723,8.223,2.659
7724,8.284,2.674
7725,8.097,2.729
7726,8.114,2.602
7727,8.016,2.662
7728,7.871,2.737
7729,7.901,2.749
7730,8.091,2.780
7731,8.035,2.753
7732,8.028,2.794
7733,7.866,2.717
7734,8.005,2.755
7735,7.717,2.698
7736,7.707,2.699
7737,7.821,2.760
7738,7.894,2.830
7739,7.835,2.842
7740,7.723,2.863
7741,7.734,2.807
7742,7.659,2.766
7743,7.759,2.728
7744,7.813,2.675
7745,7.724,2.765
7746,7.674,2.827
7747,7.610,2.676
7748,7.659,2.731
7749,7.713,2.778
7750,7.809,2.822
7751,7.811,2.684
7752,7.981,2.695
7753,7.986,2.684
7754,7.928,2.666
7755,7.774,2.619
7756,7.912,2.730
7757,7.971,2.777
7758,7.993,2.777
7759,7.995,2.843
7760,7.908,2.706
7761,7.974,2.790
7762,7.986,2.752
7763,8.089,2.776
7764,8.088,2.731
7765,8.084,2.725
7766,7.826,2.723
7767,7.948,2.632
7768,8.070,2.663
7769,8.108,2.660
7770,8.171,2.635
7771,8.358,2.650
7772,8.394,2.681
7773,8.416,2.710
7774,8.337,2.659
7775,8.292,2.628
7776,8.394,2.843
7777,8.255,2.694
7778,8.265,2.595
7779,8.289,2.795
7780,8.363,2.776
7781,8.363,2.768
7782,8.435,2.652
7783,8.377,2.621
7784,8.345,2.658
7785,8.244,2.599
7786,8.314,2.683
7787,8.227,2.751
7788,8.143,2.756
7789,8.021,2.634
7790,8.043,2.797
7791,8.084,2.867
7792,8.117,2.856
7793,8.072,2.725
7794,8.044,2.803
7795,8.000,2.785
7796,8.124,2.826
7797,8.069,2.843
7798,8.011,2.721
7799,8.105,2.839
7800,8.221,2.810
7801,8.357,2.788
7802,8.277,2.798
7803,8.237,2.890
7804,8.102,2.751
7805,7.994,2.676
7806,7.984,2.679
7807,8.008,2.640
7808,8.061,2.727
7809,8.110,2.779
7810,7.948,2.728
7811,7.838,2.659
7812,7.913,2.647
7813,7.999,2.731
7814,7.970,2.659
7815,7.996,2.648
7816,8.014,2.659
7817,8.009,2.632
7818,7.901,2.720
7819,7.890,2.793
7820,8.049,2.746
7821,8.111,2.621
7822,8.032,2.795
7823,7.849,2.778
7824,8.042,2.754
7825,8.015,2.762
7826,7.961,2.833
7827,8.069,2.877
7828,8.077,2.809
7829,8.253,2.883
7830,8.128,2.873
7831,8.006,2.723
7832,8.081,2.864
7833,8.125,2.928
7834,8.054,2.971
7835,7.901,2.875
7836,8.120,2.842
7837,8.010,2.907
7838,8.148,2.766
7839,8.204,2.757
7840,8.068,2.658
7841,8.172,2.707
7842,8.143,2.730
7843,8.114,2.731
7844,8.303,2.852
7845,8.302,2.738
7846,8.221,2.803
7847,8.137,2.782
7848,8.094,2.795
7849,8.145,2.819
7850,8.259,2.782
7851,8.466,2.856
7852,8.440,2.849
7853,8.465,2.790
7854,8.582,2.803
7855,8.578,2.714
7856,8.377,2.764
7857,8.412,2.800
7858,8.281,2.749
7859,8.211,2.721
7860,8.425,2.714
7861,8.207,2.752
7862,8.261,2.747
7863,8.160,2.779
7864,8.138,2.693
7865,8.189,2.729
7866,8.190,2.714
7867,8.393,2.734
7868,8.326,2.811
7869,8.371,2.706
7870,8.443,2.683
7871,8.268,2.652
7872,8.073,2.721
7873,8.132,2.728
7874,8.164,2.716
7875,8.191,2.644
7876,8.127,2.660
7877,8.165,2.755
7878,8.061,2.752
7879,8.068,2.718
7880,8.233,2.834
7881,7.989,2.717
7882,7.873,2.714
7883,7.787,2.726
7884,7.868,2.677
7885,7.920,2.784
7886,7.973,2.750
7887,7.949,2.767
7888,7.942,2.791
7889,7.851,2.685
7890,7.892,2.772
7891,7.881,2.794
7892,7.814,2.794
7893,7.936,2.799
7894,7.986,2.920
7895,7.930,2.835
7896,7.808,2.804
7897,8.008,2.755
7898,7.969,2.801
7899,7.882,2.748
7900,7.903,2.674
7901,7.986,2.766
7902,8.053,2.732
7903,7.962,2.695
7904,7.983,2.758
7905,8.033,2.803
7906,8.011,2.772
7907,7.857,2.800
7908,8.014,2.796
7909,8.032,2.731
7910,8.073,2.819
7911,8.117,2.802
7912,8.107,2.792
7913,8.222,2.795
7914,8.202,2.781
7915,8.269,2.673
7916,8.257,2.700
7917,8.182,2.606
7918,8.385,2.729
7919,8.350,2.704
7920,8.342,2.725
7921,8.248,2.658
7922,8.019,2.674
7923,7.972,2.715
7924,7.878,2.599
7925,7.906,2.547
7926,7.937,2.568
7927,7.936,2.623
7928,8.069,2.638
7929,8.197,2.720
7930,8.191,2.871
7931,8.099,2.724
7932,8.119,2.789
7933,8.091,2.682
7934,8.133,2.610
7935,8.259,2.768
7936,8.110,2.742
7937,8.169,2.755
7938,8.117,2.798
7939,8.258,2.906
7940,8.290,2.827
7941,8.363,2.864
7942,8.343,2.800
7943,8.423,2.818
7944,8.430,2.765
7945,8.428,2.825
7946,8.320,2.895
7947,8.457,2.852
7948,8.339,2.850
7949,8.398,3.000
7950,8.263,2.914
7951,8.204,2.812
7952,8.264,2.725
7953,8.321,2.676
7954,8.254,2.728
7955,8.351,2.707
7956,8.440,2.780
7957,8.337,2.807
7958,8.279,2.775
7959,8.279,2.756
7960,8.408,2.732
7961,8.396,2.676
7962,8.250,2.791
7963,8.309,2.744
7964,8.205,2.812
7965,8.130,2.675
7966,8.068,2.879
7967,7.951,2.770
7968,7.954,2.733
7969,8.117,2.745
7970,8.060,2.702
7971,8.072,2.792
7972,8.036,2.836
7973,8.194,2.785
7974,8.274,2.827
7975,8.225,2.837
7976,8.199,2.892
7977,8.339,2.898
7978,8.221,2.814
7979,8.197,2.792
7980,8.260,2.883
7981,8.281,2.838
7982,8.253,2.827
7983,8.033,2.787
7984,8.017,2.869
7985,8.134,2.862
7986,8.233,2.835
7987,7.931,2.762
7988,8.031,2.909
7989,7.988,2.879
7990,7.969,2.933
7991,7.823,2.887
7992,7.939,2.872
7993,7.935,2.967
7994,7.989,2.875
7995,7.893,2.983
7996,7.918,2.993
7997,7.882,2.904
7998,8.035,2.932
7999,8.047,2.936
8000,8.132,3.061
8001,8.234,3.064
8002,7.985,3.084
8003,8.151,3.035
8004,8.438,3.038
8005,8.310,3.047
8006,8.234,2.906
8007,8.309,3.004
8008,8.314,2.808
8009,8.391,2.895
8010,8.484,2.842
8011,8.620,2.884
8012,8.547,2.928
8013,8.395,2.902
8014,8.290,2.884
8015,8.157,2.890
8016,8.272,2.952
8017,8.271,2.849
8018,8.223,2.882
8019,8.167,2.912
8020,8.242,2.841
8021,8.306,2.815
8022,8.288,2.796
8023,8.414,2.816
8024,8.377,2.792
8025,8.439,2.908
8026,8.517,2.904
8027,8.424,2.766
8028,8.304,2.835
8029,8.481,2.761
8030,8.361,2.810
8031,8.417,2.877
8032,8.369,2.891
8033,8.386,2.908
8034,8.616,2.941
8035,8.605,2.899
8036,8.668,2.936
8037,8.684,2.830
8038,8.484,2.822
8039,8.447,2.875
8040,8.455,2.857
8041,8.237,2.783
8042,8.322,2.926
8043,8.394,2.957
8044,8.378,2.947
8045,8.274,3.033
8046,8.349,3.045
8047,8.183,3.089
8048,8.270,3.002
8049,8.178,2.993
8050,8.140,3.041
8051,8.083,2.931
8052,7.902,2.890
8053,7.962,2.812
8054,7.994,2.923
8055,8.073,2.910
8056,8.181,2.885
8057,8.182,2.839
8058,8.162,2.824
8059,8.201,2.755
8060,8.147,2.840
8061,8.254,2.876
8062,8.394,2.782
8063,8.330,2.949
8064,8.185,3.014
8065,8.153,3.099
8066,8.075,2.995
8067,7.923,2.920
8068,8.001,2.845
8069,7.992,2.920
8070,7.948,2.945
8071,7.958,2.847
8072,7.683,2.731
8073,7.722,2.801
8074,7.864,2.762
8075,7.693,2.779
8076,7.823,2.744
8077,7.931,2.756
8078,7.941,2.741
8079,8.033,2.831
8080,8.092,2.886
8081,8.232,2.953
8082,8.281,2.924
8083,8.172,2.865
8084,8.133,2.824
8085,8.337,2.899
8086,8.312,2.767
8087,8.265,2.796
8088,8.274,2.865
8089,8.278,2.854
8090,8.337,2.971
8091,8.343,2.895
8092,8.387,2.854
8093,8.437,2.910
8094,8.318,2.831
8095,8.292,2.829
8096,8.358,2.875
8097,8.096,2.814
8098,8.242,2.976
8099,8.293,2.914
8100,8.449,2.871
8101,8.422,2.910
8102,8.404,2.898
8103,8.246,2.846
8104,8.337,2.879
8105,8.219,2.926
8106,8.211,2.845
8107,8.408,2.905
8108,8.343,2.848
8109,8.478,2.854
8110,8.545,2.918
8111,8.580,2.855
8112,8.356,2.855
8113,8.152,2.852
8114,8.192,2.856
8115,8.200,2.842
8116,8.080,2.868
8117,7.918,2.968
8118,7.735,2.965
8119,7.972,2.992
8120,8.044,2.876
8121,8.053,2.878
8122,7.917,2.838
8123,7.999,2.852
8124,7.961,2.891
8125,7.844,2.978
8126,7.922,2.891
8127,7.844,2.861
8128,7.967,2.841
8129,8.118,2.852
8130,7.948,2.814
8131,8.056,2.836
8132,7.937,2.807
8133,7.962,2.905
8134,7.968,3.014
8135,8.147,3.057
8136,8.283,3.146
8137,8.325,3.082
8138,8.252,3.082
8139,8.268,3.040
8140,8.245,3.158
8141,8.053,3.001
8142,8.097,3.106
8143,8.015,2.978
8144,8.138,3.061
8145,8.092,3.082
8146,8.036,2.993
8147,8.278,3.045
8148,8.113,3.045
8149,8.150,3.046
8150,8.169,2.984
8151,8.222,3.059
8152,8.299,3.033
8153,8.222,3.039
8154,8.241,3.008
8155,8.271,2.979
8156,8.283,3.069
8157,8.302,3.066
8158,8.292,2.995
8159,8.170,2.891
8160,8.292,2.931
8161,8.336,2.992
8162,8.241,2.958
8163,8.311,3.010
8164,8.063,2.867
8165,8.095,2.992
8166,8.024,3.016
8167,7.934,2.914
8168,8.353,3.017
8169,8.299,2.818
8170,8.260,2.918
8171,8.418,2.857
8172,8.501,2.923
8173,8.307,2.878
8174,8.355,2.849
8175,8.249,2.804
8176,8.311,2.865
8177,8.401,2.930
8178,8.194,2.860
8179,8.225,2.806
8180,8.158,2.859
8181,8.203,2.925
8182,8.028,2.856
8183,8.050,2.875
8184,8.035,2.905
8185,7.925,2.920
8186,8.028,3.004
8187,7.944,2.917
8188,7.865,2.855
8189,8.024,3.000
8190,7.905,2.847
8191,7.782,2.886
8192,7.891,2.768
8193,7.799,2.823
8194,7.635,2.876
8195,7.697,2.809
8196,7.661,2.706
8197,7.641,2.726
8198,7.658,2.719
8199,7.753,2.775
8200,8.018,2.843
8201,7.988,2.803
8202,8.046,2.828
8203,7.968,2.839
8204,7.855,2.820
8205,7.983,2.715
8206,7.978,2.828
8207,7.858,2.830
8208,7.826,2.854
8209,7.756,2.733
8210,7.808,2.793
8211,7.803,2.863
8212,7.887,2.908
8213,7.636,2.903
8214,7.608,2.886
8215,7.692,2.889
8216,7.769,2.983
8217,7.614,2.877
8218,7.737,2.871
8219,7.864,2.908
8220,7.811,2.892
8221,7.689,2.818
8222,7.690,2.960
8223,7.673,2.962
8224,7.859,2.947
8225,7.853,2.928
8226,7.925,2.950
8227,8.173,2.921
8228,7.881,2.964
8229,7.923,3.088
8230,7.839,2.910
8231,7.824,2.902
8232,8.044,3.047
8233,8.092,3.039
8234,8.057,2.967
8235,8.013,2.905
8236,8.020,2.907
8237,8.027,2.923
8238,7.836,2.852
8239,7.750,2.921
8240,7.850,2.869
8241,7.847,2.842
8242,7.980,2.873
8243,7.978,2.837
8244,8.055,2.896
8245,8.225,2.874
8246,7.983,2.859
8247,7.938,2.943
8248,7.975,2.821
8249,7.932,2.828
8250,7.874,2.809
8251,8.098,2.935
8252,8.042,2.801
8253,8.016,2.874
8254,8.075,2.846
8255,8.172,2.858
8256,8.121,2.987
8257,8.095,2.919
8258,8.131,2.841
8259,8.006,2.748
8260,8.136,2.744
8261,8.200,2.816
8262,8.057,2.769
8263,8.042,2.884
8264,8.082,2.944
8265,7.998,2.886
8266,7.951,2.911
8267,8.151,2.955
8268,8.075,3.025
8269,8.400,3.002
8270,8.489,2.954
8271,8.562,3.009
8272,8.443,2.966
8273,8.345,2.868
8274,8.392,3.029
8275,8.257,3.016
8276,8.142,2.970
8277,8.240,3.171
8278,8.347,3.093
8279,8.173,3.089
8280,8.144,3.024
8281,8.212,3.085
8282,8.211,3.035
8283,8.175,2.990
8284,8.161,3.072
8285,8.300,3.161
8286,8.156,2.985
8287,8.092,2.990
8288,8.068,2.972
8289,8.111,2.995
8290,8.298,2.997
8291,8.289,2.935
8292,8.184,2.863
8293,8.255,3.001
8294,8.284,3.069
8295,8.216,3.015
8296,8.213,3.018
8297,8.117,3.035
8298,8.119,2.977
8299,8.047,3.059
8300,8.111,3.019
8301,8.188,3.113
8302,8.200,3.123
8303,8.319,3.088
8304,8.304,3.108
8305,8.455,3.119
8306,8.338,3.098
8307,8.526,3.196
8308,8.276,3.168
8309,8.419,3.171
8310,8.332,3.192
8311,8.399,3.208
8312,8.491,3.242
8313,8.423,3.211
8314,8.411,3.359
8315,8.261,3.120
8316,8.246,3.075
8317,8.361,3.218
8318,8.288,3.176
8319,8.411,3.123
8320,8.255,3.286
8321,8.266,3.321
8322,8.181,3.351
8323,8.102,3.176
8324,8.457,3.216
8325,8.272,3.177
8326,8.271,3.217
8327,8.375,3.223
8328,8.268,3.233
8329,8.498,3.282
8330,8.407,3.300
8331,8.423,3.333
8332,8.491,3.407
8333,8.573,3.296
8334,8.609,3.321
8335,8.600,3.328
8336,8.599,3.243
8337,8.576,3.338
8338,8.597,3.318
8339,8.748,3.383
8340,8.652,3.438
8341,8.598,3.404
8342,8.656,3.267
8343,8.757,3.288
8344,8.708,3.149
8345,8.741,3.156
8346,8.859,3.148
8347,8.899,3.208
8348,8.763,3.210
8349,8.610,3.109
8350,8.741,3.207
8351,8.599,3.129
8352,8.620,3.074
8353,8.777,3.063
8354,8.753,3.145
8355,8.905,3.099
8356,8.760,3.006
8357,8.563,3.108
8358,8.770,3.073
8359,8.676,2.989
8360,8.661,3.115
8361,8.765,3.041
8362,8.738,2.963
8363,8.774,3.030
8364,8.808,3.150
8365,8.601,3.060
8366,8.477,3.102
8367,8.688,3.212
8368,8.504,3.111
8369,8.529,3.077
8370,8.600,3.125
8371,8.490,3.084
8372,8.562,3.094
8373,8.547,3.118
8374,8.521,3.068
8375,8.410,2.944
8376,8.551,3.097
8377,8.561,3.032
8378,8.559,2.950
8379,8.680,3.077
8380,8.428,3.053
8381,8.522,3.110
8382,8.564,3.116
8383,8.567,3.160
8384,8.456,3.131
8385,8.443,3.062
8386,8.473,3.079
8387,8.534,2.940
8388,8.567,3.073
8389,8.588,3.121
8390,8.632,3.148
8391,8.748,3.208
8392,8.538,3.154
8393,8.405,3.118
8394,8.306,3.046
8395,8.337,3.080
8396,8.481,3.167
8397,8.552,3.141
8398,8.618,3.059
8399,8.704,3.162
8400,8.752,3.200
8401,8.622,3.142
8402,8.669,3.111
8403,8.568,3.128
8404,8.474,3.113
8405,8.463,3.098
8406,8.528,3.229
8407,8.544,3.202
8408,8.495,3.285
8409,8.529,3.220
8410,8.434,3.282
8411,8.513,3.195
8412,8.570,3.242
8413,8.575,3.203
8414,8.694,3.189
8415,8.763,3.275
8416,8.828,3.238
8417,8.888,3.275
8418,8.806,3.187
8419,8.726,3.181
8420,8.633,3.144
8421,8.537,3.164
8422,8.645,3.187
8423,8.765,3.208
8424,8.741,3.266
8425,8.651,3.231
8426,8.674,3.128
8427,8.837,3.187
8428,8.850,3.263
8429,8.896,3.342
8430,8.992,3.302
8431,8.975,3.282
8432,8.844,3.135
8433,8.946,3.206
8434,8.919,3.149
8435,8.911,3.179
8436,8.808,3.114
8437,8.846,3.070
8438,8.750,3.023
8439,8.864,3.136
8440,8.846,3.209
8441,8.720,3.045
8442,8.798,3.111
8443,8.831,3.108
8444,8.815,3.010
8445,8.911,3.183
8446,8.895,3.046
8447,8.982,3.071
8448,8.838,2.987
8449,8.874,3.007
8450,8.945,3.042
8451,8.914,2.998
8452,8.927,3.069
8453,8.986,3.120
8454,9.084,3.142
8455,9.020,3.001
8456,9.039,3.120
8457,9.171,3.078
8458,8.977,3.207
8459,8.911,3.101
8460,9.074,3.031
8461,9.138,3.128
8462,8.984,3.062
8463,8.928,3.011
8464,8.878,3.030
8465,8.801,3.059
8466,8.880,3.057
8467,8.830,3.139
8468,8.860,3.133
8469,8.806,3.008
8470,8.747,2.970
8471,8.711,2.993
8472,8.800,3.096
8473,8.790,3.187
8474,9.125,3.337
8475,8.961,3.240
8476,8.940,3.224
8477,9.048,3.260
8478,9.121,3.298
8479,9.219,3.332
8480,9.203,3.248
8481,9.234,3.391
8482,9.221,3.268
8483,9.006,3.209
8484,9.063,3.232
8485,9.177,3.371
8486,9.055,3.333
8487,9.086,3.271
8488,9.086,3.300
8489,9.033,3.402
8490,8.984,3.371
8491,9.102,3.417
8492,9.141,3.318
8493,9.168,3.301
8494,9.123,3.271
8495,9.067,3.245
8496,9.102,3.195
8497,9.148,3.230
8498,9.195,3.296
8499,8.971,3.284
8500,9.248,3.226
8501,9.281,3.290
8502,9.158,3.237
8503,9.276,3.255
8504,9.133,3.304
8505,9.023,3.307
8506,9.055,3.225
8507,8.871,3.270
8508,8.696,3.167
8509,8.807,3.179
8510,8.786,3.243
8511,8.743,3.198
8512,8.764,3.319
8513,8.816,3.324
8514,8.777,3.195
8515,8.771,3.295
8516,8.815,3.186
8517,8.787,3.239
8518,8.814,3.308
8519,8.655,3.202
8520,8.771,3.254
8521,8.994,3.312
8522,9.025,3.267
8523,9.078,3.184
8524,8.993,3.168
8525,8.837,3.228
8526,8.791,3.198
8527,8.808,3.308
8528,8.999,3.319
8529,8.855,3.188
8530,9.001,3.222
8531,9.029,3.143
8532,8.934,3.227
8533,9.027,3.293
8534,8.887,3.298
8535,8.941,3.295
8536,8.875,3.333
8537,8.904,3.347
8538,8.849,3.472
8539,8.977,3.462
8540,8.868,3.399
8541,8.729,3.412
8542,8.760,3.445
8543,8.789,3.352
8544,8.781,3.363
8545,8.947,3.456
8546,8.998,3.411
8547,8.841,3.272
8548,8.953,3.398
8549,9.044,3.341
8550,9.060,3.338
8551,8.998,3.239
8552,9.008,3.337
8553,9.085,3.395
8554,8.913,3.365
8555,8.834,3.422
8556,8.931,3.337
8557,8.779,3.399
8558,8.972,3.353
8559,9.014,3.352
8560,9.196,3.394
8561,8.931,3.261
8562,8.949,3.251
8563,8.986,3.343
8564,8.869,3.280
8565,8.920,3.257
8566,8.956,3.327
8567,8.887,3.334
8568,8.831,3.312
8569,8.871,3.300
8570,8.821,3.326
8571,8.925,3.358
8572,8.866,3.276
8573,8.790,3.241
8574,8.860,3.299
8575,8.919,3.297
8576,8.731,3.329
8577,8.772,3.401
8578,8.847,3.255
8579,8.860,3.332
8580,8.769,3.253
8581,8.700,3.202
8582,8.846,3.222
8583,8.748,3.218
8584,8.664,3.181
8585,8.733,3.224
8586,8.807,3.356
8587,8.910,3.197
8588,8.704,3.184
8589,8.737,3.183
8590,8.688,3.228
8591,8.579,3.243
8592,8.568,3.199
8593,8.571,3.298
8594,8.582,3.266
8595,8.615,3.339
8596,8.560,3.180
8597,8.521,3.147
8598,8.608,3.112
8599,8.656,3.083
8600,8.521,3.068
8601,8.453,3.168
8602,8.511,3.097
8603,8.509,3.031
8604,8.591,3.194
8605,8.556,3.183
8606,8.522,3.167
8607,8.654,3.279
8608,8.649,3.206
8609,8.466,3.130
8610,8.357,3.034
8611,8.525,3.056
8612,8.525,3.161
8613,8.381,3.126
8614,8.281,3.106
8615,8.338,3.214
8616,8.446,3.157
8617,8.502,3.260
8618,8.613,3.297
8619,8.421,3.267
8620,8.276,3.192
8621,8.363,3.287
8622,8.631,3.322
8623,8.612,3.240
8624,8.604,3.234
8625,8.554,3.312
8626,8.564,3.256
8627,8.637,3.329
8628,8.755,3.348
8629,8.710,3.191
8630,8.781,3.268
8631,8.593,3.178
8632,8.457,3.240
8633,8.669,3.202
8634,8.774,3.186
8635,8.778,3.247
8636,8.807,3.374
8637,8.777,3.198
8638,8.707,3.202
8639,8.752,3.371
8640,8.706,3.305
8641,8.546,3.224
8642,8.629,3.300
8643,8.673,3.166
8644,8.501,3.229
8645,8.434,3.119
8646,8.432,3.072
8647,8.459,3.131
8648,8.460,3.051
8649,8.408,3.162
8650,8.371,3.168
8651,8.436,3.138
8652,8.433,3.065
8653,8.365,3.172
8654,8.331,3.153
8655,8.396,3.161
8656,8.396,3.132
8657,8.300,3.130
8658,8.402,3.232
8659,8.474,3.165
8660,8.351,3.151
8661,8.430,3.239
8662,8.377,3.174
8663,8.450,3.350
8664,8.409,3.151
8665,8.264,3.221
8666,8.254,3.192
8667,8.234,3.267
8668,8.197,3.142
8669,8.326,3.210
8670,8.377,3.234
8671,8.491,3.188
8672,8.340,3.109
8673,8.319,3.121
8674,8.335,3.135
8675,8.522,3.194
8676,8.610,3.145
8677,8.483,3.159
8678,8.424,3.057
8679,8.445,3.003
8680,8.462,3.102
8681,8.348,3.082
8682,8.421,3.065
8683,8.439,3.126
8684,8.403,3.084
8685,8.502,3.170
8686,8.567,3.175
8687,8.539,3.094
8688,8.466,3.160
8689,8.383,3.196
8690,8.210,3.062
8691,8.200,3.022
8692,8.206,2.965
8693,8.282,3.005
8694,8.227,2.931
8695,8.172,2.888
8696,8.271,2.947
8697,8.320,2.956
8698,8.248,2.922
8699,8.223,2.915
8700,8.169,2.864
8701,8.192,2.850
8702,8.215,2.883
8703,8.073,2.815
8704,7.950,2.874
8705,7.960,2.920
8706,8.164,2.933
8707,8.088,2.911
8708,8.070,2.896
8709,8.179,2.980
8710,8.127,2.930
8711,8.129,3.080
8712,8.146,3.036
8713,8.284,3.142
8714,8.069,2.989
8715,8.164,2.978
8716,8.106,2.971
8717,8.112,2.996
8718,8.189,3.063
8719,8.153,3.075
8720,8.130,3.126
8721,8.112,3.146
8722,8.182,3.107
8723,8.043,3.018
8724,8.077,2.964
8725,8.196,3.051
8726,8.024,3.028
8727,7.987,3.020
8728,7.888,3.070
8729,7.767,2.935
8730,7.794,3.027
8731,7.642,3.003
8732,7.537,2.975
8733,7.580,3.040
8734,7.636,3.068
8735,7.716,2.939
8736,7.899,2.983
8737,8.014,3.086
8738,8.143,3.076
8739,7.928,3.015
8740,7.804,3.072
8741,7.795,3.043
8742,7.592,2.942
8743,7.814,2.945
8744,7.773,2.938
8745,7.813,2.937
8746,7.680,2.985
8747,7.677,2.866
8748,7.723,2.953
8749,7.781,2.984
8750,7.668,2.973
8751,7.805,3.011
8752,7.641,2.975
8753,7.620,2.933
8754,7.588,2.951
8755,7.613,2.958
8756,7.813,3.015
8757,7.888,2.906
8758,7.885,2.964
8759,7.773,2.957
8760,7.818,3.084
8761,7.823,3.030
8762,7.881,3.005
8763,7.922,3.108
8764,7.883,3.083
8765,7.918,2.979
8766,7.935,2.947
8767,7.765,3.019
8768,7.835,3.053
8769,7.846,2.959
8770,7.822,3.003
8771,7.844,2.953
8772,7.794,2.973
8773,7.960,3.014
8774,7.875,2.918
8775,7.775,2.915
8776,7.713,2.826
8777,7.656,2.807
8778,7.689,2.869
8779,8.020,2.952
8780,8.023,2.935
8781,8.074,2.924
8782,8.122,2.937
8783,8.216,2.854
8784,8.148,2.873
8785,8.117,2.913
8786,8.371,2.871
8787,8.336,2.814
8788,8.250,2.788
8789,8.165,2.821
8790,8.226,2.818
8791,8.229,2.840
8792,8.217,2.864
8793,8.230,2.892
8794,8.196,2.894
8795,8.183,2.841
8796,8.228,2.938
8797,8.169,2.813
8798,8.161,2.838
8799,8.154,2.722
8800,8.147,2.867
8801,8.260,2.848
8802,8.280,2.879
8803,8.498,2.987
8804,8.430,2.912
8805,8.494,2.901
8806,8.458,2.809
8807,8.565,2.851
8808,8.330,2.876
8809,8.288,2.794
8810,8.353,2.879
8811,8.170,2.809
8812,8.236,2.840
8813,8.060,2.850
8814,8.130,2.858
8815,8.063,2.872
8816,8.085,2.855
8817,8.049,2.863
8818,8.151,2.960
8819,8.250,2.970
8820,8.336,3.002
8821,8.124,2.942
8822,8.110,2.922
8823,8.056,2.930
8824,8.059,2.905
8825,8.121,2.950
8826,8.221,3.009
8827,8.151,3.051
8828,8.200,3.084
8829,8.178,3.038
8830,8.223,2.990
8831,8.307,3.153
8832,8.208,3.028
8833,8.201,2.911
8834,8.214,2.886
8835,8.222,2.815
8836,8.132,2.876
8837,8.013,2.859
8838,8.046,2.924
8839,8.186,2.989
8840,8.211,2.905
8841,8.126,2.876
8842,8.204,2.830
8843,7.947,2.829
8844,8.112,2.773
8845,8.163,2.842
8846,8.208,2.961
8847,8.163,2.862
8848,8.405,2.991
8849,8.275,2.947
8850,8.385,2.858
8851,8.317,2.893
8852,8.115,2.825
8853,7.948,2.827
8854,7.987,2.919
8855,8.046,2.912
8856,8.129,2.913
8857,8.118,2.859
8858,8.124,2.858
8859,8.190,2.838
8860,8.035,2.960
8861,8.072,2.895
8862,8.005,2.815
8863,8.077,2.752
8864,8.159,2.912
8865,8.147,2.935
8866,8.154,2.898
8867,8.118,2.844
8868,8.157,2.822
8869,8.019,2.825
8870,8.028,2.882
8871,7.904,2.863
8872,7.884,2.817
8873,7.887,2.744
8874,7.964,2.765
8875,8.006,2.868
8876,8.057,2.865
8877,8.174,2.847
8878,8.065,2.741
8879,7.979,2.725
8880,8.025,2.835
8881,8.298,2.891
8882,8.261,2.788
8883,8.314,2.790
8884,8.199,2.750
8885,8.217,2.774
8886,8.257,2.809
8887,8.257,2.889
8888,8.117,2.812
8889,8.058,2.834
8890,8.079,2.702
8891,8.179,2.720
8892,8.162,2.827
8893,8.059,2.871
8894,7.940,2.778
8895,8.003,2.872
8896,7.915,2.868
8897,7.798,2.805
8898,8.015,2.955
8899,8.149,2.839
8900,8.047,2.858
8901,8.067,2.853
8902,8.162,2.773
8903,8.282,2.925
8904,8.327,2.902
8905,8.300,2.771
8906,8.334,2.744
8907,8.269,2.779
8908,8.290,2.893
8909,8.290,2.881
8910,8.391,2.854
8911,8.403,2.937
8912,8.193,2.851
8913,8.160,2.914
8914,8.126,2.903
8915,8.025,2.802
8916,8.105,2.728
8917,8.187,2.766
8918,8.202,2.878
8919,8.226,2.909
8920,8.297,2.919
8921,8.294,2.907
8922,8.243,2.962
8923,8.204,2.840
8924,8.113,2.855
8925,8.087,2.805
8926,8.183,2.961
8927,8.145,2.916
8928,8.292,3.103
8929,8.232,2.928
8930,8.290,2.989
8931,8.275,3.005
8932,8.366,3.014
8933,8.432,2.839
8934,8.309,2.852
8935,8.081,2.782
8936,8.197,2.837
8937,8.292,2.825
8938,8.184,2.743
8939,8.113,2.849
8940,8.046,2.809
8941,8.284,2.785
8942,8.023,2.713
8943,8.042,2.791
8944,7.980,2.738
8945,8.099,2.811
8946,8.290,2.796
8947,8.159,2.785
8948,8.128,2.716
8949,8.162,2.762
8950,8.167,2.727
8951,8.217,2.711
8952,8.125,2.805
8953,8.342,2.815
8954,8.255,2.823
8955,8.341,2.878
8956,8.297,2.756
8957,8.189,2.746
8958,8.369,2.785
8959,8.323,2.699
8960,8.198,2.818
8961,8.132,2.799
8962,8.233,2.952
8963,8.064,2.849
8964,8.195,2.970
8965,8.291,3.020
8966,8.236,2.977
8967,8.227,3.028
8968,8.365,3.052
8969,8.373,3.025
8970,8.391,2.998
8971,8.424,3.055
8972,8.345,3.012
8973,8.356,2.806
8974,8.411,2.817
8975,8.383,2.941
8976,8.261,2.914
8977,8.061,2.818
8978,8.176,2.837
8979,8.159,2.811
8980,8.186,2.764
8981,8.320,2.928
8982,8.267,2.997
8983,8.162,3.032
8984,8.342,2.956
8985,8.339,2.870
8986,8.244,2.803
8987,8.328,2.834
8988,8.370,3.044
8989,8.405,2.987
8990,8.281,3.045
8991,8.329,2.829
8992,8.486,2.878
8993,8.292,2.857
8994,8.253,2.882
8995,8.231,2.867
8996,8.224,2.954
8997,8.236,2.780
8998,8.473,2.828
8999,8.456,2.780
9000,8.369,2.813
9001,8.550,2.965
9002,8.687,2.804
9003,8.527,2.845
9004,8.501,2.864
9005,8.264,2.835
9006,8.323,2.871
9007,8.420,2.841
9008,8.185,2.862
9009,8.298,2.832
9010,8.312,2.791
9011,8.301,2.699
9012,8.251,2.849
9013,8.401,2.842
9014,8.456,2.848
9015,8.381,2.790
9016,8.525,2.789
9017,8.392,2.791
9018,8.269,2.751
9019,8.315,2.825
9020,8.141,2.748
9021,8.134,2.733
9022,8.082,2.808
9023,7.808,2.707
9024,7.921,2.799
9025,8.005,2.877
9026,8.030,2.876
9027,8.104,2.787
9028,8.199,2.924
9029,8.077,2.881
9030,7.917,2.887
9031,8.004,2.917
9032,8.089,2.874
9033,8.144,2.860
9034,8.068,2.798
9035,8.059,2.861
9036,7.929,2.763
9037,7.999,2.859
9038,7.986,2.900
9039,8.153,2.955
9040,8.194,2.919
9041,7.953,2.885
9042,7.923,2.875
9043,7.725,2.832
9044,7.896,2.924
9045,8.019,3.079
9046,7.815,3.019
9047,7.938,3.103
9048,8.006,3.060
9049,7.946,2.931
9050,7.944,2.946
9051,7.933,2.875
9052,7.971,2.922
9053,7.872,2.966
9054,7.965,2.976
9055,8.009,2.937
9056,7.797,2.860
9057,7.758,2.934
9058,7.852,3.052
9059,7.976,2.940
9060,7.915,2.931
9061,7.766,2.881
9062,7.830,2.967
9063,7.882,3.029
9064,7.866,3.048
9065,7.861,3.101
9066,7.730,3.038
9067,7.848,3.075
9068,7.770,3.096
9069,7.790,2.989
9070,7.727,2.925
9071,7.647,2.871
9072,7.586,2.807
9073,7.733,2.922
9074,7.819,2.830
9075,7.910,2.872
9076,7.992,2.842
9077,7.732,2.798
9078,7.845,2.802
9079,7.739,2.763
9080,7.742,2.849
9081,7.772,2.860
9082,7.836,2.761
9083,7.863,2.801
9084,7.910,2.863
9085,7.830,2.720
9086,7.844,2.704
9087,7.918,2.775
9088,8.087,2.831
9089,8.017,2.816
9090,8.108,2.863
9091,8.127,2.948
9092,8.219,2.897
9093,8.121,2.807
9094,7.971,2.923
9095,7.969,2.821
9096,7.967,2.916
9097,8.055,2.899
9098,8.065,3.024
9099,8.146,2.978
9100,8.095,2.982
9101,8.043,2.918
9102,8.212,2.949
9103,8.084,3.025
9104,8.264,3.015
9105,8.303,2.894
9106,8.218,2.888
9107,8.132,2.842
9108,8.136,2.767
9109,8.293,2.854
9110,8.303,2.890
9111,8.320,2.848
9112,8.169,2.904
9113,7.935,2.784
9114,7.867,2.768
9115,8.016,2.815
9116,7.942,2.759
9117,7.802,2.779
9118,7.933,2.799
9119,7.787,2.900
9120,7.898,2.865
9121,7.942,2.898
9122,8.012,2.883
9123,8.039,2.785
9124,8.166,2.793
9125,8.217,2.762
9126,8.001,2.721
9127,7.843,2.683
9128,7.816,2.725
9129,7.901,2.734
9130,7.925,2.767
9131,7.718,2.847
9132,7.822,2.764
9133,7.904,2.658
9134,7.744,2.678
9135,7.908,2.809
9136,7.858,2.785
9137,7.921,2.748
9138,7.913,2.745
9139,8.027,2.834
9140,8.107,2.893
9141,8.112,2.818
9142,8.088,2.854
9143,8.130,2.901
9144,8.116,2.857
9145,8.298,2.883
9146,8.262,2.887
9147,8.278,2.850
9148,8.115,2.881
9149,8.290,2.808
9150,8.279,2.889
9151,8.329,2.846
9152,8.405,2.884
9153,8.379,2.958
9154,8.284,2.896
9155,8.278,2.863
9156,8.209,2.863
9157,8.382,2.841
9158,8.358,2.821
9159,8.215,2.792
9160,8.243,2.799
9161,8.194,2.741
9162,8.264,2.771
9163,8.020,2.694
9164,8.178,2.751
9165,8.200,2.788
9166,8.036,2.818
9167,8.141,2.796
9168,8.235,2.879
9169,8.022,2.768
9170,8.071,2.829
9171,8.171,2.862
9172,8.235,2.890
9173,8.285,2.833
9174,8.210,2.848
9175,8.352,2.916
9176,8.470,2.934
9177,8.501,2.954
9178,8.393,2.941
9179,8.230,2.867
9180,8.392,2.888
9181,8.182,2.775
9182,8.219,2.744
9183,8.217,2.701
9184,8.296,2.818
9185,8.297,2.820
9186,8.269,2.872
9187,8.195,2.856
9188,8.200,2.782
9189,8.406,2.860
9190,8.165,2.806
9191,8.300,2.858
9192,8.289,2.843
9193,8.249,2.803
9194,8.303,2.864
9195,8.223,2.814
9196,8.333,2.847
9197,8.361,2.904
9198,8.323,2.875
9199,8.121,2.776
9200,8.226,2.884
9201,8.319,3.048
9202,8.557,3.045
9203,8.270,2.901
9204,8.317,2.988
9205,8.293,2.907
9206,8.499,2.916
9207,8.617,3.000
9208,8.734,2.990
9209,8.611,2.918
9210,8.669,2.969
9211,8.608,2.890
9212,8.688,2.900
9213,8.667,2.969
9214,8.649,2.813
9215,8.464,2.901
9216,8.442,2.884
9217,8.405,2.934
9218,8.382,2.930
9219,8.641,2.879
9220,8.685,2.857
9221,8.717,2.796
9222,8.780,2.804
9223,8.805,2.933
9224,8.686,2.841
9225,8.633,2.829
9226,8.509,2.915
9227,8.399,2.847
9228,8.314,2.888
9229,8.337,2.779
9230,8.321,2.846
9231,8.474,2.866
9232,8.276,2.869
9233,8.365,2.855
9234,8.415,2.918
9235,8.534,2.881
9236,8.462,2.832
9237,8.432,2.802
9238,8.483,2.792
9239,8.448,2.833
9240,8.452,2.811
9241,8.341,2.845
9242,8.388,2.790
9243,8.453,2.794
9244,8.546,2.886
9245,8.677,2.803
9246,8.507,2.854
9247,8.366,2.856
9248,8.196,2.844
9249,8.012,2.843
9250,8.015,2.824
9251,7.850,2.856
9252,8.107,2.905
9253,8.196,2.908
9254,8.233,2.928
9255,8.336,2.847
9256,8.184,2.877
9257,8.242,2.918
9258,8.207,2.798
9259,7.996,2.860
9260,8.014,2.862
9261,8.041,2.743
9262,8.099,2.780
9263,7.998,2.881
9264,8.242,2.925
9265,8.039,2.950
9266,8.006,2.953
9267,7.957,2.983
9268,8.074,2.995
9269,8.043,2.946
9270,8.103,2.828
9271,8.137,2.914
9272,7.988,2.843
9273,8.077,2.924
9274,7.968,2.814
9275,8.017,2.823
9276,7.945,2.852
9277,8.099,2.893
9278,8.071,2.734
9279,8.039,2.822
9280,8.253,2.811
9281,8.074,2.892
9282,8.034,2.853
9283,8.107,2.835
9284,7.971,2.789
9285,8.122,2.885
9286,8.112,2.881
9287,7.962,2.786
9288,8.222,2.886
9289,8.179,2.919
9290,8.052,2.981
9291,8.116,2.926
9292,8.146,2.997
9293,8.102,2.886
9294,8.313,2.961
9295,8.336,2.920
9296,8.272,2.897
9297,8.360,2.931
9298,8.393,2.988
9299,8.440,3.023
9300,8.473,2.818
9301,8.651,2.902
9302,8.639,2.830
9303,8.442,2.832
9304,8.461,2.904
9305,8.552,2.844
9306,8.628,2.899
9307,8.455,2.887
9308,8.433,2.900
9309,8.402,2.916
9310,8.357,2.912
9311,8.246,2.854
9312,8.224,3.004
9313,8.306,2.965
9314,8.232,2.889
9315,8.167,2.914
9316,8.116,2.819
9317,8.122,2.858
9318,8.053,2.873
9319,8.159,2.859
9320,8.210,2.894
9321,8.101,2.846
9322,8.057,2.871
9323,8.017,2.927
9324,7.835,2.811
9325,7.971,2.900
9326,7.983,2.945
9327,7.995,2.925
9328,7.878,2.865
9329,7.998,2.869
9330,8.034,2.879
9331,8.036,2.871
9332,7.913,2.880
9333,7.938,2.794
9334,7.910,2.916
9335,8.031,3.003
9336,8.198,2.984
9337,8.128,2.923
9338,8.148,2.964
9339,7.977,2.858
9340,8.173,2.962
9341,8.185,2.887
9342,8.225,2.899
9343,8.268,2.846
9344,8.290,2.940
9345,8.442,2.941
9346,8.414,2.874
9347,8.541,2.915
9348,8.498,2.894
9349,8.273,2.903
9350,8.429,2.912
9351,8.525,2.964
9352,8.495,2.932
9353,8.470,2.924
9354,8.534,2.883
9355,8.483,2.882
9356,8.448,2.901
9357,8.401,2.849
9358,8.560,2.900
9359,8.242,2.776
9360,8.304,2.864
9361,8.396,2.920
9362,8.214,2.802
9363,8.175,2.867
9364,8.060,2.865
9365,8.102,2.897
9366,8.021,2.847
9367,7.957,2.895
9368,8.004,2.868
9369,8.130,2.914
9370,8.129,2.888
9371,8.378,2.823
9372,8.320,3.050
9373,8.344,2.932
9374,8.507,2.889
9375,8.455,3.004
9376,8.444,2.962
9377,8.368,2.937
9378,8.536,2.957
9379,8.418,2.997
9380,8.323,2.974
9381,8.361,2.926
9382,8.634,2.976
9383,8.439,2.981
9384,8.595,3.041
9385,8.506,2.935
9386,8.621,3.047
9387,8.611,2.965
9388,8.626,2.877
9389,8.658,2.917
9390,8.685,3.005
9391,8.542,2.933
9392,8.679,2.897
9393,8.840,2.942
9394,8.832,3.045
9395,8.849,3.068
9396,8.772,2.981
9397,8.732,2.933
9398,8.684,2.911
9399,8.589,2.922
9400,8.600,2.890
9401,8.519,2.884
9402,8.447,3.024
9403,8.503,2.892
9404,8.543,3.013
9405,8.540,2.920
9406,8.737,2.982
9407,8.760,2.988
9408,8.768,2.942
9409,8.828,2.896
9410,8.587,2.907
9411,8.665,3.026
9412,8.811,2.936
9413,8.723,2.951
9414,8.723,2.947
9415,8.641,2.864
9416,8.669,2.977
9417,8.691,2.954
9418,8.634,2.960
9419,8.488,2.866
9420,8.648,2.911
9421,8.760,2.852
9422,8.747,2.830
9423,8.668,2.866
9424,8.704,2.896
9425,8.856,2.960
9426,8.600,2.838
9427,8.553,2.840
9428,8.624,2.852
9429,8.642,2.919
9430,8.611,3.019
9431,8.554,2.937
9432,8.417,2.863
9433,8.625,3.028
9434,8.524,3.019
9435,8.647,3.044
9436,8.677,2.996
9437,8.478,2.868
9438,8.535,2.909
9439,8.562,2.902
9440,8.652,3.116
9441,8.716,3.084
9442,8.524,3.012
9443,8.655,3.083
9444,8.886,3.035
9445,8.692,3.007
9446,8.763,3.008
9447,8.665,3.005
9448,8.619,2.927
9449,8.651,2.947
9450,8.579,3.034
9451,8.614,2.999
9452,8.720,3.074
9453,8.646,3.001
9454,8.689,2.950
9455,8.618,2.998
9456,8.528,3.092
9457,8.459,3.044
9458,8.484,3.032
9459,8.438,3.019
9460,8.540,3.074
9461,8.610,2.940
9462,8.810,3.069
9463,8.760,3.057
9464,8.719,3.091
9465,8.583,3.084
9466,8.636,3.100
9467,8.796,3.049
9468,8.802,3.114
9469,8.787,3.108
9470,8.662,3.113
9471,8.822,3.100
9472,8.860,3.096
9473,9.031,3.059
9474,8.794,3.055
9475,8.786,3.109
9476,8.845,3.000
9477,8.994,3.095
9478,8.820,3.071
9479,8.728,3.115
9480,8.722,3.183
9481,8.726,3.058
9482,8.743,3.085
9483,8.546,2.953
9484,8.546,2.974
9485,8.631,2.998
9486,8.550,2.951
9487,8.934,2.988
9488,8.857,2.946
9489,8.894,2.914
9490,8.829,2.882
9491,8.701,2.834
9492,8.988,3.029
9493,8.920,2.874
9494,8.776,2.879
9495,8.680,2.924
9496,8.837,2.956
9497,8.775,2.933
9498,8.707,2.782
9499,8.571,2.894
9500,8.764,2.970
9501,8.768,3.099
9502,8.814,2.979
9503,8.820,2.968
9504,8.699,2.940
9505,8.673,2.864
9506,8.752,2.913
9507,8.800,2.884
9508,8.938,2.903
9509,8.797,2.947
9510,8.843,2.959
9511,8.578,2.931
9512,8.532,2.993
9513,8.543,2.901
9514,8.597,2.831
9515,8.538,2.806
9516,8.582,2.931
9517,8.543,2.986
9518,8.758,2.924
9519,8.746,2.888
9520,8.956,2.867
9521,8.934,2.958
9522,8.927,3.008
9523,8.790,2.962
9524,8.929,2.944
9525,8.797,2.998
9526,8.840,2.887
9527,8.725,2.912
9528,8.737,2.966
9529,8.670,3.001
9530,8.576,2.954
9531,8.641,3.001
9532,8.730,3.014
9533,8.710,2.906
9534,8.739,2.986
9535,8.824,2.989
9536,8.905,2.957
9537,8.815,2.875
9538,8.812,3.021
9539,8.820,3.063
9540,8.986,3.095
9541,9.032,3.027
9542,9.001,2.985
9543,8.977,3.057
9544,8.925,3.012
9545,8.777,3.019
9546,8.714,2.935
9547,8.872,3.037
9548,8.778,2.993
9549,8.751,3.075
9550,8.741,3.067
9551,8.670,3.085
9552,8.634,2.967
9553,8.830,3.029
9554,8.899,3.040
9555,8.831,2.967
9556,8.670,3.025
9557,8.546,2.980
9558,8.486,3.131
9559,8.578,2.995
9560,8.393,2.980
9561,8.473,2.983
9562,8.395,2.937
9563,8.382,3.046
9564,8.197,2.997
9565,8.198,2.908
9566,8.207,2.967
9567,8.231,2.956
9568,8.387,3.067
9569,8.396,2.970
9570,8.438,2.973
9571,8.289,2.937
9572,8.378,2.995
9573,8.259,2.901
9574,8.318,2.935
9575,8.414,3.047
9576,8.091,2.937
9577,8.271,2.975
9578,8.474,3.012
9579,8.407,2.933
9580,8.495,3.092
9581,8.343,3.038
9582,8.471,3.036
9583,8.354,3.070
9584,8.531,3.043
9585,8.449,3.107
9586,8.265,2.886
9587,8.158,2.959
9588,8.125,2.963
9589,8.048,2.910
9590,8.144,2.924
9591,8.293,2.976
9592,8.235,2.969
9593,8.132,2.919
9594,8.123,2.940
9595,8.257,2.910
9596,8.392,2.912
9597,8.297,2.945
9598,8.339,2.918
9599,8.460,2.843
9600,8.540,2.914
9601,8.464,2.882
9602,8.510,2.745
9603,8.703,2.893
9604,8.748,2.848
9605,8.640,2.871
9606,8.695,2.938
9607,8.618,2.946
9608,8.536,2.925
9609,8.546,2.941
9610,8.526,3.004
9611,8.502,3.002
9612,8.464,2.866
9613,8.555,2.906
9614,8.701,2.984
9615,8.619,2.879
9616,8.468,2.823
9617,8.488,2.892
9618,8.392,2.883
9619,8.357,2.867
9620,8.364,2.847
9621,8.426,2.940
9622,8.445,2.873
9623,8.599,2.899
9624,8.611,2.916
9625,8.727,2.893
9626,8.759,2.899
9627,8.701,2.862
9628,8.503,2.856
9629,8.643,2.964
9630,8.598,2.875
9631,8.566,2.762
9632,8.584,2.856
9633,8.746,2.885
9634,8.642,2.928
9635,8.571,2.965
9636,8.440,2.887
9637,8.534,2.883
9638,8.671,2.956
9639,8.566,2.932
9640,8.647,2.910
9641,8.703,2.918
9642,8.627,2.871
9643,8.559,2.905
9644,8.702,2.976
9645,8.636,2.916
9646,8.558,3.006
9647,8.387,2.957
9648,8.527,2.902
9649,8.578,2.887
9650,8.672,2.945
9651,8.649,2.907
9652,8.464,2.842
9653,8.499,2.870
9654,8.629,2.873
9655,8.589,2.940
9656,8.673,2.857
9657,8.528,2.785
9658,8.276,2.806
9659,8.273,2.822
9660,8.308,2.790
9661,8.299,2.707
9662,8.264,2.747
9663,8.297,2.802
9664,8.501,2.901
9665,8.620,2.906
9666,8.595,2.949
9667,8.466,2.948
9668,8.581,2.770
9669,8.633,2.955
9670,8.438,2.844
9671,8.543,2.836
9672,8.521,2.871
9673,8.572,2.853
9674,8.435,2.932
9675,8.591,3.011
9676,8.640,2.880
9677,8.768,2.894
9678,8.715,2.874
9679,8.843,2.939
9680,8.768,2.930
9681,8.772,2.942
9682,8.763,2.898
9683,8.651,3.027
9684,8.604,2.976
9685,8.617,2.919
9686,8.834,2.906
9687,8.869,2.893
9688,8.829,2.930
9689,8.710,2.918
9690,8.666,2.903
9691,8.737,2.920
9692,8.590,2.966
9693,8.654,2.899
9694,8.820,2.993
9695,8.726,3.027
9696,8.761,2.968
9697,8.879,2.964
9698,8.796,2.981
9699,8.685,3.026
9700,8.661,2.966
9701,8.886,2.926
9702,8.772,2.881
9703,8.784,3.011
9704,8.794,3.081
9705,8.743,3.106
9706,8.708,3.176
9707,8.781,3.109
9708,8.717,3.056
9709,8.810,3.071
9710,8.788,3.031
9711,8.636,3.059
9712,8.688,3.002
9713,8.630,2.930
9714,8.449,3.005
9715,8.503,3.014
9716,8.508,2.962
9717,8.616,3.128
9718,8.718,3.083
9719,8.891,3.160
9720,8.792,3.102
9721,8.683,3.128
9722,8.754,3.168
9723,8.638,3.256
9724,8.702,3.180
9725,8.702,3.239
9726,8.742,3.329
9727,8.820,3.183
9728,8.823,3.139
9729,8.786,3.085
9730,8.857,3.282
9731,8.789,3.264
9732,8.831,3.188
9733,8.861,3.204
9734,8.807,3.188
9735,8.627,3.139
9736,8.503,3.118
9737,8.434,3.093
9738,8.590,3.057
9739,8.599,3.001
9740,8.589,3.089
9741,8.464,3.129
9742,8.402,2.961
9743,8.522,3.051
9744,8.385,2.970
9745,8.457,2.899
9746,8.370,2.882
9747,8.202,2.849
9748,8.237,2.979
9749,8.256,3.019
9750,8.277,2.975
9751,8.318,3.014
9752,8.430,2.965
9753,8.501,2.929
9754,8.686,3.004
9755,8.745,2.948
9756,8.844,2.974
9757,8.869,2.935
9758,8.838,2.999
9759,8.799,2.916
9760,8.810,2.922
9761,9.064,2.989
9762,9.000,2.967
9763,9.069,2.984
9764,9.173,3.029
9765,9.113,2.991
9766,9.091,2.927
9767,8.935,3.004
9768,8.888,2.956
9769,8.776,2.935
9770,8.839,2.949
9771,8.877,3.098
9772,8.902,3.106
9773,8.947,3.139
9774,8.846,3.155
9775,8.630,2.963
9776,8.904,3.162
9777,8.925,3.053
9778,9.043,3.054
9779,9.019,3.120
9780,8.926,3.037
9781,8.887,3.006
9782,8.835,3.097
9783,8.821,3.056
9784,8.687,3.027
9785,8.566,3.075
9786,8.393,3.056
9787,8.412,3.084
9788,8.355,2.974
9789,8.367,3.023
9790,8.563,3.039
9791,8.560,3.094
9792,8.638,3.043
9793,8.670,3.072
9794,8.681,3.152
9795,8.711,3.075
9796,8.759,3.006
9797,8.667,2.930
9798,8.587,2.958
9799,8.502,2.962
9800,8.424,3.015
9801,8.628,3.003
9802,8.608,3.013
9803,8.480,2.967
9804,8.503,3.003
9805,8.465,3.059
9806,8.530,2.996
9807,8.445,2.938
9808,8.530,2.930
9809,8.580,2.966
9810,8.620,2.947
9811,8.505,2.980
9812,8.369,2.928
9813,8.353,2.873
9814,8.268,2.895
9815,8.381,2.819
9816,8.326,2.857
9817,8.394,2.947
9818,8.519,2.962
9819,8.654,2.974
9820,8.675,2.907
9821,8.652,2.899
9822,8.510,2.816
9823,8.606,2.884
9824,8.552,2.896
9825,8.441,2.868
9826,8.300,2.849
9827,8.365,2.973
9828,8.384,3.013
9829,8.319,3.001
9830,8.216,2.897
9831,8.331,2.922
9832,8.150,2.839
9833,8.248,2.737
9834,8.159,2.876
9835,8.201,3.015
9836,8.135,2.836
9837,8.297,2.972
9838,8.240,2.943
9839,8.301,2.854
9840,8.384,2.878
9841,8.313,2.925
9842,8.317,2.924
9843,8.226,2.898
9844,8.315,2.877
9845,8.350,2.999
9846,8.487,2.894
9847,8.537,2.969
9848,8.404,2.935
9849,8.350,2.987
9850,8.275,2.905
9851,8.374,2.855
9852,8.427,2.947
9853,8.221,2.893
9854,8.246,2.925
9855,8.263,2.856
9856,8.320,2.810
9857,8.261,2.837
9858,8.343,2.951
9859,8.391,2.909
9860,8.465,2.843
9861,8.483,2.904
9862,8.576,2.983
9863,8.639,2.955
9864,8.454,2.898
9865,8.496,2.858
9866,8.433,2.835
9867,8.391,2.889
9868,8.566,2.888
9869,8.435,2.832
9870,8.438,2.880
9871,8.439,2.896
9872,8.508,2.892
9873,8.456,2.975
9874,8.456,3.046
9875,8.560,2.955
9876,8.506,2.963
9877,8.569,2.945
9878,8.491,2.939
9879,8.388,2.923
9880,8.267,2.902
9881,8.304,2.986
9882,8.317,2.913
9883,8.460,2.971
9884,8.492,3.026
9885,8.585,3.015
9886,8.591,2.925
9887,8.727,2.890
9888,8.785,2.898
9889,8.730,2.827
9890,8.895,2.869
9891,8.907,2.923
9892,8.803,3.021
9893,8.839,2.864
9894,8.791,2.976
9895,8.738,2.782
9896,8.732,2.691
9897,8.618,2.825
9898,8.627,2.828
9899,8.626,2.890
9900,8.486,2.772
9901,8.503,2.789
9902,8.541,2.794
9903,8.595,2.893
9904,8.440,2.792
9905,8.425,2.869
9906,8.427,2.927
9907,8.563,2.913
9908,8.646,2.979
9909,8.633,2.933
9910,8.720,2.916
9911,8.741,2.939
9912,8.684,2.904
9913,8.667,2.918
9914,8.502,2.933
9915,8.525,2.932
9916,8.563,2.996
9917,8.492,2.987
9918,8.655,3.128
9919,8.724,3.023
9920,8.527,2.963
9921,8.395,3.010
9922,8.318,2.970
9923,8.491,2.980
9924,8.456,2.969
9925,8.462,2.933
9926,8.539,3.023
9927,8.645,3.008
9928,8.674,2.952
9929,8.590,2.938
9930,8.540,2.940
9931,8.620,2.975
9932,8.674,2.912
9933,8.696,3.018
9934,8.407,2.977
9935,8.562,2.947
9936,8.392,2.904
9937,8.270,2.793
9938,8.452,2.851
9939,8.554,2.873
9940,8.321,2.830
9941,8.337,2.809
9942,8.463,2.859
9943,8.551,2.885
9944,8.725,2.834
9945,8.910,2.862
9946,8.854,2.846
9947,8.565,2.816
9948,8.672,2.796
9949,8.769,2.823
9950,8.623,2.968
9951,8.527,2.933
9952,8.550,2.982
9953,8.671,2.833
9954,8.703,2.946
9955,8.675,3.010
9956,8.619,2.875
9957,8.726,3.051
9958,8.872,3.051
9959,8.584,3.131
9960,8.670,3.204
9961,8.557,3.014
9962,8.665,3.023
9963,8.651,2.970
9964,8.596,2.937
9965,8.627,2.969
9966,8.501,3.003
9967,8.348,2.924
9968,8.387,2.896
9969,8.346,3.008
9970,8.488,3.036
9971,8.395,2.978
9972,8.428,3.022
9973,8.354,3.015
9974,8.186,2.979
9975,8.321,2.973
9976,8.332,3.112
9977,8.403,2.844
9978,8.426,2.956
9979,8.412,2.973
9980,8.440,2.835
9981,8.349,2.871
9982,8.186,2.827
9983,8.275,2.890
9984,8.329,2.983
9985,8.414,3.063
9986,8.459,3.049
9987,8.476,2.975
9988,8.500,3.037
9989,8.417,3.029
9990,8.588,3.115
9991,8.650,3.096
9992,8.560,3.094
9993,8.521,3.193
9994,8.611,3.040
9995,8.553,3.028
9996,8.611,3.054
9997,8.669,2.995
9998,8.545,3.030
9999,8.535,3.005
