frame,K347_ASP1423,K347_ASP1714,K347_D356
0,28.451,26.586,2.612
1,27.863,25.272,2.729
2,27.761,26.065,2.584
3,28.172,25.879,2.787
4,28.538,25.432,2.657
5,27.914,26.933,2.744
6,27.559,26.240,2.733
7,29.667,26.146,2.601
8,27.676,26.283,2.610
9,27.172,27.287,2.644
10,26.436,25.162,2.678
11,27.792,25.871,2.911
12,28.658,26.395,2.633
13,27.845,25.057,2.567
14,27.837,25.823,2.627
15,28.725,25.582,2.534
16,28.359,27.178,2.721
17,27.187,25.614,2.693
18,27.565,26.224,2.800
19,27.135,25.736,2.707
20,27.655,26.498,2.632
21,26.015,25.715,2.672
22,26.842,25.028,2.817
23,27.426,26.177,2.683
24,27.762,26.235,2.666
25,27.057,25.740,2.728
26,27.161,26.001,2.695
27,26.344,25.929,2.604
28,27.536,27.140,2.579
29,26.532,26.897,2.752
30,27.250,27.932,2.688
31,28.219,26.558,2.646
32,27.118,26.823,2.587
33,27.315,26.399,2.685
34,27.698,26.980,2.753
35,26.292,26.246,2.665
36,27.226,25.583,2.695
37,29.358,27.255,2.614
38,26.809,25.905,2.663
39,28.488,26.808,2.645
40,29.512,28.461,2.600
41,29.813,27.824,2.691
42,29.111,27.816,2.739
43,29.236,28.146,3.297
44,28.976,27.410,2.660
45,28.546,27.018,2.683
46,28.131,26.600,2.626
47,27.825,26.760,2.564
48,27.702,26.759,2.781
49,28.567,25.621,2.522
50,30.440,27.089,2.722
51,30.168,27.732,2.743
52,30.023,26.461,2.806
53,30.072,26.420,2.753
54,29.808,25.857,2.748
55,31.157,26.499,2.613
56,29.893,25.270,2.591
57,29.758,25.554,2.632
58,30.830,27.191,2.740
59,31.514,27.682,2.738
60,27.509,26.703,2.833
61,27.540,26.451,2.675
62,28.651,29.092,2.656
63,27.777,25.612,3.292
64,28.818,27.437,2.623
65,27.499,25.867,2.584
66,28.762,27.049,2.770
67,30.283,26.720,2.561
68,30.595,26.565,2.804
69,31.640,27.187,2.507
70,32.208,25.888,2.657
71,31.653,27.449,2.664
72,31.931,26.704,2.701
73,30.919,26.247,2.772
74,30.040,26.097,2.580
75,31.167,26.844,2.567
76,28.232,27.206,2.646
77,28.832,27.776,2.659
78,28.390,26.951,2.664
79,28.647,27.034,2.655
80,29.726,26.752,2.664
81,28.622,26.540,2.762
82,28.534,26.699,2.750
83,29.988,27.947,2.677
84,29.236,27.396,2.652
85,28.437,27.137,2.497
86,28.823,27.080,2.664
87,30.262,28.544,2.622
88,27.988,26.182,2.699
89,28.026,27.647,2.732
90,28.946,27.829,2.718
91,28.597,27.162,2.604
92,28.974,26.730,2.717
93,28.795,26.266,2.633
94,29.279,27.245,2.759
95,28.604,26.304,2.643
96,29.430,27.118,2.738
97,29.341,27.116,2.610
98,28.976,27.728,2.792
99,29.638,27.550,2.687
100,29.681,27.736,2.847
101,29.047,27.074,2.678
102,29.741,27.275,2.760
103,29.238,27.328,2.564
104,29.107,26.574,2.664
105,28.003,25.287,2.673
106,29.273,26.559,2.544
107,29.212,26.225,2.821
108,28.455,26.017,2.691
109,29.025,26.886,2.570
110,27.470,25.695,2.528
111,28.424,26.602,2.561
112,29.097,27.176,2.706
113,28.770,26.731,2.765
114,28.313,26.050,2.671
115,27.934,26.823,2.588
116,27.868,26.386,2.558
117,28.223,25.713,2.642
118,29.566,26.652,2.794
119,29.099,26.752,2.677
120,28.422,26.101,2.682
121,28.124,26.502,2.659
122,28.968,27.179,2.673
123,28.738,27.452,2.635
124,27.723,26.084,2.751
125,29.366,26.799,2.668
126,27.862,26.454,2.637
127,28.870,26.007,2.644
128,29.540,26.943,2.585
129,29.001,26.784,2.769
130,29.080,26.432,2.593
131,31.286,25.878,2.633
132,31.208,26.252,2.688
133,31.900,26.901,2.596
134,30.498,25.379,2.641
135,31.453,26.424,2.665
136,29.187,25.013,2.654
137,30.810,25.611,2.701
138,29.896,25.526,2.730
139,30.784,25.417,2.768
140,30.401,25.648,2.608
141,30.390,25.536,2.578
142,30.224,25.424,2.671
143,30.624,26.044,2.605
144,31.043,25.608,2.708
145,30.876,25.856,2.760
146,30.441,26.112,2.630
147,30.567,25.583,2.842
148,28.178,25.666,2.579
149,28.730,26.021,2.598
150,28.281,26.496,2.682
151,28.805,26.114,2.587
152,29.519,27.189,2.635
153,28.106,25.563,2.731
154,28.727,26.181,2.711
155,27.989,25.994,2.634
156,28.409,25.245,2.766
157,27.794,26.317,2.625
158,28.320,25.788,2.512
159,28.878,26.636,2.710
160,28.004,25.703,2.571
161,29.635,26.366,2.645
162,28.578,26.428,2.671
163,28.230,26.091,2.700
164,28.756,25.878,2.889
165,28.544,25.049,2.616
166,28.327,25.285,2.681
167,28.835,26.674,2.860
168,28.545,26.844,2.606
169,29.982,26.403,2.609
170,28.396,25.926,2.799
171,28.639,25.616,2.620
172,28.941,26.035,2.840
173,28.252,25.754,2.799
174,28.195,26.046,2.546
175,29.229,25.899,2.615
176,28.641,26.697,2.733
177,28.671,26.108,2.665
178,28.709,25.836,2.582
179,28.902,26.089,2.633
180,28.657,24.826,2.641
181,27.356,26.308,2.868
182,28.783,26.129,2.591
183,28.593,26.773,2.780
184,28.670,27.264,2.758
185,28.827,26.420,2.679
186,28.557,26.166,2.640
187,28.570,25.906,2.694
188,28.684,26.050,2.747
189,28.086,25.736,2.580
190,28.566,25.132,2.586
191,28.905,26.202,2.641
192,26.992,25.333,2.586
193,27.695,25.689,2.643
194,28.539,25.879,2.690
195,28.539,25.418,2.830
196,27.718,25.296,2.812
197,28.833,25.601,2.618
198,28.348,25.677,2.622
199,27.517,26.552,2.640
200,28.364,26.060,2.660
201,27.995,26.373,2.734
202,28.555,25.748,2.765
203,29.332,26.665,2.643
204,28.600,25.785,2.576
205,28.322,26.253,2.721
206,26.378,25.209,2.584
207,27.752,25.913,3.541
208,28.085,26.136,2.717
209,27.565,25.779,2.805
210,27.711,25.680,2.691
211,27.887,25.474,2.713
212,27.371,25.654,2.795
213,27.168,25.336,2.572
214,27.457,24.763,2.694
215,27.960,26.245,2.699
216,27.358,25.500,2.699
217,29.030,26.009,2.686
218,28.922,26.478,2.689
219,29.023,26.774,2.650
220,28.130,26.466,2.814
221,28.943,26.806,2.806
222,28.184,25.326,2.626
223,27.921,25.691,2.752
224,27.686,24.429,2.819
225,28.391,25.640,2.605
226,28.040,25.460,2.606
227,27.683,25.224,2.636
228,27.282,24.346,2.615
229,28.983,26.478,2.613
230,27.922,25.868,2.726
231,28.293,24.995,2.894
232,28.068,25.220,2.734
233,28.514,25.173,2.642
234,27.469,24.706,3.238
235,28.449,24.936,2.757
236,27.229,24.351,2.642
237,28.701,26.398,2.748
238,26.655,23.971,2.665
239,28.377,25.348,3.112
240,28.588,25.548,2.651
241,28.759,25.924,2.638
242,29.994,25.373,2.606
243,28.048,24.243,2.698
244,27.764,24.735,2.606
245,27.278,24.404,2.712
246,28.132,24.811,2.601
247,28.576,25.691,2.693
248,28.525,25.020,2.663
249,28.800,25.820,2.683
250,28.423,23.885,2.695
251,28.315,24.252,2.635
252,28.663,25.485,2.696
253,27.498,25.454,2.661
254,28.422,24.046,2.641
255,28.454,26.271,2.622
256,28.372,26.156,2.709
257,27.918,24.539,2.552
258,27.838,24.942,2.664
259,28.265,24.693,2.674
260,28.019,25.256,2.658
261,27.295,24.102,2.669
262,28.070,25.155,2.631
263,28.067,25.490,2.728
264,26.948,24.144,2.837
265,28.599,25.276,2.642
266,27.983,25.778,2.683
267,28.617,26.298,2.751
268,28.745,26.267,2.752
269,27.893,24.932,2.576
270,27.517,25.076,2.592
271,27.504,25.564,2.677
272,27.695,24.861,2.621
273,27.731,25.614,2.553
274,27.913,25.652,2.947
275,28.142,25.338,2.711
276,29.067,26.090,2.743
277,27.410,25.220,2.779
278,27.822,25.938,2.733
279,27.721,25.947,2.630
280,27.490,25.530,2.819
281,28.688,25.638,2.565
282,27.403,25.311,2.638
283,27.688,25.074,2.807
284,28.196,25.631,2.688
285,28.865,25.254,2.670
286,29.548,26.167,2.876
287,27.463,26.021,2.782
288,27.475,25.482,3.234
289,28.127,26.315,2.778
290,28.494,26.071,2.617
291,28.449,26.492,2.614
292,27.291,24.924,2.675
293,27.091,23.960,2.679
294,28.248,25.640,2.657
295,27.391,24.767,2.610
296,27.428,25.500,2.796
297,27.335,25.477,2.725
298,27.905,25.103,2.660
299,28.091,25.744,2.900
300,28.525,25.420,2.542
301,28.244,25.639,2.430
302,27.122,24.571,2.698
303,26.606,24.454,2.804
304,26.727,24.276,2.621
305,26.794,24.978,2.734
306,30.040,27.436,2.740
307,28.915,26.199,2.745
308,28.355,25.673,2.754
309,27.481,25.519,2.620
310,29.009,25.551,2.683
311,28.389,26.884,2.639
312,28.046,25.451,2.597
313,28.633,26.360,2.642
314,28.634,25.804,2.909
315,27.841,25.128,2.574
316,28.134,25.486,2.726
317,28.284,25.616,2.713
318,28.289,25.707,2.588
319,28.684,25.305,2.582
320,28.691,25.647,2.706
321,29.445,26.462,2.743
322,28.124,25.286,2.670
323,28.066,25.799,2.726
324,28.334,25.321,2.592
325,27.050,25.174,2.548
326,28.359,25.327,2.628
327,27.441,24.466,2.609
328,27.126,25.362,2.589
329,28.839,26.572,2.641
330,28.190,26.251,2.939
331,28.302,26.056,2.530
332,28.149,26.259,2.618
333,28.275,26.952,6.609
334,28.139,27.421,7.439
335,26.750,26.400,7.294
336,25.601,25.622,8.103
337,26.014,25.650,6.928
338,25.832,25.789,8.076
339,25.997,25.751,7.577
340,27.508,26.429,5.153
341,26.346,25.229,6.389
342,25.912,24.394,6.757
343,26.250,25.509,7.293
344,24.801,24.682,8.591
345,28.374,26.503,6.965
346,27.959,26.320,4.427
347,27.682,26.733,6.194
348,27.094,25.499,5.993
349,27.534,26.435,4.688
350,27.940,25.204,2.525
351,28.058,25.660,2.665
352,27.830,25.450,2.713
353,26.939,25.111,2.743
354,27.035,25.424,2.854
355,26.961,25.717,2.536
356,27.861,25.760,2.599
357,28.664,26.048,2.540
358,27.212,24.905,2.641
359,27.739,24.938,2.623
360,27.794,25.560,2.590
361,27.883,24.767,2.818
362,28.063,25.255,2.715
363,28.104,25.234,2.698
364,27.887,25.820,2.651
365,27.651,24.991,2.631
366,27.078,25.805,2.608
367,26.433,25.144,2.725
368,27.572,25.967,2.850
369,28.156,25.717,2.484
370,29.272,26.438,2.686
371,28.864,25.838,2.758
372,27.250,25.584,2.841
373,27.990,25.510,2.778
374,27.505,25.308,2.773
375,26.877,24.583,2.736
376,27.730,25.194,2.711
377,26.911,25.383,2.745
378,28.445,25.511,2.699
379,27.848,26.411,2.661
380,28.264,26.578,2.550
381,28.247,25.660,2.649
382,30.265,25.430,2.764
383,30.237,25.807,2.628
384,29.584,26.036,2.602
385,30.469,26.020,2.745
386,28.624,25.649,2.671
387,27.653,25.668,2.807
388,27.242,25.815,2.736
389,30.771,25.417,2.717
390,28.281,25.011,2.648
391,27.777,25.304,2.645
392,27.813,25.810,2.623
393,27.248,25.783,2.628
394,27.223,26.076,2.578
395,28.181,25.577,2.592
396,28.711,26.211,2.679
397,28.460,26.879,2.630
398,27.073,25.750,2.643
399,26.178,25.737,2.755
400,27.442,26.050,2.609
401,28.086,25.922,2.675
402,28.353,26.550,2.705
403,27.009,25.245,2.754
404,27.996,25.410,2.692
405,28.871,26.498,2.677
406,27.608,25.099,2.653
407,27.742,25.634,2.684
408,28.515,26.633,2.611
409,28.036,25.936,2.764
410,28.001,25.595,2.634
411,27.945,27.237,2.682
412,28.059,27.520,2.677
413,27.999,26.456,2.699
414,27.872,26.131,2.680
415,27.690,25.980,2.891
416,27.060,25.527,2.740
417,27.548,25.050,2.569
418,27.472,24.983,2.613
419,26.340,24.564,2.610
420,28.677,25.872,2.757
421,29.095,24.982,2.707
422,27.511,24.584,3.010
423,28.048,25.546,2.736
424,28.131,26.647,2.756
425,27.921,25.816,2.708
426,29.249,26.470,2.723
427,27.277,26.090,2.683
428,28.745,26.535,2.702
429,28.585,25.964,2.974
430,28.020,26.119,3.141
431,27.570,26.302,2.789
432,27.472,24.666,2.681
433,27.433,24.879,2.762
434,26.791,25.225,2.686
435,27.831,26.016,2.623
436,27.062,25.465,2.561
437,27.001,24.679,2.724
438,27.367,25.693,2.715
439,28.275,25.474,2.654
440,27.469,25.360,2.740
441,26.740,24.361,2.758
442,28.147,26.443,2.582
443,27.478,25.424,2.650
444,26.967,24.727,2.719
445,26.581,25.442,2.978
446,26.549,25.280,2.643
447,27.586,25.623,2.671
448,28.283,25.570,2.769
449,28.048,25.901,2.705
450,26.827,25.707,2.711
451,27.522,26.352,2.582
452,27.755,25.732,2.565
453,27.696,25.440,2.764
454,27.873,25.659,2.717
455,28.820,26.154,2.725
456,28.715,25.398,2.563
457,28.041,25.481,2.706
458,28.132,25.639,2.737
459,27.004,24.398,2.602
460,26.837,24.127,2.656
461,27.098,25.280,2.564
462,27.434,25.724,2.693
463,26.837,25.374,2.607
464,27.381,25.465,2.742
465,27.136,24.934,2.813
466,27.308,24.860,2.524
467,26.731,25.094,2.820
468,28.140,26.222,2.652
469,26.931,24.686,2.628
470,26.634,25.369,2.725
471,26.007,24.773,2.602
472,26.962,25.492,2.819
473,27.423,25.268,2.766
474,28.122,25.969,2.724
475,27.144,25.019,2.907
476,27.386,24.446,2.656
477,27.999,25.804,2.692
478,27.896,25.546,3.532
479,27.686,26.065,2.583
480,27.471,26.168,2.741
481,27.334,25.720,2.727
482,27.744,25.668,2.678
483,27.815,26.016,2.809
484,27.742,25.690,2.621
485,27.474,25.273,2.539
486,26.936,25.202,2.674
487,27.632,25.643,2.660
488,26.752,24.777,2.780
489,27.847,25.719,2.543
490,27.115,24.470,2.650
491,27.088,25.165,2.622
492,26.691,24.812,2.667
493,28.238,25.276,2.671
494,27.531,25.395,2.650
495,26.297,25.070,2.791
496,27.226,24.969,2.615
497,27.048,24.031,2.683
498,26.823,24.609,2.785
499,27.211,25.080,2.618
500,26.792,24.949,2.515
501,27.726,24.170,2.768
502,27.906,25.330,2.633
503,27.007,23.938,2.816
504,26.332,24.651,2.738
505,25.096,24.178,2.626
506,26.616,25.427,2.650
507,26.304,24.404,2.659
508,26.610,25.515,2.689
509,25.828,24.912,2.865
510,26.244,25.202,2.541
511,26.241,24.890,2.722
512,27.244,25.048,2.578
513,27.439,25.118,2.684
514,27.662,25.228,2.680
515,26.700,25.108,2.775
516,27.511,25.200,2.771
517,27.169,24.978,2.568
518,27.115,25.238,2.781
519,27.785,25.185,2.651
520,27.603,26.339,2.667
521,27.621,25.929,2.687
522,27.718,25.731,2.718
523,27.193,25.845,2.628
524,26.615,25.179,2.677
525,27.081,26.197,2.670
526,27.708,25.408,2.596
527,27.791,25.899,2.580
528,27.395,26.171,2.877
529,26.539,25.654,2.596
530,27.330,25.842,2.719
531,27.359,25.728,2.583
532,27.511,26.330,2.658
533,27.905,25.738,2.616
534,27.898,26.158,2.602
535,27.033,25.039,2.588
536,27.201,25.960,2.650
537,27.087,25.921,2.657
538,28.395,25.937,2.759
539,29.149,26.417,2.698
540,28.641,26.316,2.690
541,27.307,25.859,2.703
542,27.832,25.440,2.600
543,27.282,25.284,2.575
544,27.648,25.200,2.638
545,27.932,25.859,2.878
546,28.638,26.171,2.608
547,27.353,25.830,2.582
548,28.614,26.611,2.628
549,27.895,25.249,2.704
550,27.929,25.870,2.654
551,27.839,25.630,2.531
552,28.544,25.419,2.650
553,27.895,25.980,2.565
554,28.510,26.112,2.473
555,29.143,26.484,2.772
556,26.831,24.329,2.576
557,26.926,24.676,2.614
558,27.384,25.043,2.569
559,27.907,25.694,2.579
560,27.938,25.713,2.605
561,27.809,25.408,2.575
562,28.109,25.929,2.691
563,28.803,26.011,2.722
564,27.809,25.202,2.593
565,29.164,26.530,2.645
566,28.996,26.623,2.720
567,28.005,25.301,2.827
568,26.724,25.426,3.036
569,28.324,25.655,2.623
570,27.545,24.809,2.763
571,28.751,25.776,2.556
572,28.599,25.561,2.705
573,28.485,25.797,2.622
574,28.262,25.202,3.100
575,27.686,25.680,2.706
576,29.182,26.046,2.603
577,27.628,25.018,2.859
578,28.684,25.975,2.864
579,29.157,26.324,2.866
580,27.770,25.340,2.702
581,28.547,25.566,2.748
582,29.420,26.086,2.647
583,28.651,25.915,2.764
584,27.769,26.167,2.634
585,29.101,26.178,2.720
586,28.259,26.042,2.643
587,28.005,25.666,2.887
588,27.507,25.136,2.684
589,28.199,25.518,2.586
590,27.866,24.979,2.706
591,27.979,25.792,2.693
592,28.348,26.236,2.650
593,29.732,26.860,2.991
594,29.089,26.905,2.567
595,29.423,25.973,2.680
596,28.576,25.428,2.603
597,28.206,25.373,2.875
598,30.348,26.423,2.579
599,27.588,24.601,2.668
600,27.215,24.625,2.980
601,26.625,24.670,2.597
602,27.869,25.515,2.797
603,26.776,24.197,2.864
604,27.120,25.009,2.956
605,30.597,25.231,2.634
606,31.100,26.150,2.714
607,31.499,26.468,2.684
608,30.922,25.847,2.621
609,28.672,25.806,2.637
610,28.612,25.526,2.712
611,28.283,25.902,2.669
612,28.798,25.706,2.621
613,29.032,25.878,2.677
614,29.038,26.208,2.627
615,30.028,25.322,3.060
616,27.923,24.999,2.668
617,28.792,25.459,2.661
618,28.203,25.462,2.792
619,27.842,25.808,2.591
620,26.945,25.460,2.690
621,27.514,25.403,2.614
622,27.671,25.751,2.806
623,27.888,24.930,2.805
624,27.465,25.846,2.587
625,27.893,25.459,2.649
626,27.618,25.744,3.098
627,26.223,25.205,2.745
628,26.473,25.300,2.694
629,26.682,25.170,2.627
630,27.207,25.011,2.630
631,28.393,26.438,2.526
632,28.181,26.580,2.641
633,28.527,26.771,2.682
634,28.449,26.362,2.559
635,29.542,26.595,2.693
636,29.592,26.972,2.728
637,28.838,26.678,2.706
638,28.304,26.349,2.603
639,28.609,26.412,2.526
640,27.728,26.177,2.681
641,28.266,26.188,2.640
642,27.382,26.638,2.699
643,26.900,24.980,2.635
644,28.115,25.511,2.633
645,27.265,25.327,2.568
646,26.113,24.703,2.646
647,26.355,25.086,2.958
648,28.285,25.524,3.548
649,27.614,24.982,3.023
650,27.838,26.821,2.575
651,29.045,26.645,2.507
652,27.117,26.149,2.774
653,27.425,26.566,2.613
654,28.530,26.874,2.677
655,27.223,26.007,2.676
656,28.195,26.063,2.672
657,27.462,25.322,2.649
658,26.304,24.406,2.854
659,26.172,24.646,2.628
660,27.233,24.478,2.605
661,27.148,24.375,2.900
662,27.613,25.021,2.678
663,28.371,26.449,2.636
664,27.697,25.735,2.787
665,28.303,26.429,2.683
666,28.575,27.002,2.866
667,28.185,26.650,2.624
668,28.196,26.562,2.607
669,27.943,26.789,2.628
670,27.667,27.177,2.617
671,27.354,26.659,2.572
672,27.952,25.772,2.688
673,27.112,25.641,2.680
674,29.602,26.041,2.507
675,29.823,25.701,2.718
676,29.959,25.474,2.801
677,30.206,25.818,2.617
678,29.280,25.967,2.747
679,30.396,25.491,2.585
680,30.601,25.928,2.589
681,29.157,26.291,2.935
682,28.978,25.469,2.603
683,30.568,24.946,2.679
684,26.691,25.284,2.669
685,27.365,25.903,2.658
686,27.301,25.344,2.746
687,27.221,24.910,2.840
688,27.552,25.335,2.874
689,28.121,24.531,2.595
690,27.138,25.706,2.764
691,27.874,25.552,2.634
692,28.430,27.519,2.752
693,28.103,26.875,2.578
694,27.435,25.689,2.647
695,28.331,25.975,2.667
696,28.180,25.213,2.580
697,28.391,25.016,2.743
698,28.867,26.288,2.743
699,28.298,25.447,2.748
700,27.859,25.488,2.720
701,27.881,25.497,2.642
702,26.712,24.689,2.676
703,27.411,26.556,2.822
704,27.509,25.497,2.747
705,27.086,25.874,2.586
706,27.671,26.376,3.017
707,26.693,25.104,2.701
708,27.277,26.125,2.732
709,25.996,24.777,2.657
710,26.868,25.001,2.655
711,28.514,26.022,2.663
712,27.998,26.283,2.696
713,27.051,25.726,2.838
714,27.012,26.087,2.781
715,26.789,25.201,2.872
716,26.810,24.847,2.599
717,27.385,25.358,2.615
718,27.105,25.986,2.707
719,26.486,24.212,2.671
720,28.235,26.355,2.882
721,27.486,25.121,2.926
722,28.335,25.172,2.731
723,27.321,25.338,2.839
724,26.890,24.845,2.680
725,26.926,25.003,2.826
726,27.545,24.562,2.650
727,26.125,24.949,2.632
728,26.617,25.219,2.767
729,26.807,25.002,2.584
730,27.392,25.370,2.602
731,26.711,24.364,2.940
732,29.119,24.856,2.619
733,30.003,25.207,2.633
734,28.627,25.054,2.595
735,29.150,24.455,2.946
736,30.520,25.311,2.876
737,31.136,25.890,2.894
738,31.097,25.161,2.713
739,29.634,25.687,2.687
740,30.768,27.069,2.737
741,29.583,24.058,2.622
742,30.350,24.754,2.634
743,29.882,25.216,2.782
744,30.198,25.750,2.507
745,28.878,26.042,2.806
746,28.201,26.888,2.730
747,28.450,26.340,2.615
748,28.104,26.080,2.630
749,28.560,26.964,2.641
750,29.036,26.559,2.570
751,27.347,25.551,3.056
752,26.843,24.995,2.977
753,28.222,26.265,2.934
754,27.440,25.501,2.542
755,28.807,26.369,2.499
756,27.216,26.124,2.702
757,27.896,25.565,2.658
758,28.664,26.531,2.602
759,28.164,25.768,2.799
760,28.175,25.318,2.741
761,28.213,25.285,2.699
762,28.630,26.019,2.734
763,26.446,24.658,2.640
764,26.687,25.482,2.635
765,27.417,25.450,2.757
766,28.165,26.575,2.869
767,26.996,25.503,2.686
768,27.568,25.775,2.951
769,27.790,26.028,2.521
770,28.344,25.329,2.696
771,27.790,24.959,2.923
772,27.156,23.841,2.717
773,27.540,24.692,2.634
774,27.630,24.142,2.805
775,28.595,25.326,2.654
776,27.762,24.772,2.781
777,26.701,24.149,2.585
778,27.794,25.820,2.974
779,27.475,25.682,2.715
780,28.369,25.562,2.714
781,26.934,24.822,2.651
782,26.669,24.033,2.693
783,27.285,24.912,2.774
784,26.490,24.205,3.007
785,26.175,24.931,2.612
786,28.143,25.311,2.768
787,28.748,25.889,2.561
788,27.335,24.031,2.646
789,27.549,24.790,2.643
790,28.125,25.540,2.969
791,29.470,25.777,2.777
792,29.112,26.076,2.862
793,27.834,25.336,2.766
794,27.497,25.724,2.656
795,27.222,24.978,2.847
796,25.603,23.739,2.734
797,26.473,24.093,2.755
798,27.572,25.296,2.615
799,28.057,24.625,2.704
800,28.017,25.318,2.586
801,27.258,25.556,2.998
802,29.074,25.110,2.636
803,28.055,25.169,2.579
804,29.024,24.395,2.729
805,27.026,23.900,2.736
806,29.450,26.153,2.733
807,29.292,26.494,2.686
808,28.823,26.239,4.291
809,28.022,25.244,2.620
810,27.866,25.363,2.739
811,28.375,25.893,2.714
812,28.349,24.989,2.670
813,26.983,24.685,2.715
814,27.627,25.102,3.094
815,27.877,25.165,2.765
816,28.986,25.421,2.629
817,27.673,24.208,2.698
818,28.822,25.369,2.727
819,30.129,26.798,2.756
820,27.629,25.459,2.684
821,27.501,24.208,2.609
822,28.410,25.264,2.750
823,28.328,24.148,2.683
824,29.051,24.761,2.990
825,28.568,25.418,2.687
826,28.583,24.947,2.622
827,28.477,25.844,2.714
828,30.046,25.643,2.516
829,29.791,26.289,2.741
830,28.478,25.208,2.636
831,29.118,25.387,2.620
832,29.092,26.706,2.739
833,29.205,25.780,2.666
834,28.200,24.974,2.609
835,27.875,24.921,2.629
836,29.036,25.164,2.792
837,29.267,25.011,2.788
838,29.014,24.063,2.687
839,28.768,24.973,3.084
840,28.675,25.213,2.911
841,28.417,25.278,2.720
842,28.148,25.406,3.126
843,28.386,26.190,2.641
844,28.528,24.903,2.589
845,27.730,25.538,2.602
846,28.025,25.758,2.652
847,28.639,25.913,2.735
848,30.461,25.565,2.825
849,30.633,25.367,2.793
850,30.564,26.167,2.638
851,30.939,24.938,2.652
852,30.400,24.995,3.065
853,30.589,25.428,2.642
854,30.599,26.105,2.740
855,31.023,25.648,2.685
856,31.241,25.684,2.666
857,30.151,26.226,2.649
858,30.545,25.554,2.834
859,30.829,26.582,2.795
860,31.685,26.521,2.611
861,31.508,25.823,2.678
862,31.757,25.913,2.946
863,32.856,27.537,2.702
864,29.021,26.334,3.625
865,29.248,27.115,2.698
866,29.438,26.906,2.765
867,29.019,25.507,2.917
868,28.331,25.393,2.799
869,28.528,24.961,2.878
870,28.089,25.326,2.992
871,29.225,26.369,2.575
872,29.015,26.035,2.713
873,27.794,24.441,2.697
874,28.225,24.629,2.628
875,27.698,24.098,2.694
876,28.567,25.586,2.674
877,27.452,25.184,2.747
878,28.231,24.664,2.630
879,27.818,25.350,2.587
880,29.098,26.770,2.622
881,28.618,26.068,2.738
882,27.772,25.402,2.679
883,27.593,25.163,2.717
884,27.653,25.753,2.557
885,28.115,25.853,2.700
886,28.879,25.755,2.714
887,27.267,25.385,2.660
888,28.353,27.271,2.829
889,27.509,26.386,2.585
890,30.712,27.387,2.634
891,30.166,25.421,2.575
892,31.157,26.423,2.678
893,31.302,27.264,2.837
894,30.745,26.360,2.562
895,28.076,26.522,2.707
896,27.846,25.530,2.686
897,28.246,26.701,2.847
898,29.259,26.786,2.816
899,29.411,26.439,2.713
900,28.142,26.792,2.806
901,27.902,24.816,2.708
902,28.782,25.967,2.643
903,28.627,26.179,2.677
904,27.710,25.767,2.752
905,28.826,26.365,2.717
906,27.263,25.501,2.718
907,27.961,25.244,2.647
908,28.268,25.493,2.649
909,26.876,25.410,2.914
910,27.521,25.783,2.596
911,27.278,24.858,2.492
912,28.022,25.880,2.585
913,27.600,25.530,2.670
914,27.494,26.218,2.899
915,27.533,25.879,2.768
916,27.589,25.886,2.566
917,26.694,25.282,2.607
918,26.772,24.416,2.797
919,27.763,25.585,2.657
920,28.392,25.427,2.640
921,28.977,24.711,2.761
922,29.899,25.595,2.962
923,27.747,25.306,2.808
924,26.933,25.456,2.733
925,27.125,25.506,2.655
926,30.061,25.097,2.576
927,29.971,23.824,2.699
928,30.995,26.714,2.833
929,29.752,24.414,2.772
930,30.677,25.987,2.678
931,29.768,25.665,2.899
932,28.997,24.579,2.696
933,29.604,23.837,2.677
934,29.257,24.655,2.619
935,29.518,24.433,2.750
936,29.066,24.290,2.668
937,30.343,25.663,2.558
938,27.311,25.074,2.558
939,28.058,25.286,2.620
940,26.751,24.746,2.570
941,27.351,25.500,2.698
942,27.369,25.220,2.689
943,28.205,26.240,2.577
944,27.363,25.061,2.829
945,27.599,25.438,2.617
946,27.201,24.560,2.748
947,28.724,25.587,3.004
948,27.846,25.683,2.622
949,27.638,25.664,2.649
950,28.180,26.868,2.965
951,28.127,27.487,2.531
952,26.898,26.077,2.721
953,28.412,26.639,2.719
954,29.472,26.217,2.664
955,28.294,25.545,2.538
956,27.896,25.789,2.693
957,27.989,25.772,2.752
958,26.652,24.610,2.660
959,28.749,25.897,2.587
960,27.837,25.246,2.739
961,28.434,26.276,2.530
962,27.001,24.578,2.717
963,27.030,24.141,2.519
964,29.881,24.434,2.739
965,29.615,24.511,2.933
966,28.337,24.777,2.584
967,28.632,24.617,2.799
968,29.974,25.487,2.577
969,28.778,24.621,2.742
970,30.941,25.564,2.849
971,27.310,26.395,2.666
972,28.270,26.107,2.687
973,28.602,26.240,2.666
974,29.561,27.501,2.709
975,27.464,26.013,3.431
976,28.169,25.429,2.850
977,27.830,25.272,2.739
978,28.624,26.499,2.579
979,28.313,25.950,2.750
980,28.028,26.337,3.195
981,27.867,25.983,2.663
982,27.738,25.894,2.713
983,28.004,26.078,2.765
984,26.817,25.706,2.734
985,27.789,26.304,2.797
986,27.349,25.564,2.796
987,26.486,25.157,2.607
988,27.701,26.010,2.709
989,27.480,25.172,2.716
990,28.271,25.875,2.789
991,28.527,25.842,3.472
992,30.539,25.615,2.617
993,29.637,25.309,2.731
994,30.239,25.484,2.635
995,28.234,27.046,2.787
996,31.834,27.392,2.621
997,31.310,26.793,2.685
998,29.481,24.836,2.638
999,29.307,25.440,2.724
1000,30.697,25.817,3.009
1001,28.981,26.512,2.644
1002,27.360,25.926,2.717
1003,27.806,26.560,2.686
1004,29.306,27.489,2.635
1005,27.178,25.543,2.748
1006,27.839,25.331,2.683
1007,28.244,25.811,2.761
1008,27.897,25.676,2.721
1009,29.565,26.316,2.641
1010,27.876,26.174,2.655
1011,29.836,26.578,2.621
1012,27.969,25.768,2.942
1013,27.252,25.085,2.663
1014,27.705,26.487,4.235
1015,27.402,25.901,2.672
1016,27.375,25.387,2.585
1017,28.364,25.898,2.890
1018,26.480,25.040,2.606
1019,27.886,26.427,2.764
1020,27.807,26.201,2.767
1021,28.355,25.572,2.645
1022,29.354,27.072,2.710
1023,27.864,26.246,2.661
1024,27.843,26.267,2.647
1025,28.458,26.066,2.676
1026,27.666,25.308,2.715
1027,28.995,27.295,2.731
1028,29.308,27.298,2.659
1029,28.041,26.366,2.677
1030,28.456,25.944,2.555
1031,30.059,26.232,2.626
1032,29.694,25.473,2.667
1033,30.380,25.872,2.877
1034,27.957,25.772,2.610
1035,27.465,25.374,2.999
1036,28.316,25.939,2.831
1037,27.565,25.644,2.990
1038,27.066,24.841,2.635
1039,27.071,25.184,2.646
1040,28.066,24.573,2.520
1041,28.909,25.261,2.636
1042,31.824,27.499,2.642
1043,30.665,26.334,2.757
1044,30.234,25.440,2.668
1045,30.454,25.267,2.763
1046,29.320,25.500,2.800
1047,27.870,25.926,2.778
1048,28.793,26.712,2.807
1049,27.291,25.329,2.641
1050,26.944,25.407,2.611
1051,26.669,24.824,2.764
1052,27.249,25.456,2.691
1053,27.002,25.637,2.579
1054,27.823,25.847,2.587
1055,28.144,25.345,2.512
1056,30.854,25.795,2.888
1057,32.226,27.336,2.627
1058,30.808,25.773,2.600
1059,31.139,26.149,3.128
1060,29.649,26.522,2.786
1061,29.866,25.365,2.737
1062,30.758,25.800,2.816
1063,29.533,25.634,3.384
1064,28.633,24.779,2.658
1065,27.283,25.310,2.703
1066,29.845,24.971,2.757
1067,31.024,26.295,2.703
1068,29.703,24.938,2.549
1069,30.402,25.351,2.919
1070,30.652,25.367,2.770
1071,30.565,25.270,2.595
1072,30.368,26.037,2.640
1073,30.782,26.381,2.675
1074,29.032,26.091,2.706
1075,27.739,25.217,2.924
1076,27.377,26.277,2.746
1077,27.861,26.225,2.639
1078,27.719,25.920,2.906
1079,28.637,26.150,2.623
1080,29.225,27.594,2.611
1081,27.667,25.728,2.692
1082,27.861,26.090,2.673
1083,26.929,26.093,2.482
1084,27.787,26.013,2.543
1085,27.749,25.774,2.740
1086,28.978,27.447,2.593
1087,28.249,27.445,2.599
1088,27.949,26.774,2.576
1089,27.752,25.559,2.640
1090,27.967,26.521,2.560
1091,27.214,24.830,2.686
1092,28.702,27.307,2.645
1093,29.310,25.926,2.757
1094,29.768,26.797,2.651
1095,28.354,26.197,2.595
1096,26.785,24.884,2.669
1097,27.887,26.426,2.851
1098,28.905,27.024,2.733
1099,30.180,28.270,2.728
1100,28.094,26.551,2.710
1101,27.972,26.429,2.895
1102,27.924,26.728,2.788
1103,27.874,26.242,2.556
1104,26.936,26.010,2.643
1105,28.551,26.328,2.572
1106,28.674,27.234,2.734
1107,28.403,27.578,2.659
1108,29.023,26.921,2.679
1109,28.375,27.011,2.682
1110,28.716,25.823,2.603
1111,28.882,26.961,2.725
1112,29.187,27.139,2.860
1113,28.163,24.977,2.706
1114,27.038,25.014,2.763
1115,29.014,26.702,2.546
1116,28.411,26.395,2.704
1117,28.606,26.026,2.676
1118,27.498,24.999,2.626
1119,27.853,25.339,2.557
1120,28.167,25.538,2.622
1121,27.679,25.811,2.645
1122,28.067,25.689,2.785
1123,29.270,27.579,2.557
1124,29.310,28.168,2.773
1125,28.271,26.425,2.631
1126,28.706,27.310,2.592
1127,29.175,27.107,2.663
1128,28.373,25.884,2.923
1129,28.040,25.900,2.591
1130,28.787,27.381,2.742
1131,27.844,26.747,2.681
1132,26.640,27.076,2.865
1133,27.279,26.628,2.714
1134,27.771,27.455,2.557
1135,28.496,28.204,2.761
1136,27.429,26.916,2.640
1137,27.664,27.034,2.584
1138,26.694,26.818,2.734
1139,29.744,29.430,2.696
1140,28.914,28.439,2.798
1141,28.040,28.130,2.625
1142,27.761,27.339,2.731
1143,27.839,27.399,2.635
1144,27.610,26.930,2.650
1145,28.138,27.184,2.620
1146,28.170,27.544,2.627
1147,27.902,27.786,2.825
1148,28.735,28.568,2.630
1149,27.756,27.314,2.667
1150,27.464,27.000,2.645
1151,27.690,27.107,2.668
1152,27.596,26.937,3.051
1153,28.516,27.834,2.602
1154,29.281,29.297,2.612
1155,28.739,28.667,2.607
1156,29.874,28.884,2.661
1157,29.205,29.231,2.771
1158,29.536,29.940,3.065
1159,28.583,28.993,2.676
1160,29.461,28.660,2.751
1161,29.267,29.964,2.589
1162,29.083,29.608,2.660
1163,29.046,28.648,2.715
1164,29.349,29.308,2.567
1165,29.065,27.599,2.828
1166,29.358,28.987,2.622
1167,28.962,29.083,2.665
1168,28.788,27.804,2.663
1169,29.248,29.860,2.719
1170,29.439,29.557,2.788
1171,29.563,29.726,2.747
1172,27.623,27.878,2.747
1173,28.121,28.128,2.701
1174,29.127,28.213,2.847
1175,29.030,28.078,2.705
1176,28.601,29.453,2.772
1177,27.748,26.924,2.708
1178,28.185,28.931,2.786
1179,28.999,28.631,2.689
1180,29.105,29.645,2.421
1181,28.321,28.231,2.555
1182,27.773,27.394,2.587
1183,28.771,28.548,2.683
1184,27.675,27.678,2.824
1185,28.226,28.039,2.633
1186,27.431,27.456,2.754
1187,28.050,28.108,2.621
1188,29.516,29.480,2.687
1189,28.411,28.038,2.729
1190,28.305,28.510,2.671
1191,28.642,27.604,2.615
1192,28.802,28.785,2.904
1193,28.243,28.629,2.774
1194,27.926,27.854,2.625
1195,29.538,28.116,2.809
1196,28.130,28.630,2.576
1197,28.957,28.360,2.794
1198,28.692,28.781,4.337
1199,29.275,28.138,4.092
1200,28.213,28.667,4.394
1201,28.648,28.086,4.415
1202,27.534,27.110,2.816
1203,28.655,27.688,2.748
1204,28.461,27.155,2.581
1205,28.587,27.258,2.572
1206,27.772,27.324,2.620
1207,27.510,28.011,2.731
1208,28.544,27.609,2.774
1209,27.980,27.965,2.679
1210,27.946,28.114,2.659
1211,29.137,28.194,2.780
1212,27.761,27.772,2.812
1213,27.271,28.112,2.782
1214,29.132,28.521,2.838
1215,29.188,28.817,2.627
1216,28.637,27.683,2.732
1217,28.245,28.252,2.836
1218,27.905,29.025,2.790
1219,27.869,27.644,2.741
1220,28.160,28.610,2.665
1221,28.744,29.045,2.745
1222,28.461,28.818,2.615
1223,27.822,27.905,2.624
1224,29.157,28.867,2.663
1225,28.451,28.513,2.775
1226,27.359,26.939,2.736
1227,28.635,29.193,2.592
1228,27.757,26.471,3.004
1229,27.855,28.201,2.708
1230,28.187,28.126,2.489
1231,27.524,28.109,2.694
1232,26.545,26.805,2.580
1233,27.931,28.250,3.040
1234,27.809,28.543,2.758
1235,27.788,25.915,2.552
1236,28.325,26.503,2.645
1237,28.133,27.220,2.756
1238,27.395,25.660,2.730
1239,27.428,25.940,2.959
1240,27.449,25.959,2.672
1241,26.763,26.562,2.708
1242,27.698,25.643,2.602
1243,28.013,26.328,2.700
1244,27.299,26.028,2.619
1245,27.176,25.435,2.603
1246,27.326,25.766,2.701
1247,28.175,26.001,2.640
1248,27.488,25.820,2.586
1249,28.030,25.585,2.662
1250,27.847,26.628,2.805
1251,27.178,25.880,2.523
1252,28.392,26.242,2.686
1253,26.475,25.250,2.666
1254,26.248,25.141,2.741
1255,27.927,26.646,2.687
1256,26.904,25.381,2.709
1257,26.130,25.600,2.685
1258,27.864,27.339,2.735
1259,28.421,27.112,2.610
1260,28.798,27.361,2.575
1261,27.927,26.038,2.742
1262,27.264,24.812,2.558
1263,28.504,26.172,2.566
1264,27.001,25.333,2.628
1265,28.028,25.699,2.646
1266,27.966,26.864,2.745
1267,27.130,26.420,2.855
1268,26.867,25.834,3.001
1269,27.244,25.837,2.776
1270,26.915,25.779,2.788
1271,27.563,25.557,2.835
1272,26.902,25.541,2.837
1273,28.154,26.231,2.504
1274,28.354,26.549,2.582
1275,27.168,25.749,2.592
1276,26.828,25.841,2.639
1277,26.479,25.890,2.896
1278,27.085,24.786,2.601
1279,26.086,25.129,2.632
1280,26.603,26.175,2.581
1281,26.202,24.628,2.580
1282,25.810,25.061,2.506
1283,26.805,25.912,2.569
1284,26.127,25.594,2.581
1285,26.453,26.086,2.710
1286,26.628,26.506,2.680
1287,26.567,26.366,2.721
1288,26.722,26.361,2.582
1289,26.593,26.563,2.683
1290,27.536,26.660,2.680
1291,27.330,26.787,2.761
1292,28.056,26.964,2.623
1293,28.459,27.322,2.767
1294,27.994,26.642,2.747
1295,28.098,26.284,2.599
1296,27.875,25.782,2.637
1297,26.807,26.114,2.716
1298,26.453,25.354,2.716
1299,27.952,26.690,2.737
1300,28.300,26.516,2.677
1301,26.311,25.345,2.749
1302,27.088,26.064,2.733
1303,26.907,24.704,2.676
1304,27.422,26.020,2.757
1305,27.365,26.180,2.704
1306,27.912,26.030,2.658
1307,25.113,25.214,4.317
1308,25.596,24.632,2.660
1309,26.786,25.272,2.623
1310,27.835,25.799,2.574
1311,26.488,24.248,2.671
1312,27.591,25.533,2.611
1313,27.476,25.853,2.819
1314,28.242,27.903,2.682
1315,29.172,27.447,2.733
1316,28.937,27.394,2.635
1317,27.329,25.659,2.793
1318,27.250,24.860,2.594
1319,27.134,24.216,2.704
1320,26.688,24.865,2.515
1321,27.643,26.236,2.541
1322,29.328,27.408,2.615
1323,26.518,25.848,2.500
1324,28.131,26.919,2.638
1325,28.923,27.773,2.614
1326,28.445,26.626,2.699
1327,27.882,25.790,2.786
1328,27.454,25.757,2.586
1329,29.227,25.552,2.709
1330,27.886,26.453,2.640
1331,27.769,26.281,2.607
1332,28.361,26.346,2.664
1333,27.405,25.621,2.718
1334,27.389,25.955,2.699
1335,27.665,25.794,2.715
1336,27.599,25.628,2.662
1337,26.745,25.574,2.599
1338,26.825,24.913,2.853
1339,26.947,24.793,2.518
1340,27.877,25.903,2.630
1341,27.899,26.194,2.703
1342,27.025,26.251,2.805
1343,28.020,26.217,2.769
1344,26.768,25.244,2.526
1345,26.412,25.486,2.637
1346,27.601,26.461,2.723
1347,27.536,26.572,2.708
1348,27.926,26.780,2.845
1349,27.608,25.980,2.888
1350,27.335,26.193,2.826
1351,27.315,26.782,2.630
1352,27.248,25.448,2.607
1353,27.959,25.830,2.821
1354,27.855,26.584,2.633
1355,27.390,25.814,2.684
1356,27.769,25.278,2.702
1357,27.897,26.468,2.716
1358,28.311,26.430,2.652
1359,27.684,26.261,2.723
1360,27.159,25.674,2.678
1361,26.880,25.466,2.814
1362,26.901,25.650,2.678
1363,27.361,26.918,2.797
1364,27.902,26.066,2.722
1365,27.392,26.128,2.829
1366,27.251,25.948,2.579
1367,27.542,25.967,2.667
1368,28.182,26.674,2.668
1369,27.598,26.234,2.689
1370,26.607,25.490,2.750
1371,26.497,25.843,2.584
1372,26.252,25.051,2.842
1373,27.676,26.113,2.596
1374,27.578,26.212,2.626
1375,27.201,25.792,2.620
1376,28.645,27.591,2.631
1377,28.346,26.399,2.618
1378,27.931,26.574,2.670
1379,29.558,27.689,2.558
1380,28.537,27.330,2.799
1381,28.196,26.478,2.613
1382,28.311,27.369,2.783
1383,28.833,27.643,2.726
1384,28.319,26.065,2.725
1385,28.744,26.721,2.570
1386,28.817,26.862,2.539
1387,28.502,27.637,5.162
1388,28.067,26.161,3.466
1389,27.667,26.582,4.394
1390,28.040,25.889,2.632
1391,28.728,27.590,2.777
1392,27.121,26.386,2.659
1393,28.510,26.373,3.387
1394,29.540,27.294,2.628
1395,29.125,27.611,2.695
1396,28.649,26.914,2.590
1397,27.499,26.655,2.673
1398,27.941,26.063,2.499
1399,28.044,27.674,2.593
1400,28.129,26.746,2.614
1401,28.029,26.506,2.754
1402,29.424,26.685,2.751
1403,30.213,27.965,2.644
1404,29.786,27.873,2.769
1405,28.304,26.685,2.792
1406,29.027,26.495,2.753
1407,28.953,27.427,2.778
1408,29.736,27.844,2.731
1409,29.511,27.128,2.662
1410,29.744,28.345,2.694
1411,30.228,27.659,2.858
1412,28.808,27.954,2.834
1413,29.385,27.468,2.839
1414,28.802,27.807,2.815
1415,29.420,28.144,2.921
1416,29.057,28.153,2.679
1417,28.948,27.570,2.706
1418,30.008,28.799,2.617
1419,27.826,26.893,2.680
1420,28.831,26.943,2.805
1421,28.357,26.523,2.734
1422,28.861,26.579,2.811
1423,28.151,25.864,2.804
1424,27.748,25.751,2.570
1425,27.929,25.901,2.651
1426,27.597,26.205,2.670
1427,26.810,25.654,2.657
1428,27.734,26.455,2.572
1429,27.613,26.161,2.678
1430,27.844,26.257,2.607
1431,27.913,26.554,2.894
1432,28.020,26.546,2.752
1433,26.794,25.379,2.574
1434,27.485,26.156,2.672
1435,27.675,25.524,2.581
1436,26.865,25.367,2.584
1437,27.466,25.661,2.722
1438,27.046,25.818,2.707
1439,27.337,26.045,2.756
1440,26.201,24.925,2.910
1441,27.209,26.021,2.563
1442,26.890,24.732,2.800
1443,28.094,25.853,2.647
1444,27.244,24.567,2.564
1445,27.070,24.621,2.622
1446,26.979,24.633,2.529
1447,27.647,26.039,2.904
1448,26.152,25.197,2.590
1449,27.233,25.392,2.681
1450,27.086,27.434,2.796
1451,27.060,27.959,2.546
1452,26.657,27.534,2.526
1453,27.652,28.398,2.780
1454,26.799,27.247,2.681
1455,27.934,28.689,2.557
1456,27.251,27.037,2.624
1457,27.186,27.295,2.669
1458,27.053,26.560,2.681
1459,26.846,28.076,2.675
1460,26.920,28.149,2.608
1461,26.699,27.741,2.865
1462,26.779,26.623,2.704
1463,27.284,26.489,2.671
1464,28.586,27.941,2.741
1465,27.415,28.011,2.623
1466,28.118,27.696,2.745
1467,27.199,27.500,2.601
1468,26.818,28.021,2.787
1469,26.924,27.409,2.657
1470,27.278,27.444,2.552
1471,28.509,28.104,2.690
1472,27.270,28.297,2.752
1473,27.519,28.218,2.750
1474,27.764,28.214,2.707
1475,26.879,27.438,2.652
1476,27.314,27.319,2.601
1477,27.795,27.108,2.647
1478,27.915,27.860,2.631
1479,27.392,27.448,2.584
1480,27.260,27.376,2.576
1481,27.221,27.420,2.674
1482,27.258,27.889,2.739
1483,27.488,28.353,2.779
1484,26.744,26.759,2.691
1485,27.788,27.418,2.628
1486,26.761,26.794,2.743
1487,27.237,27.464,2.641
1488,26.793,26.619,2.779
1489,26.740,26.716,2.835
1490,26.798,26.833,2.735
1491,26.730,26.812,2.619
1492,26.646,27.307,2.605
1493,27.542,28.119,2.582
1494,27.451,28.131,2.744
1495,27.708,27.603,2.634
1496,27.475,28.145,2.598
1497,27.618,28.533,2.718
1498,26.592,27.061,2.607
1499,26.519,27.225,2.729
1500,26.962,27.396,2.582
1501,27.824,27.835,2.659
1502,26.876,27.535,2.572
1503,29.721,29.969,2.656
1504,28.284,27.758,2.763
1505,28.735,30.029,2.600
1506,29.362,29.096,2.650
1507,29.139,29.364,2.652
1508,27.878,28.704,2.655
1509,27.849,27.971,2.723
1510,29.199,29.598,2.567
1511,28.951,29.773,2.660
1512,28.546,29.062,2.647
1513,28.159,28.132,2.608
1514,29.638,29.686,2.733
1515,29.055,28.151,2.633
1516,29.539,30.020,2.724
1517,27.809,28.017,2.697
1518,29.171,29.052,2.563
1519,28.851,28.365,2.692
1520,28.664,29.452,2.509
1521,27.088,28.275,2.628
1522,27.540,27.537,2.542
1523,27.251,28.269,2.739
1524,27.020,27.743,2.758
1525,26.784,26.769,2.663
1526,27.393,28.174,2.649
1527,27.235,27.242,2.636
1528,27.832,27.645,2.596
1529,27.065,28.096,2.798
1530,27.694,27.874,2.817
1531,27.410,27.778,2.752
1532,27.094,28.731,2.615
1533,27.657,28.229,2.556
1534,27.824,28.129,2.616
1535,28.967,29.114,2.685
1536,28.244,28.963,2.657
1537,28.159,28.709,2.653
1538,28.398,27.679,2.733
1539,27.861,28.341,2.570
1540,28.070,28.610,2.761
1541,28.667,28.990,2.576
1542,28.271,27.707,2.680
1543,26.979,27.600,2.697
1544,27.806,28.636,2.663
1545,27.594,27.576,2.585
1546,28.284,28.598,2.609
1547,27.005,27.108,2.909
1548,26.396,26.876,2.576
1549,27.083,27.024,2.604
1550,27.341,27.907,2.656
1551,27.652,28.074,2.724
1552,27.214,27.542,2.676
1553,27.387,27.889,2.707
1554,27.289,27.274,2.644
1555,27.664,27.756,2.673
1556,28.556,28.692,2.565
1557,27.765,27.693,2.596
1558,26.702,27.496,2.663
1559,27.110,27.177,2.825
1560,26.439,28.089,2.718
1561,27.594,28.639,2.710
1562,27.705,27.949,2.722
1563,28.449,29.145,2.634
1564,27.142,28.490,2.712
1565,26.627,27.653,2.676
1566,26.972,26.192,2.526
1567,26.862,26.662,2.683
1568,26.742,26.582,2.536
1569,27.936,28.118,2.829
1570,27.417,28.202,2.674
1571,27.625,27.829,2.662
1572,28.396,27.972,2.594
1573,28.022,27.181,2.631
1574,27.085,27.671,2.553
1575,27.606,27.753,2.639
1576,27.461,28.682,2.617
1577,28.362,28.624,2.681
1578,27.535,28.088,2.598
1579,28.646,29.228,2.786
1580,27.927,28.873,2.583
1581,28.336,28.844,2.794
1582,27.166,28.004,2.601
1583,28.016,28.466,2.641
1584,28.835,28.050,2.781
1585,28.444,28.963,2.886
1586,27.157,28.430,2.737
1587,27.882,29.050,2.701
1588,28.013,28.703,2.585
1589,27.983,28.773,2.615
1590,28.605,28.967,2.545
1591,27.891,28.631,2.716
1592,28.081,28.098,2.761
1593,28.064,29.351,2.580
1594,28.695,28.524,2.648
1595,26.900,27.444,2.699
1596,27.580,27.767,2.596
1597,26.610,27.532,2.648
1598,27.212,26.984,2.571
1599,27.475,27.540,2.534
1600,26.795,27.091,2.700
1601,27.208,27.613,2.587
1602,27.309,27.358,2.748
1603,27.523,27.985,2.693
1604,27.088,28.768,2.587
1605,28.095,28.406,2.563
1606,27.403,27.100,2.782
1607,27.158,27.282,2.567
1608,26.913,27.693,2.646
1609,26.834,27.200,2.541
1610,26.606,27.634,2.708
1611,27.908,28.357,2.896
1612,27.130,27.722,2.689
1613,27.095,27.461,2.773
1614,27.772,27.489,2.668
1615,27.061,26.990,2.632
1616,26.993,27.696,2.660
1617,26.992,27.753,2.601
1618,26.752,27.980,2.644
1619,26.944,26.817,2.737
1620,26.333,26.672,2.590
1621,26.128,25.936,2.570
1622,26.602,27.086,2.651
1623,25.962,26.024,2.659
1624,26.154,25.920,2.611
1625,26.100,25.831,2.521
1626,26.794,27.199,2.597
1627,26.368,27.380,2.558
1628,27.365,26.930,2.588
1629,26.486,26.930,2.717
1630,25.931,26.954,2.572
1631,26.536,26.903,2.622
1632,26.901,26.639,2.633
1633,26.302,25.831,2.740
1634,26.832,27.551,2.811
1635,25.891,26.490,2.705
1636,26.905,26.705,2.581
1637,26.894,28.099,2.670
1638,27.209,27.114,2.727
1639,26.809,27.043,2.603
1640,26.734,28.107,2.578
1641,25.971,26.549,2.651
1642,25.559,26.824,2.634
1643,25.965,27.038,2.617
1644,25.828,26.500,2.854
1645,26.241,26.139,2.585
1646,26.557,25.998,2.775
1647,25.482,25.785,2.634
1648,26.529,26.785,2.863
1649,26.349,25.374,2.595
1650,26.306,25.251,2.657
1651,26.406,27.406,2.690
1652,26.502,26.608,2.612
1653,27.019,26.593,2.709
1654,26.905,26.687,2.679
1655,26.523,26.699,2.567
1656,25.850,27.228,2.775
1657,25.790,26.100,2.954
1658,26.747,26.288,2.870
1659,26.943,26.598,2.573
1660,26.684,27.709,2.696
1661,26.165,25.413,2.734
1662,26.733,26.250,2.698
1663,26.392,25.673,2.742
1664,26.652,27.204,2.717
1665,26.460,26.817,2.731
1666,26.639,26.068,2.753
1667,26.783,26.235,2.687
1668,27.124,26.011,2.692
1669,26.417,26.110,2.728
1670,26.157,26.258,2.762
1671,26.489,26.598,2.811
1672,26.294,26.898,2.680
1673,26.469,25.979,2.699
1674,27.003,26.713,2.849
1675,26.138,26.219,2.647
1676,27.259,26.205,2.657
1677,27.569,27.085,2.862
1678,26.904,26.936,2.591
1679,27.173,28.930,2.645
1680,26.894,26.896,2.761
1681,26.644,26.972,2.822
1682,26.322,27.802,2.673
1683,26.770,26.130,2.823
1684,26.605,26.197,2.748
1685,26.862,27.666,2.660
1686,27.340,28.005,2.514
1687,27.096,27.560,2.763
1688,26.728,27.563,2.623
1689,27.645,27.565,2.687
1690,27.386,27.394,2.707
1691,27.505,27.277,2.698
1692,27.387,27.055,2.741
1693,27.712,27.025,2.610
1694,27.282,27.829,2.638
1695,27.444,27.208,2.665
1696,26.882,27.290,2.695
1697,26.817,26.986,2.522
1698,26.944,27.492,2.498
1699,27.276,27.363,2.672
1700,27.052,27.797,2.672
1701,27.663,28.074,2.624
1702,27.402,28.261,2.744
1703,27.625,28.769,2.644
1704,27.715,27.825,2.473
1705,28.587,28.046,2.707
1706,26.944,27.398,2.628
1707,27.859,28.753,2.613
1708,26.775,28.302,2.637
1709,27.159,27.785,2.726
1710,27.994,28.196,2.633
1711,28.643,28.838,2.622
1712,27.331,27.673,2.593
1713,27.119,27.370,2.517
1714,27.381,28.091,2.664
1715,27.307,26.963,2.836
1716,27.408,26.738,2.807
1717,27.074,27.197,2.706
1718,27.797,28.460,2.569
1719,27.590,27.735,2.697
1720,27.460,28.540,2.605
1721,27.297,27.666,2.856
1722,28.014,28.087,2.569
1723,27.810,27.400,2.653
1724,27.069,27.803,2.703
1725,27.764,28.081,2.555
1726,27.712,28.009,2.619
1727,27.147,27.522,2.546
1728,27.479,27.664,2.620
1729,28.283,28.169,2.641
1730,27.968,28.043,2.571
1731,28.370,28.151,2.659
1732,28.616,28.843,2.702
1733,26.268,27.232,2.579
1734,27.658,26.694,2.785
1735,27.805,27.983,2.832
1736,27.579,27.824,2.728
1737,27.101,27.846,2.634
1738,27.193,27.685,2.683
1739,27.745,27.860,2.608
1740,26.890,27.083,2.646
1741,27.479,27.251,2.593
1742,27.691,26.808,2.689
1743,27.113,26.910,2.662
1744,28.384,26.785,2.631
1745,27.224,26.410,2.699
1746,27.490,27.028,2.835
1747,27.368,28.062,2.614
1748,27.961,27.326,2.787
1749,27.999,27.191,2.555
1750,27.449,25.586,2.637
1751,28.217,26.104,2.723
1752,27.713,25.607,2.775
1753,28.801,26.792,2.680
1754,27.302,25.891,2.722
1755,28.107,26.156,2.553
1756,28.214,26.799,2.639
1757,28.475,25.794,2.687
1758,28.340,27.095,2.696
1759,27.363,25.511,2.587
1760,27.719,26.264,2.718
1761,29.227,26.067,2.691
1762,27.672,26.995,2.646
1763,28.158,26.432,2.766
1764,28.201,26.797,2.617
1765,27.745,25.756,2.637
1766,28.158,26.732,2.821
1767,27.698,25.544,2.682
1768,27.991,26.424,2.662
1769,27.084,25.999,2.779
1770,28.398,26.521,2.711
1771,28.276,27.049,3.060
1772,27.585,26.186,2.695
1773,27.480,25.984,2.807
1774,28.242,27.568,2.629
1775,27.512,26.073,2.629
1776,26.552,24.525,2.485
1777,25.952,24.945,2.773
1778,28.047,26.654,2.626
1779,27.697,25.487,2.686
1780,27.407,25.614,3.010
1781,27.375,25.998,2.719
1782,27.262,25.898,2.636
1783,27.114,25.488,2.597
1784,27.062,26.624,2.524
1785,27.412,25.759,2.788
1786,28.329,26.756,2.705
1787,28.816,26.481,2.661
1788,28.173,26.340,2.684
1789,28.041,26.861,2.731
1790,28.417,26.440,2.663
1791,27.859,25.291,2.545
1792,27.968,26.101,3.012
1793,28.269,26.160,2.728
1794,26.622,24.789,2.544
1795,27.143,25.343,2.646
1796,28.288,26.202,2.821
1797,28.383,26.076,2.581
1798,28.716,27.205,3.028
1799,28.008,26.363,2.758
1800,28.491,26.516,2.661
1801,27.462,25.311,2.648
1802,27.080,24.778,2.784
1803,26.844,26.337,2.744
1804,26.670,24.621,2.688
1805,26.295,24.687,2.707
1806,27.126,26.367,2.614
1807,27.201,25.883,2.844
1808,27.039,24.447,2.580
1809,26.485,24.266,2.603
1810,26.646,24.544,2.695
1811,26.829,24.786,2.624
1812,26.305,24.513,2.540
1813,26.607,25.790,2.742
1814,27.173,25.355,2.707
1815,26.254,24.895,2.655
1816,26.498,25.728,2.583
1817,27.202,25.006,3.019
1818,25.908,24.367,2.687
1819,26.771,24.808,2.747
1820,26.950,25.427,2.663
1821,27.550,25.640,2.651
1822,27.407,28.211,2.910
1823,26.711,27.576,2.922
1824,27.125,27.162,2.604
1825,26.637,26.669,2.700
1826,27.077,26.937,2.570
1827,26.851,26.475,2.797
1828,26.341,24.826,2.638
1829,26.156,24.046,2.643
1830,26.606,25.352,2.923
1831,27.457,27.447,2.517
1832,27.433,27.819,2.553
1833,27.295,27.674,2.609
1834,27.403,25.405,2.699
1835,27.441,25.501,2.727
1836,27.400,24.773,2.709
1837,27.464,25.006,2.562
1838,27.779,25.728,2.858
1839,27.047,25.282,2.675
1840,27.106,25.512,2.621
1841,26.803,24.993,2.547
1842,27.094,24.883,2.693
1843,27.356,25.388,2.642
1844,28.202,25.689,2.563
1845,26.394,25.501,2.706
1846,27.850,25.753,2.661
1847,28.869,25.809,2.773
1848,27.061,25.507,2.770
1849,27.497,26.254,2.689
1850,27.248,25.455,2.662
1851,27.110,26.449,2.776
1852,28.131,26.372,2.643
1853,26.978,25.309,2.687
1854,27.183,24.904,2.780
1855,28.113,25.850,2.608
1856,28.008,25.880,2.628
1857,27.791,25.653,2.719
1858,27.879,25.750,2.956
1859,27.105,25.137,2.794
1860,26.968,25.785,2.732
1861,27.371,25.652,2.899
1862,27.226,25.259,2.635
1863,27.532,25.607,2.653
1864,27.265,25.539,2.660
1865,27.031,25.719,2.632
1866,27.855,25.698,2.865
1867,27.901,25.846,2.568
1868,27.732,25.507,2.789
1869,26.684,25.969,2.595
1870,26.013,26.579,2.648
1871,27.325,26.626,2.533
1872,27.051,27.621,2.678
1873,26.873,27.047,2.608
1874,26.933,27.088,2.736
1875,27.144,27.646,2.633
1876,27.807,28.604,2.610
1877,25.954,26.327,2.723
1878,25.759,26.294,2.585
1879,27.118,26.928,2.593
1880,26.779,27.723,2.743
1881,27.050,26.985,2.549
1882,27.491,28.177,2.720
1883,27.168,27.197,2.543
1884,27.253,27.241,2.867
1885,26.979,27.625,2.833
1886,26.869,27.671,2.690
1887,27.578,27.874,2.642
1888,27.395,27.812,2.784
1889,28.685,28.996,2.652
1890,28.525,28.695,2.636
1891,28.254,28.249,2.550
1892,28.650,28.385,2.787
1893,28.440,28.596,2.790
1894,27.498,27.542,2.755
1895,28.073,28.537,2.654
1896,27.729,28.536,3.064
1897,28.169,27.801,2.566
1898,26.860,28.436,2.656
1899,27.432,27.751,2.672
1900,27.045,27.719,2.582
1901,26.851,25.698,2.723
1902,27.403,25.704,2.742
1903,27.275,26.569,2.767
1904,26.247,25.807,2.570
1905,26.017,25.919,2.659
1906,26.575,27.381,2.832
1907,27.346,28.173,2.541
1908,27.133,27.551,2.924
1909,26.492,27.070,2.758
1910,27.362,28.257,2.685
1911,26.624,26.917,2.658
1912,27.408,28.503,2.620
1913,27.372,27.019,2.666
1914,27.920,28.169,2.897
1915,27.339,26.983,2.695
1916,28.340,28.447,2.727
1917,27.920,28.890,2.799
1918,26.775,27.051,2.649
1919,26.991,27.315,2.697
1920,27.691,28.302,2.829
1921,27.963,27.923,2.628
1922,27.251,27.677,2.731
1923,27.594,27.072,2.730
1924,27.148,27.021,2.802
1925,26.992,26.345,2.650
1926,27.285,27.106,2.937
1927,26.803,27.021,2.678
1928,27.751,27.947,2.643
1929,26.709,27.403,2.803
1930,27.872,27.732,2.613
1931,27.467,28.227,2.633
1932,27.588,27.847,2.690
1933,28.336,29.275,2.791
1934,27.664,27.196,2.733
1935,26.862,26.703,2.692
1936,27.768,28.201,3.020
1937,27.723,27.222,2.646
1938,27.645,27.396,2.618
1939,28.012,27.623,2.712
1940,28.637,28.316,3.040
1941,28.323,28.793,2.758
1942,26.665,26.623,2.642
1943,26.309,27.139,2.648
1944,26.870,26.806,2.655
1945,27.360,26.294,2.911
1946,26.619,27.401,2.612
1947,26.885,27.321,2.784
1948,26.706,27.826,2.704
1949,27.124,27.758,2.670
1950,27.438,27.731,2.637
1951,27.456,27.252,2.806
1952,27.527,27.483,2.637
1953,27.399,28.588,2.548
1954,27.901,27.986,2.703
1955,27.570,28.870,2.729
1956,27.714,27.498,2.662
1957,27.078,27.854,2.622
1958,26.340,27.360,2.697
1959,27.270,27.833,2.634
1960,27.793,27.406,2.644
1961,28.466,29.094,2.607
1962,26.916,27.020,2.681
1963,28.177,28.957,2.573
1964,27.553,27.986,2.622
1965,27.621,28.514,2.665
1966,27.234,27.308,2.683
1967,27.213,28.478,2.642
1968,27.848,28.507,2.765
1969,28.252,28.358,2.604
1970,28.688,28.494,2.849
1971,27.660,27.990,2.613
1972,27.999,28.129,2.601
1973,28.705,28.282,2.747
1974,28.304,27.247,2.655
1975,28.093,27.740,2.647
1976,27.952,28.035,2.792
1977,28.053,28.095,2.692
1978,28.217,28.682,2.692
1979,27.705,27.147,2.719
1980,27.645,27.957,2.725
1981,27.842,27.897,2.554
1982,27.607,28.027,2.618
1983,29.158,28.421,2.646
1984,28.694,28.881,2.563
1985,27.792,28.036,2.513
1986,27.493,27.510,2.730
1987,27.699,27.685,2.554
1988,27.640,27.893,2.717
1989,27.493,27.739,2.823
1990,28.245,28.225,2.702
1991,27.572,28.066,2.795
1992,26.764,28.265,2.537
1993,27.555,28.425,2.685
1994,27.987,28.282,2.560
1995,28.086,27.966,2.655
1996,28.162,28.727,2.704
1997,27.136,27.774,2.686
1998,27.528,27.598,2.514
1999,26.979,27.602,2.608
2000,27.699,28.578,2.584
2001,28.059,28.514,2.843
2002,28.204,28.169,3.170
2003,27.611,27.321,2.821
2004,28.051,27.347,2.698
2005,27.818,27.892,2.604
2006,28.291,29.018,2.732
2007,27.234,27.420,2.733
2008,28.078,28.704,2.493
2009,27.200,27.391,2.574
2010,27.485,27.915,3.140
2011,28.166,29.005,2.674
2012,28.411,28.169,2.582
2013,28.189,28.568,2.890
2014,28.656,27.973,3.217
2015,28.201,28.107,2.662
2016,28.106,27.848,2.839
2017,28.210,28.860,2.757
2018,28.278,27.952,2.764
2019,28.217,28.191,2.601
2020,28.754,28.108,2.648
2021,28.354,28.057,2.616
2022,27.052,27.525,2.896
2023,27.126,27.227,2.700
2024,28.071,27.879,2.695
2025,27.921,28.035,2.805
2026,27.525,27.536,2.525
2027,26.714,26.951,2.756
2028,27.039,28.171,2.586
2029,26.925,27.164,2.547
2030,27.789,27.842,2.471
2031,28.155,27.822,2.682
2032,27.814,27.012,2.458
2033,28.924,29.019,2.706
2034,27.793,28.274,2.816
2035,26.660,26.517,2.717
2036,27.072,27.339,2.612
2037,27.441,27.054,2.515
2038,27.287,27.492,2.664
2039,27.522,27.830,2.925
2040,27.387,27.694,2.688
2041,28.322,28.618,2.792
2042,27.191,28.088,2.671
2043,26.927,25.540,2.595
2044,26.469,27.886,2.587
2045,27.604,27.758,2.695
2046,27.031,27.026,2.887
2047,28.084,27.241,2.564
2048,27.706,27.317,2.713
2049,27.634,27.561,2.655
2050,27.380,28.293,2.715
2051,27.318,27.976,2.887
2052,27.291,26.477,2.810
2053,27.144,27.253,2.605
2054,27.645,28.196,2.732
2055,27.461,29.212,2.907
2056,27.055,27.619,3.104
2057,26.680,26.547,2.584
2058,26.430,27.419,2.592
2059,26.570,25.713,2.806
2060,26.228,25.482,2.683
2061,27.250,27.075,2.710
2062,27.145,27.489,2.973
2063,26.439,27.062,2.581
2064,26.869,27.003,2.604
2065,27.130,27.569,2.750
2066,26.367,26.543,2.619
2067,26.949,27.420,2.629
2068,26.735,27.920,2.535
2069,26.814,26.697,2.578
2070,27.180,27.158,2.739
2071,26.809,27.068,2.635
2072,27.489,27.944,2.646
2073,27.382,27.555,2.834
2074,26.744,26.982,2.801
2075,25.698,26.325,2.639
2076,27.341,27.766,2.588
2077,27.018,27.225,2.594
2078,27.260,27.659,3.007
2079,26.595,27.069,2.944
2080,27.800,28.004,2.669
2081,27.560,27.771,2.545
2082,26.723,27.320,2.614
2083,26.503,26.182,2.787
2084,27.710,27.049,2.697
2085,26.911,27.553,2.673
2086,28.087,28.021,2.729
2087,26.586,27.255,2.531
2088,27.396,27.288,2.762
2089,28.074,27.828,2.639
2090,27.645,28.057,2.675
2091,26.671,27.177,2.571
2092,28.227,28.028,2.721
2093,28.136,28.203,2.806
2094,28.255,28.708,2.744
2095,27.808,28.485,2.617
2096,27.630,28.569,2.644
2097,27.133,27.183,2.791
2098,27.389,27.914,2.617
2099,26.915,27.456,2.589
2100,27.867,27.900,2.651
2101,27.798,27.379,2.804
2102,27.734,27.731,2.656
2103,27.707,26.845,2.625
2104,28.145,28.626,2.752
2105,26.952,26.446,2.631
2106,28.027,28.363,2.759
2107,27.592,27.971,2.655
2108,26.495,26.518,2.647
2109,27.626,26.864,2.632
2110,27.257,26.514,2.609
2111,27.593,27.945,2.693
2112,26.495,27.001,2.525
2113,27.380,27.987,2.756
2114,27.809,28.014,2.686
2115,27.177,27.326,2.654
2116,26.162,27.507,2.714
2117,27.378,27.847,2.592
2118,27.328,28.201,2.783
2119,27.738,27.817,2.650
2120,25.996,26.667,2.769
2121,26.657,27.349,2.739
2122,27.160,27.389,2.596
2123,26.309,26.581,2.576
2124,27.409,27.711,2.753
2125,27.035,28.090,2.528
2126,27.263,26.658,2.688
2127,27.389,27.878,3.144
2128,27.253,27.894,2.705
2129,27.311,27.216,2.555
2130,26.963,27.138,2.661
2131,26.721,27.333,2.603
2132,26.353,25.902,2.543
2133,27.603,27.378,2.855
2134,25.546,25.871,2.654
2135,26.466,26.597,2.559
2136,26.873,26.554,2.608
2137,26.394,26.458,2.555
2138,27.060,26.857,2.586
2139,27.449,27.148,2.676
2140,27.385,26.730,2.644
2141,26.516,27.212,2.723
2142,27.198,27.916,2.665
2143,26.995,26.776,2.621
2144,26.865,26.669,2.710
2145,27.354,28.416,2.574
2146,27.376,28.158,2.547
2147,27.169,27.120,2.609
2148,26.954,26.664,2.737
2149,27.392,27.682,2.709
2150,27.260,28.092,2.577
2151,27.054,27.314,2.741
2152,27.130,27.278,2.737
2153,27.339,27.786,2.678
2154,27.807,27.744,2.846
2155,27.154,28.124,2.809
2156,28.069,28.161,2.664
2157,28.233,27.725,2.537
2158,27.924,28.045,2.701
2159,27.858,27.514,2.558
2160,28.022,29.096,2.642
2161,27.183,27.895,2.680
2162,27.525,28.084,2.562
2163,27.894,28.358,2.723
2164,26.938,27.187,2.660
2165,28.150,27.870,2.908
2166,28.001,27.463,2.601
2167,28.202,28.414,2.917
2168,27.276,27.082,2.737
2169,27.391,28.529,2.617
2170,27.363,27.950,2.638
2171,26.889,26.889,2.807
2172,27.580,28.031,2.841
2173,26.303,26.599,2.537
2174,27.453,28.068,2.657
2175,27.477,26.585,2.819
2176,27.017,27.372,2.622
2177,26.704,26.628,2.760
2178,27.814,28.138,2.733
2179,27.874,27.778,2.626
2180,27.599,28.035,2.578
2181,26.913,27.629,2.816
2182,27.062,26.545,2.655
2183,27.390,27.854,2.710
2184,28.012,28.058,2.662
2185,28.136,27.528,2.672
2186,28.105,28.787,2.627
2187,28.921,29.438,2.617
2188,28.188,28.489,2.700
2189,28.125,28.398,2.629
2190,27.593,26.428,2.831
2191,27.002,26.684,2.575
2192,27.493,27.573,2.715
2193,28.073,27.817,2.642
2194,27.541,27.193,2.775
2195,27.759,27.988,2.589
2196,27.009,27.767,2.649
2197,27.813,27.756,2.586
2198,27.276,27.458,2.628
2199,27.556,27.760,2.617
2200,27.791,27.911,2.679
2201,27.352,27.388,2.589
2202,27.875,27.979,2.522
2203,26.119,27.241,2.758
2204,27.701,28.206,2.956
2205,27.265,27.250,2.610
2206,26.963,25.044,2.646
2207,28.755,26.129,2.663
2208,28.914,27.587,2.673
2209,28.120,26.512,2.580
2210,28.801,26.147,2.589
2211,26.311,26.660,2.756
2212,27.656,28.523,2.764
2213,27.827,27.070,2.696
2214,28.082,27.456,2.562
2215,27.433,27.275,2.883
2216,28.029,28.184,2.620
2217,27.314,28.242,2.628
2218,27.424,28.058,2.640
2219,27.711,28.132,2.709
2220,28.196,27.617,2.652
2221,27.648,27.597,2.610
2222,27.035,27.604,2.576
2223,27.345,27.798,2.732
2224,27.975,28.503,2.771
2225,27.990,28.700,2.639
2226,27.493,27.182,2.574
2227,27.397,27.854,2.804
2228,28.214,28.478,2.678
2229,28.961,29.175,2.661
2230,27.385,27.383,2.678
2231,28.194,28.014,2.779
2232,27.793,28.156,2.509
2233,27.761,27.346,2.888
2234,27.864,27.959,2.660
2235,28.515,28.537,2.540
2236,28.239,27.591,2.654
2237,27.871,28.798,2.819
2238,29.427,29.296,2.702
2239,28.218,27.591,2.617
2240,27.878,27.032,2.774
2241,28.279,28.210,2.645
2242,28.785,27.468,2.570
2243,28.012,28.172,2.814
2244,28.375,27.164,2.643
2245,27.650,27.109,2.634
2246,28.896,27.847,2.685
2247,28.916,28.312,2.599
2248,28.181,27.716,2.668
2249,27.751,28.927,2.635
2250,28.056,27.337,2.683
2251,28.082,28.106,2.602
2252,27.680,27.314,2.588
2253,28.118,28.249,2.631
2254,27.611,26.634,2.614
2255,27.253,26.592,2.634
2256,28.111,27.802,2.592
2257,27.352,27.098,2.827
2258,27.038,26.398,2.705
2259,27.730,27.248,2.578
2260,27.397,26.176,2.657
2261,27.896,26.699,2.564
2262,27.333,27.255,2.639
2263,26.964,26.849,2.565
2264,27.234,27.340,2.730
2265,27.936,27.717,2.772
2266,27.707,27.822,2.618
2267,27.682,27.491,2.689
2268,27.839,28.042,2.829
2269,27.516,27.719,2.731
2270,28.726,28.468,2.754
2271,26.385,27.057,2.616
2272,27.562,27.041,2.638
2273,27.195,27.186,2.575
2274,28.132,27.269,2.776
2275,28.461,28.713,2.917
2276,27.109,27.551,2.878
2277,27.345,27.529,2.592
2278,27.882,28.036,2.611
2279,28.076,28.039,2.626
2280,28.314,27.655,2.663
2281,27.736,28.199,2.679
2282,27.421,27.643,2.674
2283,26.630,27.098,2.682
2284,28.173,26.067,2.681
2285,26.851,25.289,2.676
2286,27.155,25.738,2.900
2287,27.593,25.936,2.826
2288,27.969,26.640,2.628
2289,27.513,26.348,2.721
2290,27.213,26.388,2.764
2291,27.259,25.493,2.718
2292,27.839,26.211,2.775
2293,26.949,26.538,2.639
2294,28.050,26.472,2.612
2295,26.742,25.788,2.606
2296,27.106,24.934,2.456
2297,27.241,25.630,2.680
2298,27.123,25.236,2.748
2299,27.367,25.742,2.648
2300,27.689,25.783,2.637
2301,26.952,25.005,2.723
2302,26.912,25.463,2.823
2303,27.010,24.332,2.657
2304,27.412,25.344,2.658
2305,27.625,25.576,2.767
2306,27.717,25.462,2.690
2307,27.066,25.179,2.868
2308,26.617,25.863,2.690
2309,27.270,25.327,2.642
2310,26.862,25.444,2.694
2311,26.799,25.681,2.561
2312,27.348,25.684,2.706
2313,27.546,25.449,2.598
2314,27.090,25.346,2.732
2315,26.886,25.082,2.615
2316,26.832,25.277,2.650
2317,26.737,24.934,2.731
2318,28.324,26.072,2.652
2319,27.017,25.345,2.891
2320,27.805,25.490,2.756
2321,27.640,25.892,2.696
2322,26.482,25.929,2.605
2323,27.434,26.033,2.671
2324,27.617,25.600,2.589
2325,27.798,26.035,3.049
2326,27.335,26.374,2.730
2327,27.203,26.366,2.623
2328,27.687,26.815,2.735
2329,26.855,26.907,2.712
2330,27.536,27.816,2.629
2331,27.079,27.717,2.641
2332,26.610,27.532,2.871
2333,27.452,26.591,2.721
2334,28.290,27.975,2.624
2335,27.439,27.857,2.638
2336,27.476,26.302,2.605
2337,27.563,25.939,2.576
2338,28.084,26.310,2.662
2339,27.016,27.750,2.731
2340,27.109,26.205,2.672
2341,27.882,27.749,2.731
2342,27.440,28.495,2.757
2343,27.514,26.527,2.669
2344,26.978,27.827,2.641
2345,27.175,27.787,2.796
2346,27.421,28.272,2.600
2347,27.059,28.045,2.775
2348,27.107,28.387,2.663
2349,27.251,27.515,2.648
2350,26.774,27.231,2.718
2351,27.954,27.916,2.811
2352,27.978,26.352,2.653
2353,26.821,26.615,2.685
2354,27.487,26.585,2.726
2355,27.768,28.402,2.682
2356,27.931,27.650,2.642
2357,28.214,27.258,2.530
2358,27.321,27.704,2.758
2359,27.548,26.913,2.643
2360,27.134,27.531,2.610
2361,28.374,26.970,2.753
2362,27.976,26.474,2.591
2363,27.654,26.914,2.718
2364,28.238,28.992,2.638
2365,27.052,28.939,2.643
2366,26.496,26.324,2.643
2367,28.327,27.823,2.565
2368,27.720,27.847,2.655
2369,27.942,28.294,2.716
2370,27.233,28.086,2.733
2371,28.248,28.446,2.570
2372,27.114,26.233,2.692
2373,27.271,26.271,2.777
2374,26.880,26.533,2.721
2375,26.682,25.396,2.811
2376,27.002,26.128,2.647
2377,27.220,25.084,2.664
2378,27.061,26.105,2.805
2379,27.168,25.980,2.753
2380,27.730,26.465,2.900
2381,27.226,26.588,2.852
2382,26.558,25.522,2.632
2383,26.961,25.868,2.685
2384,26.496,25.932,2.628
2385,27.603,24.911,2.562
2386,27.687,26.554,2.636
2387,27.066,25.821,2.833
2388,27.620,26.342,2.593
2389,27.896,26.710,2.789
2390,27.022,25.192,2.763
2391,26.774,25.096,2.763
2392,25.626,24.899,2.638
2393,26.223,25.498,2.653
2394,26.380,25.291,2.535
2395,27.039,26.018,2.633
2396,26.371,25.149,2.630
2397,26.636,26.148,2.759
2398,26.775,25.457,2.670
2399,26.594,25.567,2.594
2400,26.511,24.892,2.820
2401,25.376,24.325,2.592
2402,25.910,25.864,2.904
2403,27.345,25.949,2.812
2404,26.185,25.510,2.833
2405,26.518,25.672,2.587
2406,27.085,25.738,2.564
2407,26.837,25.602,2.614
2408,26.487,25.152,2.708
2409,26.452,25.861,2.803
2410,25.767,25.107,2.627
2411,25.984,25.822,2.670
2412,26.527,25.243,2.624
2413,26.542,25.436,2.687
2414,26.366,25.811,2.672
2415,26.674,25.753,2.732
2416,26.407,25.260,2.748
2417,26.279,25.880,2.583
2418,27.129,25.635,2.635
2419,26.442,25.680,2.954
2420,26.038,24.551,2.673
2421,27.098,25.482,2.729
2422,26.985,25.931,2.909
2423,26.384,25.003,2.606
2424,27.015,25.633,2.585
2425,26.701,25.904,2.564
2426,27.409,26.591,3.018
2427,27.056,26.524,2.632
2428,27.187,26.421,2.654
2429,27.818,26.432,2.669
2430,26.444,25.978,2.582
2431,26.707,25.239,2.645
2432,27.772,26.655,2.587
2433,27.791,26.536,2.852
2434,27.171,25.343,2.662
2435,26.914,25.741,2.666
2436,27.438,25.818,2.737
2437,27.436,26.328,2.829
2438,27.980,26.155,2.759
2439,26.827,25.784,2.654
2440,27.191,26.350,2.736
2441,26.929,25.797,2.526
2442,27.190,26.103,2.624
2443,26.685,25.482,2.590
2444,26.536,25.863,2.674
2445,26.369,26.218,2.591
2446,26.467,26.038,2.631
2447,26.549,25.353,2.570
2448,26.488,25.639,2.678
2449,27.018,25.921,2.672
2450,26.182,25.246,2.734
2451,26.555,25.696,2.981
2452,26.530,25.931,2.598
2453,26.251,26.199,2.702
2454,26.176,25.971,2.682
2455,26.388,26.576,2.675
2456,27.187,25.934,2.711
2457,26.587,26.020,2.599
2458,27.602,26.785,2.592
2459,26.633,25.905,2.807
2460,26.744,26.266,2.733
2461,27.533,26.347,2.693
2462,26.711,26.127,2.572
2463,28.467,26.984,2.690
2464,27.195,26.376,2.604
2465,26.727,25.859,2.730
2466,27.022,26.496,2.650
2467,26.306,26.422,2.857
2468,25.804,25.266,2.611
2469,26.580,25.845,2.761
2470,25.734,24.861,2.651
2471,26.557,25.905,2.839
2472,26.270,25.210,2.660
2473,25.862,25.947,2.523
2474,26.928,26.903,2.715
2475,27.304,26.283,2.685
2476,28.002,26.599,2.479
2477,26.800,26.436,2.599
2478,27.049,26.512,2.743
2479,27.709,26.317,2.659
2480,27.172,27.177,2.588
2481,26.913,25.427,2.616
2482,26.964,26.518,2.609
2483,27.205,26.167,2.784
2484,27.879,26.737,2.836
2485,26.870,25.576,2.766
2486,26.765,25.731,2.830
2487,28.009,27.431,3.166
2488,27.848,26.508,2.476
2489,28.078,27.102,2.898
2490,27.726,25.804,2.603
2491,26.255,24.991,2.617
2492,26.308,24.650,2.713
2493,27.144,25.312,2.634
2494,26.842,25.637,2.615
2495,26.686,26.285,2.715
2496,26.285,25.218,2.508
2497,26.172,25.507,2.664
2498,26.256,24.320,2.506
2499,26.775,25.156,2.734
2500,26.884,25.292,2.634
2501,27.464,25.078,2.651
2502,27.001,25.751,2.731
2503,25.701,23.638,2.771
2504,25.948,23.965,2.715
2505,25.851,24.874,2.604
2506,25.697,25.405,2.728
2507,25.334,24.148,2.524
2508,25.625,24.380,2.633
2509,26.555,25.393,2.753
2510,25.478,24.949,2.621
2511,26.174,24.315,2.611
2512,26.434,24.080,2.590
2513,26.968,24.662,2.546
2514,26.148,24.317,2.719
2515,26.713,24.585,2.693
2516,27.466,25.627,2.631
2517,26.176,23.728,2.567
2518,26.663,24.253,2.584
2519,26.239,24.336,2.603
2520,26.582,24.607,2.786
2521,25.402,23.683,2.717
2522,25.992,24.197,2.822
2523,26.358,24.235,2.787
2524,26.494,24.753,2.762
2525,26.692,24.584,2.841
2526,26.200,24.504,2.619
2527,25.914,24.103,2.810
2528,26.979,24.174,2.742
2529,26.789,24.958,2.985
2530,25.770,24.117,2.738
2531,26.485,24.691,2.612
2532,26.215,24.424,2.748
2533,26.088,23.837,2.726
2534,26.331,24.170,2.634
2535,25.487,23.906,2.808
2536,26.995,24.346,2.702
2537,26.517,24.330,2.778
2538,26.903,24.288,2.765
2539,26.303,23.670,2.650
2540,26.451,24.378,2.712
2541,25.844,23.351,2.670
2542,25.617,23.995,2.852
2543,25.916,24.741,2.659
2544,25.857,23.800,2.575
2545,25.510,24.650,2.746
2546,26.927,24.529,2.669
2547,26.342,24.710,2.595
2548,27.384,24.625,2.786
2549,27.717,24.922,2.651
2550,26.073,24.888,2.498
2551,25.822,24.245,2.652
2552,26.911,24.284,2.627
2553,26.391,24.460,2.613
2554,26.611,24.552,2.654
2555,25.779,25.064,2.568
2556,26.206,24.894,2.700
2557,26.866,25.320,2.541
2558,26.850,24.583,2.611
2559,26.509,25.094,2.686
2560,26.802,25.684,2.729
2561,26.312,26.522,2.613
2562,26.378,25.332,2.593
2563,27.019,26.386,2.956
2564,26.592,24.740,2.631
2565,26.550,24.726,2.736
2566,25.662,24.498,2.668
2567,26.085,24.319,2.679
2568,26.221,24.227,2.676
2569,26.429,24.915,2.754
2570,26.301,24.613,2.739
2571,27.225,25.642,2.714
2572,27.146,25.460,2.632
2573,26.047,24.705,2.825
2574,25.294,24.340,2.756
2575,24.620,23.533,2.654
2576,25.468,25.677,2.565
2577,26.999,27.658,2.608
2578,26.305,27.036,2.588
2579,25.554,26.039,2.668
2580,26.536,27.552,2.563
2581,26.109,27.172,2.851
2582,26.105,25.439,2.634
2583,27.049,26.171,2.854
2584,25.924,25.376,2.554
2585,26.288,26.165,2.602
2586,25.673,26.311,2.699
2587,26.553,26.398,2.816
2588,26.857,28.056,2.656
2589,27.032,27.323,2.737
2590,26.156,26.878,2.792
2591,25.953,26.282,2.679
2592,25.930,26.914,2.689
2593,26.036,26.334,2.674
2594,25.609,26.207,2.675
2595,27.126,27.651,2.714
2596,25.864,27.412,2.599
2597,26.507,27.057,2.677
2598,25.658,26.156,2.598
2599,26.491,26.814,2.735
2600,26.285,26.836,2.709
2601,25.816,26.641,2.692
2602,26.439,27.123,2.603
2603,26.729,26.128,2.636
2604,26.899,27.237,2.623
2605,26.196,27.020,2.605
2606,25.845,26.592,2.654
2607,25.615,24.314,2.651
2608,25.875,26.728,2.588
2609,27.032,26.710,2.743
2610,26.402,27.232,2.733
2611,26.722,27.214,2.669
2612,26.743,27.301,2.521
2613,26.710,27.289,2.684
2614,26.921,27.338,2.607
2615,26.536,25.939,2.737
2616,25.786,27.076,2.843
2617,26.797,27.004,2.747
2618,26.058,27.196,2.607
2619,26.749,26.961,2.852
2620,26.078,26.518,2.655
2621,26.094,25.624,2.622
2622,26.642,27.890,2.635
2623,25.722,26.661,2.787
2624,26.316,26.860,2.646
2625,26.065,26.447,2.786
2626,26.295,26.637,2.624
2627,26.137,26.596,2.626
2628,26.212,27.085,2.557
2629,27.188,27.416,2.758
2630,27.593,27.547,2.727
2631,26.847,27.665,2.580
2632,26.694,27.254,2.694
2633,26.825,27.390,2.603
2634,26.739,27.706,3.560
2635,26.319,27.239,2.809
2636,27.478,27.868,2.737
2637,26.678,27.330,2.735
2638,27.166,27.597,2.580
2639,26.843,27.602,2.638
2640,27.310,28.223,2.660
2641,27.609,27.803,2.794
2642,26.472,27.533,2.593
2643,26.892,27.847,2.979
2644,27.465,27.955,2.596
2645,26.354,26.879,2.716
2646,26.530,26.895,2.594
2647,26.708,26.885,2.898
2648,26.864,26.548,2.849
2649,27.193,27.263,2.655
2650,27.299,27.797,2.646
2651,27.131,26.424,2.582
2652,27.212,27.867,2.755
2653,26.399,26.456,2.641
2654,27.877,27.576,2.700
2655,26.816,26.498,2.895
2656,27.708,27.478,2.618
2657,27.460,26.679,2.689
2658,26.786,27.170,2.640
2659,28.883,29.030,2.619
2660,27.108,26.785,2.590
2661,26.710,26.618,2.661
2662,26.265,26.456,2.776
2663,25.842,26.331,2.622
2664,27.358,27.492,2.682
2665,27.285,26.968,2.515
2666,26.716,26.569,3.047
2667,26.645,27.781,2.693
2668,27.011,28.104,2.588
2669,26.923,27.724,2.736
2670,26.861,27.607,2.732
2671,26.916,27.989,2.670
2672,26.890,27.795,2.637
2673,27.737,28.583,2.679
2674,26.977,27.169,2.584
2675,27.298,25.613,2.621
2676,26.845,27.439,2.789
2677,26.366,27.042,2.581
2678,27.205,28.374,2.624
2679,27.172,27.004,2.776
2680,27.250,27.826,2.784
2681,26.657,27.446,2.655
2682,26.841,27.986,2.638
2683,26.780,27.710,2.615
2684,27.526,26.601,2.856
2685,26.691,25.654,2.763
2686,27.480,26.885,2.778
2687,26.779,28.310,2.697
2688,26.989,27.750,2.643
2689,27.828,28.991,2.702
2690,27.518,27.910,2.680
2691,27.684,27.249,2.599
2692,27.565,28.511,2.671
2693,26.268,26.866,2.624
2694,26.274,27.199,2.798
2695,27.323,28.290,2.627
2696,27.411,28.288,2.866
2697,27.206,27.486,2.786
2698,26.471,27.527,2.661
2699,27.454,28.225,2.631
2700,27.134,27.645,2.720
2701,26.599,26.337,2.583
2702,26.504,27.236,2.684
2703,28.039,28.925,2.580
2704,26.795,27.775,2.673
2705,26.164,27.952,2.584
2706,26.824,27.954,2.620
2707,26.586,27.116,2.702
2708,26.654,27.658,2.628
2709,28.036,28.131,2.837
2710,27.218,27.855,2.655
2711,28.415,29.087,2.610
2712,27.142,27.885,2.681
2713,26.869,27.495,2.666
2714,26.933,27.982,2.713
2715,27.641,27.893,2.677
2716,27.396,28.369,2.633
2717,27.161,27.877,2.661
2718,28.403,26.553,2.672
2719,28.376,26.557,2.755
2720,27.841,27.376,2.546
2721,26.757,26.583,2.614
2722,28.461,27.353,2.661
2723,27.940,26.676,2.578
2724,27.326,26.677,2.726
2725,27.216,27.106,2.848
2726,27.653,27.021,2.742
2727,27.913,26.567,2.758
2728,27.962,27.125,2.802
2729,27.519,26.533,2.769
2730,28.316,28.160,2.750
2731,27.289,27.629,2.624
2732,26.751,27.129,2.866
2733,27.683,28.553,2.732
2734,28.204,28.237,2.563
2735,27.240,27.906,2.705
2736,27.637,28.423,2.640
2737,27.394,27.346,2.656
2738,27.900,28.334,2.669
2739,28.238,27.531,2.678
2740,27.341,27.946,2.663
2741,27.114,27.997,2.724
2742,28.060,28.274,2.734
2743,26.624,27.130,2.723
2744,27.200,27.298,2.623
2745,28.120,27.467,2.807
2746,26.298,26.322,2.616
2747,26.490,26.746,2.692
2748,27.694,27.749,2.824
2749,27.321,27.381,2.765
2750,27.395,28.270,2.612
2751,26.372,26.466,2.696
2752,28.113,27.975,2.768
2753,27.924,27.361,2.851
2754,27.799,28.421,2.540
2755,27.721,28.320,2.732
2756,27.777,28.367,2.734
2757,28.818,28.748,2.756
2758,26.614,27.543,2.646
2759,26.733,27.993,2.621
2760,26.979,27.272,2.622
2761,27.031,27.630,2.765
2762,27.400,28.232,2.602
2763,28.232,27.954,2.595
2764,27.625,27.351,2.650
2765,28.096,28.556,2.580
2766,28.777,29.415,2.637
2767,28.059,28.469,2.717
2768,27.050,28.159,2.584
2769,27.624,27.884,2.734
2770,27.553,27.962,2.680
2771,27.621,27.415,2.650
2772,27.073,28.335,2.856
2773,26.522,26.889,2.465
2774,27.862,28.042,2.674
2775,28.201,27.460,2.605
2776,27.983,28.443,2.475
2777,27.660,27.085,2.699
2778,28.561,28.213,2.701
2779,28.605,28.057,2.781
2780,28.375,27.922,2.896
2781,28.709,28.966,2.814
2782,27.518,28.182,2.661
2783,27.618,26.959,2.727
2784,28.322,29.174,2.538
2785,28.303,27.866,2.708
2786,28.340,27.133,2.715
2787,28.333,27.067,2.627
2788,28.658,27.505,2.750
2789,27.871,26.018,2.672
2790,27.712,26.411,2.748
2791,28.953,27.354,2.795
2792,27.711,26.092,2.592
2793,27.472,26.507,2.714
2794,27.637,26.373,2.669
2795,28.509,26.185,2.733
2796,28.285,27.039,2.592
2797,28.562,27.107,2.607
2798,27.892,26.820,2.603
2799,29.080,27.585,2.653
2800,27.815,26.464,2.901
2801,27.138,26.468,2.657
2802,26.352,26.109,2.887
2803,27.607,26.799,2.664
2804,28.449,26.992,2.733
2805,27.948,27.036,2.859
2806,27.431,25.885,2.751
2807,28.315,26.424,2.662
2808,28.510,27.218,2.735
2809,29.119,27.476,2.669
2810,28.571,26.982,2.618
2811,26.188,25.585,2.649
2812,27.997,27.030,2.608
2813,27.179,25.831,2.722
2814,27.181,26.859,2.610
2815,27.838,26.841,2.702
2816,27.447,26.341,2.643
2817,28.401,26.377,2.586
2818,27.014,25.899,2.796
2819,28.141,27.187,2.621
2820,27.586,25.858,2.771
2821,26.612,25.547,2.672
2822,27.874,26.109,2.597
2823,26.574,25.074,2.666
2824,28.079,26.227,2.674
2825,28.263,26.772,2.638
2826,28.119,25.598,2.685
2827,27.609,25.723,2.579
2828,27.230,25.651,2.586
2829,27.447,25.181,2.738
2830,26.848,25.388,2.641
2831,28.019,26.704,2.598
2832,27.420,25.534,2.888
2833,27.143,25.751,2.705
2834,27.128,25.777,2.769
2835,28.072,26.323,2.557
2836,27.123,25.622,2.595
2837,28.206,26.778,2.602
2838,26.931,26.757,2.707
2839,27.564,26.178,2.817
2840,27.641,26.317,2.678
2841,27.523,26.076,2.534
2842,27.605,26.630,2.730
2843,28.259,27.472,2.572
2844,27.685,26.438,2.699
2845,27.784,26.836,2.627
2846,29.438,26.907,2.694
2847,28.180,26.102,2.515
2848,27.539,26.215,2.597
2849,27.439,25.457,2.627
2850,27.332,25.285,2.752
2851,28.058,26.573,2.986
2852,27.561,25.712,2.666
2853,28.063,26.431,2.550
2854,27.247,25.329,2.968
2855,28.212,27.207,2.738
2856,27.390,25.823,2.770
2857,27.249,25.947,2.656
2858,27.985,26.672,2.678
2859,28.231,26.159,2.567
2860,28.694,27.234,2.607
2861,27.764,25.746,2.678
2862,28.478,26.151,2.576
2863,28.617,26.909,2.645
2864,28.474,25.724,2.811
2865,27.717,25.147,2.573
2866,28.140,26.228,2.737
2867,28.004,26.166,2.699
2868,28.822,27.039,2.558
2869,27.247,25.464,2.597
2870,28.208,26.849,2.772
2871,27.355,25.677,2.519
2872,28.333,26.313,2.645
2873,27.651,26.557,2.635
2874,27.114,26.565,2.772
2875,28.606,27.558,2.987
2876,27.711,26.952,2.644
2877,26.955,26.133,2.665
2878,27.907,26.256,2.638
2879,26.661,26.231,2.688
2880,27.976,26.790,2.604
2881,26.998,25.447,2.599
2882,27.580,26.686,2.660
2883,27.920,26.832,2.783
2884,27.464,26.280,2.779
2885,28.099,26.727,2.678
2886,28.296,27.261,2.603
2887,28.751,27.562,2.584
2888,28.481,26.786,2.707
2889,27.823,26.651,2.759
2890,28.707,27.048,2.670
2891,28.007,26.181,2.708
2892,28.384,25.977,2.666
2893,27.927,26.022,2.682
2894,27.911,26.430,2.876
2895,27.990,26.029,2.709
2896,27.988,25.399,2.757
2897,28.059,26.232,2.710
2898,28.461,26.444,2.610
2899,26.996,25.411,2.855
2900,27.613,24.698,2.714
2901,28.331,25.654,2.729
2902,26.495,23.966,2.680
2903,27.673,25.980,2.752
2904,26.339,25.983,2.702
2905,27.842,25.307,2.813
2906,28.285,25.940,2.730
2907,28.186,24.983,2.674
2908,28.124,26.138,2.703
2909,26.630,25.281,2.552
2910,27.493,26.116,2.756
2911,28.331,26.665,2.756
2912,28.143,26.218,2.722
2913,28.239,25.714,2.498
2914,27.223,25.421,2.621
2915,28.862,26.185,2.544
2916,27.385,25.885,2.643
2917,27.260,24.953,2.642
2918,27.774,25.851,2.602
2919,27.902,25.873,2.617
2920,27.601,25.662,2.695
2921,28.693,26.320,2.741
2922,28.101,25.816,2.899
2923,27.422,25.402,2.681
2924,28.049,26.127,2.731
2925,27.442,25.571,2.546
2926,28.375,26.037,2.690
2927,27.480,25.397,2.571
2928,27.095,25.956,2.740
2929,27.047,25.338,2.545
2930,28.256,25.534,2.606
2931,27.610,25.252,2.611
2932,26.947,25.269,2.649
2933,27.495,25.650,2.529
2934,27.932,26.248,2.789
2935,27.927,25.716,2.539
2936,27.172,25.299,2.587
2937,26.673,24.011,2.650
2938,27.058,25.559,2.682
2939,27.109,25.382,2.633
2940,26.767,24.858,2.664
2941,27.556,24.948,2.690
2942,27.010,25.056,2.659
2943,27.249,24.520,2.796
2944,26.922,25.138,2.641
2945,27.358,25.602,2.632
2946,26.533,24.769,2.622
2947,27.136,25.308,2.657
2948,27.388,25.322,2.656
2949,30.406,25.566,2.559
2950,30.092,25.317,2.677
2951,29.053,24.397,2.536
2952,29.283,25.033,2.763
2953,29.509,24.896,2.608
2954,28.813,25.203,2.648
2955,29.603,25.445,2.642
2956,30.359,25.768,2.931
2957,29.527,24.800,2.775
2958,30.971,24.673,2.655
2959,29.841,24.570,2.665
2960,29.289,24.859,2.620
2961,30.658,25.957,2.619
2962,29.683,25.570,3.226
2963,30.658,25.897,2.638
2964,31.369,26.832,2.697
2965,31.605,26.497,2.541
2966,31.588,25.746,2.605
2967,30.523,25.229,2.684
2968,29.539,24.733,2.678
2969,29.967,24.854,2.612
2970,29.036,24.930,2.595
2971,30.801,25.960,2.657
2972,30.016,25.386,2.633
2973,27.962,25.710,2.596
2974,27.791,25.055,2.717
2975,27.814,25.583,2.607
2976,28.551,25.113,2.571
2977,27.352,25.080,2.522
2978,27.215,25.022,2.802
2979,27.349,25.017,2.680
2980,27.650,24.484,2.631
2981,28.159,25.838,2.657
2982,28.136,25.154,2.649
2983,27.483,25.231,2.655
2984,26.576,24.916,2.667
2985,27.291,25.326,2.782
2986,27.014,25.385,2.550
2987,28.214,26.290,2.680
2988,27.792,25.075,2.667
2989,27.787,24.833,2.720
2990,27.905,25.776,2.664
2991,29.954,24.957,2.636
2992,28.782,25.993,2.844
2993,27.403,24.579,2.640
2994,27.888,25.501,2.670
2995,27.733,25.037,2.707
2996,27.025,24.810,2.613
2997,26.818,25.140,2.619
2998,27.489,25.122,2.500
2999,27.693,25.081,2.615
3000,27.786,25.186,2.628
3001,27.210,24.732,2.685
3002,27.850,25.266,2.538
3003,27.591,25.031,2.713
3004,27.536,24.879,2.720
3005,27.286,25.227,2.577
3006,27.924,25.522,2.553
3007,27.230,25.069,2.729
3008,28.092,25.535,2.793
3009,27.637,25.688,2.791
3010,28.902,26.000,2.649
3011,28.155,25.667,2.558
3012,28.185,25.990,2.657
3013,28.917,26.799,2.719
3014,27.674,25.715,2.716
3015,28.131,25.754,2.595
3016,27.680,25.866,2.671
3017,28.233,24.763,2.566
3018,27.127,24.711,2.722
3019,27.256,25.083,2.669
3020,27.069,25.251,2.761
3021,26.961,24.739,2.615
3022,26.635,24.675,2.663
3023,27.172,25.599,2.729
3024,26.994,25.126,2.767
3025,27.111,25.054,2.668
3026,26.372,24.600,2.696
3027,27.213,25.564,2.642
3028,26.788,25.702,2.551
3029,26.886,24.785,2.580
3030,26.388,25.452,2.567
3031,27.789,25.318,2.632
3032,26.901,25.449,2.682
3033,27.189,25.193,2.756
3034,27.186,24.523,2.668
3035,27.333,24.828,2.646
3036,26.814,25.797,2.735
3037,27.953,24.896,2.662
3038,27.419,25.659,2.523
3039,28.027,25.513,2.778
3040,28.366,25.077,2.857
3041,27.284,25.274,2.730
3042,26.798,25.241,2.664
3043,27.257,25.638,2.774
3044,28.087,25.115,2.619
3045,29.258,25.591,2.770
3046,28.156,25.153,2.615
3047,27.228,25.742,2.661
3048,28.363,26.250,2.888
3049,28.062,25.810,2.582
3050,27.993,26.484,2.565
3051,28.653,27.415,2.647
3052,28.360,27.267,2.753
3053,28.009,26.124,2.657
3054,27.548,26.229,3.047
3055,27.467,25.363,2.854
3056,27.398,25.676,2.766
3057,28.101,26.268,2.854
3058,29.592,25.865,2.789
3059,28.758,26.362,2.889
3060,27.530,24.804,2.608
3061,27.622,25.104,2.760
3062,28.160,25.754,2.567
3063,27.746,25.395,2.689
3064,28.473,26.963,2.619
3065,28.200,25.746,2.655
3066,27.305,25.531,2.662
3067,27.624,26.310,2.923
3068,27.607,25.460,2.496
3069,28.178,26.599,2.568
3070,29.476,26.511,2.675
3071,28.090,26.252,2.591
3072,29.022,26.257,2.724
3073,28.987,26.651,2.698
3074,28.447,26.658,2.928
3075,28.808,25.449,2.677
3076,29.020,25.189,2.751
3077,28.550,26.001,2.757
3078,28.467,25.804,3.032
3079,28.293,25.971,2.625
3080,28.723,26.145,2.752
3081,28.156,26.041,2.616
3082,28.416,26.477,2.631
3083,29.262,26.676,2.684
3084,29.569,26.950,2.771
3085,28.819,27.095,2.727
3086,30.845,27.326,2.547
3087,29.443,27.100,3.309
3088,28.657,25.600,2.690
3089,27.740,26.176,2.619
3090,29.393,27.883,2.538
3091,28.806,26.881,2.691
3092,29.312,26.863,2.612
3093,29.024,26.190,2.843
3094,28.186,26.481,2.657
3095,28.744,26.347,2.599
3096,27.253,25.500,2.807
3097,27.320,24.461,2.661
3098,29.081,25.532,2.676
3099,27.294,24.982,2.848
3100,27.988,26.107,2.673
3101,29.205,27.733,2.839
3102,29.148,27.144,2.671
3103,28.698,27.127,2.765
3104,29.110,27.823,2.709
3105,28.309,26.640,2.712
3106,28.092,26.435,2.671
3107,28.655,26.260,2.631
3108,28.276,26.551,2.720
3109,28.231,25.137,2.558
3110,29.481,27.232,2.832
3111,28.967,26.277,2.646
3112,29.077,26.154,2.550
3113,29.416,25.615,2.787
3114,29.514,25.020,2.651
3115,28.673,26.132,2.890
3116,28.164,25.677,2.604
3117,27.548,25.607,2.872
3118,28.342,25.983,2.638
3119,29.150,26.809,2.735
3120,30.412,28.015,2.622
3121,29.317,25.959,2.677
3122,28.689,26.049,2.753
3123,29.531,27.360,2.641
3124,29.064,26.824,2.635
3125,28.646,26.851,2.684
3126,28.988,26.804,2.580
3127,29.904,28.186,2.650
3128,29.857,27.116,2.832
3129,28.530,26.507,2.745
3130,29.532,27.631,2.739
3131,29.190,27.338,2.904
3132,29.242,27.369,2.673
3133,29.842,27.886,2.703
3134,28.667,27.462,2.684
3135,28.785,27.640,2.675
3136,30.245,28.274,2.901
3137,29.217,27.594,2.614
3138,29.331,27.210,2.602
3139,29.265,27.280,2.809
3140,29.347,26.901,2.651
3141,29.109,27.589,2.702
3142,29.008,27.445,2.928
3143,28.393,26.261,2.791
3144,28.272,26.498,2.622
3145,28.927,26.066,2.630
3146,28.231,25.939,2.734
3147,29.689,26.701,2.755
3148,28.571,26.964,2.634
3149,29.515,26.535,2.619
3150,28.724,26.196,2.616
3151,28.597,26.220,2.835
3152,27.755,25.884,2.617
3153,28.457,26.622,2.693
3154,28.485,25.989,2.968
3155,28.503,26.352,2.663
3156,28.437,25.918,2.578
3157,27.139,26.309,2.516
3158,27.856,26.136,2.732
3159,28.650,26.266,2.783
3160,29.379,26.525,2.680
3161,28.629,26.553,2.760
3162,28.417,26.383,2.639
3163,28.320,26.268,2.516
3164,29.334,26.882,2.659
3165,28.625,26.180,2.623
3166,28.305,27.263,2.677
3167,29.206,27.606,2.608
3168,30.182,28.240,2.738
3169,29.561,28.276,2.720
3170,27.736,26.361,2.710
3171,28.950,26.701,2.812
3172,28.696,27.265,2.563
3173,28.647,26.126,2.628
3174,28.460,26.057,2.672
3175,27.824,26.431,2.713
3176,28.324,25.901,2.687
3177,28.090,26.605,2.662
3178,28.898,27.333,2.578
3179,27.804,26.007,2.836
3180,29.725,27.843,2.609
3181,29.611,27.452,4.055
3182,29.569,28.035,2.737
3183,28.206,26.910,2.761
3184,28.301,26.133,2.678
3185,28.120,26.065,2.913
3186,30.762,27.285,2.741
3187,30.424,26.799,2.619
3188,30.613,25.917,2.514
3189,30.446,25.890,2.924
3190,28.381,25.219,2.790
3191,30.368,26.574,2.724
3192,31.118,27.153,2.721
3193,29.330,25.730,2.736
3194,28.360,26.081,2.623
3195,29.424,26.465,2.780
3196,28.567,26.463,2.691
3197,28.312,26.401,2.881
3198,29.675,26.342,2.868
3199,29.869,26.336,2.564
3200,28.558,26.817,2.680
3201,29.100,26.555,2.579
3202,29.078,26.809,2.740
3203,29.557,26.656,2.672
3204,29.269,26.658,2.753
3205,29.361,26.962,2.814
3206,29.285,27.239,2.668
3207,28.329,25.595,2.777
3208,28.961,26.011,2.681
3209,29.288,25.976,2.853
3210,30.129,26.081,2.618
3211,29.704,26.422,2.598
3212,28.115,26.781,2.867
3213,28.944,27.469,2.783
3214,28.409,27.071,2.726
3215,27.806,26.282,2.786
3216,28.108,26.594,2.824
3217,28.215,26.679,2.798
3218,28.632,27.026,2.634
3219,28.447,26.199,2.721
3220,28.070,27.172,2.747
3221,28.386,26.944,2.847
3222,29.265,26.375,2.644
3223,28.529,26.233,2.755
3224,28.130,26.246,2.710
3225,28.833,26.655,2.879
3226,27.851,26.170,2.664
3227,28.605,26.660,2.526
3228,28.887,26.420,2.861
3229,28.421,26.635,2.774
3230,30.861,26.037,2.550
3231,29.265,25.610,2.725
3232,27.371,25.326,2.715
3233,27.581,25.239,2.876
3234,28.807,26.120,2.557
3235,28.727,26.125,2.802
3236,29.343,26.579,2.688
3237,29.394,26.584,2.704
3238,28.957,26.480,3.051
3239,28.352,25.606,2.630
3240,28.107,26.389,2.720
3241,29.981,28.123,2.764
3242,28.599,26.429,2.633
3243,29.651,27.875,2.807
3244,28.303,26.893,2.827
3245,29.393,27.001,2.686
3246,29.274,27.790,2.749
3247,27.971,26.623,2.606
3248,28.971,26.192,2.637
3249,28.766,26.881,2.547
3250,28.464,26.459,2.821
3251,30.350,26.195,2.622
3252,28.476,26.776,2.636
3253,28.142,26.513,2.852
3254,28.854,26.261,2.635
3255,28.800,26.371,2.919
3256,29.188,26.895,2.584
3257,28.894,26.232,2.697
3258,27.465,25.427,2.588
3259,28.784,26.093,2.715
3260,28.844,26.789,2.718
3261,29.439,26.633,2.744
3262,31.579,26.562,2.779
3263,31.518,27.065,2.682
3264,30.972,25.132,2.688
3265,32.377,26.126,2.595
3266,31.167,26.354,2.804
3267,30.597,25.971,2.732
3268,30.887,26.237,2.785
3269,30.964,26.286,2.705
3270,30.191,25.767,2.668
3271,29.854,24.738,2.781
3272,30.442,25.520,2.709
3273,29.964,26.299,2.722
3274,29.284,25.710,2.634
3275,29.963,26.588,2.717
3276,29.207,26.017,2.734
3277,27.855,25.396,2.694
3278,27.869,26.668,2.700
3279,27.755,26.501,2.735
3280,28.588,27.120,2.698
3281,28.567,26.309,2.602
3282,28.704,26.165,2.797
3283,28.848,25.926,2.743
3284,28.202,25.905,2.707
3285,27.578,25.497,2.776
3286,28.247,25.867,2.542
3287,30.106,26.316,2.546
3288,28.056,26.002,2.792
3289,28.191,25.898,2.678
3290,28.014,26.021,2.671
3291,28.196,25.743,2.766
3292,27.518,25.509,2.717
3293,26.784,25.543,2.742
3294,27.685,25.781,2.660
3295,27.564,25.542,2.764
3296,28.966,25.583,2.686
3297,27.633,25.578,2.770
3298,27.264,25.618,2.687
3299,27.817,25.276,2.748
3300,27.169,25.684,2.755
3301,28.900,26.070,2.776
3302,27.891,25.886,2.553
3303,27.463,25.693,2.585
3304,27.369,25.961,2.739
3305,27.489,25.823,2.606
3306,30.075,25.626,2.593
3307,30.271,26.937,2.541
3308,28.708,26.066,2.543
3309,27.759,25.446,2.646
3310,27.803,26.426,2.641
3311,27.345,25.745,2.598
3312,27.500,26.437,2.714
3313,27.288,26.039,2.764
3314,27.717,26.124,2.548
3315,27.097,25.599,2.630
3316,27.999,26.014,2.628
3317,28.326,26.296,2.586
3318,27.747,25.169,2.845
3319,27.172,25.523,2.801
3320,26.870,24.917,2.648
3321,27.949,25.988,2.627
3322,30.055,26.131,2.704
3323,29.209,26.162,2.559
3324,27.685,25.653,2.769
3325,27.173,25.464,2.667
3326,26.874,25.253,2.551
3327,27.880,25.964,2.694
3328,28.584,26.569,2.539
3329,27.422,25.940,2.773
3330,26.859,24.995,2.581
3331,27.509,25.490,2.971
3332,27.792,25.677,2.714
3333,27.822,26.522,2.702
3334,27.300,26.256,2.823
3335,27.535,25.838,2.843
3336,28.068,26.227,2.605
3337,27.512,25.808,2.656
3338,28.031,26.814,2.701
3339,29.363,27.939,3.522
3340,28.122,26.907,2.618
3341,28.416,26.939,2.729
3342,28.397,26.007,2.640
3343,28.916,27.453,3.201
3344,28.091,26.465,2.706
3345,27.803,26.116,2.609
3346,28.724,27.027,2.599
3347,27.949,26.127,2.756
3348,27.943,25.925,2.600
3349,27.896,25.644,2.916
3350,27.964,25.796,2.572
3351,28.252,25.943,2.564
3352,28.269,25.067,2.741
3353,27.808,26.596,2.524
3354,28.413,26.708,2.623
3355,29.007,26.563,2.783
3356,28.803,26.571,2.598
3357,28.280,27.014,2.593
3358,27.540,25.666,2.665
3359,27.887,27.329,2.790
3360,28.077,25.887,2.722
3361,29.461,27.045,2.698
3362,28.191,26.142,2.581
3363,27.235,25.900,3.280
3364,27.957,25.240,2.640
3365,27.849,26.114,2.744
3366,28.190,25.957,2.687
3367,28.502,26.295,2.679
3368,27.908,26.781,2.583
3369,26.498,25.519,2.750
3370,27.302,25.269,2.506
3371,27.795,25.901,2.792
3372,27.855,25.997,2.571
3373,27.248,25.498,2.786
3374,27.750,25.953,2.636
3375,27.258,25.857,2.672
3376,27.259,25.677,2.685
3377,26.371,24.757,2.663
3378,27.449,26.597,2.567
3379,26.856,25.436,2.615
3380,27.543,25.618,2.586
3381,27.283,26.105,2.855
3382,27.574,26.381,2.831
3383,27.666,26.459,2.726
3384,28.092,26.008,2.718
3385,28.428,26.712,2.639
3386,28.474,26.730,2.861
3387,29.929,28.082,2.696
3388,30.711,28.383,2.639
3389,29.903,27.675,2.771
3390,29.421,27.661,2.632
3391,29.177,27.061,2.782
3392,29.294,27.141,2.721
3393,29.112,25.829,2.566
3394,28.641,26.592,2.895
3395,29.405,27.094,2.743
3396,29.887,27.472,2.716
3397,28.555,26.488,2.802
3398,30.539,27.696,2.634
3399,29.594,27.524,2.593
3400,30.208,27.723,2.730
3401,30.192,27.553,2.817
3402,30.236,27.737,2.608
3403,29.840,27.961,2.607
3404,30.050,27.878,2.643
3405,29.208,27.158,2.874
3406,29.149,26.232,2.679
3407,27.263,26.453,2.579
3408,29.796,26.777,2.698
3409,29.291,26.829,2.703
3410,28.954,26.854,2.628
3411,28.142,25.317,2.559
3412,28.253,26.532,2.625
3413,27.407,25.187,2.696
3414,28.067,26.428,2.828
3415,30.667,27.348,2.687
3416,29.277,27.533,2.916
3417,29.500,27.720,2.793
3418,29.595,26.696,2.628
3419,29.169,26.732,2.685
3420,28.540,25.939,2.593
3421,28.184,26.571,2.815
3422,29.922,27.815,2.671
3423,28.211,26.254,2.764
3424,28.665,26.375,2.544
3425,28.610,26.701,2.636
3426,27.787,25.750,2.667
3427,28.359,26.101,2.895
3428,28.196,26.666,2.621
3429,28.749,26.310,2.722
3430,29.128,27.030,2.849
3431,27.477,25.087,2.723
3432,27.507,25.509,2.626
3433,29.261,26.170,2.672
3434,29.892,25.748,2.864
3435,28.672,26.310,2.566
3436,28.967,26.769,2.730
3437,28.727,25.861,2.583
3438,27.533,25.131,2.928
3439,30.081,26.075,2.839
3440,31.171,25.447,2.642
3441,30.148,26.242,2.909
3442,29.355,25.782,2.773
3443,29.294,26.054,2.590
3444,30.394,25.813,2.780
3445,29.952,26.237,2.596
3446,29.461,25.033,2.787
3447,29.074,26.235,2.616
3448,28.211,26.577,2.642
3449,29.091,27.161,2.532
3450,30.618,27.835,2.718
3451,29.168,26.764,2.670
3452,30.164,26.644,2.699
3453,29.515,25.730,2.837
3454,30.799,27.371,2.695
3455,28.773,26.323,2.540
3456,27.348,25.661,2.952
3457,29.637,26.577,2.624
3458,29.114,26.379,2.615
3459,30.043,26.845,2.596
3460,27.936,25.484,2.669
3461,28.386,25.805,2.606
3462,28.286,25.606,2.763
3463,30.189,26.360,2.739
3464,28.638,26.975,2.618
3465,28.405,26.105,2.783
3466,29.641,26.544,2.541
3467,29.454,26.023,2.684
3468,27.953,25.637,2.703
3469,27.771,25.837,2.736
3470,28.929,26.511,2.701
3471,29.181,26.246,2.779
3472,29.847,26.633,2.920
3473,28.023,25.261,2.610
3474,28.927,26.075,2.598
3475,29.571,27.087,2.679
3476,29.293,27.264,2.656
3477,30.141,26.935,2.616
3478,30.335,27.686,2.762
3479,28.219,26.643,2.603
3480,29.252,27.707,2.636
3481,29.493,27.709,2.640
3482,28.674,27.345,2.730
3483,28.628,27.487,2.587
3484,28.982,26.707,2.670
3485,29.997,27.914,2.687
3486,29.492,27.572,2.638
3487,30.465,27.753,2.712
3488,30.106,27.692,2.585
3489,31.245,28.444,2.653
3490,30.549,28.651,2.555
3491,30.460,27.838,2.735
3492,29.785,27.725,2.580
3493,29.200,27.023,2.835
3494,29.069,26.284,2.990
3495,28.892,26.324,2.643
3496,29.577,26.988,2.886
3497,29.384,26.714,2.794
3498,29.494,27.446,3.529
3499,29.079,27.245,2.706
3500,28.841,26.273,2.637
3501,28.344,25.829,4.217
3502,28.769,26.221,2.737
3503,28.823,27.052,2.643
3504,28.881,25.194,2.720
3505,29.465,26.592,2.736
3506,29.656,26.803,2.729
3507,28.808,26.604,2.646
3508,28.957,26.505,2.804
3509,29.275,26.701,2.856
3510,30.174,27.640,2.646
3511,30.529,27.631,2.854
3512,31.060,27.850,2.745
3513,29.668,27.020,2.887
3514,27.962,26.101,2.539
3515,30.138,26.693,2.666
3516,29.774,25.884,2.724
3517,29.915,26.465,2.809
3518,27.773,25.821,2.691
3519,28.424,26.202,2.600
3520,28.869,27.822,2.817
3521,28.036,26.171,2.994
3522,29.065,25.639,2.835
3523,29.387,26.690,2.704
3524,30.221,26.811,2.688
3525,29.748,26.699,2.821
3526,28.743,26.318,2.677
3527,29.610,27.083,2.686
3528,28.892,26.014,2.700
3529,29.365,26.384,2.688
3530,28.966,26.130,2.598
3531,29.917,28.154,2.803
3532,29.110,26.056,2.672
3533,28.385,26.815,2.692
3534,29.495,27.847,2.675
3535,29.616,28.439,2.849
3536,29.146,27.000,2.717
3537,28.907,26.882,2.596
3538,28.411,25.875,2.638
3539,29.445,27.184,2.761
3540,28.367,25.978,2.699
3541,30.210,25.414,2.659
3542,29.433,26.526,2.596
3543,30.591,26.228,2.689
3544,30.026,26.273,2.900
3545,30.228,26.194,2.640
3546,31.742,25.843,2.624
3547,31.307,26.804,2.661
3548,29.245,25.532,2.689
3549,29.937,26.380,2.739
3550,30.763,25.847,2.829
3551,31.169,27.167,2.798
3552,31.720,26.829,2.645
3553,31.501,27.754,2.724
3554,31.745,27.357,2.734
3555,32.193,27.760,2.721
3556,32.004,27.394,2.823
3557,33.205,28.175,2.740
3558,32.259,28.311,2.703
3559,30.989,27.688,2.644
3560,32.542,26.871,2.737
3561,32.247,27.799,2.863
3562,31.521,27.445,2.578
3563,31.075,27.402,2.801
3564,32.973,28.397,2.594
3565,31.888,28.979,2.867
3566,32.233,27.934,2.674
3567,32.449,27.810,2.748
3568,32.681,27.648,2.711
3569,31.161,27.559,2.665
3570,32.204,28.298,2.842
3571,32.759,28.521,2.648
3572,31.298,26.610,2.903
3573,30.532,25.899,2.790
3574,31.211,27.486,2.906
3575,29.951,25.631,2.881
3576,30.338,26.827,2.656
3577,31.504,27.147,2.892
3578,32.325,27.594,2.643
3579,31.363,27.284,2.603
3580,31.329,27.288,2.644
3581,31.416,26.921,2.701
3582,29.516,27.060,2.682
3583,28.669,27.875,2.879
3584,28.407,26.899,2.726
3585,30.746,27.527,2.543
3586,29.036,26.969,2.789
3587,29.652,27.417,2.657
3588,30.085,27.549,2.706
3589,28.611,26.695,2.649
3590,27.825,27.817,2.586
3591,29.008,27.407,2.678
3592,28.600,27.895,3.017
3593,30.535,28.514,2.741
3594,29.163,27.383,2.843
3595,30.369,28.147,2.626
3596,28.482,25.953,2.745
3597,29.422,27.839,2.660
3598,29.437,27.712,2.618
3599,29.215,27.448,2.840
3600,30.112,28.030,2.666
3601,28.067,26.793,3.385
3602,29.113,27.700,2.737
3603,29.659,27.408,2.801
3604,29.928,27.307,2.571
3605,29.271,27.557,2.854
3606,28.502,27.448,2.529
3607,29.229,27.480,2.701
3608,29.263,27.435,2.713
3609,29.626,27.845,2.690
3610,30.632,29.011,2.623
3611,31.148,28.937,2.630
3612,30.634,28.175,2.581
3613,28.524,27.189,2.674
3614,29.210,27.554,2.562
3615,29.242,27.165,2.604
3616,29.354,27.610,2.697
3617,29.702,26.239,2.661
3618,29.709,27.162,2.610
3619,29.505,27.745,2.605
3620,29.589,27.448,2.733
3621,30.715,27.750,2.755
3622,29.521,27.760,2.530
3623,30.178,27.218,2.877
3624,30.034,28.510,2.848
3625,30.309,28.135,2.707
3626,29.921,27.450,2.543
3627,30.701,27.501,2.657
3628,29.333,27.209,2.592
3629,29.479,27.163,2.650
3630,30.230,28.050,2.561
3631,29.623,28.476,2.572
3632,29.650,27.885,2.627
3633,29.240,28.043,2.601
3634,29.545,27.647,2.704
3635,29.202,27.767,2.594
3636,29.223,27.064,2.768
3637,29.746,27.464,2.583
3638,29.425,28.211,2.791
3639,27.825,26.988,2.766
3640,29.465,27.969,2.813
3641,29.390,28.011,2.712
3642,29.040,26.726,2.694
3643,29.579,27.863,2.753
3644,28.274,27.607,2.824
3645,28.764,28.267,2.727
3646,29.234,27.515,2.643
3647,29.671,27.551,2.600
3648,30.340,28.701,2.701
3649,29.064,27.480,2.665
3650,29.197,27.634,2.588
3651,30.195,28.548,2.821
3652,30.299,28.602,2.634
3653,29.061,27.138,2.811
3654,30.522,28.869,2.788
3655,29.631,28.094,2.819
3656,29.815,27.791,2.747
3657,28.641,26.802,2.815
3658,29.927,27.822,2.841
3659,30.329,28.345,2.840
3660,30.278,29.473,2.718
3661,30.425,28.492,2.732
3662,30.711,29.063,2.676
3663,30.128,27.999,2.735
3664,30.116,28.227,2.777
3665,30.028,28.538,2.743
3666,30.447,28.377,2.629
3667,30.255,28.051,2.835
3668,30.179,28.875,2.622
3669,29.487,28.450,2.536
3670,30.266,27.946,2.644
3671,28.856,26.751,2.662
3672,29.230,27.082,2.760
3673,29.105,27.291,2.778
3674,29.579,26.611,2.577
3675,29.085,26.071,2.616
3676,29.890,27.138,2.571
3677,30.030,28.352,2.657
3678,29.589,27.152,2.488
3679,29.818,27.563,2.628
3680,29.530,27.629,2.735
3681,28.598,26.309,2.780
3682,28.163,26.017,2.787
3683,29.781,27.780,2.630
3684,28.524,26.479,2.466
3685,29.920,27.693,2.605
3686,30.025,27.573,2.678
3687,28.326,27.342,2.694
3688,28.366,26.286,2.629
3689,28.687,26.837,2.798
3690,27.636,25.501,2.909
3691,28.050,26.729,2.646
3692,29.237,26.898,2.546
3693,27.920,25.709,2.685
3694,26.943,25.119,2.740
3695,27.970,25.316,2.731
3696,28.774,26.222,2.899
3697,27.864,25.762,2.702
3698,29.302,27.861,2.682
3699,29.209,27.081,2.625
3700,29.266,26.967,2.670
3701,30.065,28.673,4.160
3702,29.388,28.040,4.457
3703,28.494,27.160,5.059
3704,29.060,27.750,4.188
3705,30.639,28.271,4.498
3706,29.724,27.196,4.417
3707,29.166,27.933,4.597
3708,30.205,29.210,7.202
3709,29.336,27.411,4.311
3710,29.084,27.300,4.516
3711,28.443,27.270,4.391
3712,29.707,27.406,4.953
3713,29.832,28.565,7.594
3714,29.062,28.331,9.132
3715,28.881,28.909,10.523
3716,28.053,28.812,9.445
3717,29.890,29.407,6.648
3718,28.627,28.793,9.299
3719,29.152,28.822,6.912
3720,29.406,28.803,7.574
3721,29.130,27.726,7.385
3722,28.152,27.366,7.672
3723,28.187,27.329,7.190
3724,29.119,28.136,7.134
3725,29.742,28.303,7.199
3726,30.285,28.625,5.458
3727,30.569,29.181,4.785
3728,29.956,28.998,5.366
3729,29.667,28.339,5.234
3730,29.638,27.747,4.848
3731,30.011,29.951,7.265
3732,31.069,30.072,8.705
3733,30.376,29.615,6.981
3734,29.823,28.530,5.822
3735,29.377,28.421,4.678
3736,30.281,27.538,2.593
3737,29.796,27.805,2.630
3738,31.017,28.179,2.757
3739,29.960,27.706,2.539
3740,30.279,28.676,2.614
3741,30.319,28.687,2.660
3742,30.588,28.548,3.006
3743,30.308,28.214,2.824
3744,29.671,28.070,2.733
3745,29.841,28.433,2.937
3746,29.732,28.294,2.504
3747,29.654,27.623,2.530
3748,29.594,27.070,2.991
3749,30.042,28.377,2.584
3750,29.886,27.895,2.701
3751,30.660,28.064,2.671
3752,30.483,28.423,2.784
3753,30.203,28.266,2.761
3754,30.924,29.111,2.790
3755,30.369,28.412,2.738
3756,30.836,28.885,3.145
3757,29.598,28.302,2.636
3758,30.217,28.853,3.387
3759,30.831,29.130,2.702
3760,30.323,28.572,3.428
3761,29.900,28.002,2.539
3762,29.738,28.500,2.590
3763,30.154,28.559,2.643
3764,30.327,29.158,2.629
3765,30.515,28.875,2.648
3766,29.677,28.167,3.167
3767,30.825,29.182,3.571
3768,31.299,28.778,2.688
3769,30.981,28.912,2.874
3770,30.684,28.776,2.856
3771,30.478,29.512,2.597
3772,30.044,28.600,2.783
3773,30.477,28.797,2.627
3774,29.801,28.322,2.561
3775,30.176,28.553,2.728
3776,30.038,28.164,2.614
3777,29.135,27.267,2.689
3778,30.816,28.365,2.583
3779,29.991,28.209,2.610
3780,30.829,28.953,2.766
3781,30.359,28.463,2.591
3782,30.419,28.165,2.568
3783,30.539,28.503,2.830
3784,29.662,28.777,2.739
3785,29.965,28.644,2.628
3786,31.081,29.387,2.644
3787,29.980,29.526,2.926
3788,30.161,28.672,2.652
3789,29.797,29.078,2.689
3790,29.702,27.581,2.848
3791,31.098,29.016,2.765
3792,31.064,29.168,2.626
3793,30.783,28.706,4.536
3794,30.408,28.441,4.933
3795,30.902,29.402,5.085
3796,30.717,29.937,7.439
3797,30.120,29.711,5.250
3798,30.042,28.592,4.957
3799,28.926,27.161,5.442
3800,29.681,28.010,4.905
3801,29.194,28.301,5.311
3802,29.612,28.972,4.710
3803,30.821,29.073,4.950
3804,30.737,28.569,4.207
3805,30.330,28.656,3.562
3806,31.754,29.180,2.532
3807,31.489,28.986,2.643
3808,30.581,28.145,2.623
3809,31.040,28.996,2.677
3810,31.255,28.693,2.829
3811,30.877,29.008,2.596
3812,30.248,28.549,2.636
3813,30.932,29.144,2.704
3814,31.391,29.156,2.752
3815,31.536,28.459,2.853
3816,31.064,28.352,2.741
3817,30.460,27.973,2.739
3818,30.404,28.466,2.818
3819,28.958,27.779,4.486
3820,28.939,27.473,4.053
3821,30.190,29.325,4.931
3822,30.421,28.561,4.726
3823,29.770,29.924,4.750
3824,30.164,28.517,2.572
3825,30.932,29.187,2.610
3826,29.106,27.117,2.720
3827,29.290,28.347,6.224
3828,27.540,26.910,5.464
3829,29.910,28.013,4.824
3830,28.776,27.513,5.192
3831,28.621,27.649,6.117
3832,28.186,25.868,5.161
3833,29.489,27.567,4.964
3834,29.799,28.594,2.631
3835,30.183,27.736,2.542
3836,30.325,28.451,2.754
3837,29.803,27.687,2.567
3838,30.106,27.966,2.672
3839,29.748,28.029,2.707
3840,31.184,28.941,2.582
3841,30.223,27.903,2.627
3842,29.833,28.064,2.872
3843,30.308,29.419,2.671
3844,30.238,28.889,2.690
3845,31.096,29.347,2.805
3846,30.096,29.271,2.724
3847,29.759,28.050,2.781
3848,29.959,28.504,2.616
3849,29.964,29.290,2.682
3850,30.488,28.927,2.681
3851,31.493,28.863,2.626
3852,29.076,28.246,2.756
3853,29.981,28.109,2.658
3854,30.797,28.614,2.536
3855,29.894,28.013,2.800
3856,30.509,29.002,2.679
3857,31.296,28.933,2.636
3858,30.107,28.272,2.565
3859,30.595,28.868,2.657
3860,30.608,28.652,2.665
3861,31.033,29.142,2.614
3862,29.916,28.276,2.846
3863,30.334,28.893,2.618
3864,30.773,28.876,2.812
3865,31.154,30.201,2.700
3866,32.209,30.178,2.826
3867,30.323,28.128,2.640
3868,31.135,29.119,2.760
3869,30.535,28.822,3.065
3870,30.716,29.079,2.724
3871,30.686,29.093,2.734
3872,30.628,28.752,2.596
3873,30.788,28.342,2.573
3874,31.401,29.150,2.692
3875,30.846,28.620,2.648
3876,30.013,27.950,3.418
3877,30.788,28.953,2.543
3878,31.111,29.218,2.790
3879,30.569,28.923,2.766
3880,30.392,28.203,2.657
3881,29.471,26.812,2.790
3882,30.057,28.071,2.577
3883,30.587,28.389,2.614
3884,30.808,28.309,2.877
3885,31.022,29.051,2.809
3886,29.054,27.332,2.635
3887,29.125,28.473,2.842
3888,30.235,28.839,2.750
3889,30.161,27.870,2.615
3890,31.206,28.718,2.679
3891,29.847,28.662,2.580
3892,30.146,27.952,2.730
3893,30.170,27.831,2.685
3894,30.508,28.079,2.589
3895,30.256,28.219,2.709
3896,30.380,28.982,2.657
3897,29.673,27.698,2.726
3898,29.240,27.536,3.025
3899,30.891,29.253,2.690
3900,29.449,27.637,2.704
3901,30.572,28.954,2.745
3902,30.312,29.305,2.664
3903,30.018,28.902,2.536
3904,30.304,27.950,2.755
3905,30.317,28.239,2.660
3906,31.067,29.031,2.821
3907,31.080,29.300,2.834
3908,30.697,28.265,2.764
3909,30.786,28.452,2.569
3910,30.842,28.577,2.889
3911,30.092,28.926,2.667
3912,30.093,28.383,2.890
3913,30.268,28.077,2.617
3914,30.004,28.634,2.685
3915,30.187,28.543,2.756
3916,29.385,28.433,2.696
3917,30.507,28.855,2.557
3918,30.829,28.622,2.633
3919,30.828,28.701,2.717
3920,31.329,29.360,2.643
3921,31.096,28.451,2.581
3922,31.013,28.131,2.676
3923,31.392,28.890,2.685
3924,29.133,27.534,2.615
3925,31.387,29.164,3.013
3926,30.086,28.428,2.689
3927,30.834,28.654,2.624
3928,29.801,28.177,2.641
3929,30.319,27.736,2.950
3930,29.887,27.777,2.604
3931,31.203,28.081,2.745
3932,30.573,28.910,2.627
3933,29.962,28.570,2.733
3934,30.403,28.128,2.697
3935,30.953,27.343,2.685
3936,30.049,27.597,2.648
3937,31.214,28.364,2.724
3938,30.986,28.039,2.869
3939,30.543,27.463,2.613
3940,30.652,27.822,2.602
3941,30.433,28.649,2.560
3942,31.168,28.547,2.817
3943,30.183,27.765,2.899
3944,30.621,28.267,2.763
3945,30.853,28.453,2.820
3946,31.208,28.953,2.823
3947,29.117,27.832,2.761
3948,28.686,27.075,2.687
3949,29.568,27.962,2.546
3950,29.659,28.345,2.683
3951,29.746,28.002,2.822
3952,30.348,28.176,2.791
3953,30.497,29.011,2.748
3954,30.273,29.261,2.682
3955,29.960,28.709,2.670
3956,29.817,28.575,2.765
3957,29.137,27.948,2.895
3958,30.013,27.277,2.804
3959,30.421,27.736,2.724
3960,30.120,27.881,2.784
3961,29.361,28.003,2.676
3962,29.105,27.706,2.646
3963,30.454,29.105,2.639
3964,29.229,27.391,2.699
3965,28.969,27.496,2.721
3966,29.462,27.800,2.622
3967,28.476,27.223,2.617
3968,29.193,27.084,2.570
3969,29.002,27.407,2.780
3970,29.795,26.988,2.661
3971,29.386,27.668,2.711
3972,28.937,27.351,2.686
3973,29.321,27.474,2.629
3974,30.396,28.640,2.652
3975,30.091,28.072,2.601
3976,29.629,27.755,2.608
3977,29.503,27.007,2.844
3978,28.889,28.196,2.783
3979,29.448,28.072,2.893
3980,30.426,28.208,2.759
3981,29.095,27.733,2.564
3982,29.492,27.648,2.647
3983,28.772,27.596,2.793
3984,29.884,27.463,2.651
3985,29.684,27.554,2.871
3986,28.002,26.867,2.739
3987,30.119,28.723,2.704
3988,29.651,28.151,2.591
3989,29.198,27.153,2.691
3990,28.777,27.114,2.731
3991,29.154,26.967,2.644
3992,29.986,27.274,2.843
3993,29.479,27.343,2.625
3994,30.383,28.203,2.584
3995,30.757,28.351,2.707
3996,31.216,28.407,2.647
3997,29.370,27.952,2.729
3998,29.677,27.722,2.640
3999,29.143,26.909,2.655
4000,29.936,27.345,2.678
4001,29.132,27.268,2.810
4002,30.143,28.080,2.851
4003,30.151,27.268,2.624
4004,29.615,27.160,2.707
4005,30.056,27.484,2.668
4006,29.629,26.854,2.963
4007,30.016,27.415,2.652
4008,31.202,28.010,2.711
4009,30.412,28.782,2.622
4010,29.896,27.524,2.652
4011,30.237,28.285,2.784
4012,31.290,28.404,2.698
4013,31.058,28.765,2.546
4014,30.291,27.866,2.702
4015,31.322,28.534,2.849
4016,30.851,28.532,2.744
4017,30.521,28.366,2.900
4018,28.881,27.324,2.669
4019,31.352,29.952,2.563
4020,30.194,28.331,2.695
4021,30.034,27.686,2.855
4022,29.072,27.475,2.725
4023,29.180,27.794,2.621
4024,30.895,28.679,2.744
4025,30.074,28.783,2.747
4026,29.224,28.263,2.740
4027,30.631,28.787,2.766
4028,30.914,28.709,2.729
4029,30.987,28.178,2.747
4030,30.402,29.048,2.747
4031,29.457,28.084,2.606
4032,30.169,28.838,2.713
4033,30.448,28.694,2.575
4034,29.748,27.974,2.745
4035,30.323,28.554,2.727
4036,31.113,28.974,2.653
4037,30.399,28.835,2.632
4038,30.049,27.829,2.784
4039,30.694,28.647,2.956
4040,30.388,28.478,2.528
4041,30.331,28.566,2.624
4042,30.409,27.628,2.855
4043,31.730,29.042,2.805
4044,29.963,28.030,2.676
4045,30.528,28.292,2.752
4046,29.370,27.733,2.648
4047,30.187,27.989,2.605
4048,29.607,27.982,2.720
4049,28.624,27.841,2.729
4050,30.649,27.963,2.584
4051,30.261,28.251,2.644
4052,29.735,27.681,2.703
4053,30.259,28.057,2.552
4054,30.200,28.323,2.819
4055,29.332,28.243,2.722
4056,29.580,28.007,2.691
4057,29.702,28.354,2.580
4058,30.799,29.335,2.597
4059,30.105,28.754,2.640
4060,31.674,29.463,2.680
4061,31.531,29.815,2.687
4062,31.349,29.010,2.686
4063,30.952,29.234,2.687
4064,30.523,28.961,2.706
4065,30.266,28.693,2.604
4066,31.345,29.801,2.700
4067,31.539,28.986,2.577
4068,30.989,29.451,2.595
4069,31.223,28.753,2.691
4070,31.473,29.318,2.669
4071,30.691,29.032,2.597
4072,30.212,28.895,3.145
4073,31.498,29.313,2.960
4074,31.242,29.521,2.600
4075,31.820,30.289,2.805
4076,30.972,28.968,2.802
4077,30.141,28.524,2.579
4078,31.264,29.585,2.840
4079,29.793,29.218,2.683
4080,31.570,29.970,4.314
4081,30.220,29.098,4.838
4082,31.976,30.572,4.627
4083,31.181,29.381,4.611
4084,32.163,30.683,4.620
4085,30.616,29.133,4.997
4086,31.196,29.162,3.589
4087,31.555,29.729,4.084
4088,32.812,28.727,2.815
4089,29.723,29.400,2.666
4090,30.859,28.440,2.715
4091,32.085,29.219,2.611
4092,30.531,28.620,2.702
4093,31.097,29.207,2.657
4094,31.205,30.106,2.635
4095,28.412,27.512,5.074
4096,29.310,27.596,4.728
4097,29.809,28.589,4.326
4098,29.147,27.768,4.953
4099,30.919,29.848,5.129
4100,30.439,29.141,7.222
4101,29.080,28.385,7.415
4102,27.886,27.462,7.998
4103,30.661,29.117,5.987
4104,30.541,29.322,5.576
4105,31.173,30.039,5.642
4106,31.925,30.985,5.353
4107,30.176,29.739,5.162
4108,30.372,28.934,5.100
4109,31.642,30.527,5.380
4110,30.947,29.972,7.713
4111,31.173,29.825,5.854
4112,31.514,30.399,7.813
4113,31.137,31.039,6.514
4114,30.841,29.919,6.420
4115,29.372,28.991,5.161
4116,31.761,30.500,4.524
4117,30.666,30.227,6.758
4118,30.549,29.075,5.767
4119,27.985,27.649,8.461
4120,32.271,28.691,8.213
4121,30.096,27.827,10.263
4122,29.683,26.329,10.211
4123,30.093,26.723,10.668
4124,29.424,27.769,10.488
4125,30.741,27.420,10.024
4126,29.901,26.588,10.694
4127,29.427,27.223,10.970
4128,29.666,27.633,10.343
4129,30.085,28.229,9.991
4130,31.419,28.472,12.028
4131,31.912,29.579,11.646
4132,32.792,30.558,9.638
4133,33.315,30.479,8.592
4134,32.684,29.894,9.400
4135,33.199,30.794,10.529
4136,32.313,30.038,12.112
4137,32.181,29.921,11.007
4138,31.394,28.921,11.286
4139,32.261,29.886,11.115
4140,31.061,29.259,10.333
4141,29.293,29.411,11.526
4142,28.845,28.698,10.392
4143,30.134,29.290,9.934
4144,29.927,29.419,9.469
4145,29.485,29.018,8.457
4146,27.246,27.268,10.281
4147,28.661,28.456,9.847
4148,28.867,28.191,8.630
4149,28.837,28.691,9.826
4150,28.382,28.387,9.809
4151,27.799,27.465,10.820
4152,27.866,28.167,10.518
4153,27.906,27.417,10.311
4154,28.340,28.389,10.248
4155,27.500,27.550,10.745
4156,28.250,28.003,12.366
4157,29.231,28.135,10.275
4158,30.069,29.497,9.504
4159,30.267,29.991,10.517
4160,29.384,30.105,10.181
4161,30.915,30.577,9.760
4162,29.237,28.866,9.186
4163,29.828,29.830,9.462
4164,29.899,28.378,9.328
4165,27.871,28.068,10.982
4166,29.222,28.414,10.184
4167,29.234,28.974,11.362
4168,30.299,29.030,10.675
4169,29.497,28.608,10.594
4170,28.623,27.335,11.174
4171,28.706,28.708,11.582
4172,29.219,28.265,11.399
4173,29.705,28.340,11.520
4174,29.132,29.089,11.886
4175,28.118,28.168,11.054
4176,29.450,28.301,11.006
4177,27.614,27.818,10.054
4178,26.852,26.335,11.422
4179,27.065,27.335,12.045
4180,27.360,26.717,11.452
4181,27.315,26.848,11.214
4182,27.111,27.300,11.417
4183,27.959,28.416,11.116
4184,29.230,28.864,11.800
4185,26.879,26.946,11.610
4186,28.122,28.101,11.865
4187,27.450,27.988,12.505
4188,26.482,26.323,12.545
4189,26.492,25.972,11.516
4190,26.776,26.240,12.744
4191,26.748,26.741,11.634
4192,27.721,27.820,12.055
4193,26.387,26.531,13.080
4194,26.244,26.824,12.584
4195,26.685,26.412,10.811
4196,27.405,27.748,11.262
4197,26.901,26.769,10.936
4198,27.858,26.372,11.393
4199,27.906,27.390,11.083
4200,29.386,27.222,10.785
4201,27.092,27.082,11.302
4202,26.949,27.056,11.187
4203,28.277,27.770,10.139
4204,26.644,26.959,11.534
4205,27.267,26.890,11.100
4206,26.461,27.300,11.524
4207,30.113,27.992,10.812
4208,28.509,28.503,9.831
4209,25.680,26.129,11.764
4210,26.409,26.252,13.784
4211,27.502,26.073,11.893
4212,27.203,25.571,12.706
4213,29.582,27.330,11.617
4214,28.085,27.024,10.435
4215,29.722,26.465,10.792
4216,30.468,26.804,10.847
4217,31.367,27.332,10.112
4218,31.768,28.535,9.797
4219,31.137,28.561,9.705
4220,30.625,27.686,9.898
4221,30.808,27.024,9.680
4222,30.954,27.584,9.629
4223,30.184,28.393,9.562
4224,27.675,27.264,11.126
4225,27.535,27.513,10.839
4226,28.366,26.864,10.330
4227,27.702,27.270,9.559
4228,28.474,27.664,9.651
4229,29.354,28.227,9.463
4230,28.418,27.597,10.630
4231,30.200,29.316,8.864
4232,30.317,29.628,9.397
4233,30.466,29.546,8.833
4234,31.491,30.118,8.668
4235,31.117,29.752,8.568
4236,30.957,29.545,8.883
4237,31.780,29.772,9.026
4238,31.126,30.294,8.984
4239,31.224,29.936,8.251
4240,31.580,30.139,8.791
4241,30.952,30.300,8.534
4242,31.504,30.718,8.761
4243,32.475,31.001,8.991
4244,31.612,30.262,8.850
4245,31.009,29.846,8.771
4246,29.193,28.550,9.159
4247,31.819,29.456,9.327
4248,31.377,29.401,9.607
4249,30.425,28.626,9.132
4250,32.040,27.923,9.617
4251,31.165,28.709,9.090
4252,31.704,29.354,9.695
4253,31.332,28.751,9.694
4254,30.171,28.153,10.094
4255,30.729,27.959,9.151
4256,28.800,27.759,9.358
4257,29.295,28.554,9.979
4258,30.699,29.251,9.906
4259,30.127,29.198,8.693
4260,30.220,29.103,9.419
4261,30.331,29.480,9.430
4262,31.635,31.253,9.455
4263,31.303,30.099,9.480
4264,28.248,27.525,10.115
4265,30.325,29.744,9.414
4266,30.124,28.962,9.449
4267,29.602,28.961,9.471
4268,28.513,28.757,9.677
4269,28.660,27.993,9.849
4270,30.061,29.446,10.017
4271,30.566,29.609,9.516
4272,30.822,29.983,9.767
4273,28.592,28.514,10.526
4274,30.395,29.431,10.208
4275,28.363,28.368,11.344
4276,28.884,28.578,10.559
4277,28.966,27.741,9.559
4278,29.484,28.628,9.946
4279,29.390,28.332,10.137
4280,31.111,29.130,9.924
4281,29.313,28.328,10.802
4282,29.111,28.442,10.983
4283,27.604,27.493,10.618
4284,28.219,27.921,12.271
4285,27.485,27.296,11.270
4286,29.956,29.848,11.291
4287,30.567,29.295,9.810
4288,28.333,27.756,11.768
4289,28.772,28.438,10.047
4290,30.741,30.175,10.319
4291,30.110,29.388,8.941
4292,30.073,29.183,10.148
4293,29.254,28.632,9.433
4294,30.614,29.683,8.475
4295,28.447,27.834,9.575
4296,31.106,29.787,10.032
4297,31.324,30.040,9.502
4298,31.842,30.773,9.664
4299,29.934,29.169,10.188
4300,29.437,28.616,11.654
4301,31.110,29.288,7.232
4302,29.485,28.116,8.306
4303,28.974,28.424,9.360
4304,30.021,28.288,8.383
4305,29.810,28.491,8.482
4306,30.817,29.355,7.759
4307,31.100,29.549,8.829
4308,30.042,29.355,9.372
4309,30.353,30.025,9.601
4310,30.775,29.938,9.416
4311,31.165,29.339,8.593
4312,31.278,29.704,7.452
4313,32.786,29.601,8.032
4314,30.379,29.442,7.910
4315,30.885,29.663,8.500
4316,30.961,29.625,9.168
4317,30.196,29.705,8.087
4318,28.777,28.402,10.176
4319,29.783,29.637,9.576
4320,29.638,29.334,10.512
4321,29.633,29.200,11.020
4322,27.627,27.384,11.134
4323,27.366,27.207,10.556
4324,27.645,27.674,11.828
4325,28.309,27.990,11.543
4326,26.772,27.514,12.734
4327,28.614,28.732,11.686
4328,27.775,27.627,11.303
4329,31.385,30.644,11.616
4330,29.102,28.720,12.270
4331,27.187,27.277,12.752
4332,26.997,27.145,13.517
4333,28.902,28.271,12.589
4334,29.801,28.849,13.107
4335,28.650,28.822,11.789
4336,28.314,28.357,12.946
4337,26.402,26.281,12.928
4338,28.762,28.444,12.041
4339,26.966,26.898,12.271
4340,27.645,27.516,13.044
4341,26.692,27.012,11.212
4342,29.283,29.355,11.815
4343,29.355,29.222,12.872
4344,27.816,27.553,13.312
4345,28.902,28.971,11.533
4346,29.035,29.699,11.080
4347,29.085,29.126,10.598
4348,28.606,28.750,9.835
4349,28.433,27.617,9.915
4350,29.414,28.560,10.155
4351,29.313,28.587,10.736
4352,31.647,28.462,10.124
4353,30.770,28.290,11.038
4354,32.149,29.218,10.850
4355,29.993,29.926,11.122
4356,29.537,28.769,11.604
4357,28.902,28.531,10.716
4358,26.170,26.480,11.880
4359,24.492,24.793,15.836
4360,26.181,26.400,13.233
4361,26.550,25.863,13.233
4362,30.018,29.105,11.258
4363,29.199,29.030,13.767
4364,29.067,28.433,12.991
4365,26.845,26.384,12.985
4366,28.387,28.880,12.446
4367,28.336,28.449,11.717
4368,28.870,28.640,11.269
4369,29.239,28.338,10.812
4370,28.649,28.726,10.288
4371,28.450,28.282,11.698
4372,28.838,28.750,10.701
4373,28.840,29.265,11.350
4374,28.441,27.961,11.134
4375,29.835,29.534,10.128
4376,28.688,28.268,10.229
4377,27.699,28.689,11.270
4378,28.426,28.578,10.469
4379,29.198,28.601,10.458
4380,29.997,29.103,10.025
4381,29.044,29.558,10.087
4382,29.853,30.011,10.332
4383,30.112,29.425,10.169
4384,28.827,29.620,10.097
4385,30.589,29.397,10.303
4386,30.267,29.159,10.380
4387,29.122,28.591,10.394
4388,28.436,28.627,10.253
4389,29.994,29.348,10.083
4390,29.718,28.721,9.973
4391,29.965,29.567,10.926
4392,29.346,29.534,10.397
4393,28.754,29.199,10.462
4394,29.613,29.193,11.315
4395,28.485,28.156,10.844
4396,27.840,27.751,10.048
4397,28.240,28.012,10.699
4398,28.627,28.464,10.843
4399,29.858,28.898,9.736
4400,28.636,28.436,10.324
4401,29.701,29.007,8.871
4402,30.286,29.820,9.369
4403,29.497,28.701,9.132
4404,28.813,28.674,10.025
4405,30.482,29.820,9.459
4406,29.339,28.785,9.282
4407,28.328,28.685,9.328
4408,28.335,28.531,9.489
4409,29.083,28.205,9.429
4410,28.897,28.100,8.690
4411,29.816,29.905,9.204
4412,29.270,28.751,9.105
4413,29.647,28.814,9.481
4414,29.988,29.101,7.800
4415,27.747,28.083,9.204
4416,27.012,26.890,9.633
4417,28.100,27.944,10.169
4418,28.280,27.854,10.406
4419,29.296,27.415,9.757
4420,28.930,28.038,9.009
4421,29.525,28.003,9.418
4422,29.122,28.079,9.467
4423,30.658,28.704,9.747
4424,29.523,28.033,11.020
4425,28.650,28.210,11.006
4426,29.315,28.154,9.053
4427,28.097,27.419,9.861
4428,28.264,27.674,9.898
4429,32.492,27.788,9.235
4430,31.930,27.765,9.466
4431,31.708,27.900,8.951
4432,32.042,28.349,8.907
4433,31.836,28.060,8.231
4434,30.472,27.971,8.855
4435,30.074,27.469,8.882
4436,31.499,27.814,9.280
4437,29.938,28.729,9.356
4438,32.474,28.393,9.021
4439,32.801,28.665,8.476
4440,32.404,28.310,8.708
4441,32.352,28.905,8.806
4442,32.802,28.330,8.285
4443,31.802,28.301,8.641
4444,31.474,28.118,8.483
4445,31.533,29.047,9.252
4446,31.208,27.959,9.143
4447,31.287,28.154,9.572
4448,31.672,28.339,8.527
4449,31.172,28.042,8.659
4450,30.784,27.548,8.571
4451,30.975,28.272,9.554
4452,32.641,28.544,7.584
4453,32.313,29.019,8.419
4454,31.341,28.441,8.884
4455,30.989,27.824,9.507
4456,31.373,28.015,9.022
4457,31.948,27.926,9.103
4458,31.569,28.311,9.993
4459,30.904,27.142,9.819
4460,30.942,28.113,9.533
4461,30.225,27.631,10.199
4462,28.765,28.328,9.039
4463,29.097,28.726,8.175
4464,29.385,28.302,9.223
4465,29.074,28.328,8.974
4466,28.929,27.785,9.400
4467,29.301,28.410,8.460
4468,29.006,27.342,9.446
4469,28.942,27.985,9.927
4470,28.428,27.552,9.560
4471,29.636,28.222,8.195
4472,29.387,27.758,8.872
4473,28.848,27.655,9.713
4474,30.465,29.188,10.367
4475,29.663,28.943,9.655
4476,28.724,28.372,8.783
4477,29.433,28.036,9.393
4478,29.952,28.803,8.184
4479,29.725,28.055,9.517
4480,28.434,28.026,9.543
4481,27.912,27.612,9.052
4482,29.364,28.510,9.072
4483,28.404,27.528,9.450
4484,28.755,27.771,10.713
4485,28.521,27.948,10.219
4486,29.647,29.289,9.548
4487,29.729,29.070,9.758
4488,27.495,27.948,10.533
4489,29.965,29.033,9.817
4490,28.991,28.544,8.668
4491,27.769,27.620,9.699
4492,30.183,29.330,8.388
4493,31.031,30.014,8.019
4494,30.371,29.266,8.293
4495,29.039,28.329,8.448
4496,30.286,29.466,8.187
4497,30.080,29.086,8.582
4498,30.679,29.644,8.239
4499,29.606,28.695,8.014
4500,28.970,28.239,8.372
4501,29.165,29.360,8.112
4502,29.301,28.906,8.824
4503,28.650,27.658,8.525
4504,29.619,28.768,7.929
4505,29.248,28.781,8.880
4506,29.104,29.536,7.860
4507,28.959,27.986,8.442
4508,29.288,28.372,8.222
4509,27.708,27.590,9.114
4510,28.741,27.980,9.568
4511,29.137,28.641,7.753
4512,29.139,28.606,8.668
4513,28.735,27.961,8.406
4514,28.778,27.781,7.109
4515,29.135,28.624,7.744
4516,29.851,29.274,8.725
4517,29.859,29.441,7.855
4518,29.934,30.071,8.159
4519,30.315,28.890,8.106
4520,30.152,29.621,7.874
4521,29.494,28.917,8.151
4522,29.224,28.075,8.208
4523,29.559,28.818,9.383
4524,28.500,28.720,8.230
4525,29.753,29.503,8.099
4526,29.800,28.484,8.311
4527,29.006,28.290,7.808
4528,29.286,28.261,8.764
4529,29.029,28.609,8.472
4530,28.744,29.430,8.580
4531,28.887,29.449,8.748
4532,29.954,29.523,8.492
4533,29.212,28.732,9.131
4534,30.541,29.767,8.517
4535,30.474,29.100,7.762
4536,30.056,28.496,8.160
4537,29.727,29.533,8.268
4538,30.318,29.382,8.238
4539,29.656,29.024,7.976
4540,29.340,28.872,8.155
4541,31.796,30.457,8.344
4542,31.061,29.390,7.855
4543,31.139,29.613,8.095
4544,30.597,29.260,8.650
4545,30.068,28.754,8.041
4546,29.504,28.909,8.088
4547,29.565,28.766,10.175
4548,28.129,28.271,10.267
4549,28.054,28.118,10.647
4550,29.125,29.008,9.759
4551,28.608,28.463,9.353
4552,29.445,28.470,10.183
4553,28.271,27.652,10.131
4554,29.032,28.994,9.173
4555,29.011,28.886,9.242
4556,31.041,30.014,9.728
4557,27.635,27.837,10.106
4558,29.994,29.141,10.281
4559,29.384,29.015,9.754
4560,27.976,27.465,10.526
4561,27.639,27.860,9.912
4562,27.969,27.451,10.661
4563,28.532,28.166,10.690
4564,28.392,28.263,9.639
4565,29.565,28.103,8.450
4566,28.709,28.137,8.913
4567,28.405,28.085,8.854
4568,29.172,29.162,8.771
4569,28.854,27.851,8.786
4570,29.893,29.097,8.993
4571,29.317,28.547,7.906
4572,30.008,29.266,8.346
4573,29.327,28.110,7.981
4574,30.206,29.122,7.959
4575,29.761,28.639,8.553
4576,29.727,29.291,8.299
4577,29.549,28.829,8.116
4578,28.652,28.358,8.462
4579,28.558,29.120,8.898
4580,29.066,29.130,8.141
4581,29.381,28.906,8.759
4582,30.291,29.142,7.467
4583,29.959,28.565,8.540
4584,29.224,28.973,9.474
4585,30.704,29.320,8.327
4586,30.452,29.170,8.580
4587,28.464,27.718,8.459
4588,27.692,27.947,8.702
4589,28.987,28.601,9.997
4590,29.200,28.053,9.165
4591,28.587,28.019,8.351
4592,29.360,29.285,9.767
4593,28.817,28.489,8.521
4594,29.398,28.921,9.107
4595,29.670,28.816,9.016
4596,29.363,28.523,8.651
4597,27.649,26.615,8.780
4598,29.048,28.376,7.987
4599,28.933,28.623,8.065
4600,28.902,28.816,8.626
4601,29.015,27.978,8.947
4602,30.947,29.793,8.748
4603,30.536,29.795,8.227
4604,29.420,28.942,8.474
4605,31.100,29.253,7.654
4606,31.415,30.128,7.628
4607,31.455,30.513,6.868
4608,30.789,29.471,6.920
4609,29.405,29.171,6.963
4610,32.631,30.995,7.545
4611,31.030,29.907,7.022
4612,31.504,30.841,8.124
4613,32.345,31.963,7.823
4614,31.841,31.475,6.494
4615,29.892,29.628,8.349
4616,30.496,29.751,7.042
4617,32.040,32.236,7.221
4618,31.836,31.547,5.532
4619,31.994,31.257,7.707
4620,30.637,31.372,6.737
4621,31.103,31.455,6.722
4622,30.476,30.476,6.985
4623,31.230,30.613,6.856
4624,31.720,31.476,6.792
4625,31.434,31.464,6.312
4626,32.391,31.600,6.404
4627,31.623,30.484,7.103
4628,32.775,30.618,7.466
4629,30.902,29.141,5.944
4630,31.888,29.928,7.022
4631,31.216,29.400,7.023
4632,29.029,29.286,6.656
4633,29.890,29.696,6.985
4634,30.940,28.763,7.282
4635,30.996,29.894,5.481
4636,32.099,31.418,6.625
4637,31.065,31.758,7.226
4638,30.117,31.046,10.472
4639,29.936,30.486,8.533
4640,30.974,30.939,8.106
4641,30.753,30.746,7.321
4642,31.762,30.019,7.618
4643,31.196,31.039,7.568
4644,31.188,30.320,7.303
4645,30.308,30.486,7.567
4646,29.789,30.142,8.739
4647,30.071,30.181,7.092
4648,29.986,29.454,7.514
4649,31.246,29.880,7.673
4650,29.573,30.377,9.068
4651,31.475,30.440,8.024
4652,30.548,31.009,7.942
4653,30.165,31.035,7.682
4654,30.480,31.670,9.186
4655,31.124,30.558,8.261
4656,30.865,30.715,8.783
4657,31.598,31.734,9.135
4658,30.452,30.772,9.600
4659,31.972,31.358,9.347
4660,30.205,29.976,8.140
4661,31.191,31.414,8.732
4662,29.158,30.004,9.591
4663,29.719,30.495,9.100
4664,30.058,30.389,9.642
4665,31.012,30.621,9.687
4666,30.945,30.285,9.437
4667,30.561,30.558,9.472
4668,31.847,31.331,7.928
4669,29.778,29.913,9.443
4670,30.523,30.094,9.003
4671,31.769,30.979,9.191
4672,31.346,30.971,9.258
4673,31.206,30.697,8.946
4674,31.313,31.768,9.441
4675,29.799,30.827,8.519
4676,30.935,32.329,9.044
4677,30.917,30.495,9.109
4678,29.913,30.214,8.614
4679,29.315,30.550,9.434
4680,29.506,30.382,9.514
4681,30.130,31.667,9.636
4682,31.546,31.787,9.397
4683,28.534,29.359,9.895
4684,28.741,29.729,10.405
4685,28.820,29.493,10.335
4686,29.368,29.371,9.643
4687,30.513,28.790,10.210
4688,28.651,27.816,10.024
4689,28.864,28.485,10.079
4690,29.227,28.208,9.574
4691,29.055,28.260,10.725
4692,29.914,29.503,10.216
4693,28.564,28.667,10.264
4694,30.006,28.919,10.300
4695,27.803,27.226,10.138
4696,27.648,27.446,10.606
4697,28.067,28.579,10.548
4698,28.425,28.773,10.271
4699,28.807,29.062,10.694
4700,29.049,28.831,10.428
4701,27.965,28.528,11.460
4702,28.937,28.556,10.435
4703,27.494,28.671,10.532
4704,28.088,28.185,10.285
4705,29.922,28.551,9.677
4706,29.087,27.884,9.479
4707,28.047,27.295,10.250
4708,29.547,29.343,10.118
4709,29.194,29.276,9.794
4710,31.414,30.805,8.719
4711,30.588,30.331,9.117
4712,30.473,30.343,9.594
4713,29.321,29.600,9.653
4714,31.733,31.469,9.062
4715,31.719,31.218,9.744
4716,31.659,30.231,9.250
4717,31.860,31.496,9.419
4718,31.607,31.326,9.693
4719,31.830,31.132,8.725
4720,32.843,31.884,8.775
4721,32.656,32.716,9.309
4722,31.934,30.834,10.156
4723,33.231,32.112,10.262
4724,31.863,31.153,9.058
4725,31.668,30.463,8.455
4726,32.065,31.256,9.214
4727,31.197,30.945,8.815
4728,31.561,30.848,9.465
4729,31.267,30.602,9.235
4730,29.606,29.646,9.195
4731,29.317,29.580,9.048
4732,30.445,30.072,10.029
4733,28.905,28.863,10.448
4734,28.563,28.976,10.277
4735,28.162,29.387,11.010
4736,29.990,30.097,10.629
4737,30.562,29.294,9.905
4738,28.851,29.615,10.082
4739,29.608,30.122,10.623
4740,29.018,28.999,9.786
4741,29.535,29.610,9.703
4742,27.851,29.049,10.235
4743,28.251,28.216,9.862
4744,28.374,28.483,9.782
4745,27.399,28.135,10.307
4746,29.290,29.222,8.930
4747,28.897,29.407,9.918
4748,30.538,31.209,9.426
4749,28.661,29.453,9.529
4750,30.043,30.165,9.601
4751,28.254,28.561,10.334
4752,28.744,28.006,10.410
4753,29.693,29.624,10.616
4754,29.026,29.855,9.575
4755,30.370,29.944,9.610
4756,30.022,29.559,10.327
4757,28.437,28.155,9.918
4758,29.066,29.813,10.262
4759,30.853,29.040,9.401
4760,29.920,30.945,9.498
4761,27.058,27.654,10.533
4762,29.050,28.793,10.142
4763,27.891,27.357,9.406
4764,28.056,27.240,10.366
4765,28.262,27.757,10.165
4766,29.524,27.996,10.463
4767,29.413,28.812,10.346
4768,26.893,28.022,10.888
4769,29.104,28.488,9.743
4770,27.587,26.902,10.707
4771,29.336,28.780,10.319
4772,27.427,26.865,10.480
4773,27.500,27.740,9.739
4774,27.421,27.575,9.911
4775,27.717,28.186,10.814
4776,28.944,28.438,10.126
4777,29.110,29.434,9.657
4778,28.342,28.209,10.275
4779,27.833,27.594,10.692
4780,29.879,29.850,9.925
4781,28.748,28.890,9.700
4782,29.838,30.522,9.363
4783,30.010,30.290,10.504
4784,29.496,29.846,10.050
4785,29.415,29.366,10.596
4786,30.334,30.027,10.161
4787,30.190,29.477,9.897
4788,29.381,29.736,9.782
4789,29.233,30.006,10.782
4790,31.781,30.418,9.414
4791,30.732,30.120,9.365
4792,33.652,30.299,9.063
4793,32.346,30.100,9.843
4794,31.569,30.352,9.616
4795,29.743,30.185,10.143
4796,30.550,29.631,9.387
4797,30.537,29.853,10.249
4798,29.930,29.530,9.824
4799,29.844,29.250,10.511
4800,29.719,29.691,9.377
4801,29.356,29.875,9.786
4802,30.747,29.918,9.593
4803,30.609,30.321,9.633
4804,28.875,28.429,10.203
4805,29.438,29.391,9.308
4806,30.420,29.784,9.743
4807,29.649,29.753,9.540
4808,29.803,29.080,10.175
4809,29.003,28.887,10.875
4810,30.941,30.143,9.713
4811,30.968,30.081,9.812
4812,30.513,29.456,9.124
4813,29.068,29.071,9.877
4814,27.803,27.092,9.398
4815,28.726,29.289,10.198
4816,30.937,28.924,9.899
4817,27.746,27.366,10.250
4818,27.702,27.695,9.847
4819,29.311,29.035,10.744
4820,29.218,29.271,10.621
4821,27.914,28.372,10.796
4822,28.398,28.193,11.525
4823,28.732,28.918,9.792
4824,28.844,28.176,10.426
4825,29.673,29.156,9.078
4826,29.291,29.304,8.776
4827,28.787,28.092,9.161
4828,29.794,29.356,8.187
4829,29.784,29.648,8.638
4830,29.649,28.893,8.052
4831,29.872,28.724,8.443
4832,30.196,29.166,8.798
4833,30.595,30.010,9.640
4834,30.940,28.693,9.964
4835,31.427,28.056,9.657
4836,30.923,27.756,8.662
4837,29.106,27.862,8.875
4838,32.236,28.970,9.563
4839,31.139,27.775,10.371
4840,29.661,28.306,9.411
4841,27.467,27.065,9.445
4842,28.606,28.268,10.106
4843,29.147,28.451,8.965
4844,29.983,29.381,8.574
4845,28.832,28.842,8.436
4846,29.286,28.608,8.899
4847,29.762,28.891,7.791
4848,28.682,28.561,8.044
4849,27.785,27.718,10.010
4850,28.990,28.942,10.508
4851,29.380,29.625,10.323
4852,28.694,29.041,11.278
4853,29.267,28.549,10.508
4854,25.674,26.158,10.913
4855,26.270,26.499,11.047
4856,27.398,26.869,10.656
4857,27.061,28.045,9.654
4858,29.389,29.053,9.899
4859,25.716,26.151,10.542
4860,27.469,27.814,10.839
4861,27.108,27.325,10.471
4862,26.607,27.251,11.110
4863,25.485,26.300,11.037
4864,30.201,29.807,10.395
4865,28.480,27.889,10.954
4866,28.685,28.681,10.800
4867,30.428,29.853,10.520
4868,29.970,30.257,11.037
4869,28.594,28.685,10.667
4870,28.341,28.510,10.386
4871,30.661,30.623,10.546
4872,30.402,30.323,9.705
4873,29.883,29.109,9.073
4874,29.301,29.045,10.270
4875,29.647,29.853,10.620
4876,29.569,28.716,10.897
4877,30.070,29.717,9.772
4878,32.136,31.402,9.380
4879,30.708,29.994,9.000
4880,31.353,31.221,8.974
4881,30.166,29.347,9.525
4882,28.702,28.126,11.289
4883,26.928,27.410,10.511
4884,27.535,27.840,10.785
4885,28.423,27.696,9.903
4886,27.841,27.265,10.624
4887,28.580,29.141,9.917
4888,29.506,28.514,9.177
4889,27.671,27.792,9.385
4890,30.015,29.139,9.485
4891,29.361,28.235,8.786
4892,27.837,28.394,8.814
4893,27.731,28.555,10.113
4894,28.015,28.461,9.674
4895,30.760,30.222,9.420
4896,29.277,28.754,9.201
4897,29.339,28.777,8.775
4898,29.469,27.380,9.398
4899,31.411,28.664,9.478
4900,31.721,29.011,8.976
4901,32.147,28.686,10.155
4902,30.785,29.135,9.856
4903,31.542,28.173,9.355
4904,30.828,28.003,8.550
4905,30.686,28.350,10.414
4906,30.392,28.873,8.608
4907,31.823,28.970,8.692
4908,27.854,27.638,10.399
4909,28.751,28.248,10.139
4910,28.039,28.426,10.845
4911,28.747,29.049,10.970
4912,29.726,29.154,10.697
4913,29.175,28.523,10.295
4914,29.604,29.111,10.606
4915,28.507,28.765,10.112
4916,29.462,29.714,10.106
4917,30.217,29.859,10.144
4918,27.882,28.107,10.822
4919,28.997,29.413,10.748
4920,30.732,30.522,10.330
4921,29.686,29.294,9.726
4922,30.758,30.126,9.126
4923,27.808,27.938,10.571
4924,28.336,28.907,11.030
4925,29.264,29.559,11.172
4926,28.095,28.521,11.674
4927,28.240,27.536,11.335
4928,30.688,29.916,10.111
4929,28.247,28.421,11.470
4930,29.861,29.153,9.794
4931,28.203,28.056,9.695
4932,28.932,28.638,10.715
4933,27.301,27.428,11.062
4934,28.231,28.439,10.585
4935,28.963,29.213,10.181
4936,29.821,29.012,9.742
4937,31.051,28.884,10.121
4938,31.125,29.102,10.143
4939,28.915,28.668,9.581
4940,28.898,29.562,9.910
4941,28.891,28.976,10.546
4942,29.439,30.045,9.322
4943,27.556,27.996,10.048
4944,28.512,28.983,10.598
4945,29.015,28.971,9.980
4946,29.692,29.942,10.433
4947,28.229,28.168,9.136
4948,29.114,28.809,10.084
4949,28.499,28.938,10.156
4950,29.423,28.840,9.795
4951,28.804,29.790,9.989
4952,28.246,28.787,10.098
4953,28.289,27.668,9.145
4954,27.072,27.938,10.032
4955,27.675,27.644,10.171
4956,30.272,28.575,10.171
4957,30.059,27.180,10.857
4958,30.358,27.205,10.199
4959,29.196,26.660,10.952
4960,29.952,27.457,9.592
4961,30.877,28.713,9.017
4962,30.613,27.552,10.037
4963,30.206,28.041,10.433
4964,30.561,28.082,10.140
4965,33.313,29.540,9.521
4966,32.471,29.485,10.085
4967,32.427,29.358,10.209
4968,30.730,27.601,10.642
4969,31.360,27.677,10.135
4970,30.583,27.340,11.263
4971,30.393,27.227,11.244
4972,29.676,27.533,10.289
4973,30.476,28.595,10.662
4974,30.488,28.145,10.959
4975,31.707,28.501,10.492
4976,31.861,28.997,9.443
4977,28.724,28.136,10.082
4978,30.395,30.526,9.905
4979,29.845,29.860,9.763
4980,28.423,28.722,10.288
4981,28.886,29.250,10.029
4982,28.382,28.641,10.548
4983,28.894,28.950,10.815
4984,29.174,29.223,11.425
4985,30.066,28.671,9.910
4986,28.725,27.440,9.996
4987,27.999,27.421,11.198
4988,29.084,27.927,11.137
4989,29.474,28.882,11.411
4990,28.800,28.985,10.944
4991,31.768,29.849,9.929
4992,29.148,28.143,10.720
4993,30.527,29.637,9.719
4994,28.947,28.115,11.006
4995,27.830,27.642,11.306
4996,28.468,27.936,10.974
4997,30.729,29.026,10.376
4998,29.471,27.882,10.128
4999,28.651,28.186,10.254
5000,28.741,27.770,10.747
5001,30.198,29.836,10.830
5002,28.730,28.339,9.846
5003,29.709,29.746,10.656
5004,29.526,28.477,10.724
5005,29.883,29.183,10.687
5006,31.021,29.732,10.843
5007,29.572,29.361,11.185
5008,28.967,28.568,10.947
5009,29.026,28.099,10.166
5010,29.340,29.011,10.632
5011,28.771,27.692,10.943
5012,29.611,28.929,11.048
5013,28.853,27.862,10.190
5014,28.735,28.212,10.915
5015,28.366,28.568,10.905
5016,28.971,28.510,9.968
5017,27.906,28.570,10.849
5018,28.711,27.964,10.832
5019,27.972,27.198,10.502
5020,30.126,29.129,9.753
5021,30.303,29.127,8.949
5022,30.715,29.002,9.174
5023,30.287,28.815,9.882
5024,30.900,28.887,9.508
5025,31.282,28.854,9.911
5026,31.868,28.513,10.161
5027,28.747,28.785,10.088
5028,29.927,28.691,9.241
5029,28.993,28.375,9.520
5030,30.018,28.793,9.514
5031,29.766,27.931,9.229
5032,30.338,28.624,8.963
5033,29.259,28.293,8.859
5034,28.498,27.536,9.577
5035,28.642,28.362,9.527
5036,29.492,28.164,9.601
5037,29.939,29.322,9.741
5038,32.942,29.407,9.544
5039,31.980,29.275,9.061
5040,30.159,29.501,8.613
5041,29.175,28.632,10.494
5042,28.842,28.878,11.206
5043,29.718,28.503,9.996
5044,28.768,27.678,10.465
5045,29.221,28.505,9.585
5046,28.383,28.134,9.944
5047,29.362,28.541,9.795
5048,30.562,29.059,7.717
5049,28.888,28.187,8.451
5050,28.404,27.502,9.510
5051,27.532,27.718,10.417
5052,28.936,28.061,9.868
5053,28.496,28.112,10.555
5054,28.894,27.834,10.931
5055,28.921,27.937,10.562
5056,28.172,27.844,10.383
5057,27.991,26.370,11.181
5058,27.197,27.551,11.310
5059,27.186,27.999,10.011
5060,27.178,27.028,10.553
5061,28.947,28.256,10.814
5062,25.638,26.417,11.594
5063,27.292,28.053,11.799
5064,28.066,27.895,11.471
5065,28.337,27.367,8.949
5066,25.895,25.353,10.990
5067,26.069,26.214,12.073
5068,26.552,25.968,10.499
5069,27.071,26.850,12.537
5070,26.512,26.827,13.340
5071,28.289,27.354,11.943
5072,27.103,26.390,9.546
5073,27.656,27.285,10.668
5074,27.703,26.687,9.156
5075,28.679,27.842,9.901
5076,27.391,27.133,10.104
5077,26.537,26.570,10.981
5078,28.942,28.032,8.106
5079,28.326,26.650,9.311
5080,29.123,28.296,9.963
5081,28.191,26.627,9.740
5082,28.542,27.345,9.944
5083,27.604,26.884,9.736
5084,27.105,26.486,10.166
5085,25.784,26.106,10.649
5086,26.082,25.607,10.155
5087,28.019,27.412,8.550
5088,28.342,27.490,9.859
5089,26.828,26.402,9.779
5090,27.260,26.448,10.476
5091,27.508,26.488,9.999
5092,26.857,26.323,11.082
5093,26.998,26.092,10.360
5094,25.847,25.767,10.709
5095,27.341,26.766,10.411
5096,26.997,26.591,11.289
5097,26.614,25.957,10.548
5098,27.864,25.598,10.374
5099,29.545,26.401,10.537
5100,28.449,27.958,12.368
5101,28.777,25.455,11.305
5102,29.081,26.001,12.167
5103,29.470,26.674,10.177
5104,31.522,27.426,9.580
5105,29.943,26.988,10.321
5106,28.586,26.334,11.151
5107,28.955,25.790,10.279
5108,29.235,26.687,9.700
5109,29.844,26.691,10.350
5110,28.416,25.791,11.555
5111,29.296,26.110,11.210
5112,27.630,26.107,10.975
5113,28.940,26.924,10.586
5114,30.117,26.615,11.131
5115,30.454,27.514,8.898
5116,32.313,27.586,8.012
5117,31.206,28.499,10.318
5118,30.702,28.163,9.895
5119,30.918,28.681,10.150
5120,32.634,27.658,10.841
5121,31.616,27.921,10.174
5122,31.432,27.830,10.323
5123,31.687,28.117,9.939
5124,31.349,28.331,10.744
5125,31.363,27.180,10.808
5126,30.848,27.746,9.989
5127,31.848,28.586,9.843
5128,32.139,28.729,10.006
5129,30.883,26.963,10.051
5130,29.624,26.110,12.212
5131,27.691,27.687,10.503
5132,27.007,27.165,10.580
5133,28.340,27.840,9.306
5134,28.388,27.842,10.039
5135,28.375,28.009,10.275
5136,29.007,28.540,8.912
5137,27.901,27.883,9.624
5138,28.621,27.692,8.916
5139,27.853,27.045,9.594
5140,29.887,28.185,10.042
5141,29.312,29.001,9.884
5142,28.486,28.334,9.984
5143,29.131,28.467,10.086
5144,28.969,28.136,9.435
5145,28.642,28.045,10.714
5146,28.430,27.568,8.903
5147,29.933,29.112,9.829
5148,29.087,28.157,10.119
5149,29.079,28.629,10.525
5150,29.740,28.874,9.271
5151,29.784,28.336,9.545
5152,29.447,28.476,9.670
5153,30.105,29.595,9.898
5154,29.122,27.546,10.536
5155,28.779,28.274,10.452
5156,28.125,28.362,9.918
5157,27.369,27.452,9.974
5158,29.274,29.452,8.814
5159,29.655,28.745,9.440
5160,29.760,29.578,9.400
5161,28.875,28.667,9.823
5162,30.137,29.252,9.455
5163,28.320,28.367,9.784
5164,29.598,28.574,9.754
5165,30.840,29.581,9.594
5166,30.212,29.501,10.010
5167,29.658,29.800,9.332
5168,30.844,30.037,9.659
5169,29.671,28.957,9.861
5170,29.280,28.672,9.297
5171,30.174,29.771,9.458
5172,30.171,29.859,9.489
5173,30.969,29.777,6.870
5174,30.389,28.764,8.342
5175,28.798,28.145,9.568
5176,30.106,29.724,8.860
5177,28.784,28.108,8.303
5178,30.540,29.101,7.113
5179,28.797,28.779,10.157
5180,31.576,30.673,7.701
5181,31.529,30.871,8.435
5182,32.000,30.058,8.035
5183,31.135,29.511,7.886
5184,31.130,30.164,10.030
5185,28.174,27.407,10.531
5186,28.845,27.575,10.116
5187,28.623,27.497,8.251
5188,29.472,27.217,7.909
5189,29.039,26.822,8.612
5190,26.141,26.549,9.766
5191,27.717,27.295,9.571
5192,27.380,25.955,10.772
5193,28.361,28.584,9.238
5194,31.121,30.599,8.593
5195,31.173,29.976,8.401
5196,29.468,28.397,8.703
5197,28.543,28.383,8.755
5198,30.048,29.938,8.547
5199,29.891,28.283,7.311
5200,30.282,28.370,7.380
5201,30.026,28.422,8.614
5202,28.450,28.005,8.357
5203,27.656,27.302,9.734
5204,29.330,28.303,9.174
5205,27.876,27.205,8.569
5206,29.493,27.854,6.731
5207,29.176,27.982,7.982
5208,29.641,27.543,7.076
5209,28.850,27.900,8.285
5210,28.630,27.869,9.815
5211,29.810,28.039,8.957
5212,28.888,28.079,9.426
5213,29.022,27.941,9.382
5214,28.862,27.927,8.997
5215,30.257,29.111,10.870
5216,29.443,30.174,11.415
5217,29.487,28.269,10.383
5218,29.003,28.272,10.324
5219,28.848,27.516,10.762
5220,27.118,26.480,9.785
5221,29.667,27.265,10.165
5222,29.104,27.496,9.796
5223,28.347,27.729,10.095
5224,28.467,26.870,9.021
5225,29.529,28.543,8.829
5226,29.733,28.705,8.307
5227,28.951,27.762,10.330
5228,28.700,27.494,9.490
5229,27.732,26.488,10.165
5230,27.350,27.432,9.344
5231,28.003,27.181,8.877
5232,29.382,27.442,9.456
5233,28.662,27.121,8.958
5234,27.846,27.617,9.361
5235,29.879,28.696,8.611
5236,31.463,28.575,5.798
5237,30.748,29.645,6.100
5238,29.374,28.196,8.395
5239,29.485,28.349,7.809
5240,30.132,28.891,6.508
5241,30.049,28.633,6.117
5242,30.713,29.237,7.285
5243,27.788,26.875,6.607
5244,29.527,27.442,6.734
5245,29.610,27.998,5.434
5246,29.419,27.743,6.489
5247,29.240,27.288,6.690
5248,30.244,28.392,6.531
5249,28.521,26.851,7.567
5250,28.214,27.146,7.206
5251,28.631,27.280,7.583
5252,29.746,28.379,6.786
5253,28.463,27.123,7.600
5254,29.449,26.891,6.839
5255,28.352,27.375,7.173
5256,29.652,28.199,6.834
5257,29.602,27.610,6.406
5258,28.583,27.128,7.590
5259,27.869,28.172,8.714
5260,29.625,27.781,7.331
5261,28.005,28.863,10.956
5262,30.120,29.994,9.790
5263,28.835,27.992,10.082
5264,28.802,27.466,8.912
5265,31.495,29.175,6.214
5266,30.113,28.324,8.480
5267,29.032,24.521,11.502
5268,30.276,27.523,10.722
5269,29.143,27.085,11.779
5270,29.319,26.337,11.667
5271,28.202,26.812,12.768
5272,27.832,25.235,13.155
5273,27.388,24.717,14.280
5274,25.997,24.529,14.569
5275,28.330,26.033,13.137
5276,28.242,25.817,14.098
5277,27.529,24.607,13.260
5278,28.670,25.469,11.732
5279,30.242,26.012,10.715
5280,32.170,27.270,7.748
5281,30.879,26.280,7.127
5282,30.912,26.277,7.119
5283,31.381,28.356,6.747
5284,29.630,27.918,9.096
5285,29.296,27.599,9.282
5286,30.192,28.479,9.313
5287,28.573,27.523,10.832
5288,27.965,27.357,11.412
5289,30.268,29.580,10.776
5290,27.124,28.059,12.991
5291,29.545,29.586,10.415
5292,29.694,29.541,11.601
5293,29.958,28.751,9.683
5294,29.589,28.311,9.951
5295,28.313,27.600,10.358
5296,28.374,27.106,10.786
5297,28.139,28.242,11.272
5298,28.149,27.624,9.974
5299,27.914,27.822,10.841
5300,29.636,28.697,12.185
5301,29.577,27.952,12.679
5302,27.851,27.665,13.096
5303,25.474,25.160,13.065
5304,26.144,25.225,11.252
5305,25.975,26.593,12.604
5306,24.848,25.521,13.931
5307,25.744,25.909,13.037
5308,25.062,25.640,14.655
5309,26.828,27.119,13.308
5310,26.762,27.167,12.153
5311,26.921,27.296,13.128
5312,26.355,26.958,12.972
5313,27.148,27.349,13.320
5314,26.413,26.807,12.210
5315,27.121,26.835,11.408
5316,27.293,26.260,9.715
5317,28.078,25.808,8.599
5318,28.619,27.273,7.857
5319,28.204,26.746,9.728
5320,29.744,28.178,8.346
5321,29.055,27.113,7.362
5322,30.672,28.250,6.734
5323,28.496,28.359,9.536
5324,27.945,27.633,11.264
5325,27.192,27.366,10.452
5326,27.748,26.888,9.157
5327,27.651,27.083,10.175
5328,30.371,29.232,7.091
5329,29.917,29.138,7.131
5330,28.622,27.455,8.259
5331,28.239,27.187,8.793
5332,27.901,27.636,8.677
5333,27.636,26.210,8.229
5334,30.002,28.366,7.411
5335,30.055,28.390,5.584
5336,31.614,27.338,7.623
5337,30.882,27.611,8.383
5338,30.159,27.250,7.847
5339,29.308,27.370,7.176
5340,27.026,26.120,8.972
5341,28.537,27.210,8.556
5342,28.114,27.974,9.991
5343,27.945,27.043,10.206
5344,27.855,27.352,9.555
5345,27.641,26.302,10.297
5346,26.628,26.633,11.651
5347,26.436,26.733,11.906
5348,27.075,26.565,12.287
5349,27.231,26.165,8.915
5350,27.323,26.619,7.605
5351,27.897,27.528,8.835
5352,26.164,26.232,9.687
5353,27.415,26.826,9.981
5354,25.774,26.235,11.227
5355,25.524,26.104,11.234
5356,26.102,26.020,10.333
5357,26.049,25.733,10.456
5358,25.741,24.987,10.645
5359,26.290,26.208,10.348
5360,26.343,26.469,10.676
5361,24.972,25.491,10.513
5362,26.553,26.236,10.764
5363,26.881,26.270,9.624
5364,25.623,26.132,10.060
5365,27.409,26.583,10.200
5366,24.453,25.751,11.309
5367,26.028,25.960,10.778
5368,26.269,26.648,10.719
5369,26.157,26.508,10.529
5370,27.232,26.808,9.022
5371,27.336,27.569,9.355
5372,28.936,27.777,10.461
5373,28.065,28.214,9.861
5374,27.504,26.756,10.583
5375,27.633,26.775,10.019
5376,27.278,27.465,10.975
5377,27.353,27.576,10.606
5378,28.134,27.393,10.518
5379,27.894,27.362,10.293
5380,29.722,27.951,10.028
5381,28.257,26.349,10.321
5382,29.452,27.628,10.602
5383,28.423,27.476,9.836
5384,27.688,27.810,10.305
5385,28.234,28.041,10.144
5386,26.987,27.129,10.196
5387,27.528,27.489,11.262
5388,26.459,27.357,10.968
5389,28.046,27.531,9.813
5390,26.167,27.315,10.103
5391,29.096,29.298,8.799
5392,27.345,27.171,10.372
5393,27.607,26.954,10.257
5394,27.044,27.491,11.029
5395,31.692,29.148,10.091
5396,28.461,28.674,11.511
5397,28.492,28.324,10.630
5398,28.988,28.973,10.103
5399,29.131,28.546,9.886
5400,27.928,27.844,11.514
5401,28.680,27.741,10.484
5402,30.334,29.353,9.962
5403,29.929,29.004,10.383
5404,29.027,29.294,9.079
5405,27.525,27.446,9.679
5406,28.066,28.299,10.021
5407,28.983,28.396,9.470
5408,27.713,28.001,11.674
5409,29.727,29.017,10.290
5410,28.431,28.438,10.420
5411,29.850,29.032,9.663
5412,29.712,29.570,10.014
5413,27.795,27.559,10.901
5414,28.497,28.570,9.916
5415,28.206,28.047,10.460
5416,29.976,29.525,9.529
5417,30.753,30.658,9.170
5418,28.642,28.579,10.689
5419,28.537,28.390,10.931
5420,28.234,28.415,9.732
5421,28.786,28.240,10.355
5422,28.527,28.574,11.719
5423,27.873,28.429,10.771
5424,27.391,27.332,10.138
5425,28.467,28.107,10.810
5426,30.059,29.530,9.426
5427,29.710,29.998,10.034
5428,29.394,28.725,10.321
5429,28.751,28.783,11.764
5430,27.298,27.596,10.723
5431,27.786,28.017,10.311
5432,28.029,28.202,11.765
5433,28.291,28.689,10.875
5434,27.285,27.188,11.385
5435,26.433,27.251,12.508
5436,29.655,29.374,10.690
5437,27.629,27.655,11.065
5438,27.637,27.586,9.721
5439,26.898,27.621,9.866
5440,27.500,27.587,10.086
5441,27.430,27.557,10.427
5442,28.856,28.158,10.433
5443,28.192,28.368,9.879
5444,27.137,27.145,10.204
5445,27.654,27.762,10.278
5446,28.505,27.809,9.377
5447,28.319,28.777,9.880
5448,29.105,29.137,9.725
5449,28.340,27.335,10.450
5450,27.022,27.222,10.905
5451,27.860,27.772,10.841
5452,27.171,27.275,9.823
5453,27.216,28.094,10.353
5454,27.438,27.537,9.820
5455,28.883,28.769,9.221
5456,28.232,28.498,10.716
5457,27.932,27.843,11.291
5458,28.631,28.727,9.876
5459,28.390,27.876,9.717
5460,28.677,28.075,10.038
5461,27.183,27.784,10.394
5462,27.660,27.504,11.032
5463,27.236,26.947,10.994
5464,26.364,25.793,12.611
5465,27.345,27.138,11.995
5466,26.056,26.889,12.479
5467,26.600,27.726,11.734
5468,24.773,25.643,13.168
5469,26.337,27.017,11.478
5470,28.468,28.113,10.169
5471,26.796,26.638,9.601
5472,27.589,28.107,10.042
5473,27.805,28.942,10.591
5474,27.256,27.753,10.810
5475,27.261,27.721,10.989
5476,26.793,27.212,11.535
5477,26.504,27.718,12.274
5478,27.147,27.158,10.299
5479,28.165,28.371,10.099
5480,29.988,27.570,10.210
5481,30.256,27.739,10.201
5482,27.628,27.834,11.123
5483,28.727,28.418,11.062
5484,26.266,26.543,11.428
5485,26.210,26.492,12.632
5486,26.598,26.503,12.120
5487,26.349,26.669,12.205
5488,26.422,26.671,12.210
5489,27.338,27.332,11.290
5490,26.087,26.354,13.405
5491,25.466,25.520,11.577
5492,28.079,27.545,8.840
5493,27.791,28.050,10.711
5494,27.791,27.257,9.660
5495,27.839,27.292,10.279
5496,28.288,28.201,9.039
5497,27.901,27.080,8.050
5498,26.915,26.948,10.193
5499,29.058,28.530,9.287
5500,28.263,27.454,10.501
5501,29.074,27.949,10.190
5502,26.820,26.588,11.318
5503,27.082,27.349,11.514
5504,27.632,27.307,8.036
5505,28.336,26.597,7.108
5506,29.308,27.196,6.313
5507,28.062,26.152,5.790
5508,28.603,27.246,6.301
5509,28.835,26.969,6.891
5510,29.820,27.464,7.049
5511,29.574,27.000,8.726
5512,29.683,27.086,10.007
5513,29.857,26.069,9.554
5514,30.374,25.944,9.583
5515,31.019,26.933,9.378
5516,30.291,26.812,9.491
5517,31.328,27.637,9.710
5518,31.142,28.596,9.145
5519,30.835,27.572,8.961
5520,29.486,27.404,10.804
5521,30.662,28.836,10.908
5522,30.732,28.410,8.303
5523,31.106,28.072,9.954
5524,29.175,27.700,11.929
5525,28.081,28.053,11.071
5526,28.576,28.015,11.525
5527,29.282,28.487,10.325
5528,29.934,28.122,11.808
5529,29.604,27.734,11.399
5530,31.635,29.270,9.148
5531,31.316,29.093,10.447
5532,29.577,27.917,10.498
5533,27.357,28.033,11.664
5534,26.927,26.871,11.552
5535,29.010,28.544,11.579
5536,27.481,27.931,12.914
5537,27.489,27.574,11.821
5538,25.819,26.297,11.601
5539,26.031,27.250,10.858
5540,26.531,26.508,11.573
5541,26.358,26.152,12.286
5542,27.376,27.823,11.538
5543,26.451,26.767,12.114
5544,27.394,26.019,12.300
5545,24.581,25.586,12.686
5546,22.962,24.241,13.778
5547,25.514,26.437,12.460
5548,25.983,25.778,11.991
5549,26.425,26.621,11.756
5550,23.543,23.807,11.281
5551,23.808,25.112,14.228
5552,24.451,25.601,13.265
5553,23.573,25.212,13.815
5554,28.108,28.163,11.331
5555,27.208,27.311,11.856
5556,25.615,26.250,12.859
5557,25.588,25.778,12.321
5558,26.106,25.929,13.307
5559,26.990,27.341,12.053
5560,24.842,25.673,12.586
5561,24.758,25.849,12.688
5562,24.745,25.724,12.497
5563,27.369,26.857,11.637
5564,26.529,26.312,12.309
5565,24.443,24.783,14.186
5566,26.949,26.980,12.221
5567,26.392,27.064,12.506
5568,27.618,26.706,11.692
5569,27.006,26.866,11.815
5570,26.931,26.605,11.856
5571,25.442,26.359,12.842
5572,28.665,27.731,10.713
5573,27.797,26.597,10.392
5574,28.925,29.169,10.393
5575,30.020,29.665,10.792
5576,27.790,27.388,11.212
5577,28.148,27.826,10.866
5578,25.947,26.264,12.997
5579,25.844,25.981,13.284
5580,25.154,26.149,13.294
5581,28.440,26.863,10.695
5582,27.866,26.681,14.646
5583,29.622,27.044,11.461
5584,30.012,27.249,11.095
5585,30.958,27.355,10.774
5586,31.966,28.400,10.377
5587,30.278,28.726,11.479
5588,29.863,27.649,12.187
5589,31.356,27.771,9.485
5590,30.888,28.103,10.664
5591,31.494,28.155,11.455
5592,29.590,26.418,10.604
5593,29.570,26.391,11.198
5594,28.082,26.520,13.354
5595,28.742,25.682,13.772
5596,28.380,25.854,11.643
5597,29.029,26.256,13.327
5598,27.912,25.260,12.772
5599,28.653,26.581,11.517
5600,29.165,26.102,10.750
5601,31.060,26.915,10.912
5602,29.538,26.384,10.759
5603,31.648,27.167,10.936
5604,29.960,27.502,10.800
5605,29.510,26.278,10.896
5606,30.270,27.026,10.490
5607,30.298,26.478,11.230
5608,30.647,27.626,9.416
5609,30.626,26.942,11.304
5610,29.635,27.042,11.283
5611,31.484,27.454,11.340
5612,30.699,27.836,10.218
5613,30.703,27.146,11.625
5614,31.084,27.451,10.385
5615,29.592,27.228,11.934
5616,30.651,28.077,11.724
5617,31.586,27.483,11.855
5618,29.573,25.601,10.889
5619,29.817,26.342,11.928
5620,30.888,26.814,11.447
5621,30.080,26.319,12.047
5622,31.152,28.022,11.608
5623,31.285,27.509,11.486
5624,30.486,27.459,11.256
5625,30.366,27.300,9.993
5626,35.715,29.787,5.461
5627,35.367,29.955,6.908
5628,34.469,29.248,6.824
5629,34.752,29.761,5.820
5630,34.258,29.241,5.067
5631,32.180,28.401,7.163
5632,32.603,28.113,6.110
5633,32.496,28.155,7.876
5634,31.570,27.113,6.303
5635,32.326,27.319,6.105
5636,32.240,27.245,6.232
5637,32.162,26.799,7.560
5638,32.153,26.620,6.112
5639,33.858,28.410,5.045
5640,32.611,27.628,5.932
5641,33.075,28.297,7.079
5642,32.655,27.975,7.880
5643,32.877,27.710,6.754
5644,32.829,27.940,6.464
5645,31.529,27.544,6.638
5646,31.925,27.438,5.922
5647,31.337,27.848,8.659
5648,31.831,27.263,8.942
5649,31.074,27.243,8.345
5650,30.782,27.107,8.192
5651,31.135,26.964,7.590
5652,31.649,28.449,6.540
5653,29.427,26.469,7.029
5654,29.299,27.144,9.633
5655,30.605,28.483,9.961
5656,29.449,26.604,11.045
5657,30.288,26.627,9.917
5658,29.047,25.749,9.682
5659,29.626,26.473,10.961
5660,31.693,26.795,10.335
5661,30.355,27.577,10.981
5662,29.126,26.352,10.379
5663,31.492,27.368,8.124
5664,31.489,27.649,7.963
5665,31.889,27.796,8.544
5666,32.606,28.035,6.824
5667,31.273,27.436,8.080
5668,33.312,28.957,7.914
5669,32.605,27.986,7.193
5670,32.169,28.453,7.503
5671,32.997,28.055,5.659
5672,34.262,29.787,7.378
5673,34.364,29.844,7.059
5674,32.664,29.640,8.419
5675,34.082,29.684,6.190
5676,33.954,28.796,6.180
5677,33.066,29.437,8.167
5678,33.046,29.144,8.999
5679,32.607,29.306,6.334
5680,32.306,28.341,5.321
5681,33.500,29.378,7.146
5682,32.109,29.150,6.207
5683,32.823,29.206,5.849
5684,33.132,28.770,5.566
5685,33.813,30.087,5.673
5686,33.276,28.790,4.758
5687,33.372,30.390,5.306
5688,32.873,30.114,6.766
5689,32.375,29.664,6.154
5690,32.379,29.424,4.981
5691,31.190,29.907,5.449
5692,30.163,28.986,5.425
5693,30.113,29.780,6.102
5694,31.378,29.942,7.508
5695,30.784,29.311,5.962
5696,32.068,29.702,6.218
5697,31.410,29.061,5.882
5698,29.695,28.645,5.196
5699,30.380,28.990,7.720
5700,29.430,27.883,8.665
5701,28.560,28.346,8.538
5702,29.910,28.379,8.321
5703,27.667,26.126,7.704
5704,29.853,28.799,6.367
5705,29.881,28.782,8.186
5706,30.162,29.110,7.947
5707,30.937,29.129,6.431
5708,30.238,29.141,8.138
5709,31.220,30.246,7.912
5710,29.870,29.472,8.978
5711,30.176,29.128,7.609
5712,29.831,28.817,7.946
5713,30.342,29.676,7.611
5714,29.854,28.735,8.453
5715,29.499,29.782,8.477
5716,30.710,29.970,7.388
5717,31.437,30.443,6.428
5718,30.707,29.692,6.773
5719,31.533,29.941,7.705
5720,32.282,30.605,8.619
5721,28.612,28.569,10.222
5722,31.613,28.424,7.133
5723,31.537,28.802,8.804
5724,32.658,29.973,8.971
5725,34.106,30.526,8.066
5726,32.216,28.546,8.890
5727,31.423,28.736,9.180
5728,33.343,30.339,8.494
5729,29.600,29.021,9.060
5730,29.032,28.911,8.675
5731,28.892,27.500,8.557
5732,28.348,28.190,7.787
5733,28.570,27.511,8.135
5734,27.998,27.618,8.670
5735,28.530,27.679,7.930
5736,28.268,28.490,7.538
5737,29.967,29.269,8.009
5738,30.027,28.531,7.836
5739,30.562,30.017,8.254
5740,31.286,30.006,7.629
5741,31.804,30.615,7.980
5742,32.347,30.258,7.407
5743,30.237,29.567,7.361
5744,30.594,30.186,8.061
5745,31.732,30.544,8.269
5746,31.442,29.989,5.678
5747,31.732,29.289,2.903
5748,31.460,29.259,2.790
5749,31.190,29.111,2.646
5750,31.038,28.952,2.670
5751,31.136,29.477,2.561
5752,32.424,29.524,2.526
5753,30.903,28.964,2.758
5754,31.383,29.053,2.680
5755,32.154,29.707,2.739
5756,31.924,29.487,2.656
5757,31.702,29.554,2.694
5758,31.733,29.726,2.621
5759,31.939,28.932,2.613
5760,32.080,30.485,2.702
5761,31.359,29.072,2.793
5762,31.544,29.081,2.715
5763,30.837,28.499,2.597
5764,31.410,28.426,2.672
5765,30.721,28.507,2.985
5766,31.279,28.922,2.644
5767,30.916,28.727,2.584
5768,32.132,29.546,2.596
5769,31.812,29.216,2.595
5770,31.922,29.850,2.637
5771,32.518,30.663,2.900
5772,31.907,29.658,2.646
5773,32.369,30.189,2.676
5774,32.989,30.752,2.775
5775,32.029,30.520,2.563
5776,32.534,30.158,2.654
5777,31.739,29.081,2.771
5778,32.394,29.881,2.723
5779,32.445,30.295,2.661
5780,32.365,29.671,2.636
5781,32.698,29.836,2.682
5782,32.313,29.547,2.661
5783,32.125,29.617,2.760
5784,31.544,29.584,2.698
5785,32.708,30.015,2.587
5786,33.740,31.261,4.873
5787,33.361,31.061,4.905
5788,32.582,30.428,2.770
5789,32.154,30.403,2.699
5790,33.318,31.320,4.600
5791,33.438,31.430,4.910
5792,32.340,30.193,4.965
5793,32.466,30.961,4.680
5794,31.895,29.965,2.651
5795,32.798,29.697,2.642
5796,32.361,30.428,2.973
5797,32.845,29.866,2.848
5798,33.144,30.888,2.653
5799,32.744,30.541,2.810
5800,33.511,31.142,2.664
5801,33.264,30.738,2.779
5802,34.959,30.929,2.766
5803,32.341,30.069,2.804
5804,34.280,30.316,2.644
5805,32.930,30.650,2.845
5806,33.148,31.032,2.643
5807,32.970,31.167,4.281
5808,32.928,31.297,5.749
5809,32.995,31.861,4.110
5810,33.848,31.325,4.833
5811,32.929,31.700,5.163
5812,33.808,32.089,6.268
5813,33.117,31.390,5.177
5814,33.288,32.073,5.255
5815,33.016,31.142,5.884
5816,33.744,31.460,6.566
5817,33.337,31.610,6.451
5818,32.436,30.620,6.587
5819,33.488,31.272,5.676
5820,34.426,32.586,6.840
5821,32.305,31.227,5.424
5822,33.901,31.799,6.567
5823,29.658,27.825,7.991
5824,31.813,30.000,6.567
5825,32.337,30.712,7.074
5826,32.569,30.967,9.023
5827,32.233,30.627,8.224
5828,30.847,28.656,9.073
5829,33.435,29.548,8.264
5830,30.971,27.746,9.234
5831,33.401,29.312,9.905
5832,31.086,27.827,9.976
5833,31.860,29.437,10.766
5834,30.832,30.026,9.877
5835,29.121,28.047,9.747
5836,29.867,29.565,9.919
5837,30.341,29.025,9.689
5838,29.609,28.343,9.269
5839,28.850,27.900,9.117
5840,29.687,29.043,9.022
5841,31.998,31.024,8.577
5842,28.137,27.063,9.743
5843,28.663,28.066,9.257
5844,30.249,29.318,8.623
5845,28.686,28.412,9.282
5846,30.051,29.038,9.224
5847,29.889,29.460,9.051
5848,31.575,30.445,8.079
5849,30.485,28.493,7.824
5850,30.856,29.512,7.565
5851,31.083,29.838,7.643
5852,32.054,29.994,7.283
5853,30.865,29.829,8.555
5854,32.729,31.475,8.036
5855,32.290,30.746,8.780
5856,31.933,30.114,8.333
5857,30.996,30.046,8.706
5858,31.903,30.707,7.627
5859,31.596,30.111,7.148
5860,31.976,30.576,7.470
5861,32.537,30.906,8.092
5862,32.125,30.736,6.479
5863,32.201,30.880,6.644
5864,34.232,31.406,5.140
5865,32.057,30.459,5.686
5866,31.858,29.876,5.144
5867,32.554,30.556,4.933
5868,32.201,30.880,4.637
5869,31.373,30.264,4.425
5870,32.288,30.285,4.451
5871,32.176,29.575,4.477
5872,32.311,30.107,4.535
5873,31.209,29.723,4.859
5874,32.269,30.774,4.743
5875,31.854,29.453,4.843
5876,31.944,30.614,5.249
5877,33.022,30.585,4.152
5878,31.511,30.289,5.285
5879,32.293,29.824,5.408
5880,31.719,30.238,6.965
5881,30.145,28.846,7.651
5882,30.512,28.852,6.811
5883,31.946,30.935,5.702
5884,31.655,30.172,5.192
5885,31.278,30.142,7.263
5886,31.858,30.266,6.062
5887,31.379,29.571,6.762
5888,30.955,30.391,7.685
5889,32.870,31.143,5.212
5890,32.108,30.076,6.013
5891,32.347,30.768,6.257
5892,32.535,30.966,6.415
5893,33.399,31.273,6.005
5894,33.502,31.380,5.899
5895,32.682,31.606,7.775
5896,33.025,30.986,6.182
5897,33.379,31.531,6.125
5898,33.040,30.870,6.340
5899,33.972,31.448,5.914
5900,33.844,31.787,6.591
5901,34.631,31.796,6.520
5902,33.940,32.180,5.707
5903,32.946,30.773,4.642
5904,33.496,31.428,5.397
5905,33.972,31.463,5.778
5906,32.692,30.833,6.156
5907,33.870,31.520,4.339
5908,33.730,31.405,5.374
5909,32.869,30.058,2.641
5910,32.256,29.868,2.692
5911,32.313,29.871,4.264
5912,31.999,29.503,2.742
5913,32.092,29.909,2.686
5914,30.571,29.073,2.802
5915,30.789,28.530,2.678
5916,31.424,29.068,2.652
5917,31.988,30.531,2.544
5918,32.561,30.312,4.115
5919,33.288,30.858,4.968
5920,32.990,31.023,6.523
5921,34.236,31.591,6.164
5922,32.696,30.315,4.769
5923,32.199,29.454,4.295
5924,30.507,28.122,4.439
5925,32.485,30.126,4.727
5926,33.589,30.711,4.721
5927,31.931,29.867,5.157
5928,32.884,30.856,4.503
5929,32.759,30.699,5.549
5930,32.053,30.090,4.759
5931,32.056,30.550,4.923
5932,31.381,29.609,4.746
5933,32.104,30.457,4.909
5934,31.561,30.784,4.867
5935,32.742,30.077,4.742
5936,32.097,29.970,4.571
5937,31.963,30.671,4.596
5938,33.033,31.059,6.560
5939,32.645,31.244,8.259
5940,31.790,30.866,7.240
5941,32.179,30.960,7.743
5942,31.202,30.801,7.258
5943,31.929,30.826,8.011
5944,33.034,31.777,6.025
5945,32.061,30.227,5.006
5946,32.559,30.231,5.023
5947,32.902,30.780,6.916
5948,32.888,30.098,4.587
5949,32.722,30.374,5.275
5950,33.359,30.987,5.445
5951,32.185,30.304,4.565
5952,32.491,30.169,4.561
5953,33.865,31.412,4.202
5954,33.305,31.217,4.666
5955,32.772,30.202,4.812
5956,32.819,30.921,7.939
5957,32.554,31.457,7.692
5958,31.185,30.719,7.767
5959,31.221,29.096,5.736
5960,30.868,29.331,5.572
5961,31.642,29.757,5.157
5962,31.713,30.018,4.915
5963,31.774,30.910,5.386
5964,32.359,30.389,5.097
5965,32.404,30.381,5.100
5966,32.083,30.589,5.310
5967,32.166,31.182,6.534
5968,32.204,29.857,5.400
5969,31.506,29.979,4.678
5970,31.603,30.275,8.634
5971,29.894,28.856,8.310
5972,28.340,28.078,10.074
5973,31.536,30.105,8.463
5974,29.002,28.722,10.766
5975,30.229,29.956,9.432
5976,30.096,29.806,9.766
5977,31.779,30.132,8.778
5978,30.958,29.394,9.042
5979,31.537,29.281,8.559
5980,32.218,29.945,8.904
5981,31.314,29.083,7.420
5982,28.870,27.417,8.376
5983,29.198,28.840,9.407
5984,29.095,27.697,7.034
5985,31.952,30.285,7.436
5986,31.609,29.505,6.028
5987,30.950,29.519,6.305
5988,31.580,29.959,5.813
5989,31.410,29.602,6.269
5990,31.522,30.379,5.309
5991,31.709,30.054,5.539
5992,31.857,29.682,5.459
5993,32.612,31.303,7.722
5994,32.420,30.908,7.984
5995,33.535,31.774,8.157
5996,33.783,32.143,8.132
5997,33.804,31.244,7.695
5998,33.118,31.512,7.713
5999,32.789,31.121,8.100
6000,32.854,30.958,8.877
6001,32.262,30.309,7.572
6002,33.471,30.210,8.128
6003,33.711,30.370,8.856
6004,33.261,31.132,8.143
6005,33.744,31.336,6.911
6006,34.941,31.684,7.875
6007,34.749,30.275,6.763
6008,32.114,29.331,6.651
6009,33.704,30.047,8.830
6010,32.747,28.358,8.398
6011,32.574,28.660,7.394
6012,34.093,29.968,7.553
6013,32.342,29.262,7.918
6014,31.989,29.886,8.594
6015,33.194,29.634,8.765
6016,32.290,29.282,7.498
6017,31.820,28.785,9.104
6018,30.656,29.128,7.087
6019,31.254,29.549,7.517
6020,30.546,29.239,7.081
6021,30.046,29.865,8.501
6022,31.562,30.229,7.561
6023,31.383,30.151,7.862
6024,30.499,29.492,7.690
6025,30.065,29.001,6.989
6026,30.254,28.449,7.137
6027,29.827,28.331,7.369
6028,33.137,30.311,7.105
6029,32.805,30.711,5.322
6030,32.726,31.392,6.601
6031,29.020,28.700,6.163
6032,29.820,28.413,4.840
6033,31.007,29.548,6.898
6034,31.930,29.941,8.484
6035,31.429,30.131,8.718
6036,30.841,29.073,7.923
6037,30.350,29.260,7.542
6038,30.550,29.185,6.816
6039,31.310,28.729,4.948
6040,31.888,29.793,6.762
6041,30.651,29.328,7.162
6042,30.562,29.563,6.833
6043,30.868,30.185,7.082
6044,30.250,28.608,7.931
6045,30.118,29.234,8.416
6046,30.162,29.396,7.628
6047,31.066,29.331,7.385
6048,30.756,29.768,7.831
6049,30.849,29.159,8.299
6050,32.670,31.242,9.575
6051,30.588,30.591,9.216
6052,30.834,29.364,7.524
6053,32.163,30.669,7.936
6054,30.288,29.166,9.209
6055,31.700,30.298,8.407
6056,31.274,29.492,7.954
6057,30.703,28.760,7.732
6058,29.747,28.298,7.902
6059,31.426,29.754,7.611
6060,31.824,29.179,6.226
6061,31.382,29.704,6.721
6062,31.583,29.895,6.501
6063,32.587,30.188,6.052
6064,31.288,29.755,7.181
6065,32.064,29.784,7.141
6066,30.816,29.488,6.770
6067,32.458,30.550,6.686
6068,31.050,29.682,7.103
6069,31.275,29.711,8.484
6070,31.495,30.222,7.769
6071,31.462,29.545,8.316
6072,31.097,29.299,7.247
6073,31.847,29.921,6.786
6074,31.712,29.613,8.794
6075,30.633,28.026,7.909
6076,31.037,29.430,8.519
6077,31.242,30.687,8.596
6078,32.275,31.538,9.165
6079,32.636,31.286,8.832
6080,33.132,30.656,6.425
6081,32.056,30.743,4.881
6082,33.086,30.496,4.849
6083,32.749,30.727,6.718
6084,33.682,31.401,6.781
6085,32.867,30.953,5.899
6086,32.142,30.751,5.473
6087,32.450,30.892,5.258
6088,32.508,30.449,5.423
6089,32.607,30.621,5.669
6090,32.389,30.200,5.241
6091,32.545,30.808,5.261
6092,32.406,30.897,5.233
6093,33.087,30.786,5.458
6094,32.675,30.646,5.543
6095,32.867,30.361,5.876
6096,33.047,30.555,5.891
6097,33.419,30.585,5.222
6098,33.524,30.881,4.698
6099,33.037,30.869,5.049
6100,32.937,31.050,6.398
6101,34.257,30.867,6.384
6102,34.294,32.121,8.409
6103,32.920,31.104,7.774
6104,34.031,32.147,8.445
6105,31.649,30.173,7.736
6106,32.999,31.321,8.637
6107,31.312,30.842,9.388
6108,33.013,31.729,9.047
6109,33.370,31.966,9.624
6110,31.904,31.115,9.854
6111,29.454,29.166,11.615
6112,29.601,28.825,10.785
6113,29.748,29.261,10.673
6114,28.927,29.312,11.104
6115,30.811,29.556,9.740
6116,31.298,30.846,8.791
6117,32.406,31.287,7.590
6118,32.550,30.706,6.751
6119,32.555,31.350,6.396
6120,32.713,31.587,7.052
6121,31.864,29.942,6.012
6122,31.185,29.573,4.773
6123,31.757,30.173,5.864
6124,31.204,29.917,8.916
6125,32.464,30.837,6.941
6126,30.651,29.988,7.501
6127,32.417,31.372,7.883
6128,32.766,31.211,7.446
6129,30.802,29.802,8.043
6130,31.502,30.307,8.230
6131,30.790,29.802,7.740
6132,29.955,30.228,7.862
6133,31.789,30.388,7.685
6134,31.120,29.779,7.216
6135,32.537,30.503,4.942
6136,31.866,29.548,5.606
6137,32.303,30.115,4.905
6138,32.565,29.318,4.651
6139,32.534,30.353,4.301
6140,32.580,30.794,4.757
6141,32.272,30.751,4.988
6142,32.718,30.581,5.075
6143,32.192,30.781,4.627
6144,32.497,30.629,5.091
6145,32.894,30.835,5.566
6146,32.617,30.614,5.488
6147,31.982,30.262,5.329
6148,32.469,30.610,5.617
6149,31.409,29.672,6.324
6150,31.139,28.786,7.482
6151,31.438,30.373,5.843
6152,30.193,29.209,6.471
6153,32.372,30.563,6.501
6154,31.928,29.953,6.769
6155,32.467,30.351,7.166
6156,32.429,30.169,6.212
6157,32.058,30.003,5.036
6158,31.913,30.319,6.642
6159,31.953,30.352,6.579
6160,32.644,30.544,6.772
6161,31.557,29.821,7.011
6162,31.354,30.156,8.003
6163,31.710,30.114,5.712
6164,31.098,29.726,6.159
6165,30.842,29.173,4.316
6166,31.827,29.986,5.630
6167,31.679,29.979,6.444
6168,32.818,30.501,6.004
6169,32.301,30.583,5.054
6170,31.712,30.123,4.946
6171,32.633,30.064,5.150
6172,32.231,30.116,5.195
6173,32.072,30.654,5.352
6174,31.890,30.108,5.178
6175,31.400,29.923,5.343
6176,31.382,30.169,5.222
6177,32.703,30.097,6.331
6178,31.354,29.272,4.621
6179,32.380,29.694,4.815
6180,31.340,29.699,5.033
6181,31.928,30.331,5.120
6182,31.923,30.256,5.367
6183,32.081,30.257,5.192
6184,31.834,29.967,4.738
6185,31.578,29.765,4.624
6186,32.788,28.853,6.000
6187,31.944,29.820,4.892
6188,31.494,28.879,5.295
6189,31.417,29.915,4.828
6190,31.739,29.745,4.806
6191,32.579,30.494,5.587
6192,30.978,28.796,2.564
6193,31.855,29.433,2.771
6194,31.437,28.971,2.695
6195,30.555,27.855,2.505
6196,31.792,29.664,6.165
6197,31.424,29.471,6.083
6198,31.863,30.159,5.412
6199,31.960,29.705,5.218
6200,32.204,29.443,5.085
6201,31.880,30.161,5.735
6202,32.473,30.334,6.557
6203,31.394,29.506,4.908
6204,32.563,30.220,5.486
6205,31.935,29.456,3.801
6206,32.769,30.174,4.651
6207,32.753,30.403,6.424
6208,32.824,30.546,5.556
6209,33.257,31.449,5.713
6210,33.672,31.615,5.462
6211,32.401,30.086,5.510
6212,33.388,31.312,5.480
6213,32.329,31.316,5.542
6214,32.076,31.650,6.316
6215,33.620,32.320,7.476
6216,32.438,31.198,6.497
6217,32.837,30.354,5.349
6218,33.659,32.046,7.204
6219,33.242,31.926,6.735
6220,32.739,30.444,4.806
6221,34.055,30.708,5.736
6222,34.925,30.130,6.417
6223,32.684,31.295,6.620
6224,33.542,30.914,4.942
6225,32.852,30.564,5.206
6226,32.063,30.736,6.042
6227,31.996,30.067,5.390
6228,32.519,30.616,6.540
6229,32.581,30.412,5.735
6230,32.849,31.233,6.384
6231,32.685,30.758,4.959
6232,32.302,30.898,5.085
6233,31.640,29.071,2.489
6234,31.686,29.284,2.729
6235,32.360,29.964,2.617
6236,32.029,29.632,2.661
6237,33.440,30.331,4.631
6238,32.400,29.942,4.596
6239,31.938,29.383,2.818
6240,31.784,29.725,2.919
6241,32.651,30.077,2.875
6242,33.025,29.956,2.733
6243,32.771,29.803,2.884
6244,32.315,29.060,2.681
6245,32.877,31.055,4.794
6246,32.382,30.004,2.893
6247,31.668,30.055,2.644
6248,32.356,30.142,5.101
6249,32.879,30.317,4.682
6250,33.026,30.618,5.319
6251,32.531,30.291,5.354
6252,32.624,30.592,4.645
6253,33.060,31.238,4.469
6254,33.587,30.993,4.812
6255,33.812,31.276,5.292
6256,33.428,30.810,5.303
6257,32.817,30.287,5.454
6258,33.720,30.255,5.458
6259,32.321,30.437,6.017
6260,32.801,30.576,4.839
6261,31.946,30.368,4.914
6262,32.815,30.783,5.768
6263,33.172,32.020,5.414
6264,33.488,31.209,6.501
6265,32.093,30.328,5.484
6266,32.734,30.376,4.851
6267,31.806,29.328,5.142
6268,33.175,31.124,4.531
6269,33.033,30.763,5.387
6270,32.168,30.277,4.963
6271,32.574,31.319,4.776
6272,32.180,30.174,4.795
6273,31.874,29.845,4.420
6274,33.261,30.609,5.528
6275,32.759,30.579,5.445
6276,32.244,30.091,4.624
6277,31.289,29.488,2.674
6278,32.114,30.096,2.508
6279,32.210,29.861,2.739
6280,32.585,30.497,2.651
6281,32.750,29.677,2.632
6282,32.124,30.114,2.631
6283,31.741,29.841,2.651
6284,32.317,29.478,2.596
6285,32.486,29.360,2.614
6286,31.737,29.451,2.663
6287,32.354,30.189,5.032
6288,32.649,30.633,5.151
6289,31.483,29.837,5.116
6290,32.149,30.129,6.101
6291,32.048,30.205,5.236
6292,32.707,31.013,5.330
6293,31.681,29.896,5.303
6294,33.087,31.024,5.023
6295,32.840,31.190,4.932
6296,32.259,29.929,4.711
6297,32.655,30.692,4.844
6298,33.045,30.889,4.775
6299,33.367,29.850,4.643
6300,35.141,30.678,4.793
6301,34.405,29.938,2.541
6302,34.117,30.964,5.062
6303,34.129,30.402,5.002
6304,32.687,31.087,7.281
6305,32.659,31.905,8.338
6306,32.591,31.255,7.568
6307,32.635,30.911,7.386
6308,32.013,30.604,6.953
6309,33.100,31.021,7.757
6310,32.324,31.003,5.269
6311,32.193,30.770,6.790
6312,32.898,30.731,5.264
6313,35.111,30.898,6.355
6314,32.540,31.242,7.238
6315,31.093,30.501,8.535
6316,31.965,30.984,8.258
6317,32.373,31.952,8.301
6318,31.795,30.811,8.530
6319,30.384,30.167,8.504
6320,30.854,30.234,8.842
6321,32.774,31.169,7.213
6322,32.698,31.171,6.941
6323,32.124,30.494,7.076
6324,32.172,31.038,7.769
6325,32.535,30.649,8.271
6326,31.635,30.669,8.131
6327,32.700,31.167,8.384
6328,31.070,30.547,8.208
6329,32.109,31.590,8.072
6330,31.694,31.035,7.591
6331,32.101,30.626,7.983
6332,31.391,30.654,7.519
6333,31.797,31.665,7.788
6334,32.459,31.449,8.088
6335,32.836,31.336,8.751
6336,32.036,31.510,7.834
6337,31.718,30.743,7.757
6338,32.425,30.909,7.079
6339,31.900,31.525,7.491
6340,32.763,31.964,7.623
6341,33.555,32.684,7.978
6342,32.670,31.486,8.697
6343,30.939,30.739,8.042
6344,32.111,31.273,8.693
6345,32.146,32.146,7.921
6346,31.753,30.554,7.076
6347,32.257,30.852,6.592
6348,31.890,31.302,7.453
6349,31.975,30.575,6.156
6350,31.978,30.790,5.082
6351,32.730,31.152,5.822
6352,32.641,31.106,4.852
6353,33.637,31.288,5.850
6354,33.406,31.050,4.554
6355,32.042,30.006,5.523
6356,33.275,31.091,5.483
6357,33.265,31.100,6.076
6358,33.064,30.926,5.479
6359,35.603,31.546,5.367
6360,35.498,31.088,5.535
6361,35.611,31.056,5.223
6362,35.468,30.878,5.610
6363,36.006,31.897,5.199
6364,35.163,30.939,6.652
6365,33.088,30.324,6.700
6366,33.547,31.671,7.120
6367,32.356,31.098,6.534
6368,32.602,30.242,4.856
6369,33.208,30.341,5.140
6370,31.898,30.331,5.224
6371,31.913,29.752,4.956
6372,31.180,29.438,5.345
6373,32.043,30.176,5.983
6374,33.092,30.795,5.144
6375,33.610,31.204,5.093
6376,33.260,30.819,5.519
6377,32.239,29.214,2.517
6378,32.274,29.811,2.622
6379,32.445,29.234,2.548
6380,32.605,29.556,2.574
6381,32.836,29.851,2.757
6382,31.961,29.132,2.858
6383,32.457,29.433,2.859
6384,33.229,30.277,2.748
6385,31.467,28.923,2.621
6386,31.961,29.287,2.834
6387,31.842,28.900,4.511
6388,32.178,29.926,5.452
6389,31.896,30.304,5.288
6390,32.318,30.060,4.134
6391,33.272,31.491,5.312
6392,32.788,30.396,4.752
6393,32.592,30.611,6.520
6394,32.513,30.709,5.572
6395,32.737,30.940,5.515
6396,32.859,31.500,7.213
6397,31.062,29.838,4.774
6398,32.531,30.989,4.640
6399,33.405,31.729,5.051
6400,32.762,30.728,6.702
6401,30.841,30.409,7.800
6402,31.900,29.179,5.551
6403,31.964,29.868,5.345
6404,32.681,31.008,5.805
6405,32.076,29.730,5.568
6406,31.392,29.546,7.706
6407,29.942,28.381,9.513
6408,30.936,28.976,9.782
6409,31.561,29.631,7.650
6410,28.974,28.287,7.544
6411,29.795,28.253,8.853
6412,29.320,28.126,9.091
6413,30.116,29.511,11.283
6414,28.864,28.342,9.998
6415,30.660,29.443,8.801
6416,29.645,29.179,9.626
6417,30.520,29.701,9.783
6418,30.685,30.811,10.631
6419,30.204,29.410,8.858
6420,30.198,29.204,9.456
6421,29.690,29.222,10.720
6422,31.492,30.663,9.131
6423,31.258,30.579,9.204
6424,29.850,29.053,10.513
6425,30.656,29.736,9.460
6426,31.684,29.946,9.065
6427,31.205,30.944,10.550
6428,31.946,31.076,8.792
6429,32.433,31.777,8.288
6430,33.038,30.974,8.359
6431,30.433,29.338,8.449
6432,31.609,30.996,8.793
6433,30.970,29.640,8.212
6434,32.173,31.314,8.657
6435,31.252,30.315,8.892
6436,32.146,30.553,8.609
6437,31.221,30.040,8.982
6438,30.611,29.486,7.677
6439,32.786,31.054,7.765
6440,30.628,29.755,8.451
6441,30.780,30.249,8.818
6442,32.347,31.326,7.490
6443,32.046,31.875,7.494
6444,32.405,30.945,9.209
6445,31.610,30.993,9.820
6446,30.610,29.713,9.169
6447,30.264,29.642,8.614
6448,31.695,29.549,6.824
6449,29.504,28.072,8.286
6450,30.846,30.305,8.624
6451,31.171,29.502,6.127
6452,30.768,29.952,6.399
6453,29.509,28.760,10.048
6454,29.803,29.076,10.232
6455,30.110,29.073,8.237
6456,30.012,29.132,7.934
6457,31.938,29.837,8.178
6458,31.148,28.086,8.480
6459,31.102,29.388,8.689
6460,30.371,28.852,7.965
6461,31.481,29.515,8.127
6462,30.049,28.606,7.825
6463,31.142,29.478,8.269
6464,30.648,29.663,8.287
6465,30.065,28.889,8.978
6466,31.406,29.782,8.354
6467,30.349,29.229,9.540
6468,29.905,29.203,8.443
6469,29.392,28.239,8.089
6470,30.385,28.878,8.010
6471,29.516,28.999,8.823
6472,30.135,29.487,8.554
6473,30.064,29.892,8.847
6474,30.677,30.093,8.478
6475,28.859,27.985,8.560
6476,31.794,30.334,8.200
6477,29.939,28.515,8.268
6478,27.722,26.483,10.418
6479,27.640,27.639,9.391
6480,28.226,28.315,9.854
6481,28.902,28.410,9.977
6482,27.899,27.438,10.505
6483,27.293,27.439,9.996
6484,27.865,27.889,10.275
6485,27.084,26.592,10.281
6486,28.118,26.604,10.579
6487,29.344,27.473,9.962
6488,28.004,27.557,9.826
6489,28.848,27.942,8.970
6490,28.215,27.503,9.897
6491,28.347,27.720,9.496
6492,28.705,27.742,9.788
6493,28.776,27.904,9.493
6494,30.138,30.064,8.467
6495,29.575,27.982,9.021
6496,28.146,27.506,9.277
6497,27.954,27.777,9.199
6498,28.421,26.784,9.815
6499,28.149,27.324,11.696
6500,29.364,28.148,9.600
6501,27.657,26.934,9.593
6502,28.240,27.331,9.284
6503,29.855,28.917,10.995
6504,29.420,28.927,9.887
6505,30.567,29.999,10.391
6506,28.078,28.195,9.718
6507,28.757,27.470,9.862
6508,27.119,26.890,10.550
6509,27.208,27.415,10.526
6510,30.534,26.466,9.630
6511,30.673,27.364,11.264
6512,31.274,28.031,11.250
6513,30.122,27.102,10.230
6514,27.452,27.444,9.728
6515,27.323,27.062,10.648
6516,27.964,27.241,10.123
6517,28.058,27.714,9.719
6518,28.157,27.254,10.409
6519,27.492,27.755,10.080
6520,27.914,27.408,9.284
6521,28.401,28.873,9.411
6522,27.890,28.055,10.907
6523,28.417,28.113,9.131
6524,28.933,28.946,7.959
6525,27.819,28.476,8.238
6526,29.646,28.523,9.131
6527,28.048,27.551,9.371
6528,29.291,28.970,9.227
6529,28.320,27.547,9.110
6530,28.427,28.511,9.509
6531,28.948,28.408,8.612
6532,28.718,29.157,9.242
6533,27.075,28.030,10.557
6534,28.590,28.258,9.907
6535,29.061,28.535,8.783
6536,27.413,27.565,10.693
6537,27.231,27.738,9.264
6538,27.371,27.304,10.848
6539,27.753,27.919,9.383
6540,25.995,26.911,11.172
6541,26.667,27.234,10.655
6542,27.412,27.484,10.514
6543,29.856,29.133,10.211
6544,29.737,29.210,9.479
6545,28.721,27.892,9.816
6546,28.997,28.559,8.040
6547,28.742,28.965,10.221
6548,27.691,28.061,10.100
6549,28.970,29.603,9.766
6550,26.884,27.550,11.118
6551,28.638,27.663,10.060
6552,29.084,29.415,10.293
6553,29.401,28.684,10.008
6554,29.675,28.816,10.415
6555,28.103,27.988,9.756
6556,27.416,27.304,10.152
6557,28.413,28.168,10.020
6558,27.352,26.995,9.700
6559,28.065,27.789,9.824
6560,27.965,27.694,9.509
6561,27.317,27.420,10.256
6562,28.666,28.899,9.540
6563,27.673,28.112,10.966
6564,27.341,26.543,9.944
6565,26.984,27.719,10.492
6566,28.744,28.747,11.259
6567,27.395,27.672,12.387
6568,27.585,27.923,11.394
6569,27.489,27.601,11.283
6570,27.887,28.155,10.412
6571,28.068,28.211,11.186
6572,28.982,28.102,10.751
6573,28.676,28.779,10.415
6574,28.961,28.436,10.837
6575,28.423,28.323,10.569
6576,28.464,27.585,9.522
6577,28.246,27.925,10.691
6578,28.831,28.414,9.932
6579,27.863,26.985,9.751
6580,28.627,27.910,9.796
6581,28.978,28.995,9.473
6582,28.805,28.300,8.931
6583,30.153,29.145,8.113
6584,32.313,30.921,7.056
6585,32.393,31.448,7.153
6586,29.892,28.934,9.167
6587,30.468,29.517,9.962
6588,28.183,27.600,9.736
6589,27.392,27.223,9.870
6590,27.667,27.369,10.122
6591,27.535,27.399,9.976
6592,27.283,27.199,10.003
6593,28.824,28.271,9.755
6594,27.724,27.544,10.428
6595,28.344,26.836,10.279
6596,28.972,28.257,11.069
6597,27.852,27.231,9.911
6598,29.027,28.277,10.811
6599,27.715,27.862,10.829
6600,29.978,29.359,9.873
6601,27.848,27.045,9.584
6602,28.191,28.009,9.191
6603,27.571,27.508,10.948
6604,28.108,27.356,10.022
6605,31.509,28.035,10.142
6606,30.481,27.353,10.309
6607,31.491,27.932,10.593
6608,31.749,28.025,10.305
6609,29.404,26.801,11.215
6610,31.090,28.421,9.745
6611,32.119,28.027,9.608
6612,29.622,27.306,10.531
6613,29.193,28.263,9.537
6614,28.795,27.441,10.101
6615,28.118,27.236,10.658
6616,29.145,28.508,8.554
6617,28.775,28.548,9.199
6618,28.180,28.129,9.683
6619,27.054,26.777,10.476
6620,28.525,28.214,9.967
6621,29.264,29.029,9.814
6622,28.712,28.340,10.705
6623,27.384,27.567,10.996
6624,28.854,29.224,10.378
6625,29.342,28.601,10.159
6626,28.607,28.513,11.344
6627,29.079,28.098,10.232
6628,28.922,28.647,10.597
6629,28.219,28.015,9.860
6630,28.932,28.117,10.374
6631,28.979,29.196,10.093
6632,29.696,30.054,10.148
6633,27.984,28.796,10.567
6634,28.396,27.713,9.241
6635,28.976,28.425,10.965
6636,28.973,27.708,9.847
6637,27.678,28.445,9.277
6638,29.835,29.450,9.616
6639,29.054,29.304,9.097
6640,29.559,29.361,8.551
6641,28.527,28.368,9.339
6642,28.969,27.953,10.022
6643,29.053,27.923,9.809
6644,29.703,29.450,10.614
6645,28.420,28.536,11.200
6646,26.540,26.948,9.998
6647,28.939,28.915,9.902
6648,28.287,28.561,10.084
6649,27.460,26.735,10.166
6650,27.688,28.091,9.652
6651,29.610,28.230,10.162
6652,28.016,27.392,9.726
6653,28.303,27.917,10.167
6654,30.294,29.819,9.800
6655,27.659,27.696,9.503
6656,28.004,28.097,10.913
6657,28.678,28.780,10.624
6658,29.259,29.295,10.274
6659,29.855,29.060,10.031
6660,29.026,28.833,11.447
6661,29.845,28.561,10.086
6662,28.021,27.319,9.624
6663,28.396,27.794,9.588
6664,27.695,27.798,9.591
6665,27.766,27.635,9.403
6666,27.536,27.598,9.058
6667,27.168,26.654,9.243
6668,30.268,29.744,9.520
6669,28.482,27.857,10.371
6670,28.518,27.802,9.308
6671,29.355,29.109,9.893
6672,29.891,28.269,10.485
6673,28.984,27.935,10.540
6674,29.381,28.551,10.481
6675,29.081,28.595,10.451
6676,27.449,27.070,10.028
6677,27.851,27.871,10.153
6678,30.681,29.741,10.065
6679,29.956,28.938,9.845
6680,27.485,27.444,10.273
6681,28.255,28.500,9.997
6682,28.968,28.928,10.508
6683,28.756,28.994,9.584
6684,29.393,29.286,9.232
6685,29.175,28.235,9.473
6686,27.231,27.768,9.652
6687,29.010,29.282,9.363
6688,29.684,29.218,10.160
6689,28.774,28.061,9.756
6690,29.074,29.587,9.730
6691,27.929,27.861,10.839
6692,29.118,28.732,9.928
6693,29.441,29.214,9.732
6694,27.067,27.342,11.494
6695,28.320,28.062,10.725
6696,28.340,27.903,10.877
6697,29.487,29.469,9.831
6698,26.265,27.069,10.864
6699,29.076,28.469,9.698
6700,28.559,28.361,11.289
6701,28.045,27.958,10.809
6702,27.484,27.969,11.171
6703,26.752,27.197,11.680
6704,27.419,27.790,10.645
6705,28.417,28.558,9.495
6706,28.840,28.834,9.737
6707,29.406,28.716,10.204
6708,28.325,28.533,9.710
6709,27.038,27.249,9.829
6710,29.380,28.946,9.529
6711,28.365,28.135,9.682
6712,28.974,28.975,9.403
6713,29.317,29.102,9.229
6714,27.604,27.920,10.546
6715,29.663,27.565,10.425
6716,29.488,27.268,9.756
6717,26.192,26.478,10.073
6718,27.163,26.931,9.837
6719,27.581,27.500,10.480
6720,27.522,27.608,9.607
6721,27.357,26.873,10.898
6722,26.855,26.982,9.450
6723,28.117,28.219,9.545
6724,28.547,27.860,9.330
6725,26.135,26.901,10.813
6726,28.926,28.491,9.961
6727,27.217,27.170,10.625
6728,26.948,27.541,11.677
6729,28.897,28.326,9.833
6730,27.909,27.288,10.457
6731,28.418,28.485,9.485
6732,28.021,27.215,9.810
6733,27.327,26.593,9.227
6734,30.075,28.126,9.821
6735,31.426,28.471,9.195
6736,31.461,28.292,9.324
6737,32.082,27.987,9.807
6738,32.176,28.203,8.480
6739,31.189,28.031,9.234
6740,32.699,29.469,10.816
6741,30.633,28.399,10.170
6742,28.387,27.835,10.444
6743,28.527,28.045,9.539
6744,28.592,28.095,9.675
6745,28.853,28.311,9.929
6746,29.757,29.347,9.568
6747,29.400,29.090,8.489
6748,29.228,28.119,8.803
6749,28.606,28.259,8.785
6750,28.035,27.833,9.920
6751,29.518,28.711,9.217
6752,29.156,28.346,9.406
6753,29.784,29.087,10.327
6754,28.901,28.531,10.358
6755,29.565,28.577,9.371
6756,28.512,28.042,9.524
6757,29.148,27.573,9.505
6758,28.442,28.473,10.844
6759,29.761,28.874,7.964
6760,27.982,27.621,9.616
6761,28.451,28.214,10.424
6762,31.723,28.412,9.487
6763,29.406,29.277,9.747
6764,30.378,29.417,9.765
6765,29.434,29.233,9.865
6766,29.448,28.546,9.014
6767,27.751,27.726,10.078
6768,29.798,28.977,9.313
6769,30.333,28.278,9.367
6770,29.293,28.860,9.234
6771,29.281,28.894,8.991
6772,30.464,28.585,9.356
6773,30.957,28.021,10.085
6774,28.678,28.502,9.398
6775,28.068,28.429,8.931
6776,28.914,28.168,10.549
6777,30.453,29.801,9.303
6778,28.021,27.744,10.339
6779,28.938,28.346,9.841
6780,29.673,29.071,10.234
6781,28.576,28.426,9.848
6782,30.194,29.613,8.697
6783,29.952,29.498,7.609
6784,28.780,28.954,9.281
6785,28.542,28.099,9.379
6786,29.529,29.638,8.462
6787,28.240,27.701,9.697
6788,28.056,27.823,10.280
6789,28.400,27.908,10.411
6790,27.878,27.344,9.862
6791,28.705,28.162,9.597
6792,27.530,27.713,10.571
6793,28.227,27.576,10.130
6794,30.925,28.420,8.884
6795,29.870,28.582,9.638
6796,27.196,26.661,10.351
6797,27.573,26.776,8.978
6798,27.841,27.312,8.639
6799,31.398,29.091,9.044
6800,31.804,28.663,9.655
6801,31.257,28.357,9.505
6802,30.293,27.894,10.514
6803,31.991,27.630,10.114
6804,31.949,28.846,8.759
6805,30.843,28.172,9.161
6806,30.112,27.812,9.170
6807,31.505,28.885,9.255
6808,31.587,28.368,10.525
6809,31.781,28.859,9.824
6810,30.129,27.614,8.856
6811,29.427,28.245,9.736
6812,31.288,28.988,9.441
6813,32.315,28.469,9.283
6814,30.775,28.367,10.236
6815,31.282,28.373,9.874
6816,31.108,29.080,9.924
6817,29.431,28.336,9.152
6818,29.023,28.313,9.694
6819,30.696,28.441,9.580
6820,30.559,28.709,9.282
6821,30.437,27.602,10.084
6822,29.730,28.585,10.785
6823,29.588,27.551,10.590
6824,28.935,27.488,9.477
6825,31.377,29.144,9.694
6826,29.689,28.211,9.779
6827,30.981,28.593,9.168
6828,31.085,28.005,8.829
6829,30.663,27.995,10.270
6830,31.856,28.773,9.926
6831,31.971,28.407,10.034
6832,30.794,28.009,9.485
6833,29.149,26.876,11.396
6834,30.354,28.255,9.680
6835,32.186,28.701,8.601
6836,29.882,28.155,9.464
6837,28.838,27.293,8.688
6838,32.015,28.686,7.681
6839,30.695,27.798,8.548
6840,30.473,30.220,8.965
6841,29.717,29.559,8.385
6842,30.005,29.212,8.141
6843,30.230,30.079,8.141
6844,29.138,29.258,8.749
6845,29.663,28.923,8.643
6846,29.545,28.532,8.208
6847,29.671,28.771,6.787
6848,30.165,29.523,8.663
6849,30.228,29.377,8.102
6850,30.882,29.323,5.815
6851,31.574,29.045,5.769
6852,29.512,28.471,8.810
6853,28.261,28.230,7.887
6854,27.970,27.473,10.434
6855,29.372,28.025,9.171
6856,28.415,28.198,8.466
6857,28.033,27.714,8.917
6858,28.987,28.810,9.159
6859,28.910,29.180,9.522
6860,30.939,28.717,7.313
6861,29.950,28.322,8.368
6862,31.000,28.784,8.010
6863,31.548,28.866,8.081
6864,30.034,29.559,6.074
6865,29.624,29.478,7.193
6866,29.100,28.519,7.390
6867,28.800,28.947,9.496
6868,30.384,29.190,8.330
6869,30.131,29.353,8.971
6870,29.596,28.317,6.839
6871,31.464,29.387,7.363
6872,29.422,28.594,8.243
6873,29.963,28.879,8.395
6874,27.682,27.635,9.004
6875,31.408,29.877,6.420
6876,31.301,29.958,8.976
6877,27.808,27.215,10.770
6878,26.388,26.833,10.938
6879,25.841,26.518,11.535
6880,27.851,28.114,10.109
6881,28.574,28.361,8.313
6882,30.606,29.341,6.887
6883,30.845,30.102,7.718
6884,30.391,29.238,8.858
6885,29.478,29.050,8.246
6886,29.608,29.366,9.084
6887,31.914,30.726,8.745
6888,29.439,29.209,10.897
6889,29.455,29.639,8.964
6890,30.958,29.894,7.893
6891,29.561,29.651,8.252
6892,29.285,28.982,9.316
6893,29.962,29.138,9.028
6894,29.069,28.910,8.215
6895,28.683,29.163,9.287
6896,29.840,29.553,8.127
6897,29.546,29.257,8.672
6898,29.668,29.177,8.106
6899,29.284,28.769,9.235
6900,28.844,28.742,8.346
6901,29.150,28.330,7.279
6902,30.322,29.462,7.846
6903,28.280,28.076,9.005
6904,25.330,25.650,10.742
6905,26.898,26.596,10.321
6906,26.569,25.949,9.950
6907,29.783,29.246,9.179
6908,29.102,28.639,9.305
6909,28.933,28.664,9.324
6910,30.328,28.925,8.364
6911,28.400,28.565,10.135
6912,29.978,29.638,8.758
6913,29.255,27.883,10.253
6914,29.213,28.828,8.007
6915,30.887,28.873,8.047
6916,29.770,28.797,8.594
6917,30.921,29.957,8.913
6918,29.349,28.838,9.713
6919,30.089,29.000,8.494
6920,29.721,29.020,9.396
6921,28.892,27.899,9.284
6922,31.217,29.721,7.849
6923,31.316,29.951,8.203
6924,30.399,29.242,8.228
6925,30.800,29.637,8.565
6926,30.901,29.779,8.029
6927,30.808,29.962,8.088
6928,30.371,29.284,9.161
6929,29.652,28.953,9.263
6930,31.393,28.381,8.860
6931,30.694,29.096,8.327
6932,30.506,29.701,8.377
6933,29.973,29.089,9.860
6934,29.759,28.598,9.020
6935,30.303,28.715,8.237
6936,30.495,29.444,8.741
6937,29.568,28.934,9.700
6938,30.982,29.772,8.599
6939,31.854,30.576,8.556
6940,30.566,29.578,8.730
6941,31.338,29.661,7.840
6942,31.872,29.009,9.002
6943,31.951,29.679,7.084
6944,32.860,31.021,6.628
6945,31.016,29.687,6.349
6946,32.023,31.064,8.617
6947,31.762,30.567,9.555
6948,30.355,30.038,9.598
6949,31.840,31.034,9.146
6950,31.609,30.783,7.717
6951,32.519,30.601,6.150
6952,33.207,31.097,6.307
6953,33.127,31.273,5.498
6954,32.173,30.625,6.480
6955,31.808,30.403,6.922
6956,33.005,30.891,5.811
6957,33.073,30.433,5.282
6958,32.077,29.817,2.759
6959,32.610,30.142,4.700
6960,33.459,30.680,4.502
6961,33.526,31.708,5.023
6962,33.512,31.300,4.421
6963,33.662,30.901,4.231
6964,32.479,30.495,4.987
6965,34.511,30.705,6.091
6966,35.824,31.058,5.334
6967,33.869,29.333,2.644
6968,33.538,29.498,2.768
6969,34.505,29.716,2.749
6970,34.388,30.432,5.130
6971,31.982,30.524,5.259
6972,34.821,30.703,5.086
6973,36.247,30.395,4.098
6974,34.195,30.043,2.622
6975,33.443,30.528,4.586
6976,33.099,29.958,5.292
6977,32.709,29.826,5.475
6978,34.699,29.949,2.606
6979,32.147,28.919,2.633
6980,33.038,30.223,2.756
6981,32.499,29.901,2.743
6982,32.415,30.674,4.941
6983,32.979,30.932,4.485
6984,33.127,30.180,4.649
6985,32.437,29.977,4.042
6986,31.367,29.062,2.759
6987,32.036,29.634,2.606
6988,32.350,29.923,3.966
6989,32.991,30.710,5.008
6990,31.998,30.256,5.477
6991,33.463,31.093,5.255
6992,33.080,30.958,5.159
6993,30.923,29.406,4.968
6994,33.087,31.443,5.392
6995,32.911,30.645,6.275
6996,32.952,31.003,6.147
6997,32.299,30.612,5.839
6998,32.461,30.565,4.671
6999,32.659,30.562,7.004
7000,33.383,31.243,5.377
7001,32.834,32.221,6.422
7002,32.192,30.216,6.341
7003,32.676,30.624,5.688
7004,32.413,30.220,5.044
7005,32.712,31.244,6.232
7006,33.036,30.933,5.573
7007,32.314,30.087,4.455
7008,33.461,30.774,4.719
7009,32.298,30.989,5.107
7010,33.055,31.244,6.240
7011,32.764,30.831,5.786
7012,32.602,30.834,5.493
7013,32.312,31.298,5.648
7014,32.832,31.470,6.218
7015,32.412,30.864,5.671
7016,33.696,31.502,6.340
7017,32.211,30.040,5.646
7018,33.368,30.814,6.184
7019,32.591,31.374,5.551
7020,32.773,30.964,5.389
7021,32.075,30.761,5.704
7022,33.040,31.056,6.128
7023,33.497,31.958,5.574
7024,34.530,31.636,4.691
7025,33.411,31.290,4.385
7026,33.838,31.557,4.824
7027,33.042,31.116,4.784
7028,33.987,30.876,4.993
7029,32.908,30.818,5.569
7030,33.286,30.945,4.483
7031,33.546,31.147,5.802
7032,33.281,31.274,5.359
7033,31.895,30.267,5.192
7034,33.179,32.128,5.398
7035,32.682,30.441,5.399
7036,33.075,30.642,5.271
7037,32.916,30.836,5.684
7038,31.829,30.190,5.132
7039,32.557,31.263,6.005
7040,32.573,30.839,5.311
7041,33.269,31.080,5.988
7042,33.778,31.313,5.291
7043,33.437,31.402,5.496
7044,33.328,30.821,4.909
7045,32.793,30.114,5.284
7046,32.642,30.309,5.286
7047,32.594,30.598,5.300
7048,32.925,30.736,6.176
7049,33.889,31.176,6.164
7050,32.877,31.044,5.717
7051,32.953,31.180,5.654
7052,32.510,30.286,5.618
7053,32.770,30.574,5.177
7054,32.190,30.386,5.260
7055,32.681,30.315,5.753
7056,33.146,31.667,5.556
7057,32.862,30.468,5.715
7058,33.005,30.598,4.844
7059,33.454,30.855,5.062
7060,32.486,30.089,4.693
7061,31.971,30.032,5.406
7062,32.524,29.715,5.654
7063,32.855,30.297,4.862
7064,33.445,30.728,5.570
7065,33.136,30.149,5.170
7066,32.836,30.078,4.536
7067,32.382,30.020,6.167
7068,32.831,30.703,4.796
7069,32.491,30.198,6.404
7070,33.397,30.544,6.062
7071,33.017,30.793,4.387
7072,32.962,30.277,5.808
7073,32.475,29.919,4.441
7074,32.243,30.455,5.586
7075,32.389,30.703,5.313
7076,32.208,30.562,6.323
7077,33.349,30.869,4.948
7078,32.534,30.127,4.870
7079,33.744,30.391,4.794
7080,33.493,31.063,4.889
7081,33.305,30.619,4.381
7082,32.458,30.608,5.708
7083,33.391,31.148,5.021
7084,33.334,30.828,6.279
7085,32.343,30.143,5.765
7086,32.550,30.657,6.218
7087,32.709,30.527,6.593
7088,32.994,30.764,5.841
7089,33.464,30.776,5.948
7090,32.610,30.964,5.628
7091,32.952,30.791,5.807
7092,32.258,29.807,6.117
7093,32.855,31.675,6.529
7094,32.861,31.730,5.822
7095,32.681,30.841,6.173
7096,31.935,29.739,5.122
7097,33.291,30.529,5.946
7098,32.025,30.599,6.109
7099,32.038,30.057,5.917
7100,32.454,30.646,4.631
7101,33.024,30.460,4.567
7102,33.007,31.250,5.121
7103,33.259,31.772,4.643
7104,32.885,30.690,6.095
7105,33.902,31.431,5.656
7106,32.937,31.142,5.368
7107,33.651,32.071,4.945
7108,32.524,29.350,2.732
7109,32.158,30.540,2.787
7110,33.285,30.492,2.805
7111,32.652,29.347,2.709
7112,32.935,29.618,2.590
7113,33.559,31.445,4.221
7114,32.628,30.906,5.432
7115,33.345,30.880,4.836
7116,33.007,31.068,5.454
7117,32.309,30.688,5.222
7118,33.051,30.687,5.035
7119,32.874,30.335,5.306
7120,31.967,29.671,5.641
7121,33.183,31.280,5.148
7122,32.587,30.649,4.410
7123,33.259,30.921,5.746
7124,32.777,30.728,6.247
7125,33.028,30.865,6.063
7126,33.062,31.480,5.352
7127,32.924,31.255,5.515
7128,33.041,30.816,4.687
7129,32.822,30.690,5.129
7130,32.931,31.516,5.795
7131,32.735,30.469,4.561
7132,33.361,31.359,4.874
7133,32.704,30.562,5.275
7134,33.488,31.247,5.713
7135,32.383,30.406,4.984
7136,33.226,30.101,5.021
7137,32.558,30.584,5.969
7138,32.644,31.766,5.157
7139,33.745,31.205,4.697
7140,33.268,30.575,5.645
7141,32.495,30.622,4.659
7142,33.252,30.568,4.612
7143,32.666,30.266,5.487
7144,33.329,30.810,5.034
7145,32.357,30.795,5.636
7146,32.474,30.713,5.698
7147,32.982,29.520,2.872
7148,33.233,30.350,2.821
7149,32.044,29.534,5.706
7150,31.669,30.076,5.024
7151,32.161,30.025,5.634
7152,31.929,29.783,5.114
7153,32.480,30.821,6.384
7154,32.035,29.995,4.950
7155,30.939,28.043,4.590
7156,32.105,30.019,7.428
7157,31.560,30.088,6.761
7158,28.991,28.233,9.422
7159,30.775,29.978,9.546
7160,27.004,26.010,9.805
7161,27.749,27.502,10.739
7162,27.813,27.443,10.004
7163,29.493,28.128,9.761
7164,28.546,27.910,10.314
7165,27.744,26.819,9.403
7166,27.968,28.094,10.378
7167,28.991,28.459,8.948
7168,30.427,28.952,8.478
7169,31.323,30.368,8.934
7170,31.385,29.872,8.711
7171,31.318,29.783,9.162
7172,31.425,30.371,9.356
7173,31.963,30.588,7.796
7174,29.798,28.644,9.836
7175,32.388,30.440,8.141
7176,31.817,30.882,7.689
7177,31.426,29.855,8.312
7178,31.664,29.833,5.219
7179,32.191,29.801,6.141
7180,32.311,30.557,7.515
7181,31.375,29.799,7.290
7182,33.073,30.039,6.662
7183,31.063,28.951,4.371
7184,31.973,29.143,4.816
7185,31.941,30.480,6.155
7186,31.865,30.478,6.006
7187,33.068,31.099,6.701
7188,32.095,30.182,8.077
7189,31.998,30.331,8.973
7190,30.578,30.286,8.219
7191,32.533,28.279,8.849
7192,32.271,29.069,8.982
7193,34.419,30.348,8.235
7194,33.034,29.412,7.602
7195,32.959,29.645,8.650
7196,33.205,30.244,7.045
7197,33.218,30.010,8.560
7198,32.559,29.971,8.314
7199,31.511,31.337,7.962
7200,32.284,31.069,7.876
7201,30.660,29.736,8.314
7202,30.073,29.685,7.791
7203,28.830,28.569,9.113
7204,30.832,29.898,7.966
7205,31.460,30.089,7.188
7206,32.048,30.392,6.007
7207,32.149,30.280,5.336
7208,30.875,28.792,4.313
7209,32.219,30.303,5.613
7210,31.218,29.643,4.048
7211,31.757,30.242,5.763
7212,31.132,30.189,6.421
7213,32.227,29.830,4.789
7214,30.403,28.410,3.665
7215,31.702,30.030,5.978
7216,32.030,29.336,5.138
7217,30.263,28.793,4.595
7218,31.665,29.531,4.160
7219,32.282,29.611,4.985
7220,30.505,28.618,4.459
7221,31.655,29.358,4.344
7222,32.471,29.478,4.348
7223,31.810,30.034,5.083
7224,30.975,28.458,4.288
7225,31.307,29.665,3.811
7226,30.589,29.297,5.300
7227,30.932,30.047,7.407
7228,30.707,30.495,8.146
7229,30.980,29.474,7.919
7230,31.519,30.578,7.794
7231,30.759,29.567,8.255
7232,31.038,29.379,8.452
7233,30.732,30.029,9.151
7234,32.821,31.616,6.677
7235,30.100,28.807,7.231
7236,30.228,29.302,6.638
7237,31.163,31.491,7.714
7238,33.033,31.463,6.641
7239,30.808,29.692,7.142
7240,28.990,28.378,10.456
7241,29.121,28.405,9.844
7242,28.250,27.957,8.830
7243,29.060,29.286,9.733
7244,29.128,27.405,9.010
7245,30.770,29.876,8.903
7246,31.694,30.386,8.645
7247,30.994,30.432,8.484
7248,29.219,28.787,8.533
7249,31.277,29.069,8.662
7250,31.301,29.967,8.480
7251,30.103,29.590,7.931
7252,29.113,27.761,4.831
7253,30.031,28.761,8.393
7254,29.317,28.223,7.237
7255,30.323,29.387,7.477
7256,30.122,29.677,9.261
7257,31.882,30.267,7.434
7258,31.904,28.797,7.633
7259,31.198,27.906,8.099
7260,33.254,30.030,7.662
7261,33.957,29.775,8.376
7262,32.859,29.201,6.543
7263,32.934,29.229,6.601
7264,31.853,29.738,7.599
7265,30.782,29.374,8.104
7266,33.387,30.494,7.735
7267,32.576,30.199,5.117
7268,32.196,29.929,5.425
7269,31.317,29.321,4.440
7270,32.500,29.845,4.618
7271,31.101,29.053,2.765
7272,30.483,28.203,2.616
7273,30.457,28.322,2.637
7274,35.450,30.283,5.003
7275,35.076,31.017,5.175
7276,34.252,30.021,4.538
7277,34.709,30.711,5.341
7278,34.673,30.838,4.455
7279,35.455,29.761,5.208
7280,34.248,29.961,3.195
7281,34.211,30.342,4.656
7282,32.781,29.785,4.592
7283,31.880,27.931,2.729
7284,33.248,30.011,2.776
7285,33.428,28.902,2.663
7286,32.815,28.475,2.784
7287,33.400,28.665,2.756
7288,34.931,30.587,5.372
7289,34.572,29.945,4.513
7290,32.739,28.734,4.370
7291,33.828,29.377,2.630
7292,32.890,28.253,2.659
7293,33.079,28.723,2.580
7294,33.051,29.204,2.680
7295,33.282,29.040,2.858
7296,34.870,30.531,4.903
7297,35.486,31.368,5.159
7298,34.269,30.038,6.156
7299,34.891,31.716,7.437
7300,35.000,30.229,5.524
7301,35.870,31.243,5.421
7302,35.147,29.983,4.490
7303,33.772,29.647,4.031
7304,32.902,28.797,4.521
7305,33.616,29.006,2.587
7306,32.940,28.382,4.486
7307,32.303,28.566,4.530
7308,32.680,28.545,3.997
7309,32.620,28.742,3.411
7310,33.918,28.517,2.740
7311,31.541,29.253,4.460
7312,29.631,28.137,4.263
7313,30.005,28.244,2.645
7314,30.172,28.260,2.716
7315,30.106,28.128,4.201
7316,32.190,28.563,2.653
7317,30.617,28.986,4.200
7318,30.384,29.278,4.097
7319,30.256,28.295,2.673
7320,30.932,28.696,4.398
7321,30.020,28.464,4.122
7322,30.918,28.962,4.526
7323,30.292,28.407,3.693
7324,30.438,28.748,4.044
7325,31.306,29.757,4.242
7326,31.785,29.366,4.392
7327,30.896,28.648,4.524
7328,31.175,28.394,2.980
7329,30.353,28.563,4.471
7330,30.994,29.656,4.684
7331,30.769,28.354,2.660
7332,31.565,29.864,4.261
7333,31.109,29.337,3.039
7334,31.056,28.702,2.654
7335,32.275,30.537,5.935
7336,32.529,31.380,6.489
7337,31.664,29.636,6.512
7338,31.951,30.694,5.292
7339,31.626,30.321,5.774
7340,31.448,30.252,6.479
7341,31.300,29.822,6.462
7342,29.593,28.683,5.256
7343,30.791,29.915,5.420
7344,30.384,28.963,5.806
7345,31.201,29.453,6.077
7346,30.707,29.554,7.471
7347,30.639,29.697,6.338
7348,31.490,29.833,6.743
7349,31.769,30.166,6.496
7350,31.729,30.116,5.572
7351,32.276,31.468,6.176
7352,32.939,30.312,5.050
7353,31.862,29.380,4.549
7354,30.956,29.225,3.618
7355,32.587,30.233,4.818
7356,32.204,30.424,5.791
7357,32.023,30.043,5.547
7358,31.908,29.980,2.906
7359,31.593,30.428,4.487
7360,32.298,30.549,4.675
7361,31.551,29.541,4.576
7362,31.865,30.238,4.359
7363,30.943,29.035,4.712
7364,30.638,28.564,4.177
7365,31.204,28.576,3.976
7366,30.273,29.121,4.558
7367,30.677,28.553,3.916
7368,31.319,28.853,2.589
7369,31.603,29.333,2.659
7370,30.718,28.838,2.572
7371,31.095,28.980,2.862
7372,30.987,28.560,2.744
7373,29.772,28.177,2.605
7374,30.053,28.084,2.778
7375,31.046,30.079,3.721
7376,31.089,29.238,3.555
7377,30.513,29.127,2.638
7378,32.112,29.436,2.661
7379,32.496,30.779,4.995
7380,32.513,30.657,5.551
7381,30.924,29.595,4.772
7382,32.264,30.350,4.517
7383,32.600,30.637,4.385
7384,32.448,31.233,4.981
7385,32.695,30.309,4.906
7386,32.043,30.459,4.952
7387,32.416,29.844,4.528
7388,32.794,30.793,5.787
7389,32.654,30.654,4.779
7390,33.217,31.021,5.352
7391,33.216,30.862,5.597
7392,32.363,30.959,5.213
7393,33.260,31.168,5.012
7394,31.907,31.078,6.102
7395,33.015,30.826,5.088
7396,36.207,32.514,8.379
7397,34.783,30.258,6.090
7398,34.776,30.455,4.836
7399,34.705,30.771,5.020
7400,34.869,30.539,5.261
7401,34.371,30.720,4.922
7402,34.337,30.974,4.842
7403,33.993,29.498,4.557
7404,33.931,30.988,7.521
7405,34.505,30.073,8.397
7406,33.998,30.012,8.599
7407,32.534,29.411,8.896
7408,33.677,28.926,6.860
7409,32.763,28.376,6.408
7410,33.219,29.986,7.517
7411,32.020,29.079,6.709
7412,34.126,30.643,8.081
7413,34.536,30.042,6.729
7414,33.510,30.173,6.088
7415,35.419,29.697,7.449
7416,34.629,30.087,7.216
7417,33.265,28.881,7.353
7418,34.227,29.776,7.821
7419,34.865,29.134,7.413
7420,31.612,29.293,6.609
7421,30.810,28.783,7.562
7422,30.606,28.903,7.782
7423,31.438,29.898,7.229
7424,31.597,28.912,7.439
7425,30.574,29.525,6.404
7426,31.183,29.254,6.233
7427,30.454,29.887,6.548
7428,29.678,28.880,7.039
7429,30.679,29.451,7.531
7430,32.946,31.207,6.180
7431,32.877,31.673,5.629
7432,33.410,30.226,4.817
7433,33.608,31.310,5.202
7434,32.335,30.595,5.284
7435,33.557,31.235,5.184
7436,33.470,30.811,5.452
7437,33.024,31.374,5.168
7438,33.328,31.387,6.040
7439,32.474,30.471,5.782
7440,32.893,31.425,5.352
7441,32.834,30.657,5.255
7442,33.028,30.811,4.772
7443,33.784,31.288,5.593
7444,35.441,30.827,4.727
7445,34.668,30.283,5.284
7446,34.635,29.463,5.360
7447,35.597,31.104,5.988
7448,33.651,29.942,4.477
7449,34.542,30.558,5.540
7450,35.139,29.853,5.307
7451,32.681,29.118,5.155
7452,32.171,29.708,5.478
7453,31.432,29.920,8.138
7454,31.203,29.506,7.321
7455,31.511,29.642,7.304
7456,32.041,30.089,8.795
7457,31.755,29.827,7.251
7458,30.487,29.892,8.660
7459,31.465,29.527,7.500
7460,31.174,29.679,9.099
7461,30.895,29.587,7.310
7462,31.363,29.975,8.241
7463,32.757,30.888,8.074
7464,32.254,30.607,8.707
7465,32.903,30.888,7.710
7466,32.205,30.310,7.909
7467,32.727,30.143,7.808
7468,31.834,30.583,7.392
7469,32.899,30.927,8.643
7470,33.233,30.981,7.917
7471,31.693,30.461,7.713
7472,32.335,30.704,6.573
7473,31.559,30.208,6.598
7474,32.621,29.840,5.020
7475,32.704,30.708,4.864
7476,32.327,29.506,2.619
7477,31.730,28.933,2.815
7478,31.789,30.044,4.134
7479,33.244,31.129,5.245
7480,33.544,31.088,5.239
7481,32.054,29.701,4.431
7482,33.096,29.979,3.858
7483,32.861,31.418,5.601
7484,32.319,30.124,5.204
7485,32.604,29.927,4.586
7486,32.556,30.183,3.923
7487,32.244,30.325,4.432
7488,32.488,29.516,3.916
7489,32.324,30.824,4.668
7490,31.902,31.213,5.380
7491,30.977,28.613,2.579
7492,33.134,31.368,5.369
7493,32.659,30.289,5.418
7494,31.946,29.013,3.164
7495,31.613,29.152,2.669
7496,31.209,28.890,2.567
7497,32.134,29.643,2.592
7498,31.989,29.753,2.717
7499,31.567,28.553,2.814
7500,30.862,28.580,2.721
7501,31.958,29.455,2.657
7502,32.186,29.346,2.683
7503,32.896,29.821,2.743
7504,30.939,28.408,5.259
7505,30.506,28.105,5.887
7506,32.041,29.797,5.599
7507,32.293,29.092,2.681
7508,32.679,29.967,2.789
7509,32.046,28.665,2.641
7510,31.832,29.399,2.691
7511,32.021,29.416,2.601
7512,31.343,29.631,2.522
7513,31.399,29.406,2.754
7514,32.210,30.654,2.663
7515,31.913,29.793,3.489
7516,31.831,29.200,2.724
7517,32.115,29.905,2.673
7518,31.486,29.172,2.642
7519,32.433,29.550,2.815
7520,32.315,30.098,2.586
7521,32.216,30.077,2.662
7522,31.070,29.651,2.568
7523,30.502,28.435,2.628
7524,31.845,29.670,2.717
7525,31.352,28.403,2.670
7526,32.427,29.166,3.426
7527,31.317,28.442,2.754
7528,32.279,29.915,2.624
7529,31.702,28.889,2.629
7530,32.102,29.442,2.575
7531,30.591,29.057,2.713
7532,30.153,28.843,2.697
7533,31.808,29.194,2.794
7534,31.699,29.012,2.742
7535,30.379,28.385,2.754
7536,30.908,29.009,2.711
7537,31.324,29.503,2.672
7538,32.185,28.843,2.699
7539,31.534,29.203,2.656
7540,31.571,29.118,2.774
7541,31.751,28.838,2.718
7542,32.218,29.068,2.773
7543,31.865,29.378,2.787
7544,31.680,28.821,2.728
7545,31.898,29.027,2.685
7546,31.795,29.543,2.996
7547,31.499,29.162,2.891
7548,31.040,29.055,2.605
7549,30.374,29.149,2.650
7550,30.830,28.429,2.585
7551,31.856,29.262,2.678
7552,30.906,29.093,2.916
7553,32.568,29.945,2.659
7554,31.162,28.873,2.597
7555,32.258,29.155,2.755
7556,31.593,29.206,2.789
7557,31.966,29.367,2.576
7558,32.327,29.088,2.728
7559,31.832,29.319,2.648
7560,32.574,30.133,2.865
7561,32.276,29.498,2.907
7562,30.969,28.502,2.543
7563,32.474,30.687,5.951
7564,31.470,30.370,6.545
7565,30.404,29.146,8.160
7566,32.325,29.658,7.851
7567,33.404,29.518,7.254
7568,33.310,30.084,8.160
7569,31.747,28.714,9.909
7570,31.791,29.229,9.930
7571,31.148,29.080,9.207
7572,28.433,28.854,9.596
7573,28.908,29.344,9.198
7574,29.279,28.767,9.068
7575,30.102,29.933,8.428
7576,28.271,27.789,9.368
7577,29.007,29.363,9.551
7578,30.750,30.257,8.196
7579,31.307,30.447,7.848
7580,29.721,29.715,7.743
7581,30.135,29.357,7.742
7582,30.856,31.625,8.510
7583,30.815,30.139,9.627
7584,29.178,29.182,9.058
7585,28.756,29.156,9.531
7586,30.701,30.720,7.785
7587,29.328,28.496,8.053
7588,28.912,29.107,9.045
7589,32.051,31.757,7.875
7590,29.373,28.584,6.541
7591,29.670,28.914,9.781
7592,31.348,30.510,8.160
7593,30.601,29.669,7.916
7594,31.039,30.130,7.736
7595,30.610,30.268,7.383
7596,30.048,30.326,7.979
7597,30.102,29.164,7.523
7598,29.654,29.112,8.316
7599,29.653,29.457,8.532
7600,29.150,28.820,9.133
7601,30.600,29.860,9.244
7602,27.524,27.403,9.495
7603,30.340,29.137,8.404
7604,28.492,28.738,10.052
7605,29.503,29.078,9.006
7606,30.360,29.243,8.717
7607,29.597,29.304,8.966
7608,29.990,29.554,8.130
7609,29.848,29.855,7.734
7610,29.566,27.775,4.215
7611,32.368,28.009,4.817
7612,33.048,30.264,7.821
7613,33.188,29.902,6.862
7614,32.247,28.944,7.707
7615,32.261,29.484,8.666
7616,31.991,29.360,9.380
7617,30.187,28.189,9.400
7618,33.938,30.509,8.418
7619,32.573,29.401,9.205
7620,32.413,28.513,9.102
7621,31.920,29.145,8.689
7622,33.020,29.168,10.066
7623,33.114,29.292,10.479
7624,32.687,29.260,8.738
7625,32.717,30.041,9.831
7626,31.429,28.978,10.090
7627,31.943,28.056,9.373
7628,32.137,29.364,8.965
7629,32.201,28.894,9.293
7630,31.749,29.253,10.503
7631,30.806,28.138,10.149
7632,31.837,28.878,10.060
7633,31.532,28.536,8.805
7634,32.217,29.279,10.438
7635,32.569,29.706,9.696
7636,31.782,29.111,9.442
7637,32.832,29.468,10.092
7638,33.494,30.274,10.335
7639,33.095,29.819,8.404
7640,32.092,28.681,9.402
7641,32.216,28.664,7.254
7642,31.853,27.765,5.613
7643,33.292,28.394,5.021
7644,32.674,28.299,4.807
7645,31.846,28.546,5.214
7646,31.862,29.163,7.560
7647,31.734,28.897,7.890
7648,32.769,28.732,5.959
7649,34.010,29.556,5.745
7650,33.203,28.411,5.887
7651,31.884,28.690,5.558
7652,33.664,29.726,5.594
7653,33.649,29.474,5.409
7654,34.182,29.365,6.506
7655,33.238,28.836,5.297
7656,33.304,29.218,7.604
7657,29.759,29.341,8.429
7658,28.700,28.778,8.562
7659,30.155,30.162,7.576
7660,30.778,29.837,6.551
7661,29.426,28.662,8.781
7662,29.641,28.426,8.134
7663,31.304,29.210,7.018
7664,31.238,29.084,6.380
7665,28.425,27.836,9.834
7666,27.936,27.937,9.828
7667,28.398,27.807,9.955
7668,27.329,26.539,9.732
7669,27.447,26.953,10.306
7670,28.603,28.556,11.618
7671,29.921,29.001,9.618
7672,28.378,27.624,9.028
7673,29.492,28.778,8.860
7674,30.005,29.606,8.486
7675,31.404,30.675,7.394
7676,30.928,30.464,6.089
7677,32.131,31.020,6.650
7678,32.371,30.187,6.016
7679,32.387,31.327,6.481
7680,30.914,30.287,6.893
7681,31.532,29.865,5.576
7682,32.321,30.549,4.561
7683,32.361,30.768,6.893
7684,30.498,29.927,9.205
7685,32.600,31.242,6.851
7686,32.191,30.665,5.715
7687,32.707,31.302,6.123
7688,32.619,31.586,7.577
7689,32.972,31.628,6.537
7690,33.207,31.160,5.893
7691,32.264,30.348,5.383
7692,32.735,31.360,5.133
7693,31.965,31.022,6.601
7694,32.569,31.071,5.889
7695,33.046,31.078,5.024
7696,32.563,30.397,5.559
7697,32.829,30.841,5.394
7698,32.546,30.738,5.369
7699,32.661,30.523,6.701
7700,32.377,30.453,4.706
7701,33.113,31.319,5.551
7702,32.955,31.271,5.905
7703,33.009,31.117,5.767
7704,32.940,31.475,5.670
7705,31.671,30.112,4.913
7706,31.146,29.974,5.980
7707,32.448,31.466,4.987
7708,32.454,31.000,5.080
7709,33.332,30.691,5.915
7710,35.656,30.520,5.175
7711,34.645,30.638,5.111
7712,34.866,30.705,4.543
7713,32.984,30.981,5.264
7714,32.441,30.902,5.000
7715,32.429,30.712,5.766
7716,32.615,31.006,5.080
7717,32.745,30.906,4.337
7718,33.323,31.342,4.602
7719,32.534,31.474,5.219
7720,32.802,31.516,6.104
7721,33.747,31.983,5.932
7722,32.966,31.075,6.827
7723,33.090,31.113,7.221
7724,32.342,30.649,6.872
7725,33.250,31.424,5.828
7726,32.468,31.275,5.993
7727,33.629,31.692,5.197
7728,33.576,31.724,5.640
7729,33.307,31.161,5.158
7730,33.223,31.569,4.217
7731,33.031,31.429,4.837
7732,32.576,30.984,5.053
7733,31.736,30.953,5.239
7734,32.096,30.852,5.142
7735,33.229,30.588,4.611
7736,32.085,31.212,5.351
7737,33.517,31.342,5.498
7738,31.809,31.173,5.281
7739,33.102,31.398,5.537
7740,34.650,31.065,6.376
7741,34.423,30.820,5.989
7742,34.737,31.067,5.409
7743,34.560,31.113,4.722
7744,34.153,30.989,4.950
7745,34.680,31.007,5.724
7746,32.606,31.533,5.338
7747,32.534,31.341,5.797
7748,33.180,30.771,5.635
7749,32.039,30.668,6.955
7750,33.660,31.538,5.282
7751,32.277,31.061,7.371
7752,31.580,30.712,7.702
7753,31.639,30.655,7.705
7754,33.033,31.392,6.110
7755,33.467,30.376,5.337
7756,32.209,31.351,5.419
7757,32.958,30.678,6.185
7758,32.357,30.688,5.212
7759,32.247,31.029,5.037
7760,33.013,31.605,5.444
7761,32.258,31.137,5.576
7762,32.582,30.907,5.153
7763,31.957,30.320,4.913
7764,32.445,30.716,4.891
7765,33.669,31.171,5.914
7766,33.589,30.753,5.850
7767,34.100,30.648,5.082
7768,34.522,31.151,5.703
7769,34.405,30.977,5.448
7770,35.696,30.839,4.877
7771,35.198,31.655,5.915
7772,34.470,30.489,5.694
7773,33.970,30.713,5.265
7774,33.856,29.952,5.187
7775,35.441,31.614,5.297
7776,34.090,30.009,5.398
7777,34.323,30.494,4.608
7778,34.339,30.725,5.189
7779,35.243,30.768,5.199
7780,34.574,30.722,5.426
7781,34.747,30.396,5.160
7782,34.572,31.084,6.213
7783,34.895,30.665,5.978
7784,34.458,30.832,5.153
7785,34.722,30.838,5.508
7786,34.175,30.459,5.414
7787,34.280,30.834,5.253
7788,35.198,30.341,5.501
7789,35.197,31.212,6.040
7790,35.524,30.572,5.841
7791,34.873,31.033,6.137
7792,34.987,31.754,5.590
7793,33.746,30.613,5.236
7794,35.803,31.391,5.880
7795,34.291,30.605,6.154
7796,35.024,31.505,5.765
7797,35.287,31.190,5.449
7798,35.005,30.621,5.816
7799,35.085,31.331,6.358
7800,35.352,30.570,5.874
7801,35.578,30.780,4.961
7802,34.465,30.828,6.112
7803,35.126,30.778,5.191
7804,34.563,31.090,5.548
7805,34.612,29.919,5.162
7806,35.581,30.092,5.692
7807,34.388,30.461,4.860
7808,35.725,30.342,4.759
7809,34.205,29.923,4.821
7810,35.979,31.336,5.395
7811,36.474,30.958,5.068
7812,34.149,30.378,5.288
7813,35.709,30.631,5.057
7814,34.510,30.370,4.927
7815,35.756,31.506,5.830
7816,34.253,30.262,5.013
7817,35.392,30.385,4.851
7818,34.821,30.154,5.564
7819,34.416,29.627,4.923
7820,34.920,29.486,4.610
7821,34.194,29.433,5.106
7822,35.220,30.685,5.431
7823,35.062,30.470,4.765
7824,35.726,31.200,5.419
7825,34.360,30.045,4.476
7826,35.758,31.556,5.109
7827,35.715,30.861,4.863
7828,35.872,30.870,5.708
7829,36.175,30.690,5.194
7830,35.095,30.477,5.655
7831,35.656,31.020,5.275
7832,35.425,31.588,5.949
7833,35.740,31.538,7.093
7834,35.722,30.572,5.756
7835,34.107,30.466,6.343
7836,32.624,31.090,5.120
7837,32.494,31.199,5.950
7838,32.586,30.735,5.845
7839,32.103,30.652,5.699
7840,32.227,30.126,5.823
7841,31.902,29.981,5.097
7842,32.764,30.821,5.764
7843,34.248,30.768,5.720
7844,33.608,29.215,5.130
7845,32.521,30.755,4.902
7846,33.162,30.005,5.084
7847,33.624,30.256,5.992
7848,33.851,29.877,5.285
7849,34.306,31.111,4.915
7850,34.486,30.382,5.366
7851,34.023,29.770,5.050
7852,33.334,30.315,5.251
7853,32.841,30.285,5.763
7854,32.663,31.237,6.064
7855,32.532,30.565,6.142
7856,32.349,30.332,5.743
7857,33.111,30.874,5.419
7858,33.517,31.352,5.667
7859,32.839,30.966,5.678
7860,32.695,30.960,5.128
7861,33.006,30.965,4.923
7862,32.587,30.218,5.160
7863,35.133,30.238,4.787
7864,34.691,29.523,4.918
7865,34.513,30.791,4.828
7866,34.592,30.218,5.186
7867,35.463,30.530,5.725
7868,36.330,30.767,5.567
7869,34.981,29.667,4.740
7870,34.842,30.623,5.466
7871,34.440,30.689,5.534
7872,34.570,30.344,5.914
7873,33.107,30.046,4.816
7874,33.347,30.106,4.834
7875,31.631,30.181,5.222
7876,31.349,30.532,5.113
7877,31.885,29.993,5.174
7878,31.951,30.315,4.896
7879,32.176,30.267,5.445
7880,31.937,30.153,5.165
7881,31.837,30.842,5.185
7882,31.328,29.430,5.133
7883,31.644,30.026,5.145
7884,31.863,30.807,5.545
7885,31.762,29.629,4.736
7886,32.587,30.931,5.361
7887,32.260,31.028,5.385
7888,32.781,31.068,6.501
7889,32.022,30.671,5.285
7890,33.002,31.189,5.709
7891,32.666,30.363,5.123
7892,32.575,30.958,5.078
7893,32.124,30.222,5.196
7894,31.262,29.594,5.260
7895,31.758,30.623,5.537
7896,32.515,30.011,5.612
7897,32.558,30.003,5.155
7898,33.180,30.148,4.907
7899,33.121,30.652,4.702
7900,31.790,29.833,4.774
7901,32.577,31.568,5.607
7902,31.691,30.501,5.411
7903,32.454,30.851,5.052
7904,33.645,31.216,5.469
7905,33.191,30.587,6.037
7906,32.329,30.503,5.308
7907,31.914,30.321,5.591
7908,32.464,30.538,4.897
7909,32.373,30.869,6.238
7910,33.012,30.862,5.513
7911,32.157,30.059,4.861
7912,33.470,31.109,5.526
7913,33.373,30.985,5.256
7914,33.425,30.919,5.146
7915,32.859,30.306,4.942
7916,32.893,30.637,5.272
7917,32.609,29.999,5.177
7918,33.474,30.963,4.875
7919,32.331,30.016,4.767
7920,33.323,31.064,5.154
7921,34.094,31.297,4.264
7922,32.744,31.112,5.880
7923,33.033,30.450,5.903
7924,33.887,30.593,5.615
7925,36.748,30.715,5.648
7926,32.854,30.913,5.784
7927,31.718,30.560,5.865
7928,35.432,30.723,5.073
7929,34.950,31.036,5.517
7930,32.721,30.857,6.770
7931,31.633,30.795,5.627
7932,31.545,30.875,5.025
7933,32.129,29.803,2.849
7934,32.738,31.197,4.733
7935,32.310,30.719,4.526
7936,31.985,29.904,2.756
7937,33.554,30.774,4.804
7938,32.216,31.330,6.129
7939,31.396,29.869,4.528
7940,32.512,30.515,5.786
7941,31.881,29.687,5.360
7942,31.734,29.572,4.757
7943,32.184,31.487,5.685
7944,32.472,31.205,5.825
7945,32.289,30.705,6.073
7946,32.284,31.018,5.829
7947,31.029,30.422,5.152
7948,32.140,30.745,5.189
7949,32.275,30.525,4.993
7950,32.038,30.446,5.357
7951,33.111,30.801,5.228
7952,31.787,29.942,5.331
7953,31.422,30.600,5.985
7954,33.073,31.699,6.217
7955,32.232,31.050,5.668
7956,31.452,29.973,4.401
7957,32.190,30.017,4.961
7958,32.610,31.513,5.600
7959,32.966,30.866,5.552
7960,33.188,30.970,5.842
7961,31.529,30.205,5.127
7962,32.472,30.590,5.312
7963,31.837,30.481,4.985
7964,32.477,30.785,5.280
7965,33.201,30.316,4.880
7966,35.139,30.533,5.465
7967,35.203,30.255,4.786
7968,33.784,29.582,4.596
7969,35.240,30.722,5.027
7970,32.218,30.292,4.831
7971,32.505,30.692,5.526
7972,32.586,30.372,4.926
7973,33.162,31.095,5.155
7974,32.933,30.571,5.563
7975,33.700,31.193,5.674
7976,32.581,30.934,5.158
7977,32.427,30.790,4.782
7978,32.580,30.061,5.063
7979,33.208,31.192,6.440
7980,33.698,30.466,5.626
7981,32.596,30.650,5.626
7982,35.305,30.545,5.249
7983,35.900,30.608,5.437
7984,34.041,30.362,5.087
7985,33.100,30.701,5.380
7986,34.087,31.484,6.182
7987,32.698,30.763,5.615
7988,32.513,30.076,5.677
7989,32.989,30.187,5.100
7990,33.019,30.628,5.673
7991,32.976,30.656,4.371
7992,32.480,30.852,5.518
7993,32.346,30.022,5.871
7994,32.855,30.224,5.424
7995,32.376,31.119,6.572
7996,31.911,29.505,5.148
7997,32.564,30.450,6.188
7998,33.367,31.323,5.372
7999,32.450,30.313,5.862
8000,32.970,30.756,5.657
8001,32.258,29.879,5.425
8002,32.885,30.073,5.399
8003,32.441,29.744,5.296
8004,32.417,30.189,5.156
8005,31.962,29.900,5.047
8006,32.854,29.957,5.518
8007,32.276,30.412,5.416
8008,32.295,30.002,4.892
8009,32.983,30.517,5.312
8010,32.830,29.888,5.462
8011,33.618,30.093,4.420
8012,32.750,30.465,5.742
8013,33.040,30.782,5.247
8014,32.734,29.463,4.672
8015,32.135,30.291,5.067
8016,32.592,30.095,5.515
8017,31.745,30.221,5.336
8018,31.812,28.919,3.918
8019,32.717,30.366,4.840
8020,32.465,29.795,2.793
8021,33.167,29.975,3.741
8022,32.523,29.142,2.561
8023,33.213,30.002,4.509
8024,32.272,29.160,2.759
8025,31.989,29.751,2.743
8026,32.069,28.895,2.649
8027,31.920,29.372,2.651
8028,32.380,29.269,2.790
8029,32.686,30.418,5.323
8030,31.743,29.103,5.300
8031,31.922,29.845,4.928
8032,34.486,30.005,4.799
8033,33.156,29.202,4.353
8034,34.598,30.554,5.344
8035,34.709,30.137,4.796
8036,32.927,30.135,4.556
8037,35.366,31.348,5.278
8038,35.325,31.197,5.415
8039,31.699,30.868,5.522
8040,32.456,30.198,4.715
8041,32.716,30.403,4.781
8042,31.801,30.283,4.440
8043,31.978,30.425,5.503
8044,33.386,29.748,4.547
8045,34.206,30.243,5.461
8046,34.996,30.760,4.858
8047,34.179,30.651,5.502
8048,34.225,31.041,5.491
8049,34.556,30.702,5.322
8050,34.763,31.046,6.247
8051,34.291,30.714,6.022
8052,32.408,30.771,5.920
8053,34.050,30.203,4.636
8054,35.374,31.395,5.255
8055,35.025,31.205,6.023
8056,34.946,31.013,5.608
8057,33.748,29.590,5.123
8058,32.758,31.192,5.556
8059,32.865,31.124,5.002
8060,31.920,29.975,6.012
8061,32.366,31.156,5.103
8062,32.321,29.849,4.192
8063,31.092,29.354,2.636
8064,31.258,29.346,2.563
8065,31.161,29.748,2.626
8066,32.299,29.756,2.683
8067,32.313,30.135,2.805
8068,31.202,29.265,2.633
8069,30.702,29.291,2.668
8070,30.898,29.086,2.664
8071,32.081,30.220,2.819
8072,32.242,30.090,5.140
8073,32.021,30.407,5.217
8074,32.660,30.681,5.639
8075,32.279,30.437,5.599
8076,32.636,30.423,5.369
8077,32.672,30.841,6.175
8078,32.568,31.216,6.333
8079,32.134,30.788,8.879
8080,32.582,30.923,6.613
8081,32.643,30.916,7.653
8082,33.300,31.262,8.182
8083,32.762,30.646,7.351
8084,31.398,29.881,7.927
8085,33.149,31.017,7.784
8086,32.351,30.438,7.540
8087,31.265,29.678,8.330
8088,32.427,31.084,7.317
8089,32.551,29.914,7.498
8090,33.276,29.592,8.920
8091,32.671,29.367,8.590
8092,32.457,29.750,8.380
8093,32.359,30.032,7.760
8094,31.107,30.325,8.154
8095,32.615,30.950,8.576
8096,32.307,30.586,8.522
8097,31.863,29.959,8.216
8098,33.405,31.258,8.572
8099,33.346,31.296,8.999
8100,32.364,30.583,8.439
8101,32.186,30.859,8.985
8102,32.091,30.326,9.183
8103,32.985,30.888,8.720
8104,31.968,30.187,8.710
8105,31.727,30.557,7.938
8106,33.362,31.489,7.870
8107,32.081,31.038,8.277
8108,31.257,30.109,7.825
8109,30.874,29.346,8.413
8110,32.057,29.916,6.897
8111,32.330,29.809,5.485
8112,32.347,30.701,5.132
8113,32.247,31.328,5.970
8114,33.413,31.949,4.462
8115,33.391,31.221,4.807
8116,35.466,30.054,4.469
8117,35.721,30.652,5.562
8118,33.370,31.738,5.594
8119,32.831,31.222,5.120
8120,33.946,31.863,7.817
8121,33.126,32.298,8.419
8122,32.678,31.733,7.136
8123,32.225,30.783,7.086
8124,31.288,30.594,6.893
8125,31.564,30.681,8.170
8126,32.476,30.363,7.332
8127,33.108,31.653,7.383
8128,34.712,32.446,7.667
8129,34.401,31.889,6.613
8130,33.355,31.627,8.141
8131,34.040,32.744,8.509
8132,34.845,32.404,8.122
8133,35.923,33.174,7.518
8134,34.468,31.721,5.616
8135,34.405,31.582,6.113
8136,33.753,32.318,5.102
8137,34.088,31.911,5.943
8138,35.709,31.379,4.889
8139,36.178,31.312,4.735
8140,36.065,31.398,6.051
8141,33.145,31.113,5.604
8142,32.633,31.170,4.627
8143,33.245,31.128,5.068
8144,32.490,30.737,4.461
8145,33.226,30.201,4.672
8146,32.269,30.918,5.690
8147,33.262,30.582,6.248
8148,32.483,30.288,6.550
8149,32.772,31.322,6.947
8150,31.579,30.277,6.314
8151,32.667,31.290,7.801
8152,31.504,30.108,6.580
8153,31.431,30.511,6.415
8154,32.170,30.358,5.445
8155,31.378,29.748,7.086
8156,32.388,30.067,7.317
8157,31.400,29.524,5.467
8158,32.686,30.055,4.954
8159,33.581,31.015,5.113
8160,32.164,30.537,5.413
8161,34.577,32.010,5.795
8162,33.562,31.043,5.767
8163,33.064,30.897,4.747
8164,32.814,30.967,5.677
8165,32.072,30.503,5.182
8166,32.973,31.123,4.686
8167,32.981,30.875,5.649
8168,31.958,30.685,5.871
8169,33.176,29.557,5.041
8170,31.820,29.460,4.889
8171,32.310,29.704,4.930
8172,32.035,29.964,4.431
8173,32.006,29.634,2.953
8174,32.055,29.033,2.541
8175,32.028,29.525,2.650
8176,31.487,29.676,2.673
8177,32.165,29.579,2.636
8178,32.858,30.387,2.952
8179,31.958,29.693,2.768
8180,33.777,30.842,2.641
8181,32.023,29.846,2.760
8182,32.247,29.949,2.490
8183,32.382,29.934,2.735
8184,32.189,30.095,2.661
8185,32.088,30.078,2.524
8186,31.426,30.595,2.699
8187,31.784,30.508,2.639
8188,31.999,29.788,2.565
8189,33.400,30.476,2.683
8190,31.340,28.815,2.800
8191,31.719,29.778,2.698
8192,31.087,29.089,2.719
8193,31.833,29.206,2.867
8194,31.860,29.317,2.841
8195,31.464,29.427,2.750
8196,31.945,29.540,2.791
8197,32.255,29.987,2.582
8198,31.590,29.397,2.687
8199,31.474,29.296,2.772
8200,32.175,30.177,2.692
8201,32.056,29.826,2.777
8202,32.227,30.668,2.812
8203,32.461,30.208,2.706
8204,32.121,29.811,2.668
8205,31.641,29.748,2.789
8206,31.991,29.867,2.739
8207,32.470,29.679,2.748
8208,32.584,30.384,2.901
8209,31.188,28.926,2.702
8210,33.019,30.347,2.734
8211,32.945,30.910,6.936
8212,33.165,30.494,4.986
8213,32.256,30.542,6.340
8214,32.381,30.189,5.803
8215,32.055,30.019,5.665
8216,32.555,30.238,6.797
8217,32.480,30.570,4.924
8218,32.046,29.977,4.616
8219,31.353,29.641,6.123
8220,30.725,29.038,6.125
8221,30.794,29.395,7.280
8222,31.926,29.623,4.864
8223,31.580,29.484,7.239
8224,31.092,29.120,7.352
8225,29.875,29.186,7.962
8226,31.833,29.727,7.629
8227,30.508,29.812,8.627
8228,32.002,30.932,8.476
8229,31.887,30.730,8.903
8230,31.770,30.479,8.345
8231,30.986,29.878,9.503
8232,30.214,29.741,7.990
8233,31.644,30.167,8.972
8234,31.027,29.728,8.804
8235,29.760,28.611,7.969
8236,30.626,29.331,7.370
8237,30.950,29.744,7.594
8238,31.223,29.770,7.448
8239,31.248,30.019,7.815
8240,31.291,29.729,8.241
8241,30.416,29.556,9.203
8242,31.178,29.769,10.132
8243,29.806,28.939,8.766
8244,30.060,29.377,8.606
8245,31.137,29.731,8.894
8246,29.778,29.326,8.435
8247,30.297,29.055,9.685
8248,30.223,29.125,8.194
8249,34.043,29.903,7.218
8250,33.033,29.540,9.093
8251,34.395,29.528,9.057
8252,34.355,30.370,7.073
8253,33.263,28.483,4.388
8254,32.076,29.299,4.899
8255,33.468,29.216,4.642
8256,34.300,30.058,5.556
8257,33.924,30.278,5.743
8258,34.714,30.719,8.729
8259,33.197,30.010,8.865
8260,32.269,28.993,7.102
8261,33.470,30.457,7.655
8262,33.226,30.442,7.229
8263,33.840,29.742,6.251
8264,33.391,29.790,5.625
8265,32.467,29.121,7.234
8266,33.871,30.986,7.141
8267,33.246,30.023,6.740
8268,33.204,29.488,7.852
8269,33.321,29.753,6.893
8270,32.664,29.399,6.816
8271,31.533,29.752,6.941
8272,31.456,29.841,6.686
8273,30.756,28.845,4.385
8274,30.105,29.642,8.447
8275,34.390,30.982,7.003
8276,30.570,29.542,8.844
8277,31.221,29.605,8.075
8278,30.713,29.864,8.601
8279,31.463,29.791,7.581
8280,35.736,32.357,8.216
8281,34.716,30.987,7.327
8282,33.787,30.631,7.586
8283,34.353,30.826,7.085
8284,37.022,33.020,6.441
8285,34.943,31.601,5.353
8286,34.987,31.138,5.066
8287,34.047,30.357,5.333
8288,34.857,30.610,7.447
8289,33.164,29.641,6.964
8290,35.181,31.450,6.236
8291,35.245,31.109,5.948
8292,34.736,31.159,6.844
8293,34.555,31.569,6.465
8294,33.871,31.022,7.761
8295,34.868,30.917,8.725
8296,34.205,30.726,6.974
8297,34.166,30.140,6.819
8298,33.557,29.629,6.398
8299,34.972,30.460,6.491
8300,34.221,30.243,7.318
8301,34.779,30.704,6.102
8302,34.950,31.266,7.460
8303,35.441,29.543,7.005
8304,35.205,30.466,7.201
8305,33.841,30.396,6.435
8306,32.842,31.422,7.166
8307,32.739,30.997,7.158
8308,33.168,30.726,7.441
8309,35.400,30.697,6.669
8310,34.690,30.681,7.350
8311,36.006,31.045,7.145
8312,34.953,30.693,7.245
8313,34.447,30.275,6.799
8314,34.337,30.062,7.819
8315,32.227,29.739,7.198
8316,31.489,29.121,6.800
8317,31.659,29.442,7.107
8318,32.738,29.394,7.239
8319,32.185,29.948,7.988
8320,32.361,29.244,9.309
8321,33.434,30.771,8.579
8322,30.570,28.596,9.069
8323,34.657,31.512,7.626
8324,31.748,30.555,7.117
8325,33.208,32.050,7.385
8326,33.296,32.022,6.981
8327,31.122,30.472,9.342
8328,31.393,30.264,9.801
8329,31.432,30.130,8.898
8330,29.936,29.123,8.746
8331,29.951,29.602,9.584
8332,28.380,27.571,9.343
8333,31.233,30.142,9.256
8334,29.417,27.868,9.824
8335,29.143,28.460,10.021
8336,30.171,28.948,9.434
8337,29.867,29.094,9.436
8338,28.271,27.252,10.079
8339,30.395,29.233,9.578
8340,30.427,29.460,10.823
8341,30.407,30.150,9.676
8342,28.648,28.171,10.047
8343,29.054,28.064,9.410
8344,29.097,28.796,10.169
8345,30.055,29.025,9.503
8346,29.972,28.966,9.955
8347,30.031,29.413,11.240
8348,31.734,29.877,8.765
8349,29.188,28.324,10.136
8350,31.224,29.564,9.509
8351,30.029,29.193,8.871
8352,30.425,29.126,8.976
8353,30.558,29.620,10.340
8354,30.386,29.766,9.239
8355,30.259,29.440,10.809
8356,29.327,29.277,10.023
8357,29.590,28.730,9.360
8358,30.247,28.954,9.351
8359,30.122,29.040,9.678
8360,30.877,29.953,10.344
8361,30.873,29.727,9.376
8362,30.472,29.546,9.743
8363,29.320,28.970,9.991
8364,29.242,29.138,8.989
8365,29.034,29.071,10.948
8366,28.662,28.429,10.349
8367,28.988,28.742,10.139
8368,30.820,29.710,9.286
8369,30.294,29.913,8.984
8370,30.455,28.695,10.098
8371,28.608,28.426,10.105
8372,30.382,29.696,9.206
8373,29.288,28.884,10.637
8374,29.788,28.325,8.994
8375,29.708,28.942,8.794
8376,31.896,30.321,9.435
8377,29.528,28.796,9.524
8378,29.393,28.384,9.363
8379,29.252,28.132,9.240
8380,28.108,27.317,10.042
8381,28.632,27.673,9.395
8382,29.951,29.682,9.390
8383,29.130,28.021,9.896
8384,27.990,27.879,9.491
8385,29.501,29.135,10.108
8386,29.142,27.845,9.542
8387,29.325,28.933,9.741
8388,29.979,28.532,9.510
8389,29.927,28.583,9.594
8390,29.523,27.950,9.626
8391,29.035,28.351,10.264
8392,28.772,28.204,11.122
8393,28.813,28.553,9.992
8394,29.242,28.204,9.596
8395,28.714,28.128,10.776
8396,29.320,28.421,11.297
8397,28.427,27.903,9.984
8398,29.668,28.793,9.227
8399,29.234,28.498,10.285
8400,28.276,27.652,11.114
8401,29.963,28.558,10.026
8402,30.508,29.305,8.087
8403,30.524,28.568,6.410
8404,31.978,30.826,7.903
8405,30.183,29.427,9.013
8406,31.822,29.716,5.965
8407,30.475,29.303,7.260
8408,28.593,28.663,8.806
8409,30.376,28.869,8.361
8410,30.171,29.482,8.270
8411,30.764,29.762,6.869
8412,31.378,30.147,8.255
8413,30.936,30.010,7.979
8414,32.036,30.895,7.093
8415,32.101,30.764,7.255
8416,32.641,31.149,7.646
8417,31.235,29.372,7.168
8418,31.366,30.459,6.940
8419,31.381,30.076,5.654
8420,31.181,30.072,7.309
8421,31.651,30.474,6.778
8422,31.297,30.135,7.125
8423,32.264,30.877,6.582
8424,32.425,31.136,7.193
8425,31.074,30.106,8.651
8426,31.177,29.307,7.619
8427,31.988,29.875,7.686
8428,30.984,30.043,8.387
8429,30.295,29.149,8.736
8430,31.261,29.105,8.639
8431,32.319,30.398,8.257
8432,30.828,29.838,8.878
8433,31.682,30.272,7.444
8434,31.662,30.377,7.384
8435,30.989,30.284,7.431
8436,31.983,29.758,8.130
8437,30.584,29.475,6.103
8438,31.654,29.655,6.037
8439,31.841,31.064,8.044
8440,31.902,31.253,8.396
8441,32.338,30.850,8.623
8442,31.255,29.490,8.628
8443,29.876,28.799,7.388
8444,31.733,30.745,8.262
8445,32.806,31.140,7.545
8446,32.632,31.504,7.820
8447,32.649,30.821,8.548
8448,31.740,30.768,10.928
8449,32.653,31.310,9.869
8450,32.910,31.154,11.055
8451,32.763,31.637,11.860
8452,33.669,31.514,9.683
8453,33.195,31.833,10.088
8454,30.901,29.579,10.562
8455,30.847,29.235,10.605
8456,30.046,29.299,10.225
8457,32.424,30.749,7.828
8458,32.301,30.846,8.372
8459,33.389,30.568,8.375
8460,31.758,30.362,8.539
8461,29.823,29.199,9.231
8462,29.549,28.832,9.928
8463,31.501,30.173,8.310
8464,31.608,29.901,6.969
8465,31.397,29.243,6.405
8466,28.795,28.035,9.912
8467,29.850,28.635,9.587
8468,30.536,29.320,10.081
8469,30.130,28.492,9.346
8470,28.735,27.713,10.146
8471,29.081,27.990,9.940
8472,30.523,29.546,9.812
8473,29.399,28.801,10.176
8474,28.785,27.875,9.895
8475,30.738,29.114,9.752
8476,29.276,28.498,10.065
8477,29.313,28.823,8.576
8478,30.602,29.196,9.080
8479,28.227,27.612,8.289
8480,29.903,27.889,10.412
8481,30.298,28.743,9.498
8482,29.871,28.763,10.022
8483,29.442,28.415,8.839
8484,30.119,28.656,10.705
8485,29.528,28.201,9.843
8486,29.907,28.704,9.109
8487,28.800,28.140,8.925
8488,29.613,28.528,9.655
8489,30.448,28.522,7.911
8490,29.322,28.933,9.999
8491,29.696,28.556,8.636
8492,29.745,28.926,8.958
8493,31.397,30.220,8.976
8494,31.890,30.413,7.785
8495,31.588,30.042,8.398
8496,31.275,29.861,9.952
8497,34.046,30.305,10.131
8498,31.689,28.476,10.058
8499,33.051,27.965,10.197
8500,30.965,27.797,10.828
8501,32.799,29.052,9.703
8502,31.766,27.986,10.321
8503,30.006,27.919,9.874
8504,32.493,28.827,9.759
8505,31.057,29.492,10.000
8506,28.797,28.266,11.684
8507,30.181,29.260,10.492
8508,31.053,29.518,9.830
8509,29.529,28.420,10.484
8510,29.178,28.675,10.057
8511,29.677,28.826,9.958
8512,27.878,27.134,10.671
8513,28.859,27.555,10.042
8514,28.979,28.218,10.152
8515,29.163,28.422,9.799
8516,30.380,29.252,10.428
8517,28.853,28.111,9.699
8518,29.428,27.823,10.589
8519,29.151,27.591,10.874
8520,29.297,28.642,10.553
8521,30.153,29.426,10.033
8522,29.002,27.772,11.234
8523,29.937,28.988,9.813
8524,28.991,27.816,9.601
8525,27.876,27.268,12.504
8526,28.985,28.363,12.329
8527,28.617,27.965,11.924
8528,29.384,28.950,10.577
8529,29.670,28.810,9.755
8530,30.194,29.381,9.503
8531,29.284,28.594,9.115
8532,30.830,29.877,11.365
8533,31.151,29.158,9.442
8534,30.782,28.944,10.981
8535,30.503,29.080,10.106
8536,30.172,29.381,9.759
8537,30.984,29.846,10.398
8538,30.879,29.074,9.000
8539,30.284,28.588,8.851
8540,30.886,30.280,8.906
8541,28.852,28.506,10.746
8542,29.867,29.133,9.869
8543,28.966,28.827,10.586
8544,30.775,30.069,10.203
8545,32.206,30.447,8.364
8546,32.270,30.887,8.751
8547,32.418,31.113,7.129
8548,31.885,30.470,7.185
8549,32.987,31.927,8.323
8550,32.477,30.708,8.365
8551,32.952,31.308,7.371
8552,31.209,30.494,8.366
8553,32.766,32.447,8.212
8554,32.381,31.413,9.298
8555,32.584,30.771,6.965
8556,33.082,31.363,6.887
8557,31.067,29.476,9.865
8558,33.468,31.020,8.020
8559,31.519,30.230,9.514
8560,32.997,31.514,8.127
8561,33.223,31.531,6.867
8562,32.570,31.228,7.285
8563,33.795,31.517,9.589
8564,32.480,31.003,7.673
8565,32.521,30.666,6.622
8566,33.737,31.678,7.751
8567,33.282,31.668,8.230
8568,33.007,30.862,8.151
8569,32.898,31.497,8.402
8570,32.721,31.476,7.817
8571,33.952,32.462,8.415
8572,32.253,30.523,5.799
8573,33.720,31.060,7.102
8574,32.647,30.596,7.354
8575,31.654,30.583,7.422
8576,31.018,29.564,8.722
8577,31.308,29.595,8.214
8578,34.141,31.597,6.884
8579,31.657,29.955,8.577
8580,29.896,28.700,8.914
8581,30.793,29.123,8.939
8582,30.780,29.996,8.649
8583,31.403,29.833,7.978
8584,31.212,29.625,7.874
8585,32.389,29.681,7.451
8586,32.270,30.587,7.867
8587,32.127,30.012,6.674
8588,32.578,31.028,8.052
8589,32.567,30.570,8.765
8590,32.705,31.039,8.089
8591,32.776,31.107,7.276
8592,30.823,29.462,8.514
8593,27.142,26.305,11.165
8594,27.613,27.200,11.002
8595,26.724,26.294,10.504
8596,27.141,26.160,10.848
8597,26.706,25.909,11.484
8598,27.963,26.786,10.783
8599,27.745,26.330,10.849
8600,27.903,27.018,11.096
8601,27.956,27.050,11.947
8602,29.293,27.754,9.795
8603,27.148,26.973,10.787
8604,28.424,27.750,10.506
8605,29.235,28.487,10.878
8606,29.339,28.329,10.480
8607,28.612,27.431,10.387
8608,29.284,28.550,9.751
8609,29.874,29.205,10.000
8610,30.113,29.272,10.206
8611,29.515,28.675,9.821
8612,29.858,28.807,9.884
8613,30.165,28.896,8.221
8614,29.901,28.969,9.218
8615,29.598,28.628,9.453
8616,29.096,28.409,10.111
8617,28.568,28.070,9.270
8618,28.383,27.882,9.366
8619,29.917,28.679,9.683
8620,30.271,28.809,9.176
8621,30.351,28.561,9.994
8622,29.045,28.752,9.799
8623,30.127,29.313,10.224
8624,28.156,27.976,9.840
8625,28.492,28.129,9.303
8626,30.125,28.442,9.448
8627,30.171,28.702,8.979
8628,30.519,29.992,9.683
8629,30.513,30.041,9.150
8630,29.878,29.135,8.993
8631,28.702,28.447,10.359
8632,28.619,27.577,10.393
8633,29.329,28.113,9.264
8634,29.573,27.869,8.054
8635,29.970,29.135,8.022
8636,30.423,28.826,8.314
8637,32.388,29.965,6.852
8638,30.398,28.778,7.838
8639,30.586,28.496,8.686
8640,30.351,29.415,7.575
8641,28.398,27.084,9.614
8642,29.968,28.153,7.617
8643,31.530,29.142,6.857
8644,30.751,29.587,8.625
8645,30.046,28.549,9.459
8646,29.565,29.353,10.468
8647,29.350,28.116,9.590
8648,29.315,29.011,9.916
8649,30.879,28.304,10.279
8650,33.056,29.321,9.225
8651,33.543,29.568,9.968
8652,32.484,29.572,10.359
8653,30.649,28.096,10.999
8654,31.649,28.213,10.506
8655,32.161,28.686,10.083
8656,31.317,27.320,11.353
8657,31.026,26.666,10.573
8658,32.521,28.416,10.219
8659,32.051,27.180,10.067
8660,30.598,28.081,9.322
8661,30.866,27.407,9.883
8662,31.391,28.120,10.571
8663,33.643,29.116,10.200
8664,32.069,28.346,10.049
8665,32.374,28.973,10.179
8666,32.103,29.002,9.828
8667,31.766,27.370,9.751
8668,33.185,29.543,9.811
8669,33.565,28.724,9.679
8670,32.186,27.601,11.289
8671,32.642,28.472,9.265
8672,32.550,28.770,10.187
8673,32.099,28.341,11.051
8674,33.304,29.718,9.275
8675,31.624,26.823,11.027
8676,31.738,27.499,9.817
8677,31.783,27.945,9.184
8678,32.586,28.163,9.397
8679,31.551,28.339,10.150
8680,32.569,27.235,10.115
8681,32.683,27.710,11.240
8682,31.597,27.708,10.730
8683,29.926,27.389,11.926
8684,31.084,25.624,9.406
8685,31.467,26.932,9.932
8686,30.309,27.432,10.321
8687,33.111,28.713,9.730
8688,30.152,27.467,9.706
8689,30.375,27.499,10.923
8690,31.499,27.632,9.593
8691,30.280,26.862,9.986
8692,30.492,26.503,10.012
8693,31.420,27.684,10.203
8694,29.508,25.835,10.392
8695,29.832,27.879,10.069
8696,28.328,26.851,10.498
8697,30.232,29.213,9.847
8698,29.322,28.358,10.109
8699,30.097,28.525,9.461
8700,28.712,27.814,9.096
8701,28.891,27.737,8.908
8702,28.815,27.590,10.250
8703,29.345,27.970,9.928
8704,29.539,27.956,9.747
8705,29.556,27.204,9.424
8706,28.631,27.841,9.122
8707,30.103,28.212,9.775
8708,29.840,28.468,9.402
8709,29.971,27.902,10.515
8710,29.010,27.547,10.763
8711,30.707,28.399,8.073
8712,28.268,27.010,10.104
8713,29.280,27.840,10.179
8714,30.395,29.202,10.129
8715,30.984,29.316,9.850
8716,30.523,28.818,9.531
8717,29.991,28.499,9.931
8718,31.203,29.366,10.299
8719,30.709,29.014,9.720
8720,32.222,30.514,9.631
8721,30.215,29.219,10.379
8722,29.574,28.687,10.014
8723,31.050,29.334,9.649
8724,30.992,29.230,8.882
8725,30.778,28.968,9.121
8726,31.082,29.303,9.830
8727,31.116,29.273,10.659
8728,30.207,28.412,9.159
8729,29.811,28.472,9.275
8730,30.146,28.469,9.853
8731,29.844,27.531,9.867
8732,29.885,28.633,9.926
8733,29.398,27.961,10.698
8734,30.574,29.450,9.374
8735,30.501,29.371,8.720
8736,30.060,29.525,8.889
8737,29.852,29.653,9.616
8738,28.892,28.074,9.299
8739,30.321,29.123,9.631
8740,30.102,28.878,10.072
8741,30.077,28.638,8.870
8742,31.229,29.338,9.279
8743,29.668,28.697,10.502
8744,28.922,28.457,9.685
8745,29.470,29.075,9.479
8746,29.404,28.287,10.315
8747,29.457,28.375,9.478
8748,28.858,27.991,9.519
8749,28.103,27.205,10.346
8750,26.487,26.818,11.352
8751,28.529,27.485,9.608
8752,28.386,27.738,10.234
8753,28.376,27.239,10.579
8754,30.633,29.563,9.903
8755,28.382,28.391,10.178
8756,29.460,29.013,10.731
8757,30.510,29.800,9.939
8758,29.095,28.725,10.685
8759,30.730,29.384,8.839
8760,30.998,30.007,9.845
8761,29.822,28.727,10.261
8762,28.295,26.918,9.296
8763,29.851,29.615,10.022
8764,29.992,29.164,9.076
8765,28.924,28.701,9.551
8766,30.020,28.902,9.219
8767,27.825,27.461,8.974
8768,28.727,28.734,9.680
8769,29.240,28.306,9.486
8770,28.955,27.745,7.792
8771,28.366,27.097,9.356
8772,29.999,29.005,8.529
8773,29.526,28.809,9.283
8774,29.094,28.105,9.375
8775,29.343,28.313,9.349
8776,29.774,29.378,9.379
8777,29.548,30.045,9.657
8778,30.227,29.192,9.616
8779,28.501,28.514,10.059
8780,29.384,28.464,10.357
8781,30.640,29.331,9.519
8782,29.928,29.427,9.524
8783,31.131,29.757,9.081
8784,30.145,28.618,9.237
8785,29.187,29.489,10.308
8786,29.321,28.635,9.827
8787,31.245,30.082,9.296
8788,29.616,28.890,8.305
8789,29.687,28.520,9.297
8790,28.913,28.206,9.986
8791,30.267,28.592,10.052
8792,30.072,29.376,9.984
8793,29.459,28.925,10.508
8794,29.912,28.422,9.906
8795,29.876,29.243,10.287
8796,30.417,29.233,10.250
8797,30.061,29.796,8.928
8798,30.128,28.799,9.220
8799,30.394,28.466,9.881
8800,30.760,29.090,9.060
8801,28.812,27.674,10.060
8802,30.601,29.751,9.881
8803,29.417,28.709,9.618
8804,29.195,27.737,9.557
8805,29.540,28.835,10.228
8806,29.359,28.576,10.199
8807,29.186,28.659,9.870
8808,31.001,30.543,8.900
8809,31.535,30.266,9.253
8810,33.435,30.328,8.800
8811,31.144,29.058,9.874
8812,31.099,29.711,10.281
8813,29.423,28.259,9.699
8814,30.247,29.033,9.469
8815,30.101,29.254,9.639
8816,29.697,28.490,9.059
8817,29.837,29.179,10.066
8818,30.048,28.948,9.011
8819,31.290,29.433,9.623
8820,30.689,28.714,9.156
8821,29.314,28.733,9.572
8822,30.295,28.568,9.248
8823,29.277,27.519,8.676
8824,29.591,28.228,9.989
8825,28.477,27.865,9.845
8826,29.639,28.845,9.997
8827,28.120,27.200,10.009
8828,29.159,28.378,10.497
8829,29.293,29.012,9.829
8830,30.128,29.380,10.258
8831,29.400,28.491,10.159
8832,30.267,29.345,10.533
8833,30.855,29.275,9.629
8834,31.784,30.876,9.451
8835,30.262,29.653,9.685
8836,31.828,30.494,8.133
8837,32.543,31.083,7.350
8838,32.146,30.941,7.504
8839,31.971,30.390,7.447
8840,31.204,29.795,8.714
8841,29.973,28.097,8.467
8842,29.666,27.994,8.244
8843,30.303,29.128,8.433
8844,28.685,27.938,8.489
8845,27.765,27.749,9.549
8846,29.444,28.298,9.228
8847,28.585,28.172,10.911
8848,28.599,28.660,9.291
8849,29.366,29.020,11.570
8850,32.403,29.301,9.729
8851,29.621,28.813,9.533
8852,30.129,28.367,9.349
8853,29.126,28.326,9.880
8854,29.132,28.939,10.524
8855,29.082,29.648,10.354
8856,29.081,28.303,9.873
8857,27.472,27.312,10.304
8858,29.543,28.582,9.669
8859,28.257,27.478,10.319
8860,27.686,26.900,9.981
8861,30.750,27.884,10.394
8862,30.729,28.155,10.070
8863,31.695,28.008,9.621
8864,32.857,29.211,9.878
8865,31.154,28.022,10.467
8866,31.591,29.079,10.172
8867,30.843,27.884,10.018
8868,31.454,29.238,10.040
8869,32.203,28.142,9.853
8870,32.234,29.703,9.353
8871,31.091,29.011,9.777
8872,29.284,28.954,9.696
8873,28.008,27.173,10.016
8874,28.862,28.614,10.127
8875,29.076,28.225,9.474
8876,29.008,28.492,9.008
8877,26.794,26.662,10.088
8878,28.403,29.011,11.203
8879,28.793,28.429,9.537
8880,28.273,28.081,10.673
8881,28.677,27.994,9.175
8882,26.412,26.936,9.338
8883,29.847,29.875,7.101
8884,28.349,28.710,10.241
8885,29.321,28.763,9.439
8886,29.226,29.228,9.016
8887,29.902,27.929,10.113
8888,29.196,28.517,8.528
8889,31.697,30.445,7.276
8890,30.825,29.679,7.458
8891,29.512,28.798,8.455
8892,29.884,28.604,7.905
8893,30.785,29.501,8.813
8894,29.554,28.666,9.529
8895,29.094,28.866,8.632
8896,29.416,28.446,8.625
8897,30.443,30.011,8.146
8898,29.496,29.593,8.377
8899,29.214,28.118,8.760
8900,30.237,29.139,9.126
8901,28.056,27.253,9.215
8902,29.841,28.979,7.955
8903,30.595,29.389,7.490
8904,31.211,29.026,4.133
8905,31.164,29.437,4.992
8906,31.564,29.275,2.835
8907,31.219,29.579,4.945
8908,32.215,30.155,4.822
8909,31.891,30.345,4.979
8910,32.165,30.023,5.283
8911,32.790,30.499,5.417
8912,32.385,30.898,7.026
8913,31.854,30.048,7.284
8914,31.757,29.261,4.093
8915,30.535,28.800,3.933
8916,31.633,29.834,4.808
8917,31.608,28.073,2.683
8918,32.537,30.759,4.622
8919,32.659,29.987,4.888
8920,34.351,30.610,4.218
8921,35.028,30.359,5.183
8922,34.739,30.552,4.858
8923,34.406,30.441,6.682
8924,34.683,30.071,6.208
8925,35.200,30.571,4.588
8926,34.791,31.148,5.004
8927,32.664,30.577,5.706
8928,31.729,29.966,5.138
8929,30.961,29.730,4.784
8930,31.984,30.263,4.608
8931,32.102,30.169,4.898
8932,30.843,29.993,7.188
8933,31.188,30.163,8.355
8934,31.459,30.634,6.803
8935,32.717,29.760,6.083
8936,31.415,30.452,6.351
8937,31.336,29.972,6.557
8938,32.166,30.182,8.332
8939,32.092,30.232,6.933
8940,31.391,30.814,8.228
8941,31.100,30.181,7.638
8942,31.568,30.126,8.385
8943,31.024,29.974,8.247
8944,31.077,29.664,8.238
8945,32.487,30.522,8.065
8946,32.791,30.272,5.620
8947,31.965,30.460,7.136
8948,31.947,30.222,5.951
8949,32.044,31.334,5.366
8950,32.621,29.770,7.661
8951,31.887,30.552,6.868
8952,31.695,30.182,7.549
8953,32.772,30.908,5.015
8954,32.373,31.212,8.188
8955,32.459,30.232,5.909
8956,32.561,30.945,7.093
8957,32.964,31.023,6.308
8958,33.055,30.737,6.409
8959,33.721,31.461,7.782
8960,33.779,31.602,6.622
8961,32.643,30.448,6.219
8962,33.136,31.318,6.504
8963,32.388,31.004,7.991
8964,31.892,30.682,8.745
8965,32.055,30.197,9.127
8966,32.051,30.620,7.524
8967,33.521,31.145,8.216
8968,32.246,30.790,7.084
8969,31.442,29.910,7.636
8970,32.766,31.199,8.152
8971,31.874,30.474,6.867
8972,32.914,30.591,6.439
8973,32.002,30.172,5.886
8974,32.527,30.917,7.030
8975,32.037,29.456,5.567
8976,33.074,30.355,6.577
8977,32.648,29.507,5.818
8978,32.631,29.910,5.786
8979,32.888,31.096,5.809
8980,32.679,30.718,5.224
8981,31.549,29.865,5.252
8982,32.240,30.283,5.670
8983,33.002,30.754,5.255
8984,32.440,30.463,5.726
8985,32.570,30.345,5.292
8986,33.163,30.335,5.371
8987,32.062,29.843,5.438
8988,33.220,30.661,5.355
8989,32.688,30.642,5.765
8990,33.674,31.849,5.520
8991,33.239,30.831,5.318
8992,34.425,31.446,5.882
8993,33.138,31.326,6.297
8994,33.064,30.973,4.757
8995,31.765,29.263,3.324
8996,31.831,29.318,2.850
8997,31.551,29.274,3.727
8998,30.941,28.288,2.900
8999,31.956,29.175,3.545
9000,31.627,29.075,2.757
9001,31.711,29.080,2.711
9002,31.394,28.757,2.882
9003,31.830,29.188,2.654
9004,31.913,29.348,2.810
9005,32.611,29.798,2.854
9006,32.530,30.497,2.802
9007,32.353,29.156,2.547
9008,32.793,29.502,2.780
9009,32.105,29.358,2.652
9010,31.331,29.071,2.666
9011,35.040,29.414,2.907
9012,34.049,28.869,2.548
9013,35.426,29.924,2.698
9014,34.261,29.969,2.751
9015,34.354,29.555,2.553
9016,36.093,31.006,4.829
9017,34.977,29.354,2.721
9018,33.148,29.631,2.767
9019,32.826,29.103,2.679
9020,32.045,28.965,2.571
9021,31.862,29.106,2.876
9022,31.227,29.146,2.601
9023,31.997,29.952,2.602
9024,32.210,29.640,2.771
9025,31.202,28.411,2.713
9026,32.446,29.244,3.066
9027,31.828,29.110,2.665
9028,32.247,29.997,2.630
9029,32.560,29.930,2.895
9030,32.135,29.593,3.099
9031,31.774,29.569,2.874
9032,32.300,28.578,2.633
9033,32.876,29.695,2.812
9034,33.023,29.359,2.811
9035,33.606,29.929,2.587
9036,32.970,29.940,2.598
9037,32.811,30.132,4.651
9038,32.863,30.206,3.916
9039,32.895,30.595,4.782
9040,33.553,30.345,4.478
9041,33.100,30.630,4.241
9042,31.960,29.501,4.176
9043,32.289,29.978,4.317
9044,32.695,29.655,2.545
9045,32.440,30.175,3.065
9046,32.061,29.584,2.609
9047,31.376,28.759,2.739
9048,30.711,29.021,2.889
9049,31.606,28.147,2.679
9050,30.973,28.804,2.706
9051,32.198,29.238,2.775
9052,32.378,29.829,2.667
9053,31.444,29.334,2.718
9054,31.572,29.305,2.563
9055,31.782,29.005,2.654
9056,30.945,29.210,2.585
9057,31.793,29.455,2.664
9058,31.089,29.390,2.718
9059,31.320,29.065,2.788
9060,31.930,29.926,2.610
9061,31.543,30.367,2.704
9062,31.558,28.693,2.776
9063,31.616,29.301,2.719
9064,30.738,28.771,2.636
9065,30.764,28.529,2.724
9066,30.424,27.815,2.731
9067,30.528,28.760,2.640
9068,30.886,28.542,2.817
9069,30.800,28.897,2.740
9070,30.704,29.024,2.751
9071,30.863,28.235,2.626
9072,31.771,28.871,2.652
9073,31.161,28.924,2.827
9074,32.304,29.026,2.683
9075,33.067,29.556,2.748
9076,33.585,28.633,2.816
9077,33.898,29.228,2.644
9078,33.760,29.054,2.808
9079,34.556,29.097,2.621
9080,34.150,29.334,2.727
9081,33.690,29.168,2.803
9082,32.030,29.501,2.695
9083,32.089,29.068,2.686
9084,31.822,29.049,2.616
9085,31.453,29.163,2.824
9086,31.287,29.516,2.851
9087,31.862,29.282,2.670
9088,31.085,29.079,2.753
9089,31.352,29.026,2.696
9090,31.586,30.003,2.776
9091,29.966,28.666,2.772
9092,30.890,28.831,2.656
9093,31.604,29.272,2.899
9094,31.527,29.359,2.559
9095,32.051,29.240,2.757
9096,31.144,28.895,2.656
9097,32.898,29.836,2.655
9098,31.748,29.371,2.612
9099,30.951,29.163,2.837
9100,32.135,30.532,4.992
9101,31.290,29.796,4.809
9102,32.494,30.860,6.049
9103,32.399,30.851,4.911
9104,32.875,30.780,5.082
9105,32.073,30.649,5.718
9106,32.994,31.643,5.459
9107,32.108,30.941,4.939
9108,33.421,31.227,4.762
9109,32.473,30.979,5.085
9110,32.881,30.631,5.290
9111,33.351,31.356,5.831
9112,32.629,31.191,6.242
9113,34.231,31.171,5.882
9114,33.929,30.699,5.866
9115,34.258,31.114,5.084
9116,32.926,29.884,5.253
9117,31.218,29.427,5.667
9118,33.148,30.972,6.257
9119,31.591,29.215,5.020
9120,31.923,29.802,6.066
9121,31.077,28.923,5.227
9122,31.438,29.692,4.901
9123,32.035,29.900,5.400
9124,31.245,30.094,5.284
9125,29.539,27.654,5.492
9126,30.721,30.062,5.036
9127,30.466,28.963,5.641
9128,30.122,29.453,5.018
9129,29.424,28.870,4.732
9130,30.328,29.044,5.479
9131,30.814,28.852,5.435
9132,30.846,29.928,6.077
9133,31.697,30.205,5.581
9134,31.753,29.791,5.147
9135,31.050,29.536,4.869
9136,31.703,30.074,5.993
9137,31.195,30.568,5.920
9138,33.294,31.369,5.968
9139,32.337,30.081,5.344
9140,31.691,30.392,6.971
9141,31.884,29.922,5.289
9142,32.832,31.104,7.309
9143,32.536,30.795,5.562
9144,31.368,30.049,5.217
9145,31.014,30.787,4.986
9146,30.707,29.924,5.062
9147,32.691,31.395,6.333
9148,31.817,30.105,6.215
9149,31.453,30.129,6.186
9150,31.252,30.257,6.181
9151,31.851,30.619,5.782
9152,32.907,30.916,5.887
9153,31.712,30.740,6.680
9154,32.018,30.146,5.347
9155,32.345,30.674,6.672
9156,31.330,29.640,5.483
9157,32.401,30.394,5.676
9158,31.626,30.024,5.929
9159,32.530,30.395,7.165
9160,30.941,29.651,6.421
9161,31.895,29.898,6.358
9162,32.274,30.269,6.202
9163,31.793,30.298,4.563
9164,32.916,30.669,5.404
9165,33.311,30.898,5.990
9166,32.487,30.473,6.095
9167,33.255,30.500,5.301
9168,32.213,30.696,5.462
9169,31.990,30.236,5.774
9170,32.087,30.021,5.273
9171,32.979,31.230,5.847
9172,31.210,29.165,4.833
9173,32.007,30.257,6.304
9174,31.228,29.350,4.793
9175,30.933,29.698,5.578
9176,30.140,28.224,6.269
9177,29.981,28.173,6.120
9178,30.711,28.919,4.967
9179,29.831,28.566,5.776
9180,30.634,29.023,6.071
9181,29.989,28.242,5.928
9182,30.582,28.461,5.845
9183,30.062,27.952,5.496
9184,30.395,28.408,6.412
9185,30.115,28.735,6.295
9186,29.903,28.321,6.728
9187,31.741,30.067,6.762
9188,32.048,29.831,6.301
9189,31.960,29.472,6.273
9190,30.635,29.721,7.006
9191,31.614,28.424,6.697
9192,31.914,28.795,6.384
9193,32.504,30.683,7.247
9194,30.878,28.744,7.508
9195,30.481,28.767,7.061
9196,31.603,29.750,6.607
9197,31.208,29.346,6.899
9198,31.459,30.309,7.327
9199,30.837,29.055,6.960
9200,29.837,27.941,6.381
9201,29.044,27.781,6.746
9202,30.484,28.872,6.919
9203,30.493,28.562,7.455
9204,30.456,29.145,7.417
9205,29.359,28.574,6.300
9206,29.627,28.158,7.710
9207,30.196,28.598,8.270
9208,29.469,29.311,8.979
9209,30.051,28.996,8.711
9210,28.181,27.435,8.522
9211,29.382,28.182,9.259
9212,29.920,28.207,8.791
9213,30.007,28.808,7.939
9214,28.415,27.169,10.055
9215,30.719,29.055,8.441
9216,30.794,29.280,8.954
9217,28.895,27.427,8.340
9218,30.340,28.378,8.776
9219,28.474,27.182,7.684
9220,30.431,28.559,9.221
9221,27.601,27.225,9.710
9222,28.999,28.085,8.641
9223,30.245,28.586,9.000
9224,29.389,28.029,8.889
9225,30.064,28.883,8.827
9226,29.726,29.498,9.441
9227,28.539,27.697,8.679
9228,30.209,29.628,8.668
9229,29.320,27.535,8.436
9230,30.068,28.516,8.479
9231,28.811,28.485,9.380
9232,29.120,29.088,8.113
9233,28.976,28.249,8.538
9234,29.513,28.383,8.211
9235,29.670,29.040,8.523
9236,29.684,28.096,8.252
9237,29.797,28.186,8.495
9238,30.744,29.178,8.680
9239,30.497,29.948,8.495
9240,31.764,31.098,8.914
9241,30.696,29.472,8.420
9242,29.097,28.239,9.593
9243,29.153,28.366,9.087
9244,29.619,28.953,7.909
9245,31.191,29.860,8.493
9246,29.344,28.510,9.699
9247,30.377,29.050,9.157
9248,29.968,29.142,8.137
9249,30.781,29.591,8.850
9250,29.851,28.872,9.257
9251,30.010,29.423,9.210
9252,30.675,29.154,8.737
9253,30.056,28.640,8.816
9254,29.843,28.348,8.626
9255,30.588,29.619,9.062
9256,31.035,29.844,9.100
9257,31.141,30.137,8.955
9258,30.935,29.060,8.967
9259,30.413,28.556,8.607
9260,31.718,30.045,8.838
9261,31.114,29.209,7.387
9262,30.276,28.574,8.981
9263,30.291,28.989,8.773
9264,29.975,28.408,6.496
9265,31.391,29.211,6.504
9266,30.631,28.563,7.251
9267,31.130,28.763,7.338
9268,28.898,27.971,7.208
9269,30.573,29.004,6.658
9270,29.598,28.611,9.788
9271,29.745,28.027,8.823
9272,30.005,29.036,8.804
9273,30.799,29.386,7.868
9274,30.709,28.806,7.767
9275,29.093,27.740,9.566
9276,28.540,27.494,9.472
9277,28.663,27.132,9.878
9278,28.494,27.695,9.626
9279,30.380,29.110,8.204
9280,31.108,29.960,7.595
9281,30.698,29.910,7.873
9282,30.833,29.142,6.935
9283,31.275,29.147,6.881
9284,30.278,28.704,5.040
9285,31.791,29.981,5.675
9286,31.025,28.937,6.008
9287,30.707,29.288,6.677
9288,30.739,29.597,7.117
9289,32.444,30.187,7.899
9290,31.374,29.622,8.966
9291,30.901,29.324,7.003
9292,31.314,29.022,8.364
9293,31.167,30.005,7.503
9294,33.180,30.208,8.122
9295,29.885,28.572,8.622
9296,29.710,28.683,8.641
9297,30.371,28.502,9.097
9298,29.782,27.801,7.818
9299,29.118,28.028,8.309
9300,29.278,28.474,9.168
9301,31.471,29.625,8.156
9302,32.429,31.257,7.473
9303,30.374,28.885,8.744
9304,31.507,30.973,8.745
9305,32.747,32.018,7.659
9306,32.792,31.695,8.230
9307,28.904,27.746,8.103
9308,31.229,30.733,8.277
9309,29.551,28.672,8.511
9310,30.806,30.210,9.433
9311,30.907,29.523,7.220
9312,32.463,30.692,7.772
9313,32.288,29.810,8.504
9314,31.685,29.829,7.960
9315,30.844,29.309,5.960
9316,30.790,29.633,5.990
9317,29.667,28.803,8.007
9318,30.787,29.724,8.473
9319,29.982,28.393,7.457
9320,30.389,29.006,8.122
9321,29.000,28.272,7.777
9322,30.570,28.475,7.786
9323,30.271,28.670,7.765
9324,29.712,27.842,6.481
9325,29.559,28.513,6.278
9326,29.525,27.917,8.407
9327,31.048,29.117,5.261
9328,31.148,29.034,6.683
9329,30.459,28.733,7.200
9330,31.217,28.790,6.052
9331,30.826,29.343,9.198
9332,31.462,29.228,7.863
9333,29.148,27.975,9.396
9334,29.330,28.364,9.880
9335,28.720,27.877,8.677
9336,29.220,28.243,9.646
9337,30.674,29.380,8.985
9338,29.839,29.049,9.444
9339,29.258,28.094,10.007
9340,29.376,28.696,9.440
9341,29.090,28.932,9.868
9342,28.735,28.012,10.331
9343,29.142,28.887,10.423
9344,29.468,29.100,11.362
9345,31.068,29.811,9.067
9346,29.689,29.081,10.480
9347,30.682,30.172,9.591
9348,30.702,30.199,8.399
9349,30.042,28.487,10.207
9350,30.706,29.735,8.591
9351,29.701,29.247,9.388
9352,30.672,29.501,7.005
9353,30.424,29.075,8.552
9354,30.804,29.181,9.804
9355,30.758,29.320,8.085
9356,31.251,29.774,7.785
9357,31.125,29.488,8.211
9358,31.186,29.431,7.874
9359,30.808,29.676,8.278
9360,30.774,29.994,8.479
9361,30.549,29.619,9.051
9362,29.517,28.808,10.002
9363,30.634,29.463,9.176
9364,30.876,29.986,9.517
9365,30.775,30.070,10.278
9366,29.077,28.177,9.807
9367,29.989,28.899,9.043
9368,29.324,27.998,8.785
9369,30.040,28.882,8.911
9370,28.928,28.527,8.277
9371,30.881,29.665,8.833
9372,30.670,29.336,9.023
9373,29.560,28.845,8.854
9374,30.256,29.223,8.276
9375,30.041,28.562,8.476
9376,29.216,28.148,8.634
9377,30.483,29.565,9.490
9378,31.228,29.920,9.389
9379,31.911,30.683,8.982
9380,30.954,29.981,8.170
9381,31.174,29.571,7.756
9382,30.549,29.368,9.038
9383,30.431,29.231,8.511
9384,31.630,30.063,7.886
9385,31.562,30.573,8.189
9386,30.397,29.311,8.867
9387,29.708,28.858,8.869
9388,31.020,29.623,7.281
9389,30.710,30.140,8.445
9390,31.176,30.166,9.849
9391,32.586,31.567,8.447
9392,32.019,30.923,8.331
9393,31.510,29.587,8.509
9394,31.810,30.242,9.049
9395,31.178,29.751,9.374
9396,27.134,27.395,12.871
9397,29.132,28.717,10.862
9398,29.660,28.568,9.960
9399,29.306,28.006,9.970
9400,30.146,29.078,10.437
9401,29.373,28.619,9.369
9402,29.706,28.580,11.106
9403,31.115,28.730,8.075
9404,29.641,28.987,9.506
9405,29.820,28.977,10.662
9406,30.951,28.995,9.469
9407,30.354,28.577,10.592
9408,29.390,28.262,9.512
9409,30.602,28.803,8.645
9410,29.605,28.215,9.872
9411,30.971,28.741,9.603
9412,30.131,28.929,10.392
9413,30.421,29.276,9.530
9414,30.690,29.290,9.110
9415,30.318,29.168,8.345
9416,29.559,28.224,9.033
9417,29.684,28.186,9.315
9418,28.870,27.974,10.125
9419,29.380,27.509,8.772
9420,29.624,27.589,9.724
9421,29.686,27.577,8.314
9422,29.356,27.580,9.480
9423,29.324,27.589,9.510
9424,30.328,28.348,9.039
9425,30.173,28.623,9.413
9426,30.642,28.930,7.184
9427,31.056,28.927,7.004
9428,31.008,29.168,8.501
9429,30.740,29.018,9.221
9430,30.772,29.187,9.061
9431,31.491,29.956,8.988
9432,31.499,29.980,8.237
9433,31.163,29.120,8.989
9434,31.698,29.678,8.915
9435,31.308,29.008,7.545
9436,30.724,29.144,9.755
9437,31.930,30.045,8.221
9438,30.808,29.140,8.561
9439,31.454,29.437,8.064
9440,30.874,29.677,8.945
9441,30.647,29.105,10.494
9442,29.582,27.099,10.319
9443,29.575,27.903,9.460
9444,29.786,28.291,8.935
9445,30.588,28.630,7.254
9446,29.123,27.637,9.191
9447,29.763,28.351,8.513
9448,30.179,28.682,9.851
9449,30.235,29.060,10.719
9450,29.554,27.761,9.180
9451,29.813,28.021,9.256
9452,28.898,28.135,8.773
9453,29.312,28.033,9.962
9454,28.709,26.839,9.721
9455,29.977,28.712,9.131
9456,29.194,27.813,9.728
9457,29.038,27.786,8.829
9458,29.540,28.209,9.068
9459,30.964,28.684,8.957
9460,29.544,27.546,10.017
9461,29.109,28.295,9.594
9462,28.638,27.759,10.077
9463,28.812,28.061,10.748
9464,29.018,27.559,9.628
9465,29.750,28.866,9.979
9466,30.645,29.055,9.325
9467,29.105,27.971,8.716
9468,28.316,27.130,8.785
9469,30.305,28.662,9.503
9470,30.787,29.048,9.234
9471,29.500,28.148,9.163
9472,30.336,28.799,9.551
9473,29.494,28.158,9.740
9474,30.308,28.840,9.510
9475,30.483,28.955,8.910
9476,31.214,28.987,8.675
9477,31.283,28.535,8.786
9478,31.893,30.085,8.689
9479,31.344,28.967,8.575
9480,32.136,29.988,9.289
9481,30.680,28.584,8.941
9482,30.168,28.770,8.845
9483,30.796,28.843,8.813
9484,31.937,29.851,8.939
9485,30.702,28.598,9.141
9486,31.353,29.510,9.649
9487,30.073,28.746,8.688
9488,29.392,28.096,9.640
9489,29.488,27.966,9.676
9490,29.851,28.362,9.165
9491,30.540,29.053,9.154
9492,30.150,28.941,9.121
9493,29.917,28.749,9.697
9494,29.899,28.217,9.791
9495,29.718,28.771,9.178
9496,30.751,29.099,8.954
9497,30.261,29.380,8.842
9498,30.354,29.391,9.101
9499,29.250,28.891,8.989
9500,31.404,29.929,9.613
9501,30.539,29.843,10.079
9502,30.086,29.886,9.492
9503,29.879,28.750,8.446
9504,31.388,29.959,9.379
9505,31.331,29.468,9.853
9506,31.501,30.104,8.918
9507,30.477,29.725,9.812
9508,30.622,29.208,9.012
9509,30.740,29.653,8.949
9510,30.091,29.548,9.684
9511,29.802,29.562,9.184
9512,31.272,30.076,9.602
9513,33.244,29.444,9.148
9514,33.297,29.455,9.412
9515,30.723,30.347,9.146
9516,30.566,29.267,8.750
9517,30.823,29.479,8.566
9518,29.804,28.802,8.874
9519,30.737,29.166,9.521
9520,30.570,29.354,9.393
9521,29.327,28.736,10.191
9522,30.492,29.316,9.204
9523,30.366,28.919,9.100
9524,30.608,29.290,9.541
9525,31.381,28.959,9.242
9526,31.035,29.975,9.588
9527,33.184,29.536,8.341
9528,32.655,29.498,8.361
9529,32.887,29.666,9.194
9530,33.800,30.359,9.095
9531,33.390,30.190,9.366
9532,34.241,30.316,8.856
9533,33.515,30.816,9.128
9534,33.458,30.046,8.836
9535,33.674,30.040,9.669
9536,30.205,29.457,9.700
9537,30.730,28.966,10.062
9538,31.403,28.624,9.323
9539,30.869,27.244,9.494
9540,31.045,28.441,9.775
9541,31.648,29.157,9.248
9542,31.137,28.581,9.491
9543,31.084,28.321,9.923
9544,29.480,29.450,9.637
9545,29.827,29.747,9.854
9546,30.396,29.367,9.733
9547,30.023,29.797,9.202
9548,29.163,29.604,10.008
9549,30.712,29.087,9.597
9550,31.189,30.582,10.008
9551,30.783,29.587,10.003
9552,29.322,28.602,9.200
9553,28.906,29.124,9.614
9554,29.411,28.602,9.419
9555,30.633,28.597,9.782
9556,30.358,29.670,9.092
9557,29.989,28.486,9.389
9558,29.787,28.710,10.154
9559,33.476,30.443,8.985
9560,32.499,29.621,9.893
9561,31.807,28.715,9.679
9562,32.202,29.757,9.176
9563,33.196,30.344,9.905
9564,33.386,30.300,9.252
9565,33.421,30.028,9.043
9566,33.066,29.914,9.527
9567,32.839,29.086,8.800
9568,32.935,30.313,9.638
9569,32.874,30.544,8.590
9570,33.010,29.802,8.988
9571,33.453,30.032,9.458
9572,32.679,28.721,8.725
9573,31.088,29.961,9.772
9574,31.174,29.608,8.220
9575,29.905,29.107,8.995
9576,30.529,29.383,9.181
9577,28.994,28.225,9.274
9578,30.195,29.734,9.436
9579,30.871,29.588,9.590
9580,30.875,29.403,10.343
9581,31.093,30.635,9.926
9582,31.692,29.447,9.356
9583,32.149,30.254,10.373
9584,30.277,29.168,10.099
9585,33.150,30.333,9.889
9586,33.569,30.535,9.654
9587,32.845,29.283,10.054
9588,32.797,30.388,9.087
9589,31.395,30.265,9.973
9590,29.725,28.753,10.313
9591,29.918,29.682,10.167
9592,29.428,28.802,10.705
9593,30.226,29.249,11.158
9594,30.466,29.914,10.033
9595,30.520,29.016,10.501
9596,28.867,28.236,10.864
9597,29.053,28.679,10.679
9598,30.099,29.720,10.051
9599,30.143,29.241,10.159
9600,28.798,28.605,10.039
9601,29.492,28.632,9.333
9602,30.410,29.047,9.121
9603,30.389,29.104,10.182
9604,29.551,29.411,10.414
9605,29.978,29.281,10.347
9606,29.381,28.647,9.781
9607,30.009,29.201,9.874
9608,31.087,29.913,9.706
9609,30.824,28.799,9.440
9610,30.118,29.265,10.015
9611,30.636,29.472,9.933
9612,30.741,30.244,10.143
9613,30.991,29.438,9.740
9614,29.056,28.277,9.713
9615,28.607,27.780,9.710
9616,31.437,28.267,10.258
9617,31.762,28.722,10.645
9618,31.526,28.601,9.796
9619,32.601,28.834,10.012
9620,32.175,28.816,9.644
9621,31.640,28.789,9.765
9622,31.078,28.609,10.033
9623,31.177,28.626,10.659
9624,32.698,29.487,9.017
9625,32.813,29.657,9.175
9626,32.463,29.944,9.783
9627,32.828,29.986,9.035
9628,32.322,29.924,9.487
9629,32.314,29.469,9.882
9630,33.216,29.939,9.395
9631,30.590,28.328,10.038
9632,31.746,30.128,9.194
9633,30.150,28.686,9.046
9634,28.436,28.032,8.785
9635,32.464,29.065,9.387
9636,32.465,29.369,9.964
9637,32.899,29.330,8.370
9638,29.748,29.246,9.453
9639,30.389,29.815,10.565
9640,31.735,31.090,10.038
9641,31.065,30.129,10.942
9642,30.266,29.404,10.130
9643,31.087,30.133,11.133
9644,32.250,30.584,7.175
9645,32.846,31.423,8.732
9646,31.159,29.708,9.286
9647,30.415,30.147,9.638
9648,29.410,29.082,12.575
9649,28.729,27.530,12.515
9650,28.612,28.462,10.966
9651,28.712,28.436,10.506
9652,29.025,28.245,10.303
9653,28.612,27.639,9.866
9654,32.051,30.466,9.055
9655,28.686,28.120,10.275
9656,29.110,28.763,11.218
9657,28.518,27.788,10.981
9658,29.324,28.801,9.509
9659,30.309,29.926,8.650
9660,29.647,28.600,9.541
9661,29.419,28.742,10.215
9662,28.999,28.150,11.466
9663,28.446,27.830,9.685
9664,28.648,28.210,9.759
9665,29.469,28.770,11.110
9666,28.519,28.077,10.544
9667,29.794,28.799,9.260
9668,27.982,26.770,9.866
9669,28.531,28.519,9.663
9670,27.884,28.292,10.622
9671,28.400,27.542,10.273
9672,28.734,28.405,10.686
9673,30.211,29.949,10.496
9674,28.628,28.449,8.687
9675,29.730,28.859,10.339
9676,28.316,27.980,11.866
9677,29.234,28.679,10.114
9678,28.479,28.519,9.328
9679,29.013,28.179,9.879
9680,28.481,28.289,10.834
9681,27.624,27.326,9.597
9682,29.111,28.026,8.032
9683,29.472,28.100,8.185
9684,31.906,28.697,8.493
9685,31.639,29.910,9.233
9686,31.262,30.170,10.605
9687,28.997,29.190,9.450
9688,31.217,28.708,9.733
9689,31.629,29.206,9.727
9690,31.256,28.556,9.179
9691,32.168,29.474,10.103
9692,31.078,28.903,10.083
9693,31.317,28.602,9.100
9694,30.894,28.848,9.873
9695,32.306,30.497,10.466
9696,32.416,30.481,9.582
9697,32.258,29.698,9.941
9698,30.685,27.949,10.463
9699,31.291,28.946,9.532
9700,30.090,29.845,9.192
9701,30.433,29.562,10.198
9702,29.981,29.563,9.975
9703,29.302,29.263,9.370
9704,30.026,29.244,10.152
9705,29.710,29.560,9.716
9706,30.109,29.945,10.359
9707,30.388,29.816,9.755
9708,28.960,28.953,10.136
9709,29.619,29.380,10.208
9710,31.935,31.961,10.251
9711,33.764,32.903,8.053
9712,31.866,32.018,7.929
9713,31.869,32.251,8.374
9714,33.564,32.116,7.110
9715,34.254,32.694,6.212
9716,33.143,33.231,8.191
9717,33.380,32.487,6.793
9718,34.413,31.940,6.365
9719,31.836,31.873,8.804
9720,32.473,31.212,8.785
9721,31.732,31.693,9.503
9722,30.965,30.812,9.957
9723,32.905,32.721,7.816
9724,33.868,33.093,7.929
9725,32.964,32.700,7.609
9726,33.562,31.985,8.003
9727,34.132,33.203,7.085
9728,33.070,30.900,8.118
9729,32.546,31.929,8.173
9730,33.071,30.903,7.948
9731,34.241,32.126,7.884
9732,32.459,31.747,8.389
9733,32.472,31.340,8.263
9734,32.522,30.983,8.679
9735,32.012,30.688,8.053
9736,32.081,30.978,7.648
9737,31.946,31.272,8.101
9738,33.154,31.583,7.145
9739,32.377,31.196,9.460
9740,31.918,30.865,8.579
9741,32.290,32.046,8.440
9742,32.637,31.339,8.659
9743,32.578,31.623,9.450
9744,32.316,30.134,7.533
9745,33.001,31.763,8.853
9746,32.467,31.877,8.133
9747,33.136,31.885,6.958
9748,32.548,31.027,7.701
9749,32.451,31.326,5.939
9750,31.736,31.317,8.117
9751,32.184,30.394,7.540
9752,33.481,31.584,7.758
9753,32.411,30.707,8.164
9754,31.745,30.698,8.089
9755,32.625,30.834,7.271
9756,32.418,31.112,7.906
9757,32.431,30.239,8.318
9758,33.679,31.146,7.748
9759,33.358,30.949,8.036
9760,33.487,30.972,8.038
9761,31.872,30.533,7.921
9762,32.414,31.206,8.549
9763,31.807,30.603,8.242
9764,32.330,30.787,7.678
9765,31.069,29.486,6.853
9766,31.571,30.547,8.368
9767,32.414,30.852,7.213
9768,33.239,31.742,6.907
9769,32.682,30.863,7.579
9770,33.751,31.401,6.767
9771,34.271,31.185,6.734
9772,32.534,31.181,6.745
9773,32.461,30.778,8.111
9774,34.017,32.290,8.186
9775,33.163,31.917,7.683
9776,32.555,31.057,7.847
9777,34.194,31.587,8.195
9778,33.167,31.797,8.062
9779,32.064,31.339,7.912
9780,32.550,31.885,8.259
9781,33.097,32.080,8.307
9782,33.044,32.189,7.665
9783,33.353,32.009,7.428
9784,31.153,30.518,7.765
9785,32.103,31.646,8.511
9786,31.057,30.762,9.807
9787,31.802,30.844,7.994
9788,31.716,30.627,7.779
9789,32.830,31.459,8.058
9790,32.337,31.331,8.422
9791,31.373,31.359,8.202
9792,31.630,30.538,7.738
9793,30.983,29.858,8.526
9794,30.957,29.661,7.889
9795,31.954,29.916,8.292
9796,30.485,29.587,9.912
9797,30.979,30.176,8.929
9798,31.442,30.936,8.281
9799,31.002,29.863,8.447
9800,31.015,30.538,8.385
9801,32.892,30.032,7.990
9802,33.962,30.814,8.417
9803,34.696,30.521,8.450
9804,33.784,30.038,8.105
9805,33.572,30.115,9.072
9806,32.619,29.876,8.146
9807,31.296,30.693,10.047
9808,31.242,30.724,8.497
9809,31.600,30.099,9.844
9810,29.418,29.421,9.521
9811,31.473,31.214,9.028
9812,30.437,29.902,9.162
9813,30.384,30.848,7.972
9814,30.752,30.425,8.012
9815,31.338,31.521,8.283
9816,31.796,30.868,8.669
9817,29.684,28.808,9.490
9818,31.572,30.182,8.386
9819,30.535,30.003,8.759
9820,31.494,28.346,9.196
9821,33.110,28.939,8.411
9822,32.850,30.499,8.451
9823,30.960,30.296,9.465
9824,29.615,28.996,8.548
9825,31.566,30.877,8.305
9826,32.247,31.198,10.122
9827,32.702,31.485,9.290
9828,30.625,29.434,9.495
9829,30.157,29.415,9.142
9830,30.530,30.006,7.565
9831,30.567,29.961,9.910
9832,30.114,30.134,10.821
9833,31.466,31.007,9.843
9834,31.149,31.449,11.560
9835,30.061,30.026,10.943
9836,31.270,30.374,9.563
9837,31.367,30.441,9.998
9838,30.453,28.562,9.367
9839,31.362,29.939,9.190
9840,30.333,29.537,9.766
9841,30.955,29.630,9.424
9842,30.386,29.937,9.836
9843,30.737,30.042,8.463
9844,30.108,28.864,9.488
9845,30.148,28.438,8.971
9846,31.652,30.291,9.621
9847,30.771,29.624,8.981
9848,30.182,29.375,8.235
9849,30.465,28.644,7.393
9850,30.391,29.981,7.661
9851,31.009,30.123,6.958
9852,31.517,29.986,7.704
9853,31.261,31.045,8.249
9854,29.363,30.127,10.426
9855,31.094,30.522,9.533
9856,29.261,28.368,10.079
9857,29.930,29.460,10.547
9858,29.183,29.481,10.063
9859,28.827,28.760,9.405
9860,30.598,29.898,9.582
9861,28.048,26.307,11.437
9862,28.707,28.103,10.670
9863,26.855,26.940,10.575
9864,30.356,30.625,10.039
9865,32.000,30.726,9.743
9866,33.505,30.163,9.331
9867,32.958,29.819,9.550
9868,28.828,28.391,9.672
9869,29.971,29.873,10.650
9870,27.773,27.282,10.040
9871,28.162,28.052,10.509
9872,28.389,27.367,9.852
9873,30.188,29.411,8.842
9874,28.796,28.344,9.302
9875,29.424,28.071,9.288
9876,29.172,28.058,9.266
9877,29.876,28.644,10.444
9878,29.377,28.008,9.458
9879,28.252,27.829,8.857
9880,28.264,28.041,10.558
9881,28.984,28.468,8.949
9882,28.052,27.307,9.230
9883,27.620,27.470,9.076
9884,28.802,27.918,9.264
9885,27.576,27.076,10.382
9886,29.673,28.761,9.020
9887,29.109,28.111,8.777
9888,30.579,29.732,7.900
9889,29.985,29.080,9.115
9890,30.235,28.481,6.804
9891,31.431,29.649,8.704
9892,31.655,30.137,8.285
9893,29.319,28.083,8.258
9894,28.949,28.159,8.232
9895,29.503,28.207,8.310
9896,30.005,28.980,9.565
9897,29.758,29.261,9.873
9898,29.175,28.201,9.212
9899,30.036,28.393,8.193
9900,30.918,30.039,8.558
9901,30.530,29.332,8.754
9902,29.604,29.037,8.570
9903,28.849,27.658,8.394
9904,29.446,28.000,8.790
9905,29.593,28.408,8.120
9906,29.884,28.840,8.540
9907,30.457,29.390,8.706
9908,29.820,29.835,8.688
9909,30.465,29.800,7.917
9910,30.020,28.900,7.780
9911,29.381,28.144,9.577
9912,29.277,27.450,9.354
9913,29.589,27.875,8.390
9914,28.021,27.008,7.722
9915,29.530,28.156,9.298
9916,30.321,28.770,7.495
9917,31.176,29.559,9.987
9918,30.113,28.784,9.273
9919,28.397,27.581,8.916
9920,29.962,28.232,8.708
9921,31.492,30.041,7.437
9922,29.703,28.242,8.222
9923,29.244,27.468,9.024
9924,28.808,27.159,8.136
9925,31.958,30.101,8.684
9926,31.418,30.481,7.707
9927,31.392,30.254,7.531
9928,31.605,30.874,7.294
9929,33.106,31.480,7.765
9930,31.790,30.483,8.020
9931,32.872,31.205,7.407
9932,33.522,30.700,7.329
9933,32.877,31.320,7.721
9934,32.791,29.849,6.540
9935,32.925,31.712,7.379
9936,32.496,29.425,7.418
9937,33.078,30.082,6.520
9938,33.122,30.358,7.363
9939,32.515,30.504,9.382
9940,30.978,29.488,8.568
9941,33.136,30.657,8.248
9942,32.469,30.743,7.937
9943,31.625,30.602,7.597
9944,32.500,30.217,6.691
9945,32.055,29.879,8.123
9946,32.013,30.316,6.912
9947,32.213,30.211,8.053
9948,32.593,30.406,7.654
9949,33.389,30.354,7.161
9950,32.503,30.443,7.866
9951,31.926,30.288,8.154
9952,33.426,31.773,7.810
9953,31.980,30.649,7.752
9954,32.346,31.099,7.444
9955,33.341,31.224,7.746
9956,32.756,31.347,6.647
9957,32.554,29.694,6.593
9958,32.573,30.803,7.162
9959,32.845,31.025,6.559
9960,31.972,30.543,7.880
9961,32.331,30.367,7.082
9962,32.196,30.738,7.465
9963,31.946,29.874,7.187
9964,32.531,30.785,7.161
9965,33.263,30.725,6.873
9966,32.431,30.613,7.967
9967,33.384,30.774,8.437
9968,32.454,29.949,7.263
9969,33.065,30.580,6.969
9970,32.396,30.444,7.155
9971,31.684,30.077,7.847
9972,32.940,30.497,6.326
9973,32.718,31.101,8.163
9974,31.888,30.406,7.513
9975,32.581,30.633,7.348
9976,31.903,31.208,6.734
9977,31.900,30.436,7.193
9978,32.148,30.361,6.182
9979,33.036,31.083,7.465
9980,33.457,31.107,7.128
9981,33.058,31.256,7.277
9982,31.993,30.874,7.591
9983,33.038,31.124,7.397
9984,32.375,30.008,7.015
9985,32.095,30.520,7.677
9986,33.485,31.062,6.349
9987,32.869,30.943,7.334
9988,32.732,31.449,7.890
9989,31.974,30.595,7.252
9990,31.527,30.653,8.471
9991,32.306,31.105,7.560
9992,31.740,30.679,8.086
9993,32.917,30.966,7.429
9994,32.546,30.180,8.481
9995,32.111,31.491,8.174
9996,32.505,30.836,7.531
9997,33.425,31.134,7.873
9998,32.308,30.798,7.369
9999,32.393,30.306,7.237
