frame,global_rmsd,core_rmsd
0,0.000,0.000
1,1.185,0.864
2,1.354,0.916
3,1.556,0.913
4,1.733,0.969
5,1.847,1.112
6,1.920,1.053
7,2.133,1.236
8,2.105,1.247
9,2.288,1.405
10,2.442,1.389
11,2.364,1.398
12,2.568,1.434
13,2.571,1.380
14,2.705,1.447
15,2.809,1.515
16,2.862,1.464
17,2.950,1.567
18,3.015,1.540
19,3.063,1.645
20,3.072,1.705
21,3.110,1.687
22,3.119,1.655
23,3.188,1.682
24,3.128,1.671
25,3.264,1.703
26,3.354,1.736
27,3.173,1.751
28,3.111,1.723
29,3.065,1.683
30,3.205,1.692
31,3.098,1.743
32,3.275,1.770
33,3.569,1.828
34,3.568,1.746
35,3.623,1.746
36,3.554,1.774
37,3.586,1.765
38,3.574,1.766
39,3.708,1.879
40,3.716,1.803
41,3.601,1.800
42,3.741,1.819
43,3.581,1.888
44,3.674,1.918
45,3.497,1.885
46,3.442,1.888
47,3.592,1.951
48,3.688,1.908
49,3.655,1.923
50,3.715,1.986
51,3.725,2.003
52,3.683,1.997
53,3.692,2.041
54,3.594,2.038
55,3.559,1.951
56,3.554,1.903
57,3.457,1.906
58,3.442,1.873
59,3.678,1.937
60,3.839,1.929
61,3.709,1.811
62,3.887,1.948
63,3.710,1.828
64,3.873,1.919
65,3.820,1.928
66,3.745,1.913
67,3.557,1.861
68,3.654,1.856
69,3.796,1.921
70,3.671,1.861
71,3.838,1.927
72,3.673,1.920
73,3.658,1.973
74,3.651,1.901
75,3.592,1.975
76,3.761,2.082
77,3.833,1.931
78,3.770,1.807
79,3.774,1.863
80,3.598,1.889
81,3.850,1.901
82,3.937,1.945
83,3.988,1.906
84,4.127,1.985
85,4.073,2.062
86,3.993,1.977
87,4.014,1.898
88,3.982,1.831
89,4.033,1.976
90,3.983,1.911
91,3.945,1.891
92,4.169,2.005
93,3.976,2.046
94,3.979,2.054
95,3.773,1.965
96,3.901,2.053
97,3.805,1.988
98,3.826,2.014
99,3.920,2.027
100,3.875,1.935
101,3.706,1.988
102,3.814,2.135
103,3.893,2.055
104,3.972,2.075
105,3.996,2.073
106,4.106,2.089
107,3.975,2.090
108,4.076,1.989
109,3.863,1.995
110,3.826,1.900
111,3.657,1.892
112,3.665,1.973
113,3.598,2.027
114,3.651,1.988
115,3.811,1.963
116,3.811,1.952
117,3.811,1.993
118,3.745,1.946
119,3.888,1.933
120,3.748,2.008
121,3.593,1.880
122,3.526,1.933
123,3.525,1.959
124,3.440,1.973
125,3.571,1.978
126,3.464,1.920
127,3.581,1.883
128,3.420,1.799
129,3.478,1.902
130,3.436,1.928
131,3.341,1.856
132,3.415,1.915
133,3.552,2.021
134,3.616,2.018
135,3.668,1.873
136,3.786,1.940
137,3.836,2.033
138,3.846,1.914
139,3.832,1.917
140,3.968,1.955
141,3.878,1.880
142,3.868,1.919
143,3.884,1.921
144,3.917,1.867
145,3.974,1.856
146,4.094,1.950
147,4.223,1.973
148,4.096,1.914
149,4.119,1.944
150,4.110,1.960
151,4.304,2.018
152,4.128,2.020
153,4.114,1.994
154,4.121,2.001
155,4.172,2.038
156,4.248,2.008
157,4.224,1.950
158,4.351,1.945
159,4.403,1.967
160,4.488,1.948
161,4.595,2.025
162,4.533,2.005
163,4.536,2.005
164,4.516,1.981
165,4.638,1.995
166,4.704,1.980
167,4.745,2.054
168,4.559,2.061
169,4.638,2.086
170,4.556,2.044
171,4.630,2.105
172,4.741,2.193
173,4.717,2.208
174,4.658,2.121
175,4.817,2.165
176,4.737,2.064
177,4.731,2.013
178,4.779,2.062
179,4.801,2.091
180,4.813,2.142
181,4.701,2.171
182,4.716,2.178
183,4.607,2.033
184,4.672,2.034
185,4.576,2.006
186,4.645,2.011
187,4.546,2.098
188,4.586,2.104
189,4.504,2.020
190,4.513,1.942
191,4.446,1.933
192,4.606,1.950
193,4.624,1.943
194,4.549,1.879
195,4.585,2.009
196,4.479,1.959
197,4.382,1.983
198,4.411,2.057
199,4.441,1.979
200,4.478,2.071
201,4.368,2.098
202,4.426,2.080
203,4.403,2.007
204,4.314,2.020
205,4.358,1.946
206,4.388,1.900
207,4.421,1.930
208,4.410,1.985
209,4.394,2.060
210,4.288,1.985
211,4.421,2.050
212,4.472,2.189
213,4.612,2.076
214,4.572,2.033
215,4.404,2.032
216,4.475,1.912
217,4.350,1.925
218,4.447,2.006
219,4.337,1.960
220,4.274,2.024
221,4.149,1.970
222,4.215,1.975
223,4.085,1.937
224,4.111,1.893
225,4.227,1.860
226,4.311,1.938
227,4.203,1.931
228,4.182,1.948
229,4.300,1.937
230,4.310,1.898
231,4.411,2.003
232,4.456,2.031
233,4.476,2.126
234,4.453,2.105
235,4.242,2.051
236,4.278,2.031
237,4.475,2.081
238,4.530,2.119
239,4.476,2.138
240,4.403,2.114
241,4.560,2.152
242,4.582,2.065
243,4.706,2.086
244,4.667,2.106
245,4.544,2.077
246,4.475,2.079
247,4.438,1.970
248,4.521,2.042
249,4.611,2.136
250,4.582,2.143
251,4.427,2.121
252,4.520,2.055
253,4.495,2.103
254,4.587,2.080
255,4.611,2.130
256,4.600,2.128
257,4.478,2.086
258,4.580,2.146
259,4.811,2.219
260,4.799,2.101
261,4.782,2.108
262,4.807,2.085
263,4.851,2.127
264,4.796,2.069
265,4.797,2.134
266,4.825,2.018
267,4.708,1.963
268,4.710,2.038
269,4.610,1.978
270,4.536,1.948
271,4.515,2.037
272,4.605,2.076
273,4.605,2.121
274,4.727,2.148
275,4.686,2.152
276,4.627,2.204
277,4.847,2.254
278,4.753,2.151
279,4.843,2.146
280,4.914,2.282
281,4.863,2.310
282,4.890,2.204
283,4.773,2.144
284,4.861,2.095
285,4.804,2.217
286,4.720,2.124
287,4.837,2.225
288,4.766,2.129
289,4.737,2.174
290,4.855,2.270
291,4.589,2.190
292,4.617,2.211
293,4.632,2.367
294,4.635,2.331
295,4.710,2.318
296,4.714,2.331
297,4.794,2.350
298,4.769,2.271
299,4.826,2.252
300,4.768,2.259
301,4.621,2.210
302,4.704,2.228
303,4.651,2.271
304,4.613,2.354
305,4.451,2.241
306,4.418,2.261
307,4.337,2.282
308,4.438,2.312
309,4.488,2.286
310,4.608,2.289
311,4.697,2.303
312,4.596,2.252
313,4.636,2.327
314,4.622,2.374
315,4.502,2.329
316,4.507,2.310
317,4.629,2.356
318,4.768,2.382
319,4.686,2.412
320,4.669,2.326
321,4.776,2.399
322,4.494,2.311
323,4.540,2.304
324,4.503,2.315
325,4.560,2.336
326,4.535,2.299
327,4.500,2.251
328,4.567,2.335
329,4.621,2.398
330,4.582,2.320
331,4.485,2.266
332,4.640,2.330
333,4.599,2.351
334,4.695,2.408
335,4.749,2.343
336,4.898,2.458
337,4.904,2.289
338,4.864,2.325
339,4.689,2.407
340,4.810,2.429
341,4.750,2.397
342,4.583,2.406
343,4.570,2.328
344,4.549,2.420
345,4.601,2.303
346,4.627,2.435
347,4.725,2.399
348,4.813,2.409
349,4.845,2.580
350,4.758,2.472
351,4.783,2.374
352,4.877,2.569
353,4.882,2.463
354,4.860,2.467
355,4.773,2.381
356,4.891,2.446
357,4.961,2.380
358,5.079,2.484
359,5.157,2.508
360,5.039,2.426
361,5.122,2.448
362,5.128,2.493
363,5.129,2.505
364,5.174,2.460
365,5.154,2.445
366,5.110,2.437
367,5.123,2.473
368,5.231,2.412
369,5.301,2.382
370,5.258,2.405
371,5.224,2.419
372,5.138,2.324
373,5.176,2.398
374,5.162,2.420
375,5.344,2.442
376,5.250,2.411
377,5.313,2.394
378,5.336,2.440
379,5.399,2.532
380,5.506,2.523
381,5.526,2.535
382,5.527,2.536
383,5.515,2.533
384,5.617,2.593
385,5.526,2.554
386,5.486,2.424
387,5.462,2.413
388,5.557,2.401
389,5.519,2.419
390,5.542,2.446
391,5.191,2.316
392,5.234,2.409
393,5.295,2.409
394,5.488,2.499
395,5.442,2.410
396,5.413,2.482
397,5.458,2.441
398,5.229,2.428
399,5.403,2.384
400,5.359,2.334
401,5.227,2.314
402,5.084,2.337
403,5.223,2.389
404,5.156,2.375
405,5.290,2.397
406,5.280,2.297
407,5.258,2.421
408,5.316,2.306
409,5.221,2.334
410,5.381,2.472
411,5.464,2.413
412,5.399,2.328
413,5.422,2.335
414,5.539,2.439
415,5.513,2.497
416,5.491,2.468
417,5.583,2.479
418,5.367,2.430
419,5.301,2.333
420,5.517,2.428
421,5.449,2.399
422,5.247,2.337
423,5.339,2.345
424,5.423,2.378
425,5.283,2.375
426,5.485,2.309
427,5.625,2.337
428,5.776,2.332
429,6.106,2.422
430,6.092,2.310
431,6.100,2.407
432,5.973,2.413
433,5.670,2.353
434,5.724,2.368
435,5.832,2.285
436,5.775,2.341
437,5.676,2.351
438,5.597,2.365
439,5.480,2.420
440,5.693,2.363
441,5.638,2.286
442,5.778,2.421
443,5.840,2.400
444,5.783,2.457
445,6.136,2.403
446,6.183,2.410
447,6.248,2.396
448,6.264,2.380
449,6.202,2.368
450,6.203,2.445
451,6.210,2.431
452,6.182,2.459
453,6.161,2.319
454,5.990,2.297
455,5.970,2.352
456,5.978,2.252
457,5.960,2.325
458,5.793,2.278
459,5.785,2.221
460,5.823,2.284
461,5.796,2.302
462,5.866,2.309
463,5.951,2.280
464,6.023,2.264
465,5.995,2.231
466,6.041,2.205
467,6.035,2.266
468,6.024,2.276
469,6.303,2.284
470,6.283,2.236
471,6.442,2.219
472,6.399,2.252
473,6.529,2.153
474,6.622,2.112
475,6.564,2.259
476,6.532,2.145
477,6.646,2.070
478,6.609,2.039
479,6.516,2.123
480,6.632,2.106
481,6.772,2.192
482,6.819,2.244
483,6.626,2.185
484,6.872,2.207
485,6.644,2.195
486,6.643,2.224
487,6.539,2.152
488,6.715,2.236
489,6.511,2.235
490,6.663,2.240
491,6.754,2.159
492,6.427,2.124
493,6.290,2.094
494,6.401,2.097
495,6.450,2.163
496,6.462,2.215
497,6.558,2.245
498,6.315,2.256
499,6.246,2.269
500,6.348,2.188
501,6.289,2.249
502,6.078,2.132
503,6.280,2.236
504,6.042,2.188
505,6.180,2.158
506,6.470,2.172
507,6.340,2.181
508,6.405,2.195
509,6.235,2.269
510,6.134,2.130
511,6.307,2.162
512,6.312,2.148
513,6.558,2.179
514,6.589,2.182
515,6.629,2.122
516,6.553,2.212
517,6.599,2.113
518,6.971,2.233
519,7.217,2.230
520,7.158,2.291
521,7.121,2.341
522,7.346,2.352
523,7.330,2.322
524,7.438,2.306
525,7.313,2.287
526,7.423,2.368
527,7.448,2.328
528,7.395,2.360
529,7.450,2.275
530,7.511,2.294
531,7.419,2.316
532,7.524,2.303
533,7.576,2.324
534,7.618,2.415
535,7.399,2.335
536,7.240,2.393
537,7.284,2.437
538,7.108,2.351
539,7.146,2.373
540,7.087,2.389
541,7.224,2.433
542,7.023,2.383
543,6.953,2.379
544,6.813,2.327
545,6.939,2.443
546,6.822,2.490
547,6.995,2.432
548,7.069,2.486
549,6.983,2.419
550,7.003,2.340
551,7.193,2.497
552,7.198,2.462
553,7.177,2.425
554,7.332,2.358
555,7.364,2.409
556,7.424,2.488
557,7.366,2.458
558,7.133,2.457
559,7.022,2.509
560,6.845,2.434
561,6.940,2.523
562,6.934,2.541
563,6.801,2.530
564,6.797,2.497
565,6.936,2.516
566,6.825,2.469
567,6.952,2.478
568,6.963,2.513
569,7.044,2.552
570,6.907,2.493
571,6.829,2.474
572,6.941,2.549
573,6.835,2.521
574,6.980,2.437
575,6.803,2.500
576,6.913,2.521
577,6.783,2.521
578,6.584,2.351
579,6.525,2.378
580,6.574,2.396
581,6.622,2.388
582,6.618,2.405
583,6.625,2.488
584,6.778,2.491
585,6.777,2.586
586,6.800,2.614
587,6.731,2.617
588,6.725,2.571
589,6.789,2.633
590,6.800,2.654
591,6.900,2.618
592,6.917,2.652
593,6.918,2.579
594,6.894,2.534
595,6.844,2.587
596,6.896,2.575
597,6.772,2.645
598,6.866,2.598
599,6.961,2.664
600,6.839,2.535
601,6.845,2.516
602,6.790,2.559
603,6.669,2.459
604,7.019,2.519
605,6.914,2.545
606,6.880,2.501
607,6.763,2.486
608,6.821,2.459
609,6.793,2.496
610,6.982,2.556
611,6.825,2.485
612,7.007,2.498
613,7.001,2.493
614,6.921,2.433
615,6.644,2.385
616,6.819,2.517
617,6.637,2.512
618,6.706,2.452
619,6.772,2.418
620,6.788,2.534
621,6.872,2.531
622,6.623,2.548
623,6.688,2.542
624,6.698,2.485
625,6.676,2.526
626,6.844,2.603
627,6.789,2.611
628,6.679,2.485
629,6.676,2.532
630,6.486,2.431
631,6.500,2.476
632,6.593,2.430
633,6.732,2.569
634,6.461,2.469
635,6.254,2.465
636,6.185,2.479
637,6.348,2.472
638,6.379,2.519
639,6.428,2.560
640,6.403,2.482
641,6.516,2.622
642,6.419,2.531
643,6.299,2.526
644,6.243,2.553
645,6.265,2.521
646,6.376,2.618
647,6.227,2.593
648,6.119,2.533
649,6.226,2.639
650,6.101,2.592
651,6.225,2.575
652,6.141,2.524
653,6.168,2.492
654,6.096,2.487
655,6.068,2.479
656,6.306,2.534
657,6.167,2.479
658,6.306,2.613
659,6.212,2.611
660,6.362,2.560
661,6.356,2.582
662,6.392,2.570
663,6.282,2.500
664,6.356,2.630
665,6.551,2.696
666,6.238,2.617
667,6.349,2.668
668,6.281,2.635
669,6.341,2.635
670,6.254,2.647
671,6.123,2.483
672,6.295,2.648
673,6.177,2.599
674,6.200,2.654
675,6.144,2.673
676,6.185,2.716
677,6.145,2.608
678,6.169,2.548
679,6.322,2.674
680,6.408,2.567
681,6.244,2.531
682,6.221,2.452
683,6.288,2.496
684,6.115,2.382
685,6.191,2.509
686,6.209,2.451
687,6.292,2.467
688,6.230,2.474
689,6.213,2.545
690,6.076,2.588
691,6.263,2.662
692,6.233,2.729
693,6.209,2.588
694,6.281,2.687
695,6.247,2.625
696,6.358,2.668
697,6.456,2.596
698,6.711,2.755
699,6.665,2.671
700,6.880,2.718
701,6.855,2.689
702,6.966,2.674
703,7.001,2.762
704,6.922,2.657
705,7.054,2.688
706,6.997,2.671
707,6.960,2.628
708,7.043,2.640
709,6.954,2.628
710,7.104,2.625
711,7.094,2.604
712,6.799,2.588
713,6.775,2.524
714,6.954,2.573
715,6.888,2.551
716,6.941,2.522
717,6.983,2.637
718,6.755,2.505
719,6.972,2.434
720,6.922,2.517
721,7.041,2.591
722,7.060,2.573
723,6.949,2.508
724,6.975,2.463
725,6.976,2.510
726,6.937,2.545
727,6.941,2.523
728,7.035,2.471
729,7.084,2.613
730,6.924,2.552
731,6.962,2.467
732,6.908,2.501
733,6.969,2.566
734,7.144,2.499
735,7.198,2.500
736,7.149,2.483
737,7.226,2.574
738,7.365,2.610
739,7.439,2.577
740,7.571,2.613
741,7.567,2.525
742,7.569,2.486
743,7.512,2.427
744,7.469,2.469
745,7.492,2.548
746,7.350,2.531
747,7.467,2.524
748,7.558,2.528
749,7.623,2.451
750,7.609,2.537
751,7.755,2.598
752,7.735,2.589
753,7.842,2.653
754,7.663,2.534
755,7.371,2.602
756,7.322,2.578
757,7.232,2.606
758,7.269,2.641
759,7.302,2.572
760,7.450,2.615
761,7.515,2.625
762,7.573,2.647
763,7.470,2.552
764,7.239,2.498
765,7.429,2.634
766,7.255,2.540
767,7.291,2.511
768,7.436,2.481
769,7.472,2.561
770,7.282,2.472
771,7.254,2.489
772,7.100,2.422
773,7.265,2.514
774,7.253,2.548
775,7.278,2.463
776,7.375,2.447
777,7.531,2.509
778,7.593,2.528
779,7.376,2.506
780,7.400,2.516
781,7.260,2.470
782,7.010,2.420
783,6.997,2.495
784,7.107,2.608
785,6.984,2.397
786,7.053,2.421
787,6.933,2.410
788,7.202,2.491
789,7.125,2.386
790,7.020,2.404
791,6.989,2.433
792,6.910,2.432
793,6.964,2.455
794,7.164,2.405
795,7.184,2.551
796,7.464,2.630
797,7.358,2.612
798,7.244,2.605
799,7.168,2.635
800,7.300,2.517
801,7.104,2.527
802,7.278,2.616
803,7.126,2.585
804,7.359,2.596
805,7.228,2.580
806,7.159,2.597
807,7.100,2.563
808,7.046,2.473
809,6.933,2.444
810,6.854,2.489
811,6.806,2.486
812,6.742,2.441
813,6.933,2.519
814,6.997,2.422
815,7.000,2.479
816,6.979,2.376
817,7.146,2.463
818,7.293,2.390
819,7.133,2.418
820,7.090,2.470
821,7.090,2.382
822,7.038,2.456
823,7.028,2.599
824,7.148,2.569
825,7.150,2.562
826,6.944,2.535
827,6.915,2.616
828,7.006,2.532
829,7.072,2.523
830,7.245,2.670
831,7.113,2.587
832,7.068,2.535
833,7.184,2.458
834,7.189,2.466
835,7.201,2.503
836,7.081,2.495
837,7.033,2.385
838,6.973,2.475
839,6.839,2.445
840,7.035,2.479
841,7.136,2.453
842,6.969,2.395
843,7.093,2.383
844,6.948,2.470
845,6.889,2.565
846,6.977,2.461
847,6.786,2.550
848,6.864,2.498
849,6.773,2.481
850,6.640,2.465
851,6.739,2.421
852,6.841,2.477
853,6.948,2.593
854,6.623,2.549
855,6.485,2.519
856,6.459,2.594
857,6.901,2.579
858,7.039,2.568
859,6.894,2.651
860,6.675,2.659
861,6.834,2.718
862,6.939,2.753
863,6.975,2.663
864,6.893,2.538
865,6.776,2.531
866,6.879,2.600
867,6.999,2.746
868,6.910,2.668
869,6.816,2.683
870,6.909,2.759
871,6.886,2.696
872,7.164,2.671
873,6.972,2.681
874,7.151,2.746
875,7.167,2.755
876,7.346,2.785
877,7.239,2.639
878,7.335,2.619
879,7.277,2.537
880,7.296,2.510
881,7.006,2.628
882,7.098,2.572
883,7.284,2.632
884,7.192,2.654
885,7.309,2.730
886,7.201,2.687
887,7.036,2.671
888,7.075,2.753
889,7.014,2.636
890,6.853,2.564
891,6.889,2.564
892,7.197,2.724
893,7.056,2.500
894,7.142,2.633
895,7.332,2.667
896,7.035,2.634
897,6.951,2.605
898,7.028,2.622
899,7.132,2.743
900,7.040,2.550
901,7.296,2.578
902,7.349,2.627
903,7.382,2.806
904,7.324,2.788
905,7.443,2.742
906,7.451,2.736
907,7.578,2.764
908,7.549,2.683
909,7.647,2.704
910,7.532,2.758
911,7.457,2.744
912,7.181,2.679
913,7.282,2.586
914,7.565,2.643
915,7.561,2.586
916,7.607,2.544
917,7.554,2.532
918,7.385,2.601
919,7.311,2.559
920,7.179,2.508
921,7.141,2.509
922,7.191,2.504
923,7.177,2.550
924,7.116,2.519
925,7.025,2.598
926,6.966,2.582
927,7.058,2.571
928,6.958,2.649
929,7.003,2.590
930,6.989,2.546
931,7.100,2.624
932,7.031,2.603
933,6.843,2.578
934,7.039,2.658
935,7.157,2.653
936,7.090,2.694
937,7.021,2.700
938,7.012,2.704
939,7.140,2.734
940,7.167,2.730
941,7.123,2.685
942,6.882,2.710
943,7.072,2.756
944,7.187,2.741
945,7.131,2.715
946,7.102,2.714
947,7.203,2.800
948,7.079,2.797
949,6.936,2.707
950,7.210,2.884
951,7.046,2.820
952,7.196,2.762
953,7.424,2.742
954,7.229,2.715
955,7.370,2.677
956,7.217,2.728
957,7.255,2.687
958,7.058,2.747
959,7.280,2.778
960,7.191,2.741
961,7.018,2.638
962,6.940,2.646
963,7.000,2.656
964,6.983,2.662
965,6.958,2.641
966,7.125,2.734
967,7.034,2.779
968,7.365,2.685
969,7.455,2.727
970,7.426,2.660
971,7.413,2.761
972,7.593,2.733
973,7.624,2.731
974,7.463,2.755
975,7.361,2.903
976,7.274,2.756
977,7.386,2.792
978,7.266,2.596
979,7.147,2.659
980,7.192,2.627
981,7.321,2.628
982,7.253,2.635
983,7.325,2.658
984,7.482,2.680
985,7.537,2.660
986,7.202,2.550
987,7.278,2.573
988,7.232,2.641
989,7.471,2.665
990,7.455,2.631
991,7.496,2.691
992,7.563,2.713
993,7.550,2.693
994,7.461,2.557
995,7.387,2.464
996,7.690,2.568
997,7.561,2.502
998,7.451,2.540
999,7.433,2.484
1000,7.510,2.514
1001,7.498,2.417
1002,7.615,2.603
1003,7.626,2.551
1004,7.545,2.534
1005,7.807,2.582
1006,8.028,2.532
1007,7.916,2.516
1008,8.016,2.517
1009,7.912,2.563
1010,7.863,2.596
1011,7.803,2.587
1012,7.865,2.623
1013,7.930,2.676
1014,7.954,2.590
1015,7.790,2.619
1016,7.960,2.545
1017,7.981,2.542
1018,7.985,2.656
1019,7.730,2.597
1020,7.936,2.569
1021,7.669,2.490
1022,7.661,2.559
1023,7.854,2.508
1024,7.838,2.594
1025,7.687,2.469
1026,7.709,2.477
1027,7.578,2.501
1028,7.551,2.499
1029,7.530,2.491
1030,7.611,2.603
1031,7.591,2.528
1032,7.676,2.499
1033,7.782,2.599
1034,7.758,2.487
1035,7.844,2.460
1036,7.893,2.519
1037,7.787,2.600
1038,7.768,2.612
1039,7.737,2.523
1040,7.731,2.656
1041,7.634,2.468
1042,7.547,2.494
1043,7.546,2.429
1044,7.533,2.508
1045,7.516,2.397
1046,7.528,2.413
1047,7.653,2.365
1048,7.797,2.487
1049,7.775,2.536
1050,7.711,2.428
1051,7.624,2.375
1052,7.742,2.497
1053,7.939,2.645
1054,7.930,2.537
1055,7.992,2.573
1056,7.847,2.552
1057,8.050,2.508
1058,7.943,2.406
1059,7.843,2.519
1060,7.854,2.535
1061,7.785,2.505
1062,7.903,2.501
1063,7.947,2.552
1064,7.856,2.470
1065,7.883,2.452
1066,7.811,2.431
1067,7.905,2.443
1068,7.810,2.451
1069,7.882,2.500
1070,7.714,2.440
1071,7.664,2.453
1072,7.836,2.482
1073,7.794,2.432
1074,7.662,2.511
1075,7.608,2.409
1076,7.451,2.494
1077,7.559,2.481
1078,7.577,2.541
1079,7.551,2.505
1080,7.770,2.583
1081,7.551,2.441
1082,7.627,2.508
1083,7.703,2.653
1084,7.732,2.587
1085,7.592,2.476
1086,7.613,2.578
1087,7.565,2.500
1088,7.461,2.474
1089,7.405,2.542
1090,7.346,2.452
1091,7.568,2.457
1092,7.447,2.501
1093,7.271,2.413
1094,7.273,2.550
1095,7.049,2.389
1096,7.083,2.364
1097,7.167,2.425
1098,7.178,2.439
1099,7.247,2.433
1100,7.233,2.402
1101,7.332,2.434
1102,7.021,2.453
1103,7.042,2.469
1104,7.148,2.482
1105,7.198,2.521
1106,7.273,2.525
1107,7.183,2.503
1108,7.160,2.448
1109,6.993,2.389
1110,7.056,2.481
1111,6.975,2.428
1112,6.922,2.387
1113,6.972,2.370
1114,6.899,2.433
1115,7.049,2.453
1116,7.019,2.450
1117,6.991,2.489
1118,6.980,2.462
1119,6.942,2.398
1120,7.144,2.372
1121,7.074,2.430
1122,7.271,2.440
1123,7.442,2.572
1124,7.453,2.528
1125,7.553,2.395
1126,7.439,2.456
1127,7.337,2.407
1128,7.226,2.220
1129,7.336,2.261
1130,7.242,2.310
1131,7.378,2.311
1132,7.227,2.278
1133,7.453,2.390
1134,7.369,2.358
1135,7.372,2.263
1136,7.508,2.389
1137,7.401,2.396
1138,7.549,2.482
1139,7.596,2.409
1140,7.496,2.538
1141,7.628,2.476
1142,7.449,2.415
1143,7.461,2.402
1144,7.644,2.510
1145,7.603,2.436
1146,7.401,2.479
1147,7.305,2.472
1148,7.346,2.508
1149,7.426,2.476
1150,7.590,2.694
1151,7.484,2.587
1152,7.515,2.609
1153,7.621,2.394
1154,7.572,2.532
1155,7.440,2.586
1156,7.541,2.533
1157,7.532,2.618
1158,7.483,2.588
1159,7.474,2.585
1160,7.584,2.602
1161,7.849,2.633
1162,7.653,2.707
1163,7.485,2.603
1164,7.510,2.698
1165,7.262,2.572
1166,7.312,2.567
1167,7.296,2.510
1168,7.485,2.603
1169,7.347,2.574
1170,7.397,2.592
1171,7.603,2.568
1172,7.627,2.526
1173,7.586,2.564
1174,7.714,2.625
1175,7.772,2.445
1176,7.860,2.467
1177,8.042,2.549
1178,7.970,2.504
1179,8.022,2.564
1180,7.976,2.682
1181,7.862,2.692
1182,7.798,2.573
1183,7.934,2.626
1184,7.871,2.667
1185,7.862,2.657
1186,7.897,2.606
1187,7.985,2.589
1188,7.865,2.609
1189,7.902,2.598
1190,7.853,2.545
1191,7.597,2.545
1192,7.770,2.557
1193,7.832,2.579
1194,7.863,2.565
1195,7.907,2.592
1196,7.827,2.610
1197,7.907,2.491
1198,8.007,2.554
1199,7.890,2.492
1200,7.978,2.593
1201,7.845,2.530
1202,7.998,2.549
1203,8.079,2.627
1204,8.117,2.564
1205,7.975,2.530
1206,7.940,2.496
1207,8.034,2.492
1208,8.103,2.567
1209,8.086,2.513
1210,8.030,2.479
1211,7.990,2.497
1212,8.003,2.439
1213,7.868,2.393
1214,7.976,2.505
1215,7.924,2.460
1216,8.050,2.447
1217,8.111,2.464
1218,7.813,2.403
1219,7.775,2.290
1220,7.902,2.400
1221,7.947,2.353
1222,7.851,2.443
1223,7.874,2.407
1224,7.914,2.415
1225,7.664,2.483
1226,7.726,2.483
1227,7.837,2.475
1228,7.722,2.427
1229,7.879,2.378
1230,7.762,2.439
1231,7.646,2.520
1232,7.707,2.349
1233,7.825,2.431
1234,7.743,2.501
1235,7.715,2.502
1236,7.783,2.505
1237,7.735,2.494
1238,7.722,2.426
1239,7.750,2.541
1240,7.793,2.474
1241,7.779,2.395
1242,7.729,2.354
1243,7.767,2.294
1244,7.904,2.412
1245,7.785,2.354
1246,7.896,2.315
1247,7.823,2.383
1248,7.958,2.406
1249,7.904,2.425
1250,7.801,2.420
1251,7.907,2.512
1252,7.896,2.517
1253,7.913,2.467
1254,8.038,2.553
1255,8.063,2.518
1256,7.937,2.437
1257,8.083,2.411
1258,7.914,2.405
1259,7.922,2.430
1260,8.010,2.399
1261,7.912,2.448
1262,7.984,2.401
1263,7.893,2.343
1264,7.818,2.448
1265,7.821,2.409
1266,7.927,2.518
1267,7.920,2.435
1268,7.843,2.437
1269,7.999,2.521
1270,7.945,2.377
1271,8.027,2.467
1272,7.911,2.368
1273,8.081,2.330
1274,8.102,2.342
1275,8.086,2.296
1276,8.069,2.333
1277,7.935,2.336
1278,8.026,2.436
1279,8.013,2.394
1280,8.086,2.448
1281,8.012,2.315
1282,7.919,2.374
1283,8.026,2.443
1284,7.992,2.309
1285,8.206,2.412
1286,8.144,2.393
1287,8.030,2.467
1288,8.068,2.479
1289,8.047,2.387
1290,7.993,2.384
1291,7.988,2.431
1292,8.064,2.445
1293,8.188,2.452
1294,8.097,2.503
1295,8.158,2.414
1296,8.265,2.500
1297,7.994,2.525
1298,7.989,2.481
1299,8.039,2.434
1300,8.072,2.495
1301,8.111,2.443
1302,8.286,2.402
1303,8.377,2.410
1304,8.349,2.491
1305,8.394,2.548
1306,8.253,2.532
1307,8.259,2.447
1308,8.111,2.436
1309,7.962,2.461
1310,7.887,2.497
1311,7.977,2.416
1312,8.257,2.517
1313,8.187,2.458
1314,8.114,2.450
1315,8.133,2.580
1316,8.043,2.491
1317,8.137,2.593
1318,8.002,2.519
1319,7.824,2.467
1320,7.960,2.568
1321,7.933,2.477
1322,7.973,2.584
1323,8.127,2.554
1324,8.118,2.610
1325,7.991,2.475
1326,8.118,2.548
1327,8.113,2.563
1328,8.217,2.490
1329,8.160,2.528
1330,8.314,2.545
1331,8.358,2.531
1332,8.235,2.554
1333,8.248,2.525
1334,8.335,2.484
1335,8.392,2.549
1336,8.401,2.546
1337,8.309,2.593
1338,8.282,2.547
1339,8.270,2.495
1340,8.246,2.547
1341,8.251,2.466
1342,8.175,2.505
1343,8.166,2.521
1344,8.221,2.544
1345,8.097,2.474
1346,8.159,2.634
1347,8.093,2.483
1348,8.202,2.467
1349,8.266,2.428
1350,8.100,2.409
1351,7.941,2.393
1352,8.040,2.477
1353,8.206,2.619
1354,8.123,2.487
1355,8.066,2.469
1356,7.981,2.455
1357,7.967,2.481
1358,8.030,2.448
1359,8.099,2.407
1360,8.202,2.402
1361,8.025,2.388
1362,8.005,2.450
1363,8.063,2.412
1364,8.212,2.454
1365,8.119,2.402
1366,8.019,2.439
1367,8.094,2.377
1368,8.023,2.377
1369,8.213,2.444
1370,8.072,2.390
1371,8.022,2.357
1372,7.996,2.420
1373,7.898,2.383
1374,7.849,2.386
1375,7.905,2.367
1376,7.972,2.339
1377,8.149,2.344
1378,8.160,2.450
1379,8.201,2.457
1380,7.994,2.512
1381,8.036,2.573
1382,7.975,2.493
1383,7.996,2.424
1384,8.086,2.425
1385,8.127,2.420
1386,7.981,2.399
1387,7.890,2.408
1388,7.923,2.486
1389,8.018,2.483
1390,8.077,2.338
1391,8.084,2.399
1392,8.022,2.398
1393,7.912,2.455
1394,7.975,2.521
1395,7.972,2.538
1396,8.068,2.674
1397,7.929,2.661
1398,7.922,2.646
1399,7.995,2.502
1400,8.097,2.543
1401,7.986,2.603
1402,7.968,2.529
1403,7.856,2.467
1404,8.039,2.558
1405,7.920,2.452
1406,7.969,2.581
1407,7.901,2.485
1408,7.920,2.538
1409,7.713,2.404
1410,7.819,2.401
1411,7.804,2.342
1412,7.877,2.433
1413,7.953,2.455
1414,7.923,2.323
1415,7.889,2.388
1416,8.071,2.404
1417,8.016,2.346
1418,8.112,2.385
1419,8.229,2.449
1420,8.257,2.414
1421,8.150,2.298
1422,8.318,2.536
1423,8.103,2.478
1424,8.071,2.442
1425,8.028,2.392
1426,8.039,2.466
1427,8.261,2.341
1428,8.122,2.483
1429,8.142,2.338
1430,8.241,2.410
1431,8.298,2.420
1432,8.021,2.293
1433,8.035,2.357
1434,8.064,2.454
1435,7.938,2.388
1436,8.045,2.404
1437,8.115,2.602
1438,8.103,2.628
1439,8.167,2.605
1440,7.991,2.517
1441,8.023,2.582
1442,8.090,2.545
1443,8.077,2.584
1444,8.026,2.528
1445,8.149,2.565
1446,8.000,2.594
1447,7.890,2.482
1448,7.963,2.544
1449,7.927,2.498
1450,7.988,2.463
1451,7.880,2.530
1452,8.156,2.599
1453,8.020,2.590
1454,7.990,2.522
1455,7.795,2.522
1456,7.756,2.444
1457,7.678,2.508
1458,7.725,2.571
1459,7.859,2.526
1460,7.849,2.629
1461,7.817,2.596
1462,7.477,2.520
1463,7.657,2.653
1464,7.760,2.636
1465,7.623,2.599
1466,7.695,2.619
1467,7.703,2.654
1468,7.761,2.588
1469,7.742,2.587
1470,7.722,2.489
1471,7.735,2.519
1472,7.854,2.487
1473,7.817,2.471
1474,7.842,2.421
1475,7.984,2.608
1476,8.022,2.588
1477,8.103,2.573
1478,8.112,2.517
1479,8.072,2.623
1480,8.069,2.630
1481,8.044,2.582
1482,8.002,2.565
1483,8.061,2.593
1484,7.980,2.531
1485,7.757,2.510
1486,7.695,2.572
1487,7.667,2.587
1488,7.820,2.663
1489,7.637,2.532
1490,7.626,2.399
1491,7.723,2.434
1492,7.697,2.455
1493,7.575,2.498
1494,7.635,2.563
1495,7.757,2.471
1496,7.739,2.470
1497,7.900,2.464
1498,7.919,2.676
1499,7.841,2.690
1500,7.808,2.729
1501,7.719,2.588
1502,8.001,2.650
1503,7.778,2.512
1504,7.789,2.487
1505,7.675,2.475
1506,7.599,2.482
1507,7.775,2.613
1508,7.939,2.718
1509,7.911,2.574
1510,7.892,2.594
1511,8.035,2.477
1512,7.923,2.614
1513,7.938,2.583
1514,7.978,2.620
1515,8.119,2.575
1516,7.981,2.555
1517,7.894,2.478
1518,7.970,2.704
1519,7.910,2.550
1520,8.011,2.622
1521,8.098,2.645
1522,8.124,2.754
1523,8.135,2.761
1524,8.141,2.825
1525,8.123,2.735
1526,8.120,2.776
1527,8.156,2.765
1528,8.177,2.707
1529,8.189,2.637
1530,8.221,2.753
1531,8.238,2.779
1532,8.325,2.764
1533,8.261,2.621
1534,8.151,2.731
1535,8.329,2.865
1536,8.021,2.722
1537,8.205,2.733
1538,8.296,2.661
1539,8.356,2.648
1540,8.313,2.689
1541,8.339,2.739
1542,8.453,2.812
1543,8.391,2.742
1544,8.218,2.809
1545,8.295,2.817
1546,8.062,2.689
1547,8.074,2.719
1548,7.999,2.662
1549,8.060,2.625
1550,7.976,2.661
1551,7.979,2.671
1552,7.762,2.710
1553,7.970,2.713
1554,8.021,2.722
1555,7.841,2.618
1556,7.820,2.585
1557,8.027,2.632
1558,7.897,2.753
1559,7.899,2.828
1560,8.013,2.813
1561,7.919,2.826
1562,8.070,2.891
1563,7.923,2.808
1564,7.798,2.608
1565,7.955,2.701
1566,7.984,2.662
1567,8.101,2.773
1568,8.143,2.655
1569,8.262,2.741
1570,8.117,2.653
1571,8.201,2.707
1572,8.220,2.835
1573,8.147,2.778
1574,8.119,2.712
1575,8.239,2.734
1576,8.138,2.669
1577,8.059,2.599
1578,7.991,2.509
1579,8.178,2.638
1580,8.166,2.602
1581,7.996,2.627
1582,8.098,2.679
1583,8.091,2.573
1584,8.083,2.735
1585,8.188,2.757
1586,8.155,2.635
1587,8.258,2.578
1588,8.137,2.663
1589,7.786,2.639
1590,7.766,2.591
1591,7.926,2.671
1592,7.733,2.574
1593,7.872,2.526
1594,7.786,2.624
1595,7.967,2.569
1596,7.917,2.576
1597,7.998,2.648
1598,7.709,2.641
1599,7.833,2.497
1600,7.806,2.686
1601,7.799,2.624
1602,7.799,2.541
1603,7.913,2.530
1604,8.059,2.552
1605,8.043,2.592
1606,7.877,2.510
1607,7.884,2.599
1608,8.078,2.616
1609,8.200,2.668
1610,8.265,2.731
1611,8.268,2.648
1612,8.185,2.563
1613,8.270,2.621
1614,8.298,2.571
1615,8.231,2.585
1616,8.571,2.649
1617,8.386,2.535
1618,8.463,2.622
1619,8.464,2.636
1620,8.703,2.609
1621,8.754,2.595
1622,8.615,2.744
1623,8.570,2.707
1624,8.418,2.700
1625,8.304,2.626
1626,8.479,2.640
1627,8.584,2.631
1628,8.419,2.565
1629,8.365,2.499
1630,8.384,2.560
1631,8.436,2.589
1632,8.530,2.635
1633,8.408,2.579
1634,8.411,2.624
1635,8.476,2.583
1636,8.306,2.696
1637,8.521,2.707
1638,8.539,2.853
1639,8.788,2.863
1640,8.749,2.806
1641,8.697,2.644
1642,8.664,2.722
1643,8.742,2.751
1644,8.583,2.767
1645,8.472,2.722
1646,8.364,2.690
1647,8.574,2.807
1648,8.617,2.695
1649,8.639,2.554
1650,8.655,2.659
1651,8.821,2.663
1652,8.932,2.779
1653,8.868,2.828
1654,8.810,2.801
1655,8.711,2.867
1656,8.533,2.861
1657,8.489,2.792
1658,8.460,2.941
1659,8.450,2.895
1660,8.439,2.828
1661,8.483,2.796
1662,8.438,2.884
1663,8.696,3.041
1664,8.524,2.882
1665,8.553,2.878
1666,8.457,2.886
1667,8.671,2.792
1668,8.798,2.920
1669,8.614,2.892
1670,8.701,2.870
1671,8.583,2.786
1672,8.432,2.734
1673,8.323,2.791
1674,8.391,2.749
1675,8.399,2.629
1676,8.278,2.645
1677,8.259,2.763
1678,8.228,2.757
1679,8.324,2.761
1680,8.384,2.675
1681,8.427,2.722
1682,8.408,2.797
1683,8.342,2.699
1684,8.121,2.702
1685,8.064,2.613
1686,8.292,2.643
1687,8.211,2.618
1688,8.264,2.601
1689,8.312,2.550
1690,8.330,2.515
1691,8.228,2.597
1692,8.378,2.624
1693,8.487,2.802
1694,8.440,2.714
1695,8.441,2.789
1696,8.647,2.934
1697,8.795,3.015
1698,8.722,2.912
1699,8.636,2.975
1700,8.633,2.953
1701,8.810,3.065
1702,8.718,2.923
1703,8.723,3.019
1704,8.715,3.097
1705,8.541,2.887
1706,8.493,2.907
1707,8.538,2.864
1708,8.489,2.884
1709,8.456,2.947
1710,8.271,2.817
1711,8.361,2.917
1712,8.314,2.897
1713,8.474,2.898
1714,8.590,2.881
1715,8.501,2.812
1716,8.656,2.843
1717,8.606,2.895
1718,8.489,2.799
1719,8.446,2.905
1720,8.402,2.768
1721,8.363,2.816
1722,8.378,2.881
1723,8.301,2.753
1724,8.416,2.813
1725,8.665,2.963
1726,8.570,2.803
1727,8.354,2.726
1728,8.420,2.692
1729,8.494,2.738
1730,8.429,2.813
1731,8.560,2.739
1732,8.538,2.790
1733,8.650,2.917
1734,8.592,2.878
1735,8.652,2.838
1736,8.674,2.949
1737,8.537,2.930
1738,8.654,2.990
1739,8.460,3.007
1740,8.473,2.980
1741,8.426,2.905
1742,8.677,2.943
1743,8.627,2.906
1744,8.593,2.942
1745,8.392,2.984
1746,8.278,2.870
1747,8.455,2.790
1748,8.472,2.823
1749,8.470,2.805
1750,8.551,2.942
1751,8.436,2.932
1752,8.470,3.011
1753,8.762,3.043
1754,8.695,2.904
1755,8.695,3.016
1756,8.840,3.017
1757,8.815,2.965
1758,8.866,2.869
1759,8.908,3.056
1760,8.906,3.118
1761,8.715,2.957
1762,8.776,2.937
1763,8.728,3.060
1764,8.704,3.147
1765,8.692,3.096
1766,8.601,3.147
1767,8.521,3.043
1768,8.630,3.108
1769,8.626,3.117
1770,8.644,3.158
1771,8.649,3.067
1772,8.576,2.916
1773,8.629,2.919
1774,8.779,2.883
1775,8.529,2.960
1776,8.580,2.949
1777,8.669,2.932
1778,8.637,3.123
1779,8.641,3.124
1780,8.677,3.133
1781,8.476,3.076
1782,8.662,3.350
1783,8.622,3.281
1784,8.505,3.126
1785,8.562,3.141
1786,8.575,3.127
1787,8.480,3.106
1788,8.449,3.092
1789,8.492,3.067
1790,8.633,3.079
1791,8.526,3.116
1792,8.572,3.172
1793,8.568,3.184
1794,8.504,3.123
1795,8.672,3.137
1796,8.639,3.163
1797,8.690,3.193
1798,8.743,3.180
1799,8.763,3.109
1800,8.944,3.165
1801,8.908,3.152
1802,8.856,3.173
1803,8.750,3.041
1804,8.680,3.026
1805,8.739,2.984
1806,8.772,3.107
1807,8.708,3.063
1808,8.724,3.070
1809,8.768,3.128
1810,8.758,3.219
1811,8.732,3.172
1812,8.508,3.041
1813,8.693,3.169
1814,8.442,3.034
1815,8.415,2.886
1816,8.471,2.997
1817,8.476,2.996
1818,8.618,3.111
1819,8.481,2.959
1820,8.231,2.924
1821,8.266,2.953
1822,8.379,2.893
1823,8.326,2.912
1824,8.075,2.865
1825,8.096,2.917
1826,8.234,2.937
1827,8.175,2.863
1828,8.223,2.811
1829,8.191,2.729
1830,8.330,2.742
1831,8.206,2.782
1832,8.250,2.762
1833,8.194,2.743
1834,8.196,2.742
1835,8.126,2.748
1836,8.220,2.830
1837,8.339,2.881
1838,8.264,2.731
1839,8.322,2.843
1840,8.355,2.848
1841,8.465,2.856
1842,8.409,2.888
1843,8.461,2.937
1844,8.351,2.860
1845,8.369,2.925
1846,8.375,2.872
1847,8.297,2.802
1848,8.381,2.998
1849,8.439,2.902
1850,8.181,2.871
1851,8.280,2.857
1852,8.333,2.925
1853,8.148,2.804
1854,8.283,2.874
1855,8.198,2.851
1856,8.105,2.928
1857,8.262,2.835
1858,8.287,2.921
1859,8.529,3.066
1860,8.666,3.036
1861,8.483,2.925
1862,8.376,2.765
1863,8.327,2.901
1864,8.386,2.745
1865,8.158,2.908
1866,8.205,2.827
1867,8.152,2.813
1868,8.421,2.844
1869,8.350,2.856
1870,8.366,2.761
1871,8.579,3.015
1872,8.536,2.871
1873,8.492,2.950
1874,8.806,2.982
1875,8.743,2.979
1876,8.919,2.911
1877,8.734,2.912
1878,8.830,2.959
1879,8.694,2.978
1880,8.698,2.942
1881,8.687,2.903
1882,8.840,2.874
1883,8.926,2.863
1884,8.935,3.014
1885,8.995,3.031
1886,9.083,3.092
1887,8.918,3.154
1888,8.942,3.102
1889,8.880,2.945
1890,8.779,2.980
1891,8.743,3.016
1892,8.651,3.016
1893,8.697,2.949
1894,8.605,2.855
1895,8.721,2.885
1896,8.829,2.926
1897,8.891,3.017
1898,8.801,2.999
1899,8.843,2.968
1900,8.730,2.951
1901,8.679,3.014
1902,8.665,2.951
1903,8.550,2.844
1904,8.605,2.883
1905,8.649,2.842
1906,8.572,2.765
1907,8.609,2.809
1908,8.585,2.841
1909,8.825,2.881
1910,8.813,2.924
1911,8.733,2.914
1912,9.004,2.930
1913,8.843,2.825
1914,8.744,2.851
1915,8.706,2.880
1916,8.612,2.852
1917,8.550,2.761
1918,8.489,2.741
1919,8.498,2.699
1920,8.333,2.591
1921,8.333,2.663
1922,8.391,2.646
1923,8.083,2.612
1924,8.323,2.684
1925,8.244,2.728
1926,8.220,2.605
1927,8.373,2.624
1928,8.429,2.629
1929,8.174,2.654
1930,8.117,2.633
1931,8.138,2.599
1932,8.297,2.643
1933,8.009,2.654
1934,7.919,2.528
1935,7.975,2.568
1936,7.953,2.550
1937,8.054,2.606
1938,7.950,2.582
1939,7.994,2.571
1940,8.206,2.616
1941,8.224,2.709
1942,8.108,2.620
1943,8.198,2.637
1944,8.244,2.617
1945,8.173,2.653
1946,8.226,2.595
1947,8.323,2.620
1948,8.430,2.627
1949,8.382,2.684
1950,8.424,2.689
1951,8.343,2.691
1952,8.114,2.593
1953,8.174,2.561
1954,8.137,2.462
1955,7.971,2.525
1956,8.105,2.513
1957,8.135,2.563
1958,8.088,2.490
1959,8.287,2.508
1960,8.294,2.486
1961,8.290,2.535
1962,8.263,2.484
1963,8.239,2.411
1964,8.191,2.421
1965,8.326,2.465
1966,8.142,2.568
1967,8.088,2.488
1968,8.181,2.507
1969,8.084,2.363
1970,8.102,2.400
1971,8.136,2.406
1972,8.095,2.488
1973,8.173,2.427
1974,8.100,2.496
1975,8.159,2.350
1976,8.071,2.372
1977,8.145,2.429
1978,8.084,2.451
1979,7.974,2.478
1980,7.877,2.463
1981,7.992,2.493
1982,8.057,2.502
1983,7.938,2.553
1984,8.090,2.683
1985,8.066,2.582
1986,8.177,2.650
1987,8.204,2.698
1988,8.143,2.693
1989,8.190,2.598
1990,8.154,2.654
1991,8.290,2.685
1992,8.038,2.542
1993,7.966,2.593
1994,8.049,2.602
1995,8.106,2.543
1996,8.006,2.509
1997,7.804,2.486
1998,7.787,2.547
1999,7.735,2.551
2000,7.561,2.396
2001,7.798,2.508
2002,7.900,2.552
2003,7.629,2.449
2004,7.708,2.418
2005,7.530,2.453
2006,7.730,2.462
2007,8.006,2.598
2008,7.905,2.609
2009,7.764,2.590
2010,7.725,2.559
2011,7.616,2.521
2012,7.676,2.530
2013,7.628,2.595
2014,7.679,2.626
2015,7.840,2.596
2016,7.828,2.597
2017,7.824,2.627
2018,7.837,2.549
2019,7.633,2.540
2020,7.395,2.566
2021,7.321,2.552
2022,7.463,2.640
2023,7.695,2.522
2024,7.702,2.509
2025,7.593,2.458
2026,7.456,2.539
2027,7.555,2.581
2028,7.483,2.562
2029,7.563,2.464
2030,7.672,2.562
2031,7.587,2.485
2032,7.490,2.412
2033,7.622,2.508
2034,7.779,2.509
2035,7.783,2.550
2036,7.720,2.513
2037,7.863,2.469
2038,7.757,2.543
2039,7.737,2.502
2040,7.703,2.494
2041,7.874,2.460
2042,7.774,2.497
2043,7.664,2.591
2044,7.734,2.598
2045,7.813,2.586
2046,7.904,2.589
2047,7.838,2.572
2048,7.908,2.533
2049,7.713,2.515
2050,7.780,2.436
2051,7.932,2.551
2052,7.860,2.613
2053,7.686,2.472
2054,7.600,2.431
2055,7.771,2.522
2056,7.905,2.534
2057,7.885,2.519
2058,7.730,2.442
2059,7.714,2.467
2060,7.820,2.507
2061,7.910,2.556
2062,7.914,2.476
2063,8.079,2.461
2064,8.111,2.583
2065,8.180,2.536
2066,8.120,2.460
2067,7.980,2.500
2068,7.917,2.567
2069,7.870,2.489
2070,7.935,2.509
2071,7.985,2.569
2072,8.087,2.549
2073,7.898,2.520
2074,7.887,2.489
2075,7.845,2.485
2076,7.851,2.467
2077,7.744,2.555
2078,7.715,2.463
2079,7.893,2.478
2080,7.767,2.382
2081,7.826,2.281
2082,7.804,2.386
2083,7.815,2.311
2084,7.771,2.476
2085,7.708,2.432
2086,7.730,2.447
2087,7.665,2.446
2088,7.807,2.467
2089,7.870,2.522
2090,7.778,2.593
2091,7.924,2.604
2092,7.865,2.572
2093,7.809,2.485
2094,7.907,2.497
2095,7.721,2.513
2096,7.909,2.516
2097,7.950,2.467
2098,7.981,2.520
2099,8.068,2.482
2100,8.104,2.605
2101,8.066,2.583
2102,8.155,2.547
2103,7.934,2.376
2104,8.093,2.426
2105,8.124,2.464
2106,8.065,2.421
2107,8.165,2.605
2108,8.138,2.530
2109,8.179,2.539
2110,8.056,2.570
2111,8.011,2.594
2112,8.123,2.550
2113,8.115,2.607
2114,8.075,2.587
2115,8.053,2.526
2116,8.056,2.633
2117,8.239,2.693
2118,8.148,2.578
2119,8.155,2.585
2120,8.035,2.519
2121,8.087,2.548
2122,8.036,2.607
2123,8.146,2.597
2124,8.133,2.678
2125,8.138,2.535
2126,8.223,2.631
2127,8.152,2.612
2128,8.321,2.745
2129,8.328,2.721
2130,8.285,2.697
2131,8.293,2.638
2132,8.354,2.555
2133,8.270,2.563
2134,8.179,2.534
2135,8.152,2.577
2136,8.272,2.527
2137,8.306,2.618
2138,8.302,2.512
2139,8.131,2.493
2140,8.169,2.583
2141,8.325,2.652
2142,8.227,2.663
2143,8.193,2.562
2144,7.994,2.532
2145,7.993,2.477
2146,8.145,2.616
2147,8.003,2.593
2148,7.967,2.587
2149,7.934,2.659
2150,8.048,2.652
2151,7.972,2.589
2152,7.914,2.547
2153,7.966,2.545
2154,7.931,2.532
2155,8.011,2.595
2156,8.085,2.583
2157,7.960,2.572
2158,7.937,2.681
2159,7.967,2.689
2160,7.970,2.623
2161,7.989,2.611
2162,8.023,2.638
2163,8.146,2.780
2164,8.168,2.668
2165,7.948,2.719
2166,8.130,2.786
2167,8.127,2.712
2168,8.544,2.839
2169,8.241,2.696
2170,8.249,2.750
2171,8.423,2.816
2172,8.132,2.796
2173,8.350,2.812
2174,8.229,2.866
2175,8.188,2.725
2176,8.265,2.760
2177,8.233,2.733
2178,8.162,2.907
2179,8.248,2.855
2180,8.119,2.817
2181,8.039,2.881
2182,8.078,2.855
2183,8.192,2.843
2184,8.297,2.942
2185,8.352,2.873
2186,8.322,2.883
2187,8.289,2.849
2188,8.206,2.785
2189,8.328,2.814
2190,8.251,2.804
2191,8.166,2.697
2192,8.257,2.705
2193,8.106,2.680
2194,8.002,2.633
2195,8.147,2.729
2196,8.092,2.695
2197,8.258,2.736
2198,8.159,2.730
2199,8.185,2.821
2200,8.282,2.819
2201,8.263,2.693
2202,8.375,2.640
2203,8.289,2.665
2204,8.127,2.666
2205,8.139,2.662
2206,8.261,2.675
2207,8.199,2.671
2208,8.284,2.631
2209,8.210,2.548
2210,8.450,2.686
2211,8.428,2.630
2212,8.325,2.638
2213,8.259,2.536
2214,8.305,2.577
2215,8.336,2.539
2216,8.193,2.524
2217,8.233,2.542
2218,8.265,2.534
2219,8.250,2.672
2220,8.424,2.604
2221,8.434,2.630
2222,8.497,2.652
2223,8.382,2.542
2224,8.445,2.531
2225,8.527,2.601
2226,8.307,2.664
2227,8.181,2.559
2228,8.079,2.620
2229,8.069,2.497
2230,7.967,2.418
2231,8.158,2.537
2232,7.955,2.533
2233,8.053,2.570
2234,7.948,2.475
2235,8.107,2.633
2236,7.909,2.663
2237,8.120,2.761
2238,7.986,2.756
2239,7.933,2.585
2240,7.978,2.613
2241,8.065,2.755
2242,8.007,2.701
2243,8.009,2.724
2244,8.053,2.670
2245,8.072,2.644
2246,7.986,2.661
2247,7.938,2.647
2248,8.137,2.759
2249,8.037,2.767
2250,8.054,2.794
2251,8.143,2.780
2252,8.113,2.706
2253,8.215,2.898
2254,8.234,2.850
2255,8.210,2.909
2256,7.996,2.865
2257,8.072,2.790
2258,8.100,2.736
2259,8.111,2.706
2260,8.110,2.735
2261,8.130,2.724
2262,8.187,2.824
2263,8.315,2.654
2264,8.234,2.669
2265,8.276,2.637
2266,8.135,2.607
2267,8.019,2.650
2268,8.084,2.765
2269,7.952,2.714
2270,8.099,2.724
2271,8.189,2.808
2272,8.229,2.724
2273,8.032,2.616
2274,8.140,2.639
2275,8.138,2.693
2276,8.134,2.615
2277,8.259,2.613
2278,8.328,2.625
2279,8.090,2.549
2280,8.277,2.623
2281,8.192,2.614
2282,8.164,2.614
2283,7.961,2.589
2284,8.004,2.717
2285,8.066,2.647
2286,8.114,2.600
2287,8.132,2.697
2288,7.978,2.714
2289,7.923,2.709
2290,8.025,2.817
2291,7.980,2.846
2292,8.195,2.808
2293,8.022,2.788
2294,7.886,2.699
2295,7.863,2.680
2296,7.941,2.711
2297,7.893,2.695
2298,7.843,2.727
2299,7.902,2.765
2300,7.976,2.707
2301,7.787,2.725
2302,7.890,2.693
2303,7.822,2.607
2304,7.849,2.706
2305,7.895,2.675
2306,7.807,2.718
2307,7.718,2.658
2308,7.698,2.594
2309,7.759,2.566
2310,7.571,2.597
2311,7.724,2.750
2312,7.698,2.692
2313,7.652,2.617
2314,7.704,2.594
2315,7.614,2.694
2316,7.579,2.662
2317,7.801,2.589
2318,7.799,2.624
2319,7.770,2.555
2320,7.707,2.515
2321,7.728,2.560
2322,7.598,2.507
2323,7.866,2.604
2324,7.722,2.497
2325,7.835,2.532
2326,7.956,2.591
2327,8.026,2.580
2328,8.179,2.678
2329,8.123,2.645
2330,8.183,2.579
2331,8.243,2.614
2332,8.314,2.686
2333,8.160,2.575
2334,8.207,2.637
2335,8.316,2.657
2336,8.271,2.616
2337,8.126,2.563
2338,8.059,2.489
2339,8.125,2.507
2340,8.028,2.542
2341,8.089,2.619
2342,8.260,2.615
2343,8.389,2.538
2344,8.285,2.465
2345,8.258,2.597
2346,8.242,2.544
2347,8.020,2.487
2348,8.007,2.530
2349,7.983,2.511
2350,8.121,2.588
2351,8.083,2.492
2352,8.096,2.591
2353,8.095,2.489
2354,8.154,2.586
2355,8.227,2.546
2356,8.245,2.503
2357,8.088,2.539
2358,8.046,2.466
2359,8.039,2.587
2360,8.039,2.557
2361,8.032,2.504
2362,7.982,2.536
2363,8.155,2.606
2364,8.233,2.640
2365,8.246,2.651
2366,8.416,2.609
2367,8.423,2.498
2368,8.443,2.611
2369,8.358,2.525
2370,8.423,2.526
2371,8.394,2.580
2372,8.305,2.524
2373,8.377,2.520
2374,8.430,2.504
2375,8.382,2.626
2376,8.580,2.589
2377,8.517,2.595
2378,8.545,2.634
2379,8.752,2.605
2380,8.762,2.734
2381,8.587,2.622
2382,8.688,2.605
2383,8.639,2.565
2384,8.595,2.723
2385,8.553,2.739
2386,8.611,2.763
2387,8.657,2.697
2388,8.741,2.624
2389,8.633,2.621
2390,8.603,2.522
2391,8.633,2.725
2392,8.552,2.633
2393,8.630,2.642
2394,8.606,2.467
2395,8.552,2.582
2396,8.635,2.614
2397,8.693,2.617
2398,8.737,2.588
2399,8.528,2.552
2400,8.519,2.476
2401,8.505,2.566
2402,8.548,2.445
2403,8.506,2.477
2404,8.532,2.413
2405,8.639,2.402
2406,8.697,2.355
2407,8.754,2.362
2408,8.841,2.450
2409,8.959,2.532
2410,8.755,2.436
2411,8.594,2.346
2412,8.517,2.387
2413,8.402,2.463
2414,8.427,2.437
2415,8.405,2.353
2416,8.318,2.458
2417,8.442,2.407
2418,8.409,2.528
2419,8.612,2.610
2420,8.596,2.633
2421,8.609,2.563
2422,8.568,2.586
2423,8.630,2.507
2424,8.478,2.569
2425,8.540,2.466
2426,8.572,2.498
2427,8.550,2.559
2428,8.512,2.561
2429,8.484,2.484
2430,8.640,2.512
2431,8.673,2.544
2432,8.621,2.510
2433,8.738,2.559
2434,8.486,2.522
2435,8.524,2.570
2436,8.434,2.583
2437,8.467,2.572
2438,8.471,2.586
2439,8.438,2.524
2440,8.311,2.564
2441,8.436,2.635
2442,8.576,2.785
2443,8.417,2.632
2444,8.453,2.713
2445,8.588,2.693
2446,8.590,2.695
2447,8.648,2.608
2448,8.685,2.626
2449,8.632,2.715
2450,8.602,2.666
2451,8.809,2.812
2452,8.807,2.683
2453,8.828,2.757
2454,8.821,2.745
2455,8.747,2.721
2456,8.701,2.735
2457,8.907,2.862
2458,8.787,2.718
2459,8.896,2.766
2460,9.119,2.747
2461,8.903,2.662
2462,8.892,2.647
2463,8.897,2.594
2464,8.850,2.749
2465,8.669,2.652
2466,8.780,2.656
2467,8.826,2.676
2468,8.780,2.694
2469,8.661,2.694
2470,8.785,2.775
2471,8.729,2.716
2472,8.848,2.773
2473,8.947,2.743
2474,9.023,2.693
2475,8.996,2.818
2476,8.952,2.756
2477,8.894,2.661
2478,8.925,2.718
2479,9.008,2.707
2480,9.123,2.691
2481,9.094,2.637
2482,9.064,2.613
2483,9.094,2.618
2484,9.022,2.624
2485,9.103,2.636
2486,9.164,2.758
2487,9.249,2.787
2488,9.221,2.659
2489,8.996,2.710
2490,9.096,2.799
2491,9.115,2.829
2492,9.036,2.734
2493,8.944,2.713
2494,9.130,2.541
2495,9.226,2.762
2496,9.327,2.740
2497,9.277,2.803
2498,9.273,2.727
2499,9.355,2.740
2500,9.398,2.693
2501,9.430,2.778
2502,9.365,2.750
2503,9.129,2.672
2504,9.136,2.684
2505,9.115,2.780
2506,9.069,2.831
2507,9.094,2.799
2508,9.067,2.726
2509,9.043,2.749
2510,8.953,2.719
2511,8.909,2.699
2512,8.923,2.646
2513,8.809,2.693
2514,8.753,2.586
2515,8.730,2.756
2516,8.716,2.762
2517,8.709,2.654
2518,8.448,2.684
2519,8.270,2.696
2520,8.476,2.694
2521,8.526,2.704
2522,8.676,2.777
2523,8.555,2.711
2524,8.591,2.781
2525,8.582,2.759
2526,8.453,2.694
2527,8.526,2.674
2528,8.418,2.753
2529,8.431,2.567
2530,8.456,2.646
2531,8.311,2.602
2532,8.298,2.551
2533,8.366,2.750
2534,8.423,2.674
2535,8.501,2.732
2536,8.445,2.591
2537,8.446,2.617
2538,8.573,2.620
2539,8.702,2.756
2540,8.842,2.785
2541,8.799,2.889
2542,8.785,2.861
2543,8.815,2.836
2544,8.838,2.880
2545,8.934,2.887
2546,8.989,2.832
2547,8.983,2.748
2548,9.016,2.888
2549,8.991,2.798
2550,9.058,2.902
2551,9.047,2.789
2552,8.936,2.787
2553,8.995,2.888
2554,9.034,3.009
2555,9.095,3.013
2556,9.107,2.876
2557,9.085,2.972
2558,8.966,2.788
2559,8.955,2.912
2560,9.090,2.859
2561,9.134,2.907
2562,9.184,2.923
2563,9.300,2.955
2564,9.264,2.942
2565,9.480,3.079
2566,9.284,3.056
2567,9.320,3.030
2568,9.273,2.928
2569,9.284,2.938
2570,9.183,2.799
2571,9.308,2.919
2572,9.261,2.783
2573,9.265,2.917
2574,9.226,2.830
2575,9.155,2.846
2576,9.147,2.826
2577,8.890,2.656
2578,8.804,2.717
2579,8.850,2.802
2580,8.629,2.792
2581,8.888,2.855
2582,8.889,2.868
2583,8.811,2.822
2584,8.741,2.753
2585,8.859,2.844
2586,8.973,2.802
2587,9.024,2.782
2588,8.982,2.791
2589,8.950,2.767
2590,8.863,2.782
2591,8.797,2.734
2592,8.904,2.786
2593,8.683,2.665
2594,8.787,2.733
2595,8.691,2.782
2596,8.730,2.901
2597,8.831,2.847
2598,8.781,2.806
2599,8.984,2.887
2600,8.972,2.908
2601,8.820,2.828
2602,8.691,2.644
2603,8.706,2.721
2604,8.814,2.764
2605,8.821,2.724
2606,8.818,2.747
2607,8.952,2.776
2608,8.906,2.853
2609,8.816,2.766
2610,8.859,2.802
2611,8.816,2.766
2612,8.799,2.752
2613,8.829,2.805
2614,8.681,2.773
2615,8.719,2.826
2616,8.835,2.763
2617,8.979,2.797
2618,8.916,2.841
2619,8.931,2.807
2620,8.843,2.766
2621,8.931,2.726
2622,8.978,2.863
2623,8.839,2.827
2624,8.839,2.867
2625,8.768,2.782
2626,8.639,2.788
2627,8.623,2.765
2628,8.707,2.761
2629,8.853,2.733
2630,8.975,2.794
2631,9.004,2.896
2632,8.999,2.845
2633,9.024,2.848
2634,8.969,3.008
2635,9.030,2.982
2636,8.964,2.886
2637,8.829,2.936
2638,8.731,2.941
2639,8.829,3.039
2640,8.992,3.033
2641,8.896,2.966
2642,8.900,2.922
2643,8.910,2.974
2644,8.747,3.073
2645,8.933,2.994
2646,8.923,2.881
2647,8.907,2.941
2648,8.787,2.885
2649,8.875,2.822
2650,8.970,2.899
2651,8.895,2.900
2652,8.703,2.901
2653,8.497,2.883
2654,8.509,2.864
2655,8.450,2.944
2656,8.579,2.934
2657,8.457,2.914
2658,8.548,2.903
2659,8.674,2.882
2660,8.827,2.898
2661,8.847,2.995
2662,8.697,2.966
2663,8.532,2.863
2664,8.719,2.924
2665,8.860,2.982
2666,8.873,2.954
2667,8.847,2.979
2668,9.023,3.084
2669,9.064,3.061
2670,8.933,3.009
2671,8.871,2.812
2672,8.891,2.893
2673,9.014,2.925
2674,9.192,3.090
2675,9.198,3.178
2676,9.102,3.000
2677,9.080,3.051
2678,9.091,2.960
2679,8.902,2.919
2680,9.063,3.073
2681,9.073,2.965
2682,9.119,2.999
2683,9.133,2.956
2684,9.136,2.927
2685,9.124,2.920
2686,9.042,2.952
2687,9.189,2.956
2688,9.144,3.023
2689,9.156,3.044
2690,9.139,3.117
2691,8.986,3.006
2692,8.980,3.071
2693,8.972,2.954
2694,9.011,2.962
2695,9.081,3.086
2696,8.937,2.993
2697,8.916,3.023
2698,8.980,3.028
2699,9.177,3.145
2700,9.250,3.039
2701,9.183,2.965
2702,8.995,2.986
2703,8.902,3.017
2704,8.956,2.990
2705,9.011,2.950
2706,9.049,2.962
2707,8.925,2.938
2708,9.052,3.052
2709,8.967,3.061
2710,9.053,3.103
2711,8.979,2.900
2712,8.931,2.977
2713,8.946,2.899
2714,8.801,2.951
2715,8.850,2.912
2716,8.858,2.931
2717,8.888,3.047
2718,8.861,3.062
2719,8.901,3.085
2720,8.805,3.141
2721,8.898,3.234
2722,8.813,3.284
2723,8.649,3.126
2724,8.562,3.137
2725,8.543,3.013
2726,8.363,3.195
2727,8.554,3.064
2728,8.642,3.213
2729,8.522,3.028
2730,8.478,2.999
2731,8.504,3.087
2732,8.337,3.016
2733,8.262,2.900
2734,8.159,2.905
2735,8.086,2.893
2736,8.038,2.894
2737,8.222,2.788
2738,8.320,2.838
2739,8.277,2.785
2740,8.135,2.708
2741,8.105,2.747
2742,8.207,2.857
2743,8.167,2.826
2744,8.199,2.869
2745,8.014,2.817
2746,7.970,2.789
2747,7.919,2.865
2748,7.944,2.880
2749,7.986,2.829
2750,8.075,2.887
2751,7.960,2.818
2752,7.956,2.788
2753,7.948,2.906
2754,8.068,2.959
2755,8.057,2.830
2756,8.072,2.989
2757,8.203,3.067
2758,8.155,2.977
2759,8.309,3.102
2760,8.196,3.013
2761,8.000,2.995
2762,8.164,3.027
2763,8.100,3.016
2764,8.122,2.878
2765,8.118,2.806
2766,8.234,2.704
2767,8.528,2.829
2768,8.420,2.831
2769,8.361,2.906
2770,8.425,3.026
2771,8.512,2.972
2772,8.467,3.003
2773,8.613,3.004
2774,8.529,3.079
2775,8.517,2.933
2776,8.561,2.952
2777,8.493,2.922
2778,8.597,2.930
2779,8.532,3.020
2780,8.440,2.940
2781,8.813,3.005
2782,8.771,2.997
2783,8.774,2.984
2784,8.622,2.890
2785,8.724,2.957
2786,8.833,3.034
2787,8.725,2.884
2788,8.884,2.935
2789,8.791,2.919
2790,8.731,2.851
2791,8.727,2.971
2792,8.802,2.993
2793,8.658,2.937
2794,8.698,2.862
2795,8.719,2.974
2796,8.579,2.814
2797,8.651,2.829
2798,8.600,2.917
2799,8.548,2.906
2800,8.511,2.998
2801,8.350,2.924
2802,8.317,2.939
2803,8.576,2.917
2804,8.626,2.881
2805,8.633,2.888
2806,8.691,2.894
2807,8.626,2.802
2808,8.581,2.939
2809,8.490,2.969
2810,8.692,3.053
2811,8.776,3.082
2812,8.724,3.085
2813,8.796,2.948
2814,8.844,2.923
2815,8.885,3.056
2816,8.906,2.973
2817,9.074,3.050
2818,8.944,2.975
2819,8.726,3.010
2820,8.647,3.002
2821,8.763,3.013
2822,8.486,3.018
2823,8.509,3.023
2824,8.547,3.184
2825,8.500,3.055
2826,8.569,2.949
2827,8.337,2.962
2828,8.489,3.044
2829,8.535,3.036
2830,8.411,2.946
2831,8.247,2.749
2832,8.271,2.763
2833,8.292,2.738
2834,8.347,2.756
2835,8.544,2.830
2836,8.529,2.886
2837,8.515,2.750
2838,8.594,2.894
2839,8.665,2.854
2840,8.569,2.879
2841,8.540,2.851
2842,8.649,2.913
2843,8.679,2.809
2844,8.878,2.868
2845,8.997,3.036
2846,8.970,3.085
2847,8.844,3.008
2848,8.931,2.943
2849,8.968,2.890
2850,8.998,2.799
2851,9.006,2.820
2852,9.012,2.813
2853,9.084,2.873
2854,8.953,2.823
2855,8.988,2.856
2856,9.133,2.979
2857,9.063,2.841
2858,9.206,2.880
2859,9.092,2.925
2860,8.884,2.855
2861,8.961,2.919
2862,8.687,2.930
2863,8.680,2.828
2864,8.841,2.695
2865,8.880,2.847
2866,8.876,2.926
2867,8.878,2.868
2868,8.929,2.968
2869,8.848,2.888
2870,8.724,2.887
2871,8.495,2.812
2872,8.572,2.743
2873,8.760,2.693
2874,8.830,2.788
2875,8.842,2.929
2876,8.833,2.862
2877,8.665,2.727
2878,8.843,2.885
2879,8.866,2.893
2880,8.876,2.948
2881,9.040,3.074
2882,8.922,2.921
2883,8.918,2.950
2884,8.762,2.842
2885,8.715,2.799
2886,8.669,2.781
2887,8.781,2.868
2888,8.751,2.777
2889,8.605,2.716
2890,8.721,2.827
2891,8.608,2.728
2892,8.728,2.795
2893,8.743,2.929
2894,8.805,2.768
2895,8.681,2.762
2896,8.795,2.705
2897,8.802,2.751
2898,8.693,2.692
2899,8.736,2.679
2900,8.683,2.714
2901,8.591,2.854
2902,8.734,2.846
2903,8.697,2.874
2904,8.650,2.768
2905,8.767,2.820
2906,8.586,2.804
2907,8.533,2.879
2908,8.796,2.840
2909,8.746,2.827
2910,8.643,2.786
2911,8.725,2.862
2912,8.653,2.799
2913,8.448,2.741
2914,8.433,2.716
2915,8.461,2.769
2916,8.471,2.837
2917,8.461,2.784
2918,8.472,2.870
2919,8.405,2.798
2920,8.397,2.775
2921,8.456,2.746
2922,8.340,2.638
2923,8.499,2.771
2924,8.432,2.900
2925,8.426,2.865
2926,8.652,2.865
2927,8.472,2.832
2928,8.469,2.704
2929,8.471,2.743
2930,8.551,2.778
2931,8.508,2.796
2932,8.465,2.800
2933,8.575,2.909
2934,8.471,2.841
2935,8.499,2.888
2936,8.541,2.946
2937,8.477,2.808
2938,8.490,2.928
2939,8.374,3.010
2940,8.334,2.900
2941,8.319,2.969
2942,8.339,2.948
2943,8.282,2.870
2944,8.446,2.849
2945,8.374,3.000
2946,8.427,2.943
2947,8.356,3.012
2948,8.229,2.981
2949,8.281,3.083
2950,8.405,3.245
2951,8.285,3.083
2952,8.402,3.070
2953,8.346,3.071
2954,8.233,3.006
2955,8.299,3.043
2956,8.329,2.916
2957,8.230,2.846
2958,8.302,2.828
2959,8.346,2.943
2960,8.280,2.945
2961,8.349,3.019
2962,8.364,2.879
2963,8.338,2.883
2964,8.348,2.903
2965,8.431,2.907
2966,8.438,2.879
2967,8.457,2.897
2968,8.546,3.007
2969,8.473,3.001
2970,8.587,2.949
2971,8.678,3.072
2972,8.588,2.935
2973,8.704,2.953
2974,8.505,2.894
2975,8.654,2.900
2976,8.648,2.961
2977,8.639,3.005
2978,8.714,3.020
2979,8.627,2.964
2980,8.730,2.983
2981,8.788,2.922
2982,8.839,3.050
2983,8.771,2.942
2984,8.631,2.875
2985,8.701,2.923
2986,8.626,2.871
2987,8.479,2.918
2988,8.401,2.889
2989,8.702,3.062
2990,8.548,3.016
2991,8.461,3.010
2992,8.537,2.985
2993,8.593,3.023
2994,8.581,3.001
2995,8.497,2.982
2996,8.531,2.946
2997,8.476,2.917
2998,8.471,2.864
2999,8.409,2.804
3000,8.538,2.872
3001,8.304,2.802
3002,8.319,2.826
3003,8.371,2.805
3004,8.212,2.820
3005,8.328,2.730
3006,8.473,2.906
3007,8.349,2.826
3008,8.320,2.724
3009,8.371,2.769
3010,8.425,2.828
3011,8.314,2.780
3012,8.249,2.810
3013,8.182,2.782
3014,8.197,2.806
3015,8.082,2.760
3016,8.072,2.833
3017,8.321,2.830
3018,8.266,2.775
3019,8.327,2.672
3020,8.212,2.687
3021,8.349,2.802
3022,8.362,2.810
3023,8.595,2.761
3024,8.387,2.847
3025,8.434,2.707
3026,8.408,2.772
3027,8.420,2.644
3028,8.445,2.629
3029,8.451,2.720
3030,8.506,2.742
3031,8.428,2.760
3032,8.401,2.711
3033,8.305,2.743
3034,8.290,2.828
3035,8.244,2.663
3036,8.310,2.677
3037,8.315,2.758
3038,8.385,2.777
3039,8.347,2.794
3040,8.301,2.761
3041,8.320,2.762
3042,8.312,2.734
3043,8.365,2.745
3044,8.341,2.650
3045,8.267,2.656
3046,8.348,2.683
3047,8.343,2.731
3048,8.434,2.711
3049,8.691,2.732
3050,8.684,2.881
3051,8.484,2.739
3052,8.630,2.759
3053,8.789,2.728
3054,8.626,2.660
3055,8.567,2.767
3056,8.677,2.722
3057,8.660,2.720
3058,8.642,2.733
3059,8.804,2.726
3060,8.631,2.663
3061,8.765,2.742
3062,8.905,2.800
3063,8.713,2.755
3064,8.687,2.634
3065,8.583,2.520
3066,8.701,2.586
3067,8.595,2.664
3068,8.715,2.726
3069,8.751,2.655
3070,8.664,2.713
3071,8.611,2.764
3072,8.543,2.682
3073,8.638,2.771
3074,8.605,2.861
3075,8.689,2.850
3076,8.690,2.841
3077,8.678,2.939
3078,8.807,2.972
3079,8.770,2.800
3080,8.911,2.888
3081,8.702,2.813
3082,8.542,2.899
3083,8.527,2.965
3084,8.557,3.002
3085,8.682,2.968
3086,8.610,2.813
3087,8.505,2.833
3088,8.458,2.906
3089,8.798,2.954
3090,8.706,2.984
3091,8.659,3.018
3092,8.787,3.104
3093,8.857,3.042
3094,8.692,2.907
3095,8.694,2.815
3096,8.579,2.853
3097,8.465,2.834
3098,8.587,3.006
3099,8.472,2.884
3100,8.647,2.947
3101,8.707,3.015
3102,8.630,2.775
3103,8.441,2.733
3104,8.680,2.963
3105,8.571,2.883
3106,8.633,2.838
3107,8.633,2.711
3108,8.454,2.625
3109,8.605,2.851
3110,8.423,2.623
3111,8.461,2.768
3112,8.428,2.789
3113,8.426,2.866
3114,8.479,2.953
3115,8.470,2.814
3116,8.341,2.774
3117,8.428,2.856
3118,8.509,2.742
3119,8.505,2.686
3120,8.435,2.672
3121,8.670,2.709
3122,8.518,2.653
3123,8.610,2.834
3124,8.583,2.787
3125,8.610,2.719
3126,8.639,2.773
3127,8.611,2.755
3128,8.781,2.757
3129,8.687,2.784
3130,8.741,2.962
3131,8.762,2.838
3132,8.747,2.825
3133,8.774,2.951
3134,8.877,3.038
3135,8.699,2.848
3136,8.739,2.792
3137,8.779,2.983
3138,8.746,2.840
3139,8.771,2.945
3140,8.572,2.884
3141,8.447,2.907
3142,8.540,2.981
3143,8.540,2.937
3144,8.459,2.979
3145,8.373,2.842
3146,8.435,2.966
3147,8.399,2.781
3148,8.396,2.927
3149,8.491,2.934
3150,8.294,2.928
3151,8.286,2.781
3152,8.238,2.849
3153,8.349,2.915
3154,8.255,2.849
3155,8.493,2.975
3156,8.498,3.012
3157,8.421,2.854
3158,8.290,2.814
3159,8.236,2.885
3160,8.485,2.900
3161,8.507,2.859
3162,8.401,2.769
3163,8.402,2.879
3164,8.548,2.967
3165,8.467,2.841
3166,8.561,2.869
3167,8.593,2.964
3168,8.456,2.840
3169,8.489,2.777
3170,8.533,2.923
3171,8.324,2.864
3172,8.278,2.755
3173,8.284,2.757
3174,8.453,2.897
3175,8.517,2.964
3176,8.356,2.721
3177,8.521,2.794
3178,8.498,2.703
3179,8.483,2.786
3180,8.491,2.728
3181,8.653,2.727
3182,8.791,2.729
3183,8.803,2.789
3184,8.764,2.771
3185,8.809,2.823
3186,8.705,2.692
3187,8.766,2.774
3188,8.588,2.854
3189,8.676,2.920
3190,8.640,2.837
3191,8.760,2.883
3192,8.789,2.878
3193,8.777,2.881
3194,8.928,2.919
3195,8.817,2.864
3196,8.923,2.793
3197,9.045,2.803
3198,9.045,2.787
3199,8.900,2.842
3200,8.781,2.798
3201,8.956,2.848
3202,8.967,2.912
3203,9.108,2.934
3204,8.986,2.869
3205,8.907,2.880
3206,8.992,2.949
3207,8.932,2.866
3208,9.058,2.957
3209,8.916,2.874
3210,8.906,2.923
3211,8.864,2.953
3212,8.965,2.955
3213,8.833,2.863
3214,8.928,2.997
3215,8.879,3.000
3216,8.750,2.920
3217,8.806,2.918
3218,8.772,2.920
3219,8.853,2.924
3220,8.885,2.848
3221,8.786,2.862
3222,8.671,2.818
3223,8.732,2.795
3224,8.833,2.852
3225,8.942,2.806
3226,8.932,2.771
3227,8.885,2.854
3228,9.008,2.746
3229,8.858,2.714
3230,8.883,2.869
3231,8.823,2.725
3232,8.926,2.812
3233,8.929,2.878
3234,9.008,2.889
3235,8.790,2.748
3236,8.600,2.752
3237,8.717,2.757
3238,8.649,2.843
3239,8.519,2.762
3240,8.724,2.927
3241,8.471,2.663
3242,8.533,2.720
3243,8.443,2.808
3244,8.473,2.799
3245,8.524,2.787
3246,8.513,2.771
3247,8.627,2.792
3248,8.597,2.678
3249,8.594,2.683
3250,8.464,2.751
3251,8.442,2.713
3252,8.479,2.869
3253,8.517,2.799
3254,8.595,2.791
3255,8.662,2.806
3256,8.704,2.803
3257,8.667,2.970
3258,8.687,2.956
3259,8.698,2.903
3260,8.598,2.871
3261,8.612,2.798
3262,8.564,2.789
3263,8.598,2.889
3264,8.670,2.797
3265,8.508,2.675
3266,8.719,2.791
3267,8.719,2.804
3268,8.658,2.656
3269,8.647,2.878
3270,8.522,2.733
3271,8.505,2.861
3272,8.522,2.915
3273,8.489,2.924
3274,8.410,2.922
3275,8.478,2.778
3276,8.178,2.797
3277,8.131,2.768
3278,8.030,2.795
3279,8.028,2.879
3280,8.103,2.844
3281,8.081,2.848
3282,8.113,2.870
3283,8.072,2.702
3284,7.905,2.686
3285,7.942,2.825
3286,8.211,2.799
3287,8.209,2.772
3288,8.170,2.740
3289,8.184,2.729
3290,8.047,2.709
3291,8.105,2.800
3292,8.211,2.869
3293,8.277,2.856
3294,8.211,2.811
3295,8.218,2.878
3296,8.248,2.888
3297,8.238,2.875
3298,8.256,2.936
3299,8.381,2.918
3300,8.604,2.923
3301,8.445,2.772
3302,8.477,2.818
3303,8.496,2.823
3304,8.463,2.795
3305,8.520,2.729
3306,8.391,2.719
3307,8.420,2.750
3308,8.513,2.797
3309,8.741,2.766
3310,8.687,2.777
3311,8.619,2.651
3312,8.706,2.733
3313,8.740,2.847
3314,8.586,2.782
3315,8.768,2.767
3316,8.893,2.844
3317,8.906,2.777
3318,8.866,2.720
3319,8.593,2.704
3320,8.586,2.656
3321,8.583,2.606
3322,8.467,2.627
3323,8.489,2.756
3324,8.462,2.677
3325,8.403,2.471
3326,8.346,2.553
3327,8.444,2.624
3328,8.441,2.639
3329,8.345,2.602
3330,8.280,2.615
3331,8.328,2.685
3332,8.285,2.571
3333,8.380,2.540
3334,8.407,2.670
3335,8.343,2.699
3336,8.549,2.711
3337,8.681,2.583
3338,8.600,2.619
3339,8.389,2.569
3340,8.405,2.589
3341,8.344,2.582
3342,8.390,2.446
3343,8.374,2.547
3344,8.303,2.569
3345,8.333,2.575
3346,8.370,2.628
3347,8.401,2.785
3348,8.302,2.678
3349,8.307,2.543
3350,8.349,2.697
3351,8.468,2.692
3352,8.550,2.727
3353,8.613,2.614
3354,8.526,2.549
3355,8.565,2.577
3356,8.506,2.606
3357,8.507,2.639
3358,8.291,2.537
3359,8.382,2.553
3360,8.500,2.562
3361,8.516,2.581
3362,8.443,2.561
3363,8.552,2.502
3364,8.585,2.481
3365,8.684,2.466
3366,8.699,2.588
3367,8.548,2.613
3368,8.683,2.534
3369,8.628,2.541
3370,8.593,2.567
3371,8.601,2.546
3372,8.630,2.571
3373,8.581,2.484
3374,8.516,2.528
3375,8.807,2.560
3376,8.661,2.503
3377,8.574,2.591
3378,8.546,2.645
3379,8.590,2.655
3380,8.746,2.747
3381,8.506,2.726
3382,8.732,2.752
3383,8.717,2.663
3384,8.775,2.690
3385,8.584,2.690
3386,8.527,2.664
3387,8.602,2.717
3388,8.683,2.570
3389,8.572,2.643
3390,8.556,2.635
3391,8.609,2.731
3392,8.663,2.662
3393,8.729,2.743
3394,8.863,2.720
3395,8.934,2.821
3396,8.813,2.773
3397,8.898,2.746
3398,8.800,2.780
3399,8.707,2.842
3400,8.475,2.663
3401,8.502,2.624
3402,8.583,2.695
3403,8.550,2.639
3404,8.489,2.683
3405,8.488,2.782
3406,8.438,2.707
3407,8.483,2.796
3408,8.608,2.810
3409,8.684,2.726
3410,8.600,2.749
3411,8.570,2.776
3412,8.646,2.763
3413,8.635,2.797
3414,8.695,2.935
3415,8.503,2.892
3416,8.542,2.972
3417,8.625,2.998
3418,8.681,2.895
3419,8.539,2.772
3420,8.674,2.928
3421,8.485,2.870
3422,8.567,2.792
3423,8.562,2.827
3424,8.650,2.876
3425,8.603,2.797
3426,8.780,2.861
3427,8.640,2.867
3428,8.633,2.829
3429,8.682,2.742
3430,8.859,2.951
3431,9.164,3.031
3432,8.915,3.000
3433,9.016,2.964
3434,9.005,3.009
3435,9.071,2.945
3436,9.118,2.958
3437,9.099,2.866
3438,9.138,2.861
3439,9.080,2.834
3440,9.106,2.790
3441,9.179,2.926
3442,9.198,3.027
3443,9.146,3.075
3444,9.004,2.969
3445,8.902,2.902
3446,8.913,2.914
3447,8.827,2.819
3448,8.834,2.746
3449,8.678,2.761
3450,8.692,2.773
3451,8.790,2.925
3452,8.842,2.835
3453,8.825,2.787
3454,8.922,2.940
3455,8.844,2.920
3456,8.844,2.889
3457,8.792,2.784
3458,8.681,2.799
3459,8.789,2.828
3460,8.700,2.762
3461,8.704,2.828
3462,8.927,2.888
3463,8.830,2.822
3464,8.825,2.824
3465,8.740,2.780
3466,8.743,2.693
3467,8.606,2.696
3468,8.704,2.708
3469,8.696,2.716
3470,8.835,2.743
3471,8.877,2.681
3472,8.791,2.776
3473,8.589,2.666
3474,8.739,2.687
3475,8.803,2.731
3476,8.878,2.799
3477,8.854,2.840
3478,8.915,2.688
3479,8.792,2.560
3480,8.803,2.739
3481,8.856,2.593
3482,8.783,2.611
3483,8.695,2.602
3484,8.854,2.599
3485,8.955,2.687
3486,8.937,2.583
3487,8.803,2.612
3488,8.721,2.587
3489,8.738,2.745
3490,8.578,2.650
3491,8.366,2.709
3492,8.389,2.593
3493,8.454,2.620
3494,8.604,2.543
3495,8.540,2.635
3496,8.510,2.565
3497,8.525,2.561
3498,8.737,2.714
3499,8.698,2.682
3500,8.598,2.721
3501,8.624,2.753
3502,8.642,2.703
3503,8.566,2.686
3504,8.670,2.818
3505,8.710,2.728
3506,8.910,2.796
3507,8.942,2.828
3508,8.882,2.742
3509,9.055,2.913
3510,9.251,2.955
3511,9.129,2.917
3512,9.059,2.833
3513,9.148,2.856
3514,9.110,2.951
3515,9.040,2.882
3516,9.185,2.983
3517,9.097,2.815
3518,9.381,2.821
3519,9.152,2.805
3520,8.929,2.795
3521,8.946,2.793
3522,8.967,2.698
3523,9.099,2.792
3524,9.191,2.872
3525,9.239,2.850
3526,9.269,2.867
3527,9.101,2.863
3528,9.188,2.895
3529,9.226,3.008
3530,9.228,2.935
3531,9.210,2.879
3532,9.209,2.817
3533,9.270,2.803
3534,9.201,2.835
3535,9.073,2.848
3536,9.086,2.881
3537,8.975,2.832
3538,8.893,2.898
3539,8.918,2.906
3540,8.917,2.914
3541,8.921,2.837
3542,8.988,2.861
3543,8.990,2.791
3544,9.126,2.842
3545,9.191,2.892
3546,9.206,2.961
3547,9.190,2.917
3548,9.174,2.897
3549,9.161,2.839
3550,9.201,2.830
3551,9.056,2.815
3552,9.156,2.829
3553,9.143,2.774
3554,8.998,2.796
3555,9.141,2.931
3556,9.078,2.894
3557,8.973,2.976
3558,9.118,2.922
3559,8.920,2.969
3560,8.798,2.934
3561,8.741,3.027
3562,8.947,3.084
3563,9.053,2.927
3564,9.137,2.919
3565,9.059,3.002
3566,8.976,3.000
3567,8.993,3.049
3568,9.004,3.056
3569,9.034,3.109
3570,8.866,2.899
3571,8.920,2.880
3572,8.884,2.896
3573,8.913,2.920
3574,9.017,3.013
3575,8.890,2.930
3576,8.761,2.879
3577,8.898,2.933
3578,8.971,2.974
3579,8.872,2.914
3580,8.868,2.935
3581,8.779,2.959
3582,8.936,2.868
3583,9.136,3.120
3584,9.003,3.074
3585,8.776,2.928
3586,8.870,2.986
3587,8.933,2.988
3588,8.893,2.856
3589,9.081,2.898
3590,9.014,2.969
3591,9.126,2.833
3592,9.155,2.917
3593,9.113,2.988
3594,9.150,2.838
3595,9.146,2.980
3596,9.189,2.993
3597,9.193,3.059
3598,9.253,3.110
3599,9.304,3.031
3600,9.375,3.011
3601,9.409,2.939
3602,9.351,2.866
3603,9.318,2.891
3604,9.436,2.948
3605,9.360,2.985
3606,9.139,2.936
3607,9.073,2.891
3608,9.223,3.005
3609,9.220,3.008
3610,9.259,2.988
3611,9.201,3.011
3612,9.125,2.989
3613,9.274,3.029
3614,9.077,2.982
3615,9.142,2.955
3616,9.233,3.010
3617,9.345,3.113
3618,9.253,3.020
3619,9.169,2.996
3620,9.113,3.038
3621,9.292,3.171
3622,9.298,3.102
3623,9.188,3.060
3624,9.061,3.155
3625,9.244,3.111
3626,9.287,3.120
3627,9.395,3.043
3628,9.176,3.037
3629,9.415,3.088
3630,9.375,3.072
3631,9.153,3.033
3632,9.245,3.081
3633,9.120,2.967
3634,9.025,2.847
3635,9.056,2.963
3636,9.215,2.943
3637,9.172,2.925
3638,9.271,2.920
3639,9.289,2.930
3640,9.311,2.925
3641,9.136,2.982
3642,9.176,2.968
3643,9.041,2.890
3644,9.073,2.839
3645,8.898,2.982
3646,8.871,2.853
3647,8.844,2.963
3648,8.786,2.872
3649,8.796,2.942
3650,8.809,2.855
3651,8.919,2.907
3652,9.032,2.903
3653,8.939,2.862
3654,8.910,2.733
3655,8.799,2.836
3656,8.758,2.734
3657,8.605,2.786
3658,8.793,2.970
3659,8.677,2.804
3660,8.618,2.828
3661,8.684,2.816
3662,8.494,2.849
3663,8.452,2.812
3664,8.564,2.856
3665,8.448,2.760
3666,8.528,2.706
3667,8.548,2.710
3668,8.352,2.625
3669,8.331,2.616
3670,8.170,2.665
3671,8.328,2.575
3672,8.272,2.639
3673,8.168,2.593
3674,8.262,2.645
3675,8.400,2.735
3676,8.279,2.756
3677,8.319,2.789
3678,8.135,2.633
3679,8.072,2.633
3680,7.925,2.659
3681,7.924,2.630
3682,8.211,2.619
3683,8.140,2.759
3684,7.912,2.652
3685,8.112,2.772
3686,8.045,2.624
3687,8.166,2.627
3688,8.149,2.580
3689,8.050,2.653
3690,8.109,2.625
3691,8.268,2.595
3692,8.274,2.644
3693,8.223,2.693
3694,8.270,2.770
3695,7.970,2.760
3696,7.953,2.845
3697,7.808,2.824
3698,7.824,2.837
3699,7.895,2.911
3700,8.025,2.797
3701,8.027,2.822
3702,7.982,2.780
3703,8.067,2.777
3704,8.031,2.818
3705,7.980,2.941
3706,7.839,2.834
3707,7.983,2.921
3708,7.923,2.764
3709,7.761,2.627
3710,7.784,2.726
3711,7.825,2.705
3712,7.804,2.715
3713,7.902,2.778
3714,7.994,2.759
3715,8.148,2.712
3716,8.100,2.670
3717,8.261,2.574
3718,8.289,2.711
3719,8.389,2.686
3720,8.327,2.834
3721,8.535,2.765
3722,8.417,2.791
3723,8.527,2.927
3724,8.522,2.818
3725,8.424,2.772
3726,8.300,2.664
3727,8.309,2.665
3728,8.471,2.718
3729,8.455,2.736
3730,8.361,2.614
3731,8.422,2.660
3732,8.454,2.629
3733,8.639,2.637
3734,8.606,2.714
3735,8.546,2.729
3736,8.440,2.750
3737,8.434,2.821
3738,8.331,2.829
3739,8.143,2.817
3740,8.159,2.794
3741,8.298,2.809
3742,8.157,2.791
3743,8.237,2.790
3744,8.274,2.783
3745,8.221,2.852
3746,8.160,2.772
3747,8.073,2.772
3748,8.329,2.891
3749,8.464,2.934
3750,8.353,2.865
3751,8.288,2.746
3752,8.284,2.671
3753,8.338,2.778
3754,8.450,2.766
3755,8.429,2.788
3756,8.460,2.761
3757,8.416,2.731
3758,8.408,2.731
3759,8.379,2.726
3760,8.244,2.720
3761,8.278,2.707
3762,8.344,2.754
3763,8.485,2.731
3764,8.334,2.724
3765,8.371,2.803
3766,8.275,2.700
3767,8.352,2.721
3768,8.217,2.636
3769,8.385,2.673
3770,8.403,2.660
3771,8.423,2.654
3772,8.534,2.676
3773,8.385,2.696
3774,8.279,2.747
3775,8.137,2.688
3776,8.206,2.671
3777,8.288,2.813
3778,8.450,2.956
3779,8.334,2.884
3780,8.470,2.865
3781,8.392,2.844
3782,8.225,2.864
3783,8.425,2.975
3784,8.378,2.928
3785,8.275,2.829
3786,8.315,2.994
3787,8.338,2.844
3788,8.409,2.898
3789,8.345,2.955
3790,8.259,2.860
3791,8.200,2.847
3792,8.240,2.908
3793,8.083,2.799
3794,8.054,2.814
3795,8.203,2.819
3796,8.142,2.871
3797,8.301,2.789
3798,8.387,2.928
3799,8.406,2.871
3800,8.346,2.897
3801,8.288,2.904
3802,8.326,2.820
3803,8.309,2.618
3804,8.286,2.822
3805,8.413,2.873
3806,8.286,2.891
3807,8.306,2.827
3808,8.201,2.850
3809,8.248,2.811
3810,8.065,2.946
3811,7.985,2.847
3812,7.960,2.906
3813,8.020,2.824
3814,7.967,2.784
3815,7.900,2.836
3816,8.001,2.768
3817,7.955,2.814
3818,8.011,2.773
3819,8.035,2.859
3820,7.913,2.754
3821,8.070,2.820
3822,8.014,2.749
3823,8.069,2.834
3824,7.978,2.729
3825,7.936,2.776
3826,8.085,2.841
3827,8.040,2.921
3828,7.939,2.824
3829,7.981,2.914
3830,7.913,2.877
3831,8.027,2.908
3832,7.899,2.937
3833,7.943,2.996
3834,7.665,2.921
3835,7.822,2.892
3836,7.911,2.931
3837,7.995,2.852
3838,7.932,2.816
3839,7.913,2.868
3840,7.851,2.719
3841,7.927,2.830
3842,8.146,2.803
3843,8.142,2.896
3844,8.221,2.935
3845,8.082,2.840
3846,8.036,2.839
3847,8.205,2.885
3848,8.066,2.840
3849,7.967,2.798
3850,8.051,2.817
3851,8.194,2.934
3852,8.098,2.795
3853,8.026,2.781
3854,8.098,2.800
3855,7.975,2.644
3856,8.112,2.731
3857,8.084,2.723
3858,8.228,2.779
3859,8.204,2.830
3860,8.164,2.810
3861,8.201,2.714
3862,8.162,2.671
3863,8.060,2.706
3864,7.984,2.702
3865,7.845,2.723
3866,7.856,2.702
3867,7.837,2.754
3868,7.949,2.754
3869,7.849,2.661
3870,8.006,2.655
3871,7.870,2.687
3872,7.968,2.716
3873,7.801,2.604
3874,8.008,2.746
3875,7.689,2.748
3876,7.802,2.694
3877,7.873,2.752
3878,7.935,2.751
3879,8.066,2.802
3880,7.983,2.721
3881,7.950,2.668
3882,7.903,2.726
3883,7.953,2.739
3884,8.042,2.739
3885,7.711,2.596
3886,7.872,2.808
3887,8.051,2.614
3888,8.039,2.707
3889,7.989,2.574
3890,8.121,2.602
3891,8.154,2.610
3892,8.109,2.678
3893,8.192,2.838
3894,8.191,2.859
3895,8.440,2.964
3896,8.186,2.857
3897,8.034,2.866
3898,8.017,2.945
3899,8.108,2.964
3900,7.985,2.969
3901,7.951,2.983
3902,7.901,2.812
3903,7.857,2.874
3904,7.973,2.836
3905,7.964,2.911
3906,8.116,2.910
3907,8.113,2.917
3908,8.234,2.936
3909,8.239,2.905
3910,8.257,2.972
3911,8.316,2.970
3912,8.287,3.032
3913,8.461,2.943
3914,8.308,2.836
3915,8.593,3.016
3916,8.513,3.056
3917,8.420,2.952
3918,8.529,3.002
3919,8.519,2.912
3920,8.442,2.838
3921,8.616,3.005
3922,8.666,2.898
3923,8.498,2.793
3924,8.491,2.883
3925,8.302,2.872
3926,8.169,2.906
3927,8.404,3.049
3928,8.361,2.905
3929,8.369,2.892
3930,8.534,3.000
3931,8.646,2.939
3932,8.600,2.936
3933,8.507,2.813
3934,8.409,2.838
3935,8.473,2.840
3936,8.428,2.795
3937,8.636,2.932
3938,8.609,2.875
3939,8.716,2.981
3940,8.635,2.982
3941,8.577,3.081
3942,8.747,3.107
3943,8.759,3.087
3944,8.585,3.065
3945,8.422,3.117
3946,8.467,3.042
3947,8.715,3.129
3948,8.538,3.116
3949,8.658,3.103
3950,8.732,3.149
3951,8.800,3.116
3952,8.646,2.977
3953,8.506,2.884
3954,8.587,3.035
3955,8.362,2.929
3956,8.558,2.930
3957,8.472,2.814
3958,8.434,2.854
3959,8.523,2.866
3960,8.516,2.884
3961,8.560,2.856
3962,8.755,2.990
3963,8.509,2.986
3964,8.507,2.943
3965,8.457,2.819
3966,8.516,2.840
3967,8.308,2.761
3968,8.224,2.809
3969,8.246,2.711
3970,8.096,2.663
3971,8.211,2.826
3972,8.339,2.890
3973,8.389,2.861
3974,8.570,2.990
3975,8.534,2.946
3976,8.498,2.970
3977,8.436,2.860
3978,8.494,2.923
3979,8.478,2.862
3980,8.443,2.951
3981,8.523,2.859
3982,8.523,2.856
3983,8.475,2.980
3984,8.344,2.842
3985,8.301,2.869
3986,8.534,2.918
3987,8.552,2.917
3988,8.475,2.952
3989,8.387,2.980
3990,8.375,2.980
3991,8.525,3.048
3992,8.368,2.958
3993,8.429,2.998
3994,8.498,2.937
3995,8.492,2.937
3996,8.459,2.901
3997,8.470,2.843
3998,8.330,2.835
3999,8.501,2.972
4000,8.415,2.811
4001,8.284,2.851
4002,8.166,2.789
4003,8.353,2.838
4004,8.337,2.772
4005,8.391,2.860
4006,8.391,2.856
4007,8.386,2.779
4008,8.256,2.775
4009,8.297,2.806
4010,8.433,2.937
4011,8.480,2.883
4012,8.529,2.853
4013,8.351,2.918
4014,8.613,3.013
4015,8.654,3.055
4016,8.619,3.061
4017,8.599,3.007
4018,8.717,2.835
4019,8.690,2.791
4020,8.659,2.794
4021,8.431,2.776
4022,8.350,2.620
4023,8.361,2.749
4024,8.321,2.755
4025,8.456,2.800
4026,8.494,2.703
4027,8.534,2.720
4028,8.558,2.726
4029,8.416,2.646
4030,8.387,2.745
4031,8.387,2.637
4032,8.472,2.751
4033,8.427,2.716
4034,8.648,2.760
4035,8.452,2.611
4036,8.447,2.680
4037,8.275,2.686
4038,8.316,2.629
4039,8.289,2.600
4040,8.264,2.630
4041,8.189,2.623
4042,8.158,2.523
4043,8.101,2.561
4044,8.108,2.629
4045,8.096,2.528
4046,8.120,2.514
4047,8.028,2.520
4048,8.087,2.582
4049,8.171,2.611
4050,8.161,2.529
4051,8.262,2.600
4052,8.313,2.600
4053,8.341,2.655
4054,8.276,2.628
4055,8.366,2.743
4056,8.306,2.786
4057,8.188,2.631
4058,8.262,2.667
4059,8.177,2.525
4060,8.286,2.589
4061,8.238,2.612
4062,8.107,2.679
4063,8.314,2.649
4064,8.341,2.613
4065,8.315,2.599
4066,8.174,2.573
4067,8.221,2.647
4068,8.164,2.649
4069,8.053,2.716
4070,8.240,2.648
4071,8.158,2.528
4072,8.300,2.601
4073,8.343,2.606
4074,8.325,2.654
4075,8.191,2.739
4076,8.262,2.707
4077,8.240,2.702
4078,8.229,2.729
4079,8.217,2.665
4080,8.281,2.798
4081,8.399,2.839
4082,8.308,2.864
4083,8.344,2.807
4084,8.356,2.811
4085,8.226,2.829
4086,8.280,2.826
4087,8.234,2.839
4088,8.231,2.648
4089,8.412,2.661
4090,8.537,2.696
4091,8.591,2.773
4092,8.591,2.795
4093,8.626,2.756
4094,8.594,2.727
4095,8.547,2.742
4096,8.504,2.726
4097,8.547,2.703
4098,8.439,2.680
4099,8.681,2.796
4100,8.563,2.702
4101,8.597,2.825
4102,8.649,2.761
4103,8.574,2.903
4104,8.530,2.797
4105,8.603,2.743
4106,8.530,2.709
4107,8.504,2.812
4108,8.425,2.736
4109,8.357,2.665
4110,8.332,2.747
4111,8.331,2.639
4112,8.194,2.678
4113,8.287,2.679
4114,8.382,2.655
4115,8.515,2.752
4116,8.571,2.734
4117,8.490,2.754
4118,8.342,2.696
4119,8.182,2.712
4120,8.328,2.789
4121,8.349,2.791
4122,8.280,2.882
4123,8.293,2.791
4124,8.295,2.687
4125,8.449,2.660
4126,8.406,2.698
4127,8.298,2.641
4128,8.237,2.667
4129,8.216,2.637
4130,8.235,2.615
4131,8.132,2.656
4132,8.174,2.564
4133,7.996,2.525
4134,8.100,2.571
4135,8.166,2.673
4136,8.006,2.581
4137,8.025,2.610
4138,8.119,2.662
4139,7.974,2.773
4140,8.085,2.647
4141,8.285,2.866
4142,8.158,2.700
4143,8.241,2.688
4144,8.255,2.614
4145,8.297,2.601
4146,8.316,2.651
4147,8.136,2.500
4148,8.272,2.566
4149,8.324,2.608
4150,8.230,2.516
4151,8.209,2.543
4152,8.251,2.537
4153,8.314,2.518
4154,8.227,2.541
4155,8.085,2.605
4156,7.833,2.529
4157,7.872,2.521
4158,7.935,2.529
4159,7.947,2.611
4160,8.030,2.601
4161,8.047,2.568
4162,8.157,2.581
4163,8.192,2.644
4164,8.068,2.589
4165,8.072,2.595
4166,8.086,2.570
4167,8.113,2.534
4168,8.145,2.557
4169,8.109,2.630
4170,8.055,2.586
4171,8.032,2.663
4172,8.195,2.636
4173,8.046,2.562
4174,8.134,2.604
4175,8.052,2.539
4176,8.045,2.667
4177,8.003,2.664
4178,8.080,2.716
4179,8.137,2.640
4180,8.122,2.629
4181,8.065,2.603
4182,8.088,2.575
4183,8.048,2.621
4184,8.184,2.686
4185,8.102,2.678
4186,8.140,2.723
4187,8.130,2.731
4188,8.145,2.655
4189,8.372,2.700
4190,8.387,2.644
4191,8.492,2.679
4192,8.465,2.629
4193,8.348,2.764
4194,8.239,2.712
4195,8.480,2.830
4196,8.333,2.777
4197,8.092,2.705
4198,8.215,2.689
4199,8.212,2.665
4200,8.183,2.623
4201,8.246,2.605
4202,8.314,2.704
4203,8.212,2.613
4204,8.314,2.711
4205,8.343,2.682
4206,8.419,2.778
4207,8.270,2.780
4208,8.346,2.714
4209,8.285,2.623
4210,8.110,2.542
4211,8.016,2.641
4212,7.981,2.665
4213,8.178,2.714
4214,8.077,2.706
4215,8.114,2.611
4216,8.070,2.544
4217,8.045,2.446
4218,8.061,2.508
4219,8.059,2.615
4220,8.058,2.641
4221,8.021,2.608
4222,8.128,2.652
4223,8.220,2.624
4224,8.168,2.588
4225,8.203,2.628
4226,8.101,2.681
4227,7.990,2.617
4228,7.916,2.674
4229,7.934,2.677
4230,7.927,2.677
4231,7.937,2.606
4232,7.803,2.627
4233,7.845,2.634
4234,7.839,2.565
4235,7.843,2.563
4236,7.968,2.557
4237,8.080,2.605
4238,8.135,2.691
4239,8.178,2.657
4240,8.093,2.523
4241,8.249,2.673
4242,8.274,2.543
4243,8.009,2.647
4244,8.161,2.631
4245,8.113,2.635
4246,8.044,2.513
4247,8.076,2.531
4248,8.159,2.554
4249,8.154,2.610
4250,8.032,2.609
4251,8.235,2.600
4252,8.216,2.592
4253,8.202,2.535
4254,8.234,2.607
4255,8.221,2.613
4256,8.216,2.525
4257,8.340,2.606
4258,8.475,2.571
4259,8.418,2.551
4260,8.728,2.730
4261,8.749,2.757
4262,8.681,2.640
4263,8.625,2.671
4264,8.469,2.634
4265,8.538,2.637
4266,8.598,2.657
4267,8.549,2.663
4268,8.579,2.647
4269,8.698,2.752
4270,8.555,2.637
4271,8.723,2.593
4272,8.694,2.486
4273,8.792,2.603
4274,8.927,2.647
4275,8.865,2.479
4276,8.657,2.525
4277,8.596,2.517
4278,8.428,2.455
4279,8.445,2.459
4280,8.676,2.433
4281,8.706,2.485
4282,8.665,2.469
4283,8.688,2.465
4284,8.768,2.449
4285,8.794,2.462
4286,8.614,2.551
4287,8.615,2.604
4288,8.568,2.622
4289,8.700,2.581
4290,8.638,2.535
4291,8.656,2.561
4292,8.605,2.558
4293,8.761,2.531
4294,8.890,2.541
4295,8.833,2.516
4296,8.893,2.572
4297,8.818,2.567
4298,8.845,2.444
4299,8.733,2.482
4300,8.668,2.466
4301,8.618,2.450
4302,8.517,2.490
4303,8.631,2.495
4304,8.690,2.468
4305,8.590,2.544
4306,8.779,2.634
4307,8.688,2.498
4308,8.703,2.556
4309,8.625,2.544
4310,8.677,2.560
4311,8.526,2.459
4312,8.604,2.522
4313,8.599,2.457
4314,8.647,2.527
4315,8.563,2.535
4316,8.702,2.547
4317,8.745,2.538
4318,8.703,2.600
4319,8.748,2.700
4320,8.684,2.618
4321,8.733,2.595
4322,8.783,2.646
4323,8.743,2.537
4324,8.779,2.467
4325,8.922,2.608
4326,8.888,2.663
4327,8.932,2.611
4328,8.728,2.535
4329,8.865,2.606
4330,8.759,2.509
4331,8.819,2.528
4332,8.665,2.457
4333,8.594,2.412
4334,8.543,2.391
4335,8.548,2.506
4336,8.701,2.345
4337,8.685,2.428
4338,8.487,2.414
4339,8.423,2.352
4340,8.523,2.397
4341,8.666,2.304
4342,8.555,2.289
4343,8.566,2.196
4344,8.780,2.251
4345,8.732,2.370
4346,8.828,2.492
4347,8.815,2.408
4348,8.813,2.373
4349,8.921,2.455
4350,8.845,2.403
4351,8.700,2.376
4352,8.790,2.518
4353,8.698,2.457
4354,8.756,2.402
4355,8.702,2.471
4356,8.731,2.362
4357,8.717,2.487
4358,8.573,2.324
4359,8.534,2.321
4360,8.565,2.390
4361,8.560,2.356
4362,8.527,2.334
4363,8.419,2.368
4364,8.571,2.330
4365,8.514,2.370
4366,8.522,2.391
4367,8.563,2.328
4368,8.604,2.460
4369,8.512,2.404
4370,8.582,2.363
4371,8.701,2.457
4372,8.555,2.603
4373,8.437,2.360
4374,8.362,2.379
4375,8.356,2.296
4376,8.358,2.364
4377,8.290,2.493
4378,8.429,2.434
4379,8.329,2.317
4380,8.347,2.342
4381,8.301,2.389
4382,8.357,2.424
4383,8.301,2.498
4384,8.257,2.353
4385,8.207,2.336
4386,8.172,2.429
4387,8.288,2.529
4388,8.270,2.470
4389,8.176,2.367
4390,8.290,2.349
4391,8.283,2.479
4392,8.537,2.489
4393,8.513,2.495
4394,8.531,2.369
4395,8.518,2.487
4396,8.493,2.462
4397,8.442,2.471
4398,8.437,2.466
4399,8.447,2.450
4400,8.512,2.418
4401,8.630,2.483
4402,8.542,2.600
4403,8.520,2.501
4404,8.478,2.568
4405,8.588,2.562
4406,8.572,2.545
4407,8.419,2.600
4408,8.547,2.626
4409,8.486,2.574
4410,8.433,2.480
4411,8.256,2.522
4412,8.286,2.455
4413,8.157,2.433
4414,8.361,2.582
4415,8.304,2.498
4416,8.396,2.573
4417,8.399,2.634
4418,8.315,2.638
4419,8.413,2.640
4420,8.399,2.634
4421,8.393,2.688
4422,8.349,2.676
4423,8.505,2.721
4424,8.453,2.737
4425,8.422,2.753
4426,8.394,2.708
4427,8.332,2.561
4428,8.318,2.611
4429,8.402,2.641
4430,8.585,2.624
4431,8.525,2.493
4432,8.403,2.531
4433,8.478,2.562
4434,8.642,2.531
4435,8.617,2.534
4436,8.756,2.525
4437,8.709,2.547
4438,8.685,2.574
4439,8.623,2.554
4440,8.695,2.537
4441,8.545,2.558
4442,8.662,2.576
4443,8.591,2.564
4444,8.539,2.576
4445,8.603,2.550
4446,8.369,2.456
4447,8.216,2.462
4448,8.282,2.468
4449,8.478,2.538
4450,8.528,2.552
4451,8.479,2.493
4452,8.746,2.555
4453,8.659,2.503
4454,8.676,2.536
4455,8.677,2.611
4456,8.701,2.572
4457,8.712,2.544
4458,8.543,2.515
4459,8.558,2.536
4460,8.651,2.521
4461,8.609,2.533
4462,8.680,2.490
4463,8.624,2.521
4464,8.528,2.451
4465,8.502,2.440
4466,8.465,2.433
4467,8.463,2.456
4468,8.613,2.572
4469,8.395,2.425
4470,8.359,2.518
4471,8.386,2.463
4472,8.247,2.477
4473,8.268,2.411
4474,8.333,2.508
4475,8.359,2.360
4476,8.484,2.360
4477,8.412,2.481
4478,8.486,2.468
4479,8.589,2.540
4480,8.562,2.480
4481,8.459,2.481
4482,8.361,2.528
4483,8.230,2.386
4484,8.210,2.370
4485,8.358,2.369
4486,8.254,2.353
4487,8.204,2.387
4488,8.058,2.346
4489,8.164,2.333
4490,8.206,2.380
4491,7.985,2.307
4492,7.963,2.278
4493,7.995,2.347
4494,7.993,2.271
4495,7.863,2.309
4496,8.034,2.391
4497,8.200,2.388
4498,8.085,2.327
4499,8.083,2.387
4500,8.114,2.444
4501,8.211,2.407
4502,8.252,2.386
4503,8.205,2.474
4504,8.351,2.447
4505,8.353,2.492
4506,8.351,2.462
4507,8.430,2.539
4508,8.489,2.521
4509,8.387,2.562
4510,8.375,2.528
4511,8.441,2.469
4512,8.437,2.460
4513,8.389,2.426
4514,8.315,2.504
4515,8.129,2.526
4516,8.147,2.552
4517,8.122,2.541
4518,8.147,2.609
4519,8.137,2.568
4520,8.101,2.584
4521,8.104,2.548
4522,7.986,2.537
4523,7.985,2.539
4524,8.039,2.496
4525,8.106,2.592
4526,8.087,2.525
4527,8.228,2.554
4528,8.351,2.478
4529,8.426,2.489
4530,8.417,2.430
4531,8.496,2.461
4532,8.519,2.477
4533,8.406,2.466
4534,8.445,2.519
4535,8.486,2.571
4536,8.282,2.470
4537,8.335,2.463
4538,8.295,2.360
4539,8.233,2.331
4540,8.172,2.437
4541,8.221,2.412
4542,8.301,2.431
4543,8.353,2.393
4544,8.395,2.438
4545,8.554,2.428
4546,8.625,2.422
4547,8.554,2.416
4548,8.550,2.362
4549,8.552,2.339
4550,8.526,2.368
4551,8.511,2.453
4552,8.517,2.364
4553,8.474,2.424
4554,8.506,2.531
4555,8.490,2.448
4556,8.406,2.453
4557,8.474,2.532
4558,8.419,2.673
4559,8.514,2.473
4560,8.771,2.576
4561,8.834,2.525
4562,8.808,2.487
4563,8.691,2.532
4564,8.793,2.531
4565,8.785,2.547
4566,8.696,2.460
4567,8.715,2.447
4568,8.770,2.504
4569,8.648,2.501
4570,8.654,2.557
4571,8.556,2.501
4572,8.514,2.429
4573,8.450,2.444
4574,8.472,2.350
4575,8.490,2.435
4576,8.522,2.542
4577,8.526,2.570
4578,8.343,2.588
4579,8.477,2.631
4580,8.415,2.520
4581,8.502,2.618
4582,8.590,2.650
4583,8.670,2.687
4584,8.714,2.647
4585,8.740,2.678
4586,8.749,2.636
4587,8.752,2.647
4588,8.726,2.688
4589,8.732,2.741
4590,8.653,2.691
4591,8.680,2.745
4592,8.744,2.683
4593,8.866,2.772
4594,8.802,2.680
4595,8.752,2.609
4596,8.859,2.727
4597,8.765,2.694
4598,8.717,2.675
4599,8.825,2.633
4600,8.808,2.732
4601,8.705,2.601
4602,8.761,2.647
4603,8.780,2.666
4604,8.678,2.584
4605,8.716,2.551
4606,8.780,2.609
4607,8.717,2.598
4608,8.824,2.706
4609,8.696,2.627
4610,8.831,2.557
4611,8.997,2.528
4612,8.997,2.752
4613,8.972,2.634
4614,8.991,2.661
4615,8.922,2.656
4616,8.869,2.713
4617,9.008,2.627
4618,8.854,2.706
4619,8.924,2.718
4620,8.867,2.703
4621,8.808,2.664
4622,8.851,2.629
4623,8.760,2.706
4624,8.676,2.562
4625,8.778,2.662
4626,8.941,2.559
4627,8.903,2.630
4628,8.829,2.580
4629,8.887,2.685
4630,8.890,2.629
4631,8.962,2.700
4632,8.897,2.677
4633,8.926,2.750
4634,8.965,2.675
4635,8.904,2.614
4636,8.805,2.574
4637,8.764,2.654
4638,8.712,2.582
4639,8.724,2.573
4640,8.945,2.706
4641,8.913,2.628
4642,8.798,2.632
4643,8.933,2.641
4644,8.791,2.718
4645,8.917,2.821
4646,8.969,2.847
4647,8.704,2.790
4648,8.768,2.753
4649,8.774,2.794
4650,8.624,2.722
4651,8.720,2.800
4652,8.520,2.775
4653,8.498,2.683
4654,8.602,2.748
4655,8.706,2.774
4656,8.779,2.730
4657,8.681,2.788
4658,8.653,2.707
4659,8.473,2.740
4660,8.502,2.667
4661,8.463,2.693
4662,8.389,2.694
4663,8.367,2.649
4664,8.558,2.741
4665,8.704,2.728
4666,8.711,2.594
4667,8.852,2.758
4668,8.747,2.674
4669,8.869,2.696
4670,8.836,2.708
4671,8.787,2.772
4672,8.710,2.686
4673,8.729,2.743
4674,8.794,2.799
4675,8.675,2.860
4676,8.687,2.776
4677,8.622,2.831
4678,8.736,2.835
4679,8.794,2.772
4680,8.771,2.879
4681,8.847,2.781
4682,8.891,2.778
4683,8.889,2.737
4684,8.853,2.793
4685,8.791,2.705
4686,8.860,2.718
4687,8.951,2.775
4688,8.678,2.629
4689,8.742,2.723
4690,8.650,2.696
4691,8.690,2.746
4692,8.770,2.740
4693,8.887,2.758
4694,8.873,2.943
4695,8.755,2.857
4696,8.750,2.740
4697,8.770,2.841
4698,8.622,2.732
4699,8.911,2.742
4700,8.883,2.762
4701,8.797,2.823
4702,8.816,2.749
4703,8.828,2.726
4704,9.000,2.747
4705,9.024,2.798
4706,8.994,2.745
4707,8.958,2.719
4708,8.777,2.627
4709,8.775,2.642
4710,8.870,2.702
4711,9.024,2.597
4712,9.039,2.651
4713,9.038,2.642
4714,8.996,2.620
4715,9.092,2.688
4716,9.055,2.664
4717,9.104,2.716
4718,9.132,2.663
4719,8.976,2.691
4720,9.031,2.689
4721,8.998,2.667
4722,8.939,2.793
4723,8.951,2.754
4724,9.023,2.671
4725,9.057,2.730
4726,9.034,2.753
4727,9.036,2.702
4728,9.033,2.749
4729,8.959,2.749
4730,8.818,2.687
4731,8.802,2.566
4732,8.743,2.588
4733,8.899,2.516
4734,8.925,2.574
4735,9.074,2.623
4736,8.999,2.587
4737,8.997,2.621
4738,8.975,2.625
4739,8.971,2.551
4740,9.058,2.691
4741,8.940,2.609
4742,9.094,2.700
4743,9.077,2.587
4744,9.147,2.632
4745,9.044,2.549
4746,8.868,2.537
4747,8.706,2.635
4748,8.706,2.477
4749,8.857,2.470
4750,8.706,2.502
4751,8.581,2.518
4752,8.513,2.422
4753,8.725,2.481
4754,8.723,2.514
4755,8.872,2.476
4756,8.804,2.452
4757,8.934,2.568
4758,8.769,2.477
4759,8.854,2.589
4760,8.935,2.539
4761,8.950,2.500
4762,9.176,2.673
4763,9.136,2.610
4764,9.122,2.727
4765,8.970,2.657
4766,8.910,2.610
4767,9.093,2.694
4768,9.010,2.685
4769,8.780,2.602
4770,8.859,2.612
4771,8.948,2.797
4772,9.048,2.756
4773,9.294,2.761
4774,8.954,2.732
4775,8.800,2.636
4776,9.086,2.802
4777,8.975,2.794
4778,8.910,2.795
4779,8.961,2.820
4780,8.905,2.709
4781,8.871,2.694
4782,8.772,2.808
4783,8.740,2.736
4784,8.796,2.725
4785,8.652,2.639
4786,8.983,2.771
4787,9.043,2.740
4788,9.112,2.842
4789,9.188,2.719
4790,9.049,2.833
4791,8.961,2.871
4792,8.847,2.862
4793,8.960,3.014
4794,9.079,2.938
4795,9.081,3.060
4796,9.069,2.976
4797,9.234,2.996
4798,9.274,2.983
4799,9.215,2.852
4800,9.151,2.846
4801,8.983,2.799
4802,9.041,2.852
4803,8.947,2.741
4804,9.002,2.830
4805,8.852,2.741
4806,9.168,2.782
4807,8.999,2.866
4808,8.897,2.848
4809,8.907,2.768
4810,8.888,2.888
4811,8.907,2.791
4812,8.880,2.726
4813,8.782,2.691
4814,8.797,2.704
4815,8.841,2.673
4816,8.886,2.675
4817,8.749,2.833
4818,8.805,2.795
4819,8.920,2.723
4820,8.967,2.723
4821,9.186,2.689
4822,9.017,2.723
4823,9.070,2.833
4824,8.888,2.657
4825,8.904,2.676
4826,9.082,2.677
4827,9.033,2.620
4828,9.148,2.687
4829,9.177,2.776
4830,9.185,2.690
4831,9.197,2.709
4832,9.103,2.814
4833,8.830,2.724
4834,8.974,2.628
4835,8.946,2.643
4836,8.892,2.559
4837,8.961,2.575
4838,8.873,2.568
4839,9.003,2.618
4840,8.941,2.674
4841,8.910,2.615
4842,8.922,2.687
4843,8.897,2.576
4844,9.030,2.681
4845,9.113,2.642
4846,9.189,2.583
4847,9.135,2.618
4848,9.198,2.637
4849,9.321,2.681
4850,9.296,2.678
4851,9.165,2.633
4852,9.371,2.626
4853,9.201,2.594
4854,9.341,2.682
4855,9.292,2.673
4856,9.139,2.546
4857,9.194,2.570
4858,9.218,2.548
4859,9.219,2.625
4860,9.084,2.599
4861,8.974,2.600
4862,8.741,2.581
4863,8.905,2.527
4864,8.889,2.596
4865,8.973,2.637
4866,9.173,2.607
4867,9.288,2.736
4868,9.404,2.772
4869,9.243,2.661
4870,9.185,2.651
4871,9.140,2.749
4872,9.381,2.798
4873,9.254,2.777
4874,9.411,2.751
4875,9.379,2.738
4876,9.448,2.728
4877,9.512,2.758
4878,9.544,2.665
4879,9.368,2.636
4880,9.168,2.707
4881,9.257,2.774
4882,8.954,2.617
4883,9.198,2.687
4884,9.101,2.746
4885,9.069,2.687
4886,9.062,2.689
4887,9.157,2.716
4888,9.076,2.732
4889,9.132,2.729
4890,9.013,2.667
4891,8.838,2.589
4892,8.869,2.562
4893,8.937,2.638
4894,8.818,2.590
4895,8.906,2.623
4896,8.988,2.568
4897,9.181,2.706
4898,9.113,2.703
4899,9.297,2.767
4900,9.244,2.907
4901,9.319,2.805
4902,9.217,2.763
4903,9.049,2.777
4904,9.009,2.641
4905,9.323,2.737
4906,9.314,2.778
4907,9.196,2.767
4908,9.125,2.866
4909,9.057,2.750
4910,9.140,2.640
4911,9.070,2.651
4912,8.991,2.661
4913,9.051,2.602
4914,9.172,2.523
4915,9.361,2.497
4916,9.430,2.608
4917,9.287,2.619
4918,9.325,2.666
4919,9.115,2.758
4920,8.878,2.595
4921,8.879,2.575
4922,9.090,2.542
4923,8.996,2.548
4924,8.912,2.537
4925,8.871,2.641
4926,8.909,2.627
4927,8.821,2.582
4928,8.823,2.630
4929,8.885,2.685
4930,8.766,2.514
4931,8.625,2.462
4932,8.653,2.608
4933,8.818,2.632
4934,8.920,2.702
4935,8.715,2.654
4936,8.815,2.676
4937,8.476,2.568
4938,8.723,2.694
4939,8.887,2.639
4940,9.029,2.681
4941,8.971,2.659
4942,9.034,2.635
4943,9.017,2.630
4944,8.889,2.547
4945,8.948,2.683
4946,8.901,2.684
4947,8.950,2.679
4948,9.066,2.705
4949,9.151,2.624
4950,9.146,2.672
4951,9.140,2.656
4952,9.102,2.680
4953,9.149,2.740
4954,9.276,2.866
4955,9.180,2.836
4956,9.141,2.894
4957,9.086,2.810
4958,9.093,2.728
4959,9.041,2.713
4960,9.154,2.751
4961,9.070,2.749
4962,8.956,2.626
4963,9.068,2.715
4964,9.245,2.735
4965,9.238,2.627
4966,9.220,2.782
4967,9.139,2.808
4968,8.984,2.763
4969,8.703,2.792
4970,8.890,2.766
4971,8.975,2.887
4972,9.044,2.866
4973,9.061,2.818
4974,9.012,2.831
4975,8.953,2.842
4976,8.935,2.732
4977,8.934,2.858
4978,8.862,2.795
4979,9.056,2.898
4980,9.116,2.958
4981,9.063,2.998
4982,9.132,2.846
4983,9.277,2.787
4984,9.375,2.929
4985,9.224,2.695
4986,9.280,2.774
4987,9.383,2.848
4988,9.222,2.880
4989,9.310,2.822
4990,9.259,2.826
4991,9.236,2.805
4992,9.253,2.775
4993,9.253,2.813
4994,9.340,2.851
4995,9.351,2.849
4996,9.298,2.796
4997,9.222,2.874
4998,9.229,2.798
4999,9.136,2.817
5000,9.159,2.711
5001,9.170,2.693
5002,8.989,2.660
5003,9.106,2.679
5004,9.344,2.699
5005,9.358,2.727
5006,9.172,2.729
5007,9.272,2.818
5008,9.098,2.725
5009,9.043,2.759
5010,9.117,2.726
5011,9.249,2.804
5012,9.042,2.647
5013,9.150,2.746
5014,9.119,2.800
5015,9.155,2.861
5016,9.244,2.803
5017,9.239,2.886
5018,9.122,2.871
5019,9.155,2.895
5020,9.326,2.817
5021,9.351,2.832
5022,9.259,2.877
5023,9.257,2.923
5024,9.317,2.857
5025,9.228,2.778
5026,9.237,2.670
5027,9.153,2.824
5028,9.089,2.838
5029,9.196,2.814
5030,9.163,2.759
5031,9.124,2.731
5032,9.038,2.675
5033,8.887,2.780
5034,8.888,2.831
5035,8.684,2.772
5036,8.560,2.644
5037,8.565,2.688
5038,8.599,2.750
5039,8.414,2.678
5040,8.568,2.703
5041,8.544,2.733
5042,8.591,2.705
5043,8.561,2.684
5044,8.517,2.797
5045,8.428,2.660
5046,8.340,2.540
5047,8.455,2.593
5048,8.548,2.573
5049,8.387,2.666
5050,8.594,2.723
5051,8.723,2.650
5052,8.750,2.612
5053,8.963,2.559
5054,8.862,2.624
5055,8.923,2.699
5056,8.927,2.696
5057,8.713,2.585
5058,8.828,2.621
5059,8.578,2.697
5060,8.603,2.527
5061,8.605,2.573
5062,8.647,2.571
5063,8.607,2.461
5064,8.763,2.511
5065,8.781,2.653
5066,8.767,2.716
5067,8.902,2.640
5068,8.853,2.703
5069,8.866,2.648
5070,9.010,2.661
5071,8.965,2.640
5072,8.794,2.660
5073,8.897,2.666
5074,8.748,2.571
5075,8.770,2.617
5076,8.739,2.674
5077,8.733,2.564
5078,8.709,2.573
5079,8.492,2.550
5080,8.467,2.456
5081,8.724,2.448
5082,8.762,2.514
5083,8.633,2.505
5084,8.587,2.500
5085,8.606,2.527
5086,8.511,2.492
5087,8.518,2.479
5088,8.472,2.509
5089,8.488,2.573
5090,8.616,2.693
5091,8.670,2.683
5092,8.392,2.591
5093,8.538,2.654
5094,8.661,2.723
5095,8.535,2.778
5096,8.450,2.583
5097,8.503,2.562
5098,8.514,2.558
5099,8.432,2.582
5100,8.405,2.596
5101,8.386,2.655
5102,8.277,2.603
5103,8.392,2.705
5104,8.280,2.607
5105,8.317,2.585
5106,8.290,2.636
5107,8.211,2.695
5108,8.235,2.715
5109,8.327,2.742
5110,8.350,2.733
5111,8.582,2.774
5112,8.650,2.712
5113,8.575,2.670
5114,8.772,2.660
5115,8.722,2.642
5116,8.825,2.701
5117,8.848,2.825
5118,8.837,2.753
5119,8.897,2.679
5120,8.789,2.625
5121,8.732,2.649
5122,8.728,2.619
5123,8.844,2.696
5124,8.846,2.737
5125,8.694,2.655
5126,8.798,2.827
5127,8.847,2.806
5128,8.845,2.758
5129,8.820,2.811
5130,8.732,2.880
5131,8.625,2.814
5132,8.525,2.713
5133,8.586,2.765
5134,8.802,2.882
5135,8.726,2.810
5136,8.806,2.706
5137,8.635,2.693
5138,8.657,2.707
5139,8.725,2.631
5140,8.651,2.711
5141,8.423,2.792
5142,8.315,2.732
5143,8.376,2.802
5144,8.345,2.831
5145,8.431,2.825
5146,8.488,2.734
5147,8.279,2.691
5148,8.519,2.733
5149,8.464,2.793
5150,8.438,2.721
5151,8.521,2.644
5152,8.555,2.755
5153,8.609,2.707
5154,8.612,2.807
5155,8.478,2.812
5156,8.406,2.826
5157,8.385,2.874
5158,8.337,2.877
5159,8.492,2.836
5160,8.458,2.850
5161,8.639,2.906
5162,8.408,2.778
5163,8.318,2.805
5164,8.474,2.727
5165,8.450,2.853
5166,8.373,2.699
5167,8.330,2.688
5168,8.422,2.705
5169,8.378,2.784
5170,8.344,2.775
5171,8.239,2.723
5172,8.307,2.757
5173,8.279,2.770
5174,8.416,2.750
5175,8.305,2.642
5176,8.393,2.670
5177,8.336,2.558
5178,8.233,2.589
5179,8.244,2.518
5180,8.253,2.528
5181,8.307,2.575
5182,8.389,2.504
5183,8.157,2.492
5184,8.052,2.384
5185,8.186,2.434
5186,8.224,2.428
5187,8.124,2.447
5188,8.117,2.489
5189,8.122,2.555
5190,8.236,2.618
5191,8.131,2.497
5192,8.170,2.516
5193,8.176,2.442
5194,8.355,2.586
5195,8.459,2.461
5196,8.363,2.472
5197,8.573,2.561
5198,8.506,2.545
5199,8.488,2.514
5200,8.461,2.555
5201,8.347,2.507
5202,8.361,2.517
5203,8.414,2.500
5204,8.463,2.572
5205,8.366,2.479
5206,8.342,2.544
5207,8.340,2.499
5208,8.286,2.437
5209,8.199,2.509
5210,8.117,2.436
5211,8.223,2.496
5212,8.259,2.453
5213,8.131,2.471
5214,8.126,2.449
5215,8.052,2.465
5216,8.125,2.478
5217,8.023,2.517
5218,8.177,2.596
5219,8.231,2.485
5220,8.053,2.455
5221,8.171,2.533
5222,8.242,2.540
5223,8.261,2.519
5224,8.138,2.555
5225,8.157,2.537
5226,8.238,2.483
5227,8.280,2.520
5228,8.384,2.535
5229,8.256,2.525
5230,8.383,2.553
5231,8.566,2.543
5232,8.645,2.777
5233,8.624,2.625
5234,8.513,2.558
5235,8.675,2.619
5236,8.701,2.633
5237,8.618,2.620
5238,8.266,2.527
5239,8.445,2.532
5240,8.612,2.553
5241,8.545,2.551
5242,8.396,2.473
5243,8.407,2.529
5244,8.275,2.420
5245,8.413,2.490
5246,8.487,2.502
5247,8.412,2.446
5248,8.358,2.488
5249,8.188,2.476
5250,8.219,2.475
5251,8.188,2.439
5252,8.287,2.337
5253,8.192,2.474
5254,8.584,2.488
5255,8.505,2.458
5256,8.568,2.596
5257,8.526,2.554
5258,8.496,2.688
5259,8.396,2.592
5260,8.622,2.615
5261,8.510,2.513
5262,8.454,2.596
5263,8.712,2.590
5264,8.658,2.497
5265,8.616,2.497
5266,9.004,2.556
5267,8.954,2.590
5268,9.052,2.683
5269,9.090,2.541
5270,8.916,2.484
5271,8.831,2.524
5272,8.780,2.509
5273,8.853,2.583
5274,8.783,2.627
5275,8.639,2.641
5276,8.539,2.608
5277,8.657,2.669
5278,8.813,2.657
5279,8.947,2.671
5280,8.880,2.697
5281,9.040,2.760
5282,9.067,2.685
5283,8.783,2.573
5284,8.889,2.587
5285,8.974,2.663
5286,8.885,2.676
5287,8.900,2.689
5288,8.860,2.768
5289,8.985,2.761
5290,8.795,2.708
5291,8.907,2.786
5292,9.016,2.732
5293,8.930,2.658
5294,8.924,2.581
5295,9.053,2.710
5296,9.030,2.664
5297,8.916,2.670
5298,8.884,2.629
5299,8.694,2.646
5300,8.660,2.598
5301,8.560,2.719
5302,8.726,2.691
5303,8.962,2.756
5304,8.956,2.607
5305,8.952,2.659
5306,9.062,2.705
5307,8.965,2.750
5308,8.986,2.717
5309,8.928,2.637
5310,9.081,2.638
5311,9.052,2.616
5312,9.183,2.740
5313,9.023,2.734
5314,9.008,2.699
5315,8.710,2.716
5316,8.626,2.686
5317,8.868,2.603
5318,8.750,2.653
5319,8.749,2.619
5320,8.993,2.697
5321,9.013,2.773
5322,8.753,2.645
5323,8.828,2.694
5324,8.936,2.734
5325,8.893,2.582
5326,8.921,2.710
5327,8.936,2.679
5328,8.824,2.727
5329,8.801,2.687
5330,8.838,2.820
5331,8.699,2.720
5332,8.597,2.743
5333,8.744,2.827
5334,8.679,2.835
5335,8.788,2.906
5336,8.901,2.839
5337,8.976,2.852
5338,8.997,2.847
5339,8.984,2.840
5340,8.903,2.843
5341,8.995,2.798
5342,9.258,2.781
5343,9.180,2.868
5344,9.036,2.775
5345,8.903,2.751
5346,9.137,2.744
5347,9.090,2.799
5348,8.861,2.767
5349,8.808,2.743
5350,9.062,2.877
5351,8.984,2.867
5352,8.995,2.898
5353,9.237,2.842
5354,9.365,2.953
5355,9.379,2.897
5356,9.291,2.969
5357,9.205,2.953
5358,9.133,2.887
5359,9.277,2.934
5360,9.198,2.807
5361,9.262,2.799
5362,8.996,2.649
5363,9.007,2.702
5364,9.061,2.748
5365,8.956,2.824
5366,8.829,2.762
5367,8.868,2.725
5368,9.000,2.700
5369,8.882,2.761
5370,8.848,2.793
5371,8.709,2.683
5372,8.709,2.665
5373,8.772,2.636
5374,8.735,2.684
5375,8.834,2.685
5376,8.853,2.801
5377,8.565,2.661
5378,8.692,2.748
5379,8.967,2.879
5380,8.732,2.704
5381,8.847,2.645
5382,8.862,2.740
5383,8.649,2.578
5384,8.839,2.612
5385,8.889,2.744
5386,8.875,2.726
5387,8.768,2.693
5388,8.788,2.650
5389,8.912,2.756
5390,8.981,2.735
5391,8.811,2.677
5392,8.740,2.697
5393,8.874,2.749
5394,8.786,2.660
5395,8.957,2.819
5396,8.930,2.687
5397,8.973,2.830
5398,9.036,2.955
5399,8.869,2.751
5400,8.808,2.672
5401,8.757,2.643
5402,8.881,2.697
5403,8.960,2.713
5404,8.951,2.712
5405,8.912,2.613
5406,9.072,2.600
5407,9.005,2.657
5408,8.937,2.732
5409,9.147,2.830
5410,9.204,2.834
5411,9.156,2.709
5412,9.130,2.805
5413,9.231,2.706
5414,9.192,2.792
5415,9.266,2.859
5416,9.345,2.810
5417,9.167,2.821
5418,9.266,3.057
5419,9.282,2.934
5420,9.283,2.777
5421,9.256,2.850
5422,9.325,2.817
5423,9.233,2.658
5424,9.206,2.636
5425,9.197,2.681
5426,9.093,2.721
5427,9.116,2.733
5428,9.322,2.764
5429,9.112,2.686
5430,9.207,2.715
5431,9.265,2.790
5432,9.290,2.806
5433,9.214,2.780
5434,9.236,2.845
5435,9.314,2.753
5436,9.309,2.691
5437,9.336,2.647
5438,9.152,2.716
5439,9.124,2.703
5440,9.316,2.771
5441,9.105,2.666
5442,9.027,2.684
5443,9.026,2.708
5444,9.052,2.707
5445,8.964,2.570
5446,8.967,2.614
5447,8.868,2.524
5448,8.621,2.578
5449,8.605,2.552
5450,8.724,2.520
5451,8.746,2.468
5452,8.577,2.433
5453,8.559,2.504
5454,8.561,2.604
5455,8.580,2.627
5456,8.608,2.700
5457,8.651,2.762
5458,8.560,2.635
5459,8.655,2.753
5460,8.733,2.742
5461,8.680,2.664
5462,8.847,2.717
5463,9.003,2.790
5464,9.017,2.760
5465,9.039,2.930
5466,9.203,3.032
5467,9.016,2.787
5468,9.110,2.853
5469,9.075,2.782
5470,8.925,2.867
5471,8.826,2.786
5472,8.815,2.784
5473,8.822,2.797
5474,8.869,2.843
5475,8.673,2.806
5476,8.538,2.723
5477,8.624,2.800
5478,8.514,2.692
5479,8.589,2.650
5480,8.622,2.635
5481,8.618,2.600
5482,8.783,2.599
5483,8.501,2.568
5484,8.568,2.684
5485,8.381,2.722
5486,8.417,2.697
5487,8.321,2.649
5488,8.495,2.775
5489,8.371,2.718
5490,8.273,2.724
5491,8.365,2.713
5492,8.364,2.744
5493,8.373,2.637
5494,8.285,2.631
5495,8.249,2.544
5496,8.151,2.510
5497,8.163,2.549
5498,8.107,2.613
5499,7.984,2.513
5500,8.164,2.645
5501,8.079,2.465
5502,8.243,2.587
5503,8.227,2.572
5504,8.195,2.579
5505,8.230,2.575
5506,8.294,2.628
5507,8.195,2.667
5508,8.082,2.602
5509,8.135,2.666
5510,8.365,2.752
5511,8.234,2.716
5512,8.244,2.648
5513,8.324,2.756
5514,8.338,2.812
5515,8.242,2.857
5516,8.289,2.792
5517,8.197,2.747
5518,8.188,2.845
5519,8.358,2.783
5520,8.336,2.753
5521,8.382,2.746
5522,8.244,2.718
5523,8.110,2.720
5524,8.002,2.683
5525,8.040,2.688
5526,8.257,2.755
5527,8.319,2.812
5528,8.213,2.677
5529,7.967,2.704
5530,8.034,2.641
5531,8.149,2.699
5532,8.137,2.669
5533,8.246,2.675
5534,8.321,2.766
5535,8.597,2.781
5536,8.478,2.713
5537,8.554,2.731
5538,8.515,2.717
5539,8.551,2.799
5540,8.382,2.730
5541,8.331,2.725
5542,8.276,2.667
5543,8.268,2.757
5544,8.193,2.828
5545,8.004,2.668
5546,8.098,2.612
5547,8.150,2.591
5548,8.037,2.570
5549,8.342,2.679
5550,8.421,2.726
5551,8.556,2.669
5552,8.629,2.823
5553,8.579,2.696
5554,8.538,2.812
5555,8.504,2.775
5556,8.530,2.915
5557,8.727,2.936
5558,8.590,2.895
5559,8.652,2.898
5560,8.590,2.837
5561,8.535,2.841
5562,8.411,2.779
5563,8.376,2.761
5564,8.465,2.868
5565,8.489,2.883
5566,8.453,2.739
5567,8.481,2.805
5568,8.515,2.793
5569,8.564,2.922
5570,8.495,2.852
5571,8.515,2.889
5572,8.438,2.825
5573,8.523,2.916
5574,8.584,2.892
5575,8.580,2.907
5576,8.593,2.913
5577,8.514,2.744
5578,8.500,2.867
5579,8.409,2.858
5580,8.581,2.797
5581,8.548,2.778
5582,8.469,2.752
5583,8.497,2.799
5584,8.451,2.706
5585,8.428,2.772
5586,8.381,2.744
5587,8.274,2.721
5588,8.314,2.720
5589,8.382,2.697
5590,8.335,2.755
5591,8.338,2.703
5592,8.377,2.742
5593,8.358,2.861
5594,8.116,2.774
5595,8.059,2.769
5596,8.237,2.746
5597,8.180,2.799
5598,8.272,2.743
5599,8.384,2.804
5600,8.383,2.723
5601,8.284,2.679
5602,8.224,2.799
5603,8.166,2.787
5604,8.186,2.811
5605,8.151,2.881
5606,8.238,2.790
5607,8.086,2.829
5608,8.209,2.795
5609,8.042,2.772
5610,8.129,2.886
5611,8.075,2.871
5612,8.054,2.799
5613,8.077,2.854
5614,8.073,2.940
5615,7.964,2.747
5616,8.085,2.842
5617,7.992,2.821
5618,8.006,2.832
5619,8.061,2.828
5620,8.068,2.877
5621,8.048,2.773
5622,8.027,2.719
5623,8.203,2.783
5624,8.090,2.741
5625,8.131,2.665
5626,8.065,2.889
5627,8.174,2.791
5628,8.186,2.859
5629,8.242,2.773
5630,8.272,2.782
5631,8.269,2.848
5632,8.429,2.819
5633,8.328,2.762
5634,8.366,2.861
5635,8.468,2.865
5636,8.361,2.805
5637,8.410,2.877
5638,8.379,2.805
5639,8.482,2.857
5640,8.314,2.829
5641,8.268,2.827
5642,8.439,2.871
5643,8.454,2.819
5644,8.274,2.720
5645,8.379,2.742
5646,8.360,2.810
5647,8.586,2.791
5648,8.687,2.826
5649,8.681,2.886
5650,8.726,2.936
5651,8.610,2.901
5652,8.529,2.810
5653,8.563,2.937
5654,8.609,2.862
5655,8.706,2.902
5656,8.466,2.955
5657,8.430,2.876
5658,8.321,2.961
5659,8.384,2.913
5660,8.316,3.061
5661,8.404,3.062
5662,8.445,2.961
5663,8.592,2.936
5664,8.423,2.984
5665,8.350,2.992
5666,8.355,3.050
5667,8.460,2.964
5668,8.349,3.039
5669,8.268,2.872
5670,8.385,2.916
5671,8.314,2.871
5672,8.474,2.942
5673,8.465,2.957
5674,8.455,2.912
5675,8.588,2.889
5676,8.688,2.949
5677,8.553,2.795
5678,8.570,2.888
5679,8.347,2.892
5680,8.504,2.864
5681,8.440,2.987
5682,8.251,2.870
5683,8.048,2.947
5684,8.199,2.918
5685,8.031,2.824
5686,8.094,2.882
5687,8.006,2.927
5688,8.060,2.952
5689,8.051,3.033
5690,8.158,3.070
5691,8.098,2.919
5692,8.142,2.924
5693,8.312,2.982
5694,8.237,2.947
5695,8.443,3.157
5696,8.272,2.989
5697,8.230,3.099
5698,8.060,3.106
5699,8.108,3.067
5700,8.185,3.044
5701,8.199,3.007
5702,8.288,2.948
5703,8.341,2.911
5704,8.521,2.982
5705,8.459,2.883
5706,8.217,2.802
5707,8.424,2.899
5708,8.549,2.959
5709,8.524,2.911
5710,8.581,2.936
5711,8.588,2.954
5712,8.358,2.906
5713,8.290,2.780
5714,8.212,2.752
5715,8.426,2.854
5716,8.339,2.893
5717,8.240,2.804
5718,8.475,2.857
5719,8.423,2.837
5720,8.433,2.800
5721,8.491,2.811
5722,8.383,2.818
5723,8.234,2.795
5724,8.227,2.823
5725,8.282,2.875
5726,8.241,2.860
5727,8.170,2.838
5728,8.071,2.890
5729,8.170,2.948
5730,8.198,2.944
5731,8.236,2.996
5732,8.221,2.996
5733,8.076,2.863
5734,8.046,2.833
5735,8.143,2.816
5736,8.346,2.819
5737,8.302,2.881
5738,8.247,2.895
5739,8.143,2.874
5740,8.138,2.839
5741,8.040,2.797
5742,8.183,2.846
5743,8.368,2.952
5744,8.364,2.937
5745,8.039,2.702
5746,8.017,2.788
5747,8.121,2.735
5748,8.159,2.782
5749,8.208,2.878
5750,8.200,2.891
5751,8.399,2.917
5752,8.398,2.878
5753,8.470,2.899
5754,8.475,2.829
5755,8.464,2.796
5756,8.380,2.812
5757,8.250,2.786
5758,8.292,2.717
5759,8.295,2.821
5760,8.366,2.880
5761,8.422,2.798
5762,8.265,2.785
5763,8.074,2.712
5764,8.110,2.704
5765,8.190,2.683
5766,8.344,2.652
5767,8.376,2.554
5768,8.326,2.575
5769,8.567,2.832
5770,8.596,2.772
5771,8.381,2.755
5772,8.510,2.835
5773,8.462,2.788
5774,8.490,2.799
5775,8.643,2.798
5776,8.521,2.803
5777,8.434,2.871
5778,8.510,2.893
5779,8.617,2.785
5780,8.620,2.797
5781,8.600,2.737
5782,8.570,2.710
5783,8.650,2.831
5784,8.690,2.753
5785,8.857,2.821
5786,8.812,2.946
5787,8.823,2.975
5788,8.807,2.860
5789,8.753,2.895
5790,8.782,2.946
5791,8.688,2.901
5792,8.872,2.983
5793,8.772,3.014
5794,8.756,3.028
5795,8.647,3.010
5796,8.857,2.996
5797,8.992,2.988
5798,8.926,2.908
5799,8.636,2.835
5800,8.803,2.832
5801,8.575,2.784
5802,8.688,2.726
5803,8.571,2.722
5804,8.565,2.804
5805,8.672,2.809
5806,8.609,2.856
5807,8.571,2.910
5808,8.537,2.880
5809,8.627,2.902
5810,8.514,2.877
5811,8.598,2.985
5812,8.602,2.967
5813,8.633,2.882
5814,8.650,2.853
5815,8.730,2.868
5816,8.586,2.887
5817,8.541,2.904
5818,8.499,2.778
5819,8.583,2.820
5820,8.450,2.786
5821,8.404,2.822
5822,8.498,2.871
5823,8.308,2.856
5824,8.180,2.934
5825,8.132,2.891
5826,8.213,2.863
5827,8.257,2.872
5828,8.285,2.779
5829,8.097,2.750
5830,8.202,2.820
5831,8.292,2.737
5832,8.228,2.843
5833,8.259,2.798
5834,8.314,2.780
5835,8.199,2.757
5836,8.280,2.708
5837,8.047,2.644
5838,7.982,2.680
5839,8.038,2.657
5840,7.986,2.703
5841,8.097,2.865
5842,7.997,2.717
5843,8.049,2.761
5844,7.957,2.721
5845,8.181,2.753
5846,8.232,2.748
5847,8.294,2.794
5848,8.248,2.796
5849,8.171,2.752
5850,8.009,2.791
5851,8.085,2.854
5852,8.077,2.906
5853,8.124,2.755
5854,8.257,2.707
5855,8.273,2.756
5856,8.292,2.698
5857,8.307,2.685
5858,8.469,2.827
5859,8.637,2.961
5860,8.723,2.825
5861,8.588,2.749
5862,8.481,2.669
5863,8.422,2.752
5864,8.439,2.838
5865,8.387,2.800
5866,8.473,2.716
5867,8.415,2.657
5868,8.459,2.740
5869,8.376,2.684
5870,8.597,2.788
5871,8.369,2.652
5872,8.414,2.672
5873,8.371,2.622
5874,8.372,2.676
5875,8.311,2.616
5876,8.304,2.645
5877,8.400,2.713
5878,8.514,2.756
5879,8.403,2.847
5880,8.391,2.918
5881,8.410,2.860
5882,8.528,2.842
5883,8.380,2.782
5884,8.434,2.851
5885,8.558,2.852
5886,8.614,2.960
5887,8.675,2.939
5888,8.580,2.879
5889,8.485,2.850
5890,8.369,2.869
5891,8.523,2.885
5892,8.412,2.849
5893,8.514,2.824
5894,8.489,2.809
5895,8.473,2.756
5896,8.441,2.803
5897,8.332,2.716
5898,8.438,2.688
5899,8.473,2.699
5900,8.427,2.802
5901,8.508,2.785
5902,8.610,2.754
5903,8.639,2.664
5904,8.605,2.770
5905,8.546,2.752
5906,8.514,2.777
5907,8.555,2.710
5908,8.630,2.838
5909,8.461,2.854
5910,8.355,2.794
5911,8.601,2.772
5912,8.536,2.741
5913,8.650,2.729
5914,8.669,2.755
5915,8.591,2.605
5916,8.454,2.661
5917,8.364,2.708
5918,8.681,2.791
5919,8.627,2.772
5920,8.675,2.766
5921,8.711,2.773
5922,8.639,2.728
5923,8.713,2.781
5924,8.794,2.810
5925,8.658,2.794
5926,8.711,2.869
5927,8.619,2.745
5928,8.630,2.812
5929,8.789,2.812
5930,8.811,2.965
5931,8.629,2.908
5932,8.493,2.872
5933,8.456,2.837
5934,8.514,2.786
5935,8.472,2.832
5936,8.415,2.718
5937,8.304,2.742
5938,8.338,2.726
5939,8.313,2.700
5940,8.400,2.757
5941,8.289,2.766
5942,8.305,2.752
5943,8.384,2.759
5944,8.252,2.709
5945,8.252,2.651
5946,8.350,2.792
5947,8.219,2.699
5948,8.186,2.677
5949,8.354,2.725
5950,8.317,2.696
5951,8.322,2.806
5952,8.296,2.850
5953,8.209,2.710
5954,8.096,2.682
5955,8.060,2.637
5956,8.234,2.750
5957,8.287,2.750
5958,8.212,2.728
5959,8.268,2.714
5960,8.308,2.798
5961,8.456,2.816
5962,8.350,2.731
5963,8.512,2.849
5964,8.454,2.833
5965,8.351,2.784
5966,8.173,2.822
5967,8.278,2.867
5968,8.277,2.924
5969,8.390,2.949
5970,8.280,2.817
5971,8.355,2.772
5972,8.271,2.779
5973,8.313,2.860
5974,8.444,2.838
5975,8.408,2.927
5976,8.504,2.926
5977,8.461,2.881
5978,8.455,2.813
5979,8.566,2.756
5980,8.531,2.812
5981,8.682,2.836
5982,8.803,2.749
5983,8.708,2.715
5984,8.651,2.693
5985,8.643,2.768
5986,8.563,2.826
5987,8.564,2.787
5988,8.694,2.725
5989,8.667,2.810
5990,8.848,2.958
5991,8.701,3.001
5992,8.609,2.870
5993,8.276,2.759
5994,8.584,2.714
5995,8.612,2.798
5996,8.650,2.832
5997,8.707,2.893
5998,8.742,2.893
5999,8.463,2.882
6000,8.665,2.795
6001,8.691,2.802
6002,8.569,2.755
6003,8.582,2.831
6004,8.514,2.859
6005,8.537,2.744
6006,8.385,2.756
6007,8.521,2.744
6008,8.558,2.670
6009,8.456,2.620
6010,8.505,2.652
6011,8.524,2.714
6012,8.519,2.667
6013,8.490,2.709
6014,8.637,2.654
6015,8.532,2.736
6016,8.381,2.806
6017,8.628,2.870
6018,8.518,2.788
6019,8.513,2.785
6020,8.423,2.809
6021,8.564,2.734
6022,8.675,2.765
6023,8.766,2.844
6024,8.593,2.864
6025,8.643,2.789
6026,8.647,2.712
6027,8.725,2.794
6028,8.650,2.713
6029,8.686,2.848
6030,8.730,2.883
6031,8.695,2.784
6032,8.721,2.737
6033,8.607,2.658
6034,8.749,2.655
6035,8.776,2.579
6036,8.687,2.589
6037,8.666,2.591
6038,8.565,2.555
6039,8.611,2.613
6040,8.573,2.653
6041,8.713,2.572
6042,8.649,2.695
6043,8.635,2.672
6044,8.737,2.645
6045,8.888,2.630
6046,8.897,2.595
6047,8.903,2.564
6048,8.832,2.571
6049,8.844,2.598
6050,8.800,2.662
6051,8.766,2.730
6052,8.852,2.715
6053,8.844,2.726
6054,8.851,2.693
6055,8.779,2.657
6056,8.881,2.651
6057,9.062,2.693
6058,8.949,2.797
6059,8.630,2.775
6060,8.587,2.742
6061,8.812,2.711
6062,8.819,2.776
6063,8.703,2.763
6064,8.638,2.679
6065,8.810,2.707
6066,8.919,2.717
6067,8.869,2.697
6068,8.772,2.719
6069,8.838,2.898
6070,8.832,2.766
6071,8.755,2.745
6072,8.871,2.828
6073,8.984,2.746
6074,8.997,2.715
6075,8.830,2.745
6076,9.038,2.835
6077,8.965,2.823
6078,8.789,2.694
6079,8.965,2.743
6080,8.706,2.719
6081,8.767,2.740
6082,8.778,2.703
6083,8.842,2.719
6084,8.853,2.720
6085,8.824,2.696
6086,8.871,2.749
6087,8.756,2.746
6088,8.880,2.765
6089,8.801,2.886
6090,8.601,2.864
6091,8.690,2.890
6092,8.644,2.909
6093,8.564,2.859
6094,8.584,2.921
6095,8.577,2.854
6096,8.672,2.804
6097,8.575,2.778
6098,8.816,2.883
6099,8.845,2.838
6100,9.067,2.891
6101,9.243,2.977
6102,9.133,2.855
6103,8.995,2.806
6104,9.093,2.779
6105,9.060,2.799
6106,8.934,2.805
6107,8.960,2.803
6108,9.020,2.937
6109,8.689,2.781
6110,8.723,2.682
6111,8.664,2.781
6112,8.675,2.742
6113,8.823,2.846
6114,8.469,2.660
6115,8.619,2.757
6116,8.482,2.688
6117,8.657,2.777
6118,8.568,2.772
6119,8.663,2.708
6120,8.628,2.746
6121,8.595,2.723
6122,8.612,2.716
6123,8.676,2.803
6124,8.669,2.870
6125,8.541,2.797
6126,8.365,2.747
6127,8.659,2.856
6128,8.572,2.832
6129,8.698,2.920
6130,8.777,2.921
6131,8.920,2.879
6132,8.962,2.925
6133,8.943,2.885
6134,8.967,2.820
6135,9.084,2.774
6136,9.068,2.846
6137,8.843,2.851
6138,8.896,2.676
6139,9.037,2.843
6140,8.875,2.773
6141,8.989,2.863
6142,9.132,2.896
6143,9.083,2.933
6144,9.183,2.944
6145,9.062,2.876
6146,9.171,3.005
6147,9.175,3.038
6148,9.093,2.913
6149,9.198,2.889
6150,9.267,3.059
6151,9.326,3.102
6152,9.302,3.033
6153,9.408,3.080
6154,9.555,3.180
6155,9.594,3.077
6156,9.359,3.118
6157,9.400,3.009
6158,9.167,2.985
6159,9.164,3.011
6160,9.216,2.841
6161,9.124,2.813
6162,9.346,2.916
6163,9.236,2.898
6164,9.146,2.839
6165,9.343,2.842
6166,9.240,2.909
6167,9.072,2.927
6168,9.032,2.844
6169,9.123,2.860
6170,9.095,2.791
6171,9.092,2.786
6172,9.219,2.877
6173,9.075,2.927
6174,8.956,2.807
6175,9.099,2.902
6176,9.113,2.927
6177,8.928,2.881
6178,8.956,2.949
6179,8.951,2.948
6180,8.942,2.884
6181,8.808,2.852
6182,8.819,2.928
6183,9.003,3.064
6184,9.014,2.911
6185,9.101,2.935
6186,8.914,3.002
6187,8.826,3.004
6188,8.794,3.019
6189,8.711,2.935
6190,8.636,2.911
6191,8.746,2.880
6192,8.834,2.931
6193,8.905,3.016
6194,8.788,2.980
6195,8.757,3.007
6196,8.832,3.136
6197,8.960,3.097
6198,9.024,3.209
6199,9.018,3.203
6200,9.036,3.207
6201,9.222,3.317
6202,9.178,3.244
6203,9.285,3.288
6204,9.185,3.282
6205,9.189,3.208
6206,9.240,3.313
6207,9.131,3.167
6208,9.078,3.101
6209,9.002,3.203
6210,8.987,3.163
6211,9.143,3.219
6212,9.012,3.145
6213,9.046,3.132
6214,8.997,3.163
6215,8.805,3.100
6216,8.957,3.255
6217,8.881,3.342
6218,8.900,3.215
6219,8.955,3.156
6220,8.985,3.066
6221,9.070,3.226
6222,9.069,3.204
6223,9.166,3.172
6224,9.075,3.391
6225,9.137,3.270
6226,9.067,3.175
6227,9.150,3.246
6228,9.231,3.112
6229,9.031,2.965
6230,8.820,3.020
6231,8.808,3.126
6232,8.931,3.179
6233,8.983,3.064
6234,9.035,3.171
6235,8.891,3.166
6236,8.941,3.110
6237,8.881,3.070
6238,8.839,2.933
6239,8.625,2.912
6240,8.579,2.968
6241,8.794,3.035
6242,8.677,2.991
6243,8.869,3.129
6244,8.869,3.065
6245,8.797,2.929
6246,8.753,2.935
6247,8.721,2.871
6248,8.853,2.958
6249,8.739,2.941
6250,8.767,2.924
6251,8.791,3.023
6252,8.884,3.010
6253,8.832,2.994
6254,8.774,3.043
6255,8.791,2.960
6256,8.615,2.903
6257,8.586,2.875
6258,8.594,2.782
6259,8.648,2.911
6260,8.666,2.916
6261,8.642,2.775
6262,8.460,2.893
6263,8.566,2.899
6264,8.632,2.935
6265,8.532,2.881
6266,8.598,2.990
6267,8.441,2.897
6268,8.671,2.974
6269,8.689,2.926
6270,8.717,2.863
6271,8.709,2.760
6272,8.564,2.787
6273,8.529,2.834
6274,8.282,2.715
6275,8.490,2.845
6276,8.365,2.784
6277,8.401,2.734
6278,8.439,2.813
6279,8.360,2.866
6280,8.449,2.868
6281,8.491,2.879
6282,8.612,2.884
6283,8.583,2.799
6284,8.687,2.821
6285,8.520,2.791
6286,8.538,2.798
6287,8.730,2.923
6288,8.458,2.874
6289,8.567,2.832
6290,8.584,2.942
6291,8.399,2.832
6292,8.472,2.949
6293,8.435,2.880
6294,8.549,2.848
6295,8.589,2.955
6296,8.601,2.961
6297,8.685,2.927
6298,8.575,2.981
6299,8.561,2.979
6300,8.553,2.906
6301,8.525,2.905
6302,8.448,2.877
6303,8.415,2.984
6304,8.374,2.930
6305,8.508,2.906
6306,8.614,2.872
6307,8.632,2.912
6308,8.669,2.784
6309,8.657,2.812
6310,8.616,2.936
6311,8.502,2.827
6312,8.380,2.830
6313,8.605,2.841
6314,8.597,2.912
6315,8.537,2.893
6316,8.609,2.954
6317,8.748,2.939
6318,8.670,2.908
6319,8.459,2.802
6320,8.609,2.933
6321,8.622,2.945
6322,8.688,2.828
6323,8.742,2.824
6324,8.527,2.736
6325,8.592,2.767
6326,8.622,2.802
6327,8.619,2.824
6328,8.635,2.765
6329,8.513,2.738
6330,8.562,2.747
6331,8.534,2.752
6332,8.788,2.908
6333,8.760,2.795
6334,8.686,2.799
6335,8.828,2.872
6336,8.710,2.879
6337,8.628,2.832
6338,8.612,2.934
6339,8.523,2.876
6340,8.437,2.793
6341,8.404,2.787
6342,8.483,2.828
6343,8.602,2.980
6344,8.508,2.795
6345,8.425,2.706
6346,8.426,2.686
6347,8.384,2.712
6348,8.527,2.694
6349,8.485,2.676
6350,8.549,2.773
6351,8.186,2.652
6352,8.259,2.691
6353,8.437,2.794
6354,8.571,2.732
6355,8.659,2.826
6356,8.572,2.713
6357,8.458,2.846
6358,8.412,2.819
6359,8.413,2.738
6360,8.351,2.755
6361,8.348,2.785
6362,8.310,2.692
6363,8.210,2.682
6364,8.187,2.807
6365,8.309,2.853
6366,8.261,2.707
6367,8.298,2.658
6368,8.413,2.820
6369,8.477,2.762
6370,8.453,2.958
6371,8.316,2.844
6372,8.313,2.814
6373,8.324,2.837
6374,8.226,2.742
6375,8.345,2.777
6376,8.283,2.857
6377,8.309,2.927
6378,8.436,2.953
6379,8.380,2.831
6380,8.422,2.864
6381,8.517,2.957
6382,8.492,2.941
6383,8.271,2.838
6384,8.375,2.983
6385,8.284,2.996
6386,8.263,2.944
6387,8.354,3.042
6388,8.288,2.915
6389,8.423,2.922
6390,8.528,3.082
6391,8.494,3.052
6392,8.326,3.111
6393,8.407,3.121
6394,8.419,3.039
6395,8.508,3.052
6396,8.593,3.073
6397,8.571,3.029
6398,8.817,3.165
6399,8.856,3.280
6400,8.607,3.212
6401,8.514,3.082
6402,8.527,3.101
6403,8.718,3.261
6404,8.575,3.147
6405,8.695,3.121
6406,8.486,2.952
6407,8.555,3.042
6408,8.513,3.145
6409,8.497,2.966
6410,8.553,3.086
6411,8.724,3.064
6412,8.585,3.074
6413,8.397,3.090
6414,8.414,3.074
6415,8.372,2.989
6416,8.437,2.915
6417,8.431,3.036
6418,8.367,2.813
6419,8.318,2.876
6420,8.244,2.855
6421,8.242,2.878
6422,8.239,2.930
6423,8.092,2.774
6424,8.136,2.837
6425,8.248,2.831
6426,8.372,2.869
6427,8.448,2.977
6428,8.450,2.978
6429,8.309,3.032
6430,8.515,3.016
6431,8.592,3.105
6432,8.497,2.960
6433,8.427,2.996
6434,8.478,2.924
6435,8.610,2.956
6436,8.635,2.894
6437,8.586,2.875
6438,8.588,2.864
6439,8.560,2.867
6440,8.522,2.804
6441,8.673,2.821
6442,8.831,2.878
6443,8.636,2.849
6444,8.687,2.921
6445,8.783,2.933
6446,8.647,2.779
6447,8.536,2.802
6448,8.438,2.746
6449,8.519,2.666
6450,8.473,2.633
6451,8.592,2.643
6452,8.714,2.809
6453,8.725,2.846
6454,8.713,2.818
6455,8.551,2.746
6456,8.582,2.908
6457,8.658,2.778
6458,8.737,2.787
6459,8.793,2.793
6460,8.736,2.795
6461,8.688,2.823
6462,8.662,2.833
6463,8.663,2.920
6464,8.523,2.883
6465,8.483,2.954
6466,8.468,2.910
6467,8.559,2.998
6468,8.566,2.912
6469,8.557,2.954
6470,8.562,2.964
6471,8.705,3.076
6472,8.583,3.013
6473,8.561,2.871
6474,8.533,2.875
6475,8.522,2.966
6476,8.669,2.977
6477,8.607,2.961
6478,8.661,2.995
6479,8.817,3.022
6480,8.706,2.919
6481,8.889,3.059
6482,8.705,3.148
6483,8.869,3.152
6484,8.919,3.210
6485,8.919,3.253
6486,8.947,3.129
6487,8.884,3.121
6488,8.916,3.018
6489,8.909,3.073
6490,8.796,3.133
6491,8.697,3.088
6492,8.820,3.164
6493,8.920,3.121
6494,8.816,3.133
6495,8.643,3.012
6496,8.669,3.099
6497,8.737,3.087
6498,8.804,3.198
6499,8.865,3.233
6500,8.956,3.168
6501,8.926,3.140
6502,8.901,3.202
6503,8.862,3.087
6504,8.884,3.061
6505,8.835,3.124
6506,8.829,3.048
6507,8.862,3.023
6508,8.937,3.095
6509,8.957,3.117
6510,8.977,2.983
6511,9.007,2.982
6512,8.926,2.982
6513,8.964,2.997
6514,8.973,2.936
6515,8.964,3.036
6516,8.954,3.035
6517,8.727,2.864
6518,8.741,2.861
6519,8.722,2.913
6520,8.739,2.950
6521,8.689,2.924
6522,8.764,2.925
6523,8.851,2.928
6524,8.778,2.981
6525,8.837,2.945
6526,8.656,2.986
6527,8.781,3.151
6528,8.583,3.084
6529,8.663,3.048
6530,8.640,2.954
6531,8.599,2.981
6532,8.626,2.875
6533,8.831,3.024
6534,8.986,3.042
6535,8.868,3.005
6536,8.983,3.020
6537,8.938,3.075
6538,8.935,3.026
6539,8.851,2.962
6540,8.870,2.960
6541,8.885,3.056
6542,8.958,2.931
6543,8.924,2.972
6544,8.830,2.886
6545,8.829,2.896
6546,8.790,2.881
6547,8.637,2.877
6548,8.699,2.925
6549,8.794,2.872
6550,8.831,2.895
6551,8.751,2.821
6552,8.595,2.802
6553,8.605,2.945
6554,8.543,2.783
6555,8.717,2.977
6556,8.651,2.930
6557,8.703,2.928
6558,8.580,2.852
6559,8.496,2.870
6560,8.534,2.925
6561,8.594,2.930
6562,8.416,2.903
6563,8.471,2.911
6564,8.548,3.001
6565,8.555,3.007
6566,8.558,2.994
6567,8.388,2.942
6568,8.626,3.023
6569,8.588,3.005
6570,8.596,2.916
6571,8.781,3.051
6572,8.730,2.980
6573,8.679,2.794
6574,8.731,2.872
6575,8.882,3.042
6576,8.902,2.956
6577,8.704,2.915
6578,8.562,3.026
6579,8.639,3.105
6580,8.629,2.865
6581,8.714,2.967
6582,8.788,3.090
6583,8.837,2.942
6584,8.851,2.989
6585,8.773,2.910
6586,8.620,2.850
6587,8.713,2.953
6588,8.782,2.917
6589,8.674,2.896
6590,8.732,2.906
6591,8.737,2.897
6592,8.756,2.950
6593,8.760,3.123
6594,8.795,3.012
6595,8.783,3.080
6596,8.483,2.932
6597,8.474,2.927
6598,8.598,2.977
6599,8.459,2.843
6600,8.495,2.907
6601,8.385,2.816
6602,8.730,2.786
6603,8.732,2.770
6604,8.731,2.825
6605,8.781,2.924
6606,8.711,2.876
6607,8.561,2.923
6608,8.789,3.002
6609,8.777,2.998
6610,8.839,2.952
6611,8.876,2.956
6612,8.896,2.933
6613,8.861,2.763
6614,8.920,2.861
6615,8.822,2.838
6616,8.749,2.869
6617,8.732,2.923
6618,8.806,2.886
6619,8.710,2.931
6620,8.627,2.845
6621,8.807,2.817
6622,8.850,2.838
6623,8.883,2.828
6624,8.869,2.852
6625,8.789,2.910
6626,8.888,2.880
6627,9.145,2.876
6628,9.150,2.965
6629,8.850,2.911
6630,8.839,2.901
6631,8.923,2.914
6632,9.165,3.099
6633,9.203,3.089
6634,9.174,3.050
6635,9.064,2.867
6636,9.244,3.014
6637,9.330,3.124
6638,9.175,2.951
6639,9.138,2.988
6640,9.321,3.130
6641,9.183,2.978
6642,8.939,3.063
6643,9.089,2.975
6644,8.929,3.001
6645,8.948,2.938
6646,8.974,2.974
6647,8.957,2.971
6648,9.017,3.095
6649,8.922,3.037
6650,9.063,3.118
6651,8.901,2.905
6652,9.126,3.006
6653,8.961,3.125
6654,8.941,3.011
6655,8.666,2.999
6656,8.590,2.945
6657,8.853,3.041
6658,8.734,2.928
6659,8.804,2.924
6660,8.870,2.974
6661,8.861,2.922
6662,8.865,2.861
6663,8.785,2.760
6664,8.914,2.858
6665,8.980,2.795
6666,9.124,2.847
6667,9.092,2.983
6668,8.946,2.893
6669,8.856,2.839
6670,8.838,2.834
6671,8.977,2.756
6672,8.958,2.798
6673,8.735,2.700
6674,8.923,2.835
6675,8.789,2.869
6676,8.828,2.891
6677,9.020,2.889
6678,8.912,2.743
6679,8.858,2.792
6680,8.822,2.823
6681,8.763,2.799
6682,8.705,2.796
6683,8.798,2.821
6684,8.784,2.850
6685,8.852,2.726
6686,8.910,2.816
6687,8.795,2.849
6688,8.837,2.823
6689,8.972,2.916
6690,8.878,2.863
6691,8.846,2.893
6692,8.860,2.848
6693,8.735,2.724
6694,8.723,2.828
6695,8.656,2.843
6696,8.755,2.691
6697,8.851,2.787
6698,8.910,2.906
6699,8.989,2.930
6700,9.041,2.898
6701,8.842,2.769
6702,8.802,2.900
6703,8.942,2.910
6704,8.832,2.915
6705,8.857,2.914
6706,8.922,2.861
6707,8.970,2.788
6708,9.013,2.873
6709,9.236,2.826
6710,8.824,2.749
6711,8.895,2.844
6712,9.040,2.846
6713,9.114,2.930
6714,8.987,2.983
6715,9.182,3.100
6716,9.132,2.983
6717,9.028,2.928
6718,9.077,2.929
6719,9.008,2.856
6720,9.063,2.899
6721,9.182,2.911
6722,9.175,2.861
6723,9.046,2.893
6724,9.197,2.933
6725,9.109,2.981
6726,9.086,2.814
6727,9.047,2.993
6728,8.988,2.851
6729,9.013,2.997
6730,8.819,2.868
6731,8.920,2.875
6732,9.145,3.040
6733,9.148,2.992
6734,9.038,2.919
6735,8.962,2.786
6736,8.782,2.816
6737,8.803,2.890
6738,8.807,2.820
6739,8.753,2.801
6740,8.626,2.722
6741,8.772,2.784
6742,8.887,2.862
6743,8.799,2.821
6744,8.905,2.924
6745,8.852,2.851
6746,8.842,2.911
6747,8.686,2.884
6748,8.829,2.936
6749,8.821,2.917
6750,8.860,2.968
6751,8.898,3.046
6752,8.909,3.015
6753,8.777,2.884
6754,8.639,2.877
6755,8.646,2.865
6756,8.638,2.829
6757,8.698,2.865
6758,8.820,2.948
6759,8.713,3.016
6760,8.759,2.870
6761,8.796,2.857
6762,8.770,2.868
6763,8.748,2.892
6764,8.681,2.882
6765,8.636,2.847
6766,8.441,2.827
6767,8.590,3.006
6768,8.486,3.013
6769,8.453,3.046
6770,8.626,3.057
6771,8.513,2.984
6772,8.554,3.026
6773,8.610,3.010
6774,8.773,2.949
6775,8.763,3.014
6776,8.803,2.962
6777,8.675,2.900
6778,8.836,2.808
6779,9.034,2.926
6780,9.098,2.883
6781,9.155,2.825
6782,8.992,2.905
6783,8.857,2.918
6784,8.749,2.866
6785,8.771,2.992
6786,8.889,2.856
6787,8.764,2.987
6788,8.792,2.917
6789,8.862,2.879
6790,8.881,2.934
6791,8.825,2.913
6792,8.855,2.872
6793,8.934,2.801
6794,8.927,2.851
6795,8.974,2.960
6796,9.120,2.927
6797,9.052,2.963
6798,9.086,3.073
6799,9.145,3.197
6800,9.037,3.052
6801,9.067,3.132
6802,8.957,2.859
6803,9.028,3.006
6804,9.130,3.079
6805,9.318,3.147
6806,9.255,3.044
6807,9.136,3.071
6808,9.297,3.080
6809,9.237,3.193
6810,9.384,3.179
6811,9.355,3.141
6812,9.255,3.117
6813,9.102,3.008
6814,8.979,2.960
6815,8.803,2.874
6816,8.933,2.963
6817,9.053,3.098
6818,9.219,3.080
6819,9.248,3.106
6820,9.103,3.074
6821,9.190,3.107
6822,9.134,2.959
6823,9.185,3.046
6824,9.240,3.014
6825,9.111,2.978
6826,9.217,3.023
6827,9.182,3.054
6828,9.249,3.247
6829,9.191,3.157
6830,9.103,3.008
6831,9.016,3.012
6832,8.895,2.995
6833,8.969,3.042
6834,8.959,3.014
6835,8.928,2.985
6836,8.830,3.077
6837,8.813,2.989
6838,8.980,3.005
6839,8.923,2.979
6840,8.848,2.992
6841,8.668,2.884
6842,8.795,2.964
6843,8.760,3.048
6844,8.730,2.979
6845,8.656,2.944
6846,8.628,2.882
6847,8.822,3.003
6848,8.705,3.019
6849,8.751,3.018
6850,8.777,2.903
6851,8.669,2.876
6852,8.689,2.918
6853,8.742,2.977
6854,8.611,2.893
6855,8.599,2.835
6856,8.638,2.927
6857,8.686,2.876
6858,8.625,2.859
6859,8.559,2.902
6860,8.531,2.812
6861,8.594,2.816
6862,8.604,2.920
6863,8.653,2.985
6864,8.596,3.099
6865,8.542,3.083
6866,8.613,2.983
6867,8.714,2.945
6868,8.730,2.963
6869,8.802,3.031
6870,8.798,3.103
6871,8.884,3.111
6872,8.921,3.184
6873,8.992,3.129
6874,8.989,3.227
6875,9.037,3.266
6876,8.754,3.090
6877,8.733,3.129
6878,8.720,3.164
6879,8.690,3.231
6880,8.716,3.190
6881,8.875,3.131
6882,8.870,3.020
6883,8.970,3.156
6884,9.020,3.190
6885,8.980,2.986
6886,8.964,3.060
6887,8.923,3.093
6888,8.922,3.034
6889,9.014,3.137
6890,8.939,3.126
6891,8.914,3.082
6892,8.928,3.153
6893,8.984,3.050
6894,8.797,3.040
6895,8.833,2.953
6896,8.973,3.017
6897,8.879,2.929
6898,8.782,2.956
6899,8.816,2.947
6900,8.846,2.944
6901,8.901,3.084
6902,8.759,2.911
6903,8.732,3.008
6904,8.726,3.017
6905,8.951,3.134
6906,8.840,3.039
6907,9.013,3.111
6908,9.002,3.054
6909,8.930,2.872
6910,8.760,2.887
6911,8.814,2.975
6912,8.847,3.064
6913,8.768,3.079
6914,8.786,3.070
6915,8.715,2.944
6916,8.866,3.134
6917,8.744,3.128
6918,8.766,2.964
6919,8.521,2.885
6920,8.602,2.985
6921,8.518,2.902
6922,8.470,2.874
6923,8.439,2.804
6924,8.401,2.900
6925,8.457,2.963
6926,8.545,2.885
6927,8.538,2.914
6928,8.540,2.908
6929,8.495,2.876
6930,8.531,2.946
6931,8.374,2.932
6932,8.476,2.922
6933,8.337,2.860
6934,8.355,3.059
6935,8.352,3.005
6936,8.248,2.991
6937,8.221,2.945
6938,8.242,3.000
6939,8.040,2.926
6940,8.101,2.946
6941,8.292,2.998
6942,8.347,3.052
6943,8.483,3.091
6944,8.563,3.136
6945,8.619,3.053
6946,8.530,3.044
6947,8.478,2.912
6948,8.550,2.962
6949,8.498,3.044
6950,8.641,3.051
6951,8.586,3.025
6952,8.706,3.255
6953,8.661,3.024
6954,8.569,3.046
6955,8.657,3.092
6956,8.557,3.001
6957,8.657,3.004
6958,8.443,3.035
6959,8.504,3.124
6960,8.448,3.095
6961,8.548,3.156
6962,8.590,3.017
6963,8.397,3.004
6964,8.660,3.178
6965,8.540,3.073
6966,8.437,3.049
6967,8.387,3.161
6968,8.435,3.113
6969,8.505,3.147
6970,8.366,3.031
6971,8.271,2.962
6972,8.200,2.993
6973,8.397,2.956
6974,8.530,2.998
6975,8.476,3.082
6976,8.380,3.127
6977,8.336,3.139
6978,8.432,3.062
6979,8.386,3.092
6980,8.456,3.101
6981,8.413,3.156
6982,8.309,3.092
6983,8.379,3.106
6984,8.533,3.224
6985,8.365,3.087
6986,8.411,3.125
6987,8.577,3.101
6988,8.606,3.111
6989,8.627,3.080
6990,8.508,3.100
6991,8.536,3.185
6992,8.436,3.242
6993,8.408,3.128
6994,8.677,3.285
6995,8.723,3.282
6996,8.707,3.326
6997,8.745,3.386
6998,8.715,3.346
6999,8.927,3.388
7000,8.952,3.416
7001,8.818,3.299
7002,8.817,3.309
7003,8.854,3.270
7004,8.954,3.350
7005,8.853,3.191
7006,8.807,3.173
7007,8.791,3.234
7008,8.938,3.296
7009,8.922,3.406
7010,9.025,3.446
7011,8.877,3.399
7012,8.838,3.275
7013,8.983,3.296
7014,9.105,3.198
7015,8.879,3.166
7016,8.957,3.170
7017,9.002,3.239
7018,8.821,3.144
7019,8.803,3.215
7020,8.686,3.305
7021,8.627,3.209
7022,8.635,3.172
7023,8.598,3.293
7024,8.644,3.297
7025,8.698,3.239
7026,8.608,3.139
7027,8.643,3.257
7028,8.745,3.427
7029,8.907,3.493
7030,8.756,3.455
7031,8.709,3.390
7032,8.666,3.321
7033,8.480,3.107
7034,8.459,3.221
7035,8.581,3.290
7036,8.729,3.270
7037,8.578,3.175
7038,8.453,3.133
7039,8.538,3.328
7040,8.511,3.237
7041,8.507,3.253
7042,8.382,3.206
7043,8.528,3.271
7044,8.479,3.225
7045,8.627,3.204
7046,8.637,3.137
7047,8.597,3.153
7048,8.700,3.189
7049,8.697,3.159
7050,8.384,3.175
7051,8.375,3.186
7052,8.441,3.334
7053,8.459,3.264
7054,8.355,3.248
7055,8.441,3.302
7056,8.369,3.094
7057,8.454,3.093
7058,8.368,3.029
7059,8.501,3.145
7060,8.558,3.117
7061,8.461,3.158
7062,8.542,3.094
7063,8.584,3.085
7064,8.543,3.261
7065,8.393,3.136
7066,8.349,3.130
7067,8.325,3.066
7068,8.276,3.037
7069,8.321,2.987
7070,8.402,3.075
7071,8.356,3.105
7072,8.405,3.148
7073,8.406,3.090
7074,8.410,3.174
7075,8.384,3.180
7076,8.430,3.265
7077,8.429,3.294
7078,8.384,3.360
7079,8.474,3.220
7080,8.373,3.070
7081,8.421,3.175
7082,8.482,3.233
7083,8.575,3.237
7084,8.553,3.114
7085,8.517,3.066
7086,8.519,2.971
7087,8.551,3.075
7088,8.648,3.123
7089,8.534,3.168
7090,8.551,3.112
7091,8.556,3.002
7092,8.517,3.131
7093,8.655,3.287
7094,8.720,3.287
7095,8.899,3.416
7096,8.951,3.346
7097,8.845,3.358
7098,8.831,3.350
7099,8.827,3.205
7100,8.932,3.281
7101,9.113,3.295
7102,8.978,3.211
7103,8.994,3.289
7104,8.959,3.230
7105,9.150,3.393
7106,9.050,3.354
7107,8.897,3.376
7108,8.859,3.274
7109,8.731,3.113
7110,8.619,3.025
7111,8.644,3.093
7112,8.500,3.015
7113,8.604,3.162
7114,8.524,3.055
7115,8.756,3.221
7116,8.786,3.148
7117,8.788,3.359
7118,8.754,3.259
7119,8.736,3.396
7120,8.699,3.291
7121,8.626,3.335
7122,8.695,3.458
7123,8.754,3.509
7124,8.523,3.463
7125,8.739,3.337
7126,8.631,3.476
7127,8.673,3.367
7128,8.631,3.335
7129,8.756,3.322
7130,8.668,3.270
7131,8.715,3.261
7132,8.669,3.267
7133,8.880,3.369
7134,8.691,3.328
7135,8.717,3.341
7136,8.615,3.298
7137,8.717,3.247
7138,8.764,3.285
7139,8.671,3.189
7140,8.512,3.223
7141,8.597,3.156
7142,8.636,3.216
7143,8.615,3.113
7144,8.470,3.078
7145,8.588,3.231
7146,8.467,3.068
7147,8.588,3.115
7148,8.630,3.169
7149,8.579,3.046
7150,8.662,3.167
7151,8.619,3.044
7152,8.573,3.108
7153,8.465,3.063
7154,8.571,3.242
7155,8.503,3.098
7156,8.599,3.167
7157,8.425,3.170
7158,8.493,3.108
7159,8.475,3.117
7160,8.541,3.124
7161,8.622,3.211
7162,8.626,3.147
7163,8.712,3.269
7164,8.579,3.323
7165,8.631,3.251
7166,8.725,3.231
7167,8.624,3.140
7168,8.726,3.194
7169,8.755,3.272
7170,8.704,3.133
7171,8.777,3.238
7172,8.765,3.215
7173,8.592,3.210
7174,8.441,3.181
7175,8.575,3.152
7176,8.526,3.029
7177,8.529,2.996
7178,8.547,2.983
7179,8.694,2.980
7180,8.624,2.975
7181,8.564,3.047
7182,8.615,3.062
7183,8.578,2.953
7184,8.676,3.148
7185,8.856,3.111
7186,8.665,3.056
7187,8.735,3.149
7188,8.780,3.025
7189,8.837,3.090
7190,8.975,3.072
7191,8.930,3.145
7192,8.889,3.254
7193,8.966,3.249
7194,8.878,3.307
7195,8.815,3.175
7196,8.811,3.249
7197,8.769,3.316
7198,8.960,3.318
7199,8.953,3.264
7200,8.898,3.301
7201,8.967,3.337
7202,8.799,3.180
7203,8.793,3.210
7204,8.686,3.155
7205,8.618,3.087
7206,8.722,3.138
7207,8.708,3.135
7208,8.782,3.206
7209,8.938,3.361
7210,8.897,3.218
7211,8.928,3.172
7212,8.834,3.209
7213,8.871,3.265
7214,8.867,3.311
7215,8.755,3.305
7216,8.827,3.404
7217,8.982,3.448
7218,8.830,3.294
7219,8.870,3.347
7220,8.970,3.263
7221,8.867,3.332
7222,8.859,3.345
7223,8.850,3.291
7224,8.787,3.293
7225,8.771,3.220
7226,8.832,3.351
7227,8.901,3.303
7228,8.771,3.305
7229,8.638,3.265
7230,8.669,3.250
7231,8.643,3.295
7232,8.555,3.202
7233,8.622,3.208
7234,8.734,3.259
7235,8.770,3.324
7236,8.749,3.304
7237,8.754,3.318
7238,8.899,3.258
7239,8.750,3.331
7240,8.932,3.350
7241,8.887,3.293
7242,8.890,3.283
7243,8.926,3.351
7244,9.040,3.322
7245,8.901,3.251
7246,8.937,3.315
7247,9.020,3.370
7248,9.005,3.369
7249,9.084,3.423
7250,9.113,3.494
7251,9.074,3.459
7252,8.996,3.374
7253,9.127,3.404
7254,9.135,3.414
7255,9.093,3.376
7256,9.092,3.421
7257,9.151,3.437
7258,9.261,3.328
7259,9.117,3.346
7260,9.038,3.372
7261,9.014,3.465
7262,8.942,3.311
7263,8.762,3.224
7264,8.844,3.369
7265,8.931,3.307
7266,8.845,3.279
7267,8.693,3.182
7268,8.692,3.163
7269,8.668,3.159
7270,8.598,3.221
7271,8.655,3.190
7272,8.706,3.180
7273,8.624,3.105
7274,8.724,3.156
7275,8.808,3.057
7276,8.745,3.122
7277,8.879,3.194
7278,8.893,3.133
7279,8.845,3.157
7280,8.988,3.235
7281,8.992,3.170
7282,9.046,3.215
7283,9.114,3.049
7284,8.935,3.168
7285,8.956,3.079
7286,8.992,3.176
7287,9.017,3.084
7288,9.072,3.164
7289,9.144,3.190
7290,8.969,3.230
7291,8.958,3.214
7292,8.850,3.111
7293,8.976,3.150
7294,9.036,3.118
7295,9.193,3.324
7296,9.138,3.148
7297,8.978,3.133
7298,8.910,3.195
7299,9.004,3.300
7300,8.820,3.253
7301,8.851,3.240
7302,8.841,3.237
7303,8.764,3.279
7304,8.854,3.265
7305,9.129,3.348
7306,9.061,3.297
7307,9.066,3.278
7308,9.148,3.353
7309,9.158,3.358
7310,9.069,3.403
7311,8.973,3.121
7312,8.863,3.257
7313,9.015,3.258
7314,8.870,3.180
7315,8.913,3.162
7316,8.976,3.276
7317,8.956,3.182
7318,8.865,3.156
7319,8.757,3.303
7320,8.851,3.221
7321,8.921,3.249
7322,8.956,3.281
7323,8.839,3.375
7324,8.815,3.312
7325,8.914,3.434
7326,8.866,3.296
7327,8.986,3.297
7328,8.943,3.317
7329,8.930,3.318
7330,9.038,3.433
7331,9.053,3.397
7332,8.883,3.291
7333,8.876,3.264
7334,8.867,3.204
7335,8.841,3.147
7336,8.807,3.198
7337,8.832,3.252
7338,8.673,3.158
7339,8.704,3.254
7340,8.757,3.287
7341,8.716,3.222
7342,8.688,3.148
7343,8.682,3.094
7344,8.635,3.085
7345,8.689,3.208
7346,8.639,3.203
7347,8.783,3.136
7348,8.706,3.292
7349,8.751,3.269
7350,8.792,3.253
7351,8.823,3.293
7352,8.722,3.100
7353,8.752,3.218
7354,8.777,3.190
7355,8.792,3.275
7356,8.752,3.254
7357,8.814,3.336
7358,8.732,3.295
7359,8.823,3.327
7360,8.933,3.293
7361,8.890,3.241
7362,8.863,3.300
7363,8.804,3.196
7364,8.971,3.370
7365,8.824,3.220
7366,8.793,3.168
7367,8.868,3.162
7368,8.778,3.202
7369,8.998,3.427
7370,8.929,3.399
7371,9.053,3.298
7372,8.994,3.213
7373,8.946,3.110
7374,9.025,3.300
7375,9.122,3.267
7376,8.949,3.261
7377,8.824,3.162
7378,8.906,3.242
7379,8.864,3.261
7380,8.760,3.228
7381,8.874,3.282
7382,9.025,3.462
7383,8.895,3.370
7384,8.939,3.331
7385,8.949,3.368
7386,8.824,3.202
7387,9.003,3.305
7388,9.140,3.440
7389,9.035,3.353
7390,9.092,3.364
7391,8.953,3.293
7392,8.912,3.310
7393,8.720,3.230
7394,8.881,3.328
7395,8.785,3.278
7396,8.671,3.230
7397,8.756,3.321
7398,8.811,3.408
7399,8.878,3.369
7400,8.856,3.223
7401,8.915,3.220
7402,8.890,3.224
7403,8.947,3.291
7404,8.932,3.220
7405,8.920,3.298
7406,8.807,3.219
7407,8.915,3.263
7408,8.959,3.322
7409,8.898,3.296
7410,9.033,3.299
7411,8.913,3.131
7412,8.941,3.224
7413,8.795,3.186
7414,8.863,3.221
7415,8.851,3.251
7416,8.783,3.229
7417,8.649,3.160
7418,8.691,3.206
7419,8.791,3.294
7420,8.704,3.212
7421,8.621,3.280
7422,8.766,3.259
7423,8.761,3.216
7424,8.781,3.302
7425,8.975,3.377
7426,8.883,3.255
7427,8.937,3.241
7428,9.040,3.277
7429,8.905,3.285
7430,8.847,3.283
7431,8.872,3.253
7432,8.659,3.264
7433,8.628,3.120
7434,8.363,3.080
7435,8.612,3.176
7436,8.498,3.153
7437,8.635,3.099
7438,8.634,3.258
7439,8.533,3.168
7440,8.670,3.186
7441,8.678,3.263
7442,8.745,3.291
7443,8.809,3.307
7444,8.830,3.309
7445,8.755,3.207
7446,8.659,3.206
7447,8.768,3.161
7448,8.801,3.186
7449,8.728,3.192
7450,8.637,3.203
7451,8.684,3.250
7452,8.775,3.188
7453,8.585,3.152
7454,8.587,3.163
7455,8.638,3.172
7456,8.607,3.266
7457,8.662,3.216
7458,8.644,3.183
7459,8.810,3.155
7460,8.892,3.223
7461,8.979,3.235
7462,8.907,3.285
7463,8.917,3.227
7464,9.017,3.360
7465,8.911,3.260
7466,8.841,3.288
7467,8.822,3.383
7468,8.756,3.263
7469,8.885,3.291
7470,8.780,3.201
7471,8.847,3.117
7472,9.035,3.220
7473,9.026,3.255
7474,9.096,3.322
7475,8.941,3.320
7476,8.978,3.381
7477,8.963,3.406
7478,9.141,3.610
7479,9.162,3.437
7480,9.187,3.591
7481,9.172,3.532
7482,9.165,3.520
7483,9.175,3.517
7484,9.087,3.442
7485,9.018,3.362
7486,8.954,3.371
7487,9.036,3.287
7488,8.970,3.383
7489,9.080,3.497
7490,9.092,3.401
7491,9.126,3.481
7492,9.041,3.360
7493,9.063,3.484
7494,9.047,3.411
7495,9.124,3.384
7496,9.302,3.435
7497,9.217,3.473
7498,9.112,3.431
7499,9.097,3.364
7500,9.112,3.355
7501,9.180,3.429
7502,9.181,3.476
7503,9.089,3.401
7504,8.891,3.429
7505,8.987,3.532
7506,8.973,3.559
7507,9.125,3.488
7508,9.137,3.500
7509,9.010,3.524
7510,8.923,3.445
7511,8.835,3.349
7512,8.782,3.203
7513,8.656,3.296
7514,8.700,3.305
7515,8.968,3.410
7516,8.838,3.311
7517,8.833,3.312
7518,8.823,3.264
7519,8.763,3.259
7520,8.649,3.124
7521,8.766,3.206
7522,8.858,3.232
7523,8.829,3.254
7524,8.778,3.125
7525,8.840,3.265
7526,8.757,3.184
7527,8.770,3.294
7528,8.668,3.210
7529,8.690,3.139
7530,8.769,3.247
7531,8.715,3.358
7532,8.793,3.195
7533,8.823,3.180
7534,8.712,3.166
7535,8.731,3.252
7536,8.668,3.090
7537,8.713,3.217
7538,8.705,3.214
7539,8.656,3.139
7540,8.760,3.189
7541,8.703,3.132
7542,8.844,3.141
7543,8.935,3.217
7544,8.857,3.202
7545,8.612,3.101
7546,8.754,3.120
7547,8.739,3.116
7548,8.880,3.163
7549,8.728,3.280
7550,8.633,3.231
7551,8.447,3.168
7552,8.491,3.179
7553,8.334,3.175
7554,8.341,3.071
7555,8.499,3.137
7556,8.573,3.168
7557,8.453,3.108
7558,8.461,3.108
7559,8.554,3.221
7560,8.629,3.207
7561,8.399,3.126
7562,8.417,3.042
7563,8.432,3.037
7564,8.499,3.016
7565,8.457,3.043
7566,8.496,3.088
7567,8.365,2.977
7568,8.302,2.966
7569,8.338,2.982
7570,8.280,2.892
7571,8.398,2.924
7572,8.514,2.967
7573,8.425,3.026
7574,8.554,3.063
7575,8.550,2.994
7576,8.701,3.222
7577,8.753,3.029
7578,8.687,3.019
7579,8.543,2.975
7580,8.735,2.981
7581,8.732,3.012
7582,8.740,3.098
7583,8.738,3.003
7584,8.696,3.019
7585,8.853,2.957
7586,8.758,2.906
7587,8.821,2.934
7588,8.862,2.924
7589,8.994,2.965
7590,8.872,2.924
7591,8.651,2.946
7592,8.704,3.068
7593,8.697,3.032
7594,8.776,3.115
7595,8.635,3.168
7596,8.662,3.237
7597,8.634,3.114
7598,8.580,3.052
7599,8.517,3.072
7600,8.489,2.997
7601,8.445,3.106
7602,8.390,3.016
7603,8.464,3.173
7604,8.633,3.290
7605,8.714,3.264
7606,8.634,3.267
7607,8.790,3.336
7608,8.667,3.290
7609,8.588,3.175
7610,8.594,3.184
7611,8.814,3.213
7612,8.868,3.230
7613,8.826,3.190
7614,8.815,3.284
7615,8.914,3.253
7616,8.774,3.298
7617,8.910,3.345
7618,8.853,3.304
7619,8.664,3.278
7620,8.641,3.258
7621,8.612,3.163
7622,8.595,3.121
7623,8.680,3.117
7624,8.779,3.128
7625,8.744,3.216
7626,8.801,3.118
7627,8.949,3.169
7628,8.803,3.115
7629,8.936,3.135
7630,8.676,3.001
7631,8.778,3.175
7632,8.625,3.107
7633,8.597,3.336
7634,8.469,3.167
7635,8.609,3.301
7636,8.596,3.355
7637,8.649,3.347
7638,8.630,3.265
7639,8.630,3.185
7640,8.532,3.316
7641,8.397,3.317
7642,8.561,3.315
7643,8.448,3.259
7644,8.538,3.173
7645,8.581,3.099
7646,8.550,3.217
7647,8.434,3.107
7648,8.518,3.231
7649,8.439,3.193
7650,8.407,3.087
7651,8.398,3.155
7652,8.471,3.185
7653,8.433,3.046
7654,8.494,3.134
7655,8.633,3.132
7656,8.557,3.169
7657,8.465,3.145
7658,8.520,3.197
7659,8.552,3.281
7660,8.479,3.246
7661,8.647,3.232
7662,8.682,3.349
7663,8.633,3.361
7664,8.612,3.282
7665,8.722,3.333
7666,8.801,3.366
7667,8.684,3.382
7668,8.868,3.362
7669,8.734,3.402
7670,8.693,3.251
7671,8.662,3.200
7672,8.631,3.294
7673,8.611,3.214
7674,8.722,3.236
7675,8.686,3.207
7676,8.603,3.256
7677,8.489,3.170
7678,8.571,3.226
7679,8.588,3.258
7680,8.684,3.266
7681,8.820,3.302
7682,8.790,3.228
7683,8.773,3.315
7684,8.688,3.256
7685,8.686,3.276
7686,8.639,3.290
7687,8.656,3.282
7688,8.712,3.346
7689,8.608,3.229
7690,8.704,3.179
7691,8.649,3.146
7692,8.574,3.100
7693,8.618,3.159
7694,8.720,3.164
7695,8.801,3.190
7696,8.727,3.140
7697,8.722,3.132
7698,8.693,3.083
7699,8.705,3.166
7700,8.767,3.153
7701,8.682,3.139
7702,8.553,3.004
7703,8.506,3.043
7704,8.480,3.087
7705,8.490,3.089
7706,8.334,3.162
7707,8.253,3.059
7708,8.323,2.984
7709,8.286,3.031
7710,8.315,2.938
7711,8.459,3.114
7712,8.340,3.093
7713,8.468,3.103
7714,8.368,3.047
7715,8.310,3.001
7716,8.530,2.985
7717,8.372,3.054
7718,8.355,3.036
7719,8.598,2.995
7720,8.389,2.923
7721,8.564,2.996
7722,8.677,2.918
7723,8.686,2.993
7724,8.535,3.187
7725,8.587,3.093
7726,8.609,3.226
7727,8.599,3.131
7728,8.647,3.201
7729,8.654,3.372
7730,8.606,3.419
7731,8.670,3.416
7732,8.463,3.378
7733,8.580,3.354
7734,8.524,3.311
7735,8.427,3.314
7736,8.644,3.386
7737,8.678,3.326
7738,8.557,3.206
7739,8.672,3.296
7740,8.549,3.141
7741,8.486,3.095
7742,8.492,3.112
7743,8.559,2.972
7744,8.649,3.053
7745,8.766,3.209
7746,8.544,3.068
7747,8.608,3.029
7748,8.630,3.215
7749,8.644,3.179
7750,8.631,3.338
7751,8.741,3.335
7752,8.546,3.172
7753,8.572,3.236
7754,8.531,3.182
7755,8.566,3.177
7756,8.574,3.159
7757,8.474,3.108
7758,8.552,3.230
7759,8.494,3.156
7760,8.540,3.112
7761,8.527,3.149
7762,8.743,3.383
7763,8.715,3.317
7764,8.628,3.294
7765,8.518,3.390
7766,8.536,3.413
7767,8.384,3.399
7768,8.472,3.414
7769,8.313,3.209
7770,8.242,3.268
7771,8.335,3.278
7772,8.261,3.212
7773,8.329,3.259
7774,8.365,3.317
7775,8.295,3.168
7776,8.275,3.017
7777,8.354,3.157
7778,8.460,3.320
7779,8.494,3.201
7780,8.596,3.247
7781,8.533,3.342
7782,8.587,3.352
7783,8.521,3.288
7784,8.424,3.250
7785,8.624,3.061
7786,8.563,3.139
7787,8.423,3.265
7788,8.408,3.172
7789,8.525,3.251
7790,8.507,3.090
7791,8.655,3.199
7792,8.581,3.145
7793,8.638,3.190
7794,8.499,3.132
7795,8.450,3.186
7796,8.370,3.167
7797,8.341,3.189
7798,8.341,3.181
7799,8.384,3.031
7800,8.411,3.169
7801,8.396,3.065
7802,8.364,3.126
7803,8.449,3.157
7804,8.499,3.195
7805,8.651,3.089
7806,8.455,3.128
7807,8.483,3.096
7808,8.426,3.028
7809,8.462,3.006
7810,8.554,3.054
7811,8.532,3.022
7812,8.519,3.002
7813,8.733,3.038
7814,8.613,2.990
7815,8.640,3.122
7816,8.658,3.131
7817,8.614,3.051
7818,8.711,3.070
7819,8.591,3.018
7820,8.485,3.118
7821,8.709,3.145
7822,8.703,3.219
7823,8.703,3.175
7824,8.587,3.147
7825,8.708,3.189
7826,8.510,3.156
7827,8.666,3.233
7828,8.779,3.311
7829,8.712,3.207
7830,8.603,3.109
7831,8.326,3.084
7832,8.667,3.254
7833,8.682,3.241
7834,8.798,3.317
7835,8.710,3.247
7836,8.565,3.030
7837,8.629,3.010
7838,8.587,3.091
7839,8.380,3.049
7840,8.452,3.075
7841,8.414,3.089
7842,8.660,3.218
7843,8.510,3.151
7844,8.527,3.127
7845,8.661,3.175
7846,8.480,3.180
7847,8.587,3.189
7848,8.595,3.090
7849,8.554,3.112
7850,8.453,3.017
7851,8.504,3.097
7852,8.610,3.142
7853,8.645,3.058
7854,8.783,3.088
7855,8.638,3.087
7856,8.670,3.003
7857,8.589,3.048
7858,8.595,3.099
7859,8.554,2.986
7860,8.565,2.928
7861,8.507,2.909
7862,8.539,2.909
7863,8.582,3.024
7864,8.617,2.872
7865,8.779,3.046
7866,8.673,2.979
7867,8.538,2.940
7868,8.512,3.008
7869,8.633,3.027
7870,8.673,2.995
7871,8.470,2.971
7872,8.588,2.958
7873,8.590,3.055
7874,8.737,3.136
7875,8.583,3.106
7876,8.637,3.159
7877,8.568,2.989
7878,8.725,3.101
7879,8.887,3.045
7880,8.881,3.133
7881,8.651,3.009
7882,8.844,3.085
7883,8.785,3.146
7884,8.632,3.086
7885,8.503,3.007
7886,8.627,3.004
7887,8.649,2.942
7888,8.840,3.037
7889,8.889,3.076
7890,8.811,3.111
7891,8.806,3.158
7892,8.919,3.116
7893,8.893,3.230
7894,8.808,3.199
7895,8.921,3.237
7896,8.942,3.108
7897,8.855,3.213
7898,8.745,3.130
7899,8.583,3.149
7900,8.848,3.215
7901,8.720,3.084
7902,8.747,3.091
7903,8.872,3.187
7904,8.830,3.272
7905,8.969,3.257
7906,8.756,3.093
7907,8.788,3.219
7908,8.619,3.141
7909,8.489,3.037
7910,8.652,3.112
7911,8.613,3.149
7912,8.701,3.136
7913,8.715,3.047
7914,8.829,3.078
7915,8.799,3.057
7916,8.760,3.099
7917,8.986,3.193
7918,8.911,3.303
7919,8.852,3.194
7920,8.773,3.117
7921,8.852,3.218
7922,8.869,3.138
7923,8.775,3.080
7924,8.844,3.202
7925,8.758,3.122
7926,8.725,3.081
7927,8.925,3.145
7928,8.975,3.192
7929,8.933,3.154
7930,8.995,3.182
7931,8.983,3.150
7932,8.972,3.168
7933,8.929,3.150
7934,8.811,3.183
7935,8.859,3.100
7936,8.758,3.107
7937,8.937,3.175
7938,8.846,3.105
7939,8.914,3.061
7940,8.816,3.097
7941,8.722,3.062
7942,8.724,2.933
7943,8.700,2.920
7944,8.610,2.905
7945,8.577,3.001
7946,8.538,2.966
7947,8.584,2.960
7948,8.521,3.035
7949,8.604,3.033
7950,8.535,2.863
7951,8.608,2.883
7952,8.466,2.868
7953,8.546,2.919
7954,8.550,2.907
7955,8.470,2.991
7956,8.382,2.805
7957,8.457,2.838
7958,8.647,2.965
7959,8.683,2.839
7960,8.610,2.862
7961,8.602,2.851
7962,8.670,2.801
7963,8.372,2.847
7964,8.505,2.863
7965,8.511,2.965
7966,8.527,2.977
7967,8.374,2.891
7968,8.580,2.862
7969,8.721,2.847
7970,8.751,2.909
7971,8.771,2.844
7972,8.757,2.850
7973,8.724,2.760
7974,8.784,2.842
7975,8.747,2.907
7976,8.757,2.918
7977,8.839,2.946
7978,8.910,2.968
7979,8.872,3.014
7980,8.918,3.012
7981,8.973,3.116
7982,8.808,2.976
7983,8.912,3.046
7984,8.754,3.023
7985,8.853,2.998
7986,8.864,2.931
7987,8.895,3.017
7988,8.920,2.991
7989,8.983,2.998
7990,8.834,2.956
7991,8.979,3.022
7992,9.084,3.145
7993,9.027,3.198
7994,9.044,3.102
7995,8.933,3.107
7996,8.931,3.068
7997,8.885,2.970
7998,8.960,2.979
7999,8.942,2.941
8000,8.848,2.896
8001,8.836,2.854
8002,8.877,2.975
8003,9.010,3.039
8004,9.061,2.947
8005,9.000,2.950
8006,8.908,2.960
8007,8.889,2.974
8008,8.788,2.883
8009,8.853,2.962
8010,8.808,2.909
8011,8.820,3.040
8012,8.714,2.989
8013,8.710,2.962
8014,8.807,2.932
8015,8.771,2.957
8016,8.748,2.953
8017,8.780,3.119
8018,8.769,3.076
8019,8.852,3.060
8020,8.703,3.054
8021,8.480,2.972
8022,8.516,2.995
8023,8.591,3.114
8024,8.600,3.063
8025,8.514,2.990
8026,8.389,2.883
8027,8.473,3.001
8028,8.444,3.037
8029,8.487,2.934
8030,8.545,3.010
8031,8.643,3.174
8032,8.532,3.115
8033,8.587,2.957
8034,8.611,3.053
8035,8.424,3.030
8036,8.461,3.014
8037,8.553,3.019
8038,8.679,3.055
8039,8.497,2.935
8040,8.212,2.889
8041,8.455,2.935
8042,8.408,2.826
8043,8.461,2.891
8044,8.418,2.918
8045,8.392,3.040
8046,8.403,2.961
8047,8.422,2.873
8048,8.484,3.022
8049,8.455,2.972
8050,8.409,2.996
8051,8.584,3.094
8052,8.391,2.901
8053,8.362,2.946
8054,8.463,3.000
8055,8.397,3.021
8056,8.385,2.917
8057,8.376,2.892
8058,8.450,3.008
8059,8.552,2.980
8060,8.684,3.021
8061,8.545,2.997
8062,8.510,3.035
8063,8.233,3.028
8064,8.299,2.991
8065,8.370,3.029
8066,8.466,3.062
8067,8.408,3.094
8068,8.391,3.184
8069,8.338,3.099
8070,8.348,3.003
8071,8.515,3.036
8072,8.451,3.162
8073,8.386,3.098
8074,8.447,3.081
8075,8.452,3.115
8076,8.438,3.076
8077,8.482,3.118
8078,8.457,3.199
8079,8.485,3.094
8080,8.474,3.252
8081,8.435,3.151
8082,8.376,2.960
8083,8.415,3.073
8084,8.512,3.077
8085,8.496,2.914
8086,8.531,3.068
8087,8.610,3.142
8088,8.615,3.128
8089,8.707,3.225
8090,8.607,3.142
8091,8.538,3.067
8092,8.443,3.039
8093,8.354,2.964
8094,8.455,3.046
8095,8.483,3.036
8096,8.507,2.966
8097,8.457,2.987
8098,8.644,3.076
8099,8.545,3.033
8100,8.624,3.108
8101,8.809,3.099
8102,8.704,3.133
8103,8.633,3.070
8104,8.604,3.038
8105,8.519,3.011
8106,8.444,2.975
8107,8.331,2.978
8108,8.491,3.118
8109,8.576,3.063
8110,8.629,2.989
8111,8.626,2.930
8112,8.503,2.913
8113,8.564,2.955
8114,8.636,2.981
8115,8.549,2.940
8116,8.560,2.991
8117,8.569,3.030
8118,8.667,3.196
8119,8.578,3.140
8120,8.526,3.183
8121,8.804,3.224
8122,8.621,3.226
8123,8.493,3.143
8124,8.611,3.260
8125,8.710,3.179
8126,8.771,3.193
8127,8.743,3.107
8128,8.849,3.060
8129,8.719,3.058
8130,8.988,3.029
8131,8.986,3.181
8132,8.745,2.978
8133,8.812,2.965
8134,8.780,2.942
8135,8.791,3.036
8136,8.826,3.040
8137,8.754,3.019
8138,8.747,3.061
8139,8.703,3.024
8140,8.717,2.966
8141,8.617,3.027
8142,8.509,2.978
8143,8.532,2.995
8144,8.596,2.998
8145,8.547,2.959
8146,8.660,3.016
8147,8.852,3.078
8148,8.745,3.050
8149,8.640,3.058
8150,8.667,3.015
8151,8.856,2.989
8152,8.877,2.924
8153,8.703,2.940
8154,8.870,3.019
8155,8.753,2.992
8156,8.752,2.947
8157,8.663,3.011
8158,8.719,3.017
8159,8.685,3.064
8160,8.682,2.840
8161,8.846,3.002
8162,8.890,3.000
8163,8.811,3.078
8164,8.743,3.108
8165,8.785,2.917
8166,8.737,2.939
8167,8.670,2.969
8168,8.750,3.073
8169,8.995,3.017
8170,9.071,3.006
8171,9.018,3.147
8172,8.949,3.225
8173,9.224,3.220
8174,9.173,3.221
8175,9.138,3.240
8176,9.080,3.193
8177,9.029,3.235
8178,9.044,3.196
8179,8.994,3.170
8180,9.019,3.171
8181,8.907,3.068
8182,8.736,3.121
8183,9.022,3.143
8184,9.142,3.206
8185,9.038,3.081
8186,9.145,3.149
8187,9.062,3.172
8188,9.060,3.085
8189,8.995,3.081
8190,8.965,3.003
8191,9.152,3.171
8192,9.037,3.028
8193,8.957,3.174
8194,8.930,3.079
8195,9.226,3.165
8196,9.097,3.036
8197,9.265,3.126
8198,9.017,3.067
8199,9.044,3.103
8200,9.201,3.269
8201,9.049,3.280
8202,8.909,3.101
8203,8.986,3.237
8204,8.931,3.202
8205,8.906,3.235
8206,9.014,3.288
8207,9.024,3.257
8208,9.004,3.129
8209,8.932,3.174
8210,8.839,3.170
8211,8.818,3.183
8212,8.800,3.167
8213,8.800,3.234
8214,8.878,3.167
8215,8.976,3.275
8216,8.816,3.154
8217,8.778,3.214
8218,8.890,3.228
8219,8.798,3.183
8220,9.029,3.125
8221,9.013,3.157
8222,8.961,3.183
8223,9.091,3.173
8224,9.117,3.309
8225,9.264,3.256
8226,9.191,3.231
8227,9.020,3.327
8228,9.143,3.472
8229,9.167,3.355
8230,9.123,3.350
8231,9.082,3.397
8232,9.124,3.432
8233,8.982,3.354
8234,8.905,3.168
8235,9.028,3.293
8236,9.017,3.186
8237,9.139,3.344
8238,8.986,3.346
8239,9.116,3.356
8240,9.080,3.363
8241,9.050,3.357
8242,8.842,3.285
8243,8.675,3.206
8244,8.774,3.221
8245,8.712,3.202
8246,8.714,3.302
8247,8.842,3.335
8248,8.770,3.329
8249,8.830,3.333
8250,8.816,3.260
8251,8.792,3.198
8252,8.856,3.291
8253,8.933,3.363
8254,9.019,3.448
8255,8.963,3.423
8256,8.947,3.322
8257,8.917,3.407
8258,9.065,3.458
8259,9.055,3.393
8260,9.028,3.320
8261,9.045,3.447
8262,9.005,3.330
8263,8.904,3.187
8264,8.936,3.330
8265,8.881,3.245
8266,9.000,3.378
8267,8.965,3.375
8268,8.872,3.337
8269,8.826,3.307
8270,8.877,3.364
8271,8.986,3.470
8272,9.007,3.461
8273,8.974,3.458
8274,9.134,3.507
8275,9.034,3.474
8276,9.137,3.539
8277,9.042,3.518
8278,8.923,3.539
8279,8.999,3.561
8280,9.023,3.575
8281,9.155,3.579
8282,9.095,3.495
8283,9.044,3.500
8284,9.019,3.577
8285,9.057,3.454
8286,8.987,3.418
8287,8.985,3.421
8288,8.991,3.326
8289,9.008,3.404
8290,9.111,3.330
8291,8.952,3.432
8292,8.987,3.395
8293,8.950,3.377
8294,9.098,3.363
8295,9.132,3.449
8296,9.013,3.313
8297,8.946,3.312
8298,8.904,3.226
8299,9.068,3.259
8300,9.211,3.311
8301,8.995,3.225
8302,9.092,3.159
8303,9.066,3.279
8304,9.217,3.232
8305,9.297,3.287
8306,9.558,3.526
8307,9.425,3.401
8308,9.566,3.502
8309,9.627,3.589
8310,9.444,3.533
8311,9.256,3.510
8312,9.214,3.496
8313,9.441,3.565
8314,9.449,3.576
8315,9.534,3.507
8316,9.744,3.522
8317,9.683,3.485
8318,9.560,3.499
8319,9.520,3.425
8320,9.365,3.414
8321,9.360,3.375
8322,9.378,3.393
8323,9.485,3.341
8324,9.244,3.224
8325,9.162,3.295
8326,9.223,3.347
8327,9.306,3.275
8328,9.332,3.178
8329,9.320,3.333
8330,9.169,3.284
8331,9.074,3.246
8332,9.050,3.275
8333,8.858,3.231
8334,8.890,3.205
8335,8.926,3.088
8336,8.989,3.197
8337,9.095,3.246
8338,9.067,3.312
8339,8.937,3.173
8340,8.936,3.146
8341,8.991,3.262
8342,9.013,3.235
8343,9.103,3.311
8344,8.981,3.061
8345,8.939,3.168
8346,9.042,3.197
8347,9.117,3.249
8348,8.990,3.103
8349,9.054,3.082
8350,9.060,3.132
8351,9.196,3.271
8352,9.039,3.237
8353,9.109,3.154
8354,9.082,3.153
8355,9.089,3.256
8356,9.067,3.217
8357,9.118,3.237
8358,9.211,3.372
8359,8.957,3.135
8360,8.982,3.084
8361,8.963,3.097
8362,8.992,3.166
8363,9.139,3.171
8364,9.036,3.144
8365,8.991,3.098
8366,8.877,3.066
8367,8.869,3.211
8368,8.979,3.251
8369,9.024,3.204
8370,8.976,3.226
8371,8.923,3.169
8372,8.879,3.172
8373,8.873,3.068
8374,8.900,3.131
8375,8.963,3.148
8376,8.683,3.006
8377,8.653,2.992
8378,8.622,3.069
8379,8.740,3.121
8380,8.726,3.142
8381,8.740,3.016
8382,8.719,3.077
8383,8.727,3.148
8384,8.687,3.011
8385,8.747,3.001
8386,8.833,3.047
8387,8.695,2.995
8388,8.607,2.907
8389,8.673,3.013
8390,8.792,3.006
8391,8.610,2.952
8392,8.597,3.002
8393,8.745,3.025
8394,8.743,3.008
8395,8.648,3.006
8396,8.703,3.015
8397,8.642,3.049
8398,8.801,3.011
8399,8.784,3.147
8400,8.754,3.160
8401,8.648,3.003
8402,8.702,3.060
8403,8.701,3.033
8404,8.784,3.181
8405,8.771,3.129
8406,8.941,3.176
8407,9.172,3.332
8408,9.133,3.326
8409,9.058,3.160
8410,9.080,3.185
8411,9.020,3.242
8412,9.013,3.191
8413,9.004,3.245
8414,9.035,3.234
8415,9.075,3.131
8416,9.229,3.276
8417,8.866,3.065
8418,8.969,3.122
8419,9.147,3.151
8420,9.034,2.997
8421,9.025,3.069
8422,9.118,3.232
8423,8.988,3.100
8424,9.000,3.211
8425,8.996,3.083
8426,8.970,3.150
8427,8.990,3.158
8428,8.866,3.260
8429,8.885,3.307
8430,8.764,3.265
8431,8.680,3.294
8432,8.497,3.202
8433,8.595,3.181
8434,8.711,3.195
8435,8.853,3.281
8436,8.952,3.366
8437,8.982,3.337
8438,8.937,3.236
8439,9.045,3.260
8440,9.137,3.362
8441,9.072,3.427
8442,9.084,3.516
8443,8.990,3.310
8444,9.077,3.469
8445,9.087,3.406
8446,9.124,3.572
8447,9.073,3.364
8448,9.108,3.341
8449,9.234,3.393
8450,9.102,3.421
8451,8.971,3.224
8452,9.096,3.334
8453,8.984,3.282
8454,9.028,3.352
8455,8.948,3.283
8456,8.827,3.189
8457,8.861,3.124
8458,8.829,3.165
8459,8.714,3.120
8460,8.730,3.169
8461,8.662,3.078
8462,8.797,3.111
8463,8.675,3.183
8464,8.741,3.001
8465,8.903,3.102
8466,8.699,3.051
8467,8.798,3.146
8468,8.975,3.164
8469,9.158,3.221
8470,8.968,3.246
8471,8.981,3.346
8472,8.924,3.240
8473,8.972,3.255
8474,9.014,3.240
8475,8.856,3.298
8476,8.859,3.289
8477,8.845,3.225
8478,8.794,3.173
8479,9.007,3.252
8480,8.777,3.096
8481,8.690,3.135
8482,8.868,3.294
8483,8.882,3.140
8484,8.865,3.179
8485,8.881,3.248
8486,8.555,3.164
8487,8.728,3.076
8488,8.789,3.087
8489,8.610,3.142
8490,8.530,3.231
8491,8.792,3.223
8492,8.624,3.059
8493,8.764,3.076
8494,8.663,3.189
8495,8.735,3.105
8496,8.944,3.152
8497,8.728,3.068
8498,8.789,3.035
8499,8.830,3.080
8500,8.820,3.066
8501,8.813,3.129
8502,8.636,3.079
8503,8.668,3.124
8504,8.648,3.126
8505,8.674,3.205
8506,8.602,3.116
8507,8.758,3.167
8508,8.745,3.203
8509,8.737,3.127
8510,8.545,3.173
8511,8.594,3.087
8512,8.647,3.177
8513,8.655,3.124
8514,8.661,3.188
8515,8.854,3.183
8516,8.964,3.281
8517,8.758,3.074
8518,8.716,3.039
8519,8.751,3.031
8520,8.760,3.185
8521,8.809,3.189
8522,8.943,3.204
8523,8.837,3.159
8524,8.556,3.075
8525,8.468,3.042
8526,8.569,3.100
8527,8.700,3.044
8528,8.768,3.101
8529,8.674,3.114
8530,8.693,3.105
8531,8.688,3.125
8532,8.543,3.135
8533,8.471,3.119
8534,8.543,3.049
8535,8.616,3.210
8536,8.555,3.166
8537,8.415,3.063
8538,8.624,3.138
8539,8.498,3.075
8540,8.584,3.008
8541,8.379,3.013
8542,8.475,3.054
8543,8.563,3.225
8544,8.475,3.112
8545,8.490,3.061
8546,8.612,3.101
8547,8.635,3.195
8548,8.551,3.006
8549,8.587,3.036
8550,8.500,3.047
8551,8.416,2.978
8552,8.417,2.973
8553,8.395,3.060
8554,8.518,3.106
8555,8.608,3.236
8556,8.396,3.103
8557,8.499,3.092
8558,8.633,3.087
8559,8.423,3.117
8560,8.517,3.089
8561,8.571,3.067
8562,8.444,3.123
8563,8.418,3.262
8564,8.421,3.079
8565,8.361,3.111
8566,8.397,2.985
8567,8.555,3.135
8568,8.522,3.157
8569,8.476,3.137
8570,8.338,3.083
8571,8.349,3.047
8572,8.326,3.144
8573,8.508,3.271
8574,8.437,3.168
8575,8.389,3.318
8576,8.448,3.155
8577,8.409,3.205
8578,8.461,3.074
8579,8.583,3.164
8580,8.571,3.110
8581,8.556,3.049
8582,8.632,2.976
8583,8.646,3.114
8584,8.575,3.060
8585,8.519,3.028
8586,8.707,3.167
8587,8.540,3.190
8588,8.680,3.239
8589,8.705,3.107
8590,8.838,3.136
8591,8.796,3.129
8592,8.700,3.182
8593,8.657,3.075
8594,8.586,3.114
8595,8.648,3.210
8596,8.745,3.153
8597,8.769,3.138
8598,8.662,3.130
8599,8.806,3.194
8600,8.799,3.097
8601,8.874,3.079
8602,8.781,3.139
8603,8.755,3.209
8604,8.731,3.158
8605,8.619,3.094
8606,8.560,3.066
8607,8.882,3.171
8608,8.759,3.203
8609,9.003,3.402
8610,9.076,3.316
8611,9.045,3.243
8612,8.845,3.276
8613,8.941,3.235
8614,9.020,3.274
8615,9.078,3.260
8616,9.170,3.398
8617,8.986,3.302
8618,8.841,3.232
8619,8.615,3.158
8620,8.639,3.030
8621,8.582,3.031
8622,8.621,3.029
8623,8.702,3.023
8624,8.663,2.992
8625,8.580,3.001
8626,8.594,3.086
8627,8.485,3.058
8628,8.452,3.029
8629,8.565,2.983
8630,8.603,2.960
8631,8.708,2.992
8632,8.703,3.060
8633,8.688,3.128
8634,8.598,3.059
8635,8.607,3.061
8636,8.582,2.994
8637,8.741,3.058
8638,8.763,3.162
8639,8.760,3.063
8640,8.745,3.110
8641,8.660,3.051
8642,8.860,3.133
8643,8.870,3.059
8644,8.930,3.261
8645,8.793,3.152
8646,8.899,3.088
8647,8.810,3.252
8648,8.778,3.147
8649,8.790,3.199
8650,8.630,3.028
8651,8.688,3.025
8652,8.710,3.008
8653,8.897,3.070
8654,9.004,3.134
8655,8.943,3.199
8656,8.885,3.196
8657,8.663,3.193
8658,8.671,3.202
8659,8.929,3.318
8660,8.948,3.297
8661,8.901,3.345
8662,8.855,3.227
8663,8.811,3.318
8664,8.920,3.366
8665,9.021,3.344
8666,8.984,3.310
8667,9.076,3.382
8668,9.187,3.351
8669,9.266,3.284
8670,8.924,3.050
8671,9.051,3.156
8672,9.222,3.192
8673,9.151,3.183
8674,9.004,3.183
8675,9.009,3.176
8676,8.942,3.098
8677,8.968,3.147
8678,8.889,3.128
8679,8.949,3.169
8680,9.042,3.189
8681,8.847,3.108
8682,8.821,3.167
8683,8.996,3.211
8684,8.993,3.115
8685,8.833,3.034
8686,8.958,3.093
8687,8.849,3.133
8688,8.808,3.138
8689,8.730,3.239
8690,8.719,3.053
8691,8.753,3.131
8692,8.725,3.093
8693,8.716,3.126
8694,8.658,3.126
8695,8.499,3.122
8696,8.619,3.078
8697,8.629,3.136
8698,8.828,3.263
8699,8.868,3.258
8700,8.861,3.247
8701,8.840,3.204
8702,8.757,3.161
8703,8.645,3.243
8704,8.846,3.311
8705,8.860,3.295
8706,8.962,3.357
8707,9.075,3.341
8708,9.003,3.507
8709,8.802,3.454
8710,8.633,3.337
8711,8.720,3.436
8712,8.559,3.270
8713,8.759,3.298
8714,8.740,3.327
8715,8.504,3.167
8716,8.548,3.173
8717,8.482,3.146
8718,8.643,3.135
8719,8.602,3.276
8720,8.471,3.232
8721,8.461,3.205
8722,8.608,3.393
8723,8.567,3.259
8724,8.548,3.259
8725,8.769,3.343
8726,8.582,3.320
8727,8.482,3.264
8728,8.550,3.229
8729,8.541,3.267
8730,8.602,3.291
8731,8.519,3.150
8732,8.474,3.132
8733,8.604,3.124
8734,8.397,3.226
8735,8.384,3.218
8736,8.405,3.063
8737,8.575,3.171
8738,8.433,3.179
8739,8.455,3.097
8740,8.438,3.159
8741,8.430,3.148
8742,8.337,3.168
8743,8.378,3.110
8744,8.432,3.104
8745,8.426,3.023
8746,8.452,3.031
8747,8.538,3.058
8748,8.601,3.048
8749,8.725,3.140
8750,8.696,3.146
8751,8.669,3.093
8752,8.619,3.138
8753,8.766,3.089
8754,8.740,3.087
8755,8.827,3.024
8756,8.677,2.992
8757,8.801,3.102
8758,8.853,3.234
8759,8.800,3.127
8760,8.771,3.162
8761,8.735,3.171
8762,8.894,3.212
8763,8.800,3.178
8764,8.855,3.192
8765,8.856,3.223
8766,8.706,3.155
8767,8.723,3.259
8768,8.952,3.472
8769,8.928,3.317
8770,8.944,3.276
8771,8.926,3.355
8772,8.884,3.344
8773,8.893,3.291
8774,8.702,3.284
8775,8.756,3.327
8776,8.751,3.157
8777,8.767,3.156
8778,8.776,3.167
8779,8.692,3.099
8780,8.792,3.184
8781,8.837,3.204
8782,8.828,3.221
8783,9.008,3.394
8784,8.953,3.345
8785,8.800,3.295
8786,9.008,3.374
8787,8.856,3.346
8788,8.923,3.373
8789,8.802,3.384
8790,8.715,3.388
8791,8.751,3.291
8792,8.746,3.315
8793,8.797,3.270
8794,8.973,3.376
8795,8.901,3.274
8796,8.842,3.203
8797,8.711,3.132
8798,8.582,3.000
8799,8.660,3.125
8800,8.527,3.089
8801,8.524,3.051
8802,8.316,3.032
8803,8.293,3.045
8804,8.381,3.112
8805,8.384,3.172
8806,8.319,3.192
8807,8.214,3.148
8808,8.192,3.136
8809,8.290,3.222
8810,8.333,3.290
8811,8.471,3.434
8812,8.397,3.379
8813,8.397,3.347
8814,8.421,3.313
8815,8.541,3.265
8816,8.503,3.337
8817,8.718,3.427
8818,8.670,3.435
8819,8.680,3.423
8820,8.522,3.302
8821,8.398,3.307
8822,8.515,3.306
8823,8.695,3.309
8824,8.554,3.340
8825,8.534,3.414
8826,8.701,3.476
8827,8.702,3.429
8828,8.663,3.275
8829,8.638,3.395
8830,8.604,3.355
8831,8.709,3.417
8832,8.742,3.266
8833,8.563,3.191
8834,8.687,3.388
8835,8.662,3.277
8836,8.680,3.322
8837,8.756,3.358
8838,8.534,3.400
8839,8.528,3.404
8840,8.727,3.415
8841,8.528,3.341
8842,8.472,3.357
8843,8.554,3.264
8844,8.682,3.306
8845,8.669,3.491
8846,8.546,3.310
8847,8.602,3.271
8848,8.682,3.314
8849,8.423,3.276
8850,8.673,3.329
8851,8.583,3.342
8852,8.616,3.329
8853,8.700,3.356
8854,8.872,3.391
8855,8.715,3.309
8856,8.682,3.241
8857,8.856,3.210
8858,8.727,3.228
8859,8.722,3.264
8860,8.699,3.192
8861,8.838,3.362
8862,8.840,3.280
8863,8.879,3.349
8864,8.967,3.429
8865,8.856,3.326
8866,8.874,3.322
8867,8.862,3.354
8868,8.970,3.330
8869,8.952,3.400
8870,8.913,3.308
8871,8.865,3.268
8872,8.903,3.306
8873,8.954,3.352
8874,8.940,3.330
8875,8.788,3.348
8876,8.836,3.403
8877,8.657,3.311
8878,8.821,3.210
8879,8.820,3.264
8880,8.961,3.331
8881,8.933,3.346
8882,8.989,3.423
8883,8.886,3.375
8884,8.924,3.392
8885,8.997,3.435
8886,9.000,3.460
8887,8.992,3.329
8888,9.018,3.504
8889,8.888,3.439
8890,8.958,3.394
8891,9.000,3.500
8892,8.989,3.548
8893,9.114,3.577
8894,8.999,3.435
8895,8.952,3.379
8896,9.055,3.507
8897,9.006,3.507
8898,8.939,3.515
8899,8.968,3.485
8900,8.932,3.585
8901,8.912,3.480
8902,8.798,3.407
8903,8.831,3.461
8904,8.889,3.363
8905,9.081,3.331
8906,9.043,3.447
8907,8.899,3.337
8908,9.133,3.504
8909,9.097,3.598
8910,8.988,3.486
8911,8.919,3.340
8912,8.980,3.457
8913,9.024,3.498
8914,8.810,3.385
8915,8.971,3.479
8916,8.902,3.547
8917,9.077,3.499
8918,8.927,3.433
8919,8.869,3.370
8920,8.838,3.324
8921,8.977,3.386
8922,8.858,3.243
8923,8.868,3.205
8924,8.746,3.159
8925,8.825,3.298
8926,8.736,3.355
8927,9.014,3.346
8928,8.945,3.369
8929,8.950,3.374
8930,8.966,3.459
8931,8.827,3.400
8932,8.910,3.233
8933,8.965,3.295
8934,8.935,3.248
8935,8.928,3.305
8936,8.974,3.226
8937,9.088,3.376
8938,8.997,3.176
8939,8.865,3.139
8940,8.936,3.289
8941,9.001,3.259
8942,8.956,3.246
8943,9.109,3.373
8944,9.006,3.347
8945,9.038,3.211
8946,8.846,3.214
8947,9.021,3.143
8948,8.976,3.230
8949,9.037,3.180
8950,8.971,3.135
8951,9.020,3.020
8952,8.986,3.157
8953,8.976,3.141
8954,9.015,3.093
8955,9.130,3.062
8956,9.123,3.069
8957,9.160,3.087
8958,8.992,3.083
8959,8.958,3.088
8960,8.877,3.021
8961,8.938,3.083
8962,9.021,3.108
8963,9.052,3.252
8964,9.093,3.159
8965,9.259,3.189
8966,9.129,3.150
8967,9.072,3.302
8968,8.967,3.240
8969,9.078,3.277
8970,9.093,3.371
8971,9.103,3.232
8972,9.133,3.249
8973,9.086,3.321
8974,8.892,3.243
8975,8.796,3.143
8976,8.782,3.140
8977,8.767,3.232
8978,8.885,3.217
8979,8.656,3.186
8980,8.800,3.237
8981,8.758,3.174
8982,8.710,3.187
8983,8.947,3.340
8984,8.619,3.190
8985,8.649,3.143
8986,8.607,3.167
8987,8.617,3.173
8988,8.555,3.074
8989,8.704,3.207
8990,8.680,3.183
8991,8.606,3.207
8992,8.545,3.249
8993,8.640,3.380
8994,8.613,3.394
8995,8.599,3.319
8996,8.653,3.288
8997,8.657,3.261
8998,8.793,3.337
8999,8.738,3.203
9000,8.762,3.208
9001,8.884,3.190
9002,8.796,3.142
9003,8.749,3.163
9004,8.656,3.216
9005,8.563,3.215
9006,8.562,3.162
9007,8.657,3.121
9008,8.679,3.183
9009,8.861,3.302
9010,8.564,3.268
9011,8.636,3.233
9012,8.581,3.072
9013,8.389,3.096
9014,8.582,3.115
9015,8.460,3.043
9016,8.552,3.050
9017,8.487,3.013
9018,8.464,3.002
9019,8.507,2.968
9020,8.457,3.063
9021,8.454,3.109
9022,8.459,2.930
9023,8.509,2.990
9024,8.508,2.987
9025,8.757,3.044
9026,8.752,2.988
9027,8.727,2.967
9028,8.724,3.023
9029,8.714,3.099
9030,8.676,3.068
9031,8.487,3.112
9032,8.357,3.124
9033,8.367,3.104
9034,8.473,3.130
9035,8.374,3.125
9036,8.634,3.141
9037,8.574,3.126
9038,8.594,3.159
9039,8.679,3.132
9040,8.836,3.142
9041,8.991,3.076
9042,8.825,3.086
9043,8.781,3.131
9044,8.752,3.217
9045,8.828,3.295
9046,8.779,3.260
9047,8.797,3.227
9048,8.713,3.215
9049,8.614,3.206
9050,8.845,3.217
9051,8.952,3.298
9052,9.050,3.267
9053,8.967,3.394
9054,8.855,3.271
9055,9.012,3.210
9056,9.031,3.305
9057,9.135,3.319
9058,9.217,3.356
9059,9.203,3.366
9060,9.046,3.304
9061,9.133,3.285
9062,9.081,3.317
9063,9.032,3.285
9064,9.184,3.423
9065,9.231,3.362
9066,9.076,3.277
9067,9.013,3.322
9068,9.039,3.408
9069,8.984,3.481
9070,9.177,3.379
9071,8.997,3.380
9072,8.835,3.420
9073,9.058,3.441
9074,9.048,3.426
9075,8.998,3.381
9076,9.100,3.396
9077,9.058,3.407
9078,8.840,3.464
9079,8.918,3.391
9080,8.960,3.363
9081,8.992,3.521
9082,9.276,3.586
9083,9.193,3.589
9084,9.229,3.575
9085,9.023,3.560
9086,8.901,3.528
9087,8.869,3.534
9088,8.934,3.478
9089,8.941,3.426
9090,8.908,3.389
9091,8.785,3.536
9092,8.733,3.359
9093,8.757,3.422
9094,8.907,3.443
9095,8.764,3.470
9096,8.885,3.417
9097,8.782,3.492
9098,8.806,3.409
9099,8.816,3.323
9100,8.743,3.360
9101,8.645,3.294
9102,8.634,3.315
9103,8.767,3.287
9104,8.798,3.332
9105,8.777,3.363
9106,8.644,3.244
9107,8.608,3.301
9108,8.551,3.271
9109,8.571,3.322
9110,8.576,3.273
9111,8.662,3.212
9112,8.913,3.310
9113,8.711,3.332
9114,8.579,3.366
9115,8.551,3.348
9116,8.597,3.328
9117,8.736,3.320
9118,8.933,3.377
9119,8.908,3.357
9120,9.016,3.301
9121,8.881,3.356
9122,9.009,3.307
9123,9.099,3.410
9124,9.145,3.449
9125,8.936,3.319
9126,9.092,3.348
9127,9.116,3.314
9128,8.913,3.345
9129,9.138,3.391
9130,8.924,3.427
9131,8.813,3.402
9132,8.875,3.310
9133,8.919,3.276
9134,8.952,3.307
9135,9.141,3.379
9136,8.945,3.311
9137,8.982,3.252
9138,8.880,3.320
9139,8.786,3.299
9140,8.970,3.203
9141,8.902,3.228
9142,8.986,3.159
9143,9.116,3.306
9144,9.053,3.201
9145,8.977,3.199
9146,8.880,3.046
9147,9.046,3.166
9148,8.925,3.166
9149,9.078,3.241
9150,9.070,3.205
9151,8.947,3.070
9152,8.964,3.054
9153,8.939,3.116
9154,8.754,3.084
9155,8.878,3.106
9156,8.741,3.133
9157,8.953,3.227
9158,8.966,3.162
9159,8.936,3.200
9160,8.847,3.099
9161,8.978,3.161
9162,8.834,3.181
9163,8.923,3.193
9164,8.733,3.117
9165,9.012,3.237
9166,8.873,3.213
9167,8.862,3.154
9168,8.879,3.189
9169,8.846,3.242
9170,8.918,3.276
9171,8.836,3.290
9172,8.803,3.205
9173,8.885,3.245
9174,8.906,3.296
9175,8.608,3.152
9176,8.561,3.161
9177,8.776,3.257
9178,8.949,3.193
9179,8.973,3.127
9180,8.927,3.164
9181,9.110,3.220
9182,9.047,3.173
9183,9.043,3.225
9184,8.950,3.197
9185,9.042,3.155
9186,9.134,3.292
9187,8.962,3.169
9188,9.041,3.360
9189,9.173,3.231
9190,9.201,3.251
9191,9.081,3.190
9192,9.119,3.279
9193,9.099,3.208
9194,9.186,3.111
9195,9.121,3.142
9196,9.203,3.157
9197,9.246,3.191
9198,9.193,3.129
9199,9.318,3.203
9200,9.314,3.249
9201,9.246,3.303
9202,9.015,3.168
9203,9.174,3.156
9204,8.981,3.121
9205,8.939,3.198
9206,9.029,3.277
9207,9.069,3.258
9208,9.042,3.196
9209,8.945,3.143
9210,9.050,3.224
9211,9.044,3.342
9212,8.861,3.268
9213,8.957,3.222
9214,8.827,3.246
9215,8.868,3.288
9216,8.853,3.322
9217,8.940,3.363
9218,8.994,3.374
9219,8.995,3.467
9220,8.962,3.372
9221,9.029,3.430
9222,9.029,3.427
9223,8.901,3.296
9224,9.107,3.347
9225,9.122,3.431
9226,8.859,3.293
9227,8.966,3.367
9228,9.066,3.510
9229,8.998,3.393
9230,8.830,3.214
9231,8.992,3.216
9232,8.970,3.318
9233,8.711,3.174
9234,8.766,3.252
9235,8.714,3.214
9236,8.694,3.211
9237,8.860,3.292
9238,8.874,3.232
9239,8.746,3.301
9240,8.971,3.234
9241,9.023,3.440
9242,9.095,3.403
9243,9.138,3.376
9244,9.143,3.280
9245,9.086,3.372
9246,8.946,3.308
9247,9.042,3.220
9248,8.936,3.296
9249,8.963,3.278
9250,8.833,3.383
9251,8.806,3.217
9252,8.900,3.194
9253,8.975,3.149
9254,8.871,3.202
9255,8.882,3.180
9256,9.097,3.211
9257,9.007,3.115
9258,8.860,3.000
9259,8.908,3.070
9260,8.854,3.068
9261,8.745,3.106
9262,8.970,3.155
9263,8.898,3.105
9264,8.945,3.048
9265,9.192,3.157
9266,9.095,3.245
9267,8.980,2.994
9268,9.146,3.046
9269,9.206,3.092
9270,9.249,3.262
9271,9.282,3.369
9272,9.177,3.295
9273,9.035,3.203
9274,9.168,3.242
9275,9.000,3.136
9276,9.006,3.152
9277,9.198,3.219
9278,9.075,3.193
9279,9.167,3.261
9280,9.005,3.189
9281,9.036,3.175
9282,8.969,3.222
9283,8.812,3.136
9284,8.716,3.065
9285,8.601,3.058
9286,8.734,3.051
9287,8.777,3.158
9288,8.862,3.072
9289,8.903,3.160
9290,9.039,3.300
9291,8.791,3.170
9292,8.760,3.085
9293,8.855,3.187
9294,8.773,3.139
9295,8.751,3.262
9296,8.573,3.062
9297,8.501,3.127
9298,8.558,3.128
9299,8.727,3.153
9300,8.564,3.118
9301,8.719,3.225
9302,8.731,3.103
9303,8.626,3.114
9304,8.720,3.202
9305,8.664,3.129
9306,8.734,3.093
9307,8.776,3.061
9308,8.790,3.045
9309,8.846,3.152
9310,8.830,3.109
9311,8.958,3.261
9312,8.936,3.223
9313,8.906,3.142
9314,8.920,3.172
9315,8.978,3.190
9316,8.912,3.174
9317,8.816,3.185
9318,8.911,3.184
9319,8.801,3.174
9320,8.840,3.178
9321,8.736,3.138
9322,8.988,3.233
9323,8.971,3.284
9324,8.896,3.297
9325,8.903,3.393
9326,8.859,3.160
9327,9.120,3.384
9328,9.110,3.412
9329,9.128,3.349
9330,9.057,3.249
9331,8.911,3.220
9332,8.979,3.302
9333,8.901,3.362
9334,8.929,3.351
9335,9.048,3.376
9336,8.981,3.368
9337,8.886,3.268
9338,8.742,3.230
9339,8.904,3.321
9340,8.932,3.269
9341,8.820,3.211
9342,8.810,3.194
9343,8.842,3.262
9344,8.857,3.279
9345,8.975,3.299
9346,8.741,3.141
9347,8.821,3.170
9348,9.034,3.206
9349,8.966,3.310
9350,8.915,3.312
9351,9.161,3.412
9352,9.269,3.376
9353,9.327,3.380
9354,9.315,3.365
9355,9.268,3.273
9356,9.211,3.318
9357,9.336,3.407
9358,9.424,3.342
9359,9.391,3.353
9360,9.231,3.325
9361,9.498,3.407
9362,9.460,3.460
9363,9.348,3.496
9364,9.356,3.535
9365,9.123,3.501
9366,9.305,3.524
9367,9.200,3.474
9368,9.265,3.452
9369,9.294,3.396
9370,9.115,3.419
9371,9.205,3.470
9372,9.076,3.434
9373,9.094,3.383
9374,9.268,3.352
9375,9.192,3.328
9376,9.093,3.291
9377,9.239,3.400
9378,9.112,3.315
9379,9.042,3.373
9380,8.962,3.258
9381,8.915,3.195
9382,8.923,3.309
9383,8.885,3.251
9384,8.937,3.286
9385,8.874,3.224
9386,8.954,3.216
9387,8.951,3.242
9388,8.938,3.084
9389,8.975,3.161
9390,8.681,3.039
9391,8.945,3.149
9392,8.815,3.128
9393,8.965,3.217
9394,8.880,3.208
9395,8.910,3.205
9396,8.930,3.290
9397,9.018,3.310
9398,8.915,3.112
9399,8.915,3.106
9400,8.836,3.035
9401,8.837,3.047
9402,8.933,2.946
9403,8.893,2.971
9404,8.907,2.937
9405,8.837,2.962
9406,8.810,3.054
9407,8.609,3.003
9408,8.722,3.026
9409,8.726,2.934
9410,8.687,2.967
9411,8.799,2.945
9412,8.745,2.943
9413,8.632,3.037
9414,8.484,2.965
9415,8.474,2.939
9416,8.633,3.071
9417,8.548,3.065
9418,8.737,3.139
9419,8.726,3.117
9420,8.721,3.174
9421,8.627,3.115
9422,8.606,3.044
9423,8.731,3.136
9424,8.546,2.949
9425,8.647,3.007
9426,8.643,3.035
9427,8.902,3.040
9428,8.944,2.983
9429,8.967,3.018
9430,8.990,3.079
9431,8.961,3.100
9432,8.999,3.098
9433,8.919,3.095
9434,8.940,3.073
9435,8.923,3.164
9436,8.865,3.051
9437,8.879,3.139
9438,8.542,3.111
9439,8.500,2.926
9440,8.560,2.901
9441,8.688,2.943
9442,8.335,2.776
9443,8.316,2.781
9444,8.303,2.779
9445,8.326,2.842
9446,8.538,2.817
9447,8.528,2.773
9448,8.426,2.789
9449,8.501,2.839
9450,8.639,2.897
9451,8.489,2.710
9452,8.612,2.810
9453,8.434,2.803
9454,8.508,2.816
9455,8.462,2.756
9456,8.436,2.736
9457,8.369,2.725
9458,8.468,2.795
9459,8.623,2.872
9460,8.579,2.790
9461,8.479,2.861
9462,8.405,2.798
9463,8.248,2.753
9464,8.462,2.768
9465,8.429,2.714
9466,8.485,2.742
9467,8.444,2.789
9468,8.436,2.815
9469,8.348,2.813
9470,8.288,2.799
9471,8.315,2.841
9472,8.229,2.823
9473,8.120,2.888
9474,8.096,2.738
9475,8.076,2.676
9476,8.264,2.804
9477,8.234,2.826
9478,8.168,2.830
9479,8.185,2.733
9480,8.194,2.712
9481,8.430,2.862
9482,8.261,2.892
9483,8.260,2.914
9484,8.446,2.943
9485,8.351,2.859
9486,8.271,2.853
9487,8.285,2.727
9488,8.492,2.743
9489,8.356,2.723
9490,8.416,2.807
9491,8.378,2.824
9492,8.244,2.871
9493,8.179,2.838
9494,8.213,2.761
9495,8.169,2.679
9496,8.151,2.677
9497,8.218,2.750
9498,8.222,2.651
9499,8.213,2.686
9500,8.067,2.813
9501,8.175,2.792
9502,8.016,2.778
9503,8.273,2.675
9504,8.392,2.788
9505,8.291,2.752
9506,8.091,2.789
9507,8.103,2.646
9508,8.349,2.676
9509,8.263,2.616
9510,8.496,2.711
9511,8.472,2.701
9512,8.565,2.729
9513,8.620,2.718
9514,8.611,2.715
9515,8.583,2.788
9516,8.530,2.752
9517,8.560,2.777
9518,8.609,2.908
9519,8.417,2.870
9520,8.480,2.765
9521,8.429,2.846
9522,8.509,2.802
9523,8.413,2.771
9524,8.341,2.768
9525,8.357,2.771
9526,8.389,2.866
9527,8.310,2.848
9528,8.390,2.695
9529,8.497,2.755
9530,8.430,2.724
9531,8.307,2.755
9532,8.337,2.797
9533,8.333,2.793
9534,8.284,2.768
9535,8.250,2.778
9536,8.425,2.935
9537,8.220,2.778
9538,8.187,2.724
9539,8.086,2.725
9540,8.198,2.826
9541,8.317,2.843
9542,8.370,2.805
9543,8.219,2.737
9544,8.255,2.651
9545,8.246,2.724
9546,8.310,2.676
9547,8.503,2.802
9548,8.463,2.790
9549,8.428,2.745
9550,8.385,2.795
9551,8.600,2.776
9552,8.694,2.942
9553,8.534,2.835
9554,8.450,2.830
9555,8.437,2.842
9556,8.425,2.854
9557,8.508,2.803
9558,8.371,2.883
9559,8.448,2.865
9560,8.314,2.896
9561,8.327,2.775
9562,8.316,2.819
9563,8.384,2.838
9564,8.372,2.827
9565,8.391,2.847
9566,8.443,2.886
9567,8.543,2.888
9568,8.647,2.892
9569,8.603,2.918
9570,8.671,2.866
9571,8.534,2.816
9572,8.479,2.784
9573,8.317,2.777
9574,8.447,2.863
9575,8.455,2.852
9576,8.233,2.801
9577,8.232,2.857
9578,8.402,2.843
9579,8.444,2.862
9580,8.409,2.771
9581,8.277,2.868
9582,8.529,2.811
9583,8.369,2.743
9584,8.473,2.718
9585,8.284,2.783
9586,8.474,2.894
9587,8.456,2.750
9588,8.305,2.809
9589,8.456,2.918
9590,8.515,2.912
9591,8.322,2.803
9592,8.373,2.892
9593,8.553,2.860
9594,8.547,2.890
9595,8.362,2.860
9596,8.375,2.864
9597,8.326,2.882
9598,8.346,2.939
9599,8.453,2.863
9600,8.431,2.940
9601,8.566,2.963
9602,8.516,2.910
9603,8.407,2.893
9604,8.605,3.031
9605,8.532,2.882
9606,8.449,2.836
9607,8.445,2.864
9608,8.593,2.978
9609,8.595,3.018
9610,8.605,2.941
9611,8.458,2.999
9612,8.430,2.915
9613,8.296,2.858
9614,8.432,2.820
9615,8.420,2.858
9616,8.495,2.812
9617,8.417,2.856
9618,8.654,2.858
9619,8.605,2.955
9620,8.674,3.080
9621,8.786,3.054
9622,8.828,3.009
9623,8.708,2.954
9624,8.562,2.916
9625,8.682,2.910
9626,8.715,2.919
9627,8.677,2.940
9628,8.604,2.954
9629,8.615,3.014
9630,8.772,2.981
9631,8.852,3.076
9632,8.704,2.950
9633,8.770,3.068
9634,8.757,3.039
9635,8.796,3.009
9636,8.910,3.070
9637,9.069,3.161
9638,9.131,3.190
9639,9.069,3.138
9640,9.105,3.052
9641,8.895,2.948
9642,8.842,3.019
9643,9.014,3.035
9644,8.990,3.017
9645,8.851,2.947
9646,8.776,3.031
9647,8.911,2.989
9648,8.989,2.992
9649,9.012,2.939
9650,9.082,2.955
9651,9.220,3.089
9652,9.092,3.016
9653,9.303,3.144
9654,9.235,3.088
9655,9.308,3.080
9656,9.450,3.217
9657,9.351,3.142
9658,9.194,3.099
9659,9.161,3.053
9660,9.287,3.006
9661,9.194,3.085
9662,9.482,3.266
9663,9.316,3.174
9664,9.216,3.011
9665,9.335,3.118
9666,9.228,3.046
9667,9.297,3.076
9668,9.152,3.050
9669,8.852,2.913
9670,9.191,3.047
9671,9.130,3.019
9672,9.283,3.147
9673,9.263,3.106
9674,9.151,2.955
9675,9.228,2.930
9676,9.170,3.040
9677,9.211,2.947
9678,9.141,2.841
9679,9.071,2.952
9680,8.939,2.977
9681,8.958,2.916
9682,9.150,2.995
9683,9.190,2.989
9684,9.167,2.899
9685,9.148,2.930
9686,9.170,2.949
9687,9.313,3.011
9688,9.183,2.946
9689,9.106,2.949
9690,8.974,2.954
9691,8.843,3.008
9692,8.717,2.925
9693,8.797,2.877
9694,8.692,2.866
9695,8.652,2.866
9696,8.729,2.952
9697,8.668,2.942
9698,8.845,2.984
9699,8.782,2.996
9700,8.880,3.040
9701,8.909,2.983
9702,8.960,2.953
9703,9.010,2.948
9704,8.887,2.954
9705,9.114,2.967
9706,9.286,2.992
9707,9.132,2.807
9708,9.128,2.904
9709,9.113,3.009
9710,8.916,2.887
9711,8.820,3.040
9712,9.056,2.989
9713,8.950,3.004
9714,9.074,3.079
9715,9.327,3.080
9716,9.367,3.001
9717,9.337,3.030
9718,9.275,3.098
9719,9.131,3.070
9720,9.253,3.145
9721,9.319,3.140
9722,9.329,3.191
9723,9.256,3.116
9724,9.207,3.122
9725,9.125,3.014
9726,9.164,3.009
9727,9.062,3.055
9728,8.873,2.979
9729,9.023,3.047
9730,9.006,3.039
9731,8.933,3.062
9732,8.898,3.031
9733,9.020,3.043
9734,8.965,2.994
9735,9.081,2.947
9736,9.043,2.973
9737,9.018,2.951
9738,8.998,2.982
9739,9.107,2.936
9740,9.009,2.922
9741,8.818,2.834
9742,8.932,2.847
9743,9.014,3.020
9744,9.187,3.113
9745,9.168,3.018
9746,9.074,3.033
9747,8.867,3.066
9748,8.879,3.004
9749,8.951,3.005
9750,9.095,2.950
9751,9.089,3.112
9752,9.092,3.070
9753,9.006,2.877
9754,9.014,2.997
9755,9.024,2.982
9756,8.920,2.989
9757,9.003,3.069
9758,9.113,3.052
9759,8.913,2.942
9760,9.070,3.111
9761,9.191,3.027
9762,9.164,3.123
9763,8.967,2.971
9764,8.820,3.015
9765,8.983,3.008
9766,9.075,3.126
9767,8.973,3.128
9768,9.046,3.044
9769,8.850,2.956
9770,8.928,2.941
9771,8.945,2.943
9772,8.987,2.871
9773,8.929,2.864
9774,8.809,2.890
9775,8.861,2.839
9776,8.993,2.957
9777,8.923,2.949
9778,9.058,3.026
9779,8.979,2.942
9780,9.153,2.939
9781,9.163,3.010
9782,9.138,3.067
9783,9.064,2.987
9784,9.156,3.194
9785,9.106,3.138
9786,9.019,3.061
9787,9.110,3.065
9788,9.084,3.095
9789,8.994,2.894
9790,9.018,2.979
9791,9.054,2.900
9792,9.120,2.935
9793,9.075,2.915
9794,8.878,2.924
9795,8.994,3.070
9796,8.883,3.050
9797,8.887,3.008
9798,8.904,3.068
9799,9.225,3.154
9800,9.223,3.119
9801,9.085,3.109
9802,9.041,3.170
9803,9.061,3.102
9804,9.042,3.176
9805,9.123,3.192
9806,9.191,3.080
9807,9.164,3.119
9808,9.228,3.196
9809,9.119,3.232
9810,8.947,3.169
9811,8.951,3.190
9812,8.844,3.193
9813,9.057,3.264
9814,9.142,3.212
9815,9.133,3.172
9816,9.104,3.170
9817,9.195,3.269
9818,9.180,3.196
9819,9.037,3.120
9820,9.197,3.023
9821,9.227,3.059
9822,9.094,2.981
9823,9.056,2.958
9824,9.110,3.010
9825,8.954,3.043
9826,9.171,3.176
9827,9.009,3.082
9828,9.019,3.059
9829,9.155,3.036
9830,8.993,3.074
9831,8.888,3.008
9832,8.970,3.138
9833,8.836,3.091
9834,8.768,3.105
9835,8.917,3.176
9836,8.926,3.094
9837,8.683,3.049
9838,8.751,2.982
9839,8.765,3.015
9840,8.658,2.863
9841,8.505,2.904
9842,8.758,2.967
9843,8.680,2.994
9844,8.628,3.019
9845,8.742,3.056
9846,8.795,2.950
9847,9.107,3.043
9848,8.978,2.983
9849,8.889,3.029
9850,8.890,3.057
9851,8.841,2.971
9852,8.609,2.965
9853,8.863,3.009
9854,8.780,3.026
9855,8.903,3.085
9856,8.944,2.973
9857,8.824,2.979
9858,8.774,3.076
9859,8.692,3.006
9860,8.722,3.011
9861,8.674,3.083
9862,8.652,3.002
9863,8.673,3.023
9864,8.874,3.008
9865,8.880,3.071
9866,8.894,3.064
9867,8.793,3.139
9868,8.768,3.162
9869,8.815,3.230
9870,8.556,3.089
9871,8.581,3.087
9872,8.642,3.127
9873,8.756,3.192
9874,8.634,3.151
9875,8.325,3.001
9876,8.207,3.042
9877,8.354,3.086
9878,8.216,3.109
9879,8.238,3.119
9880,8.205,3.058
9881,8.261,3.082
9882,8.341,3.178
9883,8.351,3.249
9884,8.304,3.191
9885,8.218,3.224
9886,8.224,3.292
9887,8.242,3.162
9888,8.166,3.205
9889,8.262,3.180
9890,8.256,3.295
9891,8.202,3.259
9892,8.256,3.330
9893,8.258,3.231
9894,8.404,3.187
9895,8.293,3.114
9896,8.327,3.070
9897,8.479,3.061
9898,8.395,3.142
9899,8.421,3.197
9900,8.403,3.105
9901,8.501,3.227
9902,8.499,3.191
9903,8.362,3.105
9904,8.367,3.195
9905,8.522,3.275
9906,8.528,3.200
9907,8.484,3.194
9908,8.617,3.349
9909,8.696,3.324
9910,8.455,3.149
9911,8.730,3.345
9912,8.820,3.376
9913,8.746,3.265
9914,8.703,3.296
9915,8.713,3.326
9916,8.559,3.311
9917,8.545,3.230
9918,8.578,3.259
9919,8.581,3.229
9920,8.599,3.159
9921,8.503,3.115
9922,8.503,3.130
9923,8.329,3.203
9924,8.309,3.163
9925,8.390,3.114
9926,8.403,3.134
9927,8.223,2.999
9928,8.285,3.005
9929,8.352,3.016
9930,8.390,2.963
9931,8.347,3.072
9932,8.567,3.122
9933,8.416,3.120
9934,8.490,3.053
9935,8.361,3.027
9936,8.316,3.016
9937,8.289,3.021
9938,8.310,2.949
9939,8.452,3.031
9940,8.533,2.991
9941,8.347,3.010
9942,8.404,3.132
9943,8.511,3.102
9944,8.430,3.000
9945,8.483,2.956
9946,8.513,3.099
9947,8.590,3.196
9948,8.636,3.157
9949,8.701,3.222
9950,8.748,3.180
9951,8.616,3.158
9952,8.486,3.047
9953,8.582,3.122
9954,8.571,3.125
9955,8.571,3.129
9956,8.562,3.076
9957,8.577,2.970
9958,8.563,2.973
9959,8.509,2.977
9960,8.392,3.004
9961,8.295,3.021
9962,8.311,3.027
9963,8.509,3.183
9964,8.406,3.046
9965,8.396,3.062
9966,8.548,3.108
9967,8.392,3.038
9968,8.368,2.915
9969,8.393,3.029
9970,8.527,3.032
9971,8.517,3.144
9972,8.543,3.117
9973,8.479,3.025
9974,8.483,3.014
9975,8.450,3.165
9976,8.548,3.140
9977,8.509,3.127
9978,8.418,3.005
9979,8.571,3.051
9980,8.663,3.045
9981,8.501,3.041
9982,8.361,2.992
9983,8.499,2.902
9984,8.326,2.979
9985,8.471,2.954
9986,8.362,3.006
9987,8.259,2.933
9988,8.369,3.048
9989,8.478,3.100
9990,8.300,2.995
9991,8.473,3.036
9992,8.476,3.036
9993,8.419,2.969
9994,8.488,3.128
9995,8.589,2.992
9996,8.628,3.098
9997,8.649,3.147
9998,8.701,3.063
9999,8.761,3.041
