frame,K347_ASP1423,K347_ASP1714,K347_D356
0,27.099,25.432,3.057
1,26.104,25.219,2.985
2,26.681,24.276,2.793
3,26.078,25.125,2.824
4,26.373,25.050,2.680
5,26.498,24.963,2.647
6,25.617,24.357,3.069
7,24.977,23.627,3.486
8,25.688,23.690,2.761
9,26.297,23.486,3.286
10,25.334,23.254,2.848
11,26.398,23.772,2.896
12,26.503,24.856,2.782
13,25.460,23.520,2.865
14,26.167,24.230,2.863
15,25.902,24.191,2.806
16,27.610,24.711,2.843
17,26.454,24.456,2.767
18,27.008,25.112,2.840
19,25.370,24.367,2.850
20,25.444,24.916,2.642
21,26.834,25.686,2.964
22,25.657,24.704,2.777
23,26.249,25.713,2.698
24,28.634,24.718,2.896
25,26.774,25.528,2.925
26,27.785,25.573,2.673
27,27.226,24.510,2.631
28,27.046,24.926,2.912
29,26.696,25.199,2.727
30,25.412,24.765,2.751
31,25.618,24.988,2.989
32,26.639,25.180,3.116
33,26.899,25.029,3.072
34,26.378,24.099,2.887
35,25.926,24.812,2.689
36,25.340,24.508,2.685
37,26.441,24.893,3.457
38,25.104,24.808,3.728
39,24.343,25.361,2.874
40,25.191,24.425,3.701
41,26.231,25.737,2.924
42,25.500,24.547,2.814
43,25.031,24.523,2.742
44,26.039,25.627,2.982
45,25.620,24.582,3.382
46,25.499,24.617,2.732
47,26.234,26.920,2.640
48,25.913,26.214,2.708
49,25.033,26.617,2.748
50,25.488,26.526,2.702
51,25.082,25.425,3.181
52,24.415,25.154,2.965
53,24.367,27.197,2.905
54,24.921,26.567,2.695
55,26.188,27.095,2.708
56,25.855,27.216,2.883
57,25.396,26.860,2.879
58,25.241,27.289,2.670
59,25.132,25.630,2.862
60,26.791,25.694,2.721
61,27.183,26.926,2.894
62,27.923,26.879,2.772
63,24.691,25.537,3.019
64,24.852,25.022,3.025
65,26.106,24.222,2.577
66,25.772,24.322,3.371
67,25.465,24.024,2.947
68,25.477,24.441,3.019
69,25.528,24.391,2.759
70,24.646,24.053,2.737
71,24.928,24.118,2.643
72,24.186,25.235,2.887
73,25.210,23.696,2.909
74,25.298,23.635,2.712
75,24.136,23.202,2.866
76,24.479,24.673,2.899
77,23.210,23.203,2.804
78,24.423,24.487,2.739
79,24.715,24.610,2.644
80,23.536,24.296,2.935
81,24.028,25.115,2.706
82,24.398,24.780,2.729
83,26.440,23.285,2.506
84,25.639,23.381,2.682
85,25.683,24.376,2.742
86,26.067,25.900,3.955
87,26.030,23.835,2.777
88,25.642,24.606,2.751
89,26.507,24.820,2.843
90,24.102,24.310,2.690
91,23.713,23.271,2.698
92,23.600,24.133,2.643
93,23.340,23.330,2.706
94,24.186,22.252,2.874
95,24.087,24.117,2.803
96,22.879,22.735,3.065
97,23.080,23.533,3.028
98,24.389,23.633,2.930
99,23.530,23.881,2.771
100,24.189,23.330,3.035
101,23.760,23.446,3.287
102,23.461,23.422,2.703
103,25.144,24.215,2.660
104,24.411,23.477,2.636
105,24.582,23.086,2.680
106,24.172,23.375,2.943
107,23.571,22.893,2.929
108,23.623,23.111,2.947
109,24.341,24.930,3.010
110,26.866,23.041,2.925
111,27.311,23.999,2.759
112,25.283,23.506,2.829
113,25.177,23.660,2.817
114,26.275,22.796,2.807
115,25.131,22.847,2.725
116,25.442,21.657,2.696
117,25.306,23.107,2.548
118,26.472,23.380,2.823
119,25.654,23.324,2.966
120,25.604,22.653,2.771
121,26.315,23.592,2.752
122,26.397,21.679,2.705
123,26.525,22.891,2.677
124,26.311,22.929,3.035
125,24.384,22.268,2.681
126,23.755,21.960,2.707
127,24.583,22.795,2.990
128,23.293,21.810,3.067
129,23.645,22.257,2.861
130,24.733,22.259,2.615
131,23.852,21.879,2.930
132,23.616,22.484,2.837
133,24.090,22.303,3.086
134,23.622,22.365,3.115
135,23.759,22.063,3.042
136,24.345,23.747,2.697
137,23.912,23.237,2.929
138,23.421,22.098,2.969
139,23.445,21.695,2.676
140,22.815,22.619,2.755
141,23.293,21.039,3.034
142,23.510,22.616,2.749
143,22.699,21.658,3.045
144,23.657,21.681,2.663
145,24.033,23.001,2.976
146,23.902,25.923,2.784
147,24.566,26.791,2.667
148,23.470,25.143,2.630
149,23.831,25.304,2.752
150,24.485,25.142,3.777
151,24.359,24.435,2.921
152,24.172,25.241,3.055
153,24.424,25.753,2.787
154,23.685,23.811,2.668
155,23.682,23.243,3.026
156,24.461,25.484,2.822
157,23.210,24.738,2.928
158,25.482,26.598,2.916
159,25.075,24.407,2.744
160,24.292,24.176,3.056
161,23.924,24.598,2.847
162,24.314,24.206,2.743
163,24.802,24.994,2.655
164,24.790,25.278,2.704
165,24.415,24.710,2.758
166,25.212,25.421,2.636
167,24.438,26.465,2.769
168,24.317,25.549,2.731
169,23.825,26.493,2.785
170,24.823,25.075,2.711
171,24.426,25.113,2.699
172,24.220,25.727,2.899
173,25.576,26.705,2.612
174,25.773,24.243,3.259
175,25.169,24.909,3.018
176,24.383,25.412,2.786
177,24.197,24.105,2.987
178,25.371,25.438,3.422
179,24.427,24.399,2.759
180,24.421,25.061,2.955
181,24.965,25.102,2.807
182,25.040,24.796,2.732
183,24.473,24.734,2.994
184,25.541,24.980,2.671
185,25.270,25.279,2.735
186,25.034,25.742,2.735
187,25.162,25.118,2.699
188,24.474,24.869,2.882
189,24.534,25.490,2.740
190,26.959,25.613,2.815
191,25.078,24.424,2.791
192,26.621,25.548,2.933
193,26.789,25.074,2.744
194,26.814,25.957,3.019
195,26.668,25.203,2.843
196,25.977,24.844,2.587
197,26.283,23.710,2.834
198,26.101,25.401,2.804
199,24.977,25.856,2.602
200,25.977,25.646,2.809
201,25.131,26.187,3.187
202,24.801,27.819,2.842
203,25.190,26.031,2.793
204,25.990,26.541,2.684
205,24.766,24.635,2.619
206,25.732,25.017,2.605
207,25.196,24.779,2.648
208,24.990,25.975,3.224
209,25.646,25.015,2.991
210,24.673,24.200,2.678
211,24.198,24.444,2.981
212,24.236,24.884,2.779
213,24.250,25.412,2.743
214,25.742,25.830,2.882
215,24.735,25.365,2.892
216,24.382,25.582,2.824
217,25.544,26.391,2.680
218,24.027,24.673,2.912
219,25.318,26.820,2.861
220,25.446,25.311,2.626
221,27.132,27.034,2.889
222,25.423,26.366,2.740
223,25.734,26.193,3.021
224,25.480,25.489,2.922
225,25.742,26.374,3.209
226,25.691,26.857,2.952
227,26.746,26.682,2.911
228,26.536,25.896,3.060
229,26.044,26.053,2.829
230,25.523,25.872,2.904
231,25.154,26.523,2.687
232,25.319,25.260,2.752
233,24.692,23.982,3.008
234,25.224,24.828,2.841
235,24.816,26.449,2.821
236,25.016,24.796,2.940
237,25.156,24.423,3.440
238,24.817,24.792,2.826
239,25.011,25.600,3.099
240,25.604,24.635,2.599
241,24.650,25.103,2.859
242,24.890,25.655,2.832
243,26.165,25.298,3.155
244,25.778,25.704,2.722
245,25.510,25.097,2.713
246,25.450,25.811,3.018
247,24.963,24.771,3.014
248,24.803,24.814,3.225
249,24.499,25.158,2.807
250,24.449,23.742,2.783
251,25.061,24.614,2.953
252,24.936,24.807,2.982
253,25.720,24.243,2.977
254,25.845,24.724,2.713
255,26.519,25.378,3.924
256,26.370,25.994,3.319
257,25.591,24.342,2.818
258,25.939,25.099,2.957
259,24.943,24.408,2.838
260,25.672,24.945,2.686
261,24.433,24.207,2.872
262,25.289,24.731,2.665
263,25.189,24.015,3.088
264,25.349,24.939,2.823
265,25.484,24.195,2.708
266,24.469,26.119,2.896
267,23.882,24.955,2.915
268,25.422,24.848,2.906
269,24.830,24.561,2.744
270,25.301,24.305,2.942
271,25.134,26.888,2.947
272,25.562,25.036,2.812
273,25.950,24.756,2.761
274,25.992,26.958,3.906
275,24.324,23.950,3.153
276,25.249,25.721,2.618
277,25.281,23.112,2.851
278,25.115,22.550,2.978
279,25.015,23.070,2.754
280,24.502,23.159,3.228
281,23.981,22.212,3.101
282,25.419,23.166,2.637
283,24.721,23.401,2.771
284,24.174,23.895,2.770
285,24.996,24.064,2.977
286,25.792,23.945,2.993
287,25.019,23.456,2.722
288,25.145,23.753,3.087
289,24.933,22.808,2.969
290,25.473,23.103,2.727
291,26.033,22.766,2.779
292,26.301,24.567,2.964
293,25.168,23.252,3.155
294,24.132,22.491,2.918
295,25.106,23.467,2.732
296,24.787,23.034,2.818
297,25.109,23.505,2.689
298,25.749,23.302,2.743
299,25.397,22.884,2.994
300,25.355,23.025,2.908
301,25.407,23.583,3.038
302,27.274,23.468,2.906
303,27.132,24.000,2.846
304,25.489,23.076,3.243
305,25.760,23.686,3.049
306,24.430,22.977,2.781
307,26.332,24.055,2.732
308,26.386,23.755,3.219
309,25.682,24.130,2.727
310,25.869,24.817,3.059
311,26.307,24.837,2.989
312,26.267,24.278,2.832
313,26.375,24.029,2.841
314,25.327,23.652,2.734
315,26.302,23.687,3.186
316,25.642,23.327,3.195
317,25.618,23.155,3.117
318,26.139,24.622,2.949
319,25.382,23.357,2.810
320,26.834,24.513,2.781
321,26.992,23.949,3.670
322,25.772,24.081,2.729
323,25.976,24.462,2.859
324,25.883,23.624,2.974
325,25.643,23.965,2.850
326,25.543,23.446,2.818
327,25.806,23.096,2.764
328,26.067,24.706,2.976
329,25.771,24.197,2.879
330,25.935,23.799,3.168
331,26.251,26.270,2.849
332,26.097,24.508,2.751
333,25.834,24.607,2.825
334,26.310,25.417,2.837
335,25.339,24.461,2.668
336,24.766,25.094,2.829
337,25.702,24.331,2.950
338,26.151,24.178,2.942
339,25.667,23.976,3.394
340,26.725,26.546,3.154
341,26.217,24.640,2.695
342,27.031,25.941,2.590
343,27.562,26.466,3.068
344,25.466,25.502,2.601
345,25.571,24.894,2.925
346,25.889,24.964,3.252
347,26.024,27.349,2.723
348,25.758,24.888,2.796
349,26.271,25.491,2.828
350,27.055,25.522,3.060
351,26.404,25.609,2.726
352,26.075,25.573,2.854
353,26.638,25.106,3.081
354,27.373,26.087,3.062
355,27.265,25.725,2.852
356,27.050,24.358,2.921
357,26.631,25.088,2.846
358,26.764,23.892,3.072
359,26.719,24.124,2.877
360,26.363,24.376,2.732
361,26.090,24.661,2.939
362,26.756,24.685,2.914
363,26.666,25.736,2.929
364,25.484,24.879,3.391
365,26.023,24.905,4.069
366,26.404,24.834,3.306
367,25.810,24.495,2.734
368,27.779,24.511,3.101
369,27.163,24.749,4.320
370,26.808,23.861,2.757
371,27.724,23.912,2.578
372,27.691,23.755,2.843
373,27.800,24.123,3.610
374,27.145,22.425,3.903
375,27.961,24.014,3.092
376,26.855,23.500,3.904
377,28.633,23.405,2.944
378,28.925,23.994,2.858
379,28.778,25.038,3.785
380,28.046,23.987,3.633
381,26.540,24.402,2.687
382,25.944,24.272,3.201
383,25.575,24.955,4.271
384,25.225,24.864,2.848
385,26.200,26.657,2.776
386,25.313,25.525,3.938
387,26.056,26.020,3.225
388,25.695,24.848,2.864
389,24.330,24.530,2.893
390,24.837,25.401,2.801
391,25.187,25.178,3.598
392,25.686,25.556,3.339
393,26.080,25.486,3.299
394,26.380,25.994,3.815
395,25.380,25.726,3.971
396,25.046,25.273,3.172
397,24.993,24.266,2.800
398,27.382,27.239,3.924
399,26.753,26.532,2.755
400,25.299,24.470,3.160
401,25.954,25.989,2.807
402,26.023,25.333,2.866
403,25.582,26.851,2.699
404,26.831,27.429,2.800
405,26.732,27.195,3.155
406,27.279,27.621,3.303
407,27.460,28.143,2.962
408,27.975,28.201,3.053
409,26.019,26.826,3.218
410,26.810,26.307,2.658
411,25.217,25.309,2.711
412,26.821,27.429,3.647
413,26.766,28.296,4.905
414,26.641,27.348,3.402
415,26.948,26.168,2.816
416,25.011,26.457,3.010
417,26.961,26.364,3.937
418,27.844,27.962,4.722
419,27.877,27.601,3.348
420,27.702,27.830,3.895
421,27.345,28.601,4.651
422,28.429,28.734,4.634
423,28.106,29.819,5.835
424,27.056,29.181,5.878
425,27.993,29.738,4.008
426,27.597,28.572,5.402
427,27.699,28.970,6.839
428,28.037,28.602,5.469
429,27.944,28.263,3.808
430,27.706,28.735,5.280
431,27.132,27.055,4.649
432,27.031,27.746,5.053
433,28.518,30.198,5.083
434,27.684,28.950,5.741
435,27.326,28.741,5.118
436,27.212,28.903,4.664
437,27.823,29.704,4.951
438,26.468,28.781,4.896
439,27.383,28.442,5.810
440,27.621,30.461,4.931
441,27.583,28.874,3.777
442,28.761,29.003,4.743
443,27.391,29.777,5.022
444,26.821,29.615,4.536
445,27.427,29.384,5.045
446,27.973,28.703,4.030
447,27.682,27.953,4.752
448,27.156,28.643,4.115
449,28.024,28.758,4.236
450,27.263,27.840,4.311
451,27.208,28.732,4.642
452,27.896,28.119,4.758
453,28.052,29.522,4.174
454,27.900,29.246,4.903
455,27.733,29.298,4.546
456,27.559,29.828,6.160
457,27.821,30.124,4.877
458,27.010,27.887,4.354
459,27.824,29.751,4.036
460,27.011,29.292,4.527
461,27.414,29.779,4.101
462,28.531,28.507,3.888
463,28.110,29.300,3.118
464,27.809,29.238,4.279
465,28.548,29.827,4.434
466,27.316,29.113,4.438
467,27.613,29.931,4.405
468,27.202,28.516,4.705
469,27.794,29.622,5.219
470,27.147,27.876,5.277
471,28.460,29.642,5.833
472,28.489,30.359,4.178
473,28.008,28.643,4.787
474,28.075,28.170,3.881
475,28.274,28.839,3.832
476,28.431,27.734,3.700
477,27.694,27.768,3.818
478,28.023,28.088,5.331
479,29.021,29.456,4.607
480,28.914,29.230,4.160
481,28.964,28.492,4.884
482,28.266,29.508,4.866
483,28.415,29.188,3.595
484,28.276,27.902,4.584
485,26.795,26.392,3.982
486,28.223,27.951,4.286
487,27.437,26.924,4.291
488,29.107,27.202,4.131
489,27.953,27.717,4.998
490,28.194,27.679,4.475
491,28.379,26.887,4.018
492,28.248,27.334,5.111
493,28.344,27.430,3.872
494,27.603,27.586,4.230
495,27.047,26.920,4.990
496,26.823,26.723,3.516
497,28.416,27.747,3.715
498,28.385,28.009,3.754
499,27.862,27.499,3.945
500,27.993,28.245,4.192
501,28.676,28.433,3.842
502,28.322,27.873,4.109
503,29.168,29.078,4.571
504,29.068,27.496,4.303
505,28.967,26.899,4.763
506,29.073,28.687,5.610
507,28.480,28.251,3.478
508,28.876,27.406,4.215
509,28.261,28.629,4.014
510,29.250,29.451,4.352
511,29.450,29.565,3.908
512,28.946,29.243,4.422
513,27.893,28.716,4.108
514,28.495,29.566,3.710
515,26.538,29.073,4.220
516,29.167,28.925,4.206
517,27.511,27.688,3.782
518,26.981,27.931,3.158
519,27.066,28.074,4.038
520,26.834,27.815,4.411
521,26.946,27.826,4.276
522,29.887,28.674,4.754
523,29.921,27.806,3.750
524,30.190,28.363,4.580
525,29.532,29.015,5.305
526,30.602,28.902,4.017
527,30.997,28.502,4.380
528,29.511,27.601,3.873
529,29.762,28.716,4.130
530,29.196,28.058,4.291
531,29.160,28.094,4.151
532,28.618,27.354,4.007
533,28.925,28.081,4.740
534,30.213,27.640,4.118
535,28.464,27.610,3.750
536,27.887,26.843,4.095
537,28.939,27.574,3.989
538,28.037,27.545,3.813
539,29.705,27.072,3.768
540,30.228,28.694,4.640
541,29.007,26.919,3.460
542,29.983,27.895,4.119
543,29.963,27.871,4.439
544,29.536,27.376,3.895
545,28.912,26.608,4.266
546,28.527,27.487,4.485
547,29.454,28.126,4.197
548,29.938,28.009,4.584
549,29.166,27.088,3.935
550,29.424,27.445,4.170
551,29.517,27.700,4.699
552,26.453,27.140,4.578
553,26.973,27.588,3.980
554,26.753,27.139,4.135
555,27.403,27.253,3.496
556,27.459,27.601,4.658
557,27.647,27.934,3.972
558,26.125,27.231,4.584
559,26.816,27.345,4.103
560,27.041,27.921,3.390
561,25.828,26.441,4.205
562,26.958,27.651,4.752
563,26.001,26.006,3.780
564,26.106,26.977,4.708
565,26.909,28.180,4.165
566,26.815,27.879,4.393
567,25.860,26.885,3.773
568,25.792,27.534,4.074
569,27.142,26.842,4.118
570,27.186,27.750,4.674
571,26.896,28.526,5.119
572,26.184,26.799,4.091
573,27.632,27.385,3.735
574,26.103,27.430,3.809
575,25.593,27.557,4.994
576,26.642,25.759,3.744
577,27.059,27.523,3.346
578,26.585,28.035,3.379
579,25.997,27.844,4.800
580,27.065,27.618,3.537
581,28.918,28.572,3.844
582,27.395,28.060,3.725
583,27.182,27.828,4.018
584,28.146,27.845,3.626
585,27.994,27.208,3.715
586,27.001,27.264,3.789
587,27.568,27.839,4.163
588,27.056,28.635,4.560
589,26.519,27.697,4.478
590,26.900,27.288,4.034
591,28.532,26.746,4.929
592,27.991,27.273,4.525
593,26.840,26.434,3.733
594,26.502,26.421,3.818
595,25.999,26.432,3.629
596,26.368,27.219,4.016
597,27.660,27.985,4.896
598,26.827,27.580,4.176
599,27.483,27.750,4.127
600,27.983,27.085,4.977
601,27.477,27.294,4.101
602,27.771,26.977,4.414
603,28.394,27.148,4.074
604,28.880,27.730,4.284
605,28.496,27.262,4.025
606,28.809,26.794,4.139
607,27.776,26.766,4.293
608,31.053,27.031,4.131
609,28.587,27.900,4.666
610,28.367,28.390,4.649
611,29.466,28.316,4.473
612,28.063,28.385,4.692
613,28.842,28.103,4.052
614,28.640,28.093,4.236
615,28.866,28.724,3.699
616,29.999,27.754,4.448
617,28.955,27.719,4.706
618,29.779,27.349,3.553
619,30.416,28.157,3.812
620,31.396,28.601,4.672
621,29.349,27.590,3.984
622,29.590,27.976,3.907
623,30.566,27.312,4.038
624,30.671,27.666,4.072
625,30.299,28.497,4.200
626,31.386,28.726,4.645
627,28.974,28.949,4.488
628,28.031,28.212,4.146
629,27.863,28.552,4.216
630,26.191,25.932,4.761
631,28.330,27.696,4.819
632,29.192,29.424,4.354
633,28.854,29.485,4.252
634,29.031,28.827,3.720
635,28.774,28.031,3.477
636,28.861,29.126,5.138
637,29.399,28.083,4.026
638,28.080,28.156,3.886
639,29.434,28.328,3.884
640,29.546,28.650,4.007
641,28.415,27.684,3.456
642,28.541,28.445,3.698
643,29.039,28.457,3.497
644,27.714,28.082,4.019
645,29.111,28.818,4.393
646,27.910,29.012,4.036
647,28.634,28.616,4.330
648,28.492,28.216,4.932
649,27.339,27.385,3.737
650,27.730,29.007,5.116
651,30.500,29.106,3.937
652,26.606,28.132,3.764
653,26.939,27.714,5.024
654,27.222,27.194,3.551
655,28.193,28.707,4.555
656,29.486,28.276,3.343
657,27.644,28.138,3.966
658,27.740,27.653,4.987
659,28.033,28.143,4.353
660,28.326,28.692,4.202
661,28.915,28.852,4.530
662,28.650,29.037,4.540
663,28.322,27.661,4.606
664,28.561,27.642,3.030
665,27.268,28.032,4.056
666,28.880,28.019,4.392
667,26.367,25.784,4.317
668,27.625,28.131,4.653
669,27.538,27.792,4.706
670,26.786,27.831,5.119
671,26.530,27.591,4.160
672,27.712,29.344,4.165
673,26.470,29.003,4.934
674,28.095,29.025,5.116
675,27.264,29.429,5.945
676,27.456,30.130,5.149
677,27.662,29.049,4.831
678,27.893,29.036,3.815
679,27.953,28.305,5.048
680,29.284,30.058,4.671
681,29.592,29.395,5.197
682,29.858,29.593,4.751
683,29.349,29.163,3.662
684,27.489,28.620,3.761
685,29.246,28.680,2.827
686,28.870,28.875,3.156
687,29.758,28.859,3.772
688,31.060,28.530,3.431
689,29.279,28.021,3.511
690,28.718,28.687,3.310
691,28.430,29.511,6.123
692,28.824,29.430,6.589
693,27.331,28.231,6.700
694,27.478,28.423,5.699
695,26.961,28.885,5.281
696,26.829,29.819,5.712
697,27.037,29.548,7.395
698,28.264,30.829,6.298
699,29.080,29.785,5.367
700,28.116,29.290,5.093
701,28.354,29.598,5.676
702,28.374,29.171,5.771
703,28.448,29.373,4.564
704,28.532,29.904,5.541
705,28.794,29.543,5.263
706,28.266,28.489,6.716
707,29.386,29.453,5.070
708,26.727,29.281,5.636
709,27.226,29.699,6.255
710,27.849,29.142,4.784
711,28.635,29.216,4.124
712,28.564,28.569,5.102
713,28.368,29.380,4.340
714,29.264,29.477,4.131
715,28.055,27.311,3.900
716,27.497,28.556,6.296
717,27.760,29.271,4.939
718,28.010,27.718,4.042
719,28.976,28.732,4.153
720,28.890,28.422,4.314
721,28.986,28.587,4.176
722,29.171,28.440,3.703
723,29.274,28.641,4.386
724,29.287,28.321,4.372
725,27.878,27.093,4.019
726,28.149,28.539,4.449
727,27.530,27.232,4.567
728,27.598,27.371,4.491
729,28.594,27.758,4.343
730,28.932,28.923,4.616
731,28.558,28.579,4.880
732,28.635,28.755,4.402
733,28.094,27.945,3.774
734,28.288,27.257,4.324
735,29.299,28.163,3.075
736,29.223,28.790,4.350
737,28.981,27.926,4.459
738,28.571,28.147,4.046
739,27.258,27.671,3.591
740,28.061,27.421,4.157
741,28.374,26.647,3.670
742,27.798,27.525,3.928
743,28.061,27.844,4.526
744,26.522,27.429,4.147
745,28.790,28.184,4.293
746,28.619,28.075,3.760
747,28.509,27.751,4.292
748,27.980,27.358,4.131
749,28.587,27.835,4.641
750,27.574,27.619,4.090
751,27.226,28.994,4.949
752,27.575,27.910,4.703
753,27.958,27.628,4.390
754,28.121,28.145,4.315
755,26.954,28.158,4.194
756,27.743,28.331,4.382
757,29.113,28.328,3.936
758,29.551,28.675,4.237
759,29.340,28.305,4.077
760,28.861,29.295,4.158
761,28.885,29.204,5.068
762,29.296,28.804,4.816
763,28.219,28.528,4.064
764,28.294,27.856,4.407
765,29.025,27.935,4.177
766,28.611,27.812,3.882
767,28.458,28.123,4.068
768,27.145,26.371,4.082
769,29.172,28.521,3.999
770,29.643,28.433,3.924
771,27.275,27.647,3.690
772,27.371,27.795,4.742
773,28.102,28.526,4.632
774,26.394,28.148,4.573
775,27.707,28.820,4.693
776,27.877,28.942,4.374
777,27.314,27.968,4.219
778,27.463,28.802,4.479
779,27.990,29.320,4.375
780,30.037,28.919,4.351
781,30.807,28.775,4.290
782,30.287,28.996,4.768
783,29.507,28.252,4.111
784,28.107,28.582,3.966
785,29.039,28.686,3.510
786,30.040,29.904,4.814
787,29.572,28.913,4.437
788,30.397,29.275,4.326
789,29.978,28.035,4.718
790,30.036,29.088,4.244
791,29.457,27.995,4.072
792,30.740,28.985,4.389
793,29.924,28.568,4.331
794,30.682,29.887,4.903
795,31.878,29.198,4.240
796,30.332,29.472,5.275
797,28.982,29.035,4.750
798,28.097,28.549,4.406
799,27.587,27.763,4.547
800,28.015,28.952,4.447
801,27.714,29.275,4.583
802,27.204,28.488,4.917
803,28.576,29.697,5.149
804,28.171,29.350,5.211
805,27.903,29.151,5.275
806,28.365,27.587,4.300
807,28.246,28.387,4.787
808,29.444,28.518,4.619
809,28.589,28.068,4.101
810,28.608,27.931,4.229
811,28.690,28.142,3.894
812,26.564,29.109,6.868
813,27.915,27.739,3.874
814,28.730,28.403,4.277
815,28.487,28.692,4.965
816,29.057,29.235,4.388
817,27.602,28.547,4.139
818,28.380,28.889,4.320
819,28.738,27.843,5.296
820,27.540,28.115,4.830
821,27.279,27.316,4.553
822,27.939,28.294,4.833
823,28.406,28.431,4.510
824,28.911,29.168,5.561
825,28.315,29.090,4.552
826,27.381,29.017,4.041
827,28.286,28.730,4.027
828,26.576,27.260,4.491
829,28.278,29.060,4.179
830,27.103,29.046,4.318
831,27.730,28.473,4.165
832,28.229,28.927,4.225
833,28.017,28.590,4.821
834,27.288,28.966,5.689
835,27.483,28.956,4.243
836,27.580,29.127,4.544
837,27.904,28.334,4.227
838,28.217,28.430,3.984
839,28.486,28.831,4.564
840,27.657,28.840,4.604
841,28.973,29.223,4.428
842,28.568,29.165,4.545
843,27.901,29.072,4.495
844,28.348,29.147,4.519
845,27.709,27.918,4.654
846,27.471,28.801,4.121
847,27.204,28.694,4.805
848,27.372,28.532,4.448
849,27.471,28.778,4.254
850,28.653,28.874,3.886
851,27.590,28.180,4.623
852,29.269,29.173,4.427
853,28.409,28.940,4.160
854,28.142,28.561,4.209
855,28.067,28.704,4.217
856,27.467,29.447,5.561
857,27.951,29.219,4.224
858,27.427,29.312,4.936
859,27.306,28.076,4.434
860,27.753,28.253,4.546
861,27.569,28.488,3.967
862,28.237,29.129,4.510
863,27.734,29.591,4.266
864,28.071,28.382,3.952
865,28.365,29.888,4.295
866,28.263,29.078,4.771
867,27.717,28.101,3.914
868,27.739,28.942,4.312
869,27.939,29.018,5.282
870,27.413,29.325,4.336
871,27.524,28.677,4.970
872,27.094,27.203,4.374
873,27.715,28.170,4.679
874,27.923,28.873,4.360
875,27.452,28.487,4.636
876,27.634,28.146,4.969
877,28.615,28.522,4.040
878,27.242,27.292,4.463
879,27.366,27.711,5.072
880,27.298,28.039,5.196
881,28.737,29.239,4.461
882,27.253,28.309,4.140
883,28.009,28.423,4.359
884,28.576,29.490,4.960
885,27.859,28.351,4.318
886,28.315,29.330,4.340
887,27.620,28.968,4.299
888,28.621,29.145,4.040
889,28.590,29.750,4.456
890,28.042,28.586,4.269
891,28.477,29.447,4.946
892,28.502,29.097,4.018
893,28.956,29.058,5.154
894,27.872,29.716,4.383
895,28.488,29.530,4.583
896,28.014,28.249,4.404
897,28.187,29.198,4.557
898,27.492,28.336,4.272
899,27.373,28.571,4.312
900,27.737,28.130,4.059
901,28.416,27.772,4.630
902,27.619,27.620,4.531
903,28.946,28.386,4.838
904,28.326,27.661,4.663
905,27.730,26.822,4.385
906,27.372,26.567,4.471
907,27.493,26.914,4.427
908,26.708,26.368,4.068
909,27.291,27.492,4.150
910,28.198,28.251,4.704
911,26.678,28.085,4.834
912,27.667,28.159,4.157
913,27.813,28.306,4.727
914,27.711,27.961,4.406
915,27.572,27.303,4.302
916,28.220,28.549,4.378
917,28.327,27.767,4.299
918,27.812,27.822,4.284
919,27.885,28.489,4.686
920,26.040,25.502,5.214
921,25.012,25.964,4.267
922,26.910,26.642,4.140
923,26.162,26.800,5.417
924,25.918,26.389,4.734
925,26.525,26.126,4.777
926,26.124,27.351,4.595
927,26.378,26.593,4.184
928,25.520,25.815,5.258
929,27.708,28.342,4.598
930,27.653,28.637,4.194
931,27.301,28.656,3.985
932,27.356,29.243,4.598
933,27.875,29.649,4.784
934,27.894,29.250,4.466
935,26.922,29.010,4.177
936,26.656,28.457,3.909
937,27.576,29.664,5.087
938,27.175,29.328,4.379
939,27.030,28.638,5.124
940,28.190,29.700,4.457
941,27.940,29.205,4.537
942,27.766,29.434,4.684
943,28.180,28.634,4.274
944,28.117,28.446,4.729
945,28.063,28.930,4.863
946,27.356,28.234,4.964
947,27.762,28.202,4.713
948,27.636,28.290,4.436
949,27.657,28.882,4.303
950,28.568,28.179,4.624
951,27.139,28.248,4.112
952,29.346,28.405,4.123
953,28.408,28.206,4.842
954,29.677,28.901,3.978
955,28.306,27.701,4.119
956,27.657,27.790,4.469
957,27.464,28.899,4.706
958,28.321,28.445,4.480
959,27.797,28.245,4.347
960,26.403,28.422,4.561
961,26.943,27.985,4.347
962,27.886,28.317,4.128
963,28.267,28.921,4.951
964,28.298,28.636,4.312
965,26.731,28.639,5.397
966,27.965,28.229,4.718
967,28.044,28.375,4.006
968,28.439,29.420,4.593
969,28.267,28.653,4.501
970,28.517,28.627,4.425
971,27.872,29.160,4.560
972,27.596,28.141,4.921
973,28.593,29.066,4.849
974,27.320,29.652,5.567
975,26.911,28.416,4.525
976,28.219,28.607,4.374
977,28.106,28.833,4.927
978,27.498,28.398,4.882
979,28.788,28.574,4.394
980,27.652,27.644,3.953
981,28.844,29.160,4.408
982,26.708,27.903,4.064
983,27.332,27.869,4.723
984,27.803,28.792,4.452
985,27.796,28.823,4.300
986,27.811,28.051,4.851
987,27.556,28.695,4.193
988,28.084,28.517,4.814
989,27.265,28.528,4.510
990,26.615,27.801,4.708
991,27.045,27.225,5.044
992,27.035,27.941,4.708
993,27.239,27.420,4.439
994,27.327,27.995,4.382
995,27.527,28.081,4.809
996,27.807,28.820,5.507
997,27.835,28.030,4.578
998,27.266,27.988,4.342
999,27.345,28.015,5.294
1000,29.950,28.479,4.673
1001,27.968,28.177,4.485
1002,28.366,28.542,4.837
1003,28.509,28.169,4.774
1004,28.239,28.174,5.966
1005,27.970,28.036,4.186
1006,27.460,27.042,4.018
1007,27.449,27.368,4.520
1008,27.411,27.160,4.164
1009,27.315,27.061,4.241
1010,28.271,28.440,4.192
1011,27.687,27.690,4.594
1012,28.243,27.770,4.997
1013,27.904,27.939,4.630
1014,26.617,27.321,4.180
1015,28.270,27.771,4.289
1016,28.186,27.715,3.991
1017,26.707,27.218,4.184
1018,27.556,28.176,4.939
1019,27.714,28.269,5.135
1020,27.523,27.758,4.433
1021,27.106,26.712,4.216
1022,26.972,27.663,4.993
1023,27.638,27.858,4.577
1024,27.076,27.520,4.602
1025,26.778,27.463,3.910
1026,28.004,27.380,3.517
1027,26.520,26.975,4.754
1028,26.907,27.133,4.506
1029,27.221,27.686,4.453
1030,28.349,27.522,4.104
1031,27.742,27.126,4.366
1032,27.026,27.563,4.598
1033,27.053,28.249,4.215
1034,29.970,28.281,4.252
1035,27.779,26.759,4.829
1036,28.261,28.359,4.123
1037,28.008,27.970,4.417
1038,26.893,27.866,4.311
1039,26.137,27.356,4.253
1040,27.048,27.964,4.259
1041,26.950,28.143,4.597
1042,27.011,27.717,4.425
1043,26.637,26.918,4.399
1044,26.895,27.770,3.920
1045,27.231,27.233,4.194
1046,26.475,26.408,3.952
1047,26.785,27.301,3.881
1048,27.043,27.770,3.988
1049,27.112,27.345,4.447
1050,27.211,26.604,4.532
1051,27.380,27.927,4.509
1052,26.651,26.339,4.120
1053,26.974,27.319,4.699
1054,27.932,27.922,4.083
1055,27.370,27.314,4.487
1056,27.749,27.824,3.485
1057,27.294,28.216,4.290
1058,27.781,28.121,3.941
1059,28.473,28.359,4.397
1060,27.374,26.635,3.581
1061,28.293,28.029,4.083
1062,26.533,27.132,3.698
1063,27.652,27.627,4.432
1064,27.361,27.638,4.117
1065,27.051,28.107,4.535
1066,27.484,27.322,4.374
1067,26.987,27.535,4.559
1068,28.165,27.269,4.155
1069,27.319,27.691,4.310
1070,27.288,27.356,3.720
1071,27.669,27.801,4.569
1072,27.614,27.662,4.061
1073,27.843,28.091,4.640
1074,27.425,28.293,3.333
1075,27.163,28.419,3.814
1076,27.442,28.267,3.485
1077,26.649,27.699,4.199
1078,24.990,29.110,4.876
1079,28.085,28.728,4.783
1080,27.388,28.219,4.576
1081,26.705,27.573,4.317
1082,28.417,28.493,4.362
1083,27.362,28.089,4.022
1084,28.025,28.320,4.141
1085,27.168,28.949,6.119
1086,27.963,29.366,5.974
1087,26.903,29.011,5.973
1088,27.611,27.543,4.772
1089,28.619,28.662,3.746
1090,27.285,28.224,4.286
1091,28.047,28.345,4.461
1092,27.588,28.676,4.794
1093,27.272,28.767,4.464
1094,26.503,27.862,4.537
1095,27.300,28.356,4.405
1096,28.255,28.528,4.244
1097,26.274,27.809,4.313
1098,27.640,28.573,5.427
1099,27.148,28.664,4.652
1100,26.580,27.974,5.884
1101,26.285,27.882,5.046
1102,26.972,28.410,4.686
1103,26.917,28.333,4.790
1104,27.038,28.895,5.247
1105,26.653,29.192,4.767
1106,27.294,27.296,3.703
1107,27.389,28.469,5.348
1108,26.993,28.050,4.298
1109,26.675,28.257,4.339
1110,27.848,28.967,4.236
1111,27.206,27.319,4.151
1112,27.735,28.476,4.866
1113,27.615,28.170,4.385
1114,28.599,29.124,3.574
1115,27.207,28.833,4.600
1116,27.278,28.214,4.921
1117,27.173,28.544,4.999
1118,27.514,29.150,5.332
1119,26.983,28.061,5.415
1120,27.129,28.306,5.028
1121,27.193,28.876,4.313
1122,28.045,28.609,4.362
1123,27.560,28.377,4.207
1124,27.599,29.053,5.122
1125,27.211,28.526,5.450
1126,27.065,28.622,5.501
1127,28.109,29.427,5.309
1128,27.967,28.434,4.060
1129,27.675,29.152,4.436
1130,27.806,28.202,4.926
1131,26.422,27.174,4.440
1132,26.943,27.686,4.864
1133,26.044,26.997,5.557
1134,27.086,27.401,4.368
1135,27.517,27.549,4.191
1136,27.739,28.663,4.094
1137,26.737,27.806,4.755
1138,27.926,27.863,4.081
1139,27.629,28.266,5.413
1140,27.352,29.306,4.591
1141,27.208,28.899,5.619
1142,25.262,27.798,6.503
1143,27.002,28.557,5.182
1144,26.610,28.718,4.903
1145,28.061,28.706,4.691
1146,25.956,27.597,5.216
1147,28.557,29.285,4.776
1148,27.393,29.056,5.051
1149,27.247,28.103,5.019
1150,26.712,27.847,5.002
1151,27.406,28.054,4.674
1152,27.051,28.404,4.616
1153,26.551,28.094,4.859
1154,27.471,28.549,5.326
1155,26.994,28.399,5.509
1156,26.473,27.626,4.832
1157,27.133,28.384,4.197
1158,26.450,27.495,4.637
1159,26.947,27.762,4.314
1160,26.438,27.170,5.202
1161,27.207,28.036,4.076
1162,27.106,27.166,4.365
1163,27.155,27.856,3.412
1164,28.130,29.030,4.978
1165,28.916,28.225,3.980
1166,27.534,28.271,4.924
1167,28.485,28.292,4.783
1168,27.782,28.363,4.446
1169,25.800,27.617,4.249
1170,26.658,28.126,4.722
1171,26.887,28.387,4.492
1172,27.428,28.507,4.100
1173,27.607,28.048,4.482
1174,26.346,27.647,4.557
1175,26.674,27.752,4.631
1176,26.720,28.309,4.566
1177,27.470,26.699,3.845
1178,28.051,27.787,4.912
1179,27.793,28.233,6.026
1180,26.886,27.481,6.779
1181,27.194,28.058,4.926
1182,27.855,28.550,4.679
1183,26.627,28.554,4.575
1184,27.135,27.980,5.172
1185,29.773,28.481,4.824
1186,30.321,27.209,4.041
1187,28.926,28.142,4.218
1188,30.546,27.829,4.151
1189,29.883,28.220,4.863
1190,30.237,28.399,4.780
1191,29.994,27.503,4.915
1192,29.910,28.415,4.484
1193,27.157,28.064,4.557
1194,26.722,28.448,4.731
1195,26.015,27.758,4.529
1196,26.292,27.497,4.744
1197,26.536,28.588,5.102
1198,26.741,28.348,5.033
1199,26.503,28.992,4.835
1200,27.146,28.356,4.813
1201,27.010,28.674,4.853
1202,27.237,28.665,5.555
1203,27.191,26.803,2.791
1204,27.660,28.653,5.127
1205,26.455,27.543,4.312
1206,26.793,29.181,4.107
1207,27.873,29.208,5.079
1208,26.468,28.220,4.904
1209,26.613,28.233,4.914
1210,26.290,28.038,4.829
1211,27.245,28.463,4.817
1212,26.428,28.922,4.473
1213,26.700,28.379,3.922
1214,27.048,28.632,5.236
1215,26.297,28.488,3.783
1216,26.832,27.937,4.376
1217,27.213,28.465,4.589
1218,26.513,27.837,4.222
1219,27.406,28.530,6.323
1220,26.733,28.536,5.021
1221,27.957,28.693,4.834
1222,26.581,29.047,5.142
1223,27.507,28.156,5.058
1224,27.263,27.310,4.775
1225,27.701,28.303,4.437
1226,28.087,29.106,5.028
1227,28.355,29.160,5.039
1228,29.702,28.656,4.684
1229,30.305,28.031,3.296
1230,29.966,28.170,4.031
1231,28.452,27.015,4.696
1232,30.102,28.361,4.194
1233,30.683,27.597,4.605
1234,29.305,28.854,5.859
1235,30.776,28.592,3.758
1236,30.308,27.986,4.549
1237,28.425,27.537,4.268
1238,28.343,27.042,4.168
1239,29.369,27.692,4.174
1240,29.333,27.853,4.332
1241,29.785,27.290,4.152
1242,29.788,27.763,4.609
1243,29.116,28.157,4.707
1244,28.689,28.322,4.614
1245,26.385,28.104,4.770
1246,28.040,28.188,5.460
1247,29.060,28.320,4.531
1248,27.588,28.409,4.303
1249,28.492,28.427,3.760
1250,27.909,28.143,4.621
1251,27.066,27.394,3.829
1252,27.497,27.459,4.106
1253,28.428,27.525,4.140
1254,28.169,27.944,4.284
1255,27.661,28.475,4.125
1256,27.097,27.688,3.780
1257,26.611,27.406,3.924
1258,27.403,28.503,3.738
1259,28.631,28.727,4.487
1260,26.577,28.203,4.469
1261,27.822,28.670,5.261
1262,26.885,27.986,4.206
1263,27.633,29.251,5.689
1264,27.359,29.373,4.268
1265,28.013,29.344,6.445
1266,28.431,28.664,4.804
1267,28.930,28.208,4.171
1268,30.013,28.579,4.519
1269,30.251,28.863,3.461
1270,28.503,28.462,4.365
1271,27.174,28.296,4.312
1272,28.023,29.013,5.374
1273,28.767,29.549,5.061
1274,28.979,29.296,5.893
1275,28.377,28.356,4.550
1276,28.572,29.979,5.503
1277,28.428,28.698,5.229
1278,28.020,29.029,4.924
1279,27.456,29.637,6.729
1280,27.557,28.173,3.952
1281,28.716,29.623,3.750
1282,28.549,28.288,3.767
1283,28.724,28.776,3.997
1284,28.876,28.933,4.218
1285,28.190,28.532,4.385
1286,28.415,28.508,4.732
1287,29.360,29.102,4.431
1288,29.060,28.351,3.878
1289,27.656,27.883,4.377
1290,28.418,28.312,4.012
1291,29.210,28.429,4.100
1292,28.436,28.755,4.372
1293,27.989,27.622,3.927
1294,28.121,28.630,4.544
1295,26.880,28.244,4.233
1296,27.864,29.187,5.050
1297,27.565,27.289,3.532
1298,27.305,28.728,5.649
1299,28.919,29.082,5.026
1300,27.904,28.757,5.984
1301,29.301,29.700,6.154
1302,27.537,28.188,5.096
1303,27.909,28.610,5.043
1304,27.407,27.439,4.560
1305,30.317,28.955,4.920
1306,29.390,28.260,4.513
1307,29.140,27.298,4.813
1308,26.500,28.908,5.615
1309,27.131,28.433,3.873
1310,27.811,29.497,4.455
1311,27.500,29.041,4.761
1312,27.719,28.380,3.989
1313,27.559,29.462,4.583
1314,26.114,27.827,4.240
1315,28.598,29.550,5.007
1316,28.251,29.097,4.478
1317,27.992,29.917,4.000
1318,28.859,28.587,4.043
1319,28.753,28.943,3.849
1320,28.592,28.898,4.527
1321,28.327,28.988,5.060
1322,28.774,28.681,5.428
1323,27.777,27.993,4.490
1324,28.314,29.879,4.752
1325,28.006,28.285,3.878
1326,27.543,27.815,4.108
1327,28.431,28.086,4.264
1328,27.716,28.262,4.571
1329,26.928,28.503,5.374
1330,28.775,28.701,5.054
1331,27.715,28.346,3.989
1332,28.572,28.177,3.933
1333,30.972,28.427,3.135
1334,29.855,27.807,3.197
1335,29.710,28.678,4.510
1336,28.619,27.146,3.975
1337,28.002,28.966,4.624
1338,28.316,28.782,4.736
1339,28.211,27.714,3.669
1340,28.496,29.027,4.437
1341,28.832,28.908,4.061
1342,31.202,28.544,4.698
1343,29.912,29.063,4.565
1344,28.219,28.465,4.489
1345,27.450,28.438,4.739
1346,27.175,28.721,5.041
1347,27.589,28.260,4.043
1348,28.193,28.532,4.098
1349,28.423,29.079,4.114
1350,27.512,28.888,4.718
1351,27.734,28.436,3.693
1352,28.785,28.638,4.316
1353,28.099,28.012,4.251
1354,28.199,29.114,4.641
1355,28.046,28.805,4.363
1356,27.863,29.356,4.405
1357,26.927,28.586,4.343
1358,28.219,29.014,4.614
1359,28.331,29.466,4.688
1360,27.966,29.253,4.629
1361,27.649,29.032,4.027
1362,28.023,28.700,4.686
1363,28.518,28.997,4.053
1364,27.651,28.970,4.404
1365,28.572,28.940,4.596
1366,28.113,29.409,4.970
1367,29.052,29.658,4.635
1368,28.425,29.368,5.597
1369,27.310,29.361,4.497
1370,28.253,29.772,4.751
1371,27.918,28.690,4.453
1372,28.438,29.882,4.615
1373,28.290,28.464,4.787
1374,27.618,28.157,4.696
1375,27.610,27.874,5.360
1376,27.710,29.065,3.977
1377,28.971,28.993,4.600
1378,27.481,28.858,3.774
1379,28.208,29.040,4.803
1380,27.346,28.138,4.810
1381,27.684,28.330,3.642
1382,27.358,29.325,4.552
1383,27.109,28.222,4.252
1384,27.009,28.648,4.456
1385,27.616,29.300,4.718
1386,27.270,27.699,4.115
1387,28.035,29.282,4.647
1388,26.472,28.321,4.648
1389,26.556,28.213,4.537
1390,26.162,27.188,4.159
1391,26.848,28.459,4.483
1392,27.504,29.080,4.255
1393,28.312,29.657,4.592
1394,27.743,27.928,4.281
1395,27.526,27.324,4.554
1396,27.210,28.902,4.878
1397,27.295,28.264,4.673
1398,27.085,28.619,4.607
1399,26.920,29.441,6.927
1400,27.085,29.376,5.636
1401,27.645,28.659,6.462
1402,26.810,29.389,6.273
1403,27.475,29.129,5.595
1404,26.531,28.258,6.766
1405,27.089,29.309,5.683
1406,27.595,28.472,5.516
1407,27.488,29.220,5.069
1408,27.666,29.255,5.588
1409,28.047,30.060,6.588
1410,27.808,28.879,5.937
1411,26.807,29.500,5.500
1412,27.684,29.535,4.599
1413,27.817,29.540,6.711
1414,26.978,29.235,6.823
1415,26.582,29.032,7.510
1416,26.704,29.105,7.290
1417,26.939,29.208,7.248
1418,25.971,29.827,7.394
1419,27.084,28.769,7.681
1420,26.802,28.287,6.222
1421,25.535,27.992,6.536
1422,25.521,28.031,6.782
1423,25.755,26.913,5.651
1424,25.282,27.593,5.638
1425,25.729,27.304,5.724
1426,26.016,26.863,4.922
1427,25.327,28.609,6.391
1428,26.721,28.693,7.136
1429,26.492,28.012,6.879
1430,27.624,29.055,6.807
1431,28.008,28.932,5.489
1432,27.853,28.458,3.171
1433,27.583,27.601,3.511
1434,28.427,28.260,4.174
1435,28.985,28.965,5.054
1436,27.175,28.129,5.852
1437,27.269,28.207,3.943
1438,28.244,28.500,4.014
1439,27.850,28.140,4.366
1440,26.770,27.929,3.753
1441,27.149,27.763,4.308
1442,26.892,27.122,4.237
1443,27.157,28.886,5.163
1444,27.786,27.821,4.764
1445,27.675,28.958,4.874
1446,27.499,28.937,6.132
1447,27.475,28.474,4.433
1448,28.177,29.140,4.413
1449,27.760,29.059,3.858
1450,27.221,27.899,4.035
1451,27.371,28.093,3.638
1452,27.673,29.800,4.339
1453,27.366,29.190,5.655
1454,27.693,29.021,5.421
1455,27.579,29.267,4.010
1456,27.035,29.008,4.801
1457,27.321,29.847,5.374
1458,27.613,29.182,4.751
1459,27.481,29.367,4.708
1460,27.486,28.499,3.994
1461,27.609,28.869,3.949
1462,27.532,30.395,4.778
1463,27.892,31.441,6.935
1464,26.812,29.519,5.515
1465,26.913,28.262,4.405
1466,26.801,29.461,4.715
1467,27.962,30.200,5.040
1468,27.581,28.370,4.514
1469,27.958,29.453,4.057
1470,28.011,30.055,4.646
1471,28.764,30.056,4.884
1472,28.433,29.625,4.611
1473,26.987,29.052,5.109
1474,28.000,29.996,5.317
1475,27.421,30.130,4.199
1476,28.167,28.976,4.941
1477,27.068,30.128,4.807
1478,27.881,29.206,4.694
1479,27.736,29.376,4.395
1480,27.471,29.791,3.911
1481,28.852,30.790,4.959
1482,28.012,29.754,4.355
1483,28.090,30.111,4.763
1484,27.072,29.170,5.365
1485,27.216,29.718,4.720
1486,27.490,29.150,4.440
1487,26.894,29.579,4.325
1488,27.831,29.578,4.606
1489,27.270,29.364,5.113
1490,27.162,29.964,4.538
1491,27.385,29.569,4.629
1492,27.724,28.693,4.700
1493,27.571,28.629,4.884
1494,27.859,28.310,4.452
1495,29.352,29.407,5.160
1496,29.693,28.527,4.087
1497,30.752,29.422,4.887
1498,28.307,29.640,4.527
1499,30.654,29.868,4.849
1500,29.099,29.742,4.859
1501,29.242,28.753,5.092
1502,28.138,28.440,4.362
1503,29.788,29.174,5.531
1504,29.488,28.288,4.110
1505,30.636,29.529,4.248
1506,30.065,29.052,4.243
1507,28.151,28.723,4.956
1508,27.710,28.377,3.680
1509,28.314,29.434,4.716
1510,27.970,30.278,5.274
1511,28.064,29.887,4.731
1512,27.448,28.219,4.256
1513,27.514,28.974,4.249
1514,27.171,28.428,3.908
1515,26.659,28.372,4.501
1516,27.272,28.134,4.381
1517,26.960,28.672,3.864
1518,27.230,29.410,4.071
1519,28.090,29.362,4.518
1520,29.881,29.354,4.411
1521,30.571,29.437,4.631
1522,29.168,28.979,4.255
1523,29.349,28.512,3.965
1524,28.496,28.994,3.783
1525,26.068,28.047,4.107
1526,26.516,28.510,4.220
1527,26.462,28.776,4.254
1528,26.641,29.516,4.706
1529,27.350,29.354,4.694
1530,26.987,29.559,4.645
1531,27.280,29.066,4.350
1532,27.142,29.648,5.095
1533,26.407,28.724,4.443
1534,27.411,29.826,4.992
1535,27.351,29.227,3.422
1536,27.372,28.688,3.892
1537,26.963,29.186,4.039
1538,27.885,29.570,4.130
1539,26.779,29.120,4.524
1540,26.744,28.980,3.867
1541,29.564,28.510,4.551
1542,28.733,29.269,3.994
1543,29.763,30.188,4.242
1544,29.423,29.229,4.001
1545,29.726,29.043,4.821
1546,30.011,29.979,4.804
1547,29.373,30.042,3.969
1548,29.397,30.832,5.234
1549,28.573,29.743,4.827
1550,29.098,29.726,3.405
1551,28.361,29.777,4.030
1552,29.678,28.673,4.169
1553,26.953,28.549,3.934
1554,27.935,29.587,4.462
1555,27.122,29.862,4.172
1556,26.291,29.294,4.229
1557,26.825,30.186,5.486
1558,26.817,29.760,4.925
1559,27.545,30.033,4.349
1560,26.982,30.654,5.808
1561,27.008,31.091,6.003
1562,25.997,29.501,4.099
1563,26.634,29.279,4.020
1564,26.241,28.992,4.130
1565,27.474,29.998,5.651
1566,27.483,30.591,4.647
1567,27.198,29.905,4.685
1568,27.160,30.571,4.249
1569,26.818,30.186,4.621
1570,27.439,29.999,3.803
1571,26.751,29.963,4.009
1572,26.769,28.482,3.824
1573,26.638,29.915,5.424
1574,28.221,29.950,4.804
1575,27.886,29.689,7.203
1576,27.500,28.974,4.393
1577,28.612,30.042,4.975
1578,27.121,28.902,4.442
1579,27.526,28.462,4.991
1580,28.272,28.888,4.087
1581,27.963,29.967,3.831
1582,28.095,29.959,4.149
1583,27.655,30.620,4.772
1584,27.396,29.749,4.539
1585,27.876,29.836,4.567
1586,27.075,29.396,4.421
1587,28.086,31.318,4.830
1588,28.024,29.931,3.592
1589,27.177,29.883,3.908
1590,27.889,30.928,4.764
1591,27.571,30.165,5.629
1592,28.084,29.950,4.502
1593,26.946,29.874,6.218
1594,26.731,29.670,3.938
1595,26.702,29.699,4.023
1596,26.763,29.961,4.628
1597,27.729,30.471,3.739
1598,27.589,30.316,4.334
1599,27.209,30.566,4.634
1600,27.589,30.298,4.887
1601,28.225,29.801,4.127
1602,27.869,30.637,4.555
1603,28.301,29.750,3.866
1604,29.403,31.382,5.146
1605,27.888,30.502,4.033
1606,28.051,29.013,4.580
1607,27.608,29.258,4.278
1608,27.331,30.145,5.021
1609,26.983,28.002,3.872
1610,27.736,29.913,4.262
1611,28.174,29.429,4.621
1612,28.027,29.366,3.737
1613,28.392,28.506,4.695
1614,27.506,28.413,4.073
1615,30.574,29.381,3.890
1616,26.859,27.940,3.972
1617,26.761,28.582,4.584
1618,28.431,29.565,4.169
1619,29.216,30.116,3.555
1620,29.344,28.592,4.252
1621,29.557,28.959,4.023
1622,27.321,29.581,5.403
1623,27.932,28.130,3.769
1624,27.776,28.900,4.443
1625,27.550,28.774,5.005
1626,28.922,29.590,4.005
1627,28.267,30.050,4.165
1628,27.997,29.148,4.233
1629,27.466,29.930,3.979
1630,27.506,29.562,5.995
1631,27.642,29.470,4.366
1632,27.537,29.835,5.334
1633,27.582,28.942,4.052
1634,27.454,30.011,5.616
1635,27.633,29.383,4.371
1636,27.330,30.043,4.697
1637,28.016,29.763,4.027
1638,27.868,29.242,4.221
1639,28.194,29.014,4.137
1640,26.917,29.625,4.812
1641,26.931,29.265,6.017
1642,27.218,29.765,4.747
1643,25.487,29.041,5.957
1644,27.864,29.800,4.315
1645,28.437,28.467,3.544
1646,27.112,28.874,3.907
1647,27.366,28.787,4.563
1648,26.508,29.515,4.729
1649,28.097,29.061,4.064
1650,27.942,29.269,4.515
1651,27.905,29.284,4.621
1652,28.361,30.105,4.425
1653,27.868,29.162,5.343
1654,29.098,29.943,6.102
1655,27.248,28.697,5.621
1656,27.223,29.102,5.496
1657,28.268,29.694,5.443
1658,28.163,28.559,3.627
1659,27.527,29.070,4.875
1660,27.839,29.617,3.923
1661,27.976,29.504,4.093
1662,28.205,29.704,3.625
1663,27.105,29.350,4.534
1664,27.343,29.354,5.045
1665,25.764,28.109,4.440
1666,25.745,28.633,3.617
1667,25.310,28.012,5.226
1668,25.790,27.958,4.355
1669,25.484,27.127,4.874
1670,25.915,27.501,5.042
1671,25.545,27.692,4.459
1672,25.541,27.796,5.024
1673,25.867,27.646,4.463
1674,26.205,27.864,4.710
1675,26.740,27.974,4.744
1676,26.168,27.611,4.063
1677,25.122,27.034,5.469
1678,26.800,27.715,4.599
1679,25.277,26.308,5.278
1680,25.852,26.277,4.082
1681,24.774,26.645,5.288
1682,25.724,26.868,4.896
1683,25.819,26.868,4.118
1684,25.541,26.350,3.927
1685,25.595,27.149,5.205
1686,25.930,27.107,3.341
1687,26.945,28.404,4.278
1688,25.528,26.647,3.828
1689,25.987,27.121,4.458
1690,26.568,28.489,4.986
1691,26.846,28.019,4.197
1692,26.661,28.154,4.167
1693,26.651,27.339,4.558
1694,24.331,26.920,5.529
1695,26.213,27.203,5.289
1696,26.199,28.134,5.649
1697,26.523,27.560,4.768
1698,26.451,27.449,4.623
1699,25.526,27.298,4.210
1700,26.883,27.548,5.255
1701,26.566,27.417,4.768
1702,27.075,27.689,4.377
1703,26.654,28.532,5.807
1704,25.914,27.431,5.594
1705,26.510,28.803,6.595
1706,26.092,28.506,4.868
1707,25.187,27.900,5.496
1708,26.163,27.655,4.809
1709,25.646,27.492,4.827
1710,26.479,27.150,4.714
1711,25.152,27.747,4.805
1712,25.078,26.832,5.028
1713,26.008,27.422,4.182
1714,25.057,26.816,3.718
1715,25.592,28.145,4.844
1716,24.888,26.511,4.921
1717,26.264,27.123,4.140
1718,25.734,27.057,4.136
1719,25.937,26.944,4.505
1720,25.851,28.001,4.526
1721,25.685,29.230,5.112
1722,27.738,27.596,4.836
1723,27.228,28.313,5.979
1724,26.582,28.146,4.585
1725,27.425,29.496,4.621
1726,27.144,27.922,4.369
1727,27.091,27.640,4.469
1728,27.450,27.862,5.811
1729,27.863,26.808,4.696
1730,27.824,27.464,5.773
1731,28.844,27.699,4.779
1732,28.444,27.680,5.765
1733,28.216,27.982,5.084
1734,25.319,27.458,5.058
1735,25.206,28.094,4.911
1736,25.357,26.805,4.206
1737,25.770,27.858,5.156
1738,27.822,28.329,4.186
1739,25.241,28.275,4.110
1740,25.504,27.935,4.676
1741,25.048,28.641,4.673
1742,25.243,27.143,4.325
1743,25.663,28.447,4.366
1744,25.858,27.590,4.410
1745,25.807,28.148,4.705
1746,25.394,27.585,5.280
1747,25.669,27.796,5.785
1748,26.230,27.969,4.938
1749,25.690,27.748,4.777
1750,25.271,26.536,5.022
1751,25.265,27.650,4.784
1752,25.183,27.797,5.467
1753,25.994,27.786,4.748
1754,25.340,27.746,3.823
1755,26.062,28.823,4.669
1756,25.572,28.556,5.393
1757,26.029,29.010,4.363
1758,25.198,27.934,4.476
1759,26.147,27.426,4.062
1760,25.610,28.610,5.524
1761,25.696,28.403,4.358
1762,24.759,26.882,4.759
1763,25.507,27.132,3.876
1764,24.696,27.482,4.671
1765,26.253,28.062,3.966
1766,26.135,27.225,4.174
1767,26.036,28.319,4.484
1768,26.810,28.653,5.197
1769,26.269,29.087,4.390
1770,26.531,28.168,4.254
1771,26.601,27.479,4.613
1772,25.439,28.044,4.598
1773,26.052,27.226,4.574
1774,25.959,26.654,4.813
1775,26.070,28.026,5.143
1776,25.773,28.362,5.695
1777,25.462,28.310,4.423
1778,26.100,27.680,4.540
1779,25.848,27.228,5.083
1780,25.300,28.012,4.494
1781,26.303,28.863,4.510
1782,25.365,27.519,4.354
1783,25.548,28.541,3.831
1784,24.604,28.113,4.483
1785,24.866,28.245,4.194
1786,25.210,28.597,5.146
1787,25.048,27.543,3.850
1788,25.980,27.249,4.462
1789,25.405,27.190,4.087
1790,28.147,26.920,5.413
1791,27.717,26.739,4.701
1792,27.296,27.346,4.210
1793,26.976,26.055,4.308
1794,27.485,25.984,3.819
1795,27.411,26.711,4.320
1796,26.638,26.335,5.331
1797,27.510,26.716,3.865
1798,28.297,27.026,5.162
1799,27.419,26.544,5.058
1800,27.373,27.091,5.845
1801,27.669,25.992,4.200
1802,26.813,27.311,5.252
1803,28.266,29.668,6.230
1804,28.445,28.157,8.106
1805,27.660,27.996,7.382
1806,27.397,28.871,7.920
1807,27.006,29.083,6.994
1808,27.595,30.641,6.240
1809,27.410,29.982,6.336
1810,26.444,29.702,6.540
1811,27.366,30.570,7.563
1812,28.414,29.087,6.192
1813,30.725,28.872,7.808
1814,29.374,28.874,6.591
1815,27.622,28.864,5.787
1816,28.709,29.138,5.207
1817,27.647,29.072,5.333
1818,26.803,28.795,5.062
1819,27.367,29.055,5.253
1820,26.597,28.679,5.002
1821,28.370,29.325,5.630
1822,26.959,29.308,4.432
1823,26.316,28.978,5.863
1824,26.802,29.515,4.464
1825,27.107,28.544,4.723
1826,26.071,28.566,6.165
1827,26.891,28.815,4.625
1828,27.519,29.052,5.902
1829,27.071,28.956,4.747
1830,26.402,28.870,4.930
1831,27.803,29.023,5.543
1832,26.328,29.589,4.856
1833,26.235,28.344,6.205
1834,26.857,28.735,5.401
1835,26.606,28.163,4.322
1836,26.226,29.807,5.248
1837,26.822,29.244,4.005
1838,27.143,29.693,4.757
1839,27.853,30.869,5.337
1840,26.905,29.816,5.490
1841,28.176,30.552,5.620
1842,28.499,30.048,3.216
1843,27.395,29.193,3.505
1844,27.311,29.854,3.958
1845,27.609,29.750,4.159
1846,27.172,29.058,4.151
1847,27.451,29.588,3.883
1848,27.491,29.974,4.393
1849,26.690,29.076,4.939
1850,26.522,28.299,4.113
1851,27.172,29.493,4.638
1852,26.008,29.516,6.630
1853,27.102,30.051,5.470
1854,26.612,29.364,4.769
1855,27.061,30.320,4.609
1856,27.108,29.154,3.905
1857,26.925,28.584,4.139
1858,26.739,29.595,4.747
1859,26.885,28.784,4.207
1860,26.480,28.544,3.604
1861,26.052,29.454,4.968
1862,27.358,29.124,3.223
1863,27.242,28.971,4.226
1864,28.681,28.402,3.777
1865,27.405,29.225,6.672
1866,29.825,29.206,5.957
1867,28.414,29.282,3.770
1868,28.469,28.854,3.233
1869,28.497,29.950,5.517
1870,27.026,30.153,4.660
1871,29.789,29.948,3.661
1872,27.276,30.331,3.862
1873,26.891,28.513,4.347
1874,26.440,29.360,6.321
1875,27.753,30.532,5.645
1876,27.627,28.536,4.275
1877,28.164,28.921,4.049
1878,27.698,29.612,4.300
1879,27.633,29.227,4.133
1880,27.656,28.988,4.205
1881,28.578,29.772,3.279
1882,27.837,29.231,4.341
1883,26.904,28.474,3.976
1884,27.088,27.869,3.788
1885,26.553,28.404,3.941
1886,25.502,27.932,3.903
1887,26.214,28.662,3.721
1888,27.529,28.644,3.942
1889,26.171,27.707,4.031
1890,27.481,28.690,3.943
1891,26.983,28.782,3.621
1892,26.646,29.155,3.716
1893,26.591,29.016,4.244
1894,25.734,28.590,3.627
1895,26.526,28.656,4.496
1896,27.229,29.587,4.470
1897,26.972,29.116,3.809
1898,28.551,29.691,4.076
1899,27.021,28.487,4.251
1900,26.692,29.451,3.903
1901,26.831,28.740,4.598
1902,28.368,30.712,5.068
1903,27.321,29.904,5.564
1904,27.688,29.541,5.269
1905,28.226,30.645,5.416
1906,27.246,29.555,3.947
1907,27.169,28.811,4.688
1908,27.459,29.051,4.436
1909,26.096,28.772,5.878
1910,26.977,29.581,6.308
1911,27.231,29.621,4.699
1912,28.298,30.414,5.727
1913,27.839,31.129,6.374
1914,27.495,30.448,5.521
1915,27.820,29.738,5.453
1916,28.163,29.871,4.291
1917,27.760,31.204,5.374
1918,27.280,29.846,4.737
1919,28.093,32.609,5.115
1920,26.559,30.343,5.302
1921,27.580,32.140,5.722
1922,28.343,31.871,4.805
1923,28.740,32.208,5.514
1924,27.345,32.136,6.219
1925,27.558,31.286,5.495
1926,28.283,30.730,5.283
1927,28.299,31.594,3.836
1928,28.186,32.253,6.073
1929,28.390,32.090,6.172
1930,28.163,31.378,5.703
1931,28.030,31.263,4.454
1932,28.460,30.890,6.040
1933,27.386,30.375,6.971
1934,26.482,30.104,6.118
1935,25.959,30.511,6.683
1936,27.570,31.906,5.158
1937,26.596,30.958,6.637
1938,27.088,30.611,6.231
1939,27.832,30.689,6.409
1940,27.953,30.434,4.686
1941,28.296,31.395,5.638
1942,27.242,29.984,6.326
1943,26.465,29.349,4.978
1944,27.605,30.305,6.092
1945,28.302,30.674,5.452
1946,27.879,29.779,5.418
1947,27.816,29.837,5.272
1948,27.803,30.803,5.732
1949,27.317,31.099,5.517
1950,26.975,29.591,6.418
1951,27.399,31.372,6.446
1952,25.774,29.429,7.095
1953,27.308,29.509,4.199
1954,27.454,29.801,6.120
1955,27.734,29.638,5.161
1956,27.548,30.417,4.413
1957,27.182,31.350,5.527
1958,29.123,30.399,5.281
1959,28.582,29.608,3.590
1960,27.991,30.576,4.946
1961,27.890,30.387,4.562
1962,28.257,31.288,4.537
1963,28.817,30.512,4.662
1964,27.760,30.216,3.512
1965,27.724,30.164,4.057
1966,28.343,29.048,5.066
1967,29.002,31.896,4.600
1968,27.501,30.101,3.703
1969,27.913,28.787,4.878
1970,28.803,30.390,5.375
1971,27.113,31.739,6.162
1972,26.462,30.094,5.899
1973,26.342,29.544,4.872
1974,27.969,30.316,4.372
1975,27.798,29.335,4.425
1976,27.553,30.330,4.324
1977,28.024,30.238,3.835
1978,28.168,30.520,5.509
1979,29.880,31.088,5.155
1980,28.089,30.293,4.842
1981,28.699,31.163,4.324
1982,28.063,30.802,5.426
1983,27.507,30.158,5.456
1984,27.667,31.252,5.540
1985,28.189,31.229,5.257
1986,29.280,32.911,6.249
1987,27.742,32.473,5.621
1988,26.167,31.547,5.585
1989,27.490,31.496,5.476
1990,28.222,33.196,4.239
1991,28.286,32.217,5.360
1992,28.052,31.877,4.383
1993,28.612,32.708,4.323
1994,27.729,31.256,3.853
1995,28.487,30.133,4.422
1996,27.857,30.894,4.906
1997,27.669,31.614,5.736
1998,28.364,30.932,3.907
1999,27.542,30.609,4.138
2000,27.901,30.459,4.398
2001,27.835,30.194,4.484
2002,27.439,30.308,4.359
2003,26.806,30.507,5.262
2004,27.842,31.211,7.027
2005,28.399,30.362,3.776
2006,27.087,31.021,5.454
2007,24.806,28.563,7.954
2008,24.620,29.141,6.864
2009,24.630,29.460,7.236
2010,24.931,29.539,7.338
2011,25.254,30.349,7.412
2012,25.226,28.878,8.703
2013,25.101,28.687,7.647
2014,24.890,28.906,7.731
2015,24.714,28.164,7.530
2016,24.810,28.327,7.822
2017,24.119,27.097,7.937
2018,24.670,28.769,7.855
2019,24.793,27.894,6.573
2020,25.475,28.873,6.689
2021,26.635,30.491,8.208
2022,25.706,29.100,7.395
2023,24.847,29.295,8.758
2024,25.514,28.883,7.091
2025,25.140,28.066,7.434
2026,25.115,27.374,7.822
2027,24.989,28.505,8.109
2028,25.589,30.697,7.863
2029,24.515,28.104,8.089
2030,25.383,29.426,7.855
2031,24.917,28.437,7.012
2032,24.846,28.308,7.889
2033,24.563,29.484,8.061
2034,25.537,29.145,7.790
2035,24.027,27.740,6.770
2036,24.195,27.734,7.131
2037,22.626,26.937,7.264
2038,24.241,27.735,7.311
2039,25.740,30.181,5.574
2040,26.803,29.336,5.298
2041,26.315,28.998,5.042
2042,26.338,29.452,7.060
2043,27.175,29.539,5.744
2044,26.772,30.174,5.199
2045,26.395,30.261,6.027
2046,27.283,29.511,5.453
2047,26.508,29.493,4.767
2048,27.748,29.352,4.868
2049,27.833,30.506,4.615
2050,28.063,30.886,4.671
2051,27.048,29.496,5.155
2052,29.205,30.664,4.031
2053,28.343,30.116,4.745
2054,26.545,28.587,4.248
2055,27.785,29.624,4.586
2056,28.636,30.511,4.699
2057,27.793,29.895,5.434
2058,27.836,30.644,5.118
2059,28.766,29.889,4.604
2060,27.874,29.760,4.543
2061,27.317,29.737,5.717
2062,27.792,31.169,6.068
2063,27.712,28.780,4.063
2064,27.189,29.602,5.176
2065,27.964,30.145,5.087
2066,27.573,29.530,4.688
2067,28.496,30.316,5.003
2068,27.137,30.405,6.259
2069,26.318,29.818,6.039
2070,27.094,30.068,7.229
2071,26.168,30.863,7.487
2072,26.689,30.315,6.729
2073,27.145,31.370,4.850
2074,27.790,29.247,3.732
2075,27.692,29.654,4.226
2076,27.050,29.879,4.592
2077,26.390,29.163,3.846
2078,25.979,29.411,4.155
2079,26.524,28.125,4.616
2080,26.054,30.473,6.118
2081,26.375,30.170,6.330
2082,25.057,29.600,6.766
2083,25.848,29.887,5.825
2084,24.877,28.591,6.971
2085,24.433,28.893,6.902
2086,25.104,30.214,6.439
2087,26.027,29.321,6.772
2088,25.265,28.234,6.549
2089,26.799,32.182,7.125
2090,26.750,30.422,6.680
2091,27.512,31.595,6.872
2092,27.189,31.105,7.192
2093,26.187,31.395,6.965
2094,27.062,30.968,7.082
2095,26.955,31.565,6.764
2096,25.881,30.868,7.065
2097,26.668,31.371,6.261
2098,26.731,31.615,6.371
2099,27.326,31.470,5.903
2100,26.838,30.891,4.846
2101,27.353,30.542,5.301
2102,26.230,30.777,5.736
2103,26.343,30.444,5.629
2104,26.368,30.462,5.815
2105,27.744,30.627,4.432
2106,27.924,30.840,4.772
2107,28.205,30.473,4.653
2108,27.855,31.040,4.940
2109,27.382,30.064,4.499
2110,30.608,30.936,4.062
2111,28.494,30.341,4.522
2112,27.264,31.057,5.850
2113,28.281,30.758,6.212
2114,27.918,30.342,5.376
2115,27.974,30.432,5.527
2116,27.690,30.224,6.010
2117,26.940,30.071,5.143
2118,28.337,30.852,5.885
2119,28.090,31.410,5.394
2120,27.371,30.088,4.929
2121,27.707,31.322,5.180
2122,28.190,31.291,5.261
2123,27.492,30.133,4.902
2124,27.522,30.210,4.379
2125,26.857,30.626,4.446
2126,27.756,30.413,5.415
2127,28.681,31.235,5.721
2128,27.452,31.194,6.171
2129,28.082,30.996,5.740
2130,28.007,31.160,5.211
2131,29.190,32.288,6.097
2132,28.003,30.953,4.263
2133,27.119,30.925,4.170
2134,27.795,31.078,4.954
2135,27.741,30.858,4.646
2136,28.819,31.389,3.957
2137,27.505,30.631,4.859
2138,28.100,30.338,5.111
2139,27.932,30.483,4.602
2140,27.542,31.607,4.350
2141,27.726,30.624,3.948
2142,27.726,29.819,3.825
2143,27.006,30.550,4.355
2144,27.596,31.070,4.946
2145,28.045,31.206,4.224
2146,28.537,30.476,4.423
2147,28.258,31.611,4.790
2148,28.148,31.741,5.768
2149,28.124,32.068,4.105
2150,27.513,30.769,5.198
2151,27.845,31.539,5.122
2152,27.808,31.790,4.771
2153,28.011,31.563,4.811
2154,28.482,31.906,4.484
2155,26.985,32.126,5.649
2156,27.769,31.835,4.368
2157,28.373,31.211,3.944
2158,27.730,31.303,4.513
2159,28.435,31.452,4.753
2160,28.098,30.978,4.617
2161,27.764,31.746,3.831
2162,29.152,31.859,4.869
2163,28.038,31.797,4.170
2164,27.933,31.163,4.090
2165,27.829,31.790,4.876
2166,26.178,30.061,4.718
2167,27.687,31.464,4.362
2168,28.247,31.284,4.123
2169,27.761,31.989,4.100
2170,28.286,31.620,4.559
2171,27.697,30.425,4.000
2172,28.626,31.308,4.309
2173,28.502,30.955,4.168
2174,27.458,31.232,4.694
2175,27.752,32.254,5.115
2176,28.036,31.748,4.705
2177,26.295,29.144,4.441
2178,26.754,30.122,4.398
2179,25.763,31.178,4.689
2180,25.063,30.037,4.629
2181,27.035,30.037,4.623
2182,26.668,28.825,4.663
2183,28.605,28.806,4.442
2184,28.512,28.275,4.240
2185,28.731,30.003,5.023
2186,27.770,28.905,4.602
2187,27.782,28.549,4.167
2188,28.208,28.429,4.628
2189,25.981,29.046,4.591
2190,26.459,29.276,4.443
2191,26.567,29.486,4.240
2192,25.376,29.297,4.297
2193,26.399,28.333,4.532
2194,26.469,30.044,4.700
2195,26.203,28.270,4.846
2196,25.931,28.100,4.693
2197,25.414,28.715,3.831
2198,25.647,28.463,4.231
2199,26.076,28.515,4.205
2200,25.907,28.613,4.327
2201,26.292,28.547,4.863
2202,25.861,27.664,4.295
2203,25.646,27.954,4.793
2204,26.242,28.226,4.817
2205,25.287,28.929,4.955
2206,27.053,29.588,4.654
2207,27.079,29.089,4.626
2208,25.687,28.926,5.044
2209,26.758,30.271,4.932
2210,26.241,29.432,4.271
2211,26.243,28.608,4.512
2212,25.090,27.599,4.305
2213,25.280,27.347,4.543
2214,25.758,27.510,3.992
2215,26.842,27.355,4.055
2216,24.987,26.918,4.505
2217,25.265,27.611,4.420
2218,25.679,28.838,4.646
2219,24.862,28.451,4.693
2220,25.546,28.375,4.498
2221,25.134,28.614,5.119
2222,24.813,27.867,4.306
2223,25.092,29.040,4.612
2224,25.377,28.351,4.190
2225,25.935,27.738,4.879
2226,26.580,27.680,4.353
2227,25.510,27.775,4.846
2228,25.943,27.948,4.430
2229,28.036,26.934,4.488
2230,27.871,26.358,4.888
2231,28.344,28.226,4.319
2232,27.893,27.219,4.798
2233,28.049,27.722,3.733
2234,28.627,28.438,4.435
2235,27.578,27.665,4.299
2236,27.548,28.249,4.376
2237,27.194,27.613,5.304
2238,27.980,28.984,4.615
2239,28.088,28.360,4.283
2240,27.633,27.589,4.160
2241,27.803,28.127,4.585
2242,27.757,28.152,4.075
2243,28.268,28.291,4.816
2244,28.434,27.264,4.250
2245,28.966,28.748,3.845
2246,28.007,27.562,4.430
2247,28.808,29.225,4.534
2248,28.132,27.862,4.436
2249,27.612,27.729,4.861
2250,27.513,27.115,4.841
2251,27.683,28.743,5.082
2252,27.742,28.492,4.502
2253,28.513,27.041,4.326
2254,27.594,27.298,4.217
2255,28.931,28.394,4.312
2256,27.765,28.157,4.472
2257,27.573,27.773,4.728
2258,27.764,27.074,5.111
2259,27.768,28.256,4.661
2260,27.284,27.515,4.538
2261,27.621,27.199,4.945
2262,28.241,27.341,4.513
2263,27.515,29.410,4.801
2264,28.213,28.142,4.393
2265,26.942,26.819,3.643
2266,27.162,27.584,4.798
2267,26.411,27.803,4.746
2268,27.676,27.393,4.373
2269,27.337,27.833,4.913
2270,28.615,27.226,4.880
2271,29.044,27.962,3.461
2272,28.675,27.906,4.391
2273,26.675,26.295,4.600
2274,26.841,27.931,4.517
2275,27.035,28.084,4.797
2276,26.103,27.422,4.178
2277,25.987,27.959,4.876
2278,24.867,27.403,5.098
2279,26.039,28.180,3.695
2280,24.948,28.425,4.539
2281,25.374,28.065,4.146
2282,25.784,28.165,4.224
2283,24.569,28.184,4.202
2284,25.509,27.168,4.705
2285,25.198,27.948,4.038
2286,24.842,27.645,5.043
2287,24.908,28.413,4.880
2288,26.718,29.759,4.112
2289,25.387,27.586,4.819
2290,26.108,27.672,4.439
2291,26.196,28.954,4.206
2292,25.839,27.692,4.193
2293,26.827,27.865,4.712
2294,26.280,27.577,4.337
2295,25.230,26.578,4.864
2296,25.175,26.024,4.314
2297,27.955,26.823,4.404
2298,28.789,27.408,4.574
2299,29.257,27.508,4.358
2300,28.550,27.188,4.610
2301,28.433,28.022,4.510
2302,27.595,27.131,3.860
2303,28.400,27.472,3.949
2304,27.487,28.133,5.222
2305,25.720,28.311,4.339
2306,26.725,27.252,4.777
2307,25.889,26.863,4.376
2308,26.002,27.515,4.952
2309,26.461,27.973,4.380
2310,25.895,26.687,4.884
2311,25.357,26.408,4.607
2312,25.975,26.793,4.852
2313,25.532,26.734,5.253
2314,25.008,26.341,4.718
2315,25.923,27.814,4.449
2316,25.733,27.573,3.869
2317,25.581,26.893,3.733
2318,24.648,25.255,5.362
2319,25.400,26.653,4.104
2320,25.685,26.256,4.951
2321,25.492,27.104,4.001
2322,26.495,27.302,4.083
2323,25.601,26.504,4.518
2324,26.563,27.868,4.837
2325,25.326,26.805,4.145
2326,26.399,27.643,3.954
2327,26.074,28.208,4.578
2328,26.024,27.234,4.439
2329,25.461,26.823,5.013
2330,25.366,27.201,4.127
2331,25.609,26.837,4.986
2332,25.621,26.538,5.099
2333,25.621,27.287,4.550
2334,26.016,27.394,4.680
2335,25.370,28.332,4.284
2336,25.833,28.005,4.226
2337,25.167,27.145,4.328
2338,25.144,27.059,4.994
2339,25.110,26.722,4.530
2340,26.938,29.352,4.308
2341,25.835,27.697,4.474
2342,26.012,27.732,4.421
2343,25.369,27.140,4.449
2344,26.228,27.555,4.507
2345,26.463,27.587,4.229
2346,25.594,26.602,5.229
2347,26.317,27.622,4.415
2348,25.334,27.378,4.487
2349,26.476,28.104,4.774
2350,25.846,27.798,4.056
2351,26.760,28.314,4.359
2352,25.937,28.806,4.201
2353,27.548,29.020,4.704
2354,26.264,28.363,4.941
2355,26.080,27.807,4.279
2356,26.948,28.234,4.054
2357,26.860,29.173,4.113
2358,26.186,27.669,4.917
2359,26.284,28.359,4.482
2360,27.198,28.849,4.081
2361,27.191,27.290,4.517
2362,26.711,28.233,4.453
2363,26.462,28.172,4.430
2364,26.229,27.607,4.619
2365,26.322,28.662,4.772
2366,26.288,28.848,4.363
2367,25.923,27.314,4.946
2368,25.177,26.814,4.808
2369,27.080,27.492,3.978
2370,27.343,27.059,4.262
2371,29.638,28.197,4.087
2372,28.555,28.016,4.681
2373,27.970,27.977,4.149
2374,28.880,27.169,4.683
2375,27.945,27.057,4.895
2376,27.370,26.869,4.547
2377,26.933,28.164,4.892
2378,26.586,27.921,4.649
2379,25.938,27.396,4.928
2380,26.101,28.068,5.014
2381,25.831,28.409,4.973
2382,26.010,27.245,4.166
2383,25.725,27.714,4.574
2384,26.774,28.863,4.483
2385,26.649,27.772,4.761
2386,26.680,27.408,4.537
2387,26.028,27.387,4.589
2388,27.312,27.655,4.414
2389,26.724,26.472,4.564
2390,26.357,26.541,5.097
2391,27.259,28.967,4.739
2392,27.208,29.396,4.183
2393,26.697,29.524,4.289
2394,26.856,28.762,4.159
2395,27.007,28.656,4.051
2396,27.833,29.271,4.260
2397,26.662,29.281,4.375
2398,26.314,27.542,4.463
2399,26.701,26.664,4.802
2400,25.566,26.456,4.623
2401,25.471,26.717,4.551
2402,25.057,25.839,4.622
2403,25.061,26.794,4.189
2404,27.326,28.960,5.339
2405,25.726,28.492,3.937
2406,26.171,29.050,4.564
2407,26.435,29.005,4.404
2408,26.334,29.244,4.364
2409,27.618,27.197,4.781
2410,26.695,27.233,4.653
2411,27.177,27.509,3.981
2412,26.705,27.770,3.911
2413,25.158,26.494,4.748
2414,25.297,26.236,4.763
2415,26.048,25.855,4.825
2416,26.411,27.927,4.590
2417,25.756,26.875,4.678
2418,25.973,26.470,4.863
2419,26.301,28.390,4.266
2420,26.262,27.302,4.031
2421,26.268,27.312,4.115
2422,26.588,29.125,4.505
2423,27.572,28.103,3.580
2424,26.068,28.929,6.854
2425,27.704,27.705,5.779
2426,26.638,27.530,5.167
2427,26.559,26.607,5.695
2428,26.849,27.919,4.221
2429,26.294,26.929,4.575
2430,28.891,28.194,5.647
2431,28.426,27.630,4.542
2432,26.689,28.116,4.825
2433,26.250,26.632,5.136
2434,25.781,26.787,4.710
2435,26.154,27.216,4.040
2436,26.862,27.205,4.329
2437,26.300,28.254,4.756
2438,26.325,28.053,4.264
2439,26.721,29.534,4.446
2440,26.049,26.577,4.744
2441,26.175,27.318,4.966
2442,26.964,27.018,4.347
2443,26.707,27.458,4.342
2444,26.538,27.278,4.239
2445,27.010,26.599,3.818
2446,26.662,26.555,5.370
2447,27.097,27.417,4.015
2448,24.763,26.964,4.772
2449,25.293,27.537,5.007
2450,26.017,26.615,4.528
2451,25.172,26.689,4.609
2452,26.534,27.509,4.622
2453,26.481,27.378,4.001
2454,26.570,27.975,4.625
2455,26.828,27.480,3.895
2456,26.587,24.806,4.750
2457,29.120,26.741,4.591
2458,27.409,26.575,4.272
2459,28.868,26.116,4.615
2460,28.913,27.097,4.264
2461,27.909,26.951,4.590
2462,25.792,26.742,4.666
2463,26.861,27.216,3.630
2464,27.327,28.553,4.507
2465,26.186,24.785,4.276
2466,25.848,25.533,4.395
2467,25.916,25.872,3.922
2468,25.032,26.472,5.045
2469,26.528,27.691,3.962
2470,25.793,27.986,4.393
2471,26.854,28.650,4.735
2472,26.319,25.922,4.509
2473,25.716,25.500,5.685
2474,26.799,26.757,4.426
2475,27.344,26.023,3.868
2476,26.484,26.955,4.094
2477,27.323,28.014,4.399
2478,26.665,27.936,4.490
2479,27.345,27.853,4.914
2480,26.153,26.585,4.124
2481,25.970,24.870,4.797
2482,25.768,26.821,3.789
2483,25.681,25.347,4.372
2484,26.699,28.847,4.347
2485,25.501,25.940,4.716
2486,26.796,24.958,4.557
2487,25.491,26.405,4.892
2488,25.716,26.896,4.619
2489,25.220,26.692,4.549
2490,26.739,28.097,4.442
2491,25.476,27.988,4.833
2492,25.844,28.398,4.380
2493,25.248,27.286,4.939
2494,25.522,27.438,4.763
2495,25.815,27.262,5.043
2496,26.010,27.608,4.750
2497,24.005,26.303,5.159
2498,25.654,27.311,4.757
2499,25.870,26.679,4.074
2500,25.368,28.403,4.465
2501,25.884,26.596,4.457
2502,26.229,27.667,4.845
2503,26.306,27.649,3.815
2504,25.914,29.091,4.178
2505,25.048,27.676,4.057
2506,26.413,25.962,3.862
2507,24.988,25.576,4.658
2508,25.755,26.614,5.029
2509,26.559,27.275,4.361
2510,25.835,29.034,4.862
2511,26.247,27.999,4.267
2512,26.142,28.006,6.003
2513,23.914,25.524,6.245
2514,25.487,26.015,4.525
2515,25.275,27.042,5.072
2516,25.853,27.862,4.287
2517,24.557,26.771,5.315
2518,24.765,26.899,5.243
2519,25.751,26.901,4.171
2520,25.865,27.324,5.986
2521,25.664,26.861,5.459
2522,26.029,27.013,4.574
2523,25.635,27.514,4.501
2524,26.303,27.931,4.481
2525,26.212,27.752,4.371
2526,25.943,27.646,4.466
2527,26.220,27.168,4.161
2528,26.583,28.162,4.525
2529,25.628,26.987,4.988
2530,25.037,27.165,5.184
2531,25.059,26.426,4.850
2532,25.208,26.390,5.116
2533,25.813,26.890,5.225
2534,25.515,26.924,4.176
2535,25.679,26.864,4.524
2536,24.930,27.371,6.035
2537,26.586,27.162,4.883
2538,25.839,28.091,5.287
2539,25.013,27.745,5.055
2540,25.341,27.884,5.006
2541,26.301,27.882,4.120
2542,26.024,28.770,4.751
2543,26.366,28.150,4.693
2544,25.215,28.228,4.382
2545,25.867,28.227,5.350
2546,25.369,28.009,4.395
2547,25.517,28.510,4.896
2548,25.435,26.782,4.906
2549,25.239,26.225,4.743
2550,25.792,26.752,3.704
2551,26.304,27.091,4.806
2552,23.827,26.430,4.228
2553,24.891,27.810,5.162
2554,25.389,27.198,4.534
2555,25.049,27.501,5.291
2556,24.546,25.542,5.317
2557,25.642,27.454,4.997
2558,25.046,28.150,4.681
2559,24.309,27.338,5.033
2560,24.394,27.801,5.132
2561,25.345,28.158,4.661
2562,24.722,27.378,5.226
2563,24.753,28.147,5.609
2564,24.123,27.169,4.886
2565,25.663,28.611,4.721
2566,24.430,27.006,3.415
2567,24.327,27.238,5.258
2568,24.199,26.656,4.939
2569,24.265,26.129,4.522
2570,24.831,26.351,4.923
2571,23.922,26.884,5.410
2572,25.609,27.377,4.538
2573,24.457,24.448,4.011
2574,25.625,29.944,4.765
2575,25.445,27.998,5.255
2576,26.821,29.020,4.177
2577,26.019,28.340,4.715
2578,25.747,28.809,4.363
2579,26.442,28.800,4.077
2580,25.674,29.323,4.111
2581,26.213,29.300,4.261
2582,27.343,28.771,4.091
2583,26.700,29.677,3.617
2584,26.379,30.137,4.666
2585,27.892,30.338,5.103
2586,27.142,29.484,4.721
2587,26.407,28.566,5.156
2588,27.952,31.182,4.891
2589,26.408,28.000,3.982
2590,26.121,28.741,4.694
2591,28.163,29.046,4.365
2592,26.114,28.727,3.855
2593,27.721,29.571,3.698
2594,25.843,29.425,4.548
2595,26.635,29.018,4.673
2596,26.827,28.913,4.559
2597,27.131,28.799,3.602
2598,26.313,28.640,4.744
2599,25.679,27.120,4.572
2600,29.051,29.346,4.193
2601,28.206,27.916,3.884
2602,29.322,29.275,4.076
2603,30.000,30.336,5.188
2604,30.214,29.804,2.978
2605,27.483,30.760,3.738
2606,26.538,29.303,3.682
2607,26.008,28.273,4.188
2608,26.737,28.071,4.035
2609,26.015,28.463,3.960
2610,26.828,28.907,4.457
2611,26.556,28.616,5.119
2612,27.161,26.505,4.688
2613,27.511,29.490,4.045
2614,26.717,28.827,6.422
2615,26.924,28.329,4.647
2616,26.649,28.527,4.739
2617,27.944,29.052,4.268
2618,27.044,28.757,3.766
2619,26.827,27.949,3.352
2620,26.525,29.269,5.231
2621,27.675,29.191,4.792
2622,27.174,28.176,5.660
2623,25.772,28.430,3.866
2624,26.491,28.912,4.627
2625,26.191,29.985,5.247
2626,25.409,28.131,5.019
2627,26.860,26.629,5.209
2628,27.429,26.879,4.062
2629,27.082,27.664,4.270
2630,27.365,28.260,4.041
2631,27.973,28.868,4.166
2632,26.687,27.940,4.009
2633,25.970,27.573,4.006
2634,25.796,27.856,4.402
2635,26.141,29.210,4.062
2636,26.831,29.643,5.431
2637,24.949,28.242,5.840
2638,25.787,28.125,4.833
2639,25.814,28.303,5.421
2640,26.000,27.926,5.209
2641,25.707,27.523,4.795
2642,26.100,26.936,4.178
2643,26.670,28.796,5.650
2644,26.737,28.155,3.791
2645,25.474,27.308,5.223
2646,25.646,28.071,4.464
2647,26.136,28.338,4.103
2648,27.506,28.326,4.117
2649,27.020,27.858,3.896
2650,26.527,27.575,5.039
2651,26.768,27.689,4.205
2652,26.510,26.835,4.066
2653,26.719,27.565,4.087
2654,26.657,27.587,4.810
2655,25.417,28.229,5.346
2656,28.099,27.870,4.218
2657,26.655,28.044,3.747
2658,28.165,27.382,4.015
2659,27.162,30.029,4.704
2660,26.202,29.800,3.671
2661,26.525,29.241,4.309
2662,29.476,28.219,4.371
2663,30.247,29.447,4.906
2664,27.456,28.468,3.736
2665,25.450,29.514,4.259
2666,27.493,28.473,3.868
2667,26.747,29.580,5.460
2668,26.602,28.140,4.054
2669,26.537,29.710,4.383
2670,26.643,29.317,4.190
2671,26.137,29.721,4.551
2672,26.766,29.307,3.819
2673,26.176,29.053,3.769
2674,26.250,26.620,4.698
2675,27.289,28.762,4.212
2676,25.937,26.596,4.595
2677,26.357,29.622,3.608
2678,27.305,30.037,4.132
2679,26.522,29.024,4.353
2680,28.198,29.496,3.711
2681,26.760,28.545,3.995
2682,26.476,27.642,4.231
2683,25.117,28.400,4.142
2684,26.403,29.022,5.742
2685,26.913,29.885,3.699
2686,26.107,27.994,4.716
2687,26.271,29.045,4.381
2688,27.128,28.345,4.089
2689,28.847,28.910,3.618
2690,29.432,28.235,3.209
2691,29.382,31.354,5.646
2692,26.259,29.457,4.195
2693,26.896,28.165,4.127
2694,25.776,28.694,4.359
2695,26.365,29.520,4.303
2696,26.838,29.074,3.697
2697,26.364,28.460,4.156
2698,26.232,28.828,3.898
2699,25.609,27.530,3.909
2700,25.926,29.519,4.465
2701,26.249,27.666,4.367
2702,25.804,29.204,4.226
2703,25.885,29.731,4.300
2704,26.315,29.641,4.479
2705,26.684,29.868,3.914
2706,26.351,29.289,3.588
2707,24.953,28.070,3.667
2708,25.795,28.733,3.188
2709,25.891,28.669,3.460
2710,24.255,28.105,3.786
2711,25.486,27.774,4.044
2712,26.074,29.071,3.322
2713,26.517,29.258,4.100
2714,26.393,28.828,4.946
2715,26.915,29.445,3.297
2716,26.445,28.560,3.173
2717,27.676,30.188,3.137
2718,26.695,29.408,3.880
2719,24.130,27.273,5.208
2720,24.631,27.878,4.711
2721,24.313,27.236,5.071
2722,24.634,28.902,5.245
2723,23.997,26.512,7.841
2724,24.406,28.203,7.878
2725,24.087,27.631,7.670
2726,24.210,27.322,4.892
2727,23.848,27.758,5.684
2728,24.502,27.667,4.394
2729,23.462,27.277,4.878
2730,23.869,27.844,3.995
2731,24.618,27.756,4.414
2732,24.891,27.296,4.589
2733,24.749,27.882,4.281
2734,24.599,27.871,7.747
2735,24.489,27.596,7.475
2736,24.113,28.024,7.329
2737,24.108,28.524,7.431
2738,24.247,27.436,7.642
2739,24.074,27.557,7.195
2740,23.945,27.412,5.812
2741,23.923,27.849,7.946
2742,23.359,27.591,7.570
2743,23.493,27.769,7.628
2744,23.669,26.649,7.134
2745,24.138,27.614,8.192
2746,23.213,27.129,8.200
2747,23.049,27.487,7.363
2748,23.154,27.348,8.190
2749,23.462,26.823,7.629
2750,24.447,28.455,7.443
2751,24.802,29.193,8.411
2752,23.178,26.426,8.056
2753,23.769,28.021,7.761
2754,23.741,27.395,8.338
2755,23.528,26.674,6.700
2756,23.930,27.395,8.107
2757,23.394,28.001,8.605
2758,24.398,27.421,7.452
2759,22.914,27.316,7.973
2760,23.091,27.563,7.758
2761,23.576,27.107,7.694
2762,22.151,25.617,6.708
2763,22.853,26.678,5.879
2764,25.286,28.396,7.921
2765,23.326,28.490,7.097
2766,24.363,28.658,7.971
2767,23.703,28.026,7.346
2768,23.803,27.616,8.380
2769,23.016,27.752,8.158
2770,24.635,29.631,7.491
2771,24.258,27.617,7.706
2772,24.387,27.640,7.663
2773,24.072,27.956,7.814
2774,24.741,28.547,8.041
2775,23.595,26.298,7.302
2776,24.318,26.817,8.445
2777,25.043,27.386,7.646
2778,24.535,27.906,7.767
2779,26.726,28.963,3.666
2780,25.457,27.608,4.592
2781,25.182,26.727,5.401
2782,25.920,28.578,5.062
2783,23.727,27.941,7.334
2784,23.846,28.664,7.545
2785,27.090,28.410,5.795
2786,27.188,28.270,7.583
2787,24.781,27.545,7.545
2788,25.746,26.978,7.217
2789,26.065,27.583,7.595
2790,27.607,28.281,6.213
2791,27.437,28.052,6.704
2792,27.230,27.548,7.861
2793,27.994,27.449,8.121
2794,27.303,28.551,7.637
2795,26.525,28.001,8.328
2796,24.912,28.209,7.755
2797,25.196,28.981,7.706
2798,25.002,30.103,7.166
2799,24.761,29.097,8.609
2800,23.630,27.621,8.272
2801,23.964,27.778,7.811
2802,25.485,28.222,8.459
2803,24.189,28.285,7.913
2804,24.455,29.050,8.339
2805,24.879,29.334,8.329
2806,24.375,28.636,7.791
2807,24.550,27.872,7.786
2808,24.802,28.334,7.872
2809,24.024,27.088,7.940
2810,24.600,29.076,7.508
2811,24.753,28.240,7.089
2812,24.861,28.484,7.588
2813,24.434,28.990,8.073
2814,24.991,27.355,8.139
2815,25.112,27.754,4.854
2816,25.989,29.119,4.689
2817,25.541,29.335,6.403
2818,25.340,29.481,8.243
2819,24.414,28.478,7.882
2820,23.969,27.754,7.835
2821,25.188,27.938,4.680
2822,23.852,29.114,7.298
2823,23.935,27.974,8.224
2824,24.689,29.386,7.672
2825,24.755,27.620,7.445
2826,24.220,27.399,7.446
2827,25.491,28.745,7.486
2828,24.271,27.416,7.831
2829,23.833,28.911,7.664
2830,24.375,29.694,6.851
2831,25.126,28.327,8.151
2832,24.592,27.425,7.338
2833,23.812,27.219,7.380
2834,25.222,27.478,7.868
2835,25.005,27.791,7.829
2836,23.496,27.140,8.324
2837,24.380,29.405,8.033
2838,23.447,26.634,7.600
2839,24.827,29.200,7.837
2840,24.385,26.965,7.353
2841,24.955,28.287,7.726
2842,25.901,27.584,7.439
2843,25.086,28.674,8.043
2844,25.349,28.254,7.578
2845,25.122,28.294,7.309
2846,24.259,28.397,7.974
2847,25.796,30.209,7.237
2848,23.946,29.315,7.932
2849,25.615,29.312,8.663
2850,24.859,28.063,7.383
2851,25.467,29.346,8.155
2852,25.551,28.515,7.209
2853,25.175,26.941,7.802
2854,26.066,29.013,7.407
2855,25.546,29.721,7.696
2856,25.296,28.392,8.225
2857,24.682,28.701,7.588
2858,24.515,28.236,7.695
2859,25.253,28.588,8.304
2860,25.608,28.125,7.647
2861,25.110,31.754,8.152
2862,23.874,28.490,8.348
2863,24.316,28.804,8.721
2864,26.408,28.927,9.163
2865,25.720,27.166,8.688
2866,25.221,28.082,7.668
2867,24.812,28.268,8.155
2868,24.828,27.571,9.061
2869,26.624,30.082,7.851
2870,26.071,28.609,8.106
2871,25.712,28.903,8.747
2872,24.926,29.175,9.589
2873,26.459,29.031,5.758
2874,27.925,27.891,4.736
2875,27.966,28.957,5.284
2876,25.673,27.886,8.127
2877,27.545,28.483,7.696
2878,28.099,28.708,8.194
2879,26.375,27.346,7.958
2880,27.232,28.771,8.361
2881,26.757,30.145,8.491
2882,27.558,29.746,7.335
2883,26.639,28.218,8.309
2884,26.813,28.392,7.489
2885,27.558,28.644,8.594
2886,26.505,27.574,9.373
2887,25.229,28.697,6.985
2888,26.488,28.814,7.860
2889,27.457,29.535,7.711
2890,25.715,28.397,7.989
2891,25.787,27.931,5.747
2892,26.952,28.780,7.494
2893,27.994,28.025,7.758
2894,27.694,27.801,7.560
2895,24.401,28.968,8.404
2896,25.830,26.411,7.160
2897,24.381,28.634,7.477
2898,24.720,27.554,7.486
2899,24.136,28.039,7.865
2900,24.348,26.664,7.998
2901,24.206,26.882,9.054
2902,24.521,28.399,8.067
2903,23.889,27.891,8.572
2904,23.278,25.932,7.107
2905,24.385,28.573,8.520
2906,24.766,28.177,8.072
2907,23.381,25.969,7.361
2908,24.787,28.037,7.421
2909,23.629,27.800,7.805
2910,24.650,26.730,7.885
2911,26.796,28.922,7.784
2912,26.526,28.634,9.171
2913,23.870,27.424,8.282
2914,23.654,27.779,7.818
2915,24.305,28.157,8.209
2916,24.061,27.801,7.952
2917,24.430,28.853,8.141
2918,24.462,28.292,7.920
2919,23.713,27.262,7.881
2920,24.721,27.989,7.829
2921,25.067,28.494,7.700
2922,23.900,28.403,8.548
2923,24.710,27.267,7.827
2924,24.736,27.922,7.788
2925,24.371,26.748,8.015
2926,24.330,27.091,9.537
2927,25.015,29.686,7.752
2928,24.093,28.383,8.395
2929,24.358,26.379,8.330
2930,23.333,27.657,8.922
2931,23.845,26.346,7.965
2932,24.343,28.494,7.329
2933,22.890,27.145,7.324
2934,24.418,28.770,7.899
2935,24.850,28.748,7.935
2936,24.584,28.707,8.335
2937,25.485,28.418,8.166
2938,25.009,28.421,7.682
2939,24.956,28.664,7.995
2940,23.955,28.243,7.667
2941,24.367,29.009,8.290
2942,25.738,29.755,7.685
2943,25.031,29.511,9.179
2944,27.506,28.073,8.154
2945,27.288,29.336,8.486
2946,26.628,29.203,7.891
2947,27.357,28.665,7.985
2948,26.955,28.861,8.086
2949,27.574,29.468,7.972
2950,24.725,28.833,6.906
2951,24.161,28.352,8.322
2952,23.986,27.663,8.589
2953,24.923,28.455,7.968
2954,23.908,29.110,8.332
2955,24.257,29.779,7.757
2956,24.892,29.215,8.041
2957,24.363,27.837,7.988
2958,24.319,28.545,7.951
2959,25.022,28.374,8.835
2960,24.637,29.606,7.982
2961,24.564,27.518,7.900
2962,24.216,27.463,8.648
2963,24.267,27.608,5.733
2964,23.150,28.857,8.395
2965,25.112,29.680,7.729
2966,25.488,28.567,7.967
2967,25.082,27.908,9.224
2968,25.798,30.143,8.261
2969,24.932,28.754,7.738
2970,25.067,28.151,8.226
2971,24.468,26.735,7.874
2972,23.518,27.076,6.421
2973,23.900,27.820,7.872
2974,24.243,27.316,8.539
2975,23.857,27.676,7.915
2976,24.798,28.780,7.547
2977,25.389,29.499,7.989
2978,24.165,29.628,9.360
2979,23.630,27.811,8.273
2980,24.752,28.337,7.677
2981,25.164,29.127,8.356
2982,23.778,27.779,8.027
2983,25.102,26.793,7.508
2984,24.477,28.984,7.660
2985,24.150,27.292,7.360
2986,24.730,29.621,7.851
2987,24.407,29.915,8.478
2988,25.271,29.617,8.003
2989,24.554,27.797,5.176
2990,25.018,30.414,7.820
2991,23.105,26.797,7.792
2992,24.262,27.478,8.408
2993,24.379,29.043,7.483
2994,24.910,30.038,8.094
2995,24.222,27.765,7.084
2996,23.293,26.493,7.694
2997,24.397,27.065,7.711
2998,24.088,28.175,7.615
2999,23.136,26.174,7.488
3000,24.018,26.441,7.424
3001,23.243,27.254,8.194
3002,24.302,26.711,7.453
3003,24.070,26.078,8.828
3004,24.475,27.789,7.608
3005,25.513,27.366,8.270
3006,23.664,26.363,8.185
3007,25.156,27.020,7.413
3008,24.172,26.501,7.770
3009,23.877,26.180,7.577
3010,23.303,26.205,8.241
3011,25.511,27.823,7.539
3012,24.135,27.302,8.100
3013,23.401,25.936,7.366
3014,27.190,26.703,4.193
3015,23.750,26.900,6.919
3016,24.354,27.850,8.664
3017,24.562,27.707,8.483
3018,24.598,27.573,7.809
3019,25.487,27.800,6.571
3020,27.447,28.035,7.541
3021,26.908,28.336,7.929
3022,26.501,28.580,7.914
3023,28.049,29.312,8.060
3024,27.587,28.904,8.226
3025,28.596,28.272,8.278
3026,25.954,27.350,9.125
3027,25.735,25.801,7.844
3028,26.300,27.314,8.034
3029,26.449,28.624,7.992
3030,23.660,27.276,7.493
3031,24.295,26.789,5.514
3032,23.822,26.609,7.594
3033,24.242,27.720,7.006
3034,23.518,27.233,7.918
3035,24.756,27.694,8.511
3036,26.844,29.706,5.135
3037,26.485,28.749,5.208
3038,26.313,28.775,5.739
3039,25.368,27.743,6.449
3040,26.706,28.808,4.908
3041,25.362,28.525,3.853
3042,26.758,27.705,4.181
3043,25.562,27.013,3.993
3044,26.659,27.841,4.143
3045,26.253,27.015,3.930
3046,26.980,27.990,5.530
3047,27.705,26.123,4.302
3048,26.281,27.695,4.405
3049,27.005,28.132,4.207
3050,27.295,26.592,4.479
3051,27.185,28.080,3.661
3052,26.123,27.037,3.790
3053,27.209,28.843,5.680
3054,26.349,28.087,3.779
3055,26.072,28.189,5.106
3056,25.431,28.162,5.464
3057,25.548,27.382,4.633
3058,26.552,27.617,5.119
3059,26.864,26.302,4.695
3060,27.296,26.505,3.860
3061,25.920,25.704,4.748
3062,27.095,25.703,4.318
3063,27.201,26.429,4.035
3064,26.692,26.917,5.590
3065,26.702,26.898,5.159
3066,28.175,27.496,4.782
3067,28.231,27.410,5.722
3068,26.925,27.530,4.345
3069,26.583,26.271,4.968
3070,26.857,27.182,4.027
3071,26.406,26.097,3.733
3072,27.251,26.775,4.350
3073,27.211,26.835,4.080
3074,28.356,26.576,4.087
3075,25.897,26.317,5.652
3076,26.812,26.179,4.379
3077,26.906,26.464,4.875
3078,27.702,27.534,5.509
3079,26.405,26.945,5.829
3080,27.106,26.617,5.575
3081,26.623,27.036,4.547
3082,26.964,26.302,4.442
3083,26.965,27.851,4.732
3084,26.131,26.153,4.042
3085,26.121,26.097,3.930
3086,26.753,27.486,5.668
3087,27.342,27.098,5.292
3088,27.346,27.708,5.260
3089,26.907,26.801,4.615
3090,26.217,25.889,3.897
3091,26.873,27.697,5.207
3092,28.282,26.851,3.814
3093,25.303,23.023,2.808
3094,25.319,24.062,3.071
3095,24.827,24.337,3.170
3096,26.137,25.608,4.082
3097,24.407,22.586,3.046
3098,25.302,23.053,2.673
3099,25.236,22.566,2.673
3100,25.072,23.961,3.680
3101,25.082,23.712,2.626
3102,24.665,24.249,3.157
3103,25.433,25.054,3.710
3104,25.613,25.296,3.545
3105,25.090,25.433,3.648
3106,26.794,24.704,3.900
3107,27.853,25.256,4.273
3108,28.559,26.411,4.407
3109,29.448,26.358,5.272
3110,29.308,25.777,4.241
3111,29.647,27.354,5.004
3112,27.005,26.219,4.120
3113,26.202,26.285,4.176
3114,27.608,26.395,3.558
3115,28.234,27.540,3.825
3116,28.095,26.831,5.082
3117,27.292,25.951,4.794
3118,27.183,27.362,3.954
3119,27.239,27.868,4.835
3120,27.068,27.108,4.400
3121,28.295,27.334,5.157
3122,28.057,27.665,4.288
3123,28.749,27.640,4.816
3124,29.565,26.850,4.499
3125,28.287,26.823,4.218
3126,27.813,26.361,3.978
3127,27.829,27.155,4.060
3128,28.128,26.855,4.029
3129,27.959,27.196,3.494
3130,26.717,26.472,4.461
3131,27.223,26.465,3.696
3132,27.161,25.889,3.653
3133,27.112,26.555,4.044
3134,26.389,25.985,4.286
3135,26.939,25.849,4.158
3136,27.876,27.195,3.708
3137,26.933,26.848,3.836
3138,26.788,26.900,4.513
3139,26.303,25.961,3.584
3140,26.040,28.451,4.826
3141,27.077,28.031,4.565
3142,27.058,27.394,4.539
3143,26.921,26.804,3.770
3144,26.673,26.691,3.496
3145,26.730,27.025,4.044
3146,26.954,26.578,3.898
3147,27.535,27.636,3.929
3148,26.775,27.024,4.321
3149,26.282,26.978,4.393
3150,26.009,26.348,4.855
3151,25.910,26.428,4.096
3152,27.580,26.526,4.302
3153,26.716,26.246,4.093
3154,26.600,26.505,4.804
3155,26.890,26.315,6.505
3156,25.976,26.543,5.643
3157,26.049,26.288,4.488
3158,27.113,25.593,4.245
3159,27.374,25.659,4.227
3160,26.824,27.823,3.961
3161,26.423,26.123,4.223
3162,27.178,25.872,4.569
3163,26.940,26.939,4.194
3164,27.035,26.388,4.138
3165,27.263,25.903,4.605
3166,26.533,26.012,4.685
3167,26.263,26.090,4.221
3168,28.565,26.230,4.046
3169,26.435,27.735,3.804
3170,26.631,26.225,3.501
3171,26.484,25.750,3.841
3172,26.771,26.401,3.855
3173,26.607,25.665,3.871
3174,25.834,26.143,4.279
3175,27.177,26.430,4.451
3176,26.578,27.022,4.048
3177,27.177,26.531,4.188
3178,26.531,26.434,4.119
3179,26.851,26.902,3.719
3180,26.719,27.275,4.116
3181,26.141,26.871,4.117
3182,26.285,26.506,4.286
3183,27.208,26.408,4.369
3184,27.202,26.139,3.550
3185,27.043,26.663,5.350
3186,27.347,25.787,3.931
3187,26.409,25.797,3.799
3188,26.574,27.152,3.946
3189,26.957,26.923,4.191
3190,26.806,28.068,3.968
3191,27.064,27.731,4.234
3192,26.786,27.263,4.580
3193,27.303,27.098,4.199
3194,26.008,28.177,5.153
3195,26.802,26.947,4.064
3196,26.623,26.268,4.983
3197,26.663,27.221,4.274
3198,26.376,27.214,4.241
3199,26.955,27.195,4.136
3200,27.346,26.621,3.943
3201,25.897,27.062,3.684
3202,27.733,27.184,4.858
3203,26.838,26.668,4.013
3204,26.060,27.878,4.202
3205,27.030,26.306,4.701
3206,26.738,26.597,3.536
3207,26.797,26.511,4.016
3208,26.576,27.509,5.909
3209,26.293,28.142,4.914
3210,26.726,26.903,4.077
3211,25.248,27.013,4.725
3212,26.359,27.566,4.745
3213,26.753,27.942,5.785
3214,26.594,27.665,5.157
3215,26.583,26.410,4.746
3216,26.498,28.289,4.859
3217,27.161,28.518,4.322
3218,27.191,27.646,3.815
3219,27.648,27.831,4.133
3220,26.748,28.565,4.154
3221,26.701,26.845,4.031
3222,27.073,28.192,4.024
3223,26.465,28.278,4.293
3224,26.439,27.754,3.886
3225,27.087,26.781,4.015
3226,27.199,28.413,4.999
3227,27.229,28.367,6.998
3228,29.192,29.393,4.495
3229,29.994,28.664,4.089
3230,29.389,27.886,4.432
3231,29.161,28.730,4.461
3232,29.504,27.809,4.075
3233,29.098,27.599,4.012
3234,28.099,27.791,4.880
3235,26.838,27.975,4.195
3236,26.386,28.150,6.108
3237,26.513,27.620,4.131
3238,28.584,27.025,4.015
3239,26.313,26.306,4.487
3240,26.141,27.987,5.024
3241,26.203,26.521,3.563
3242,27.407,26.975,3.758
3243,27.091,27.561,4.416
3244,26.085,27.036,3.458
3245,26.084,26.648,4.085
3246,25.785,25.863,3.942
3247,26.149,27.592,4.029
3248,26.309,27.255,3.772
3249,26.160,26.076,4.423
3250,27.013,27.115,4.029
3251,27.328,27.673,4.164
3252,25.994,27.520,3.938
3253,26.761,26.966,4.185
3254,27.656,28.204,4.637
3255,27.142,28.891,3.928
3256,25.807,28.588,4.180
3257,27.169,27.791,4.102
3258,27.137,28.821,4.384
3259,26.582,28.030,3.925
3260,27.195,27.526,3.906
3261,26.441,28.637,4.890
3262,26.781,28.770,4.106
3263,26.411,27.930,3.809
3264,25.931,28.571,5.637
3265,26.851,29.141,4.484
3266,26.856,27.901,4.467
3267,27.067,29.143,3.961
3268,25.733,27.296,3.918
3269,26.143,28.066,4.421
3270,27.561,28.343,3.349
3271,27.108,28.448,4.849
3272,26.941,28.316,3.681
3273,25.181,28.302,4.044
3274,25.941,28.472,4.773
3275,27.378,27.483,4.560
3276,29.841,28.158,3.866
3277,29.151,28.224,3.952
3278,29.738,29.832,3.697
3279,26.273,29.563,4.168
3280,25.901,29.097,3.762
3281,27.500,30.919,4.814
3282,27.662,31.390,4.737
3283,27.628,31.182,4.456
3284,27.133,31.267,5.252
3285,28.445,30.748,4.658
3286,27.354,30.157,4.333
3287,27.298,31.204,5.608
3288,28.247,30.550,3.784
3289,26.006,28.578,4.270
3290,27.075,31.674,4.000
3291,27.618,30.248,2.916
3292,26.066,29.780,3.728
3293,26.491,30.356,3.683
3294,27.188,30.749,3.611
3295,27.169,29.866,4.627
3296,26.344,29.088,4.868
3297,28.267,30.096,4.522
3298,26.923,29.478,3.948
3299,27.038,29.041,5.564
3300,26.866,31.079,5.413
3301,26.672,31.058,4.972
3302,27.475,30.098,4.493
3303,26.909,28.150,4.127
3304,26.804,29.340,3.896
3305,27.708,29.778,5.892
3306,27.218,29.690,4.139
3307,25.944,29.011,5.531
3308,23.891,27.735,7.839
3309,24.191,29.698,8.340
3310,24.758,28.270,8.044
3311,25.202,28.493,7.293
3312,24.678,28.384,7.860
3313,24.253,28.825,7.288
3314,23.871,26.882,7.991
3315,25.426,28.880,7.857
3316,24.754,29.290,7.534
3317,24.252,29.490,8.539
3318,25.454,26.748,6.614
3319,25.989,27.936,7.120
3320,26.015,27.675,7.656
3321,28.295,27.806,7.658
3322,26.747,27.933,7.707
3323,25.326,27.530,9.401
3324,28.298,30.575,6.670
3325,27.481,29.978,4.603
3326,26.656,29.758,4.468
3327,27.286,30.021,4.181
3328,26.416,28.353,4.434
3329,27.047,28.998,4.617
3330,26.216,28.231,4.176
3331,27.882,29.112,3.914
3332,26.761,30.597,3.873
3333,27.360,31.663,3.767
3334,26.707,32.558,5.613
3335,26.767,30.104,4.871
3336,26.736,28.887,5.167
3337,27.953,30.179,4.261
3338,26.906,30.078,4.422
3339,27.144,31.021,4.532
3340,26.564,30.096,4.856
3341,26.768,29.876,5.302
3342,29.033,30.870,3.892
3343,28.250,30.731,4.925
3344,28.779,29.301,4.438
3345,28.246,30.448,4.577
3346,27.193,32.101,6.224
3347,25.098,30.250,5.066
3348,26.814,30.606,5.571
3349,27.583,30.709,4.347
3350,27.449,30.659,3.824
3351,26.837,30.198,4.506
3352,27.696,31.189,4.982
3353,28.449,30.474,4.598
3354,26.499,28.808,3.561
3355,26.750,30.186,6.025
3356,28.700,30.709,5.172
3357,27.713,30.275,4.262
3358,28.689,30.613,4.444
3359,27.036,30.298,4.652
3360,27.167,28.923,4.151
3361,26.843,29.696,5.313
3362,28.378,30.866,4.349
3363,26.409,30.053,4.971
3364,26.532,29.630,5.784
3365,28.010,29.726,4.865
3366,25.523,28.168,5.234
3367,26.627,29.495,4.757
3368,25.857,30.036,5.783
3369,27.001,29.500,3.977
3370,26.931,29.816,5.478
3371,26.531,29.290,5.465
3372,27.830,30.374,5.560
3373,28.634,30.110,5.577
3374,27.956,29.649,5.356
3375,27.460,29.445,4.929
3376,26.592,30.152,4.862
3377,27.434,31.229,4.928
3378,26.835,30.606,4.781
3379,26.842,31.869,4.214
3380,27.185,31.121,4.602
3381,27.574,30.131,4.501
3382,27.799,30.560,4.738
3383,28.199,30.003,3.669
3384,27.490,30.299,4.729
3385,26.977,30.377,5.263
3386,25.973,30.465,5.825
3387,26.671,31.280,4.891
3388,27.641,30.763,4.374
3389,27.517,31.026,4.085
3390,27.514,30.938,3.214
3391,27.079,30.052,3.878
3392,27.986,29.706,3.811
3393,27.496,31.019,4.144
3394,27.493,30.377,4.815
3395,27.289,30.595,4.092
3396,27.600,31.157,4.336
3397,27.384,31.036,5.006
3398,25.917,31.290,4.586
3399,26.788,30.445,4.204
3400,27.362,28.522,4.037
3401,28.604,30.053,4.005
3402,27.823,28.896,4.065
3403,28.222,29.340,4.523
3404,27.958,30.044,4.335
3405,28.156,30.252,5.297
3406,27.017,29.711,5.398
3407,27.673,29.206,4.623
3408,26.579,30.154,3.789
3409,27.616,30.429,4.372
3410,28.376,30.633,4.081
3411,27.501,29.135,4.665
3412,26.763,30.714,3.907
3413,27.255,29.469,4.063
3414,27.557,29.858,4.648
3415,27.657,31.302,5.390
3416,27.325,30.553,4.499
3417,27.809,30.541,4.441
3418,26.764,28.950,4.319
3419,27.547,30.082,3.865
3420,28.643,31.134,5.286
3421,27.314,30.476,4.130
3422,27.331,30.587,4.336
3423,26.297,29.591,4.016
3424,26.833,30.137,4.199
3425,26.493,31.093,4.971
3426,27.923,30.889,4.294
3427,26.809,30.172,4.641
3428,27.720,30.897,5.115
3429,27.638,30.184,4.931
3430,28.030,31.086,4.301
3431,27.528,29.323,4.639
3432,28.438,30.745,3.696
3433,27.047,30.349,4.769
3434,27.149,29.529,4.403
3435,27.422,30.440,4.333
3436,27.805,29.745,4.383
3437,27.005,30.535,4.885
3438,25.936,30.531,3.829
3439,26.627,30.720,3.570
3440,26.155,31.919,4.155
3441,27.188,32.101,3.922
3442,28.072,30.879,3.790
3443,27.732,30.860,4.550
3444,27.809,31.135,4.801
3445,27.385,30.086,4.667
3446,27.087,31.409,4.154
3447,27.567,33.298,4.279
3448,27.080,33.062,5.062
3449,27.897,32.491,3.997
3450,27.228,31.055,4.077
3451,27.792,31.107,3.578
3452,27.163,31.808,4.728
3453,27.430,32.251,4.273
3454,27.275,29.869,4.521
3455,27.453,31.286,5.116
3456,26.703,29.576,3.961
3457,27.512,31.188,3.872
3458,27.573,31.638,3.978
3459,28.455,31.629,4.075
3460,26.997,30.295,4.247
3461,28.062,31.056,3.888
3462,28.027,31.111,3.831
3463,27.588,30.031,4.053
3464,27.406,31.776,4.486
3465,27.622,32.007,4.161
3466,27.528,31.537,4.467
3467,28.119,30.355,4.328
3468,27.565,31.461,4.670
3469,27.812,30.928,3.794
3470,26.787,30.076,5.540
3471,28.016,30.561,4.206
3472,28.487,32.089,5.033
3473,26.986,31.199,4.683
3474,26.412,30.447,6.001
3475,26.346,31.402,4.756
3476,26.553,28.887,4.453
3477,27.540,30.021,4.355
3478,27.433,32.237,4.715
3479,27.261,29.880,4.911
3480,27.023,29.744,4.939
3481,27.914,30.042,4.710
3482,26.461,30.152,4.750
3483,27.686,29.965,4.210
3484,27.507,29.551,5.275
3485,28.286,30.566,4.774
3486,27.767,30.175,4.729
3487,27.181,29.135,4.693
3488,27.157,28.869,4.249
3489,27.028,29.552,4.700
3490,26.807,29.486,4.192
3491,28.410,30.842,4.932
3492,28.946,28.081,4.000
3493,29.378,29.493,4.533
3494,29.498,28.768,4.691
3495,27.037,29.858,4.371
3496,26.047,29.643,5.321
3497,26.666,29.728,5.289
3498,27.632,29.854,5.182
3499,27.649,30.418,4.540
3500,27.413,30.124,4.382
3501,27.871,29.963,3.551
3502,27.907,29.492,5.419
3503,27.961,29.331,4.449
3504,28.012,29.872,4.193
3505,28.627,30.719,5.828
3506,27.089,29.375,4.999
3507,28.480,31.010,4.481
3508,27.500,29.382,3.717
3509,27.941,28.698,5.393
3510,28.615,29.563,5.735
3511,27.285,29.691,3.883
3512,27.350,29.669,4.732
3513,28.451,30.890,5.440
3514,28.015,30.322,4.115
3515,27.505,31.423,4.723
3516,28.136,30.089,4.501
3517,27.592,30.738,5.215
3518,27.368,29.370,6.161
3519,28.565,30.571,4.846
3520,27.512,29.984,4.860
3521,29.074,32.160,5.963
3522,27.875,30.480,4.696
3523,28.119,29.522,3.901
3524,27.679,30.704,5.002
3525,27.429,29.641,5.408
3526,28.133,31.571,4.217
3527,28.282,29.191,4.767
3528,28.709,29.634,4.213
3529,28.801,28.886,4.074
3530,27.744,29.197,4.558
3531,29.950,30.264,4.029
3532,29.153,29.690,4.927
3533,28.184,29.639,5.160
3534,28.443,28.931,4.419
3535,26.669,28.296,6.315
3536,27.206,30.135,4.093
3537,27.105,29.123,4.756
3538,28.218,29.245,4.241
3539,27.002,29.037,4.305
3540,26.463,29.456,4.748
3541,27.763,31.511,4.406
3542,27.879,29.429,4.489
3543,27.678,28.961,3.317
3544,27.566,28.412,5.147
3545,27.766,29.208,4.165
3546,27.037,28.494,4.012
3547,28.920,29.481,3.757
3548,27.947,29.077,3.738
3549,28.414,28.828,4.017
3550,26.610,27.370,3.640
3551,28.953,27.118,3.047
3552,30.656,28.064,3.508
3553,27.227,28.401,4.299
3554,28.511,28.209,4.490
3555,28.406,29.308,4.043
3556,29.136,28.247,3.977
3557,29.732,29.113,4.172
3558,29.127,28.034,3.891
3559,28.667,28.857,4.538
3560,28.137,28.078,4.502
3561,28.362,29.430,4.191
3562,29.226,28.855,4.388
3563,28.354,27.997,4.089
3564,28.886,29.184,4.618
3565,28.372,28.894,4.237
3566,29.002,28.683,4.419
3567,27.719,28.605,4.853
3568,28.600,27.887,4.745
3569,27.958,29.072,4.343
3570,28.707,28.187,4.415
3571,28.233,27.887,4.534
3572,28.260,28.739,4.372
3573,28.119,28.431,4.777
3574,28.446,28.765,4.570
3575,27.728,28.017,4.958
3576,27.818,27.592,4.248
3577,29.616,29.246,4.579
3578,27.703,29.277,4.601
3579,27.311,27.981,4.209
3580,27.799,27.433,4.298
3581,28.095,28.033,4.210
3582,27.076,27.592,4.243
3583,27.695,28.655,4.400
3584,27.305,28.401,3.671
3585,27.779,28.556,4.441
3586,27.746,27.706,3.004
3587,28.002,28.064,3.448
3588,27.188,28.165,4.599
3589,27.498,28.830,4.786
3590,27.369,28.124,4.878
3591,27.524,28.243,5.018
3592,27.031,29.528,5.963
3593,27.250,28.309,5.469
3594,27.880,29.778,4.672
3595,27.160,30.142,5.270
3596,27.398,29.016,5.392
3597,28.499,29.327,4.808
3598,27.593,28.660,4.397
3599,26.897,29.274,3.894
3600,27.476,29.618,3.457
3601,26.921,28.720,4.371
3602,27.460,29.878,4.079
3603,27.088,29.883,4.275
3604,26.857,31.131,5.673
3605,27.437,30.139,4.058
3606,27.728,30.526,5.992
3607,27.620,29.949,4.095
3608,27.243,29.615,4.958
3609,30.356,29.668,4.038
3610,29.418,30.457,3.819
3611,29.138,30.182,3.698
3612,28.451,30.360,4.176
3613,30.719,30.055,3.944
3614,29.737,29.773,3.908
3615,27.674,30.071,3.890
3616,28.315,30.359,3.974
3617,27.538,30.914,4.321
3618,27.018,30.775,4.623
3619,27.471,30.001,5.787
3620,26.715,29.443,4.551
3621,27.797,30.564,4.831
3622,27.054,28.904,4.012
3623,28.427,31.279,4.963
3624,28.466,29.908,4.395
3625,28.121,29.172,5.135
3626,27.059,28.887,5.355
3627,28.262,29.981,4.552
3628,27.796,28.419,4.815
3629,27.903,30.550,4.750
3630,26.174,29.141,5.017
3631,26.779,28.367,4.346
3632,27.522,29.528,3.741
3633,27.152,30.272,4.056
3634,27.571,30.005,3.539
3635,26.727,29.326,4.269
3636,27.132,28.675,3.963
3637,26.677,28.989,4.512
3638,28.045,30.274,3.615
3639,27.304,29.353,3.959
3640,28.315,30.216,4.477
3641,27.015,29.942,4.423
3642,27.996,29.381,4.985
3643,27.102,28.930,4.957
3644,27.111,29.635,4.173
3645,27.214,29.306,4.373
3646,28.228,28.968,4.388
3647,28.252,29.083,3.759
3648,26.887,28.386,4.695
3649,27.675,28.951,4.296
3650,28.645,29.796,4.208
3651,27.909,29.622,3.869
3652,28.609,29.883,3.698
3653,27.177,29.074,3.764
3654,26.823,28.724,4.733
3655,27.489,27.188,4.216
3656,28.593,28.012,4.692
3657,28.499,28.312,4.799
3658,28.489,27.457,4.164
3659,28.832,28.478,3.555
3660,27.332,27.568,4.346
3661,28.503,28.362,2.849
3662,27.645,28.455,3.669
3663,27.565,27.367,4.005
3664,28.502,28.629,4.421
3665,28.228,27.505,3.928
3666,28.796,27.342,3.866
3667,27.889,28.068,4.574
3668,27.253,27.426,3.758
3669,28.117,27.379,3.656
3670,27.530,26.909,3.836
3671,26.953,27.380,4.428
3672,27.606,28.085,4.978
3673,27.165,27.613,4.084
3674,28.296,27.260,4.776
3675,27.421,27.760,5.169
3676,26.802,27.750,4.436
3677,27.604,27.865,4.539
3678,27.781,28.702,4.347
3679,27.173,28.433,4.723
3680,27.160,27.916,4.003
3681,27.612,28.346,4.446
3682,26.448,27.763,3.859
3683,27.112,27.958,3.836
3684,29.679,27.495,4.355
3685,29.162,27.891,3.205
3686,28.932,27.487,3.824
3687,28.411,28.063,4.095
3688,26.256,28.857,3.796
3689,27.551,29.097,3.706
3690,27.455,29.103,4.717
3691,27.069,29.147,4.065
3692,28.240,28.805,3.430
3693,27.791,28.166,3.109
3694,26.406,29.627,4.107
3695,26.782,28.149,4.393
3696,26.921,28.711,5.308
3697,27.125,29.954,5.362
3698,27.825,28.872,5.058
3699,27.112,28.741,3.380
3700,27.520,27.673,4.762
3701,26.743,28.142,4.535
3702,28.015,28.305,4.261
3703,27.069,28.832,4.587
3704,26.819,28.423,4.330
3705,25.588,27.670,4.204
3706,27.362,29.622,3.547
3707,27.429,29.354,4.690
3708,27.838,28.977,4.884
3709,27.137,29.979,4.514
3710,27.696,31.786,5.239
3711,28.017,29.617,5.116
3712,28.036,29.333,6.022
3713,27.374,29.609,5.931
3714,27.139,29.570,4.646
3715,28.089,30.466,5.288
3716,28.221,31.075,6.568
3717,27.895,30.565,5.509
3718,28.948,30.341,4.843
3719,27.687,29.794,4.550
3720,27.665,30.729,4.882
3721,27.635,28.775,6.604
3722,28.795,30.504,5.884
3723,27.435,29.493,4.684
3724,28.515,30.103,4.299
3725,28.713,29.337,4.190
3726,28.562,31.195,5.559
3727,27.311,30.317,4.791
3728,29.425,30.196,4.259
3729,29.598,29.963,5.431
3730,28.484,30.327,5.118
3731,28.366,30.676,4.877
3732,28.305,30.166,4.716
3733,27.577,30.626,4.152
3734,28.185,29.274,4.111
3735,27.011,28.246,4.344
3736,27.176,29.198,4.524
3737,26.353,29.957,3.693
3738,27.203,30.022,4.996
3739,26.933,30.287,4.822
3740,27.644,30.642,4.523
3741,27.900,31.089,4.092
3742,28.975,31.819,4.259
3743,27.648,29.513,4.035
3744,27.735,29.252,3.930
3745,28.133,29.402,4.569
3746,26.944,29.382,5.363
3747,28.123,30.090,5.356
3748,27.466,29.465,6.853
3749,27.163,29.533,3.776
3750,27.564,29.753,5.030
3751,27.945,30.834,5.071
3752,28.323,30.464,3.814
3753,27.209,29.808,5.501
3754,26.957,29.301,3.757
3755,27.230,28.996,4.438
3756,26.294,27.527,4.021
3757,27.888,29.041,3.689
3758,26.970,29.499,4.479
3759,27.574,30.420,4.195
3760,28.068,29.169,4.122
3761,28.257,29.231,5.690
3762,27.398,31.282,5.403
3763,28.209,29.921,4.968
3764,28.444,29.159,4.573
3765,28.430,29.842,4.612
3766,28.459,28.820,4.457
3767,28.898,30.734,4.436
3768,29.825,30.463,4.308
3769,29.097,29.337,4.160
3770,29.138,29.417,3.899
3771,28.677,31.560,4.741
3772,28.612,29.753,4.603
3773,28.298,30.613,4.720
3774,26.786,29.412,4.744
3775,27.093,28.752,5.028
3776,28.470,30.883,5.252
3777,28.510,30.649,5.302
3778,28.745,31.339,5.781
3779,27.826,30.781,4.140
3780,27.569,31.231,4.166
3781,28.837,30.360,4.285
3782,27.467,30.027,4.890
3783,29.225,31.232,4.977
3784,28.170,30.173,4.803
3785,27.600,31.574,5.175
3786,28.634,29.839,4.965
3787,29.059,29.757,4.625
3788,27.989,29.734,3.427
3789,28.235,30.282,4.254
3790,27.393,31.596,4.144
3791,27.355,30.506,3.599
3792,27.424,30.850,3.956
3793,28.491,31.222,3.735
3794,28.761,31.416,3.985
3795,28.859,31.683,4.080
3796,28.937,33.270,4.276
3797,28.304,30.989,4.024
3798,27.855,31.341,4.382
3799,28.176,31.387,4.903
3800,27.852,30.063,5.813
3801,27.399,31.248,5.282
3802,27.789,32.721,6.610
3803,26.804,31.855,6.061
3804,29.519,32.447,6.047
3805,27.878,32.834,4.831
3806,27.390,30.239,4.084
3807,29.319,32.001,4.307
3808,27.965,32.121,4.086
3809,28.591,32.172,4.477
3810,28.728,32.563,4.200
3811,27.499,31.816,5.256
3812,27.894,31.472,4.416
3813,28.309,31.145,3.948
3814,30.278,30.481,5.031
3815,27.236,32.342,5.486
3816,27.812,31.792,4.555
3817,27.250,28.913,3.985
3818,29.418,31.265,4.612
3819,27.488,31.521,5.051
3820,28.365,30.607,4.087
3821,27.751,29.977,4.407
3822,28.221,30.525,4.811
3823,29.148,30.352,4.342
3824,27.245,29.163,5.167
3825,27.454,30.903,3.965
3826,28.006,31.337,4.968
3827,28.778,31.005,4.849
3828,29.954,31.950,5.439
3829,28.824,30.127,4.718
3830,29.344,30.648,4.489
3831,28.349,31.524,5.813
3832,27.715,30.778,5.114
3833,27.928,30.434,6.060
3834,27.375,30.563,4.670
3835,27.287,30.913,4.903
3836,28.573,33.115,5.051
3837,27.844,30.404,4.592
3838,28.325,30.184,4.192
3839,27.988,29.805,4.925
3840,27.580,31.155,5.240
3841,27.318,30.848,4.101
3842,27.065,31.676,5.033
3843,29.031,29.384,3.854
3844,26.997,30.373,5.485
3845,27.765,29.980,4.969
3846,28.203,30.903,5.266
3847,27.966,31.692,6.455
3848,29.276,31.984,5.785
3849,27.408,29.370,5.626
3850,27.469,32.239,5.451
3851,27.562,30.558,4.607
3852,27.728,31.268,4.336
3853,27.835,30.308,5.491
3854,26.963,33.300,6.200
3855,26.915,31.242,6.076
3856,27.716,30.603,3.597
3857,26.605,30.408,4.117
3858,27.105,29.833,4.875
3859,28.780,32.988,3.073
3860,27.697,29.269,3.971
3861,27.940,31.107,3.951
3862,26.985,30.022,4.764
3863,27.728,30.425,4.576
3864,28.452,30.661,3.782
3865,27.490,31.066,5.208
3866,28.682,30.525,4.274
3867,28.664,31.842,5.801
3868,27.420,30.165,4.658
3869,27.213,29.699,4.236
3870,28.314,31.697,4.545
3871,28.347,30.501,3.852
3872,28.587,29.086,4.940
3873,27.464,31.181,4.817
3874,27.676,29.546,4.623
3875,29.226,31.630,4.981
3876,28.793,31.396,6.595
3877,28.747,31.922,5.494
3878,27.929,31.828,5.114
3879,27.719,32.143,5.637
3880,28.821,32.045,5.544
3881,27.564,29.525,4.054
3882,27.886,32.792,4.409
3883,27.994,30.697,4.764
3884,28.275,30.785,4.629
3885,28.023,31.048,4.411
3886,29.960,32.142,4.360
3887,28.851,31.455,5.978
3888,27.717,31.837,5.738
3889,27.898,31.183,5.617
3890,28.372,31.392,5.609
3891,27.314,30.190,6.031
3892,28.449,29.420,5.218
3893,26.815,32.092,6.115
3894,28.233,31.099,5.634
3895,28.410,32.786,4.839
3896,30.088,31.548,4.026
3897,28.670,32.114,4.406
3898,28.120,32.883,5.103
3899,27.443,31.558,5.296
3900,27.955,31.103,5.192
3901,28.191,32.790,4.061
3902,28.331,29.658,3.862
3903,28.502,31.893,4.413
3904,28.128,31.783,4.106
3905,29.019,31.653,4.138
3906,28.541,32.782,4.958
3907,26.942,32.871,3.759
3908,27.720,30.748,4.090
3909,28.115,30.092,3.891
3910,27.404,31.167,4.792
3911,28.353,32.565,4.270
3912,28.488,30.941,4.406
3913,28.190,30.831,4.803
3914,29.928,31.185,4.473
3915,29.677,31.332,4.995
3916,28.788,29.592,4.292
3917,28.900,31.161,4.265
3918,29.037,31.646,4.128
3919,29.823,32.138,5.375
3920,28.672,31.341,4.466
3921,28.951,30.178,3.880
3922,29.998,29.833,3.857
3923,29.349,30.397,3.985
3924,28.166,30.419,3.964
3925,28.044,28.401,4.193
3926,29.279,31.076,3.466
3927,28.165,29.991,4.275
3928,28.233,30.716,3.749
3929,28.579,31.221,4.224
3930,27.423,31.201,5.188
3931,27.697,29.915,4.388
3932,27.259,29.911,4.162
3933,28.278,29.181,4.617
3934,26.878,31.056,4.792
3935,27.668,30.521,4.487
3936,27.611,30.408,4.661
3937,26.512,29.369,3.954
3938,29.580,29.233,5.458
3939,30.542,29.387,4.441
3940,28.618,30.112,5.768
3941,29.286,30.548,5.229
3942,29.394,29.738,5.493
3943,29.479,30.162,4.909
3944,27.445,29.813,4.534
3945,27.812,30.746,3.537
3946,27.694,29.595,3.745
3947,27.090,30.338,4.752
3948,27.918,29.581,4.471
3949,28.263,30.421,6.454
3950,28.854,29.615,4.659
3951,29.220,30.863,4.537
3952,28.639,30.467,4.267
3953,27.318,30.382,4.591
3954,27.442,31.151,3.879
3955,28.866,30.330,3.983
3956,28.720,29.793,4.714
3957,28.184,29.892,5.415
3958,28.367,29.485,4.981
3959,27.934,30.352,5.113
3960,29.163,31.101,6.716
3961,28.288,30.491,4.664
3962,28.053,29.667,4.115
3963,27.473,28.356,3.824
3964,28.875,29.406,3.353
3965,27.558,29.411,5.630
3966,31.381,30.010,4.775
3967,27.400,28.648,5.749
3968,27.956,29.142,5.679
3969,28.524,30.955,4.860
3970,27.379,30.832,5.286
3971,28.008,29.173,3.847
3972,27.765,29.720,5.647
3973,27.913,30.776,5.500
3974,26.681,29.262,3.787
3975,27.346,29.569,4.178
3976,28.305,29.976,4.738
3977,27.613,29.024,5.144
3978,27.577,29.223,3.827
3979,27.854,28.522,5.495
3980,28.500,28.126,4.821
3981,29.235,29.090,3.713
3982,28.649,28.940,4.063
3983,29.415,28.868,4.802
3984,28.166,30.503,7.074
3985,28.258,30.623,5.888
3986,27.434,28.685,4.998
3987,28.128,30.044,4.505
3988,28.321,30.217,4.631
3989,27.975,31.939,5.348
3990,28.079,30.317,6.171
3991,27.432,30.103,6.189
3992,28.472,33.051,5.390
3993,27.426,29.183,4.232
3994,27.934,32.502,4.281
3995,28.017,30.942,5.914
3996,28.600,30.542,4.872
3997,28.373,31.093,5.694
3998,29.304,32.416,6.458
3999,29.066,32.400,7.604
4000,28.126,31.864,7.298
4001,29.512,32.747,5.998
4002,28.334,30.588,6.836
4003,28.460,32.461,6.300
4004,27.565,31.181,6.206
4005,27.062,30.589,4.880
4006,27.526,29.239,4.821
4007,27.454,28.422,4.004
4008,27.202,29.647,4.164
4009,28.295,29.170,4.478
4010,28.379,29.785,4.795
4011,27.581,29.121,4.830
4012,27.776,30.139,4.783
4013,28.490,31.192,5.086
4014,27.762,30.830,4.750
4015,27.557,30.609,4.488
4016,27.516,30.060,4.587
4017,29.494,31.377,4.426
4018,28.166,31.691,4.987
4019,27.658,31.020,4.718
4020,26.834,30.766,4.210
4021,27.719,29.411,4.190
4022,26.163,30.548,4.038
4023,27.679,30.835,4.526
4024,27.165,29.415,4.772
4025,27.670,30.342,4.446
4026,27.225,30.612,4.639
4027,27.935,31.013,5.261
4028,26.934,29.271,3.991
4029,26.757,30.254,4.906
4030,27.560,30.485,6.319
4031,28.023,30.855,3.991
4032,27.480,29.974,4.473
4033,27.690,30.680,4.352
4034,27.547,32.054,4.105
4035,28.699,31.943,4.036
4036,27.689,31.598,4.322
4037,27.701,29.237,3.870
4038,28.555,29.805,3.796
4039,28.607,31.607,4.273
4040,28.862,30.128,4.251
4041,27.533,31.057,4.223
4042,26.590,29.297,4.297
4043,26.338,29.898,4.866
4044,26.297,29.726,4.634
4045,25.977,28.733,4.630
4046,25.665,28.330,5.552
4047,25.224,28.530,6.269
4048,25.794,27.746,5.326
4049,27.044,28.376,4.322
4050,25.542,27.146,5.002
4051,26.025,28.827,4.712
4052,25.487,28.305,5.257
4053,25.586,28.819,5.482
4054,25.887,29.556,4.909
4055,26.504,29.166,4.870
4056,26.071,28.631,5.366
4057,26.800,28.429,4.410
4058,25.650,28.838,5.002
4059,25.809,28.936,5.547
4060,27.123,28.104,4.045
4061,25.876,28.149,5.197
4062,24.631,27.881,4.031
4063,25.766,27.962,4.467
4064,26.332,29.207,4.988
4065,26.775,29.185,4.896
4066,26.307,28.925,4.591
4067,25.601,28.660,4.835
4068,25.453,28.451,5.492
4069,25.472,27.640,5.095
4070,27.308,27.926,4.979
4071,26.280,27.836,4.683
4072,26.112,30.713,5.317
4073,24.381,27.553,5.359
4074,25.575,28.944,5.197
4075,25.478,28.458,5.557
4076,26.130,26.918,5.002
4077,25.783,27.417,4.331
4078,26.037,28.869,4.695
4079,26.372,28.797,5.193
4080,25.774,29.011,5.082
4081,25.953,28.699,5.152
4082,26.473,29.161,5.143
4083,25.931,29.192,4.653
4084,28.153,29.242,4.314
4085,28.199,29.732,5.584
4086,28.167,28.775,5.011
4087,26.270,28.804,4.941
4088,25.645,28.742,4.265
4089,25.334,26.194,4.900
4090,25.971,28.240,4.522
4091,26.283,28.318,4.488
4092,26.082,29.045,5.279
4093,25.598,28.422,4.882
4094,25.765,28.287,4.443
4095,25.896,28.091,5.171
4096,25.072,29.343,4.633
4097,26.189,28.454,3.753
4098,25.295,29.370,4.754
4099,25.274,28.902,4.960
4100,26.199,28.904,3.988
4101,26.041,29.028,4.260
4102,25.646,28.789,4.577
4103,25.422,28.782,4.876
4104,25.154,28.515,5.339
4105,26.430,28.050,4.685
4106,25.887,27.364,4.026
4107,25.685,27.303,5.574
4108,25.361,27.625,4.546
4109,25.427,28.161,4.984
4110,25.497,26.974,5.483
4111,26.003,27.990,4.863
4112,25.293,28.533,5.066
4113,24.973,28.546,4.462
4114,24.303,27.213,5.528
4115,24.706,27.236,4.211
4116,24.485,29.120,5.333
4117,24.484,28.037,4.795
4118,24.300,26.868,4.043
4119,25.108,28.196,4.251
4120,25.065,27.766,4.866
4121,25.072,28.449,4.732
4122,25.690,29.744,5.324
4123,26.406,27.437,4.952
4124,25.715,26.938,3.520
4125,25.756,28.075,5.004
4126,25.515,29.484,5.002
4127,24.867,28.884,5.039
4128,26.681,28.375,4.755
4129,25.725,27.977,4.920
4130,26.428,27.113,3.760
4131,25.487,27.878,4.314
4132,25.974,27.527,4.349
4133,25.982,28.511,5.745
4134,26.108,29.112,4.774
4135,25.868,28.183,4.679
4136,25.804,28.081,4.553
4137,26.664,28.813,3.823
4138,26.216,28.141,3.822
4139,24.907,27.062,5.093
4140,25.946,28.124,4.593
4141,25.345,27.512,4.955
4142,26.417,29.076,4.541
4143,27.118,30.095,4.527
4144,26.253,29.056,4.385
4145,26.370,29.059,4.811
4146,27.017,29.124,4.606
4147,26.281,28.712,4.789
4148,25.329,28.496,4.777
4149,25.330,28.616,4.365
4150,25.879,27.904,4.256
4151,27.296,28.903,4.130
4152,26.922,28.477,4.499
4153,25.451,27.608,3.964
4154,25.871,27.989,4.283
4155,27.580,29.413,4.741
4156,26.246,27.890,4.959
4157,25.588,29.715,4.781
4158,26.912,28.958,4.393
4159,27.607,29.695,4.058
4160,26.329,28.739,3.865
4161,25.895,28.526,4.625
4162,25.803,28.813,3.464
4163,25.556,29.793,4.922
4164,25.478,27.886,5.006
4165,26.057,27.210,4.486
4166,26.607,26.976,4.209
4167,26.228,26.489,4.558
4168,25.718,27.485,4.627
4169,26.044,27.557,4.823
4170,25.778,26.643,5.217
4171,25.793,27.879,4.315
4172,25.814,27.936,4.199
4173,26.106,28.196,3.968
4174,25.742,26.520,4.887
4175,26.439,27.004,4.425
4176,25.617,27.745,4.615
4177,27.248,27.662,4.230
4178,25.719,26.139,4.771
4179,26.614,26.889,4.513
4180,26.026,27.134,4.920
4181,25.951,28.092,4.643
4182,25.739,26.693,4.718
4183,26.783,26.870,3.909
4184,26.517,27.064,4.327
4185,26.405,27.218,4.671
4186,26.539,27.475,4.861
4187,25.226,26.261,5.085
4188,25.777,27.042,4.987
4189,26.472,27.743,4.338
4190,26.451,27.105,4.191
4191,26.094,26.792,5.100
4192,26.817,27.136,4.154
4193,25.924,27.431,4.483
4194,25.627,27.082,4.769
4195,25.852,26.854,4.264
4196,27.019,27.147,4.969
4197,29.991,27.449,4.170
4198,29.232,27.148,5.154
4199,28.660,27.620,4.718
4200,28.801,27.866,3.992
4201,29.121,27.216,4.048
4202,28.459,27.287,4.772
4203,28.871,27.440,5.020
4204,28.466,26.491,4.856
4205,29.783,29.312,4.837
4206,30.527,28.616,4.293
4207,28.293,28.140,4.550
4208,26.985,27.400,4.900
4209,27.900,27.716,3.824
4210,29.407,27.125,5.085
4211,30.133,28.689,4.678
4212,29.891,29.013,5.740
4213,29.335,29.124,5.226
4214,30.828,28.300,5.043
4215,28.569,28.843,5.117
4216,29.618,27.723,3.599
4217,29.470,27.204,4.196
4218,29.296,28.216,4.089
4219,29.622,28.125,4.264
4220,30.115,29.245,4.776
4221,30.239,27.785,4.635
4222,29.378,28.028,4.213
4223,29.973,29.321,5.685
4224,30.291,29.417,6.005
4225,29.720,29.630,6.863
4226,28.658,29.014,6.012
4227,29.161,28.232,5.897
4228,29.779,29.002,5.710
4229,29.828,27.992,5.130
4230,28.164,28.973,6.091
4231,28.351,28.974,6.482
4232,30.628,28.687,6.009
4233,28.540,27.821,5.733
4234,27.899,27.970,5.775
4235,29.660,29.581,6.183
4236,28.619,29.043,5.777
4237,28.191,28.732,6.056
4238,26.633,28.752,6.069
4239,28.364,29.972,6.379
4240,27.828,29.003,5.494
4241,27.115,29.109,6.168
4242,26.427,28.592,6.023
4243,26.879,29.671,5.606
4244,26.657,28.848,5.578
4245,27.087,30.885,6.048
4246,26.904,29.328,6.683
4247,26.567,28.016,6.635
4248,27.289,28.485,5.830
4249,26.237,28.827,6.226
4250,25.976,28.527,5.617
4251,27.887,28.475,5.335
4252,27.469,28.803,5.257
4253,27.632,28.871,5.845
4254,28.168,28.389,6.334
4255,27.271,29.343,5.851
4256,27.625,28.651,6.154
4257,27.172,28.812,5.493
4258,27.536,28.780,5.506
4259,28.117,28.400,5.342
4260,27.824,29.396,5.942
4261,26.631,28.002,5.297
4262,28.034,29.851,6.029
4263,27.366,29.374,5.638
4264,27.470,28.746,6.197
4265,28.722,29.203,5.564
4266,27.599,29.657,6.136
4267,26.552,29.163,6.151
4268,27.180,28.747,5.855
4269,27.034,27.774,5.216
4270,27.636,28.298,6.010
4271,28.034,29.012,5.935
4272,27.134,29.854,6.011
4273,25.929,27.977,5.030
4274,27.350,29.701,5.114
4275,27.710,29.286,6.131
4276,27.376,28.476,5.409
4277,26.907,29.142,5.846
4278,27.409,29.011,6.119
4279,27.572,29.305,5.218
4280,27.658,29.048,5.970
4281,27.522,29.029,6.089
4282,29.647,29.464,5.680
4283,29.179,29.165,5.786
4284,29.944,28.241,5.530
4285,28.987,29.473,6.551
4286,29.593,29.307,5.682
4287,30.600,28.810,5.921
4288,29.447,28.817,5.069
4289,29.611,27.453,4.852
4290,28.921,29.088,4.268
4291,29.468,27.762,4.368
4292,28.551,29.844,6.946
4293,29.720,29.465,6.352
4294,26.727,29.757,5.341
4295,27.958,29.976,5.699
4296,27.421,28.588,4.717
4297,27.518,29.317,5.834
4298,26.818,29.914,6.833
4299,27.592,29.453,5.666
4300,27.380,28.582,5.686
4301,26.946,28.840,5.841
4302,26.739,29.533,6.182
4303,27.525,29.401,5.215
4304,27.054,28.525,4.927
4305,28.152,29.066,5.033
4306,27.415,29.164,4.937
4307,27.446,28.223,4.006
4308,26.477,29.144,4.798
4309,27.890,28.893,4.686
4310,27.044,28.425,4.401
4311,28.450,29.791,4.289
4312,27.898,30.096,4.730
4313,28.513,29.077,4.572
4314,27.709,28.698,4.532
4315,27.486,29.483,4.151
4316,28.029,29.043,4.126
4317,28.735,29.578,4.434
4318,27.874,29.368,4.177
4319,28.059,29.243,4.399
4320,27.852,29.277,4.132
4321,27.542,29.643,4.639
4322,28.345,29.456,3.992
4323,28.831,29.685,4.802
4324,27.724,30.096,4.355
4325,27.797,29.944,4.538
4326,28.577,29.038,4.588
4327,27.558,28.910,4.659
4328,28.242,29.567,4.519
4329,28.472,30.945,4.762
4330,28.212,29.635,5.086
4331,30.058,29.511,4.642
4332,27.274,29.876,5.113
4333,28.069,30.210,5.118
4334,27.543,29.097,4.132
4335,26.691,28.787,4.392
4336,29.037,30.094,4.731
4337,28.194,29.225,5.500
4338,29.436,29.687,4.408
4339,29.718,29.264,4.404
4340,29.891,29.647,4.304
4341,30.968,29.941,4.805
4342,30.325,29.292,4.275
4343,28.497,29.130,4.551
4344,27.939,29.591,4.463
4345,27.502,28.878,4.479
4346,27.179,29.196,4.116
4347,27.712,28.911,3.629
4348,27.798,29.161,3.925
4349,27.967,29.543,4.332
4350,27.108,30.269,4.865
4351,27.624,30.212,4.594
4352,28.628,29.914,4.748
4353,28.121,29.572,3.850
4354,28.727,30.230,5.445
4355,29.644,29.809,5.796
4356,28.080,30.286,4.744
4357,27.961,28.863,4.385
4358,28.285,30.013,4.364
4359,29.084,28.884,4.131
4360,28.119,30.146,5.027
4361,28.474,30.817,5.471
4362,28.193,29.898,4.397
4363,28.320,28.783,4.574
4364,27.349,29.617,4.378
4365,27.513,29.755,3.817
4366,27.404,29.666,4.566
4367,27.858,29.993,4.818
4368,28.123,30.847,5.139
4369,27.181,29.487,5.724
4370,28.409,30.740,5.833
4371,27.789,29.647,4.775
4372,26.910,29.076,5.147
4373,28.302,29.166,4.979
4374,27.510,28.454,4.987
4375,27.215,29.583,6.284
4376,27.969,29.145,4.916
4377,28.105,29.368,6.180
4378,27.413,29.759,6.236
4379,27.728,28.142,4.152
4380,28.428,28.983,4.652
4381,27.568,29.091,5.316
4382,27.348,29.197,4.682
4383,27.924,29.735,4.641
4384,26.907,28.430,4.931
4385,27.290,28.901,5.209
4386,27.383,29.307,5.802
4387,28.052,28.967,4.510
4388,28.184,29.795,4.657
4389,27.444,28.879,4.303
4390,27.179,28.631,4.512
4391,26.794,28.821,6.207
4392,27.730,27.857,4.772
4393,27.972,28.647,4.255
4394,27.591,29.032,4.505
4395,27.722,30.356,4.794
4396,28.339,30.654,4.080
4397,27.760,27.143,3.790
4398,27.077,31.421,4.268
4399,27.484,30.672,4.357
4400,27.399,30.258,4.888
4401,27.654,29.801,4.641
4402,26.728,30.649,4.555
4403,27.453,31.953,4.840
4404,27.196,31.645,6.245
4405,28.386,30.931,6.105
4406,28.603,30.972,5.686
4407,27.014,30.247,5.828
4408,27.134,30.789,5.779
4409,27.309,30.024,6.418
4410,27.818,32.709,6.291
4411,28.166,31.660,6.112
4412,27.547,31.695,5.673
4413,27.374,31.523,5.819
4414,27.560,31.409,6.354
4415,26.987,30.760,5.802
4416,28.076,29.426,5.838
4417,30.613,31.190,6.351
4418,30.634,31.613,5.852
4419,29.257,31.168,5.843
4420,30.023,32.238,5.227
4421,27.255,29.125,4.497
4422,27.192,30.870,3.915
4423,28.008,30.099,4.673
4424,28.176,31.792,4.348
4425,28.329,30.385,4.382
4426,26.784,30.884,4.948
4427,27.084,29.588,4.687
4428,28.867,30.074,5.099
4429,29.714,30.600,5.656
4430,29.016,30.652,5.638
4431,28.929,31.053,4.832
4432,27.487,30.112,5.953
4433,26.878,29.588,5.894
4434,27.647,29.625,5.448
4435,28.384,30.561,5.397
4436,26.662,30.768,5.448
4437,28.216,30.187,5.447
4438,27.621,30.631,5.766
4439,28.035,29.761,6.809
4440,27.095,29.526,5.412
4441,27.102,29.351,5.094
4442,26.917,29.082,4.382
4443,26.783,29.439,4.181
4444,26.740,29.227,4.179
4445,26.679,29.096,4.495
4446,27.535,29.630,4.016
4447,27.368,29.877,4.432
4448,27.722,30.161,4.907
4449,27.578,30.392,4.373
4450,27.936,32.195,5.013
4451,26.416,29.710,5.613
4452,27.466,28.631,4.670
4453,26.765,30.268,5.725
4454,27.200,30.834,6.349
4455,27.445,29.519,5.400
4456,27.376,29.671,5.226
4457,28.018,30.716,4.377
4458,28.424,31.024,4.462
4459,27.759,30.655,4.362
4460,27.199,29.377,4.051
4461,28.346,29.736,4.278
4462,27.570,29.488,4.401
4463,26.670,29.418,4.561
4464,27.288,29.393,4.174
4465,27.483,28.924,4.275
4466,28.937,29.974,4.446
4467,28.495,28.300,4.300
4468,26.546,29.832,4.091
4469,26.879,29.838,4.418
4470,25.709,29.547,4.390
4471,27.487,30.397,5.581
4472,27.213,31.381,5.910
4473,26.856,29.991,5.560
4474,26.997,31.189,5.759
4475,26.906,29.841,5.811
4476,26.402,30.217,5.490
4477,26.706,29.703,5.355
4478,26.670,30.078,5.917
4479,25.976,30.120,6.086
4480,26.685,29.286,5.449
4481,27.863,29.783,5.341
4482,27.573,31.466,5.845
4483,27.286,30.477,6.134
4484,26.330,29.858,6.037
4485,27.171,31.257,5.493
4486,26.827,29.801,6.462
4487,26.322,30.843,5.277
4488,27.006,30.289,6.559
4489,26.845,30.265,5.876
4490,26.221,29.557,6.292
4491,27.374,29.819,5.794
4492,27.471,29.716,5.647
4493,26.748,30.422,5.053
4494,26.650,28.894,5.582
4495,26.966,29.213,5.310
4496,27.269,30.170,6.431
4497,29.750,30.079,5.657
4498,26.946,29.946,5.949
4499,26.527,28.602,5.748
4500,27.062,29.498,5.879
4501,26.552,29.604,5.051
4502,27.236,29.256,5.872
4503,27.165,30.844,6.334
4504,26.848,29.715,5.866
4505,26.461,31.501,5.804
4506,27.788,29.734,5.162
4507,28.605,28.682,6.477
4508,29.373,28.867,6.164
4509,29.419,29.701,5.952
4510,27.941,28.783,6.320
4511,28.900,29.136,6.017
4512,29.208,28.269,5.880
4513,29.206,28.487,5.892
4514,26.590,28.721,5.904
4515,26.876,29.458,5.834
4516,26.837,28.767,5.320
4517,27.198,29.871,6.218
4518,25.975,29.371,5.859
4519,26.846,28.820,5.756
4520,27.777,29.475,6.229
4521,25.795,29.752,5.417
4522,27.577,30.201,6.045
4523,27.474,30.954,6.382
4524,26.204,30.040,6.276
4525,27.379,30.494,6.382
4526,27.549,29.912,6.345
4527,26.723,29.770,5.890
4528,27.050,30.276,6.117
4529,26.734,30.471,6.047
4530,27.638,30.726,6.179
4531,27.389,30.850,6.327
4532,26.854,30.806,6.328
4533,26.743,30.089,6.400
4534,27.310,30.368,6.174
4535,26.630,29.993,6.148
4536,27.063,30.926,6.242
4537,26.362,29.099,5.745
4538,26.353,29.982,5.792
4539,27.194,30.902,7.287
4540,26.797,30.076,6.394
4541,27.214,29.123,5.840
4542,26.466,30.055,6.209
4543,26.628,32.539,6.806
4544,26.724,30.790,6.474
4545,26.384,31.106,6.327
4546,27.361,30.399,5.982
4547,26.469,29.672,6.025
4548,25.513,29.526,6.046
4549,26.856,30.161,6.364
4550,27.126,30.514,5.768
4551,27.002,30.181,6.763
4552,26.200,30.519,6.142
4553,26.185,28.641,6.521
4554,26.654,29.382,5.380
4555,28.077,30.905,6.463
4556,28.832,30.984,5.519
4557,28.476,29.354,5.983
4558,27.135,30.455,5.776
4559,27.313,31.260,5.862
4560,27.528,32.089,5.780
4561,26.845,30.204,5.829
4562,27.317,29.923,7.559
4563,26.918,30.881,5.933
4564,28.559,31.470,6.157
4565,27.646,31.862,5.995
4566,28.122,30.605,6.164
4567,27.325,30.157,5.900
4568,27.388,29.416,6.132
4569,27.583,30.648,5.762
4570,26.743,30.825,6.129
4571,26.150,29.785,6.135
4572,26.991,29.759,5.920
4573,25.092,31.236,6.360
4574,26.119,30.499,6.555
4575,26.943,31.131,5.752
4576,26.305,30.488,5.771
4577,26.085,29.666,6.141
4578,26.353,31.175,6.406
4579,25.914,30.795,6.516
4580,25.717,31.259,5.734
4581,26.907,30.785,5.898
4582,26.533,30.257,4.952
4583,25.565,30.614,5.908
4584,26.588,30.094,6.562
4585,27.261,28.602,5.673
4586,27.620,28.533,5.913
4587,27.989,30.072,6.140
4588,26.758,29.285,5.759
4589,26.669,29.840,5.885
4590,25.548,29.371,6.500
4591,26.212,28.142,6.190
4592,27.088,29.152,5.699
4593,28.046,29.996,5.857
4594,27.098,28.903,6.471
4595,26.835,30.977,5.816
4596,26.884,29.495,5.504
4597,27.662,31.600,5.842
4598,26.671,30.397,5.997
4599,27.743,30.358,6.164
4600,26.720,29.886,5.679
4601,26.987,31.601,5.581
4602,27.476,32.103,5.684
4603,27.022,30.038,5.150
4604,26.831,29.361,5.535
4605,27.811,29.452,4.826
4606,28.414,29.590,5.088
4607,28.006,28.776,4.796
4608,27.050,28.660,5.950
4609,28.306,29.014,5.136
4610,28.001,28.941,4.568
4611,27.978,30.360,4.945
4612,27.941,30.264,5.243
4613,27.448,29.463,5.115
4614,28.373,28.493,5.561
4615,26.709,28.933,5.459
4616,27.687,28.104,5.122
4617,26.976,29.048,5.912
4618,26.949,28.902,5.086
4619,27.798,28.728,4.596
4620,27.478,29.392,5.112
4621,27.472,29.622,4.252
4622,26.468,29.533,5.499
4623,27.151,29.745,5.479
4624,26.281,29.420,4.802
4625,26.304,29.307,5.531
4626,27.363,29.968,5.485
4627,26.554,29.412,4.756
4628,26.103,29.539,3.762
4629,26.500,30.118,4.779
4630,27.240,29.194,4.426
4631,28.016,30.402,6.050
4632,28.011,31.050,5.167
4633,28.237,30.350,5.134
4634,27.515,29.267,4.445
4635,27.428,28.773,4.809
4636,27.260,30.126,4.772
4637,26.428,29.625,6.557
4638,26.992,29.886,5.119
4639,29.185,30.024,4.824
4640,28.723,30.402,5.529
4641,29.617,30.535,4.594
4642,29.013,30.069,4.813
4643,28.451,30.185,4.460
4644,28.645,30.584,5.136
4645,29.081,30.982,4.608
4646,28.719,30.737,4.494
4647,28.971,28.907,3.818
4648,28.973,30.996,4.897
4649,26.302,29.580,4.511
4650,26.346,29.764,5.941
4651,27.022,29.604,3.905
4652,27.352,29.547,3.620
4653,27.102,29.894,4.792
4654,28.072,30.846,5.591
4655,26.904,30.370,4.315
4656,27.416,31.058,4.472
4657,27.532,31.048,4.846
4658,27.257,30.685,4.880
4659,27.537,30.514,4.640
4660,26.879,30.817,5.178
4661,27.535,29.946,4.737
4662,26.211,30.272,4.949
4663,27.340,29.289,4.065
4664,27.661,29.245,4.300
4665,26.605,28.834,3.019
4666,26.902,30.641,4.392
4667,26.718,29.907,4.402
4668,27.962,29.455,4.256
4669,27.060,29.395,4.128
4670,27.422,29.615,4.843
4671,29.310,30.023,4.674
4672,29.363,30.876,5.036
4673,30.468,31.027,5.839
4674,29.268,30.669,7.535
4675,28.066,30.835,5.212
4676,26.153,30.293,6.002
4677,27.125,30.786,6.356
4678,26.962,31.265,4.238
4679,27.448,30.195,4.531
4680,27.899,30.270,5.779
4681,28.187,30.116,5.584
4682,27.564,30.596,4.864
4683,27.285,29.980,4.538
4684,26.829,29.754,4.953
4685,27.650,29.171,4.891
4686,27.191,29.482,5.251
4687,27.595,29.594,5.037
4688,27.037,29.607,4.262
4689,27.235,29.336,3.782
4690,26.471,29.745,4.781
4691,27.669,30.002,3.817
4692,27.158,30.453,4.045
4693,26.994,30.134,5.102
4694,27.929,30.705,4.025
4695,28.079,30.901,5.073
4696,27.460,30.867,4.869
4697,26.942,29.141,4.004
4698,26.143,27.425,5.725
4699,26.867,28.444,4.280
4700,26.825,28.218,3.571
4701,25.661,28.715,4.864
4702,26.466,28.596,4.543
4703,25.640,28.564,4.394
4704,26.124,28.224,4.240
4705,27.307,29.333,5.531
4706,26.657,30.409,4.955
4707,26.343,29.758,6.029
4708,26.945,29.300,5.941
4709,27.108,29.112,4.734
4710,27.809,29.610,4.043
4711,26.656,28.423,3.988
4712,27.373,28.358,4.534
4713,27.905,30.913,5.727
4714,27.434,28.981,4.509
4715,28.600,28.928,3.614
4716,26.989,29.855,3.810
4717,26.340,29.791,4.759
4718,27.061,29.810,4.391
4719,27.674,30.471,4.665
4720,27.105,29.548,4.523
4721,30.581,29.380,4.115
4722,29.632,29.668,5.895
4723,29.634,29.514,3.771
4724,28.140,29.991,4.322
4725,29.683,30.435,3.827
4726,30.032,28.815,3.983
4727,29.934,29.596,4.276
4728,28.951,28.959,4.139
4729,28.894,30.057,4.458
4730,29.251,29.559,4.229
4731,30.880,29.084,4.283
4732,29.631,29.968,5.016
4733,26.815,27.707,4.287
4734,27.113,28.507,4.204
4735,26.616,28.873,4.471
4736,26.897,29.188,4.022
4737,27.394,28.836,4.030
4738,27.565,29.624,4.670
4739,26.486,29.456,3.919
4740,27.055,29.572,3.921
4741,26.775,29.243,4.202
4742,26.965,28.882,4.362
4743,26.054,30.444,4.720
4744,27.512,29.563,4.299
4745,26.898,29.763,4.649
4746,25.545,30.241,4.354
4747,26.961,29.216,4.456
4748,26.981,29.813,4.782
4749,27.092,30.944,5.094
4750,27.625,29.628,4.554
4751,26.556,28.902,4.324
4752,27.919,30.657,4.519
4753,27.402,30.068,5.849
4754,26.403,30.319,5.159
4755,26.038,29.231,3.868
4756,27.477,30.334,4.058
4757,26.641,29.656,4.722
4758,27.966,30.437,4.238
4759,29.197,29.812,3.728
4760,26.968,29.989,4.789
4761,26.639,29.468,4.538
4762,27.124,30.113,4.261
4763,26.896,30.503,4.352
4764,27.183,30.124,4.147
4765,26.479,31.130,4.876
4766,27.063,30.354,4.853
4767,27.200,30.762,4.207
4768,27.331,31.023,4.681
4769,27.951,30.806,4.426
4770,28.176,31.495,5.196
4771,27.714,32.883,4.435
4772,27.018,29.939,4.844
4773,26.224,31.103,5.846
4774,27.522,32.882,6.778
4775,27.171,32.067,5.066
4776,27.269,29.690,4.747
4777,27.231,28.713,4.784
4778,28.475,29.094,4.857
4779,27.965,28.332,3.788
4780,28.428,28.558,4.253
4781,28.597,29.336,4.639
4782,27.880,30.276,4.318
4783,28.274,30.423,4.500
4784,27.523,29.067,4.157
4785,27.887,30.030,4.537
4786,29.329,29.977,4.747
4787,28.669,29.740,4.481
4788,29.172,28.449,4.669
4789,28.420,29.664,4.234
4790,28.121,29.617,4.576
4791,27.296,28.625,4.328
4792,27.212,28.605,4.614
4793,27.311,28.485,4.705
4794,28.245,29.277,3.630
4795,26.982,29.249,4.747
4796,28.142,29.431,4.367
4797,27.182,27.779,4.771
4798,27.531,28.509,4.493
4799,28.012,28.601,5.029
4800,29.480,27.663,4.488
4801,28.534,28.865,4.197
4802,29.257,30.005,4.813
4803,29.188,28.602,4.581
4804,30.239,28.888,5.130
4805,28.181,29.127,4.371
4806,27.585,29.115,5.923
4807,27.690,28.026,4.983
4808,27.968,28.201,4.851
4809,27.160,29.132,5.686
4810,27.066,29.335,4.152
4811,28.433,29.348,4.629
4812,27.588,28.828,4.535
4813,27.277,28.595,4.518
4814,27.197,29.390,6.239
4815,27.241,28.867,5.099
4816,26.422,28.217,4.219
4817,26.692,28.988,5.063
4818,26.831,28.558,4.359
4819,26.998,29.197,4.623
4820,27.532,28.541,4.425
4821,26.945,29.111,4.960
4822,26.791,27.245,3.788
4823,26.717,27.706,4.070
4824,26.891,28.387,6.521
4825,29.760,28.958,5.473
4826,29.269,30.316,4.618
4827,29.521,28.723,4.887
4828,28.950,29.485,4.067
4829,29.088,28.923,4.517
4830,29.314,26.900,3.985
4831,29.723,28.867,4.495
4832,28.657,27.939,3.999
4833,29.654,30.590,5.843
4834,29.343,29.074,5.020
4835,28.351,27.978,4.142
4836,30.388,29.707,4.983
4837,29.445,29.039,4.534
4838,29.285,28.802,4.330
4839,30.508,29.244,4.546
4840,30.629,31.315,4.881
4841,26.627,28.210,4.565
4842,27.406,29.133,4.434
4843,27.327,26.597,4.661
4844,26.441,26.290,3.794
4845,27.277,27.097,4.039
4846,27.451,26.518,4.149
4847,27.748,26.872,3.857
4848,27.231,27.690,4.785
4849,27.055,27.458,5.073
4850,26.631,26.261,4.214
4851,27.306,27.532,4.944
4852,26.687,27.033,4.656
4853,26.299,27.575,4.578
4854,26.515,27.664,4.927
4855,27.642,28.990,6.854
4856,26.730,29.753,6.262
4857,27.020,29.619,4.380
4858,27.640,30.173,5.017
4859,27.939,29.933,5.022
4860,28.535,29.430,5.039
4861,27.961,29.313,4.655
4862,26.817,28.837,6.444
4863,28.043,29.243,4.542
4864,28.149,27.885,3.818
4865,28.003,29.078,4.348
4866,27.672,28.760,4.434
4867,28.455,29.696,4.837
4868,27.502,29.846,4.836
4869,26.351,27.421,4.531
4870,27.119,29.071,5.367
4871,27.492,28.209,4.306
4872,28.174,29.199,4.602
4873,26.645,27.785,4.444
4874,27.138,30.710,5.520
4875,27.540,28.793,4.750
4876,27.498,30.063,4.313
4877,28.118,29.319,4.004
4878,27.261,28.519,4.628
4879,27.650,28.904,3.986
4880,27.221,29.573,4.602
4881,28.750,29.172,4.278
4882,28.295,28.849,3.981
4883,28.139,30.132,3.827
4884,26.962,28.444,3.952
4885,28.233,28.644,4.899
4886,26.636,28.942,4.534
4887,28.109,28.800,4.476
4888,27.706,30.277,5.485
4889,26.807,29.821,6.319
4890,27.301,30.240,5.928
4891,27.528,29.927,5.259
4892,28.332,28.241,4.776
4893,27.970,28.335,5.156
4894,28.536,28.658,4.840
4895,28.968,29.458,4.621
4896,27.100,29.753,4.803
4897,27.583,29.670,4.219
4898,27.660,29.617,4.888
4899,26.568,29.356,4.439
4900,27.646,29.974,4.968
4901,27.673,28.720,4.212
4902,29.574,28.867,3.920
4903,30.229,31.664,4.755
4904,29.958,31.419,4.488
4905,27.378,30.686,3.814
4906,27.831,30.078,4.008
4907,27.232,32.226,5.843
4908,27.974,30.207,4.992
4909,27.351,28.531,4.009
4910,28.091,30.159,5.239
4911,28.019,30.474,4.076
4912,27.785,29.881,4.220
4913,29.417,28.796,4.531
4914,27.965,28.633,4.495
4915,27.851,29.208,3.835
4916,27.942,31.037,5.016
4917,27.314,30.412,4.624
4918,27.215,28.663,4.289
4919,28.789,29.460,4.854
4920,28.925,29.415,5.331
4921,28.919,29.819,4.269
4922,28.029,30.169,5.192
4923,27.413,29.352,4.113
4924,28.359,29.791,4.487
4925,28.225,30.612,4.961
4926,27.934,29.478,5.487
4927,27.442,29.844,5.397
4928,28.996,29.162,5.097
4929,28.472,29.780,4.130
4930,31.103,30.245,4.278
4931,30.284,31.035,4.309
4932,29.762,31.361,4.909
4933,28.952,32.214,6.008
4934,28.042,29.699,6.320
4935,29.067,31.232,4.411
4936,28.364,31.415,4.313
4937,28.641,29.783,5.061
4938,29.351,32.807,4.418
4939,29.157,31.361,5.476
4940,28.131,28.855,4.503
4941,27.615,30.758,4.091
4942,28.235,31.978,4.910
4943,28.608,32.354,4.711
4944,30.978,32.007,4.162
4945,27.582,32.287,4.863
4946,28.540,29.859,4.574
4947,28.078,31.003,5.039
4948,28.497,31.770,4.504
4949,27.859,30.228,4.002
4950,30.261,30.758,4.982
4951,28.984,29.477,4.612
4952,30.270,31.032,3.342
4953,30.752,29.180,3.207
4954,31.248,30.441,5.809
4955,29.779,28.496,4.641
4956,30.405,28.805,4.234
4957,30.461,28.828,4.683
4958,29.239,27.336,4.273
4959,29.967,30.461,4.808
4960,28.021,29.404,5.272
4961,29.265,29.730,5.651
4962,28.836,27.562,4.484
4963,28.027,29.171,4.502
4964,26.997,28.282,4.118
4965,25.624,29.210,4.100
4966,26.973,28.349,4.769
4967,29.141,27.636,4.712
4968,28.627,28.730,5.599
4969,28.959,28.925,4.671
4970,27.641,27.309,4.290
4971,25.991,28.006,4.538
4972,28.173,28.507,4.364
4973,28.445,29.298,5.009
4974,28.623,28.182,4.855
4975,28.596,29.027,4.928
4976,26.629,28.333,4.870
4977,25.344,27.262,5.094
4978,25.754,26.792,4.537
4979,25.906,26.501,4.356
4980,28.834,26.873,4.423
4981,28.276,27.798,4.318
4982,28.177,28.950,4.709
4983,29.122,28.836,4.600
4984,26.449,27.130,4.583
4985,26.494,29.174,4.347
4986,27.237,28.919,4.385
4987,27.411,27.535,4.541
4988,27.128,26.467,4.476
4989,27.042,27.664,4.507
4990,27.255,29.554,4.740
4991,27.420,29.984,4.555
4992,30.071,30.042,4.533
4993,27.550,28.701,4.752
4994,28.206,28.744,4.439
4995,27.205,30.010,5.331
4996,29.403,30.777,4.914
4997,28.266,29.527,4.398
4998,28.445,30.690,5.042
4999,29.379,29.712,4.789
5000,29.409,30.743,4.118
5001,29.644,30.800,4.276
5002,29.705,31.012,4.555
5003,29.114,32.160,5.290
5004,28.297,31.184,4.509
5005,29.537,29.433,4.847
5006,29.139,32.007,4.743
5007,29.164,31.993,4.990
5008,30.322,31.830,4.217
5009,29.279,31.900,5.346
5010,29.534,29.323,5.045
5011,28.062,28.825,4.507
5012,27.913,31.251,4.522
5013,27.759,31.198,4.988
5014,27.420,30.310,5.507
5015,27.391,31.442,4.279
5016,27.635,30.183,4.117
5017,26.647,29.716,4.651
5018,28.447,30.445,4.825
5019,28.812,30.748,4.718
5020,28.172,31.992,4.554
5021,28.622,31.234,4.652
5022,29.000,31.235,4.840
5023,28.389,30.811,4.375
5024,28.694,30.951,4.911
5025,28.297,30.672,4.778
5026,29.397,32.154,5.539
5027,28.626,32.638,6.257
5028,26.602,29.308,4.762
5029,27.363,29.498,3.849
5030,26.075,29.853,4.149
5031,27.826,31.986,3.783
5032,28.547,30.407,4.297
5033,29.249,31.957,5.766
5034,29.062,30.409,4.192
5035,28.808,31.765,4.928
5036,30.944,30.570,5.287
5037,31.200,30.795,4.059
5038,31.611,30.872,4.722
5039,30.989,30.513,7.264
5040,31.188,30.196,4.571
5041,30.846,30.874,4.218
5042,28.080,32.219,3.921
5043,28.835,30.132,4.655
5044,30.834,31.283,5.226
5045,30.690,30.645,4.742
5046,31.174,31.247,4.804
5047,28.818,31.027,4.346
5048,28.655,31.866,4.749
5049,27.393,30.010,4.301
5050,28.954,31.684,5.470
5051,28.533,29.172,3.453
5052,27.053,30.578,4.380
5053,27.848,30.704,5.089
5054,27.962,31.363,5.041
5055,27.587,30.960,5.837
5056,27.555,31.229,5.473
5057,29.812,31.100,5.289
5058,28.430,30.879,4.370
5059,28.414,30.697,4.781
5060,29.944,32.483,5.040
5061,28.289,29.790,6.174
5062,27.540,31.703,4.691
5063,27.646,32.153,5.160
5064,28.372,31.307,3.758
5065,28.557,31.943,4.267
5066,27.995,30.711,3.952
5067,28.729,32.020,4.407
5068,29.275,34.363,3.653
5069,28.986,34.397,5.004
5070,27.903,32.571,4.605
5071,28.522,32.047,4.655
5072,27.095,32.383,6.289
5073,27.673,30.897,4.992
5074,28.839,31.818,4.959
5075,27.964,30.966,4.780
5076,28.516,29.753,4.879
5077,28.757,32.455,5.717
5078,29.281,30.831,3.620
5079,28.092,30.506,4.175
5080,28.332,31.229,4.037
5081,29.039,31.643,3.295
5082,28.597,30.275,6.009
5083,29.058,31.329,4.455
5084,28.758,29.879,3.823
5085,29.898,29.873,3.580
5086,29.167,28.916,4.368
5087,27.978,29.446,5.529
5088,27.778,29.281,5.350
5089,29.011,29.573,5.461
5090,30.140,31.188,5.165
5091,28.634,28.696,4.287
5092,28.944,29.300,5.551
5093,28.622,29.571,6.013
5094,29.699,31.462,5.108
5095,29.012,29.939,5.724
5096,28.892,30.418,6.013
5097,28.489,28.396,4.092
5098,29.325,31.354,6.003
5099,28.413,30.382,5.038
5100,28.911,31.499,5.400
5101,29.072,28.779,5.548
5102,28.411,29.680,5.335
5103,27.030,29.137,5.472
5104,28.546,30.168,5.789
5105,27.182,29.515,5.784
5106,27.908,29.449,4.812
5107,28.524,28.905,4.972
5108,28.212,29.604,3.476
5109,27.958,26.849,3.770
5110,28.270,29.865,5.178
5111,28.500,29.632,5.175
5112,28.598,29.648,4.706
5113,28.565,28.154,4.112
5114,28.418,29.540,5.943
5115,26.938,28.476,4.636
5116,28.366,28.684,5.683
5117,27.703,30.228,5.809
5118,28.129,28.707,4.657
5119,27.119,29.115,4.693
5120,25.858,27.838,5.083
5121,26.562,28.798,3.887
5122,27.388,28.399,4.486
5123,27.789,28.597,4.867
5124,27.562,29.117,4.014
5125,27.924,30.087,5.834
5126,29.671,29.662,2.909
5127,27.848,28.876,4.056
5128,28.662,30.092,3.742
5129,29.711,29.327,5.168
5130,30.082,29.499,4.128
5131,30.144,28.460,4.691
5132,30.210,29.523,4.905
5133,30.299,29.372,4.221
5134,31.969,29.517,4.587
5135,30.912,29.245,6.121
5136,31.476,28.452,4.408
5137,33.186,28.875,4.550
5138,31.672,28.545,4.032
5139,28.625,28.911,4.882
5140,29.896,29.836,4.532
5141,28.444,29.022,4.311
5142,28.309,28.870,4.022
5143,28.222,28.454,4.220
5144,28.289,29.323,4.315
5145,27.234,29.560,5.294
5146,29.070,30.115,5.149
5147,28.555,28.960,4.833
5148,27.938,30.516,5.584
5149,27.249,28.223,3.905
5150,28.875,29.797,4.944
5151,28.611,29.463,4.764
5152,27.590,29.641,5.090
5153,27.886,28.558,4.443
5154,28.127,30.442,6.314
5155,28.700,31.238,4.949
5156,28.590,29.943,5.599
5157,28.577,30.149,4.260
5158,27.974,30.011,4.695
5159,29.036,29.470,3.660
5160,29.081,29.060,4.141
5161,29.043,30.136,4.121
5162,27.348,29.113,4.639
5163,28.347,28.946,3.853
5164,28.280,29.129,3.666
5165,27.824,28.778,4.081
5166,28.213,29.848,5.460
5167,28.974,29.058,3.866
5168,29.272,29.141,4.627
5169,28.830,29.468,4.939
5170,31.504,29.604,5.026
5171,32.062,30.324,6.150
5172,28.756,28.954,4.528
5173,30.097,30.257,4.706
5174,31.665,28.179,3.605
5175,30.962,27.340,3.566
5176,29.818,30.688,6.283
5177,29.633,30.231,5.753
5178,31.066,29.986,5.764
5179,31.445,30.651,5.984
5180,31.489,30.031,4.574
5181,30.139,29.436,5.126
5182,31.564,28.887,3.771
5183,29.491,28.412,4.193
5184,28.592,30.033,4.716
5185,28.719,31.177,6.398
5186,30.023,29.836,4.038
5187,28.271,30.334,4.977
5188,27.845,28.436,4.144
5189,29.070,30.018,4.430
5190,27.873,30.193,4.624
5191,28.848,31.528,4.805
5192,27.678,30.804,5.732
5193,30.031,31.642,4.796
5194,27.843,30.976,4.693
5195,28.913,30.372,4.676
5196,28.628,30.720,5.688
5197,28.711,30.996,5.528
5198,28.158,32.350,4.204
5199,29.206,30.842,5.021
5200,28.588,31.749,5.331
5201,27.949,31.887,4.550
5202,28.197,30.643,4.045
5203,28.323,29.475,4.633
5204,29.447,30.447,4.053
5205,28.770,30.699,4.608
5206,28.494,30.047,4.594
5207,29.204,30.970,5.103
5208,28.960,31.662,3.838
5209,29.110,31.672,5.385
5210,28.784,31.826,4.271
5211,28.462,31.039,4.049
5212,29.136,30.733,3.352
5213,28.930,30.700,3.899
5214,29.722,30.540,4.701
5215,28.197,32.028,4.973
5216,27.882,30.313,4.318
5217,28.568,31.348,6.607
5218,28.073,30.734,5.269
5219,27.340,30.694,6.442
5220,28.514,30.008,6.142
5221,28.898,30.360,3.998
5222,28.488,29.621,4.145
5223,28.733,29.792,5.531
5224,28.210,30.487,5.141
5225,27.479,31.877,5.391
5226,28.211,31.843,5.269
5227,27.378,31.632,4.691
5228,27.316,30.503,4.688
5229,27.267,31.927,5.411
5230,29.680,32.391,4.797
5231,28.716,31.997,4.567
5232,27.539,31.398,5.462
5233,27.390,31.182,4.884
5234,27.683,31.631,4.450
5235,28.480,31.558,3.770
5236,28.016,31.299,4.999
5237,27.665,31.947,4.746
5238,26.888,29.898,3.980
5239,27.657,32.829,5.028
5240,27.918,31.286,4.206
5241,29.430,32.567,3.863
5242,27.277,31.555,4.716
5243,26.409,30.963,5.171
5244,29.057,31.451,4.258
5245,27.418,30.824,4.565
5246,28.720,31.412,4.673
5247,27.217,31.758,4.942
5248,28.315,30.559,4.001
5249,27.148,31.052,4.120
5250,28.659,31.059,4.228
5251,28.942,31.094,5.387
5252,28.148,30.925,5.891
5253,28.235,30.754,6.524
5254,27.402,30.441,5.138
5255,28.141,30.904,4.643
5256,28.283,31.351,3.928
5257,28.200,30.793,5.033
5258,28.546,31.698,5.218
5259,29.240,31.667,4.181
5260,29.435,32.797,4.338
5261,29.668,32.349,4.080
5262,27.552,31.269,4.993
5263,28.032,30.808,3.083
5264,27.399,30.105,3.821
5265,30.518,31.666,3.690
5266,30.448,31.497,4.204
5267,30.015,30.855,4.245
5268,30.907,31.176,4.233
5269,28.790,31.999,4.779
5270,27.815,31.766,4.475
5271,29.521,30.491,4.504
5272,28.112,31.772,4.842
5273,28.395,29.358,4.451
5274,28.220,32.219,4.840
5275,28.592,30.976,4.309
5276,28.584,32.372,4.464
5277,28.769,31.472,5.055
5278,28.181,33.585,4.301
5279,28.345,30.403,4.098
5280,29.743,30.308,4.037
5281,28.474,29.816,4.780
5282,28.535,30.594,5.544
5283,28.609,30.947,3.611
5284,27.432,30.051,5.238
5285,27.998,29.779,4.455
5286,27.631,30.053,3.711
5287,27.892,30.419,4.176
5288,29.235,29.764,4.711
5289,28.550,30.761,4.271
5290,28.663,28.677,4.648
5291,28.683,30.219,3.308
5292,28.606,29.649,3.105
5293,28.972,29.618,3.825
5294,28.610,29.575,4.594
5295,29.361,30.262,4.055
5296,29.544,29.414,4.176
5297,27.485,29.912,3.148
5298,27.905,29.702,4.475
5299,27.830,30.022,4.273
5300,28.157,31.033,4.492
5301,28.073,31.213,4.882
5302,28.437,31.372,3.663
5303,26.550,30.174,4.531
5304,28.247,29.795,4.185
5305,26.881,31.019,5.099
5306,27.770,30.471,4.313
5307,28.155,30.317,3.772
5308,28.934,30.250,3.425
5309,28.742,31.433,4.311
5310,28.643,30.451,3.540
5311,28.812,30.958,4.060
5312,28.898,31.494,4.445
5313,27.637,30.507,4.506
5314,27.778,29.558,4.284
5315,28.697,31.434,4.177
5316,28.927,30.506,4.310
5317,28.788,30.598,4.340
5318,28.391,30.695,4.525
5319,29.122,30.646,4.351
5320,28.524,30.303,3.905
5321,27.221,30.684,4.770
5322,28.772,31.196,4.981
5323,28.536,29.678,4.252
5324,28.577,28.930,4.644
5325,27.564,31.399,4.919
5326,28.252,29.879,3.949
5327,28.268,31.644,4.053
5328,28.219,31.459,4.236
5329,27.348,29.631,4.277
5330,28.056,31.035,4.375
5331,28.636,32.002,6.664
5332,27.171,31.706,4.493
5333,26.162,28.350,3.837
5334,28.000,30.524,4.527
5335,27.869,32.083,4.609
5336,28.270,31.825,4.923
5337,29.729,31.495,4.663
5338,27.076,30.389,4.517
5339,28.118,30.944,3.922
5340,27.581,29.976,3.450
5341,28.441,30.067,3.638
5342,28.600,30.484,3.455
5343,27.386,31.859,3.744
5344,27.293,29.952,3.642
5345,26.502,27.945,2.865
5346,28.527,30.169,3.188
5347,27.786,31.060,3.729
5348,29.143,27.617,3.327
5349,28.444,28.783,4.825
5350,28.866,27.862,4.419
5351,28.683,27.770,3.956
5352,27.195,27.092,3.485
5353,28.097,27.654,3.750
5354,28.651,28.255,3.613
5355,29.791,28.814,3.876
5356,28.443,28.074,3.938
5357,28.471,28.085,3.316
5358,28.524,27.673,3.954
5359,28.124,29.561,5.586
5360,26.694,30.667,4.646
5361,28.238,29.875,4.240
5362,28.096,30.597,4.147
5363,28.351,31.536,4.724
5364,27.905,29.548,4.795
5365,28.050,27.737,3.621
5366,27.818,29.184,3.848
5367,27.014,28.664,4.801
5368,27.493,28.119,4.064
5369,26.547,27.376,2.984
5370,27.454,26.132,2.866
5371,27.980,26.922,3.953
5372,29.214,27.424,4.528
5373,28.587,29.165,4.007
5374,27.428,31.119,4.836
5375,27.646,27.823,4.375
5376,27.695,28.886,3.863
5377,29.229,29.343,3.706
5378,28.290,28.441,3.865
5379,27.244,30.649,5.350
5380,28.255,29.903,4.121
5381,28.073,29.541,4.277
5382,28.421,30.607,4.093
5383,28.519,30.220,4.643
5384,28.524,29.862,3.428
5385,28.550,31.373,4.370
5386,28.557,31.229,3.867
5387,28.333,30.601,4.091
5388,28.337,30.291,3.809
5389,29.196,31.941,3.357
5390,28.893,31.030,3.430
5391,28.117,30.503,3.562
5392,30.249,30.302,4.380
5393,28.741,29.201,5.291
5394,29.163,30.032,4.365
5395,28.941,29.956,4.136
5396,28.461,30.210,4.464
5397,29.318,30.359,3.841
5398,28.968,30.158,4.178
5399,28.729,28.923,4.259
5400,28.949,28.597,4.383
5401,27.188,29.203,8.047
5402,27.981,32.538,6.879
5403,27.992,31.017,5.928
5404,28.463,31.770,6.206
5405,27.721,31.078,6.328
5406,28.204,28.986,4.377
5407,28.988,30.073,4.730
5408,28.309,30.804,6.036
5409,27.461,30.742,7.201
5410,27.060,29.700,7.408
5411,25.922,28.278,6.996
5412,28.213,31.870,6.364
5413,29.030,30.547,5.796
5414,29.161,31.617,6.728
5415,27.386,31.010,7.061
5416,28.114,31.612,5.381
5417,28.020,31.585,7.344
5418,28.142,33.478,7.745
5419,28.379,31.260,6.728
5420,28.347,31.410,6.147
5421,27.652,31.360,7.420
5422,26.513,30.740,6.781
5423,27.254,30.522,7.382
5424,27.649,31.498,7.739
5425,28.698,31.650,6.295
5426,26.339,31.176,8.082
5427,27.631,29.687,4.644
5428,28.724,31.963,4.024
5429,29.426,31.291,3.582
5430,28.876,31.628,4.402
5431,28.144,31.385,4.155
5432,28.535,30.227,3.870
5433,28.637,29.604,4.552
5434,30.492,31.679,4.727
5435,28.553,30.491,4.850
5436,29.023,31.194,3.882
5437,29.304,31.582,4.283
5438,28.000,29.779,4.452
5439,28.888,30.370,3.693
5440,28.861,30.903,3.486
5441,28.767,30.260,3.858
5442,28.680,30.587,3.769
5443,29.491,30.244,4.145
5444,29.119,31.546,5.232
5445,27.809,30.637,4.694
5446,28.348,32.429,4.232
5447,29.422,30.333,4.586
5448,27.825,30.158,4.118
5449,28.153,30.346,4.081
5450,28.923,31.940,4.358
5451,27.520,30.230,4.669
5452,28.272,30.256,4.415
5453,28.801,32.146,4.720
5454,28.521,31.692,4.769
5455,28.155,31.452,4.544
5456,28.261,31.352,4.475
5457,28.239,31.793,4.415
5458,28.924,30.467,4.190
5459,28.926,30.357,3.968
5460,28.334,30.760,4.452
5461,28.169,29.632,4.534
5462,29.235,30.683,3.738
5463,29.089,29.218,3.924
5464,27.946,30.742,3.879
5465,28.421,27.986,4.030
5466,27.968,30.357,4.443
5467,28.694,31.456,4.571
5468,29.047,30.580,3.811
5469,28.849,31.795,4.838
5470,28.158,30.350,4.108
5471,28.392,29.901,4.404
5472,27.229,29.723,3.069
5473,28.331,28.589,4.103
5474,27.494,30.411,4.364
5475,28.390,28.619,3.900
5476,29.299,30.424,4.279
5477,28.993,30.804,4.095
5478,30.344,29.914,3.689
5479,31.334,31.550,5.245
5480,28.705,31.733,4.441
5481,28.209,30.757,4.080
5482,28.225,28.421,4.260
5483,28.691,28.972,4.469
5484,28.087,29.867,4.129
5485,27.504,28.615,3.848
5486,29.327,29.129,3.369
5487,29.741,28.377,4.238
5488,28.406,28.923,3.998
5489,29.425,30.122,3.991
5490,29.509,28.725,3.949
5491,28.797,31.339,3.361
5492,29.198,30.248,3.817
5493,28.071,30.117,5.026
5494,28.860,29.767,4.540
5495,28.726,30.894,5.210
5496,28.526,29.675,3.926
5497,28.770,30.700,4.135
5498,27.925,29.731,3.826
5499,27.768,28.802,3.432
5500,28.515,30.036,3.390
5501,29.493,31.677,3.203
5502,29.094,31.332,3.343
5503,28.732,29.987,2.809
5504,28.449,32.342,4.160
5505,28.632,32.341,3.792
5506,29.500,32.242,3.592
5507,29.311,30.706,3.643
5508,28.056,31.926,4.579
5509,28.877,30.836,4.176
5510,28.358,30.956,3.979
5511,26.583,30.605,4.342
5512,26.996,30.987,4.886
5513,27.042,30.792,4.751
5514,27.678,31.623,5.173
5515,28.486,31.698,6.028
5516,28.754,30.966,4.847
5517,28.104,31.703,5.251
5518,27.458,30.397,4.670
5519,28.698,32.179,4.600
5520,28.450,32.211,4.148
5521,27.705,29.792,4.174
5522,28.329,30.024,3.134
5523,27.213,30.176,4.358
5524,27.137,30.848,4.222
5525,27.883,32.016,5.056
5526,28.521,31.162,4.261
5527,28.835,33.094,4.419
5528,28.164,31.490,4.360
5529,28.228,30.582,4.444
5530,28.583,32.001,4.132
5531,28.591,33.350,4.559
5532,29.546,32.228,4.473
5533,28.541,30.878,3.614
5534,29.623,29.351,5.597
5535,30.196,29.313,3.973
5536,29.771,28.000,4.109
5537,31.038,30.488,4.346
5538,29.004,28.588,4.173
5539,29.860,29.950,4.369
5540,30.080,29.087,4.645
5541,29.570,28.316,4.626
5542,29.021,28.208,4.758
5543,27.732,29.242,4.205
5544,27.111,28.434,5.040
5545,25.731,28.328,4.965
5546,26.242,28.810,5.085
5547,25.921,29.803,4.423
5548,25.610,28.985,4.481
5549,27.056,29.690,4.408
5550,26.522,28.955,4.543
5551,27.188,29.411,3.814
5552,27.049,28.843,4.353
5553,26.465,30.347,4.619
5554,27.264,30.434,4.597
5555,26.091,28.751,4.994
5556,27.251,29.753,4.228
5557,26.712,27.252,4.189
5558,28.073,28.780,4.115
5559,26.651,28.376,4.403
5560,27.188,28.875,4.485
5561,26.448,28.611,4.567
5562,26.757,28.507,4.729
5563,27.590,27.661,4.419
5564,27.394,30.295,4.512
5565,27.050,30.419,4.967
5566,26.687,28.102,4.140
5567,26.833,29.865,4.334
5568,27.456,29.865,4.411
5569,27.228,28.653,4.319
5570,26.805,31.024,4.468
5571,26.088,28.595,4.481
5572,27.555,30.537,5.294
5573,26.535,29.461,4.340
5574,27.603,30.407,4.229
5575,26.556,28.027,4.325
5576,26.224,30.315,4.404
5577,26.092,29.468,4.575
5578,27.501,29.156,3.931
5579,27.754,30.411,3.803
5580,26.186,29.413,4.359
5581,26.463,29.847,4.389
5582,26.587,28.504,3.643
5583,25.630,28.524,4.661
5584,26.244,29.780,4.099
5585,26.451,28.517,4.441
5586,27.422,29.010,4.134
5587,27.708,31.168,4.696
5588,26.871,29.114,4.453
5589,28.234,30.553,4.298
5590,26.429,29.244,4.770
5591,26.467,30.042,4.929
5592,26.389,29.888,4.797
5593,26.883,29.473,4.665
5594,27.478,30.986,3.453
5595,26.306,29.881,5.020
5596,26.378,30.010,4.464
5597,26.052,29.759,4.985
5598,27.393,31.032,4.742
5599,25.843,29.617,4.956
5600,27.200,30.599,4.269
5601,26.385,31.313,4.453
5602,27.191,29.869,4.655
5603,26.737,30.045,4.244
5604,25.771,29.802,5.074
5605,27.557,29.539,4.391
5606,28.074,30.260,4.572
5607,30.714,30.423,5.117
5608,28.761,30.768,4.556
5609,27.014,31.579,4.206
5610,27.429,31.191,4.684
5611,26.168,31.588,5.007
5612,26.785,30.658,4.885
5613,26.939,31.393,4.432
5614,26.936,29.924,4.305
5615,26.547,30.882,4.871
5616,26.733,30.232,4.590
5617,26.073,29.630,5.661
5618,27.020,30.721,4.486
5619,26.702,29.567,4.362
5620,26.637,29.182,4.588
5621,26.240,27.940,4.721
5622,27.445,29.046,4.064
5623,26.353,28.879,4.304
5624,27.119,28.226,4.827
5625,26.155,27.871,4.109
5626,27.971,28.159,4.273
5627,27.734,29.050,4.380
5628,27.536,27.711,4.254
5629,28.936,29.462,4.136
5630,29.294,26.990,4.708
5631,30.782,28.811,3.977
5632,26.602,27.316,4.289
5633,27.739,28.729,4.943
5634,28.045,29.112,3.760
5635,27.477,28.535,4.597
5636,27.281,27.746,3.558
5637,29.888,28.075,4.131
5638,27.661,27.253,4.527
5639,26.710,27.764,4.474
5640,27.880,28.330,4.614
5641,26.342,27.887,4.190
5642,27.626,27.243,4.621
5643,26.848,27.945,4.180
5644,27.764,27.941,4.076
5645,26.297,26.280,4.287
5646,26.978,26.787,4.392
5647,27.335,27.243,4.885
5648,27.380,27.922,4.457
5649,26.403,25.895,4.225
5650,26.477,26.879,4.576
5651,27.170,27.353,4.476
5652,28.566,27.263,4.199
5653,28.152,27.094,4.163
5654,28.577,28.037,4.753
5655,28.503,27.739,4.326
5656,27.352,27.306,5.213
5657,27.652,27.142,3.934
5658,28.497,27.562,3.661
5659,27.597,26.424,4.554
5660,27.950,28.571,4.212
5661,27.057,26.404,4.410
5662,26.494,30.507,4.319
5663,27.373,29.562,4.372
5664,26.836,28.897,4.529
5665,26.350,27.587,4.590
5666,26.358,29.407,3.800
5667,26.599,28.358,3.970
5668,26.546,30.740,4.825
5669,26.435,29.943,4.495
5670,27.580,30.629,4.517
5671,27.178,32.102,4.554
5672,27.249,28.691,4.817
5673,27.167,29.216,3.909
5674,27.562,30.267,4.587
5675,29.411,29.326,4.082
5676,29.021,30.214,4.559
5677,27.033,30.030,4.704
5678,29.393,30.683,4.534
5679,26.955,27.996,4.134
5680,28.099,28.979,4.093
5681,27.919,30.014,4.507
5682,27.183,29.415,4.545
5683,26.609,27.140,5.262
5684,26.901,29.097,4.861
5685,26.798,30.361,4.111
5686,27.641,29.393,4.485
5687,27.195,30.206,4.511
5688,27.847,28.826,4.406
5689,29.550,28.991,4.659
5690,27.870,30.276,4.435
5691,26.225,29.465,5.036
5692,26.428,28.941,4.906
5693,25.916,28.254,4.307
5694,26.276,28.910,4.043
5695,25.863,30.806,5.265
5696,26.469,31.629,4.646
5697,25.988,29.257,4.330
5698,26.560,29.448,4.739
5699,26.157,28.526,4.748
5700,26.814,29.621,4.400
5701,26.100,28.716,4.521
5702,26.554,29.014,4.297
5703,26.376,30.188,4.520
5704,26.316,28.788,4.617
5705,26.876,31.162,4.514
5706,27.255,30.514,4.489
5707,26.589,29.306,4.667
5708,25.538,29.773,4.124
5709,26.205,30.395,4.326
5710,25.815,29.205,5.013
5711,26.709,27.730,4.797
5712,27.103,29.188,4.121
5713,27.069,29.213,4.350
5714,25.842,29.721,4.503
5715,26.744,29.655,4.669
5716,28.833,28.869,4.404
5717,29.700,26.781,4.848
5718,26.752,28.258,4.376
5719,27.080,27.673,3.768
5720,26.858,30.086,4.250
5721,26.606,29.521,4.425
5722,26.266,27.949,4.618
5723,27.522,29.672,3.930
5724,29.935,29.491,4.475
5725,29.791,28.974,5.329
5726,28.374,29.275,4.779
5727,26.105,28.163,4.507
5728,25.480,27.286,5.365
5729,27.091,28.357,4.580
5730,26.588,27.980,4.138
5731,25.057,29.313,5.141
5732,26.684,29.602,4.164
5733,26.611,29.390,4.201
5734,27.046,29.354,4.333
5735,27.566,28.693,4.136
5736,26.593,28.862,4.472
5737,26.608,27.403,3.964
5738,26.087,29.521,4.326
5739,26.737,28.787,4.507
5740,27.147,29.656,4.927
5741,27.625,28.860,4.365
5742,26.976,28.557,4.394
5743,27.197,28.629,4.540
5744,26.477,28.594,4.522
5745,26.474,29.331,4.075
5746,25.692,29.460,4.411
5747,26.695,28.545,3.764
5748,26.257,28.450,3.773
5749,26.769,27.632,4.566
5750,24.883,27.552,4.881
5751,27.304,29.522,4.560
5752,27.345,30.075,4.515
5753,26.327,29.079,4.913
5754,27.062,28.802,4.073
5755,26.846,30.249,4.560
5756,26.549,30.024,5.620
5757,27.325,29.594,5.060
5758,29.336,27.637,4.018
5759,26.599,28.678,4.717
5760,27.148,29.306,4.619
5761,26.457,29.801,4.413
5762,26.330,28.398,5.154
5763,26.293,27.690,4.721
5764,26.127,28.568,5.007
5765,27.277,28.856,4.174
5766,26.127,26.577,4.365
5767,27.229,28.239,4.155
5768,27.758,27.554,3.746
5769,26.623,27.497,4.154
5770,26.489,29.576,4.851
5771,25.997,28.192,4.844
5772,26.148,29.205,4.162
5773,25.788,29.289,4.805
5774,26.073,28.131,5.100
5775,26.150,27.354,4.597
5776,26.027,27.601,4.698
5777,25.959,29.679,3.844
5778,27.213,29.332,4.891
5779,27.321,29.669,4.738
5780,26.328,29.884,4.870
5781,26.516,28.463,5.352
5782,27.452,28.764,5.198
5783,26.609,29.147,5.040
5784,26.216,29.345,4.905
5785,25.749,28.476,3.533
5786,26.297,30.081,4.306
5787,26.278,28.039,4.507
5788,25.447,29.535,4.441
5789,26.223,29.971,4.536
5790,26.796,30.611,4.515
5791,26.336,27.685,4.531
5792,25.627,27.805,4.871
5793,26.534,29.484,4.160
5794,26.367,27.718,4.811
5795,25.549,28.313,4.178
5796,25.672,28.444,4.907
5797,25.870,27.887,4.536
5798,25.926,29.275,4.960
5799,26.761,29.423,5.187
5800,26.431,28.995,4.488
5801,25.745,28.894,4.317
5802,25.822,30.207,4.682
5803,26.129,29.937,4.376
5804,26.082,29.080,4.409
5805,27.352,30.066,3.998
5806,26.537,29.590,4.595
5807,25.933,29.617,4.299
5808,26.462,29.887,4.704
5809,25.899,29.862,4.797
5810,26.420,27.851,4.288
5811,27.208,28.030,4.653
5812,29.335,29.970,4.743
5813,29.083,29.112,4.195
5814,26.907,29.409,4.654
5815,26.994,27.520,4.550
5816,26.305,27.093,4.973
5817,26.893,28.292,4.783
5818,26.598,28.419,4.656
5819,27.040,28.689,4.663
5820,24.879,27.767,4.628
5821,26.814,29.205,4.804
5822,25.766,29.074,5.158
5823,25.194,28.779,4.801
5824,26.739,28.232,5.246
5825,26.013,28.789,4.934
5826,26.634,29.824,4.366
5827,26.401,28.362,4.588
5828,26.153,28.143,4.487
5829,26.993,27.954,4.886
5830,25.331,29.015,4.911
5831,25.733,27.332,5.009
5832,26.869,29.382,4.511
5833,27.173,29.220,4.404
5834,27.031,28.977,4.561
5835,27.090,29.580,4.381
5836,26.710,30.208,4.204
5837,26.173,28.455,4.718
5838,26.869,27.797,4.587
5839,25.873,28.620,4.450
5840,26.738,28.483,4.408
5841,26.947,30.257,4.363
5842,26.379,28.084,5.088
5843,27.110,28.104,4.287
5844,25.919,29.069,4.524
5845,26.460,28.945,4.822
5846,25.464,28.053,4.488
5847,26.841,28.307,5.029
5848,24.975,27.521,5.107
5849,27.193,29.712,4.054
5850,26.894,28.731,4.994
5851,25.690,28.622,4.814
5852,26.094,30.540,4.448
5853,25.286,28.202,4.581
5854,27.448,28.341,4.739
5855,25.511,27.932,5.030
5856,26.325,28.279,4.659
5857,26.593,28.251,4.613
5858,25.285,27.904,4.692
5859,25.183,28.383,4.556
5860,26.392,27.596,4.379
5861,26.778,28.449,4.744
5862,26.255,27.163,4.708
5863,26.260,27.192,4.569
5864,25.261,26.950,4.817
5865,25.992,27.631,4.992
5866,26.376,27.799,4.319
5867,25.454,27.472,4.822
5868,26.633,28.113,4.691
5869,26.429,27.773,4.399
5870,26.483,28.559,5.211
5871,27.401,28.624,4.247
5872,26.766,29.409,4.347
5873,25.757,28.213,4.864
5874,26.352,28.833,4.277
5875,27.503,30.065,4.366
5876,26.350,27.703,5.185
5877,26.433,28.090,4.672
5878,26.954,29.782,3.813
5879,26.278,28.339,4.815
5880,27.914,28.934,4.448
5881,27.024,27.872,4.279
5882,27.125,28.199,4.766
5883,26.281,28.365,4.946
5884,27.104,28.157,5.026
5885,29.167,27.062,4.559
5886,28.285,28.430,5.822
5887,29.606,29.222,6.276
5888,25.293,27.581,6.870
5889,26.128,27.839,5.311
5890,25.859,27.776,4.222
5891,25.624,27.349,4.982
5892,25.975,27.455,5.024
5893,26.143,28.587,4.883
5894,25.092,26.870,5.540
5895,25.028,28.279,6.216
5896,25.306,28.462,5.468
5897,25.698,27.545,4.704
5898,25.956,26.844,5.833
5899,25.941,26.749,4.414
5900,25.183,25.788,3.807
5901,26.412,26.475,4.558
5902,27.533,26.152,6.596
5903,29.559,26.453,4.594
5904,29.296,26.730,4.284
5905,26.728,26.581,4.638
5906,26.139,27.226,4.726
5907,26.385,26.732,4.903
5908,26.680,28.028,3.976
5909,25.931,27.350,4.679
5910,26.824,27.372,4.338
5911,25.605,26.652,3.822
5912,25.666,26.615,4.453
5913,26.487,27.207,3.880
5914,26.283,26.805,5.049
5915,26.551,27.396,4.103
5916,26.598,27.495,4.233
5917,25.692,27.126,4.698
5918,27.040,27.912,4.688
5919,27.231,27.431,4.808
5920,26.721,26.791,5.024
5921,27.005,26.641,4.431
5922,26.672,27.461,4.516
5923,26.627,28.134,4.199
5924,25.912,27.041,4.261
5925,27.260,27.910,4.035
5926,26.412,27.091,4.627
5927,26.390,27.796,3.899
5928,25.916,26.459,4.707
5929,26.543,27.893,3.664
5930,25.420,27.264,4.178
5931,26.868,27.366,4.376
5932,26.992,26.208,4.173
5933,26.231,25.806,3.951
5934,26.225,25.727,4.391
5935,26.402,26.484,4.210
5936,26.607,26.643,4.568
5937,25.902,25.846,4.371
5938,26.107,26.158,4.572
5939,26.653,25.172,4.394
5940,26.094,26.909,4.593
5941,27.129,27.198,4.251
5942,26.286,26.743,4.498
5943,26.485,26.340,3.515
5944,26.667,27.406,4.439
5945,26.540,26.584,4.670
5946,26.497,26.148,4.017
5947,27.184,26.502,4.558
5948,26.672,25.885,4.006
5949,27.377,26.900,4.521
5950,26.864,25.682,4.217
5951,27.373,26.187,3.667
5952,26.307,26.739,4.300
5953,25.925,24.879,4.738
5954,26.581,26.945,4.008
5955,27.491,26.675,3.975
5956,27.404,24.521,4.775
5957,26.942,27.404,4.583
5958,26.186,26.489,3.905
5959,27.323,26.376,3.965
5960,27.294,27.061,4.041
5961,26.773,27.359,4.010
5962,27.091,26.048,4.744
5963,26.337,26.192,4.515
5964,26.614,25.917,4.362
5965,27.091,27.439,4.444
5966,26.860,26.664,5.036
5967,27.672,26.010,4.563
5968,25.481,26.026,4.390
5969,27.059,27.114,4.155
5970,26.052,27.285,6.244
5971,26.373,26.344,5.691
5972,27.287,28.047,5.698
5973,26.244,26.752,4.913
5974,26.557,27.217,4.707
5975,25.289,26.412,4.650
5976,26.897,26.947,3.581
5977,26.239,27.259,3.771
5978,26.414,26.001,3.909
5979,27.403,26.791,4.556
5980,27.322,27.256,4.555
5981,25.951,27.853,4.618
5982,26.747,26.028,3.733
5983,26.020,26.814,4.252
5984,26.485,26.473,4.646
5985,26.342,26.727,4.670
5986,25.482,26.678,4.877
5987,25.995,26.983,4.308
5988,25.553,26.611,4.797
5989,25.573,27.444,4.145
5990,26.762,26.492,4.336
5991,24.170,25.410,4.984
5992,26.083,25.853,4.058
5993,26.256,26.385,4.495
5994,25.831,26.802,4.484
5995,26.553,26.717,4.346
5996,26.794,27.220,5.160
5997,27.787,28.506,4.138
5998,26.757,28.368,4.025
5999,26.766,28.403,4.112
6000,26.773,29.355,4.449
6001,25.965,28.332,4.916
6002,26.658,29.040,4.230
6003,26.733,28.647,4.791
6004,26.426,26.958,4.703
6005,25.808,27.224,4.648
6006,26.405,26.240,4.372
6007,26.754,26.723,4.339
6008,24.875,26.785,4.549
6009,26.806,27.448,3.903
6010,24.663,25.836,4.835
6011,25.319,28.001,4.274
6012,25.787,25.335,4.185
6013,24.769,26.979,4.141
6014,23.917,26.799,4.263
6015,24.624,27.732,4.765
6016,25.473,27.323,4.356
6017,25.208,25.983,4.100
6018,23.937,26.463,4.202
6019,23.739,26.773,4.484
6020,24.781,26.221,3.972
6021,24.331,26.962,4.921
6022,24.534,27.193,4.670
6023,24.867,28.174,4.135
6024,24.323,27.362,4.491
6025,24.268,26.397,4.727
6026,24.680,26.429,4.085
6027,24.274,27.888,4.615
6028,24.245,27.260,5.073
6029,24.176,26.790,4.477
6030,24.818,25.899,5.252
6031,24.585,27.313,4.967
6032,26.619,27.820,5.440
6033,26.859,26.324,4.651
6034,26.656,26.785,4.545
6035,25.803,26.951,4.841
6036,27.236,27.581,5.703
6037,24.701,26.935,3.754
6038,24.421,26.810,3.931
6039,24.575,26.591,4.890
6040,24.282,26.289,4.898
6041,24.897,27.891,4.803
6042,25.298,26.916,4.934
6043,26.062,27.440,3.406
6044,25.049,27.037,4.494
6045,25.736,27.662,4.174
6046,25.194,26.846,4.068
6047,25.875,27.114,4.608
6048,25.359,27.087,4.531
6049,25.182,27.037,4.893
6050,25.629,27.754,4.148
6051,25.606,27.788,4.225
6052,25.044,27.425,4.160
6053,25.744,27.387,4.645
6054,26.931,27.459,4.138
6055,26.058,27.677,3.668
6056,26.897,27.771,4.876
6057,26.430,27.142,4.260
6058,26.824,27.437,4.389
6059,25.883,26.829,3.613
6060,26.361,28.134,4.858
6061,25.706,27.429,4.734
6062,25.861,27.153,4.730
6063,26.846,28.032,4.388
6064,24.574,26.791,4.811
6065,26.891,27.315,4.178
6066,26.042,27.612,4.469
6067,25.963,26.837,4.792
6068,25.576,27.273,6.110
6069,25.040,28.063,4.130
6070,25.519,26.313,4.414
6071,26.436,27.230,4.717
6072,26.516,28.317,5.365
6073,25.777,27.308,5.026
6074,25.843,27.866,4.577
6075,26.561,28.076,4.364
6076,27.060,26.394,3.940
6077,26.535,26.144,4.980
6078,25.714,27.067,4.654
6079,27.363,26.773,4.744
6080,27.705,28.227,4.385
6081,27.250,27.464,4.986
6082,27.166,27.442,4.159
6083,25.928,27.214,4.317
6084,27.072,27.876,4.801
6085,26.319,26.614,4.407
6086,26.756,26.487,5.027
6087,28.529,26.626,6.120
6088,27.088,25.933,5.197
6089,28.476,26.983,5.057
6090,28.276,26.851,5.118
6091,28.395,27.050,4.470
6092,26.903,26.743,4.555
6093,26.218,25.787,4.346
6094,26.098,27.256,5.148
6095,26.337,27.345,4.374
6096,25.397,26.609,5.190
6097,27.116,27.149,4.860
6098,26.280,27.049,4.433
6099,25.927,27.488,4.580
6100,27.319,27.371,5.021
6101,25.493,27.473,5.308
6102,26.266,27.374,5.496
6103,25.114,27.077,4.126
6104,27.441,26.956,4.694
6105,26.508,26.214,4.554
6106,26.037,26.792,5.747
6107,27.529,27.118,5.837
6108,28.849,29.568,3.915
6109,28.424,27.413,4.284
6110,28.700,28.791,3.901
6111,28.343,30.547,3.885
6112,28.207,28.791,4.683
6113,27.293,29.207,3.998
6114,28.973,29.030,3.888
6115,28.711,28.633,3.773
6116,29.311,30.227,4.336
6117,29.718,30.251,4.274
6118,28.866,31.204,6.657
6119,29.323,28.838,5.791
6120,28.362,29.175,6.165
6121,28.191,31.081,6.415
6122,27.635,30.817,6.624
6123,29.097,30.863,5.549
6124,29.190,30.992,6.181
6125,28.270,29.969,4.376
6126,29.066,31.267,5.020
6127,29.851,30.882,6.694
6128,27.720,29.666,6.763
6129,28.620,30.498,4.961
6130,29.373,32.425,7.023
6131,29.065,30.377,4.341
6132,29.398,30.542,4.004
6133,28.359,31.018,4.961
6134,28.452,31.486,4.535
6135,29.528,31.647,5.375
6136,29.269,30.997,3.618
6137,28.899,30.169,4.748
6138,30.055,31.173,4.368
6139,28.805,28.759,4.450
6140,28.147,27.530,4.551
6141,28.750,27.559,3.856
6142,28.970,29.017,4.504
6143,28.487,30.175,5.114
6144,30.077,29.322,5.540
6145,29.353,30.093,4.597
6146,31.584,31.445,4.533
6147,30.196,29.447,5.101
6148,30.273,31.574,4.839
6149,29.023,29.278,5.519
6150,29.355,30.159,4.739
6151,29.417,29.085,5.557
6152,29.137,28.821,5.614
6153,29.165,28.603,6.430
6154,29.377,29.198,5.127
6155,27.811,29.564,4.405
6156,30.029,29.205,4.133
6157,28.834,30.160,4.100
6158,28.978,27.982,4.026
6159,29.593,30.624,4.176
6160,28.506,31.379,6.495
6161,28.132,29.403,6.784
6162,30.022,29.146,5.307
6163,27.871,31.350,8.296
6164,29.435,32.158,5.365
6165,28.474,31.209,4.492
6166,29.876,30.544,4.999
6167,30.363,29.270,4.548
6168,29.593,30.619,4.400
6169,28.676,30.314,5.114
6170,29.271,29.346,5.558
6171,28.705,30.625,5.543
6172,29.151,29.349,5.419
6173,28.843,30.337,6.746
6174,27.830,28.470,5.396
6175,29.790,31.234,4.611
6176,29.342,30.306,6.887
6177,29.011,29.442,4.512
6178,29.713,30.464,4.277
6179,29.164,29.898,4.790
6180,30.456,30.514,4.471
6181,29.969,30.059,4.709
6182,29.824,30.477,4.507
6183,28.906,29.822,4.015
6184,29.675,31.384,5.375
6185,29.865,31.476,4.407
6186,30.464,31.357,4.818
6187,30.890,31.691,5.153
6188,30.330,31.710,3.630
6189,29.598,31.421,5.024
6190,28.715,32.043,5.015
6191,30.095,31.269,5.024
6192,29.074,31.695,6.444
6193,29.659,31.519,4.837
6194,28.832,30.921,5.577
6195,29.166,30.196,5.083
6196,28.349,30.233,6.102
6197,32.036,29.775,4.658
6198,28.134,29.718,7.156
6199,29.195,32.008,5.579
6200,28.895,31.193,5.907
6201,30.031,33.370,5.579
6202,29.673,32.079,7.319
6203,29.251,31.671,6.726
6204,28.696,32.945,6.136
6205,28.244,32.237,6.483
6206,28.852,30.489,6.666
6207,29.602,32.659,6.473
6208,30.264,32.751,6.532
6209,29.579,31.496,5.924
6210,29.667,31.498,6.404
6211,30.994,31.297,6.068
6212,29.445,30.858,7.270
6213,29.253,30.120,6.306
6214,29.693,30.785,5.638
6215,30.328,30.303,4.683
6216,28.999,28.239,3.936
6217,28.322,29.890,5.094
6218,29.162,29.780,4.001
6219,29.563,30.011,5.184
6220,29.572,30.214,4.825
6221,29.200,31.195,4.549
6222,27.713,29.098,4.559
6223,29.906,32.165,5.465
6224,28.588,30.432,6.393
6225,28.649,30.355,5.551
6226,28.419,31.188,6.161
6227,28.849,31.462,4.269
6228,30.581,31.627,4.903
6229,27.778,29.544,4.240
6230,28.202,31.244,5.227
6231,29.169,30.858,4.129
6232,28.312,31.835,4.214
6233,30.254,31.405,4.623
6234,29.467,30.130,4.194
6235,30.112,31.850,4.259
6236,29.519,33.107,5.980
6237,28.391,30.653,8.047
6238,29.327,30.765,4.280
6239,29.494,31.922,4.992
6240,27.537,29.282,6.227
6241,28.497,32.128,6.436
6242,27.291,31.543,5.847
6243,28.296,31.989,6.257
6244,29.258,31.880,5.866
6245,27.910,30.769,5.358
6246,28.192,30.815,5.131
6247,29.315,30.795,5.043
6248,29.230,29.811,6.281
6249,29.254,30.518,4.358
6250,29.381,29.910,4.984
6251,28.299,30.588,4.620
6252,28.951,32.155,4.674
6253,28.733,31.371,5.980
6254,28.794,30.162,5.996
6255,28.519,30.857,5.338
6256,27.993,30.120,5.282
6257,28.290,30.685,6.100
6258,28.312,31.016,4.973
6259,27.861,31.377,4.712
6260,29.467,30.833,4.027
6261,29.822,32.632,4.272
6262,29.061,31.082,3.994
6263,29.405,30.549,5.154
6264,28.448,29.407,6.832
6265,29.930,32.264,5.937
6266,29.486,32.023,5.850
6267,29.063,31.539,6.009
6268,30.303,31.727,3.873
6269,29.579,31.465,4.759
6270,31.474,31.576,4.836
6271,29.050,30.534,5.720
6272,30.427,30.985,5.844
6273,29.314,31.036,5.154
6274,30.055,32.182,4.984
6275,28.981,30.929,4.326
6276,29.192,31.656,4.584
6277,29.576,30.635,4.075
6278,29.369,30.268,4.492
6279,29.240,32.319,4.143
6280,27.497,30.617,4.504
6281,28.384,29.083,4.199
6282,27.532,29.489,4.500
6283,28.562,28.839,4.976
6284,29.349,30.017,4.304
6285,28.605,27.937,3.816
6286,27.863,28.782,4.332
6287,28.691,28.557,3.556
6288,28.948,30.060,4.582
6289,29.546,29.139,5.150
6290,28.607,29.853,4.256
6291,28.776,29.117,4.286
6292,28.528,29.262,4.704
6293,29.094,28.806,4.508
6294,28.792,30.716,3.914
6295,28.490,30.762,4.705
6296,29.810,29.741,4.093
6297,29.031,30.334,4.044
6298,30.505,29.258,4.148
6299,29.046,30.151,4.685
6300,28.169,30.858,5.244
6301,29.287,29.826,4.315
6302,28.714,30.170,3.806
6303,29.957,29.862,4.167
6304,29.215,30.418,4.190
6305,29.110,29.420,5.099
6306,29.431,29.787,4.294
6307,28.347,27.773,4.127
6308,29.159,27.920,4.275
6309,28.527,27.272,4.046
6310,28.942,28.529,4.041
6311,28.287,29.529,4.223
6312,29.923,30.395,3.773
6313,29.163,30.971,4.037
6314,29.785,31.688,3.879
6315,28.184,30.703,4.632
6316,28.279,30.813,4.111
6317,27.597,30.237,5.791
6318,28.623,28.877,4.416
6319,29.560,30.354,4.170
6320,29.164,31.216,3.550
6321,29.291,30.412,4.051
6322,28.998,29.731,4.069
6323,31.801,29.214,3.806
6324,27.863,29.015,4.371
6325,28.571,30.246,4.133
6326,29.398,29.717,4.669
6327,29.372,29.439,4.274
6328,29.454,29.276,3.491
6329,29.026,30.701,4.006
6330,28.140,28.523,4.320
6331,28.073,28.062,3.726
6332,29.901,29.907,4.303
6333,29.544,29.652,4.556
6334,29.607,30.423,4.134
6335,27.653,29.042,3.916
6336,29.171,27.898,4.596
6337,28.009,28.506,4.624
6338,28.745,30.368,3.501
6339,31.110,28.591,4.266
6340,28.182,28.668,4.162
6341,29.123,27.546,3.740
6342,28.992,29.811,3.831
6343,28.343,27.360,4.571
6344,28.601,28.593,4.744
6345,28.873,29.634,3.697
6346,28.431,28.520,3.998
6347,28.675,29.115,3.383
6348,29.050,29.329,4.220
6349,28.734,28.703,4.277
6350,29.731,29.567,4.479
6351,27.880,29.691,3.536
6352,27.804,29.604,4.446
6353,28.589,30.050,4.532
6354,28.512,30.114,3.896
6355,28.966,29.888,3.815
6356,29.803,31.085,4.304
6357,28.676,30.093,4.168
6358,28.399,30.895,5.213
6359,28.461,29.652,3.899
6360,28.919,30.945,4.017
6361,28.412,30.465,4.245
6362,27.726,29.702,4.593
6363,28.059,30.081,4.510
6364,28.172,29.284,3.905
6365,27.949,29.463,5.694
6366,27.659,29.130,4.404
6367,28.151,29.749,5.385
6368,27.822,30.142,4.705
6369,28.558,30.310,4.025
6370,28.587,29.880,3.416
6371,28.502,30.484,4.059
6372,27.002,30.650,4.427
6373,28.341,30.445,4.154
6374,28.566,29.446,3.621
6375,28.016,29.215,4.900
6376,28.188,30.496,3.926
6377,27.957,30.064,3.770
6378,29.240,31.175,4.310
6379,29.013,29.843,4.351
6380,27.717,30.066,3.980
6381,28.184,31.278,3.674
6382,28.435,31.445,4.085
6383,28.018,28.896,3.939
6384,28.739,28.190,4.323
6385,28.319,29.308,4.119
6386,28.512,29.201,3.758
6387,27.689,29.473,4.033
6388,27.908,31.422,4.446
6389,27.506,29.887,5.074
6390,28.258,31.100,4.110
6391,27.699,29.449,5.331
6392,27.721,30.268,5.068
6393,27.228,29.527,4.045
6394,27.953,30.533,3.406
6395,27.690,30.038,3.779
6396,28.239,30.903,4.527
6397,29.335,30.395,3.998
6398,28.245,30.064,3.551
6399,27.885,30.074,4.267
6400,28.397,29.074,4.333
6401,28.572,30.761,3.983
6402,28.777,30.261,5.042
6403,28.432,30.286,3.848
6404,28.352,29.489,4.583
6405,28.418,29.859,3.420
6406,28.957,29.279,4.446
6407,27.602,30.088,4.469
6408,28.034,28.817,4.500
6409,27.790,30.019,4.270
6410,29.865,29.857,4.274
6411,30.175,29.942,4.403
6412,30.162,29.193,3.886
6413,29.252,30.787,4.280
6414,28.481,30.647,3.941
6415,28.549,30.537,4.050
6416,28.865,29.435,4.339
6417,28.675,31.850,4.130
6418,29.035,29.862,3.437
6419,29.295,31.562,3.789
6420,27.991,29.600,4.465
6421,28.517,31.137,4.320
6422,29.433,29.615,4.436
6423,28.901,31.284,3.696
6424,29.007,31.269,3.866
6425,29.637,30.642,3.753
6426,27.487,30.871,4.108
6427,28.997,31.274,4.063
6428,29.599,30.600,4.204
6429,29.636,31.100,3.978
6430,28.712,30.701,4.197
6431,29.653,29.754,3.948
6432,29.045,30.361,4.121
6433,28.794,30.056,4.273
6434,28.697,29.502,4.448
6435,29.833,30.670,5.069
6436,28.467,30.224,4.350
6437,30.165,30.858,4.053
6438,30.280,30.938,3.893
6439,30.478,31.786,3.458
6440,29.170,29.998,4.227
6441,29.987,31.630,3.577
6442,28.971,31.054,4.384
6443,28.808,30.421,4.170
6444,29.821,31.235,3.736
6445,28.989,31.261,6.134
6446,28.439,30.933,3.996
6447,30.007,32.252,4.118
6448,29.176,31.398,4.048
6449,29.425,31.888,3.480
6450,29.114,31.898,4.038
6451,29.407,30.730,4.126
6452,29.067,30.603,3.850
6453,29.448,30.943,4.323
6454,28.442,30.650,4.425
6455,29.034,31.318,3.865
6456,29.348,32.449,5.237
6457,29.432,30.558,3.839
6458,29.437,31.656,3.955
6459,29.076,31.259,4.427
6460,30.060,31.460,3.575
6461,29.487,31.686,4.743
6462,27.044,29.434,4.417
6463,29.424,32.170,4.952
6464,30.699,30.484,5.134
6465,31.750,31.220,4.061
6466,30.117,31.937,4.618
6467,29.779,32.256,5.390
6468,27.720,30.576,4.176
6469,29.400,30.980,3.883
6470,28.195,30.174,4.760
6471,29.336,30.513,2.944
6472,28.162,29.774,4.739
6473,30.522,30.417,5.473
6474,29.006,31.032,5.097
6475,29.910,32.159,4.257
6476,29.388,30.920,2.969
6477,29.755,31.402,4.389
6478,28.183,31.257,4.004
6479,30.068,32.469,3.577
6480,31.047,32.063,4.351
6481,31.867,30.350,4.286
6482,30.160,30.372,4.391
6483,31.271,30.784,4.422
6484,30.697,30.815,5.177
6485,30.917,31.437,5.256
6486,31.714,32.430,5.459
6487,31.375,30.670,5.313
6488,31.558,31.411,5.251
6489,31.681,31.907,5.924
6490,30.904,31.347,5.491
6491,31.874,32.963,6.147
6492,31.795,30.971,6.564
6493,30.265,31.440,5.674
6494,29.021,31.960,6.070
6495,29.216,31.972,4.850
6496,28.648,32.566,4.621
6497,28.346,30.156,4.508
6498,29.170,31.328,5.400
6499,28.394,31.260,4.995
6500,29.336,32.993,5.594
6501,28.748,30.225,4.204
6502,29.180,30.872,4.203
6503,29.722,31.193,4.240
6504,29.327,31.637,4.191
6505,29.593,30.761,4.032
6506,29.628,32.494,5.207
6507,28.661,32.224,4.341
6508,29.191,32.235,5.544
6509,28.980,31.823,5.970
6510,28.809,32.577,5.232
6511,28.833,31.331,4.200
6512,29.740,32.498,4.445
6513,29.382,31.126,4.297
6514,28.622,31.300,4.251
6515,28.444,31.924,4.089
6516,29.458,31.370,3.644
6517,27.906,30.875,4.106
6518,28.228,31.543,4.248
6519,27.967,31.218,4.424
6520,28.348,30.922,4.069
6521,26.901,30.733,3.762
6522,28.834,29.664,2.882
6523,29.312,31.938,3.909
6524,29.218,32.004,4.248
6525,30.509,31.225,3.619
6526,30.558,30.356,4.233
6527,32.302,30.642,3.959
6528,31.377,31.029,3.665
6529,29.284,31.574,3.995
6530,28.907,31.690,3.899
6531,27.602,31.766,3.678
6532,28.157,31.052,4.261
6533,29.306,31.747,4.382
6534,28.560,29.901,3.897
6535,27.427,30.025,4.415
6536,28.265,30.107,4.522
6537,28.345,29.172,4.062
6538,27.867,29.469,3.676
6539,28.618,30.845,4.480
6540,27.755,32.106,4.340
6541,27.014,31.115,3.926
6542,27.160,30.481,4.164
6543,29.201,32.994,3.976
6544,28.515,31.338,4.867
6545,28.228,30.448,3.941
6546,27.780,29.362,4.209
6547,27.275,31.317,4.340
6548,28.142,31.253,3.832
6549,28.027,31.395,4.211
6550,28.494,30.690,4.283
6551,27.970,30.404,4.692
6552,28.411,31.374,4.098
6553,28.420,30.947,4.367
6554,27.476,31.361,3.994
6555,27.903,30.014,3.665
6556,28.301,30.808,4.016
6557,28.210,31.707,5.000
6558,27.837,30.159,4.254
6559,27.673,30.809,4.040
6560,28.434,31.029,4.629
6561,29.076,31.541,4.436
6562,27.666,30.350,4.815
6563,29.198,30.478,4.705
6564,29.006,33.429,4.467
6565,27.707,30.649,6.297
6566,29.294,31.170,4.520
6567,28.853,30.267,5.384
6568,30.162,30.926,4.765
6569,29.745,30.527,3.450
6570,30.293,29.912,4.178
6571,29.537,30.586,3.480
6572,28.770,29.478,3.727
6573,28.939,30.228,3.731
6574,27.639,29.869,4.319
6575,28.194,29.926,3.784
6576,28.779,30.509,3.946
6577,29.491,30.341,3.865
6578,28.503,30.882,4.104
6579,27.410,30.975,3.841
6580,28.789,30.768,4.071
6581,29.273,30.252,3.825
6582,28.941,31.024,3.756
6583,28.283,32.241,3.885
6584,31.224,31.204,3.628
6585,30.714,30.544,3.901
6586,30.879,29.653,4.208
6587,30.726,29.960,4.747
6588,30.126,30.025,4.187
6589,30.742,29.554,4.529
6590,30.939,29.354,4.362
6591,30.488,29.647,4.194
6592,31.714,30.062,4.011
6593,30.706,31.124,4.353
6594,30.581,30.841,4.220
6595,29.414,31.735,3.919
6596,30.830,30.648,4.304
6597,31.004,31.811,4.299
6598,30.815,30.650,4.300
6599,29.987,30.592,3.789
6600,28.621,30.174,4.000
6601,28.418,30.008,4.003
6602,28.922,31.809,3.810
6603,28.846,30.573,3.474
6604,29.532,30.285,5.272
6605,30.815,29.798,6.453
6606,31.319,31.035,4.006
6607,31.031,30.241,4.178
6608,29.376,30.105,4.064
6609,29.786,29.447,4.525
6610,30.689,30.961,3.926
6611,30.366,29.441,3.254
6612,31.290,29.406,4.113
6613,31.082,30.314,3.743
6614,29.547,31.154,3.947
6615,28.264,28.438,4.244
6616,31.076,30.298,4.935
6617,30.640,31.039,4.674
6618,31.062,30.223,3.743
6619,31.101,30.365,3.887
6620,30.697,30.123,4.040
6621,30.951,29.840,4.273
6622,30.343,29.651,4.977
6623,31.528,30.502,4.375
6624,31.623,32.684,4.074
6625,30.335,31.953,4.290
6626,30.461,30.991,3.677
6627,30.460,30.714,3.933
6628,27.724,30.665,4.958
6629,27.477,31.243,4.724
6630,27.413,30.500,5.025
6631,28.245,30.469,4.661
6632,28.118,30.076,4.407
6633,27.834,29.367,4.397
6634,27.954,32.108,5.678
6635,27.286,29.226,4.409
6636,27.896,32.275,4.470
6637,28.135,30.848,3.737
6638,28.367,30.700,4.540
6639,28.708,31.569,5.618
6640,27.945,30.813,3.862
6641,28.394,30.354,5.100
6642,27.807,30.621,3.957
6643,27.822,32.475,4.875
6644,29.545,31.263,4.128
6645,27.993,29.799,3.958
6646,28.311,30.629,4.428
6647,28.604,30.517,4.853
6648,29.101,31.227,5.680
6649,28.510,30.489,4.815
6650,28.174,30.837,4.911
6651,28.758,30.588,5.010
6652,30.065,31.525,4.966
6653,28.809,30.683,5.955
6654,29.355,30.664,4.768
6655,28.024,30.910,5.617
6656,27.568,30.292,5.313
6657,29.167,31.415,5.130
6658,28.170,31.421,4.580
6659,28.811,31.068,4.961
6660,27.909,30.826,4.941
6661,28.594,31.944,4.700
6662,28.693,31.434,4.898
6663,29.108,32.184,4.462
6664,29.781,31.079,3.777
6665,29.089,31.406,4.844
6666,29.092,31.709,3.972
6667,28.794,31.931,4.644
6668,28.688,31.764,5.150
6669,29.950,30.784,4.203
6670,27.785,30.375,5.441
6671,29.089,30.887,4.839
6672,28.744,30.674,4.661
6673,28.307,30.365,4.307
6674,28.253,31.938,5.868
6675,28.525,30.093,4.128
6676,26.998,30.135,4.671
6677,28.605,31.328,4.890
6678,28.837,29.846,4.416
6679,28.041,30.820,4.470
6680,28.195,30.132,3.842
6681,28.836,30.451,4.044
6682,28.428,30.385,4.351
6683,28.696,30.475,3.807
6684,28.078,30.417,4.062
6685,28.579,30.169,5.547
6686,29.111,30.701,4.432
6687,28.351,30.818,4.437
6688,28.682,30.127,4.833
6689,30.969,30.316,4.325
6690,28.591,30.964,4.538
6691,28.762,29.979,4.093
6692,27.679,30.028,4.187
6693,28.705,30.245,4.403
6694,28.362,29.863,4.865
6695,29.224,32.748,3.760
6696,27.561,30.170,4.271
6697,27.055,31.110,3.525
6698,28.515,30.434,4.664
6699,28.050,29.913,4.446
6700,28.517,30.259,4.783
6701,28.021,28.661,4.070
6702,27.304,30.995,4.473
6703,28.530,30.737,4.551
6704,31.127,30.427,4.858
6705,30.714,30.018,4.947
6706,29.674,31.382,4.158
6707,29.278,29.750,4.284
6708,27.863,30.237,3.983
6709,27.797,28.830,3.852
6710,28.452,29.740,4.871
6711,28.478,30.637,4.513
6712,28.912,30.966,5.018
6713,28.674,30.523,4.810
6714,28.194,29.982,4.330
6715,29.030,30.533,4.808
6716,29.839,32.774,4.547
6717,29.051,30.363,4.746
6718,29.840,31.467,4.402
6719,29.346,30.684,4.444
6720,30.542,31.506,4.214
6721,29.015,29.893,4.120
6722,28.928,29.784,4.766
6723,27.854,28.907,4.095
6724,30.981,30.329,4.986
6725,28.074,29.873,4.336
6726,29.169,30.223,4.095
6727,30.319,31.073,4.373
6728,28.062,30.278,3.773
6729,28.756,31.492,4.865
6730,28.286,32.584,5.840
6731,27.391,30.773,4.168
6732,28.061,30.891,3.883
6733,28.797,29.876,4.686
6734,28.223,30.955,5.109
6735,28.041,29.847,4.563
6736,28.604,30.116,4.286
6737,28.817,30.107,4.778
6738,27.658,30.282,4.511
6739,27.688,29.053,4.327
6740,28.178,29.984,4.461
6741,28.109,30.166,5.025
6742,29.229,30.941,4.982
6743,28.923,30.065,4.868
6744,28.822,30.216,5.996
6745,28.679,31.167,5.491
6746,28.635,30.519,4.974
6747,28.979,31.192,4.562
6748,29.120,31.741,5.073
6749,28.095,30.785,4.979
6750,26.878,29.777,6.197
6751,28.095,28.411,3.631
6752,28.584,30.845,5.153
6753,30.138,31.322,4.977
6754,29.451,31.483,3.637
6755,29.490,30.590,4.623
6756,28.759,30.096,4.235
6757,28.303,28.736,4.814
6758,28.307,29.077,4.595
6759,28.762,30.340,5.036
6760,27.511,29.013,4.935
6761,27.972,30.540,4.674
6762,26.699,30.118,5.340
6763,27.531,29.000,4.457
6764,28.664,30.813,5.390
6765,27.854,29.915,4.535
6766,28.814,29.944,5.198
6767,29.189,30.342,3.939
6768,28.792,30.065,4.386
6769,26.956,29.711,6.040
6770,28.580,30.205,5.490
6771,27.955,30.780,4.718
6772,28.147,29.603,4.317
6773,28.248,30.576,4.599
6774,28.373,29.425,4.086
6775,28.187,30.678,4.669
6776,28.235,30.562,5.448
6777,28.191,30.328,4.287
6778,27.649,29.114,4.418
6779,28.286,29.698,3.714
6780,27.808,29.453,4.029
6781,28.885,30.477,4.128
6782,27.389,29.336,4.342
6783,28.422,30.121,3.854
6784,27.533,28.830,4.316
6785,27.517,28.648,4.335
6786,27.885,29.895,5.118
6787,27.991,29.453,3.731
6788,29.187,31.480,4.986
6789,28.666,30.933,3.952
6790,28.555,30.575,3.992
6791,28.275,31.386,4.258
6792,29.020,32.160,4.635
6793,27.558,30.743,4.712
6794,28.007,31.751,5.301
6795,27.251,30.032,3.971
6796,27.272,30.229,3.968
6797,26.636,30.107,4.511
6798,28.191,30.195,4.316
6799,27.146,29.188,4.151
6800,27.832,29.898,4.013
6801,27.764,29.692,4.054
6802,28.291,31.232,4.833
6803,27.855,30.233,4.210
6804,27.852,30.472,4.468
6805,27.797,30.283,3.935
6806,27.224,30.578,4.740
6807,28.583,30.311,4.150
6808,28.710,32.209,3.937
6809,29.271,31.928,4.576
6810,28.862,32.345,5.463
6811,28.159,31.525,4.595
6812,29.117,31.566,4.405
6813,29.027,31.638,4.737
6814,27.934,30.424,5.348
6815,28.439,30.678,4.150
6816,28.190,30.104,4.850
6817,28.038,30.569,4.059
6818,27.958,31.125,3.605
6819,27.681,30.738,5.607
6820,28.154,30.477,4.100
6821,27.767,30.805,4.955
6822,27.232,30.668,5.467
6823,27.607,31.971,5.566
6824,28.424,31.637,4.525
6825,28.524,30.939,5.029
6826,28.114,28.951,3.380
6827,28.768,29.680,3.797
6828,27.361,29.504,3.995
6829,28.111,30.332,3.963
6830,27.256,30.448,4.121
6831,27.327,30.358,3.299
6832,27.599,30.472,4.440
6833,26.559,30.558,3.804
6834,28.561,30.332,4.054
6835,28.395,31.470,4.427
6836,28.305,30.601,3.405
6837,27.945,29.815,3.607
6838,28.185,31.943,3.907
6839,28.532,29.141,3.556
6840,29.085,31.153,3.461
6841,28.769,30.008,3.705
6842,29.823,31.577,3.528
6843,30.232,30.159,3.702
6844,28.823,30.748,3.840
6845,27.199,31.373,4.280
6846,27.891,31.954,5.288
6847,28.200,30.102,3.932
6848,27.574,29.521,3.816
6849,28.611,30.135,3.984
6850,27.939,30.300,4.189
6851,26.956,30.639,4.410
6852,27.059,30.309,4.332
6853,26.736,30.561,4.298
6854,27.391,29.500,3.961
6855,27.672,29.917,4.322
6856,26.599,29.711,4.087
6857,27.666,29.505,3.741
6858,27.002,29.415,3.650
6859,28.307,29.470,3.714
6860,26.954,29.995,3.368
6861,26.371,29.931,3.818
6862,28.190,31.199,4.395
6863,27.750,30.124,3.447
6864,27.619,30.472,4.337
6865,27.488,29.079,4.076
6866,28.067,28.709,3.943
6867,28.830,30.321,4.219
6868,29.716,29.808,4.002
6869,29.768,31.107,3.613
6870,29.925,29.494,4.605
6871,28.194,30.373,3.848
6872,27.545,30.997,3.739
6873,27.206,30.653,4.906
6874,28.636,32.338,4.388
6875,28.938,32.245,3.605
6876,28.794,34.005,5.859
6877,27.797,32.211,4.640
6878,28.392,31.892,3.181
6879,27.607,29.708,3.062
6880,28.046,32.856,3.560
6881,26.974,32.998,5.679
6882,26.408,32.915,5.579
6883,27.781,33.133,5.740
6884,28.119,34.177,5.640
6885,27.207,33.742,3.907
6886,27.783,34.512,4.782
6887,28.225,33.523,4.997
6888,26.837,33.327,4.953
6889,28.189,31.723,5.176
6890,30.272,33.078,4.027
6891,30.411,32.226,4.281
6892,28.468,33.166,5.523
6893,29.646,30.924,4.829
6894,30.191,32.234,5.155
6895,29.623,33.030,6.025
6896,29.139,33.007,5.766
6897,30.005,30.432,5.586
6898,28.893,31.798,4.908
6899,30.410,31.623,4.344
6900,31.436,32.078,4.742
6901,30.708,32.721,4.747
6902,31.088,31.513,4.618
6903,31.083,31.751,4.251
6904,28.351,33.130,4.876
6905,28.678,32.420,5.573
6906,27.870,31.433,4.265
6907,28.132,31.965,5.524
6908,29.235,32.562,4.964
6909,28.284,31.869,4.914
6910,28.114,31.658,6.354
6911,27.789,30.560,5.440
6912,27.811,32.596,5.452
6913,28.325,31.607,6.215
6914,28.898,30.579,4.466
6915,28.055,31.384,4.681
6916,28.305,32.176,4.157
6917,29.064,32.688,4.054
6918,28.371,32.862,3.322
6919,27.439,32.001,4.157
6920,28.002,31.934,5.063
6921,27.651,31.498,4.311
6922,28.550,31.970,4.401
6923,28.330,32.284,5.839
6924,28.130,31.807,4.733
6925,28.080,31.831,5.402
6926,26.952,31.906,5.614
6927,27.419,32.175,5.067
6928,28.211,31.594,5.144
6929,28.670,30.337,3.661
6930,27.900,30.301,4.017
6931,28.966,30.806,3.970
6932,26.538,31.371,5.311
6933,28.343,30.974,4.294
6934,28.201,31.488,5.741
6935,27.554,28.151,5.621
6936,27.036,28.852,5.756
6937,28.081,29.260,4.053
6938,28.337,30.807,5.541
6939,28.154,30.384,5.544
6940,27.960,31.577,4.571
6941,29.813,31.567,5.476
6942,28.058,31.154,6.153
6943,28.093,30.504,6.683
6944,29.352,29.320,4.975
6945,27.817,29.499,5.894
6946,28.436,29.560,5.397
6947,28.180,29.899,6.285
6948,28.730,29.771,5.137
6949,27.687,29.269,5.948
6950,27.417,29.442,6.386
6951,28.202,29.382,5.124
6952,28.614,28.734,4.371
6953,27.734,28.984,4.383
6954,27.913,29.361,6.229
6955,28.389,28.021,4.166
6956,28.986,29.506,5.222
6957,27.760,30.240,5.081
6958,28.849,30.532,4.566
6959,28.565,29.690,5.078
6960,28.406,29.969,4.516
6961,29.136,30.074,3.557
6962,27.867,30.616,5.768
6963,28.612,30.021,4.798
6964,26.877,29.370,4.975
6965,28.550,29.671,4.779
6966,28.940,28.888,4.619
6967,27.961,30.187,5.155
6968,28.576,29.033,4.803
6969,28.491,29.671,4.119
6970,27.863,29.817,5.726
6971,28.114,29.437,4.973
6972,28.581,29.960,4.769
6973,28.359,30.293,4.404
6974,27.621,31.006,4.235
6975,30.036,30.903,3.889
6976,29.156,30.340,4.161
6977,29.289,31.359,5.110
6978,28.932,30.665,4.590
6979,27.953,28.551,4.855
6980,27.680,28.510,4.136
6981,27.647,29.046,3.830
6982,28.225,30.316,4.474
6983,28.090,29.721,4.172
6984,28.020,27.660,3.492
6985,28.156,29.536,3.703
6986,28.963,29.424,3.393
6987,28.115,29.408,4.857
6988,27.367,28.583,5.102
6989,29.691,29.014,3.706
6990,28.377,30.640,4.220
6991,28.333,29.268,3.948
6992,27.842,30.760,4.836
6993,28.948,31.191,4.443
6994,28.101,29.628,3.478
6995,27.570,29.797,4.765
6996,29.254,29.872,3.707
6997,29.502,30.166,4.526
6998,28.815,29.714,4.170
6999,29.419,30.509,4.075
7000,28.871,30.419,3.996
7001,29.055,31.146,3.907
7002,30.111,30.675,3.950
7003,28.269,30.930,4.480
7004,28.863,31.480,3.892
7005,27.490,32.220,4.316
7006,28.592,31.318,4.638
7007,28.522,31.171,4.478
7008,27.491,30.899,4.318
7009,28.305,31.056,3.850
7010,29.398,31.401,5.031
7011,28.365,31.754,4.719
7012,28.774,31.529,3.900
7013,27.421,29.983,4.978
7014,27.711,29.767,5.439
7015,27.233,30.586,6.103
7016,26.809,30.421,6.092
7017,27.670,31.250,6.491
7018,26.600,30.715,6.674
7019,27.349,31.505,7.295
7020,27.560,31.418,7.056
7021,27.322,30.463,6.849
7022,28.130,31.129,5.506
7023,26.673,28.432,4.769
7024,28.314,30.918,5.376
7025,27.817,31.531,5.505
7026,28.515,31.471,4.306
7027,27.777,30.632,4.011
7028,27.825,29.953,3.929
7029,28.283,31.012,4.269
7030,28.332,32.151,5.572
7031,28.815,32.240,5.233
7032,27.936,32.600,4.900
7033,27.522,31.901,5.423
7034,27.880,31.588,5.818
7035,31.555,29.815,4.387
7036,30.163,31.192,4.195
7037,30.157,30.959,3.930
7038,30.463,30.397,4.371
7039,30.828,31.050,4.350
7040,29.701,30.743,4.785
7041,30.226,30.438,4.476
7042,28.964,30.277,4.467
7043,27.844,29.368,4.114
7044,28.911,31.457,3.655
7045,29.550,29.572,3.738
7046,28.332,29.560,3.650
7047,28.723,31.062,3.874
7048,28.299,29.729,4.030
7049,28.976,29.741,4.267
7050,28.214,29.574,4.501
7051,28.088,30.172,4.156
7052,27.869,29.382,4.365
7053,28.009,30.959,4.049
7054,28.716,31.590,3.951
7055,28.235,30.072,4.662
7056,29.511,30.634,3.884
7057,27.025,29.278,4.171
7058,27.663,29.495,4.142
7059,28.847,30.464,4.011
7060,28.779,31.422,4.192
7061,29.548,31.035,3.942
7062,29.395,31.419,3.030
7063,29.370,30.986,4.178
7064,29.087,31.112,4.548
7065,28.637,30.956,3.598
7066,27.940,30.613,3.718
7067,28.804,29.873,3.902
7068,28.597,30.768,4.094
7069,27.749,30.934,4.353
7070,28.641,30.587,4.669
7071,28.471,30.343,3.793
7072,28.697,31.424,3.998
7073,29.080,30.982,3.862
7074,27.590,31.045,4.006
7075,28.900,31.294,3.833
7076,29.254,31.484,4.316
7077,27.982,30.812,3.971
7078,28.764,30.270,4.653
7079,28.707,31.051,3.787
7080,27.983,30.580,4.189
7081,28.370,30.822,4.000
7082,28.350,31.055,3.716
7083,28.249,29.777,4.077
7084,28.024,31.239,4.071
7085,28.261,31.447,4.311
7086,27.974,29.120,4.240
7087,27.940,30.355,4.087
7088,28.357,30.063,6.496
7089,28.743,29.948,4.994
7090,28.213,30.029,4.921
7091,29.435,31.071,4.028
7092,29.211,30.312,4.705
7093,28.394,30.147,4.383
7094,28.297,30.325,3.858
7095,28.831,29.379,3.444
7096,27.899,29.357,4.189
7097,28.391,30.026,3.410
7098,28.509,30.391,4.078
7099,27.837,29.703,3.595
7100,28.528,30.409,6.379
7101,28.237,31.222,4.696
7102,29.392,29.926,5.039
7103,28.547,30.574,4.991
7104,29.234,30.840,4.333
7105,27.993,29.185,6.498
7106,29.287,30.608,5.612
7107,28.678,30.649,4.207
7108,29.210,31.724,4.543
7109,28.034,28.884,3.114
7110,28.342,30.582,4.759
7111,28.548,30.561,4.484
7112,28.450,30.175,4.621
7113,28.504,30.549,3.943
7114,28.610,30.680,3.971
7115,29.454,30.355,4.414
7116,29.128,30.465,3.798
7117,29.033,30.481,3.843
7118,28.634,30.007,4.132
7119,29.196,31.038,4.176
7120,28.863,30.826,4.178
7121,28.833,31.211,4.303
7122,28.174,29.590,5.921
7123,28.905,31.065,6.011
7124,28.393,29.822,3.806
7125,28.377,30.394,3.706
7126,31.062,30.198,4.249
7127,29.846,29.417,3.801
7128,31.451,31.260,3.970
7129,31.097,30.322,4.372
7130,27.883,29.980,4.861
7131,27.745,30.507,4.298
7132,28.324,31.001,3.446
7133,28.174,30.772,4.660
7134,28.300,30.393,4.340
7135,28.534,30.494,4.764
7136,28.271,29.629,4.518
7137,26.744,29.939,5.484
7138,26.967,29.945,5.239
7139,30.723,31.301,5.111
7140,30.840,31.750,5.038
7141,28.759,30.252,3.432
7142,28.146,30.016,4.196
7143,29.445,30.514,3.595
7144,29.198,32.546,4.022
7145,27.023,31.002,4.609
7146,27.614,30.776,4.364
7147,27.647,30.567,4.180
7148,28.937,32.527,5.516
7149,28.515,31.171,6.337
7150,29.453,32.015,5.822
7151,27.399,29.932,6.078
7152,28.387,30.844,5.541
7153,28.963,31.126,4.936
7154,28.385,31.449,5.625
7155,28.427,31.560,5.385
7156,28.543,32.517,5.276
7157,28.773,32.941,5.079
7158,28.909,33.703,5.076
7159,28.449,32.894,5.768
7160,28.646,33.127,6.357
7161,26.939,31.152,5.826
7162,27.894,32.417,5.211
7163,27.755,31.039,5.632
7164,27.974,31.661,5.137
7165,27.853,32.227,5.315
7166,27.945,29.012,5.031
7167,27.898,30.484,6.417
7168,26.828,30.793,4.570
7169,28.309,29.845,5.108
7170,28.790,29.862,4.422
7171,27.394,29.677,4.962
7172,29.691,32.040,4.672
7173,28.381,29.699,3.902
7174,29.878,30.816,4.929
7175,27.845,28.407,4.484
7176,26.845,28.347,5.040
7177,26.062,28.446,4.150
7178,26.514,27.684,4.916
7179,25.654,29.419,3.744
7180,26.637,28.882,3.851
7181,26.339,28.202,4.844
7182,27.105,27.967,4.467
7183,25.477,26.884,4.006
7184,25.604,27.657,4.474
7185,25.760,29.084,5.093
7186,25.506,30.180,4.228
7187,26.733,29.490,4.111
7188,27.096,30.015,4.127
7189,26.880,28.861,4.304
7190,26.864,28.818,5.154
7191,25.601,29.136,4.340
7192,26.589,28.868,4.778
7193,27.291,29.247,4.173
7194,26.995,29.729,4.517
7195,27.725,29.350,4.333
7196,26.381,29.548,4.659
7197,26.889,28.724,5.181
7198,26.114,29.173,3.987
7199,27.818,31.154,4.859
7200,26.698,29.862,4.375
7201,27.279,29.582,4.647
7202,28.238,30.775,4.259
7203,27.562,31.352,4.476
7204,27.019,29.389,4.806
7205,26.681,28.672,4.606
7206,26.636,29.846,4.422
7207,28.777,30.111,4.272
7208,27.342,29.646,4.509
7209,27.875,29.438,4.605
7210,27.119,29.841,5.236
7211,28.283,30.861,4.452
7212,27.374,29.853,4.235
7213,26.851,29.098,5.090
7214,26.452,29.100,4.832
7215,25.890,27.646,5.113
7216,26.734,28.077,5.140
7217,27.242,27.994,5.299
7218,26.755,27.093,5.051
7219,26.188,27.074,4.594
7220,27.469,28.153,5.044
7221,27.347,28.954,4.429
7222,27.199,26.589,3.943
7223,27.433,28.899,4.787
7224,27.167,26.668,4.356
7225,27.690,28.334,4.315
7226,26.928,27.117,4.478
7227,26.844,29.885,4.685
7228,26.975,27.792,4.408
7229,27.423,30.486,4.622
7230,27.633,29.654,4.783
7231,27.837,29.282,4.604
7232,26.777,30.128,5.076
7233,27.480,29.658,4.841
7234,27.527,29.829,4.545
7235,27.242,29.040,4.388
7236,27.508,30.008,4.601
7237,26.664,29.236,4.484
7238,27.452,29.708,4.377
7239,27.104,28.517,4.459
7240,26.691,27.991,4.927
7241,27.597,29.813,4.741
7242,27.347,30.090,4.640
7243,27.776,29.291,4.271
7244,26.537,30.569,4.582
7245,27.040,28.558,4.895
7246,26.165,28.414,4.648
7247,26.004,29.101,4.100
7248,27.508,29.743,4.505
7249,26.867,28.922,4.399
7250,25.886,28.034,4.860
7251,27.215,28.563,4.587
7252,26.543,27.487,5.032
7253,26.001,28.376,4.148
7254,26.486,29.376,4.620
7255,26.011,29.090,4.902
7256,27.070,30.137,4.458
7257,26.228,28.972,4.240
7258,27.032,29.654,5.085
7259,27.502,29.352,4.047
7260,26.704,28.065,5.000
7261,27.003,29.778,4.747
7262,27.303,29.288,4.288
7263,26.878,28.128,4.299
7264,27.255,29.522,4.330
7265,26.553,28.007,4.436
7266,27.020,28.321,4.791
7267,27.344,28.634,4.490
7268,26.276,28.374,4.515
7269,27.493,28.968,4.283
7270,26.868,27.472,4.137
7271,27.424,28.625,4.811
7272,26.309,28.551,4.023
7273,26.581,28.572,4.880
7274,27.342,29.107,4.444
7275,26.831,29.153,5.589
7276,27.041,29.017,4.183
7277,26.887,27.430,4.958
7278,26.270,27.530,4.264
7279,29.420,29.968,5.129
7280,26.681,28.523,5.038
7281,28.259,29.393,4.556
7282,29.665,28.471,4.705
7283,26.203,27.740,3.960
7284,26.178,28.192,5.054
7285,26.147,28.932,5.981
7286,27.208,27.379,4.360
7287,27.633,28.036,4.303
7288,27.338,28.722,4.231
7289,26.531,28.171,4.320
7290,26.996,27.721,4.332
7291,27.095,27.583,4.591
7292,27.330,26.656,4.751
7293,27.314,28.262,4.014
7294,27.682,26.344,4.838
7295,27.996,27.663,4.430
7296,27.639,26.606,3.948
7297,26.928,26.589,4.720
7298,28.437,27.955,4.879
7299,28.792,28.860,4.573
7300,28.405,27.618,4.876
7301,28.722,28.141,4.149
7302,29.701,28.327,4.992
7303,27.457,27.832,3.922
7304,29.008,29.531,4.680
7305,28.348,28.831,4.623
7306,28.034,29.274,4.310
7307,27.656,28.821,4.535
7308,27.042,27.875,5.505
7309,27.747,27.437,4.382
7310,26.475,28.810,4.864
7311,26.396,27.645,5.051
7312,26.802,27.947,4.623
7313,26.910,28.241,5.281
7314,26.390,29.074,6.040
7315,26.123,27.556,5.272
7316,27.263,28.014,4.739
7317,27.924,29.228,3.717
7318,27.476,29.525,4.521
7319,26.124,29.684,4.238
7320,26.995,29.381,4.802
7321,27.677,29.210,4.593
7322,26.948,28.723,4.935
7323,25.920,27.824,4.159
7324,25.966,27.388,4.257
7325,26.689,29.185,4.667
7326,26.652,28.536,4.697
7327,26.376,29.264,4.355
7328,27.053,28.056,4.535
7329,26.843,27.231,4.276
7330,27.075,27.916,4.366
7331,27.344,27.953,4.367
7332,26.403,28.138,4.449
7333,26.538,28.058,4.491
7334,27.259,28.310,4.635
7335,27.386,29.755,4.945
7336,27.718,28.660,4.720
7337,25.413,27.878,4.949
7338,26.711,25.853,5.019
7339,25.584,28.008,5.682
7340,26.171,27.895,5.060
7341,26.564,27.132,4.451
7342,26.362,28.572,4.364
7343,25.467,26.443,4.817
7344,25.951,25.685,4.502
7345,25.383,28.069,4.282
7346,25.906,27.057,4.194
7347,25.024,28.475,4.739
7348,26.871,27.665,4.768
7349,25.852,26.966,4.645
7350,25.517,27.712,5.315
7351,26.581,27.829,4.461
7352,26.712,28.080,4.927
7353,26.112,27.460,4.381
7354,25.302,27.736,4.575
7355,26.441,27.092,4.397
7356,24.878,27.613,5.088
7357,25.233,26.874,5.199
7358,24.962,25.580,5.619
7359,24.868,27.815,5.135
7360,25.463,27.298,4.966
7361,26.629,27.798,4.437
7362,26.142,28.428,4.834
7363,26.607,29.648,4.632
7364,25.181,28.967,5.186
7365,26.566,28.477,4.825
7366,25.708,28.931,5.447
7367,25.643,28.949,4.441
7368,26.037,28.030,5.187
7369,26.826,29.857,4.371
7370,25.464,28.769,5.144
7371,26.670,28.633,4.968
7372,26.289,28.453,4.572
7373,25.967,28.299,5.213
7374,26.899,28.563,4.729
7375,25.661,29.203,4.539
7376,26.082,28.538,4.480
7377,26.324,28.916,4.466
7378,27.885,28.092,5.070
7379,27.660,28.074,4.927
7380,27.276,27.712,4.015
7381,27.497,28.883,4.555
7382,27.673,28.406,4.388
7383,26.366,30.175,4.564
7384,25.873,29.952,4.309
7385,25.683,29.169,4.494
7386,25.430,28.692,4.676
7387,26.696,29.381,5.116
7388,26.985,28.227,4.862
7389,25.490,27.124,5.291
7390,26.609,27.905,4.994
7391,26.121,27.090,4.193
7392,25.726,28.330,4.723
7393,26.130,28.115,4.376
7394,26.545,27.618,4.876
7395,27.227,27.697,4.208
7396,27.250,30.193,4.730
7397,26.176,29.283,4.715
7398,26.122,27.709,4.661
7399,25.320,28.191,4.233
7400,25.573,30.120,4.807
7401,26.045,28.420,4.920
7402,25.271,28.847,4.441
7403,26.600,29.975,4.224
7404,26.744,29.369,4.574
7405,28.292,29.199,5.103
7406,27.209,29.373,4.710
7407,25.737,29.208,4.444
7408,26.030,28.132,4.877
7409,25.585,28.537,4.320
7410,26.110,29.110,4.430
7411,26.283,29.253,4.545
7412,25.545,28.360,4.405
7413,25.249,29.430,4.753
7414,24.885,27.594,4.826
7415,25.539,29.751,4.664
7416,24.889,27.351,5.086
7417,25.514,29.126,4.235
7418,25.135,27.462,4.704
7419,25.527,29.208,5.164
7420,25.044,27.943,4.211
7421,25.171,28.660,5.127
7422,25.299,27.763,4.323
7423,24.343,28.477,5.006
7424,25.150,28.629,4.764
7425,26.287,27.781,4.518
7426,24.919,28.784,4.535
7427,25.386,28.108,4.418
7428,25.825,28.104,4.240
7429,25.651,29.215,4.631
7430,26.087,28.051,4.700
7431,25.741,28.005,4.285
7432,25.444,27.263,3.635
7433,26.120,27.208,4.427
7434,26.273,27.864,4.920
7435,26.494,29.360,4.002
7436,27.323,28.660,4.384
7437,25.271,28.150,4.768
7438,25.276,27.546,4.402
7439,24.610,28.215,4.846
7440,26.443,29.263,4.817
7441,26.271,29.301,4.784
7442,26.140,29.361,4.191
7443,25.867,27.235,4.945
7444,25.127,28.007,4.852
7445,26.963,29.047,4.622
7446,26.235,28.210,4.272
7447,26.377,28.506,4.785
7448,26.175,27.497,4.201
7449,26.285,27.367,4.698
7450,27.726,27.682,4.781
7451,25.338,26.611,5.126
7452,26.585,27.247,4.725
7453,25.221,26.701,5.710
7454,26.863,28.452,4.598
7455,25.816,27.584,5.244
7456,27.114,28.325,4.534
7457,25.425,27.522,4.421
7458,26.050,28.849,4.214
7459,25.031,27.363,5.412
7460,24.777,27.745,5.876
7461,24.974,27.992,4.713
7462,25.666,27.219,5.690
7463,25.398,27.812,5.785
7464,25.269,27.604,6.215
7465,26.255,27.281,5.070
7466,25.785,27.400,5.766
7467,25.450,27.601,6.168
7468,28.193,27.556,6.355
7469,27.020,27.282,6.163
7470,28.509,27.099,5.108
7471,27.982,26.926,4.988
7472,25.200,26.751,5.433
7473,26.140,26.922,4.088
7474,25.796,28.028,4.860
7475,25.401,26.761,4.511
7476,25.841,27.175,4.927
7477,26.671,27.233,4.211
7478,25.151,26.613,4.938
7479,25.984,27.502,4.245
7480,27.146,27.115,4.822
7481,25.838,26.401,4.815
7482,25.517,26.926,4.820
7483,25.788,26.617,4.816
7484,24.983,27.007,4.682
7485,25.572,27.741,4.930
7486,26.541,27.120,4.272
7487,25.663,27.704,4.754
7488,24.857,27.144,4.543
7489,24.766,26.770,4.443
7490,25.764,27.591,4.523
7491,24.953,26.795,4.906
7492,24.285,26.441,4.607
7493,25.030,28.393,4.583
7494,24.786,26.923,4.418
7495,25.174,26.490,4.416
7496,25.114,27.351,4.311
7497,25.433,26.648,4.891
7498,25.663,28.770,4.159
7499,25.019,27.502,3.930
7500,25.602,26.931,3.975
7501,25.196,26.971,4.786
7502,24.771,26.707,4.002
7503,24.518,27.446,5.100
7504,25.261,27.758,4.660
7505,24.735,27.004,5.314
7506,25.675,28.444,4.831
7507,26.319,26.753,4.964
7508,24.883,26.855,4.666
7509,25.451,26.707,4.953
7510,26.159,26.904,4.733
7511,25.145,27.397,4.474
7512,25.065,25.853,5.258
7513,25.650,26.929,4.008
7514,25.861,25.709,4.772
7515,25.099,26.182,4.454
7516,27.148,24.936,4.952
7517,26.721,26.495,4.758
7518,25.017,25.215,4.338
7519,24.758,26.041,4.003
7520,25.563,25.353,4.622
7521,25.496,26.998,4.488
7522,26.025,27.105,4.705
7523,25.644,27.903,5.006
7524,26.254,27.331,4.846
7525,25.293,27.354,4.346
7526,27.003,26.166,5.016
7527,27.831,26.930,5.023
7528,27.745,27.218,4.943
7529,28.116,27.615,4.206
7530,26.784,26.563,5.356
7531,28.379,26.533,4.805
7532,27.981,27.786,4.038
7533,27.079,28.641,4.734
7534,25.727,26.249,4.342
7535,26.016,26.832,4.857
7536,26.083,26.556,3.974
7537,25.301,26.839,4.640
7538,26.091,26.848,4.722
7539,25.524,26.361,5.260
7540,25.620,26.255,4.993
7541,25.670,25.587,5.132
7542,25.412,25.948,4.825
7543,26.730,27.296,4.512
7544,27.602,26.912,4.288
7545,27.622,27.471,4.431
7546,27.083,26.552,4.626
7547,27.102,27.165,4.139
7548,26.367,26.893,4.604
7549,25.235,26.432,5.463
7550,27.051,26.913,4.569
7551,26.438,27.151,4.953
7552,27.585,27.784,4.373
7553,26.547,26.432,4.866
7554,26.533,26.428,4.510
7555,25.198,25.360,5.091
7556,25.436,26.616,4.885
7557,26.659,27.086,4.857
7558,26.449,26.879,5.012
7559,26.585,27.278,4.257
7560,26.259,25.859,4.337
7561,26.240,28.214,5.261
7562,25.911,26.733,4.511
7563,26.353,26.425,4.253
7564,26.534,26.007,4.271
7565,29.983,27.327,4.685
7566,28.038,26.819,4.674
7567,27.550,26.396,4.511
7568,28.863,27.183,4.608
7569,28.392,25.974,4.817
7570,28.548,25.915,4.617
7571,29.156,27.961,4.234
7572,27.859,27.152,5.363
7573,25.805,27.136,4.506
7574,26.055,26.809,5.105
7575,26.585,28.050,4.340
7576,24.975,25.889,5.054
7577,25.983,26.642,4.731
7578,27.029,28.052,4.653
7579,26.395,26.130,4.722
7580,25.368,26.512,4.843
7581,24.287,26.248,4.358
7582,25.283,26.374,4.764
7583,26.019,25.838,4.779
7584,25.601,26.823,4.584
7585,27.195,26.666,5.748
7586,25.080,27.602,4.569
7587,26.455,27.875,4.787
7588,26.684,27.090,4.936
7589,26.156,27.711,4.648
7590,26.683,26.601,3.968
7591,26.531,26.463,3.979
7592,25.501,26.964,4.792
7593,26.079,25.994,4.315
7594,27.802,26.662,4.126
7595,27.848,27.436,4.350
7596,28.927,26.375,4.405
7597,27.835,27.130,4.354
7598,26.789,26.570,4.418
7599,27.234,26.765,4.168
7600,26.403,27.966,4.346
7601,26.950,27.036,3.928
7602,26.174,28.518,4.570
7603,26.680,27.466,4.234
7604,25.952,27.150,4.036
7605,25.489,27.857,4.281
7606,25.872,27.758,4.530
7607,28.688,26.671,4.586
7608,28.870,27.712,4.784
7609,28.409,26.653,4.715
7610,25.812,27.104,4.646
7611,25.928,26.762,4.269
7612,26.451,26.331,4.603
7613,26.002,26.287,4.531
7614,24.979,26.978,4.633
7615,26.122,25.995,4.559
7616,25.456,27.667,4.312
7617,25.669,27.467,4.470
7618,25.596,27.080,4.348
7619,27.338,27.954,4.283
7620,26.392,27.302,4.181
7621,25.733,26.778,5.183
7622,26.346,26.804,4.630
7623,25.428,26.682,4.889
7624,25.599,26.457,4.467
7625,26.023,26.917,4.458
7626,26.360,27.214,4.696
7627,25.498,27.109,4.585
7628,27.281,27.237,4.401
7629,27.347,27.409,4.636
7630,27.894,27.314,4.643
7631,27.524,26.301,4.952
7632,29.051,27.169,4.545
7633,28.194,27.355,4.408
7634,28.677,28.380,4.185
7635,26.349,27.195,4.133
7636,25.756,27.820,4.568
7637,26.002,28.074,4.434
7638,26.705,27.769,4.341
7639,26.431,28.325,4.587
7640,26.862,29.251,4.781
7641,26.466,28.767,4.282
7642,26.319,26.398,5.632
7643,25.603,28.276,4.218
7644,25.598,27.904,4.295
7645,26.115,27.208,4.551
7646,24.919,26.898,4.892
7647,26.268,27.062,4.108
7648,26.487,27.837,4.512
7649,25.201,27.795,4.628
7650,26.687,30.054,4.817
7651,26.017,28.381,4.744
7652,25.730,27.534,4.975
7653,26.883,26.965,4.063
7654,25.935,26.701,4.538
7655,25.357,26.209,4.515
7656,25.572,25.693,5.383
7657,24.877,25.612,4.543
7658,26.257,26.267,4.128
7659,29.074,26.555,4.583
7660,27.511,25.627,3.905
7661,26.590,27.096,4.058
7662,25.439,26.816,3.877
7663,25.820,26.321,5.079
7664,25.987,26.911,4.326
7665,25.484,26.644,4.305
7666,26.180,27.104,4.680
7667,26.467,26.830,4.368
7668,25.700,26.296,4.392
7669,25.909,27.735,4.796
7670,25.566,26.732,4.953
7671,24.781,26.512,4.739
7672,25.490,27.685,4.494
7673,24.989,27.264,5.273
7674,26.053,26.705,4.411
7675,24.821,26.913,4.823
7676,26.633,25.910,4.767
7677,26.435,26.758,4.592
7678,25.238,26.303,4.479
7679,24.291,26.262,5.058
7680,26.261,26.685,3.959
7681,25.918,26.003,4.658
7682,25.192,25.605,4.545
7683,25.920,26.401,4.299
7684,25.631,26.662,4.416
7685,25.354,25.645,4.200
7686,25.443,26.469,4.984
7687,24.869,25.945,4.477
7688,25.797,26.679,4.377
7689,25.844,27.305,3.689
7690,25.663,26.221,4.699
7691,25.921,27.508,4.681
7692,26.415,29.319,4.637
7693,27.788,27.750,4.780
7694,29.046,27.993,4.025
7695,27.446,28.928,4.341
7696,26.801,27.622,4.462
7697,25.582,25.356,4.832
7698,26.295,26.802,4.191
7699,25.437,26.904,5.006
7700,25.480,27.077,4.154
7701,26.562,27.168,4.505
7702,25.430,27.069,4.557
7703,25.536,26.825,4.377
7704,26.107,27.037,4.553
7705,26.533,26.955,4.547
7706,25.407,25.912,4.596
7707,25.677,25.377,5.194
7708,26.049,25.621,4.733
7709,26.290,26.783,4.762
7710,25.564,25.650,4.732
7711,25.750,27.475,4.927
7712,25.537,26.335,4.898
7713,26.504,26.353,4.600
7714,26.092,26.445,4.687
7715,26.098,26.566,4.187
7716,29.269,26.527,4.452
7717,27.255,25.373,4.194
7718,27.055,26.179,4.987
7719,24.960,26.202,4.317
7720,25.433,26.365,4.317
7721,26.186,25.748,4.427
7722,26.265,26.072,4.931
7723,26.862,27.167,4.739
7724,24.897,25.791,5.047
7725,25.879,27.051,4.807
7726,25.513,26.291,4.770
7727,27.646,27.000,4.073
7728,26.724,27.181,4.861
7729,25.984,27.805,4.613
7730,27.161,28.455,4.393
7731,26.683,25.761,4.363
7732,26.213,27.657,4.235
7733,26.105,26.124,4.587
7734,25.340,26.656,5.323
7735,25.844,28.107,4.935
7736,25.091,27.215,4.884
7737,26.601,26.336,4.528
7738,25.863,25.910,4.243
7739,25.517,26.227,4.622
7740,25.931,27.495,4.288
7741,25.069,26.607,4.851
7742,25.166,28.203,4.308
7743,25.664,27.238,4.733
7744,26.964,26.945,4.381
7745,26.816,26.000,4.475
7746,27.027,26.947,4.501
7747,26.317,28.540,4.103
7748,25.905,28.109,4.634
7749,26.860,27.222,4.309
7750,25.774,27.005,4.364
7751,26.141,27.411,5.365
7752,25.939,27.950,4.376
7753,26.210,26.681,3.927
7754,25.307,26.739,4.258
7755,25.315,26.704,5.304
7756,26.407,27.592,3.918
7757,26.548,27.186,4.210
7758,25.769,27.104,4.785
7759,26.143,26.249,4.420
7760,25.977,25.324,4.631
7761,26.348,26.237,4.916
7762,26.985,26.732,4.478
7763,26.462,27.122,4.403
7764,26.231,26.975,4.042
7765,26.493,27.055,4.600
7766,25.392,27.270,3.957
7767,26.262,26.885,4.062
7768,25.914,26.920,4.947
7769,26.760,26.817,4.437
7770,25.578,25.976,5.096
7771,25.747,26.333,4.391
7772,25.270,27.226,4.610
7773,25.815,26.717,4.788
7774,24.957,27.452,3.962
7775,26.180,27.127,4.710
7776,27.999,26.536,4.617
7777,28.553,27.194,4.539
7778,28.523,26.042,4.389
7779,28.659,27.435,4.638
7780,28.273,27.201,4.609
7781,27.868,26.725,4.136
7782,28.778,27.207,4.293
7783,28.532,26.781,4.403
7784,28.407,27.003,5.005
7785,28.580,25.712,4.170
7786,27.502,27.215,4.432
7787,27.836,25.794,5.131
7788,27.454,28.305,4.319
7789,27.625,27.443,4.635
7790,27.299,27.328,3.400
7791,28.498,27.191,4.167
7792,27.763,27.549,3.809
7793,28.384,26.384,4.872
7794,28.214,27.514,4.524
7795,29.131,27.698,4.529
7796,28.214,26.877,4.345
7797,28.913,27.612,4.451
7798,29.032,25.673,3.842
7799,29.469,27.465,4.447
7800,25.388,25.242,4.425
7801,25.925,26.105,5.365
7802,25.869,27.364,3.562
7803,26.618,28.209,3.722
7804,25.681,28.681,4.648
7805,26.251,28.056,4.189
7806,26.261,26.988,4.449
7807,26.180,28.666,4.605
7808,26.564,29.130,4.137
7809,26.124,28.136,4.500
7810,26.884,28.077,4.539
7811,26.920,27.380,4.148
7812,27.421,28.256,4.369
7813,26.197,28.201,4.445
7814,25.355,28.577,4.343
7815,26.782,28.769,4.783
7816,26.630,28.728,4.887
7817,26.352,28.443,4.679
7818,26.661,27.246,4.361
7819,26.068,28.483,4.676
7820,25.724,26.857,4.429
7821,26.455,27.592,3.649
7822,26.199,29.536,4.216
7823,26.547,28.233,4.418
7824,25.437,27.958,4.937
7825,26.434,29.000,4.608
7826,26.839,27.971,4.412
7827,25.933,28.032,3.902
7828,25.986,27.680,4.247
7829,25.331,27.030,4.639
7830,25.075,27.412,4.035
7831,25.123,28.233,4.557
7832,25.807,27.902,4.671
7833,26.484,27.374,4.372
7834,26.916,27.957,3.915
7835,26.504,27.476,4.088
7836,26.349,27.533,4.336
7837,26.534,28.158,4.453
7838,25.655,27.690,4.365
7839,26.362,28.564,4.268
7840,26.705,28.767,4.388
7841,26.769,28.429,4.779
7842,26.460,28.795,4.574
7843,26.463,27.808,4.507
7844,26.842,30.348,4.398
7845,26.269,27.705,4.404
7846,26.003,27.362,4.466
7847,26.507,27.820,5.217
7848,26.472,27.695,4.169
7849,26.607,27.739,4.948
7850,26.586,28.627,4.643
7851,25.719,29.379,4.925
7852,27.350,29.023,4.470
7853,25.924,27.654,4.777
7854,25.697,27.580,5.006
7855,26.431,28.532,4.126
7856,26.246,30.182,3.827
7857,26.516,29.075,4.520
7858,26.910,27.085,4.144
7859,26.474,26.799,4.250
7860,26.484,27.033,4.495
7861,26.633,26.798,5.051
7862,26.693,30.014,4.071
7863,27.236,27.840,4.500
7864,26.245,26.710,4.930
7865,25.508,26.251,4.559
7866,26.539,26.966,4.491
7867,27.194,28.954,4.338
7868,26.921,26.909,4.514
7869,26.480,29.516,4.623
7870,27.346,28.478,3.924
7871,27.320,29.171,4.513
7872,26.345,27.785,4.577
7873,26.428,27.686,4.545
7874,27.209,28.087,4.554
7875,26.336,28.395,4.354
7876,27.456,29.425,4.355
7877,27.016,29.158,4.566
7878,25.764,27.028,5.037
7879,27.008,29.548,4.539
7880,26.226,28.021,5.478
7881,26.477,28.230,4.906
7882,26.718,28.702,4.360
7883,25.578,27.875,5.736
7884,25.557,28.278,5.333
7885,26.669,28.931,4.519
7886,24.881,28.325,4.149
7887,25.565,27.422,3.506
7888,26.160,28.077,4.413
7889,26.012,27.272,5.213
7890,25.111,28.010,5.034
7891,28.266,27.952,5.239
7892,24.099,25.955,7.027
7893,25.381,28.489,8.984
7894,26.101,28.558,7.724
7895,25.553,28.009,7.339
7896,25.714,29.258,7.535
7897,26.052,27.835,7.889
7898,24.676,28.700,8.061
7899,25.945,28.702,8.021
7900,24.589,28.848,7.602
7901,25.324,28.435,7.959
7902,24.950,28.010,8.603
7903,24.942,27.873,8.427
7904,26.210,28.077,8.013
7905,27.305,28.207,7.762
7906,26.829,27.935,7.694
7907,27.141,27.183,7.898
7908,27.039,27.887,7.898
7909,25.844,28.877,7.796
7910,25.767,28.507,9.222
7911,25.145,27.764,8.928
7912,25.271,27.460,8.045
7913,24.930,27.901,7.642
7914,24.596,27.453,8.550
7915,24.796,26.941,7.886
7916,25.653,28.786,8.186
7917,24.804,27.431,7.754
7918,26.478,30.038,8.057
7919,25.198,28.088,8.502
7920,25.242,28.648,8.223
7921,23.298,27.230,7.954
7922,24.355,27.342,8.075
7923,25.070,28.375,7.443
7924,24.227,27.867,9.729
7925,25.086,30.118,7.928
7926,25.931,29.712,8.093
7927,24.906,28.923,6.479
7928,25.343,30.551,8.302
7929,25.165,27.844,7.714
7930,25.070,27.835,7.841
7931,24.845,28.075,6.067
7932,25.414,26.496,7.767
7933,25.470,29.801,8.197
7934,26.054,28.707,4.986
7935,25.783,28.197,5.774
7936,27.687,29.254,5.335
7937,27.186,29.122,7.698
7938,28.177,28.261,6.840
7939,26.429,27.628,7.253
7940,26.774,26.561,7.112
7941,28.929,30.327,7.647
7942,27.835,29.118,7.510
7943,27.564,28.011,8.057
7944,26.186,28.328,7.864
7945,25.400,28.649,7.195
7946,26.094,28.276,7.320
7947,26.170,28.971,7.977
7948,25.335,28.328,4.891
7949,24.407,27.816,7.883
7950,24.182,28.125,7.782
7951,25.548,28.704,6.032
7952,24.937,26.883,7.175
7953,25.235,26.138,7.069
7954,25.840,28.188,4.710
7955,25.580,28.328,7.893
7956,24.800,27.925,8.270
7957,23.819,27.639,7.692
7958,25.467,29.559,7.575
7959,25.473,28.351,7.870
7960,24.601,28.730,7.488
7961,24.979,29.569,7.038
7962,25.942,28.203,5.270
7963,24.081,28.992,5.674
7964,24.185,27.964,4.703
7965,24.017,27.664,7.743
7966,24.199,27.686,8.154
7967,24.217,28.263,7.281
7968,24.427,29.179,7.563
7969,24.879,29.029,7.527
7970,23.687,29.117,8.768
7971,25.223,29.088,6.548
7972,24.649,28.839,6.498
7973,25.028,27.554,7.934
7974,24.194,27.575,7.859
7975,24.687,27.874,7.848
7976,25.833,27.713,5.173
7977,25.143,27.941,7.819
7978,25.082,26.348,8.300
7979,25.619,28.149,7.511
7980,26.547,28.740,7.764
7981,23.153,26.580,7.769
7982,25.767,28.629,6.543
7983,24.469,28.354,8.396
7984,25.267,27.397,7.846
7985,23.928,27.967,7.860
7986,24.313,28.483,8.291
7987,25.573,28.278,8.491
7988,24.677,27.635,7.532
7989,25.602,28.371,7.297
7990,27.355,30.113,5.872
7991,28.339,29.592,3.734
7992,28.878,29.978,4.623
7993,28.544,30.504,5.033
7994,28.076,30.882,4.968
7995,28.058,29.598,4.917
7996,27.974,30.350,5.201
7997,27.503,30.155,5.667
7998,28.657,29.771,4.541
7999,27.694,29.298,4.078
8000,27.815,28.943,5.158
8001,28.520,29.165,4.404
8002,30.341,30.183,5.489
8003,31.291,29.068,3.829
8004,30.343,29.962,4.350
8005,27.841,29.915,4.248
8006,28.559,29.536,4.965
8007,28.641,28.863,4.590
8008,28.277,29.206,4.222
8009,27.749,28.664,5.017
8010,28.652,29.290,4.884
8011,27.724,28.926,4.496
8012,28.487,29.413,4.799
8013,28.921,28.027,4.343
8014,29.433,29.191,4.488
8015,29.342,28.820,5.072
8016,28.072,28.835,4.695
8017,28.231,28.719,4.144
8018,28.600,28.964,4.478
8019,26.833,28.962,4.409
8020,27.355,26.968,3.886
8021,26.959,28.687,3.756
8022,27.665,29.010,4.350
8023,26.933,29.266,5.240
8024,27.595,28.989,4.606
8025,28.193,29.196,4.706
8026,27.363,29.103,4.299
8027,27.156,28.906,4.049
8028,26.772,28.760,4.607
8029,27.227,28.048,4.287
8030,27.290,27.770,4.219
8031,28.269,29.188,5.223
8032,28.452,28.806,6.504
8033,27.941,28.818,4.014
8034,27.714,29.588,5.294
8035,27.088,30.642,6.279
8036,27.824,30.010,6.007
8037,26.202,28.854,3.882
8038,29.123,29.359,4.059
8039,28.655,30.111,3.977
8040,28.687,28.509,3.184
8041,28.101,28.578,4.031
8042,28.749,28.627,4.022
8043,26.734,28.134,4.089
8044,26.926,28.358,4.361
8045,27.110,29.343,4.968
8046,28.322,29.522,4.073
8047,28.150,27.923,4.036
8048,27.212,29.041,6.589
8049,28.697,29.208,5.727
8050,27.452,27.734,4.553
8051,29.084,28.880,4.290
8052,29.026,30.599,5.349
8053,28.817,29.774,5.323
8054,30.082,30.754,4.398
8055,28.568,28.808,3.700
8056,29.080,29.363,4.293
8057,27.839,28.541,4.689
8058,27.382,29.275,4.128
8059,27.232,28.522,5.156
8060,27.238,28.493,5.163
8061,26.787,29.099,5.393
8062,26.334,28.794,4.984
8063,26.610,28.643,5.037
8064,25.988,28.157,4.059
8065,26.550,28.502,4.254
8066,26.266,28.125,4.740
8067,26.134,27.921,5.722
8068,26.364,28.393,5.189
8069,28.996,27.712,4.814
8070,28.113,27.941,4.446
8071,27.545,27.078,3.589
8072,28.953,28.054,4.711
8073,28.257,28.455,4.090
8074,28.769,28.275,4.878
8075,26.168,27.071,4.650
8076,27.353,27.914,4.380
8077,26.878,27.426,5.557
8078,26.755,27.396,4.971
8079,26.283,25.904,5.050
8080,26.617,27.769,6.555
8081,27.445,27.076,5.529
8082,27.739,27.973,5.366
8083,26.849,28.113,5.175
8084,27.155,28.221,5.024
8085,28.380,26.915,4.527
8086,26.696,27.843,5.108
8087,27.527,28.171,4.734
8088,27.434,29.919,5.893
8089,27.786,28.616,3.820
8090,26.938,28.404,4.890
8091,27.635,28.539,4.272
8092,27.856,28.493,3.847
8093,28.046,27.499,4.415
8094,28.493,29.040,5.233
8095,27.008,26.945,4.070
8096,27.323,27.340,5.829
8097,26.898,28.354,6.936
8098,27.090,28.249,6.137
8099,27.638,29.365,4.846
8100,28.324,29.461,5.965
8101,27.640,29.915,4.607
8102,27.247,28.032,4.120
8103,28.449,32.572,6.030
8104,27.290,30.802,5.416
8105,27.935,30.530,5.040
8106,27.901,30.809,6.270
8107,27.075,30.384,4.900
8108,28.310,29.643,6.456
8109,27.706,29.192,6.986
8110,26.711,29.558,7.094
8111,27.373,30.519,7.024
8112,28.181,31.639,7.992
8113,28.446,30.437,6.309
8114,28.082,32.115,6.515
8115,27.808,31.293,6.489
8116,27.300,31.565,7.012
8117,26.613,31.280,7.038
8118,27.718,30.570,7.074
8119,26.908,29.877,6.941
8120,27.444,30.024,5.081
8121,27.197,29.934,5.355
8122,28.157,29.715,5.906
8123,27.693,30.060,3.913
8124,27.130,30.864,6.019
8125,27.762,29.842,5.613
8126,27.799,29.453,5.157
8127,27.867,30.344,3.772
8128,28.475,30.264,4.094
8129,27.719,30.521,5.705
8130,27.041,29.797,5.542
8131,27.710,31.237,4.929
8132,27.815,30.930,5.238
8133,26.884,29.010,5.279
8134,27.552,30.694,4.689
8135,28.277,30.016,4.054
8136,29.285,32.382,4.955
8137,28.510,30.914,4.195
8138,28.181,29.869,5.129
8139,28.221,30.947,4.212
8140,28.347,32.006,5.004
8141,28.580,29.691,4.243
8142,27.576,30.006,4.284
8143,27.482,31.109,4.821
8144,27.191,31.896,5.989
8145,28.596,32.306,4.081
8146,27.154,30.576,4.500
8147,28.219,32.439,5.435
8148,27.783,32.098,5.247
8149,28.873,32.830,4.778
8150,28.346,31.257,4.258
8151,27.523,32.511,5.532
8152,28.484,32.332,6.389
8153,28.364,31.975,5.798
8154,27.807,31.219,4.215
8155,26.949,29.033,3.686
8156,28.368,29.801,3.905
8157,27.289,29.178,4.125
8158,27.778,30.084,4.731
8159,27.489,29.645,4.455
8160,27.527,30.200,4.736
8161,27.563,29.854,4.174
8162,27.846,29.718,3.937
8163,28.209,29.541,4.522
8164,28.746,29.597,3.872
8165,27.515,29.350,4.658
8166,27.461,28.860,4.299
8167,27.252,28.315,4.022
8168,28.811,28.760,4.075
8169,27.984,28.782,4.762
8170,28.426,29.131,4.358
8171,28.305,29.339,5.872
8172,27.977,27.812,4.496
8173,27.493,29.595,4.569
8174,28.038,29.599,4.428
8175,27.207,29.552,4.740
8176,30.080,31.261,5.494
8177,29.629,27.661,4.811
8178,29.303,30.114,4.473
8179,28.625,29.616,4.488
8180,29.203,28.432,3.486
8181,29.788,29.054,4.966
8182,29.325,29.969,5.361
8183,27.031,30.562,4.767
8184,27.831,29.468,4.908
8185,27.200,28.788,4.461
8186,27.610,27.513,4.063
8187,28.835,29.743,4.348
8188,28.741,29.566,3.842
8189,28.563,29.721,3.842
8190,28.262,30.348,5.040
8191,28.402,29.704,4.259
8192,27.880,30.272,4.930
8193,27.196,30.462,6.153
8194,28.362,30.271,5.447
8195,27.840,29.850,5.573
8196,28.533,29.937,5.141
8197,27.238,30.060,5.427
8198,27.933,28.680,5.384
8199,27.560,29.168,5.892
8200,27.265,29.936,5.935
8201,28.459,30.288,5.795
8202,28.622,29.794,5.420
8203,28.762,30.394,5.412
8204,28.000,29.293,5.910
8205,27.801,29.107,5.143
8206,28.995,31.191,5.369
8207,28.648,30.132,4.990
8208,26.964,29.778,5.596
8209,28.458,29.141,4.952
8210,27.517,27.880,5.116
8211,27.348,28.927,5.888
8212,28.126,28.702,5.234
8213,28.021,29.182,4.633
8214,28.710,29.096,5.607
8215,28.053,29.574,5.523
8216,28.185,29.499,5.513
8217,27.692,28.385,5.677
8218,28.508,29.186,4.985
8219,28.479,31.413,4.206
8220,29.436,30.593,4.136
8221,28.443,30.723,4.759
8222,29.058,31.705,4.467
8223,28.751,29.642,4.951
8224,27.763,29.724,5.552
8225,30.723,31.449,5.198
8226,29.223,31.055,6.094
8227,28.900,31.102,4.878
8228,29.622,30.859,5.272
8229,28.920,31.191,5.618
8230,28.609,31.394,5.642
8231,28.673,31.751,5.095
8232,28.548,30.383,5.421
8233,29.452,30.436,4.779
8234,28.958,30.753,5.087
8235,26.940,31.695,4.704
8236,29.251,31.551,4.461
8237,29.402,31.151,5.329
8238,29.411,32.653,4.977
8239,29.076,32.533,4.794
8240,28.582,31.375,5.066
8241,28.123,31.123,4.439
8242,28.723,31.548,4.035
8243,28.957,32.193,4.579
8244,28.641,32.817,4.952
8245,27.744,30.910,4.834
8246,28.946,32.175,4.747
8247,28.891,31.016,3.755
8248,29.018,31.193,4.528
8249,28.803,31.801,3.814
8250,28.709,31.183,5.682
8251,27.569,30.220,4.577
8252,28.932,30.683,4.917
8253,28.519,30.288,4.283
8254,28.732,31.401,4.389
8255,28.633,30.884,4.454
8256,28.724,31.472,4.296
8257,29.651,30.771,3.703
8258,30.103,31.423,4.995
8259,29.117,30.825,4.893
8260,28.728,31.246,4.359
8261,28.410,30.374,3.979
8262,28.879,32.495,4.641
8263,27.971,30.085,6.431
8264,27.322,31.735,7.225
8265,29.715,31.382,5.484
8266,28.315,29.998,4.730
8267,29.826,32.250,4.344
8268,31.279,31.998,4.597
8269,28.923,32.680,5.141
8270,30.602,31.054,3.878
8271,27.938,31.894,5.217
8272,28.048,33.098,5.268
8273,28.320,31.770,5.942
8274,28.846,32.538,5.261
8275,28.713,33.109,4.719
8276,29.097,33.125,4.348
8277,28.404,31.954,4.751
8278,28.344,33.089,5.731
8279,29.260,30.889,4.029
8280,30.059,33.086,4.281
8281,29.797,32.407,3.701
8282,28.751,31.453,3.681
8283,29.884,31.423,4.868
8284,28.791,31.220,4.140
8285,28.980,31.775,5.141
8286,28.462,31.814,4.842
8287,28.408,30.010,4.180
8288,27.886,31.155,5.228
8289,28.891,31.297,4.283
8290,28.294,30.360,4.799
8291,29.164,31.552,3.604
8292,29.103,33.695,4.747
8293,29.021,33.375,4.230
8294,28.858,31.352,6.173
8295,29.799,31.420,4.941
8296,29.091,31.805,4.927
8297,29.091,31.274,4.753
8298,29.805,31.565,6.146
8299,28.386,31.052,5.504
8300,29.078,31.348,5.157
8301,30.322,31.419,4.715
8302,28.310,30.425,5.467
8303,29.972,31.216,5.092
8304,28.915,31.040,5.422
8305,28.603,30.345,5.547
8306,28.388,30.730,5.030
8307,27.969,30.844,5.832
8308,28.803,31.572,5.733
8309,26.939,30.971,4.515
8310,28.988,33.615,4.892
8311,28.387,33.589,4.803
8312,28.070,33.602,5.301
8313,26.983,32.441,5.033
8314,28.706,33.118,4.666
8315,29.502,33.623,4.481
8316,31.256,32.088,4.181
8317,30.228,32.292,3.945
8318,28.309,32.933,4.316
8319,28.089,32.951,4.911
8320,28.292,32.202,4.835
8321,28.792,32.619,5.750
8322,29.135,32.857,5.476
8323,27.484,31.507,4.677
8324,28.510,32.802,5.341
8325,28.473,34.054,5.514
8326,27.123,32.967,5.690
8327,28.012,33.336,5.314
8328,27.841,31.893,4.364
8329,28.655,32.433,4.845
8330,27.715,33.102,5.453
8331,29.164,32.906,5.475
8332,28.085,32.042,5.724
8333,28.446,31.695,5.561
8334,27.829,31.312,4.266
8335,28.054,31.850,4.752
8336,27.971,31.750,6.168
8337,27.824,33.056,6.507
8338,27.909,31.024,5.815
8339,28.848,30.828,5.213
8340,27.701,30.930,5.738
8341,28.130,32.379,5.060
8342,29.337,31.404,6.614
8343,28.132,30.987,6.321
8344,28.158,31.478,6.202
8345,27.628,31.171,5.108
8346,28.478,30.415,4.787
8347,29.992,31.759,5.982
8348,30.231,32.403,4.594
8349,29.296,31.349,3.738
8350,30.462,32.360,5.731
8351,30.000,31.509,5.493
8352,29.967,30.201,3.629
8353,29.857,31.275,6.034
8354,28.302,33.301,5.957
8355,28.285,30.256,6.729
8356,28.594,29.589,6.134
8357,30.735,31.927,6.485
8358,29.621,31.163,6.865
8359,29.391,31.766,6.258
8360,27.209,31.466,5.893
8361,27.850,32.227,5.419
8362,28.045,30.747,5.726
8363,27.740,31.343,5.407
8364,27.572,32.031,5.835
8365,27.317,31.328,5.948
8366,27.903,31.756,6.100
8367,27.401,31.250,6.451
8368,28.282,31.700,5.465
8369,30.136,33.699,5.504
8370,28.480,30.851,6.243
8371,29.878,31.854,5.996
8372,27.205,30.478,5.974
8373,28.543,31.980,4.618
8374,27.954,29.996,4.431
8375,29.016,29.930,5.993
8376,27.571,30.933,5.741
8377,27.653,29.978,6.171
8378,27.971,30.338,6.026
8379,27.288,30.698,6.352
8380,26.801,28.902,5.437
8381,27.493,29.146,5.932
8382,27.243,29.325,5.841
8383,27.426,28.361,5.801
8384,27.368,28.028,5.419
8385,25.833,28.855,6.283
8386,26.696,28.218,6.552
8387,26.933,29.910,6.368
8388,26.974,30.192,6.139
8389,26.836,29.477,6.317
8390,27.156,30.979,5.777
8391,27.181,30.019,5.503
8392,27.138,30.258,5.253
8393,27.149,29.728,4.386
8394,26.764,30.978,5.116
8395,26.945,30.944,6.319
8396,27.738,31.266,6.231
8397,27.661,29.013,5.462
8398,26.668,30.118,6.021
8399,26.742,29.664,6.651
8400,26.848,31.081,6.539
8401,26.594,30.203,5.871
8402,26.329,29.715,6.681
8403,27.405,29.171,5.230
8404,26.810,30.046,5.969
8405,28.033,30.187,5.722
8406,27.204,31.147,5.887
8407,27.651,31.103,6.113
8408,27.539,28.951,5.625
8409,28.352,28.876,5.955
8410,29.164,29.311,5.660
8411,27.200,29.576,6.823
8412,27.490,29.975,5.994
8413,28.944,30.597,6.106
8414,28.105,29.788,5.860
8415,27.920,30.938,6.196
8416,27.212,29.907,6.228
8417,26.727,29.087,6.373
8418,26.437,30.207,5.785
8419,27.482,29.489,6.120
8420,27.426,30.248,6.392
8421,26.758,29.410,5.255
8422,27.932,30.398,6.265
8423,27.433,29.818,6.157
8424,27.263,29.138,5.578
8425,27.521,30.444,5.981
8426,27.796,29.947,5.920
8427,27.106,29.793,6.107
8428,27.517,30.063,5.925
8429,28.153,30.543,6.585
8430,26.764,30.006,6.208
8431,27.007,30.039,5.097
8432,28.005,30.963,6.244
8433,27.051,30.175,5.468
8434,26.732,30.898,5.812
8435,27.766,28.334,3.610
8436,27.516,28.932,5.517
8437,27.400,30.345,5.993
8438,26.616,30.405,5.398
8439,26.870,29.348,5.348
8440,27.324,28.075,4.022
8441,27.347,28.973,4.208
8442,26.630,28.737,5.854
8443,26.712,28.314,5.954
8444,26.130,30.074,5.888
8445,26.538,29.010,6.261
8446,25.842,28.889,5.876
8447,27.097,30.717,5.215
8448,25.898,30.052,5.649
8449,25.481,28.608,4.791
8450,25.547,28.503,4.516
8451,25.800,28.722,5.418
8452,26.273,28.271,4.543
8453,25.458,29.229,4.448
8454,26.136,28.722,5.101
8455,26.276,29.293,4.584
8456,26.137,29.221,6.634
8457,26.843,29.504,4.675
8458,26.994,30.176,4.653
8459,28.446,29.151,4.409
8460,26.769,29.359,4.563
8461,29.843,30.873,4.449
8462,26.558,29.638,6.538
8463,26.854,29.890,5.723
8464,26.730,30.351,5.231
8465,26.606,30.284,5.547
8466,27.211,29.538,5.495
8467,28.053,31.311,5.497
8468,26.744,31.252,5.799
8469,29.732,29.911,4.142
8470,29.310,30.501,5.931
8471,29.073,31.596,6.028
8472,27.188,30.878,5.012
8473,27.207,31.028,4.712
8474,27.143,30.853,4.496
8475,27.779,32.063,4.965
8476,27.309,31.235,5.803
8477,27.582,32.128,5.713
8478,26.507,30.611,4.006
8479,26.094,29.282,4.703
8480,27.225,29.389,4.845
8481,28.135,30.274,5.020
8482,27.668,29.384,4.374
8483,27.428,30.386,4.637
8484,27.036,30.298,5.457
8485,29.007,30.576,4.092
8486,28.237,30.499,4.772
8487,27.490,31.831,4.872
8488,28.957,32.966,4.375
8489,27.777,31.104,3.870
8490,27.792,31.137,4.699
8491,28.262,31.555,5.091
8492,28.168,32.417,4.743
8493,27.730,32.214,5.789
8494,28.271,32.480,5.296
8495,28.376,33.183,6.061
8496,28.414,30.942,4.633
8497,27.795,31.420,4.671
8498,27.159,30.601,4.835
8499,27.637,32.677,4.582
8500,27.830,31.265,4.306
8501,28.926,30.759,3.922
8502,28.141,31.753,3.950
8503,27.679,31.643,4.749
8504,27.329,30.957,4.551
8505,27.160,31.360,4.117
8506,28.191,31.366,4.782
8507,27.569,31.231,4.837
8508,27.033,30.190,4.777
8509,29.024,31.079,3.912
8510,26.849,31.193,4.804
8511,26.933,31.624,4.719
8512,28.000,32.997,4.714
8513,27.367,30.275,4.714
8514,27.780,30.769,4.429
8515,27.606,30.261,4.729
8516,28.898,31.572,4.843
8517,28.093,28.955,4.647
8518,26.815,29.773,6.253
8519,27.564,29.475,4.791
8520,27.683,29.430,4.429
8521,28.002,29.047,4.428
8522,28.093,29.966,4.326
8523,27.736,29.939,4.701
8524,28.532,30.037,4.917
8525,27.989,30.101,5.941
8526,27.823,30.043,6.129
8527,28.168,30.870,6.016
8528,27.384,29.229,6.534
8529,28.296,29.329,5.863
8530,27.982,29.786,5.462
8531,28.114,29.885,6.069
8532,28.609,30.161,5.412
8533,27.935,29.319,6.033
8534,27.607,31.219,6.111
8535,27.963,29.743,6.261
8536,28.225,29.605,4.679
8537,27.134,28.820,4.661
8538,27.938,27.473,4.051
8539,29.153,28.339,3.778
8540,27.529,28.236,4.695
8541,28.428,28.917,4.385
8542,29.023,28.580,4.277
8543,28.944,29.268,4.434
8544,28.408,28.978,4.086
8545,28.646,28.390,3.992
8546,28.717,30.272,3.740
8547,28.736,29.166,3.908
8548,28.508,29.491,3.823
8549,27.983,28.796,4.901
8550,29.202,28.595,4.604
8551,30.699,29.216,4.439
8552,29.038,30.257,4.458
8553,29.207,30.511,3.899
8554,28.623,29.212,4.770
8555,28.107,28.776,3.842
8556,27.077,28.577,4.326
8557,27.929,28.611,4.281
8558,28.368,29.681,4.223
8559,28.215,28.918,4.439
8560,28.695,30.431,3.798
8561,27.134,28.405,4.140
8562,28.573,29.254,4.548
8563,27.839,29.247,4.119
8564,27.402,28.723,4.913
8565,27.174,29.650,5.295
8566,27.135,28.376,4.715
8567,28.516,28.863,5.580
8568,26.985,28.438,5.732
8569,26.685,28.661,5.196
8570,26.983,28.713,5.420
8571,27.361,30.140,5.839
8572,27.491,28.432,4.343
8573,27.263,29.400,4.411
8574,27.571,30.695,4.818
8575,27.780,29.582,3.987
8576,27.206,29.266,4.120
8577,27.523,29.265,4.933
8578,27.382,29.218,4.498
8579,27.070,28.109,4.139
8580,26.977,29.188,4.509
8581,26.939,29.178,4.201
8582,27.237,28.088,4.216
8583,28.116,29.600,4.366
8584,27.391,29.335,4.358
8585,28.183,28.840,4.028
8586,28.855,29.284,4.779
8587,27.878,28.885,4.804
8588,28.312,28.617,5.077
8589,27.610,29.873,4.888
8590,27.882,28.888,3.960
8591,27.497,28.582,4.395
8592,27.673,28.842,4.297
8593,26.855,29.310,4.588
8594,28.318,29.063,4.827
8595,30.156,28.464,4.648
8596,30.066,27.991,4.271
8597,29.278,29.483,4.790
8598,28.264,29.080,4.246
8599,28.027,28.071,4.191
8600,27.801,28.430,4.364
8601,28.915,29.929,4.760
8602,28.125,29.573,4.258
8603,28.264,29.458,5.731
8604,28.266,29.942,4.350
8605,28.313,28.490,4.319
8606,28.805,29.019,5.502
8607,28.695,29.699,5.114
8608,29.238,29.448,4.567
8609,28.035,29.208,4.499
8610,28.405,28.133,4.067
8611,27.820,28.322,4.159
8612,28.045,28.541,4.588
8613,28.731,29.104,4.141
8614,28.261,29.713,4.572
8615,28.877,29.689,5.869
8616,28.435,29.516,3.990
8617,28.057,29.638,4.276
8618,27.530,29.060,3.863
8619,27.435,28.723,4.456
8620,28.524,28.938,4.444
8621,27.700,29.501,6.916
8622,27.912,30.333,6.612
8623,27.769,31.117,5.966
8624,27.155,29.957,5.708
8625,27.503,30.068,5.885
8626,27.572,30.316,5.435
8627,27.881,29.661,6.412
8628,28.571,28.951,5.652
8629,27.403,30.062,5.632
8630,28.330,30.348,5.498
8631,29.045,29.852,5.813
8632,28.656,29.706,5.680
8633,27.463,30.664,5.946
8634,28.185,30.283,6.022
8635,30.083,29.244,3.940
8636,28.962,27.772,4.760
8637,28.899,29.621,6.976
8638,29.653,29.898,6.142
8639,30.098,29.663,5.625
8640,30.738,29.157,5.632
8641,31.246,29.827,5.921
8642,30.918,29.929,6.331
8643,30.536,29.330,5.130
8644,30.340,28.835,6.041
8645,30.654,29.691,5.735
8646,29.439,28.220,6.610
8647,31.103,29.165,6.241
8648,29.198,28.945,6.126
8649,28.583,29.376,5.868
8650,30.826,29.192,5.533
8651,29.127,28.308,6.318
8652,31.247,28.996,6.113
8653,29.270,28.550,5.838
8654,30.054,28.844,6.251
8655,29.298,29.491,5.872
8656,27.024,29.071,6.054
8657,26.452,28.048,6.003
8658,27.195,28.272,5.839
8659,27.739,27.624,5.415
8660,27.057,28.430,4.940
8661,27.606,26.804,3.865
8662,28.167,27.308,3.875
8663,26.877,27.547,4.268
8664,26.923,26.876,4.409
8665,26.959,27.582,4.161
8666,26.392,27.215,4.339
8667,25.799,27.939,4.262
8668,26.496,28.196,4.321
8669,26.940,29.579,4.957
8670,27.392,28.900,4.591
8671,26.758,30.471,3.983
8672,26.228,29.330,3.864
8673,27.739,28.507,4.131
8674,27.131,29.259,6.731
8675,26.844,28.520,4.333
8676,27.621,28.660,4.451
8677,27.416,29.024,3.987
8678,28.711,29.961,4.187
8679,27.115,28.050,4.542
8680,26.983,28.802,4.159
8681,26.838,29.967,4.873
8682,27.382,29.134,3.810
8683,27.055,29.094,4.329
8684,28.141,28.954,3.889
8685,26.808,28.614,4.138
8686,27.939,29.493,4.552
8687,27.569,29.058,3.982
8688,28.972,28.935,3.797
8689,28.792,29.423,4.298
8690,29.861,29.209,5.862
8691,29.546,28.960,6.539
8692,30.326,29.029,5.726
8693,29.112,28.288,3.662
8694,30.512,28.883,4.597
8695,30.160,28.722,4.783
8696,29.777,28.438,4.252
8697,29.851,27.513,4.094
8698,30.361,27.315,4.279
8699,31.098,28.383,4.804
8700,29.412,27.385,4.648
8701,28.947,26.793,3.719
8702,28.889,27.179,4.124
8703,27.908,27.695,4.737
8704,29.311,28.612,4.597
8705,29.927,28.973,5.207
8706,27.730,28.549,4.224
8707,27.083,27.748,3.965
8708,28.233,28.642,4.427
8709,27.249,29.084,4.407
8710,26.921,29.108,3.947
8711,28.069,29.891,4.948
8712,28.007,28.495,4.334
8713,28.995,28.941,5.042
8714,26.904,28.466,4.716
8715,30.035,27.617,4.430
8716,29.083,27.440,4.468
8717,29.746,29.040,4.359
8718,27.480,28.921,4.426
8719,27.882,29.103,4.004
8720,26.557,29.115,6.039
8721,26.880,28.303,4.553
8722,27.096,27.946,4.363
8723,27.037,28.636,4.384
8724,27.150,28.424,4.987
8725,27.330,27.971,4.547
8726,27.766,28.400,3.768
8727,27.926,28.721,4.946
8728,27.616,28.129,4.569
8729,27.517,28.368,4.544
8730,27.720,27.728,4.202
8731,27.505,28.022,4.799
8732,27.501,28.365,3.805
8733,26.843,27.843,4.618
8734,27.272,27.662,4.567
8735,28.194,28.661,3.834
8736,27.323,28.804,4.261
8737,26.976,29.035,4.429
8738,27.326,28.460,4.194
8739,26.692,27.488,4.504
8740,26.033,29.152,6.127
8741,30.798,28.545,4.312
8742,28.976,28.305,4.834
8743,28.841,28.212,4.535
8744,29.238,28.393,4.541
8745,29.344,29.675,5.141
8746,29.486,27.263,3.972
8747,29.627,28.398,4.301
8748,28.039,29.168,4.065
8749,27.598,28.494,4.476
8750,29.634,28.614,4.485
8751,30.038,29.430,5.314
8752,29.587,28.965,4.654
8753,28.276,29.857,5.035
8754,27.391,28.216,4.332
8755,27.038,28.070,3.505
8756,26.479,28.866,4.184
8757,26.724,28.470,4.558
8758,27.734,27.925,4.794
8759,27.070,28.120,4.477
8760,27.145,28.823,5.267
8761,26.456,28.859,5.134
8762,26.500,28.343,4.643
8763,27.017,27.616,4.364
8764,27.282,28.238,5.363
8765,25.838,28.009,5.221
8766,26.580,28.157,4.834
8767,27.140,28.912,7.006
8768,26.605,28.988,6.582
8769,28.147,28.661,4.935
8770,28.658,28.146,3.958
8771,26.992,29.478,3.961
8772,28.048,29.206,4.540
8773,28.379,27.833,3.619
8774,29.007,28.248,3.888
8775,29.738,29.535,4.611
8776,30.296,29.077,3.798
8777,29.023,28.514,4.145
8778,29.832,29.019,3.786
8779,29.037,28.799,4.259
8780,29.283,28.128,4.537
8781,26.679,28.377,4.124
8782,27.135,28.857,3.012
8783,26.832,28.997,4.103
8784,26.842,27.969,4.406
8785,26.633,27.207,4.111
8786,27.370,27.451,4.346
8787,27.890,28.147,4.526
8788,27.264,26.237,3.885
8789,26.498,28.126,6.051
8790,26.365,27.623,6.302
8791,27.645,26.923,3.819
8792,27.056,27.324,4.738
8793,26.757,27.540,4.814
8794,26.454,27.184,4.842
8795,26.726,26.357,4.322
8796,27.477,26.657,3.715
8797,26.234,26.907,4.694
8798,26.463,28.653,5.763
8799,28.755,27.302,6.513
8800,28.938,28.553,5.470
8801,27.840,28.363,5.833
8802,27.541,26.293,5.199
8803,28.598,27.119,5.414
8804,29.464,27.509,5.740
8805,28.315,26.673,4.989
8806,28.931,26.556,5.761
8807,29.670,28.141,5.033
8808,29.159,28.333,4.662
8809,28.713,27.439,5.834
8810,28.802,28.958,5.661
8811,29.113,26.811,5.196
8812,29.143,25.714,4.536
8813,29.086,26.731,3.607
8814,28.065,26.625,3.766
8815,27.988,26.778,3.852
8816,27.506,26.358,3.642
8817,27.512,26.439,3.799
8818,26.892,25.975,3.852
8819,27.164,25.852,3.547
8820,26.673,26.438,4.536
8821,26.516,26.849,3.708
8822,25.981,26.587,4.069
8823,27.069,27.687,4.885
8824,26.175,25.304,5.387
8825,27.057,26.582,6.279
8826,28.144,26.689,4.167
8827,27.447,26.014,4.245
8828,27.614,26.404,4.868
8829,27.694,28.181,4.364
8830,27.355,26.434,4.239
8831,27.473,26.210,5.043
8832,25.842,27.666,6.222
8833,26.928,27.141,6.472
8834,27.648,27.137,3.576
8835,27.303,28.836,3.745
8836,26.736,28.147,4.249
8837,27.255,29.225,4.139
8838,26.517,27.971,4.918
8839,27.550,27.896,5.166
8840,29.020,28.299,4.420
8841,27.763,27.159,4.166
8842,27.448,31.044,4.200
8843,28.508,29.812,4.272
8844,27.358,28.526,3.768
8845,28.090,28.695,3.564
8846,28.377,28.850,4.319
8847,27.662,27.445,4.835
8848,27.399,29.741,4.300
8849,27.879,28.955,4.322
8850,27.335,27.709,4.221
8851,28.029,28.287,4.572
8852,27.315,27.382,4.338
8853,28.520,30.067,4.636
8854,27.950,30.213,4.714
8855,27.738,29.750,4.554
8856,27.341,28.464,6.031
8857,26.687,27.956,3.656
8858,27.736,30.651,4.343
8859,27.848,28.474,4.502
8860,26.765,29.915,4.521
8861,27.114,28.678,3.936
8862,26.591,28.455,3.831
8863,26.763,30.428,4.873
8864,27.204,29.028,6.063
8865,28.551,29.814,5.526
8866,26.673,28.050,6.691
8867,27.282,29.321,5.535
8868,27.501,29.838,5.033
8869,27.482,29.522,5.185
8870,26.896,27.949,4.076
8871,27.070,28.719,4.241
8872,26.357,27.786,5.275
8873,27.584,31.868,6.604
8874,27.505,29.407,4.026
8875,28.028,29.247,4.242
8876,28.920,29.385,4.556
8877,28.319,30.713,4.228
8878,27.847,29.385,3.805
8879,28.591,30.418,4.101
8880,26.966,30.905,4.154
8881,29.059,29.814,4.127
8882,27.015,29.671,4.205
8883,27.405,30.127,4.122
8884,27.421,29.948,4.731
8885,27.814,28.239,3.544
8886,27.218,28.279,3.893
8887,27.221,28.725,4.004
8888,27.348,30.006,4.971
8889,27.444,28.346,4.151
8890,26.623,28.337,5.630
8891,26.811,28.649,4.094
8892,26.165,28.418,4.727
8893,26.144,27.958,5.760
8894,26.721,28.585,4.467
8895,25.805,28.517,3.872
8896,26.764,29.461,3.490
8897,27.069,29.352,4.833
8898,26.932,29.859,4.866
8899,26.468,28.754,5.188
8900,27.298,28.697,5.302
8901,26.261,27.747,4.950
8902,28.335,28.174,4.966
8903,27.447,27.347,4.754
8904,26.149,27.771,4.855
8905,26.696,27.727,5.035
8906,27.762,28.383,5.313
8907,27.057,27.442,3.718
8908,27.013,28.032,5.841
8909,26.030,27.789,5.136
8910,27.282,28.582,4.301
8911,28.067,28.977,4.820
8912,26.785,27.368,3.767
8913,25.838,29.528,5.221
8914,25.861,27.754,5.205
8915,25.537,27.801,5.035
8916,26.829,27.876,5.101
8917,25.797,26.656,5.181
8918,25.674,27.586,4.741
8919,25.935,28.126,5.080
8920,25.263,26.541,4.324
8921,25.369,26.960,3.902
8922,26.337,27.827,4.002
8923,26.004,26.927,4.011
8924,25.781,27.503,4.580
8925,25.836,27.496,3.962
8926,26.190,28.917,5.523
8927,25.254,29.256,5.041
8928,25.361,28.273,5.147
8929,25.369,28.566,5.354
8930,26.155,28.661,5.134
8931,25.828,27.471,4.776
8932,26.588,27.623,4.126
8933,27.068,27.763,4.839
8934,26.186,26.257,4.452
8935,27.340,28.511,3.894
8936,26.639,27.338,4.349
8937,27.824,28.012,4.304
8938,27.625,27.947,4.118
8939,25.867,27.898,4.286
8940,26.489,28.051,4.733
8941,26.752,28.780,5.752
8942,26.208,28.231,5.005
8943,25.794,27.591,5.092
8944,25.649,28.194,5.112
8945,25.580,28.448,6.165
8946,27.100,29.512,4.860
8947,27.422,26.392,3.842
8948,27.119,28.635,4.743
8949,26.670,27.662,4.185
8950,25.572,27.417,4.456
8951,26.372,25.526,4.632
8952,26.849,27.008,5.166
8953,26.323,26.721,5.559
8954,24.953,26.773,4.397
8955,26.816,27.676,5.891
8956,26.493,27.312,5.977
8957,26.131,26.855,3.702
8958,25.964,27.630,4.451
8959,26.691,27.407,4.428
8960,26.239,28.570,5.730
8961,26.804,28.726,5.128
8962,25.744,28.724,5.183
8963,26.004,27.737,4.400
8964,26.611,27.204,3.630
8965,26.929,26.642,4.544
8966,25.123,26.230,3.882
8967,27.402,27.212,4.105
8968,26.406,26.669,4.505
8969,26.572,27.143,4.648
8970,26.381,27.366,4.432
8971,28.209,27.007,4.613
8972,26.588,28.391,4.401
8973,26.409,27.340,4.264
8974,25.333,26.624,4.113
8975,26.236,27.572,4.137
8976,26.402,28.454,5.043
8977,26.915,26.983,4.034
8978,26.611,26.853,4.369
8979,25.831,26.708,5.474
8980,27.165,28.340,4.742
8981,27.071,27.868,4.965
8982,26.624,28.261,4.326
8983,27.127,27.379,4.525
8984,27.614,26.720,4.227
8985,27.400,28.793,4.378
8986,27.462,28.201,4.732
8987,27.612,27.224,3.706
8988,26.903,27.365,4.326
8989,27.583,26.974,5.008
8990,27.357,27.528,4.064
8991,27.623,27.149,5.225
8992,27.695,27.752,4.574
8993,27.819,28.204,3.991
8994,27.080,28.654,4.175
8995,27.187,27.944,4.400
8996,26.201,27.654,4.174
8997,27.275,28.468,4.642
8998,27.030,27.451,3.829
8999,25.888,28.599,4.494
9000,26.609,28.843,4.955
9001,26.471,27.135,4.638
9002,26.585,27.324,4.063
9003,25.870,27.658,3.767
9004,25.707,25.572,3.597
9005,27.162,28.851,5.003
9006,26.052,27.886,5.661
9007,26.648,27.684,3.834
9008,28.010,28.455,3.994
9009,27.397,29.086,4.729
9010,26.850,29.760,4.777
9011,27.388,29.012,5.534
9012,26.699,27.527,4.219
9013,25.745,26.948,4.118
9014,26.505,28.132,3.571
9015,25.546,27.790,4.326
9016,27.062,28.016,4.107
9017,27.457,28.189,5.224
9018,26.715,29.418,6.127
9019,27.716,29.075,5.261
9020,26.576,27.325,5.579
9021,26.264,28.085,5.674
9022,27.853,28.420,5.450
9023,27.603,28.019,5.376
9024,27.447,28.337,4.954
9025,27.179,28.176,4.989
9026,26.785,28.385,5.365
9027,28.160,28.617,5.162
9028,26.955,29.463,4.495
9029,26.023,27.870,4.300
9030,26.860,29.358,5.394
9031,26.039,29.765,5.647
9032,24.653,27.221,4.519
9033,26.497,27.252,4.388
9034,25.775,28.137,4.477
9035,27.176,28.710,4.959
9036,26.942,28.370,4.488
9037,26.742,28.087,5.071
9038,25.741,27.215,4.618
9039,25.707,27.733,5.650
9040,27.759,27.829,4.506
9041,26.222,26.336,4.219
9042,28.016,28.552,5.627
9043,26.451,28.711,4.904
9044,27.491,29.285,5.666
9045,26.275,27.774,4.630
9046,27.514,28.787,4.906
9047,27.124,29.015,5.033
9048,26.444,27.976,4.598
9049,26.662,29.323,4.952
9050,26.408,29.598,5.138
9051,25.887,28.897,5.058
9052,27.789,29.536,4.924
9053,28.552,28.451,5.595
9054,27.555,27.653,6.406
9055,26.382,28.032,4.662
9056,26.659,28.678,5.884
9057,27.191,28.313,5.419
9058,26.652,27.691,4.924
9059,26.282,27.969,3.790
9060,28.259,28.335,4.108
9061,26.818,27.526,3.747
9062,25.972,27.354,4.730
9063,26.785,27.387,3.828
9064,26.978,27.793,4.953
9065,27.124,27.640,4.955
9066,26.867,27.569,4.644
9067,26.831,27.517,4.052
9068,26.820,27.988,4.042
9069,26.829,27.873,3.905
9070,27.087,27.393,4.315
9071,26.469,28.580,4.568
9072,26.701,27.070,6.192
9073,27.026,27.798,4.469
9074,26.774,29.093,4.261
9075,27.522,28.667,3.961
9076,26.712,28.288,3.843
9077,26.629,28.043,3.744
9078,26.814,28.133,4.449
9079,26.745,27.880,5.593
9080,26.861,28.672,4.204
9081,26.250,27.735,4.064
9082,27.691,28.377,4.184
9083,25.347,27.389,4.041
9084,26.751,28.184,5.048
9085,26.330,26.604,3.558
9086,28.382,28.032,4.176
9087,27.414,29.514,5.442
9088,26.697,27.675,5.349
9089,27.744,27.785,3.745
9090,26.364,27.775,4.237
9091,26.702,28.359,5.144
9092,27.630,27.862,4.150
9093,26.458,27.234,4.251
9094,27.045,28.415,3.944
9095,25.960,28.055,6.180
9096,26.727,28.071,7.094
9097,25.651,26.835,5.829
9098,26.714,26.994,4.343
9099,27.062,27.176,3.837
9100,26.576,27.239,4.309
9101,27.243,27.453,3.982
9102,26.143,27.721,5.409
9103,25.227,27.132,4.991
9104,26.828,27.833,4.355
9105,26.365,27.457,4.561
9106,26.967,26.736,4.285
9107,26.796,28.512,4.414
9108,26.591,28.254,4.168
9109,26.131,27.958,4.906
9110,26.217,27.019,5.104
9111,26.195,26.937,4.686
9112,26.405,28.205,4.142
9113,26.207,28.215,4.520
9114,26.106,27.215,5.531
9115,26.074,25.917,3.978
9116,26.945,28.346,4.196
9117,27.050,28.640,5.676
9118,26.382,26.692,4.209
9119,26.070,25.747,4.061
9120,26.978,26.735,5.704
9121,26.731,25.321,3.609
9122,26.380,26.666,4.076
9123,26.147,28.027,4.858
9124,26.714,27.242,4.281
9125,27.057,26.481,5.804
9126,27.757,27.387,4.358
9127,27.624,27.860,6.105
9128,25.902,28.339,4.700
9129,28.102,28.604,4.072
9130,25.508,27.582,5.993
9131,26.057,26.871,4.152
9132,27.063,28.510,5.892
9133,28.039,28.413,4.630
9134,28.648,30.348,4.716
9135,27.984,28.895,6.233
9136,27.649,27.795,4.231
9137,27.043,28.295,4.876
9138,25.450,27.148,5.911
9139,27.369,29.116,4.702
9140,27.849,28.452,4.302
9141,27.163,28.323,3.465
9142,28.084,27.521,3.232
9143,28.244,28.372,3.108
9144,27.983,28.604,3.849
9145,27.691,27.485,3.644
9146,27.588,28.322,3.262
9147,27.798,28.560,4.629
9148,28.384,28.450,4.043
9149,27.137,28.079,4.291
9150,28.396,28.596,4.030
9151,27.633,28.810,5.367
9152,27.580,29.461,5.251
9153,27.517,28.969,5.628
9154,28.088,28.938,5.059
9155,28.992,29.452,5.507
9156,28.404,29.483,4.790
9157,28.029,27.808,4.405
9158,28.410,29.864,5.237
9159,27.719,29.617,5.552
9160,28.030,30.089,4.993
9161,28.334,29.114,4.419
9162,27.372,29.670,4.964
9163,28.235,30.036,6.302
9164,28.644,30.648,5.467
9165,28.113,29.431,5.313
9166,28.640,29.573,5.653
9167,28.595,30.198,4.908
9168,27.095,29.125,5.141
9169,27.453,28.594,6.495
9170,27.360,28.572,4.652
9171,27.364,29.260,4.822
9172,26.870,30.397,5.138
9173,27.409,29.467,4.959
9174,28.173,29.837,4.672
9175,27.050,29.844,5.321
9176,27.105,29.576,4.739
9177,27.260,29.832,4.994
9178,28.485,29.840,4.633
9179,28.553,28.182,3.783
9180,28.711,29.136,4.756
9181,28.722,29.510,4.502
9182,28.612,29.248,5.432
9183,27.836,28.167,4.620
9184,28.463,28.309,4.482
9185,29.031,27.907,4.363
9186,28.312,29.728,5.223
9187,28.135,29.309,5.179
9188,29.235,26.895,4.722
9189,27.669,25.939,3.962
9190,28.782,27.678,4.473
9191,28.716,28.003,4.369
9192,28.803,26.817,3.958
9193,28.714,28.469,3.857
9194,27.767,26.763,3.841
9195,28.087,28.246,3.855
9196,28.755,28.958,4.625
9197,29.604,28.734,4.664
9198,28.767,29.336,4.606
9199,29.095,27.993,5.952
9200,29.480,29.937,5.784
9201,27.563,27.526,5.479
9202,28.890,29.070,4.408
9203,28.563,28.559,4.226
9204,28.407,28.709,4.981
9205,28.276,28.052,4.176
9206,29.476,28.410,5.210
9207,29.501,27.552,4.880
9208,28.515,26.848,3.945
9209,29.096,26.821,4.655
9210,28.836,27.261,3.815
9211,28.385,27.358,4.491
9212,29.115,27.572,6.229
9213,27.702,27.336,7.379
9214,27.986,28.075,7.383
9215,27.871,27.686,6.451
9216,27.640,27.198,7.063
9217,27.615,28.739,7.101
9218,28.197,28.289,6.275
9219,29.984,28.271,6.332
9220,28.992,27.292,6.565
9221,27.556,27.996,6.985
9222,27.733,26.396,6.380
9223,28.763,26.762,5.332
9224,28.686,27.308,5.506
9225,30.282,26.675,6.153
9226,31.242,28.189,4.947
9227,30.351,26.749,3.877
9228,29.963,26.252,4.875
9229,30.463,25.690,4.117
9230,30.720,26.410,4.652
9231,29.493,26.109,4.448
9232,31.016,26.137,4.514
9233,30.738,26.766,5.410
9234,31.289,27.362,5.242
9235,30.952,26.855,4.561
9236,30.179,26.122,5.049
9237,29.714,25.690,3.898
9238,30.606,25.673,5.061
9239,31.300,26.490,4.598
9240,30.488,25.622,5.401
9241,30.291,26.095,5.355
9242,30.247,25.775,3.674
9243,29.729,26.736,4.831
9244,30.989,27.228,5.256
9245,29.423,27.159,5.370
9246,30.256,27.122,5.414
9247,31.133,26.755,3.228
9248,31.815,26.643,3.071
9249,31.882,27.572,4.129
9250,30.978,25.942,4.608
9251,31.494,29.173,2.797
9252,31.194,27.309,2.765
9253,29.260,27.875,3.160
9254,28.738,26.774,3.491
9255,29.715,28.169,4.007
9256,28.743,28.034,3.317
9257,28.222,28.104,5.715
9258,29.158,28.899,4.322
9259,29.494,28.515,4.102
9260,27.132,27.530,4.859
9261,27.485,25.675,4.454
9262,28.868,25.892,4.016
9263,29.043,27.991,4.660
9264,28.314,27.593,3.930
9265,28.807,28.300,4.066
9266,29.732,27.970,4.138
9267,29.209,27.958,3.937
9268,29.110,28.461,4.495
9269,27.786,27.012,3.511
9270,29.879,28.040,4.406
9271,28.516,28.400,4.429
9272,27.806,28.855,5.926
9273,27.369,27.727,4.084
9274,29.147,27.140,4.033
9275,27.713,26.913,4.597
9276,28.256,26.739,3.847
9277,28.032,27.810,5.695
9278,29.512,27.894,4.558
9279,28.197,28.331,4.299
9280,27.787,28.027,3.534
9281,27.053,26.949,3.626
9282,27.404,26.776,4.453
9283,27.087,26.771,3.866
9284,26.981,27.972,3.997
9285,26.068,26.724,4.118
9286,26.726,27.949,4.369
9287,27.652,27.583,4.194
9288,28.336,28.445,4.200
9289,27.051,29.106,3.950
9290,28.634,27.921,3.696
9291,28.767,28.056,3.809
9292,27.206,28.971,4.660
9293,28.319,27.276,4.412
9294,29.075,28.271,4.298
9295,30.025,28.659,4.820
9296,29.339,28.803,4.396
9297,27.166,29.206,4.228
9298,27.202,28.251,4.799
9299,27.316,27.920,3.835
9300,27.471,28.937,4.002
9301,26.560,27.689,4.136
9302,27.425,28.449,4.302
9303,28.277,28.537,4.626
9304,28.027,28.976,4.221
9305,28.123,29.284,4.295
9306,28.766,28.249,3.566
9307,27.729,28.770,4.442
9308,28.179,28.083,4.286
9309,28.372,29.519,4.450
9310,28.321,29.373,3.998
9311,28.483,27.007,4.579
9312,27.887,27.585,4.038
9313,28.322,28.813,4.059
9314,26.852,27.019,4.580
9315,30.618,27.785,3.902
9316,30.661,28.102,3.972
9317,30.887,27.777,4.169
9318,31.840,27.690,4.160
9319,30.419,27.208,4.236
9320,29.656,27.934,4.377
9321,29.879,29.139,3.738
9322,31.175,28.094,3.753
9323,27.543,27.042,3.513
9324,28.593,26.807,4.127
9325,28.529,28.856,4.222
9326,29.295,29.433,3.819
9327,27.929,27.827,3.991
9328,28.516,27.928,3.858
9329,28.820,28.001,3.944
9330,29.181,28.833,3.874
9331,27.663,26.478,4.703
9332,28.436,30.106,4.271
9333,28.182,29.033,4.024
9334,27.395,27.932,4.138
9335,27.844,29.142,3.867
9336,28.184,29.267,4.509
9337,29.318,30.178,3.985
9338,27.739,28.679,4.589
9339,26.543,29.137,4.844
9340,26.295,28.443,4.395
9341,27.093,26.848,5.146
9342,25.999,27.816,4.638
9343,26.472,29.196,5.962
9344,26.895,28.217,4.314
9345,25.808,28.716,6.601
9346,27.253,26.380,4.849
9347,26.181,27.898,4.771
9348,27.230,28.148,3.440
9349,26.974,28.168,3.680
9350,27.216,28.180,4.097
9351,27.193,29.200,4.419
9352,27.032,27.381,2.827
9353,27.153,26.806,3.008
9354,26.565,27.747,2.546
9355,26.433,28.036,3.639
9356,27.203,28.312,4.409
9357,26.602,27.475,4.293
9358,26.719,26.219,4.676
9359,26.792,27.299,4.787
9360,26.423,28.360,4.717
9361,27.210,27.202,4.218
9362,27.069,28.471,3.952
9363,26.242,27.764,4.498
9364,26.123,28.904,4.682
9365,26.977,28.971,5.056
9366,26.245,27.501,5.427
9367,27.270,29.511,5.503
9368,26.935,27.702,4.625
9369,26.791,28.039,4.573
9370,25.821,27.555,4.353
9371,25.618,29.183,4.240
9372,26.225,28.082,4.195
9373,26.315,27.934,4.476
9374,25.370,27.570,6.668
9375,25.869,28.353,5.513
9376,25.961,29.063,4.080
9377,27.365,29.751,4.402
9378,26.534,28.016,6.168
9379,25.485,26.774,5.506
9380,26.977,26.825,4.125
9381,26.482,27.356,4.418
9382,27.240,27.555,4.021
9383,26.819,28.164,4.578
9384,26.257,26.086,4.692
9385,26.444,27.312,3.776
9386,27.345,28.217,4.379
9387,27.991,27.396,4.239
9388,26.761,27.382,4.627
9389,26.741,27.212,4.905
9390,27.976,27.576,4.390
9391,26.812,27.294,3.986
9392,25.631,28.174,5.108
9393,26.604,27.694,4.308
9394,26.234,26.745,4.224
9395,26.901,26.358,4.164
9396,25.250,27.476,4.039
9397,27.148,26.300,4.578
9398,26.660,27.257,4.426
9399,26.380,28.339,4.794
9400,26.363,26.719,5.068
9401,26.315,27.632,3.995
9402,26.922,28.609,4.629
9403,25.980,26.672,4.895
9404,26.158,27.358,4.896
9405,24.724,25.134,5.733
9406,24.311,27.953,5.343
9407,25.893,27.138,4.418
9408,26.175,27.689,4.699
9409,26.264,27.454,4.380
9410,26.692,28.318,4.002
9411,27.431,28.076,4.082
9412,26.524,26.991,4.622
9413,26.775,28.304,4.745
9414,26.227,27.518,4.244
9415,27.064,28.247,4.142
9416,25.814,27.128,4.972
9417,26.310,28.052,5.330
9418,26.165,27.801,4.896
9419,28.280,27.724,4.927
9420,28.809,29.361,4.994
9421,29.120,29.633,3.891
9422,25.922,26.920,4.579
9423,26.011,27.507,5.474
9424,28.103,28.131,3.774
9425,26.395,28.208,4.562
9426,25.656,27.956,4.624
9427,26.468,27.694,5.493
9428,26.361,27.436,5.310
9429,26.082,28.154,4.891
9430,25.946,27.115,4.814
9431,25.660,28.910,5.108
9432,26.469,28.180,4.749
9433,25.955,28.578,4.742
9434,27.424,28.706,4.898
9435,27.975,27.977,4.799
9436,26.438,28.901,4.427
9437,27.475,26.371,4.644
9438,27.009,27.386,4.436
9439,28.693,28.547,4.968
9440,27.376,27.037,4.256
9441,27.099,26.993,3.725
9442,27.907,27.399,5.277
9443,27.614,28.421,4.584
9444,28.062,27.053,4.464
9445,28.696,28.269,4.522
9446,29.003,28.222,4.586
9447,27.670,26.915,4.500
9448,27.240,27.262,5.139
9449,25.738,25.290,5.038
9450,25.483,28.388,5.114
9451,25.212,28.758,4.389
9452,25.564,27.932,4.246
9453,25.178,28.427,5.969
9454,24.650,28.409,5.164
9455,25.946,29.280,5.644
9456,25.137,27.677,5.087
9457,25.651,27.376,4.400
9458,27.022,28.792,4.476
9459,23.228,25.968,4.326
9460,25.873,27.064,5.308
9461,25.562,28.865,5.133
9462,25.588,28.613,5.944
9463,26.250,29.153,4.012
9464,25.205,26.325,3.735
9465,25.038,26.725,3.997
9466,25.285,25.990,3.778
9467,26.828,29.123,4.569
9468,25.844,27.608,4.438
9469,26.743,29.672,4.117
9470,26.785,28.843,4.321
9471,27.054,29.998,5.580
9472,27.514,29.929,5.732
9473,27.782,30.529,5.694
9474,26.846,27.653,4.209
9475,27.840,29.409,4.126
9476,26.485,28.643,5.888
9477,26.497,29.034,4.454
9478,27.574,29.158,5.877
9479,26.820,29.386,3.922
9480,28.196,30.624,3.937
9481,26.519,28.764,4.362
9482,26.721,27.810,3.591
9483,27.830,29.808,3.986
9484,26.673,28.577,5.187
9485,27.338,30.497,4.158
9486,26.637,29.264,4.725
9487,26.570,27.982,4.912
9488,27.404,29.942,4.104
9489,27.181,29.392,4.827
9490,27.142,27.754,3.766
9491,27.165,28.025,4.631
9492,27.419,28.247,3.673
9493,27.617,29.123,4.259
9494,28.415,30.232,4.497
9495,27.683,29.090,3.769
9496,28.190,28.868,3.473
9497,27.642,28.338,4.059
9498,27.945,29.046,4.237
9499,26.599,28.667,4.795
9500,27.068,29.653,4.612
9501,27.645,28.250,4.841
9502,27.792,28.864,3.972
9503,27.186,28.337,3.829
9504,27.496,29.459,4.228
9505,28.767,28.808,4.069
9506,26.958,28.272,4.391
9507,26.603,28.913,4.354
9508,26.241,27.599,4.261
9509,27.122,27.781,3.941
9510,28.189,28.206,4.598
9511,27.565,28.325,4.111
9512,27.247,27.908,4.388
9513,27.323,28.415,4.451
9514,27.971,28.788,4.001
9515,28.067,28.117,4.649
9516,28.672,29.650,4.777
9517,29.000,29.424,5.586
9518,27.342,28.393,5.128
9519,27.906,28.372,4.242
9520,27.593,31.630,4.310
9521,26.762,29.444,4.351
9522,27.763,29.980,4.825
9523,27.061,28.627,4.414
9524,27.227,29.158,3.327
9525,26.850,29.803,3.779
9526,26.931,30.012,3.993
9527,26.212,30.134,3.888
9528,26.603,30.121,3.946
9529,27.608,30.175,4.503
9530,26.120,29.823,3.542
9531,28.066,30.741,4.485
9532,26.693,30.192,4.310
9533,27.597,29.719,3.978
9534,26.690,28.572,4.579
9535,26.137,30.408,5.204
9536,25.978,28.541,3.801
9537,26.269,29.256,4.398
9538,26.028,29.328,5.444
9539,26.472,29.986,4.231
9540,25.816,30.004,4.938
9541,25.790,29.170,3.842
9542,26.707,29.428,3.814
9543,25.951,29.720,5.440
9544,27.182,29.851,3.840
9545,26.354,29.871,4.864
9546,26.398,29.060,3.965
9547,26.798,28.108,4.388
9548,27.119,28.742,4.110
9549,26.494,28.190,3.978
9550,27.440,28.981,3.723
9551,26.638,28.666,3.847
9552,27.068,30.012,3.902
9553,26.316,28.329,4.234
9554,27.043,28.875,4.080
9555,26.400,28.008,3.919
9556,26.476,29.186,4.280
9557,26.287,28.988,4.978
9558,25.898,28.016,5.005
9559,26.167,28.926,4.505
9560,26.323,28.416,4.834
9561,26.566,29.167,5.684
9562,27.080,28.855,4.075
9563,26.715,29.022,3.973
9564,28.918,29.342,4.496
9565,28.548,28.293,4.317
9566,27.731,30.502,4.240
9567,26.912,29.802,4.498
9568,27.354,30.243,4.194
9569,26.960,30.213,4.699
9570,26.774,30.935,3.854
9571,28.890,28.141,3.761
9572,26.296,29.083,4.189
9573,26.616,29.114,3.815
9574,25.117,27.191,4.640
9575,26.355,29.140,4.156
9576,25.708,29.258,3.915
9577,28.439,29.933,4.445
9578,27.595,29.353,3.937
9579,28.068,29.592,3.973
9580,26.598,28.791,3.883
9581,27.745,28.177,3.450
9582,27.602,28.394,3.874
9583,27.116,28.478,3.782
9584,27.444,27.373,5.118
9585,26.988,29.223,3.980
9586,26.764,28.868,4.463
9587,26.666,27.996,5.227
9588,27.631,28.668,4.764
9589,28.526,29.360,3.703
9590,27.327,28.381,5.112
9591,26.301,28.333,4.347
9592,27.171,30.032,4.144
9593,27.054,28.186,4.866
9594,26.185,28.111,4.289
9595,27.127,28.001,4.651
9596,27.516,28.830,6.020
9597,27.695,28.635,3.975
9598,27.574,28.641,5.221
9599,27.300,28.790,5.369
9600,27.081,29.260,4.875
9601,27.709,29.410,4.159
9602,28.231,28.602,3.830
9603,28.191,28.840,4.027
9604,28.458,29.223,4.275
9605,28.113,29.988,4.258
9606,27.833,29.795,4.307
9607,27.685,29.358,4.185
9608,27.986,29.895,4.207
9609,29.484,29.966,4.779
9610,28.636,30.469,4.608
9611,27.779,30.358,4.142
9612,28.942,30.848,3.965
9613,28.149,29.381,4.188
9614,30.254,29.104,4.228
9615,29.449,29.773,3.941
9616,30.978,29.269,4.774
9617,29.997,28.998,4.088
9618,30.552,29.777,4.557
9619,27.968,29.694,3.811
9620,28.014,30.110,4.825
9621,27.506,29.783,4.417
9622,27.079,28.104,4.418
9623,28.067,28.260,4.295
9624,27.384,29.416,4.900
9625,28.168,29.740,4.428
9626,27.998,28.875,3.769
9627,28.680,30.263,4.193
9628,27.343,30.527,6.038
9629,26.922,29.581,4.916
9630,26.730,29.133,5.148
9631,28.126,30.656,3.776
9632,27.057,29.481,4.366
9633,26.822,32.189,4.362
9634,27.842,29.815,4.677
9635,26.672,30.097,5.624
9636,26.091,29.802,5.353
9637,26.787,28.753,4.328
9638,28.304,30.726,4.462
9639,26.923,29.921,4.087
9640,26.433,30.420,5.258
9641,27.109,28.938,4.790
9642,28.334,28.783,4.052
9643,27.638,30.280,4.009
9644,26.991,29.160,4.153
9645,28.312,29.856,4.470
9646,27.818,30.239,4.366
9647,28.160,29.482,3.852
9648,27.909,30.750,3.980
9649,27.840,28.901,4.315
9650,25.992,26.897,4.961
9651,25.952,26.550,5.007
9652,25.874,28.164,5.222
9653,25.649,28.536,5.584
9654,27.221,28.286,4.862
9655,25.068,26.838,5.115
9656,26.058,28.145,5.051
9657,25.388,26.871,6.283
9658,26.175,27.585,5.354
9659,24.918,26.889,5.346
9660,25.998,28.671,5.039
9661,25.404,26.533,5.251
9662,25.553,26.882,4.790
9663,25.402,27.274,3.867
9664,25.499,27.451,4.978
9665,26.758,28.135,4.456
9666,26.248,26.866,4.954
9667,25.983,27.303,4.302
9668,25.978,27.537,4.581
9669,27.139,27.230,4.847
9670,25.985,27.788,4.659
9671,24.954,28.292,4.126
9672,25.886,28.648,5.190
9673,25.487,27.895,5.127
9674,25.839,28.191,4.504
9675,25.712,28.113,4.906
9676,26.698,28.287,3.700
9677,28.952,27.475,4.455
9678,27.726,28.571,4.935
9679,26.606,29.704,4.193
9680,26.424,28.509,4.826
9681,25.928,27.763,4.921
9682,26.651,28.314,4.892
9683,25.362,27.542,4.522
9684,26.401,28.914,5.260
9685,25.556,27.547,4.450
9686,26.482,29.057,4.398
9687,27.246,29.420,4.999
9688,25.987,28.961,3.767
9689,27.486,26.627,4.588
9690,27.055,28.129,3.811
9691,25.780,27.149,5.381
9692,26.711,27.072,4.212
9693,26.581,27.306,4.958
9694,27.129,27.066,3.873
9695,26.386,26.960,4.711
9696,26.702,27.667,5.095
9697,25.433,27.202,4.927
9698,27.743,27.688,4.644
9699,25.998,26.437,5.195
9700,26.564,27.478,5.507
9701,27.575,27.887,4.583
9702,26.349,26.591,5.391
9703,26.909,28.384,4.806
9704,26.572,27.781,4.309
9705,26.281,27.552,4.007
9706,26.874,26.528,4.152
9707,25.763,26.051,4.820
9708,25.598,27.540,4.120
9709,24.775,26.822,4.118
9710,26.305,26.704,3.987
9711,25.963,25.412,4.769
9712,24.812,25.579,4.793
9713,25.227,27.259,3.851
9714,26.692,26.726,4.832
9715,26.239,26.881,5.054
9716,26.587,26.895,4.070
9717,26.383,26.345,4.158
9718,26.675,26.840,3.837
9719,27.916,28.244,3.882
9720,28.291,30.006,5.042
9721,27.738,29.737,4.225
9722,27.708,28.263,4.516
9723,28.447,28.149,4.306
9724,28.254,30.204,4.063
9725,27.365,28.005,3.828
9726,28.142,29.418,3.846
9727,26.497,29.088,4.174
9728,27.064,28.180,3.781
9729,27.240,29.127,4.536
9730,27.559,29.346,5.383
9731,28.081,28.227,3.672
9732,27.697,28.663,4.536
9733,27.745,28.283,4.329
9734,26.626,28.595,4.475
9735,27.929,29.580,3.989
9736,27.856,28.628,4.189
9737,27.645,29.466,5.001
9738,27.145,29.735,5.075
9739,27.462,29.302,4.791
9740,28.083,27.795,4.134
9741,27.263,29.078,5.051
9742,30.851,28.606,4.221
9743,29.455,28.470,4.017
9744,30.256,28.388,5.129
9745,30.879,28.248,4.621
9746,31.087,28.467,4.441
9747,28.744,29.881,5.274
9748,27.755,29.269,4.400
9749,28.012,28.789,4.608
9750,29.029,28.940,2.957
9751,29.087,28.940,3.955
9752,29.023,28.284,4.719
9753,28.199,28.521,4.012
9754,27.304,28.341,4.074
9755,27.631,30.126,4.340
9756,29.267,28.673,4.230
9757,28.309,29.399,4.592
9758,28.818,28.836,4.378
9759,29.734,28.439,4.650
9760,28.087,26.841,3.803
9761,28.148,27.999,5.014
9762,27.994,28.521,4.503
9763,29.079,28.833,5.480
9764,28.498,28.188,4.837
9765,29.384,29.252,3.947
9766,29.376,28.212,2.895
9767,28.606,27.533,4.465
9768,28.463,29.045,3.764
9769,28.580,27.852,3.919
9770,28.799,28.398,4.245
9771,28.005,27.690,5.061
9772,27.910,27.837,4.103
9773,25.500,26.984,4.629
9774,26.365,26.046,5.021
9775,25.780,26.381,4.457
9776,25.972,25.707,6.193
9777,24.887,25.070,4.921
9778,25.771,26.042,5.114
9779,26.339,26.644,4.984
9780,27.018,28.374,4.609
9781,26.479,26.397,4.811
9782,26.074,26.673,5.277
9783,26.166,26.169,4.599
9784,26.297,25.485,4.930
9785,26.775,26.647,4.747
9786,26.573,27.399,4.361
9787,28.603,26.398,4.502
9788,27.477,25.969,4.622
9789,26.334,26.906,4.700
9790,26.932,26.280,4.531
9791,26.150,25.492,4.121
9792,25.313,25.091,4.941
9793,25.756,26.789,4.061
9794,26.664,27.049,4.914
9795,26.805,27.040,3.531
9796,26.773,26.260,4.800
9797,27.074,26.664,4.313
9798,26.186,26.707,4.028
9799,27.477,26.589,4.885
9800,26.666,26.424,4.614
9801,27.535,26.872,4.459
9802,27.135,25.919,5.079
9803,27.354,28.408,4.172
9804,26.745,27.340,4.195
9805,27.884,27.376,4.108
9806,27.063,27.289,4.395
9807,26.315,26.229,5.074
9808,26.345,27.042,4.626
9809,26.459,27.128,4.719
9810,26.487,26.424,3.618
9811,26.952,27.190,4.371
9812,26.688,25.923,4.821
9813,26.949,27.584,3.627
9814,27.964,27.503,4.714
9815,28.404,28.284,4.772
9816,27.241,26.311,4.912
9817,28.353,27.396,4.980
9818,27.430,28.304,4.056
9819,27.443,27.445,4.205
9820,27.212,26.116,4.630
9821,28.232,27.604,3.825
9822,27.470,27.963,4.152
9823,26.764,27.586,4.865
9824,27.457,26.537,4.658
9825,27.587,25.788,4.665
9826,27.541,25.417,5.203
9827,27.331,25.164,4.986
9828,27.742,25.672,4.273
9829,29.963,26.069,4.459
9830,27.430,25.018,5.458
9831,26.394,25.143,4.977
9832,26.810,25.344,4.476
9833,26.881,25.200,4.744
9834,27.705,25.563,4.666
9835,27.188,25.540,4.993
9836,26.948,25.288,5.069
9837,27.003,25.130,5.047
9838,26.740,24.554,5.830
9839,25.954,25.035,5.628
9840,27.347,26.520,4.617
9841,27.185,26.025,4.614
9842,26.148,25.603,4.203
9843,26.322,25.521,4.682
9844,26.985,26.373,4.136
9845,26.757,25.357,4.921
9846,25.843,24.703,5.108
9847,26.778,23.537,4.772
9848,26.364,24.602,4.322
9849,26.398,24.534,4.356
9850,26.095,24.752,4.423
9851,26.047,25.938,4.204
9852,26.663,28.499,3.927
9853,27.829,27.830,4.560
9854,28.130,27.665,4.762
9855,28.894,28.662,4.544
9856,26.666,27.776,4.618
9857,26.663,26.655,5.040
9858,27.342,29.255,4.617
9859,27.095,27.761,4.471
9860,26.817,28.096,5.072
9861,27.464,28.428,4.075
9862,26.196,27.497,5.918
9863,26.417,28.643,4.564
9864,27.411,29.032,4.689
9865,26.270,27.495,5.782
9866,26.612,27.037,4.353
9867,26.872,27.673,4.756
9868,27.332,29.114,5.164
9869,26.482,27.709,5.405
9870,26.122,28.556,5.221
9871,27.225,28.099,4.564
9872,26.017,27.939,4.448
9873,27.560,28.419,4.071
9874,26.116,26.447,4.531
9875,27.051,27.312,4.353
9876,26.003,27.485,4.838
9877,27.214,27.628,4.212
9878,26.297,28.090,4.783
9879,28.437,30.775,5.913
9880,28.497,30.057,4.296
9881,29.162,29.628,4.003
9882,28.975,28.864,4.082
9883,28.965,29.046,4.532
9884,29.795,29.775,4.025
9885,28.996,29.928,4.229
9886,28.714,29.560,4.431
9887,27.862,29.894,4.871
9888,27.604,29.489,4.423
9889,27.789,28.841,5.626
9890,27.970,29.210,4.594
9891,28.261,29.168,6.575
9892,29.334,31.442,5.213
9893,29.355,31.048,6.235
9894,27.634,30.704,6.943
9895,28.098,30.070,5.570
9896,29.926,30.901,5.235
9897,28.005,30.272,4.841
9898,29.968,29.719,4.789
9899,27.919,28.425,3.694
9900,29.662,30.261,4.704
9901,29.649,30.464,5.292
9902,28.419,29.690,5.064
9903,28.319,29.011,5.545
9904,27.830,29.650,5.454
9905,28.309,28.933,5.793
9906,30.037,30.883,4.968
9907,29.116,29.129,5.904
9908,29.267,29.097,6.354
9909,28.845,29.232,3.029
9910,29.378,28.521,2.899
9911,28.537,29.004,3.031
9912,28.306,29.754,3.380
9913,28.732,28.051,3.453
9914,29.529,29.491,3.296
9915,29.348,31.057,4.010
9916,29.115,29.958,4.100
9917,29.432,31.160,4.335
9918,29.032,30.933,3.856
9919,29.121,30.657,4.044
9920,28.511,29.546,4.518
9921,29.956,30.093,4.883
9922,28.369,29.663,3.918
9923,28.162,29.571,4.011
9924,29.190,28.947,3.798
9925,27.407,28.351,3.834
9926,29.218,29.204,2.947
9927,30.656,31.015,2.939
9928,29.196,30.442,4.400
9929,29.184,30.957,5.179
9930,29.713,30.074,4.461
9931,29.212,31.252,3.835
9932,28.817,29.648,3.775
9933,28.315,30.777,3.026
9934,28.352,30.510,5.386
9935,28.766,30.174,3.997
9936,27.847,30.980,4.296
9937,27.744,30.625,4.277
9938,28.761,29.985,3.879
9939,29.056,29.513,4.246
9940,29.361,29.262,4.228
9941,28.961,31.013,4.622
9942,29.126,29.193,3.829
9943,30.667,28.694,4.155
9944,29.298,29.387,4.167
9945,28.471,28.543,3.868
9946,27.851,27.993,5.388
9947,29.271,30.288,5.456
9948,28.328,27.984,5.911
9949,29.526,28.515,4.527
9950,29.678,29.951,5.062
9951,28.907,27.597,4.594
9952,28.736,30.078,4.994
9953,26.656,28.289,4.408
9954,26.832,28.491,4.727
9955,28.248,29.300,4.409
9956,27.265,29.093,4.741
9957,28.434,26.896,4.168
9958,29.701,25.912,4.211
9959,28.929,26.407,4.711
9960,26.808,24.179,4.472
9961,25.582,27.603,4.682
9962,26.926,27.724,4.637
9963,26.706,26.639,4.564
9964,26.530,25.839,4.920
9965,26.157,28.018,4.203
9966,27.776,26.259,4.057
9967,27.376,27.237,4.965
9968,26.782,25.788,4.797
9969,27.373,25.885,4.008
9970,27.428,25.968,5.469
9971,28.098,26.701,4.032
9972,27.336,27.107,4.011
9973,27.989,27.794,4.016
9974,27.093,25.473,4.752
9975,26.937,26.404,4.799
9976,27.933,24.609,5.449
9977,27.721,25.878,4.209
9978,28.485,28.100,4.776
9979,28.007,27.711,4.671
9980,28.052,26.163,5.223
9981,27.313,27.570,5.042
9982,29.051,26.761,4.494
9983,27.532,27.353,4.580
9984,27.153,25.843,4.446
9985,28.317,28.577,3.852
9986,28.024,27.280,4.298
9987,27.414,27.567,4.947
9988,27.512,27.177,4.201
9989,28.330,27.442,4.397
9990,27.879,27.563,5.231
9991,27.780,27.190,4.351
9992,27.527,29.371,3.981
9993,28.223,29.586,4.454
9994,26.827,27.915,4.250
9995,27.338,26.812,4.962
9996,26.801,26.905,4.943
9997,26.237,26.226,5.564
9998,26.590,26.488,4.528
9999,27.482,27.394,5.369
