frame,global_rmsd,core_rmsd
0,0.000,0.000
1,1.079,0.842
2,1.446,1.002
3,1.554,1.034
4,1.631,1.059
5,1.712,1.090
6,1.854,1.132
7,1.986,1.262
8,2.080,1.393
9,2.177,1.412
10,2.274,1.448
11,2.348,1.474
12,2.397,1.444
13,2.591,1.549
14,2.655,1.560
15,2.772,1.636
16,2.838,1.638
17,2.807,1.643
18,2.888,1.669
19,2.842,1.695
20,2.885,1.663
21,3.059,1.871
22,3.157,1.750
23,3.206,1.823
24,3.122,1.731
25,3.307,1.865
26,3.505,1.854
27,3.461,1.716
28,3.451,1.730
29,3.554,1.781
30,3.435,1.803
31,3.458,1.833
32,3.593,1.858
33,3.646,1.828
34,3.531,1.907
35,3.480,1.772
36,3.646,1.969
37,3.643,1.885
38,3.831,1.902
39,3.658,1.955
40,3.564,1.849
41,3.715,1.956
42,3.784,2.029
43,3.838,1.880
44,3.768,1.746
45,3.873,1.902
46,3.776,1.820
47,3.728,1.788
48,3.722,1.746
49,3.728,1.795
50,4.058,1.857
51,4.006,1.995
52,3.749,1.895
53,3.852,2.009
54,3.881,1.983
55,3.964,1.980
56,4.058,1.942
57,3.957,1.906
58,4.079,2.008
59,3.864,1.950
60,4.024,1.805
61,4.070,1.894
62,4.037,1.911
63,4.181,2.017
64,4.082,1.910
65,4.314,1.974
66,4.116,1.901
67,4.219,1.958
68,4.082,1.946
69,4.128,2.002
70,4.253,2.115
71,4.364,2.006
72,4.278,2.078
73,4.164,2.040
74,4.209,1.985
75,4.263,2.065
76,4.364,2.091
77,4.410,2.051
78,4.602,2.046
79,4.635,2.095
80,4.579,1.887
81,4.835,1.978
82,4.541,1.944
83,4.632,1.996
84,4.947,1.903
85,5.136,2.077
86,5.120,1.901
87,5.197,1.978
88,5.140,1.991
89,5.087,2.114
90,5.083,2.130
91,5.209,2.216
92,5.103,2.167
93,4.907,2.160
94,4.960,2.230
95,4.915,2.167
96,5.220,2.262
97,5.292,2.226
98,4.831,2.094
99,5.020,2.213
100,5.205,2.328
101,5.314,2.310
102,5.329,2.330
103,5.171,2.181
104,4.937,2.049
105,5.065,2.160
106,5.158,2.216
107,5.264,2.166
108,5.123,2.100
109,5.087,2.082
110,4.808,2.167
111,4.817,2.204
112,4.827,2.127
113,4.739,2.138
114,4.858,2.084
115,4.758,2.061
116,4.844,2.142
117,4.851,2.204
118,4.855,2.126
119,5.005,2.062
120,4.908,2.132
121,4.871,2.085
122,4.816,2.187
123,5.004,2.227
124,4.960,2.207
125,5.040,2.183
126,5.086,2.152
127,5.182,2.157
128,5.110,2.162
129,4.941,2.143
130,4.897,2.176
131,4.845,2.159
132,4.926,2.210
133,4.978,2.127
134,5.040,2.184
135,4.723,2.147
136,4.544,2.133
137,4.745,2.217
138,4.821,2.127
139,4.649,2.065
140,4.514,2.121
141,4.506,2.113
142,4.461,2.100
143,4.360,2.119
144,4.362,2.156
145,4.439,2.193
146,4.556,2.215
147,4.683,2.266
148,4.544,2.250
149,4.655,2.231
150,4.545,2.111
151,4.528,2.121
152,4.360,2.097
153,4.191,2.081
154,4.220,2.125
155,4.066,2.076
156,4.055,2.110
157,4.230,2.095
158,4.321,2.005
159,4.593,2.041
160,4.498,2.113
161,4.476,2.125
162,4.305,1.978
163,4.349,2.073
164,4.180,2.042
165,4.271,2.144
166,4.296,2.155
167,4.222,2.129
168,4.420,2.181
169,4.297,2.184
170,4.404,2.158
171,4.349,2.168
172,4.519,2.168
173,4.613,2.128
174,4.487,2.222
175,4.517,2.218
176,4.532,2.283
177,4.564,2.408
178,4.571,2.367
179,4.581,2.444
180,4.656,2.396
181,4.717,2.314
182,4.617,2.358
183,4.650,2.300
184,4.542,2.258
185,4.575,2.281
186,4.821,2.280
187,4.727,2.114
188,4.781,2.320
189,4.779,2.338
190,4.535,2.140
191,4.633,2.251
192,4.774,2.337
193,4.857,2.357
194,4.780,2.369
195,4.858,2.263
196,5.027,2.331
197,5.050,2.263
198,4.920,2.179
199,4.980,2.108
200,5.026,2.184
201,5.110,2.276
202,5.042,2.278
203,5.008,2.282
204,4.923,2.256
205,5.091,2.203
206,5.095,2.244
207,5.178,2.297
208,5.095,2.129
209,5.293,2.203
210,5.287,2.190
211,5.215,2.151
212,5.181,2.116
213,5.168,2.128
214,5.209,2.151
215,5.133,2.143
216,4.994,2.092
217,4.949,2.047
218,4.972,2.043
219,5.191,2.108
220,5.212,2.085
221,5.255,2.127
222,5.165,2.061
223,5.252,2.114
224,5.408,2.098
225,5.335,2.101
226,5.244,2.055
227,5.239,1.933
228,5.341,2.081
229,5.333,2.047
230,5.365,2.002
231,5.245,2.015
232,5.369,1.996
233,5.609,2.017
234,5.430,1.997
235,5.284,1.894
236,5.290,1.954
237,5.414,1.968
238,5.332,2.048
239,5.464,2.008
240,5.501,1.983
241,5.512,2.005
242,5.446,2.095
243,5.304,2.079
244,5.315,2.123
245,5.444,2.152
246,5.630,2.130
247,5.808,2.100
248,5.863,2.168
249,5.870,2.253
250,5.706,2.205
251,5.615,2.327
252,5.618,2.282
253,5.761,2.214
254,5.855,2.288
255,5.596,2.330
256,5.666,2.249
257,5.614,2.230
258,5.481,2.220
259,5.450,2.130
260,5.520,2.182
261,5.705,2.177
262,5.590,2.101
263,5.614,2.106
264,5.594,2.179
265,5.497,2.134
266,5.622,2.157
267,5.684,2.256
268,5.773,2.251
269,5.674,2.165
270,5.934,2.114
271,5.973,2.139
272,5.857,2.139
273,5.862,2.091
274,5.775,2.038
275,5.793,2.016
276,5.871,2.064
277,5.394,2.081
278,5.595,2.091
279,5.649,2.096
280,5.664,2.112
281,5.898,2.165
282,5.955,2.123
283,5.936,2.227
284,5.954,2.059
285,5.695,2.076
286,5.636,2.111
287,5.777,2.256
288,5.726,2.315
289,5.739,2.262
290,5.609,2.246
291,5.942,2.228
292,5.936,2.199
293,5.816,2.149
294,5.734,2.174
295,5.761,2.250
296,5.831,2.141
297,5.753,2.199
298,5.795,2.173
299,5.647,2.256
300,5.677,2.217
301,5.670,2.237
302,5.663,2.208
303,5.624,2.186
304,5.684,2.179
305,5.694,2.259
306,5.818,2.196
307,5.774,2.145
308,5.828,2.241
309,5.791,2.184
310,5.886,2.169
311,5.814,2.190
312,5.801,2.266
313,5.695,2.188
314,5.801,2.077
315,5.881,2.121
316,5.750,2.032
317,5.727,2.098
318,5.734,2.071
319,5.652,2.129
320,5.641,2.179
321,5.725,2.169
322,5.632,2.122
323,5.825,2.277
324,5.783,2.243
325,5.810,2.280
326,5.758,2.244
327,5.788,2.333
328,5.612,2.288
329,5.495,2.189
330,5.539,2.147
331,5.666,2.204
332,5.676,2.227
333,5.621,2.263
334,5.753,2.294
335,5.924,2.336
336,5.817,2.306
337,5.849,2.263
338,5.838,2.239
339,6.035,2.323
340,5.856,2.250
341,5.750,2.195
342,5.998,2.173
343,5.867,2.155
344,6.064,2.234
345,6.058,2.255
346,6.226,2.261
347,6.187,2.255
348,6.180,2.177
349,6.172,2.349
350,6.392,2.244
351,6.292,2.292
352,6.352,2.469
353,6.253,2.304
354,6.242,2.130
355,6.194,2.193
356,6.287,2.236
357,6.208,2.284
358,6.196,2.232
359,6.420,2.192
360,6.416,2.166
361,6.394,2.137
362,6.707,2.237
363,6.389,2.281
364,6.390,2.216
365,6.474,2.264
366,6.320,2.233
367,6.246,2.245
368,6.288,2.232
369,6.149,2.316
370,6.073,2.231
371,6.135,2.272
372,6.095,2.312
373,6.191,2.224
374,6.201,2.237
375,5.997,2.279
376,5.975,2.284
377,6.080,2.287
378,6.158,2.330
379,6.138,2.373
380,6.203,2.364
381,6.233,2.391
382,6.242,2.421
383,6.004,2.314
384,6.134,2.370
385,6.085,2.290
386,6.002,2.276
387,6.086,2.275
388,6.110,2.271
389,6.229,2.311
390,6.168,2.256
391,6.299,2.257
392,6.188,2.275
393,6.234,2.219
394,6.215,2.195
395,6.211,2.253
396,6.263,2.286
397,6.365,2.339
398,6.223,2.282
399,6.150,2.435
400,6.124,2.515
401,6.118,2.387
402,6.200,2.519
403,6.188,2.424
404,6.109,2.413
405,6.254,2.355
406,6.262,2.371
407,6.269,2.365
408,6.381,2.335
409,6.358,2.377
410,6.252,2.316
411,6.311,2.396
412,6.450,2.377
413,6.515,2.406
414,6.527,2.346
415,6.468,2.411
416,6.604,2.436
417,6.532,2.377
418,6.481,2.475
419,6.431,2.455
420,6.324,2.367
421,6.439,2.407
422,6.425,2.340
423,6.399,2.385
424,6.236,2.383
425,6.312,2.400
426,6.437,2.445
427,6.445,2.420
428,6.264,2.400
429,6.379,2.396
430,6.337,2.311
431,6.379,2.308
432,6.390,2.293
433,6.531,2.315
434,6.437,2.363
435,6.449,2.371
436,6.445,2.362
437,6.585,2.490
438,6.765,2.354
439,6.917,2.497
440,6.594,2.421
441,6.505,2.361
442,6.562,2.281
443,6.708,2.435
444,6.479,2.277
445,6.484,2.379
446,6.534,2.292
447,6.588,2.284
448,6.653,2.227
449,6.655,2.222
450,6.535,2.265
451,6.500,2.236
452,6.537,2.238
453,6.322,2.236
454,6.469,2.277
455,6.495,2.308
456,6.560,2.345
457,6.607,2.470
458,6.591,2.351
459,6.653,2.273
460,6.540,2.296
461,6.598,2.329
462,6.460,2.370
463,6.559,2.447
464,6.376,2.353
465,6.355,2.395
466,6.341,2.336
467,6.339,2.265
468,6.454,2.345
469,6.379,2.375
470,6.492,2.408
471,6.620,2.410
472,6.551,2.263
473,6.326,2.258
474,6.368,2.342
475,6.406,2.382
476,6.404,2.373
477,6.540,2.312
478,6.420,2.300
479,6.642,2.405
480,6.459,2.344
481,6.581,2.447
482,6.599,2.500
483,6.459,2.384
484,6.477,2.432
485,6.671,2.448
486,6.384,2.280
487,6.508,2.237
488,6.554,2.304
489,6.588,2.202
490,6.499,2.241
491,6.484,2.255
492,6.461,2.193
493,6.475,2.222
494,6.700,2.331
495,6.666,2.307
496,6.591,2.268
497,6.545,2.206
498,6.607,2.208
499,6.564,2.372
500,6.587,2.211
501,6.484,2.242
502,6.485,2.289
503,6.551,2.278
504,6.657,2.385
505,6.659,2.418
506,6.574,2.386
507,6.492,2.341
508,6.405,2.312
509,6.360,2.414
510,6.353,2.443
511,6.289,2.362
512,6.408,2.406
513,6.463,2.429
514,6.348,2.464
515,6.419,2.441
516,6.406,2.533
517,6.467,2.458
518,6.285,2.472
519,6.270,2.421
520,6.499,2.502
521,6.429,2.431
522,6.496,2.496
523,6.574,2.496
524,6.628,2.541
525,6.451,2.360
526,6.410,2.380
527,6.418,2.339
528,6.464,2.377
529,6.495,2.430
530,6.512,2.389
531,6.618,2.323
532,6.560,2.302
533,6.559,2.337
534,6.564,2.293
535,6.527,2.295
536,6.481,2.275
537,6.554,2.285
538,6.552,2.251
539,6.514,2.285
540,6.444,2.237
541,6.483,2.274
542,6.532,2.354
543,6.511,2.238
544,6.554,2.327
545,6.483,2.353
546,6.406,2.266
547,6.558,2.354
548,6.389,2.311
549,6.358,2.297
550,6.334,2.245
551,6.429,2.298
552,6.592,2.332
553,6.485,2.252
554,6.440,2.261
555,6.494,2.347
556,6.460,2.349
557,6.454,2.356
558,6.372,2.356
559,6.376,2.413
560,6.338,2.362
561,6.459,2.343
562,6.448,2.319
563,6.517,2.320
564,6.366,2.271
565,6.299,2.323
566,6.368,2.293
567,6.474,2.243
568,6.545,2.351
569,6.480,2.286
570,6.577,2.349
571,6.635,2.367
572,6.754,2.447
573,6.810,2.322
574,6.788,2.439
575,6.748,2.350
576,6.484,2.285
577,6.789,2.335
578,6.764,2.252
579,6.601,2.280
580,6.461,2.315
581,6.467,2.228
582,6.502,2.277
583,6.373,2.264
584,6.442,2.360
585,6.386,2.235
586,6.418,2.238
587,6.423,2.171
588,6.462,2.246
589,6.435,2.368
590,6.558,2.425
591,6.444,2.356
592,6.396,2.246
593,6.402,2.276
594,6.296,2.168
595,6.369,2.183
596,6.254,2.258
597,6.354,2.250
598,6.412,2.228
599,6.489,2.206
600,6.415,2.193
601,6.421,2.288
602,6.398,2.179
603,6.418,2.203
604,6.359,2.220
605,6.468,2.305
606,6.422,2.181
607,6.523,2.284
608,6.419,2.209
609,6.279,2.115
610,6.370,2.160
611,6.380,2.205
612,6.267,2.230
613,6.215,2.250
614,6.149,2.243
615,6.211,2.247
616,6.292,2.294
617,6.376,2.327
618,6.287,2.273
619,6.231,2.193
620,6.362,2.341
621,6.325,2.282
622,6.152,2.245
623,6.246,2.280
624,6.335,2.221
625,6.453,2.325
626,6.347,2.220
627,6.415,2.348
628,6.360,2.290
629,6.370,2.254
630,6.259,2.178
631,6.333,2.287
632,6.363,2.193
633,6.500,2.159
634,6.405,2.278
635,6.388,2.180
636,6.444,2.308
637,6.374,2.169
638,6.350,2.253
639,6.365,2.227
640,6.305,2.192
641,6.357,2.251
642,6.444,2.258
643,6.354,2.276
644,6.303,2.257
645,6.361,2.285
646,6.267,2.343
647,6.242,2.303
648,6.216,2.236
649,6.486,2.284
650,6.498,2.354
651,6.272,2.358
652,6.327,2.440
653,6.347,2.380
654,6.361,2.365
655,6.371,2.394
656,6.339,2.324
657,6.426,2.359
658,6.472,2.335
659,6.436,2.308
660,6.397,2.338
661,6.283,2.243
662,6.236,2.237
663,6.300,2.292
664,6.260,2.260
665,6.363,2.352
666,6.320,2.262
667,6.387,2.358
668,6.179,2.337
669,6.295,2.355
670,6.274,2.364
671,6.363,2.348
672,6.342,2.444
673,6.400,2.509
674,6.375,2.413
675,6.257,2.322
676,6.324,2.350
677,6.176,2.317
678,6.227,2.352
679,6.214,2.392
680,6.218,2.361
681,6.291,2.338
682,6.234,2.179
683,6.182,2.230
684,6.157,2.259
685,6.183,2.335
686,6.260,2.341
687,6.252,2.302
688,6.436,2.266
689,6.327,2.305
690,6.340,2.231
691,6.286,2.266
692,6.232,2.305
693,6.348,2.283
694,6.353,2.288
695,6.325,2.227
696,6.467,2.238
697,6.299,2.297
698,6.345,2.354
699,6.307,2.221
700,6.221,2.312
701,6.097,2.175
702,6.214,2.220
703,6.274,2.263
704,6.294,2.225
705,6.357,2.145
706,6.389,2.208
707,6.506,2.241
708,6.539,2.289
709,6.326,2.275
710,6.198,2.255
711,6.406,2.332
712,6.368,2.258
713,6.129,2.199
714,6.182,2.276
715,6.206,2.217
716,6.235,2.130
717,6.355,2.219
718,6.477,2.231
719,6.295,2.155
720,6.387,2.179
721,6.433,2.166
722,6.356,2.158
723,6.337,2.142
724,6.452,2.314
725,6.319,2.191
726,6.263,2.164
727,6.335,2.156
728,6.463,2.202
729,6.397,2.203
730,6.432,2.207
731,6.401,2.200
732,6.384,2.180
733,6.338,2.159
734,6.224,2.147
735,6.228,2.175
736,6.317,2.201
737,6.322,2.160
738,6.314,2.210
739,6.169,2.174
740,6.054,2.162
741,6.163,2.175
742,6.157,2.170
743,6.208,2.192
744,6.287,2.220
745,6.294,2.118
746,6.204,2.214
747,6.093,2.256
748,6.233,2.234
749,6.167,2.245
750,6.040,2.192
751,6.179,2.192
752,6.199,2.137
753,6.273,2.268
754,6.243,2.252
755,6.378,2.204
756,6.374,2.238
757,6.358,2.240
758,6.360,2.307
759,6.225,2.269
760,6.242,2.297
761,6.483,2.345
762,6.235,2.296
763,6.084,2.196
764,5.891,2.215
765,6.075,2.294
766,6.018,2.232
767,5.948,2.314
768,5.931,2.262
769,5.913,2.254
770,5.921,2.281
771,5.960,2.272
772,5.933,2.325
773,6.024,2.282
774,6.008,2.361
775,6.054,2.411
776,6.201,2.463
777,6.160,2.474
778,6.063,2.356
779,6.073,2.360
780,6.162,2.418
781,6.266,2.357
782,6.223,2.319
783,6.166,2.294
784,6.174,2.332
785,6.223,2.324
786,6.233,2.399
787,6.171,2.366
788,6.226,2.359
789,6.409,2.357
790,6.281,2.331
791,6.342,2.395
792,6.095,2.380
793,6.084,2.284
794,6.100,2.294
795,6.272,2.311
796,6.239,2.270
797,6.303,2.281
798,6.376,2.295
799,6.335,2.369
800,6.150,2.210
801,6.215,2.222
802,6.141,2.289
803,6.183,2.268
804,6.271,2.385
805,6.232,2.299
806,6.294,2.253
807,6.182,2.278
808,6.019,2.335
809,6.181,2.287
810,6.057,2.281
811,5.977,2.253
812,6.086,2.374
813,6.113,2.343
814,6.185,2.388
815,6.324,2.471
816,6.136,2.302
817,6.166,2.318
818,6.139,2.293
819,6.207,2.316
820,6.135,2.206
821,6.115,2.252
822,6.289,2.318
823,6.369,2.315
824,6.347,2.274
825,6.417,2.313
826,6.622,2.354
827,6.448,2.291
828,6.305,2.281
829,6.300,2.307
830,6.299,2.266
831,6.273,2.303
832,6.392,2.292
833,6.287,2.299
834,6.311,2.344
835,6.323,2.286
836,6.273,2.301
837,6.333,2.355
838,6.204,2.440
839,6.294,2.324
840,6.202,2.436
841,6.121,2.320
842,6.242,2.324
843,6.338,2.429
844,6.344,2.451
845,6.351,2.356
846,6.246,2.348
847,6.146,2.377
848,6.135,2.361
849,6.171,2.430
850,6.075,2.422
851,5.985,2.359
852,6.015,2.400
853,6.139,2.420
854,6.172,2.326
855,6.269,2.350
856,6.276,2.366
857,6.327,2.332
858,6.365,2.399
859,6.275,2.283
860,6.283,2.285
861,6.309,2.233
862,6.309,2.292
863,6.385,2.228
864,6.283,2.290
865,6.200,2.313
866,6.323,2.269
867,6.314,2.326
868,6.354,2.374
869,6.347,2.351
870,6.320,2.377
871,6.238,2.348
872,6.282,2.380
873,6.271,2.393
874,6.429,2.351
875,6.350,2.388
876,6.450,2.339
877,6.415,2.321
878,6.517,2.351
879,6.294,2.308
880,6.362,2.361
881,6.226,2.325
882,6.294,2.255
883,6.228,2.343
884,6.436,2.302
885,6.279,2.358
886,6.323,2.313
887,6.130,2.363
888,6.124,2.274
889,6.060,2.279
890,6.084,2.290
891,6.042,2.279
892,6.094,2.231
893,6.143,2.233
894,6.184,2.249
895,6.240,2.317
896,6.088,2.333
897,5.965,2.282
898,6.001,2.400
899,5.893,2.455
900,5.799,2.431
901,5.971,2.396
902,5.928,2.305
903,5.885,2.260
904,5.996,2.341
905,5.909,2.270
906,5.987,2.294
907,6.067,2.301
908,6.005,2.319
909,5.970,2.314
910,5.972,2.415
911,6.005,2.403
912,5.922,2.335
913,5.871,2.386
914,5.853,2.464
915,5.999,2.469
916,5.797,2.398
917,5.886,2.476
918,5.949,2.434
919,6.038,2.396
920,6.001,2.328
921,6.143,2.480
922,6.104,2.443
923,5.948,2.494
924,5.872,2.505
925,5.901,2.569
926,5.943,2.570
927,5.890,2.536
928,5.894,2.413
929,5.860,2.468
930,5.778,2.471
931,5.787,2.420
932,5.696,2.412
933,5.608,2.409
934,5.964,2.466
935,6.171,2.459
936,6.140,2.431
937,5.987,2.482
938,5.806,2.508
939,5.886,2.468
940,5.790,2.451
941,5.804,2.418
942,5.882,2.472
943,5.947,2.558
944,5.775,2.456
945,5.936,2.481
946,5.924,2.552
947,6.001,2.609
948,5.987,2.541
949,6.039,2.631
950,6.095,2.670
951,6.100,2.652
952,6.048,2.547
953,6.071,2.601
954,6.174,2.597
955,6.187,2.538
956,6.282,2.567
957,6.154,2.552
958,6.086,2.511
959,6.317,2.575
960,6.451,2.533
961,6.386,2.537
962,6.382,2.510
963,6.365,2.520
964,6.230,2.494
965,6.395,2.593
966,6.461,2.536
967,6.349,2.504
968,6.381,2.547
969,6.445,2.490
970,6.399,2.483
971,6.287,2.439
972,6.427,2.429
973,6.512,2.510
974,6.498,2.505
975,6.406,2.417
976,6.555,2.431
977,6.638,2.542
978,6.524,2.589
979,6.450,2.620
980,6.575,2.553
981,6.808,2.608
982,6.864,2.535
983,6.788,2.552
984,6.932,2.598
985,6.774,2.540
986,6.928,2.626
987,6.809,2.552
988,6.765,2.531
989,6.719,2.500
990,6.662,2.543
991,6.671,2.479
992,6.694,2.543
993,6.625,2.414
994,6.628,2.420
995,6.693,2.479
996,6.652,2.508
997,6.630,2.492
998,6.628,2.504
999,6.431,2.415
1000,6.473,2.405
1001,6.362,2.451
1002,6.475,2.469
1003,6.310,2.478
1004,6.300,2.498
1005,6.348,2.509
1006,6.349,2.490
1007,6.645,2.508
1008,6.395,2.407
1009,6.679,2.527
1010,6.481,2.467
1011,6.313,2.481
1012,6.404,2.464
1013,6.541,2.486
1014,6.614,2.493
1015,6.579,2.465
1016,6.477,2.438
1017,6.556,2.410
1018,6.369,2.401
1019,6.297,2.375
1020,6.314,2.364
1021,6.290,2.405
1022,6.376,2.433
1023,6.495,2.404
1024,6.553,2.374
1025,6.507,2.469
1026,6.468,2.388
1027,6.689,2.398
1028,6.760,2.366
1029,6.806,2.395
1030,6.495,2.520
1031,6.559,2.367
1032,6.602,2.427
1033,6.680,2.415
1034,6.610,2.327
1035,6.526,2.312
1036,6.587,2.316
1037,6.476,2.254
1038,6.579,2.351
1039,6.664,2.393
1040,6.775,2.453
1041,6.574,2.317
1042,6.757,2.433
1043,6.617,2.378
1044,6.564,2.286
1045,6.457,2.329
1046,6.370,2.414
1047,6.438,2.349
1048,6.528,2.356
1049,6.569,2.323
1050,6.571,2.317
1051,6.551,2.401
1052,6.717,2.363
1053,6.473,2.280
1054,6.458,2.293
1055,6.369,2.356
1056,6.328,2.260
1057,6.369,2.250
1058,6.365,2.301
1059,6.419,2.281
1060,6.407,2.305
1061,6.340,2.305
1062,6.432,2.287
1063,6.358,2.318
1064,6.510,2.292
1065,6.425,2.244
1066,6.497,2.285
1067,6.378,2.201
1068,6.288,2.265
1069,6.310,2.227
1070,6.237,2.217
1071,6.312,2.210
1072,6.546,2.277
1073,6.420,2.281
1074,6.387,2.257
1075,6.609,2.221
1076,6.627,2.318
1077,6.595,2.402
1078,6.501,2.291
1079,6.427,2.288
1080,6.511,2.307
1081,6.687,2.389
1082,6.679,2.312
1083,6.575,2.311
1084,6.577,2.323
1085,6.581,2.277
1086,6.427,2.191
1087,6.383,2.322
1088,6.395,2.381
1089,6.381,2.328
1090,6.364,2.451
1091,6.306,2.476
1092,6.204,2.468
1093,6.347,2.363
1094,6.359,2.295
1095,6.179,2.385
1096,6.274,2.280
1097,6.279,2.341
1098,6.303,2.244
1099,6.119,2.260
1100,6.316,2.363
1101,6.200,2.377
1102,6.273,2.312
1103,6.373,2.353
1104,6.512,2.423
1105,6.459,2.397
1106,6.453,2.384
1107,6.482,2.339
1108,6.495,2.286
1109,6.380,2.389
1110,6.378,2.291
1111,6.430,2.338
1112,6.514,2.308
1113,6.539,2.354
1114,6.504,2.363
1115,6.379,2.394
1116,6.385,2.288
1117,6.250,2.257
1118,6.450,2.327
1119,6.497,2.453
1120,6.700,2.399
1121,6.608,2.355
1122,6.421,2.304
1123,6.521,2.339
1124,6.672,2.351
1125,6.669,2.342
1126,6.436,2.395
1127,6.554,2.303
1128,6.645,2.441
1129,6.756,2.399
1130,6.691,2.462
1131,6.652,2.483
1132,6.560,2.494
1133,6.670,2.386
1134,6.685,2.471
1135,6.661,2.394
1136,6.576,2.412
1137,6.525,2.398
1138,6.431,2.393
1139,6.486,2.340
1140,6.461,2.374
1141,6.604,2.386
1142,6.732,2.432
1143,6.560,2.406
1144,6.534,2.371
1145,6.491,2.408
1146,6.635,2.385
1147,6.644,2.330
1148,6.653,2.333
1149,6.448,2.226
1150,6.404,2.155
1151,6.403,2.272
1152,6.521,2.276
1153,6.349,2.295
1154,6.359,2.253
1155,6.383,2.209
1156,6.439,2.242
1157,6.623,2.323
1158,6.753,2.326
1159,6.832,2.252
1160,6.824,2.260
1161,6.757,2.362
1162,6.741,2.280
1163,6.760,2.330
1164,6.687,2.261
1165,6.557,2.316
1166,6.727,2.289
1167,6.609,2.395
1168,6.697,2.423
1169,6.725,2.392
1170,6.701,2.324
1171,6.736,2.410
1172,6.705,2.326
1173,6.670,2.278
1174,6.653,2.348
1175,6.671,2.401
1176,6.636,2.433
1177,6.653,2.443
1178,6.554,2.405
1179,6.664,2.434
1180,6.703,2.435
1181,6.761,2.367
1182,6.673,2.404
1183,6.600,2.447
1184,6.672,2.458
1185,6.778,2.480
1186,6.581,2.477
1187,6.708,2.442
1188,6.588,2.474
1189,6.604,2.503
1190,6.680,2.437
1191,6.620,2.499
1192,6.777,2.487
1193,6.534,2.397
1194,6.712,2.328
1195,6.711,2.411
1196,6.887,2.398
1197,6.894,2.415
1198,6.919,2.449
1199,6.752,2.356
1200,6.708,2.285
1201,6.775,2.400
1202,6.815,2.394
1203,6.732,2.361
1204,6.915,2.263
1205,6.825,2.378
1206,6.785,2.372
1207,6.578,2.347
1208,6.307,2.279
1209,6.414,2.360
1210,6.350,2.388
1211,6.519,2.370
1212,6.360,2.425
1213,6.475,2.402
1214,6.623,2.494
1215,6.596,2.451
1216,6.484,2.416
1217,6.400,2.452
1218,6.422,2.379
1219,6.451,2.467
1220,6.514,2.320
1221,6.715,2.403
1222,6.524,2.535
1223,6.428,2.511
1224,6.444,2.511
1225,6.522,2.610
1226,6.737,2.460
1227,6.453,2.392
1228,6.637,2.443
1229,6.713,2.495
1230,6.613,2.429
1231,6.646,2.397
1232,6.556,2.443
1233,6.542,2.507
1234,6.506,2.479
1235,6.585,2.446
1236,6.578,2.430
1237,6.624,2.438
1238,6.612,2.366
1239,6.597,2.458
1240,6.556,2.527
1241,6.678,2.393
1242,6.620,2.430
1243,6.808,2.504
1244,6.970,2.486
1245,6.869,2.472
1246,6.760,2.405
1247,6.755,2.347
1248,6.719,2.292
1249,6.950,2.409
1250,6.835,2.383
1251,6.747,2.328
1252,6.861,2.393
1253,6.779,2.420
1254,6.789,2.489
1255,6.666,2.427
1256,6.372,2.380
1257,6.328,2.404
1258,6.457,2.426
1259,6.261,2.444
1260,6.259,2.447
1261,6.298,2.528
1262,6.284,2.613
1263,6.235,2.485
1264,6.192,2.540
1265,6.217,2.617
1266,6.290,2.702
1267,6.167,2.554
1268,6.159,2.613
1269,6.062,2.575
1270,5.973,2.483
1271,6.029,2.530
1272,6.135,2.603
1273,6.261,2.629
1274,6.255,2.619
1275,6.076,2.597
1276,6.001,2.630
1277,5.946,2.484
1278,6.074,2.513
1279,6.069,2.491
1280,5.991,2.545
1281,6.032,2.517
1282,6.013,2.541
1283,5.999,2.505
1284,5.962,2.469
1285,5.980,2.495
1286,5.716,2.488
1287,5.780,2.391
1288,5.672,2.298
1289,5.717,2.364
1290,5.661,2.385
1291,5.779,2.405
1292,5.854,2.359
1293,5.761,2.436
1294,5.866,2.359
1295,5.791,2.331
1296,5.835,2.433
1297,5.980,2.448
1298,5.935,2.365
1299,5.980,2.333
1300,5.968,2.357
1301,6.109,2.472
1302,6.092,2.530
1303,6.189,2.534
1304,6.151,2.373
1305,6.182,2.339
1306,6.207,2.417
1307,6.176,2.296
1308,6.354,2.447
1309,6.096,2.364
1310,6.035,2.282
1311,6.215,2.187
1312,6.185,2.323
1313,6.142,2.376
1314,6.137,2.280
1315,6.060,2.340
1316,6.001,2.341
1317,6.138,2.317
1318,6.110,2.250
1319,6.360,2.351
1320,6.223,2.220
1321,6.191,2.158
1322,6.082,2.235
1323,6.181,2.139
1324,6.423,2.211
1325,6.357,2.190
1326,6.227,2.211
1327,6.192,2.180
1328,6.130,2.236
1329,6.157,2.245
1330,6.309,2.225
1331,6.267,2.216
1332,6.175,2.217
1333,6.278,2.289
1334,6.383,2.366
1335,6.450,2.330
1336,6.369,2.278
1337,6.393,2.267
1338,6.213,2.169
1339,6.394,2.262
1340,6.323,2.229
1341,6.366,2.183
1342,6.373,2.219
1343,6.509,2.197
1344,6.356,2.128
1345,6.370,2.194
1346,6.268,2.171
1347,6.263,2.180
1348,6.295,2.158
1349,6.284,2.201
1350,6.422,2.289
1351,6.289,2.318
1352,6.237,2.206
1353,6.275,2.195
1354,6.331,2.182
1355,6.313,2.149
1356,6.179,2.308
1357,6.135,2.225
1358,6.270,2.278
1359,6.240,2.301
1360,6.242,2.342
1361,6.411,2.293
1362,6.302,2.250
1363,6.246,2.361
1364,6.078,2.271
1365,6.120,2.232
1366,6.268,2.288
1367,6.216,2.244
1368,6.288,2.260
1369,6.429,2.323
1370,6.174,2.369
1371,6.190,2.372
1372,6.316,2.300
1373,6.369,2.299
1374,6.397,2.359
1375,6.356,2.379
1376,6.239,2.274
1377,6.305,2.306
1378,6.222,2.296
1379,6.304,2.317
1380,6.288,2.376
1381,6.315,2.370
1382,6.321,2.471
1383,6.466,2.396
1384,6.526,2.369
1385,6.355,2.369
1386,6.317,2.304
1387,6.420,2.241
1388,6.515,2.251
1389,6.441,2.335
1390,6.362,2.377
1391,6.326,2.296
1392,6.381,2.419
1393,6.236,2.320
1394,6.204,2.258
1395,6.235,2.382
1396,6.201,2.367
1397,6.285,2.277
1398,6.415,2.334
1399,6.111,2.309
1400,6.154,2.302
1401,5.954,2.318
1402,5.943,2.261
1403,6.008,2.372
1404,6.039,2.347
1405,6.082,2.410
1406,5.996,2.365
1407,5.858,2.318
1408,6.008,2.317
1409,5.885,2.327
1410,5.647,2.247
1411,5.782,2.393
1412,5.878,2.385
1413,5.728,2.394
1414,5.683,2.351
1415,5.715,2.282
1416,5.777,2.289
1417,6.011,2.376
1418,6.127,2.366
1419,6.032,2.347
1420,5.917,2.355
1421,6.142,2.386
1422,6.074,2.367
1423,6.094,2.450
1424,6.060,2.398
1425,6.221,2.411
1426,6.180,2.382
1427,6.103,2.391
1428,6.042,2.353
1429,5.923,2.373
1430,5.718,2.302
1431,5.781,2.298
1432,5.775,2.297
1433,5.857,2.324
1434,5.857,2.369
1435,5.895,2.326
1436,5.801,2.229
1437,5.960,2.254
1438,5.960,2.321
1439,5.872,2.371
1440,5.902,2.302
1441,5.945,2.350
1442,6.120,2.415
1443,6.053,2.352
1444,6.078,2.200
1445,6.206,2.348
1446,6.058,2.384
1447,6.137,2.329
1448,6.012,2.299
1449,6.176,2.304
1450,6.099,2.311
1451,6.465,2.316
1452,6.349,2.217
1453,6.305,2.308
1454,6.270,2.361
1455,6.250,2.324
1456,6.293,2.390
1457,6.279,2.353
1458,6.233,2.339
1459,6.358,2.361
1460,6.407,2.411
1461,6.204,2.324
1462,6.188,2.340
1463,6.115,2.341
1464,6.104,2.283
1465,6.069,2.282
1466,6.076,2.251
1467,6.248,2.266
1468,6.178,2.310
1469,6.111,2.179
1470,6.031,2.266
1471,6.145,2.342
1472,6.165,2.259
1473,6.272,2.353
1474,6.340,2.399
1475,6.275,2.411
1476,6.301,2.372
1477,6.353,2.324
1478,6.549,2.312
1479,6.364,2.255
1480,6.380,2.389
1481,6.373,2.400
1482,6.322,2.350
1483,6.315,2.390
1484,6.315,2.440
1485,6.155,2.333
1486,6.178,2.332
1487,6.123,2.303
1488,6.257,2.425
1489,6.212,2.331
1490,6.226,2.267
1491,6.287,2.314
1492,6.261,2.303
1493,6.334,2.295
1494,6.283,2.234
1495,6.278,2.263
1496,6.280,2.196
1497,6.147,2.237
1498,6.190,2.212
1499,6.138,2.258
1500,6.146,2.188
1501,6.327,2.229
1502,6.184,2.292
1503,6.130,2.251
1504,6.234,2.238
1505,6.176,2.248
1506,6.162,2.211
1507,6.333,2.264
1508,6.201,2.223
1509,6.256,2.335
1510,6.391,2.333
1511,6.310,2.280
1512,6.341,2.330
1513,6.582,2.415
1514,6.456,2.411
1515,6.389,2.343
1516,6.518,2.417
1517,6.369,2.399
1518,6.243,2.389
1519,6.355,2.370
1520,6.442,2.386
1521,6.428,2.356
1522,6.474,2.426
1523,6.732,2.362
1524,6.462,2.433
1525,6.458,2.309
1526,6.531,2.276
1527,6.645,2.269
1528,6.437,2.295
1529,6.396,2.323
1530,6.333,2.311
1531,6.363,2.238
1532,6.652,2.323
1533,6.545,2.381
1534,6.409,2.323
1535,6.270,2.359
1536,6.407,2.329
1537,6.390,2.325
1538,6.422,2.341
1539,6.196,2.265
1540,6.251,2.312
1541,6.377,2.332
1542,6.327,2.339
1543,6.314,2.309
1544,6.129,2.316
1545,6.130,2.329
1546,6.137,2.326
1547,5.937,2.406
1548,6.053,2.393
1549,6.015,2.405
1550,6.076,2.320
1551,6.276,2.365
1552,6.384,2.350
1553,6.376,2.363
1554,6.320,2.334
1555,6.313,2.339
1556,6.234,2.319
1557,6.209,2.382
1558,6.232,2.305
1559,6.300,2.446
1560,6.345,2.456
1561,6.316,2.464
1562,6.209,2.447
1563,6.254,2.441
1564,6.254,2.352
1565,6.216,2.373
1566,6.184,2.463
1567,6.002,2.455
1568,6.108,2.387
1569,6.280,2.410
1570,6.279,2.454
1571,6.319,2.456
1572,6.212,2.437
1573,6.207,2.499
1574,6.337,2.447
1575,6.178,2.490
1576,6.340,2.541
1577,6.246,2.530
1578,6.151,2.490
1579,6.212,2.451
1580,6.210,2.377
1581,6.162,2.399
1582,6.258,2.453
1583,6.430,2.538
1584,6.371,2.518
1585,6.357,2.482
1586,6.358,2.556
1587,6.304,2.489
1588,6.187,2.343
1589,6.176,2.468
1590,6.211,2.488
1591,6.256,2.434
1592,6.115,2.348
1593,6.189,2.435
1594,6.181,2.498
1595,6.108,2.403
1596,6.073,2.431
1597,6.107,2.565
1598,6.153,2.630
1599,5.908,2.600
1600,5.917,2.580
1601,5.901,2.568
1602,5.962,2.488
1603,5.983,2.578
1604,5.897,2.483
1605,6.034,2.579
1606,5.996,2.466
1607,5.986,2.504
1608,6.151,2.556
1609,6.096,2.427
1610,6.139,2.482
1611,6.096,2.440
1612,6.228,2.511
1613,6.100,2.471
1614,6.259,2.480
1615,6.108,2.440
1616,6.210,2.396
1617,6.097,2.383
1618,6.185,2.436
1619,6.180,2.454
1620,6.167,2.465
1621,6.147,2.436
1622,6.164,2.381
1623,6.201,2.383
1624,6.031,2.244
1625,6.089,2.300
1626,6.025,2.444
1627,6.081,2.323
1628,6.193,2.326
1629,6.018,2.318
1630,5.859,2.349
1631,5.913,2.376
1632,6.043,2.288
1633,6.110,2.322
1634,6.171,2.397
1635,6.192,2.308
1636,6.220,2.451
1637,6.181,2.340
1638,6.297,2.378
1639,6.056,2.300
1640,6.007,2.394
1641,6.165,2.287
1642,6.218,2.369
1643,6.119,2.370
1644,6.227,2.388
1645,6.411,2.385
1646,6.263,2.403
1647,6.349,2.324
1648,6.330,2.386
1649,6.352,2.395
1650,6.297,2.318
1651,6.297,2.373
1652,6.243,2.486
1653,6.165,2.443
1654,6.236,2.453
1655,6.223,2.454
1656,6.285,2.424
1657,6.242,2.406
1658,6.234,2.478
1659,6.192,2.346
1660,6.046,2.390
1661,5.921,2.386
1662,5.897,2.433
1663,6.027,2.417
1664,6.123,2.471
1665,6.033,2.390
1666,6.033,2.445
1667,5.968,2.344
1668,5.922,2.380
1669,6.060,2.393
1670,6.094,2.447
1671,6.190,2.516
1672,6.129,2.473
1673,6.266,2.511
1674,6.132,2.449
1675,6.282,2.419
1676,6.323,2.407
1677,6.262,2.400
1678,6.295,2.430
1679,6.318,2.464
1680,6.288,2.416
1681,6.294,2.432
1682,6.245,2.420
1683,6.185,2.482
1684,6.068,2.398
1685,6.218,2.524
1686,6.160,2.391
1687,6.099,2.368
1688,6.056,2.374
1689,5.950,2.383
1690,5.997,2.405
1691,6.053,2.389
1692,6.148,2.337
1693,6.126,2.442
1694,6.083,2.391
1695,6.191,2.418
1696,6.420,2.422
1697,6.322,2.374
1698,6.335,2.400
1699,6.380,2.422
1700,6.297,2.329
1701,6.266,2.417
1702,6.219,2.447
1703,6.335,2.430
1704,6.207,2.430
1705,6.207,2.446
1706,6.134,2.449
1707,6.186,2.368
1708,6.288,2.403
1709,6.230,2.370
1710,6.225,2.352
1711,6.189,2.394
1712,6.280,2.350
1713,6.392,2.347
1714,6.307,2.388
1715,6.332,2.493
1716,6.256,2.390
1717,6.381,2.426
1718,6.310,2.416
1719,6.488,2.443
1720,6.291,2.375
1721,6.305,2.389
1722,6.296,2.347
1723,6.349,2.452
1724,6.510,2.291
1725,6.548,2.368
1726,6.380,2.339
1727,6.492,2.406
1728,6.378,2.435
1729,6.359,2.310
1730,6.359,2.314
1731,6.226,2.280
1732,6.313,2.322
1733,6.359,2.374
1734,6.417,2.328
1735,6.330,2.315
1736,6.364,2.345
1737,6.444,2.375
1738,6.271,2.259
1739,6.306,2.291
1740,6.219,2.324
1741,6.360,2.340
1742,6.383,2.210
1743,6.369,2.193
1744,6.443,2.207
1745,6.324,2.218
1746,6.128,2.235
1747,6.312,2.234
1748,6.333,2.251
1749,6.357,2.364
1750,6.383,2.324
1751,6.341,2.313
1752,6.347,2.302
1753,6.441,2.306
1754,6.311,2.323
1755,6.350,2.314
1756,6.301,2.248
1757,6.272,2.317
1758,6.423,2.201
1759,6.482,2.184
1760,6.463,2.229
1761,6.384,2.305
1762,6.411,2.311
1763,6.430,2.335
1764,6.248,2.338
1765,6.141,2.342
1766,6.310,2.353
1767,6.331,2.365
1768,6.279,2.285
1769,6.275,2.330
1770,6.424,2.395
1771,6.440,2.281
1772,6.320,2.250
1773,6.276,2.340
1774,6.257,2.291
1775,6.418,2.301
1776,6.466,2.281
1777,6.546,2.274
1778,6.520,2.303
1779,6.543,2.254
1780,6.653,2.432
1781,6.590,2.362
1782,6.616,2.358
1783,6.625,2.388
1784,6.652,2.406
1785,6.495,2.441
1786,6.645,2.534
1787,6.503,2.360
1788,6.526,2.379
1789,6.443,2.466
1790,6.571,2.416
1791,6.405,2.438
1792,6.516,2.439
1793,6.413,2.345
1794,6.393,2.397
1795,6.349,2.398
1796,6.380,2.361
1797,6.293,2.311
1798,6.300,2.344
1799,6.409,2.412
1800,6.397,2.380
1801,6.377,2.452
1802,6.440,2.435
1803,6.364,2.347
1804,6.406,2.349
1805,6.411,2.399
1806,6.389,2.291
1807,6.515,2.369
1808,6.421,2.431
1809,6.393,2.443
1810,6.437,2.400
1811,6.323,2.413
1812,6.461,2.401
1813,6.395,2.346
1814,6.361,2.345
1815,6.378,2.413
1816,6.389,2.596
1817,6.440,2.449
1818,6.421,2.564
1819,6.325,2.474
1820,6.660,2.513
1821,6.541,2.522
1822,6.657,2.606
1823,6.564,2.572
1824,6.564,2.672
1825,6.560,2.541
1826,6.654,2.581
1827,6.613,2.486
1828,6.611,2.527
1829,6.483,2.539
1830,6.439,2.519
1831,6.482,2.482
1832,6.504,2.576
1833,6.513,2.449
1834,6.553,2.632
1835,6.556,2.557
1836,6.608,2.571
1837,6.566,2.532
1838,6.491,2.444
1839,6.409,2.547
1840,6.479,2.481
1841,6.364,2.494
1842,6.468,2.551
1843,6.322,2.458
1844,6.567,2.580
1845,6.544,2.488
1846,6.548,2.475
1847,6.479,2.443
1848,6.608,2.585
1849,6.587,2.570
1850,6.725,2.598
1851,6.624,2.452
1852,6.716,2.462
1853,6.529,2.482
1854,6.495,2.595
1855,6.449,2.535
1856,6.389,2.575
1857,6.293,2.621
1858,6.305,2.445
1859,6.398,2.544
1860,6.447,2.570
1861,6.421,2.539
1862,6.342,2.493
1863,6.292,2.460
1864,6.372,2.468
1865,6.412,2.515
1866,6.365,2.640
1867,6.426,2.586
1868,6.457,2.591
1869,6.483,2.521
1870,6.446,2.552
1871,6.380,2.487
1872,6.275,2.462
1873,6.323,2.455
1874,6.339,2.452
1875,6.306,2.489
1876,6.460,2.491
1877,6.280,2.501
1878,6.279,2.344
1879,6.375,2.501
1880,6.370,2.589
1881,6.377,2.483
1882,6.303,2.400
1883,6.230,2.460
1884,6.158,2.476
1885,6.145,2.489
1886,6.332,2.483
1887,6.260,2.536
1888,6.196,2.518
1889,6.274,2.584
1890,6.201,2.553
1891,6.132,2.595
1892,6.200,2.588
1893,6.151,2.610
1894,6.296,2.572
1895,6.282,2.547
1896,6.235,2.497
1897,6.222,2.510
1898,6.265,2.603
1899,6.304,2.540
1900,6.358,2.555
1901,6.398,2.575
1902,6.367,2.506
1903,6.323,2.499
1904,6.332,2.430
1905,6.195,2.418
1906,6.252,2.365
1907,6.444,2.527
1908,6.400,2.434
1909,6.372,2.509
1910,6.338,2.511
1911,6.317,2.434
1912,6.347,2.469
1913,6.367,2.460
1914,6.411,2.551
1915,6.351,2.493
1916,6.283,2.410
1917,6.341,2.439
1918,6.382,2.474
1919,6.377,2.500
1920,6.467,2.564
1921,6.421,2.548
1922,6.421,2.366
1923,6.458,2.428
1924,6.549,2.509
1925,6.482,2.504
1926,6.337,2.500
1927,6.375,2.501
1928,6.305,2.529
1929,6.320,2.533
1930,6.341,2.561
1931,6.332,2.552
1932,6.368,2.634
1933,6.240,2.548
1934,6.210,2.505
1935,6.207,2.621
1936,6.264,2.638
1937,6.176,2.604
1938,6.223,2.548
1939,6.019,2.492
1940,6.022,2.462
1941,6.038,2.586
1942,5.922,2.575
1943,5.952,2.646
1944,5.921,2.690
1945,5.980,2.623
1946,5.985,2.558
1947,5.977,2.435
1948,6.006,2.592
1949,5.879,2.486
1950,5.939,2.552
1951,5.896,2.492
1952,5.962,2.616
1953,6.003,2.516
1954,5.984,2.476
1955,6.012,2.614
1956,6.055,2.580
1957,5.994,2.559
1958,5.912,2.512
1959,5.986,2.539
1960,6.118,2.639
1961,6.029,2.535
1962,5.924,2.517
1963,5.998,2.472
1964,5.875,2.447
1965,5.946,2.597
1966,5.976,2.533
1967,5.923,2.584
1968,5.927,2.526
1969,5.955,2.536
1970,6.024,2.603
1971,6.088,2.554
1972,6.100,2.562
1973,6.033,2.525
1974,6.076,2.547
1975,6.003,2.450
1976,5.996,2.480
1977,5.886,2.490
1978,5.706,2.443
1979,5.751,2.516
1980,5.855,2.483
1981,5.788,2.531
1982,5.748,2.523
1983,5.833,2.530
1984,5.827,2.556
1985,5.803,2.446
1986,5.933,2.530
1987,5.837,2.581
1988,5.892,2.570
1989,5.961,2.571
1990,5.985,2.538
1991,5.852,2.558
1992,5.948,2.662
1993,6.002,2.704
1994,6.197,2.622
1995,6.175,2.750
1996,6.079,2.642
1997,6.157,2.588
1998,6.111,2.573
1999,6.053,2.572
2000,6.156,2.730
2001,6.037,2.683
2002,5.963,2.671
2003,5.975,2.592
2004,5.990,2.542
2005,6.077,2.596
2006,6.093,2.606
2007,6.116,2.692
2008,6.049,2.712
2009,6.029,2.734
2010,6.052,2.867
2011,6.158,2.783
2012,6.380,2.870
2013,6.284,2.814
2014,6.372,2.725
2015,6.382,2.807
2016,6.335,2.694
2017,6.370,2.701
2018,6.358,2.778
2019,6.372,2.731
2020,6.349,2.693
2021,6.325,2.634
2022,6.289,2.659
2023,6.291,2.743
2024,6.302,2.678
2025,6.265,2.756
2026,6.273,2.645
2027,6.200,2.691
2028,6.274,2.610
2029,6.261,2.677
2030,6.219,2.712
2031,6.144,2.716
2032,6.259,2.642
2033,6.139,2.659
2034,6.171,2.572
2035,6.153,2.647
2036,6.240,2.698
2037,6.219,2.640
2038,6.292,2.625
2039,6.384,2.704
2040,6.281,2.742
2041,6.137,2.672
2042,6.208,2.676
2043,6.247,2.639
2044,6.288,2.605
2045,6.224,2.603
2046,6.090,2.564
2047,6.163,2.546
2048,6.238,2.556
2049,6.286,2.555
2050,6.268,2.612
2051,6.357,2.534
2052,6.394,2.540
2053,6.380,2.503
2054,6.481,2.620
2055,6.376,2.546
2056,6.300,2.510
2057,6.180,2.545
2058,6.295,2.601
2059,6.326,2.711
2060,6.278,2.583
2061,6.279,2.651
2062,6.371,2.623
2063,6.385,2.555
2064,6.348,2.603
2065,6.434,2.594
2066,6.423,2.617
2067,6.460,2.612
2068,6.544,2.718
2069,6.498,2.666
2070,6.513,2.712
2071,6.527,2.588
2072,6.632,2.698
2073,6.574,2.686
2074,6.598,2.707
2075,6.636,2.656
2076,6.749,2.702
2077,6.635,2.714
2078,6.607,2.700
2079,6.652,2.634
2080,6.625,2.669
2081,6.792,2.632
2082,6.692,2.665
2083,6.580,2.625
2084,6.617,2.662
2085,6.652,2.672
2086,6.665,2.854
2087,6.689,2.719
2088,6.702,2.690
2089,6.704,2.731
2090,6.744,2.684
2091,6.803,2.718
2092,6.740,2.599
2093,6.586,2.545
2094,6.535,2.524
2095,6.385,2.566
2096,6.371,2.582
2097,6.436,2.595
2098,6.492,2.632
2099,6.502,2.688
2100,6.270,2.624
2101,6.314,2.577
2102,6.252,2.674
2103,6.425,2.483
2104,6.456,2.532
2105,6.475,2.632
2106,6.372,2.669
2107,6.419,2.574
2108,6.430,2.612
2109,6.344,2.622
2110,6.256,2.617
2111,6.223,2.598
2112,6.211,2.659
2113,6.292,2.626
2114,6.289,2.677
2115,6.226,2.718
2116,6.292,2.752
2117,6.365,2.765
2118,6.390,2.724
2119,6.450,2.689
2120,6.481,2.765
2121,6.566,2.762
2122,6.515,2.674
2123,6.604,2.709
2124,6.453,2.752
2125,6.582,2.867
2126,6.602,2.678
2127,6.454,2.763
2128,6.513,2.727
2129,6.560,2.762
2130,6.627,2.701
2131,6.578,2.697
2132,6.446,2.697
2133,6.479,2.691
2134,6.445,2.649
2135,6.521,2.697
2136,6.314,2.614
2137,6.398,2.642
2138,6.484,2.686
2139,6.420,2.591
2140,6.290,2.701
2141,6.252,2.608
2142,6.322,2.700
2143,6.359,2.618
2144,6.176,2.641
2145,6.261,2.653
2146,6.161,2.595
2147,6.227,2.678
2148,6.047,2.601
2149,6.153,2.653
2150,6.173,2.586
2151,6.186,2.583
2152,6.410,2.743
2153,6.472,2.795
2154,6.428,2.744
2155,6.447,2.681
2156,6.462,2.690
2157,6.492,2.680
2158,6.594,2.646
2159,6.544,2.702
2160,6.441,2.685
2161,6.467,2.778
2162,6.423,2.808
2163,6.560,2.765
2164,6.556,2.775
2165,6.545,2.655
2166,6.649,2.764
2167,6.477,2.720
2168,6.434,2.681
2169,6.633,2.843
2170,6.699,2.739
2171,6.605,2.689
2172,6.570,2.568
2173,6.590,2.634
2174,6.671,2.658
2175,6.631,2.602
2176,6.613,2.519
2177,6.603,2.596
2178,6.601,2.649
2179,6.517,2.695
2180,6.468,2.751
2181,6.441,2.714
2182,6.424,2.605
2183,6.390,2.684
2184,6.473,2.545
2185,6.453,2.684
2186,6.393,2.621
2187,6.384,2.658
2188,6.355,2.637
2189,6.266,2.724
2190,6.300,2.761
2191,6.429,2.691
2192,6.376,2.698
2193,6.526,2.677
2194,6.527,2.686
2195,6.647,2.651
2196,6.459,2.639
2197,6.532,2.679
2198,6.471,2.600
2199,6.514,2.640
2200,6.529,2.529
2201,6.497,2.544
2202,6.551,2.603
2203,6.716,2.626
2204,6.762,2.733
2205,6.701,2.573
2206,6.847,2.637
2207,6.638,2.643
2208,6.599,2.485
2209,6.667,2.643
2210,6.614,2.640
2211,6.675,2.635
2212,6.742,2.603
2213,6.844,2.638
2214,6.822,2.642
2215,6.788,2.688
2216,6.755,2.721
2217,6.751,2.698
2218,6.697,2.740
2219,6.710,2.592
2220,6.573,2.515
2221,6.704,2.518
2222,6.914,2.588
2223,6.804,2.589
2224,6.662,2.533
2225,6.648,2.539
2226,6.638,2.495
2227,6.667,2.505
2228,6.615,2.475
2229,6.589,2.506
2230,6.648,2.585
2231,6.740,2.589
2232,6.855,2.724
2233,6.749,2.605
2234,6.717,2.651
2235,6.748,2.563
2236,6.615,2.488
2237,6.797,2.618
2238,6.836,2.533
2239,6.582,2.427
2240,6.476,2.336
2241,6.307,2.385
2242,6.500,2.517
2243,6.480,2.418
2244,6.517,2.435
2245,6.556,2.551
2246,6.669,2.581
2247,6.454,2.545
2248,6.433,2.432
2249,6.361,2.536
2250,6.715,2.466
2251,6.828,2.560
2252,6.648,2.691
2253,6.621,2.634
2254,6.624,2.558
2255,6.650,2.514
2256,6.724,2.517
2257,6.590,2.421
2258,6.544,2.534
2259,6.598,2.468
2260,6.516,2.406
2261,6.616,2.445
2262,6.558,2.460
2263,6.522,2.487
2264,6.725,2.491
2265,6.692,2.374
2266,6.771,2.454
2267,6.851,2.376
2268,6.593,2.383
2269,6.378,2.319
2270,6.376,2.359
2271,6.379,2.310
2272,6.280,2.283
2273,6.310,2.324
2274,6.359,2.330
2275,6.491,2.235
2276,6.476,2.303
2277,6.385,2.378
2278,6.318,2.312
2279,6.460,2.359
2280,6.604,2.501
2281,6.646,2.459
2282,6.445,2.441
2283,6.614,2.377
2284,6.571,2.408
2285,6.553,2.523
2286,6.569,2.514
2287,6.481,2.502
2288,6.379,2.482
2289,6.288,2.494
2290,6.260,2.516
2291,6.204,2.484
2292,6.303,2.499
2293,6.370,2.362
2294,6.556,2.399
2295,6.532,2.473
2296,6.479,2.303
2297,6.635,2.370
2298,6.444,2.369
2299,6.307,2.309
2300,6.467,2.323
2301,6.524,2.381
2302,6.494,2.396
2303,6.497,2.287
2304,6.528,2.437
2305,6.573,2.332
2306,6.515,2.377
2307,6.552,2.354
2308,6.485,2.352
2309,6.506,2.368
2310,6.476,2.372
2311,6.538,2.418
2312,6.556,2.389
2313,6.671,2.321
2314,6.676,2.408
2315,6.619,2.383
2316,6.687,2.462
2317,6.616,2.402
2318,6.723,2.445
2319,6.636,2.531
2320,6.615,2.408
2321,6.672,2.392
2322,6.576,2.284
2323,6.625,2.403
2324,6.682,2.425
2325,6.602,2.502
2326,6.646,2.432
2327,6.640,2.405
2328,6.459,2.431
2329,6.452,2.340
2330,6.585,2.449
2331,6.654,2.429
2332,6.631,2.456
2333,6.794,2.486
2334,6.829,2.554
2335,6.813,2.545
2336,6.839,2.509
2337,6.816,2.585
2338,6.784,2.545
2339,6.625,2.382
2340,6.750,2.457
2341,6.634,2.402
2342,6.597,2.431
2343,6.561,2.364
2344,6.606,2.346
2345,6.614,2.375
2346,6.601,2.285
2347,6.639,2.326
2348,6.679,2.405
2349,6.760,2.431
2350,6.836,2.437
2351,6.848,2.376
2352,6.831,2.332
2353,6.710,2.413
2354,6.797,2.354
2355,6.748,2.306
2356,6.717,2.322
2357,6.754,2.395
2358,6.813,2.397
2359,6.803,2.425
2360,6.735,2.444
2361,6.740,2.399
2362,6.730,2.400
2363,6.748,2.417
2364,6.605,2.443
2365,6.748,2.416
2366,6.826,2.457
2367,6.836,2.432
2368,6.961,2.486
2369,6.709,2.402
2370,6.752,2.409
2371,6.769,2.444
2372,6.842,2.449
2373,6.906,2.450
2374,7.010,2.415
2375,6.939,2.338
2376,6.944,2.485
2377,6.697,2.305
2378,6.732,2.307
2379,6.652,2.296
2380,6.628,2.331
2381,6.716,2.308
2382,6.862,2.350
2383,6.914,2.358
2384,6.738,2.303
2385,6.689,2.280
2386,6.824,2.368
2387,6.713,2.425
2388,6.738,2.464
2389,6.698,2.336
2390,6.663,2.381
2391,6.619,2.374
2392,6.654,2.391
2393,6.591,2.379
2394,6.682,2.541
2395,6.713,2.490
2396,6.683,2.568
2397,6.715,2.485
2398,6.726,2.407
2399,6.606,2.381
2400,6.708,2.438
2401,6.725,2.507
2402,6.651,2.422
2403,6.667,2.422
2404,6.659,2.329
2405,6.654,2.432
2406,6.465,2.381
2407,6.574,2.425
2408,6.601,2.449
2409,6.628,2.410
2410,6.506,2.472
2411,6.501,2.400
2412,6.524,2.455
2413,6.618,2.528
2414,6.634,2.461
2415,6.606,2.437
2416,6.589,2.392
2417,6.592,2.481
2418,6.520,2.488
2419,6.567,2.524
2420,6.532,2.487
2421,6.639,2.482
2422,6.504,2.409
2423,6.488,2.439
2424,6.468,2.428
2425,6.534,2.463
2426,6.319,2.424
2427,6.381,2.487
2428,6.293,2.415
2429,6.305,2.528
2430,6.441,2.460
2431,6.379,2.453
2432,6.291,2.455
2433,6.421,2.373
2434,6.430,2.412
2435,6.405,2.401
2436,6.364,2.414
2437,6.474,2.316
2438,6.503,2.413
2439,6.463,2.451
2440,6.366,2.380
2441,6.475,2.265
2442,6.488,2.367
2443,6.577,2.370
2444,6.402,2.414
2445,6.312,2.451
2446,6.300,2.455
2447,6.307,2.396
2448,6.398,2.470
2449,6.380,2.447
2450,6.271,2.430
2451,6.492,2.472
2452,6.606,2.564
2453,6.464,2.483
2454,6.508,2.417
2455,6.472,2.399
2456,6.391,2.449
2457,6.398,2.433
2458,6.371,2.456
2459,6.342,2.390
2460,6.464,2.453
2461,6.451,2.441
2462,6.394,2.544
2463,6.515,2.564
2464,6.650,2.453
2465,6.663,2.475
2466,6.682,2.549
2467,6.598,2.348
2468,6.834,2.597
2469,6.831,2.435
2470,6.755,2.442
2471,6.796,2.392
2472,6.780,2.451
2473,6.737,2.385
2474,6.874,2.498
2475,6.670,2.467
2476,6.680,2.409
2477,6.575,2.353
2478,6.742,2.358
2479,6.666,2.399
2480,6.651,2.352
2481,6.627,2.369
2482,6.661,2.370
2483,6.791,2.442
2484,6.925,2.406
2485,6.900,2.376
2486,6.856,2.338
2487,6.795,2.324
2488,6.957,2.349
2489,7.024,2.470
2490,7.005,2.355
2491,6.936,2.334
2492,6.793,2.249
2493,6.917,2.360
2494,6.962,2.338
2495,6.993,2.326
2496,7.055,2.345
2497,7.076,2.420
2498,6.983,2.345
2499,7.094,2.390
2500,7.182,2.483
2501,7.183,2.401
2502,7.064,2.376
2503,7.064,2.323
2504,7.145,2.436
2505,7.207,2.363
2506,7.138,2.412
2507,7.233,2.357
2508,7.087,2.408
2509,6.878,2.451
2510,6.846,2.418
2511,6.826,2.354
2512,6.799,2.329
2513,6.858,2.315
2514,6.775,2.318
2515,6.828,2.394
2516,6.888,2.346
2517,6.818,2.379
2518,6.794,2.404
2519,6.739,2.425
2520,6.769,2.417
2521,6.823,2.509
2522,6.868,2.480
2523,6.865,2.381
2524,6.918,2.458
2525,6.758,2.354
2526,6.818,2.309
2527,6.853,2.392
2528,6.685,2.323
2529,6.658,2.378
2530,6.771,2.368
2531,6.789,2.320
2532,6.666,2.314
2533,6.713,2.365
2534,6.792,2.387
2535,6.870,2.365
2536,6.648,2.366
2537,6.708,2.359
2538,6.777,2.345
2539,6.815,2.341
2540,6.582,2.292
2541,6.511,2.389
2542,6.602,2.456
2543,6.528,2.370
2544,6.677,2.429
2545,6.919,2.481
2546,6.962,2.378
2547,6.931,2.399
2548,6.915,2.396
2549,6.888,2.476
2550,7.084,2.423
2551,7.111,2.367
2552,7.075,2.423
2553,7.017,2.386
2554,6.971,2.412
2555,6.990,2.382
2556,6.958,2.471
2557,6.913,2.392
2558,6.912,2.362
2559,6.966,2.380
2560,7.202,2.447
2561,7.098,2.530
2562,7.088,2.498
2563,7.100,2.483
2564,7.097,2.390
2565,7.161,2.520
2566,7.076,2.468
2567,7.105,2.372
2568,7.102,2.386
2569,7.192,2.405
2570,6.996,2.384
2571,7.008,2.369
2572,7.098,2.329
2573,7.133,2.423
2574,7.270,2.572
2575,7.124,2.464
2576,7.100,2.341
2577,7.283,2.549
2578,7.337,2.427
2579,7.307,2.402
2580,7.194,2.290
2581,7.226,2.353
2582,7.261,2.434
2583,7.317,2.378
2584,7.183,2.285
2585,7.377,2.349
2586,7.145,2.308
2587,7.145,2.323
2588,7.257,2.267
2589,7.202,2.134
2590,7.168,2.149
2591,7.252,2.302
2592,7.402,2.231
2593,7.259,2.287
2594,7.272,2.282
2595,7.236,2.312
2596,7.363,2.331
2597,7.360,2.285
2598,7.455,2.289
2599,7.505,2.322
2600,7.193,2.342
2601,7.118,2.352
2602,7.188,2.306
2603,7.181,2.308
2604,7.287,2.339
2605,7.154,2.361
2606,7.183,2.206
2607,7.154,2.275
2608,7.271,2.280
2609,7.248,2.261
2610,7.191,2.289
2611,7.194,2.247
2612,7.156,2.329
2613,7.361,2.390
2614,7.427,2.400
2615,7.367,2.475
2616,7.187,2.330
2617,7.165,2.222
2618,7.041,2.303
2619,7.135,2.298
2620,7.276,2.378
2621,7.228,2.395
2622,7.233,2.323
2623,7.193,2.435
2624,7.035,2.409
2625,7.152,2.477
2626,7.138,2.445
2627,7.013,2.403
2628,6.906,2.240
2629,6.891,2.243
2630,6.948,2.312
2631,6.757,2.284
2632,6.858,2.331
2633,6.908,2.328
2634,6.811,2.314
2635,6.715,2.303
2636,6.699,2.380
2637,6.731,2.263
2638,6.755,2.245
2639,6.695,2.374
2640,6.733,2.324
2641,6.881,2.413
2642,6.885,2.337
2643,7.010,2.520
2644,6.910,2.491
2645,6.896,2.388
2646,6.948,2.296
2647,6.989,2.320
2648,6.978,2.298
2649,6.934,2.264
2650,6.921,2.285
2651,7.002,2.230
2652,6.939,2.289
2653,6.886,2.220
2654,6.935,2.268
2655,6.995,2.295
2656,6.999,2.312
2657,6.969,2.367
2658,6.909,2.332
2659,6.972,2.338
2660,7.051,2.279
2661,7.036,2.264
2662,7.196,2.246
2663,7.194,2.248
2664,7.257,2.368
2665,7.218,2.284
2666,7.310,2.278
2667,7.315,2.374
2668,7.216,2.249
2669,7.275,2.243
2670,7.309,2.260
2671,7.186,2.234
2672,7.061,2.240
2673,7.017,2.267
2674,6.887,2.191
2675,7.206,2.189
2676,7.250,2.228
2677,7.277,2.240
2678,7.184,2.261
2679,7.170,2.273
2680,7.104,2.244
2681,7.026,2.266
2682,7.235,2.309
2683,7.248,2.316
2684,7.270,2.323
2685,7.188,2.270
2686,7.140,2.260
2687,7.206,2.311
2688,7.080,2.258
2689,7.069,2.319
2690,7.132,2.337
2691,7.222,2.317
2692,7.100,2.261
2693,7.090,2.236
2694,7.219,2.281
2695,7.188,2.235
2696,7.162,2.300
2697,7.172,2.231
2698,7.278,2.295
2699,7.196,2.374
2700,7.269,2.315
2701,7.317,2.325
2702,7.488,2.305
2703,7.519,2.373
2704,7.488,2.344
2705,7.438,2.286
2706,7.290,2.378
2707,7.327,2.356
2708,7.140,2.338
2709,7.298,2.433
2710,7.287,2.326
2711,7.116,2.369
2712,7.043,2.358
2713,7.158,2.381
2714,6.941,2.301
2715,7.028,2.270
2716,7.230,2.328
2717,7.365,2.338
2718,7.230,2.281
2719,7.259,2.451
2720,7.241,2.325
2721,7.378,2.468
2722,7.221,2.420
2723,7.314,2.425
2724,7.085,2.403
2725,7.128,2.442
2726,7.107,2.485
2727,7.167,2.417
2728,7.103,2.426
2729,7.223,2.475
2730,7.291,2.465
2731,7.214,2.537
2732,7.141,2.571
2733,7.101,2.491
2734,6.987,2.500
2735,7.117,2.463
2736,7.204,2.475
2737,7.174,2.471
2738,7.069,2.380
2739,7.129,2.450
2740,7.219,2.422
2741,7.067,2.443
2742,6.995,2.467
2743,7.064,2.506
2744,6.842,2.578
2745,6.948,2.477
2746,7.040,2.482
2747,6.930,2.498
2748,6.961,2.581
2749,7.004,2.600
2750,7.105,2.556
2751,7.119,2.485
2752,7.039,2.572
2753,6.827,2.486
2754,6.841,2.376
2755,6.862,2.412
2756,6.883,2.351
2757,6.944,2.368
2758,6.810,2.409
2759,6.807,2.405
2760,6.595,2.473
2761,6.538,2.509
2762,6.598,2.471
2763,6.514,2.526
2764,6.405,2.542
2765,6.488,2.656
2766,6.669,2.687
2767,6.652,2.655
2768,6.677,2.608
2769,6.905,2.722
2770,6.781,2.656
2771,6.613,2.547
2772,6.685,2.580
2773,6.716,2.653
2774,6.731,2.579
2775,6.873,2.601
2776,6.879,2.586
2777,6.887,2.569
2778,6.749,2.576
2779,6.651,2.648
2780,6.572,2.546
2781,6.731,2.627
2782,6.627,2.601
2783,6.589,2.572
2784,6.932,2.625
2785,6.881,2.613
2786,6.993,2.672
2787,6.709,2.570
2788,6.638,2.618
2789,6.655,2.617
2790,6.639,2.619
2791,6.670,2.540
2792,6.718,2.536
2793,6.725,2.507
2794,6.861,2.558
2795,6.883,2.556
2796,6.909,2.548
2797,7.069,2.595
2798,6.942,2.574
2799,6.875,2.576
2800,6.697,2.595
2801,6.682,2.509
2802,6.738,2.504
2803,6.795,2.512
2804,6.739,2.485
2805,6.667,2.436
2806,6.652,2.550
2807,6.772,2.606
2808,6.765,2.489
2809,6.868,2.541
2810,6.867,2.456
2811,6.779,2.519
2812,6.816,2.462
2813,6.741,2.416
2814,6.614,2.449
2815,6.768,2.412
2816,6.738,2.505
2817,6.685,2.329
2818,6.580,2.407
2819,6.673,2.533
2820,6.744,2.481
2821,6.546,2.378
2822,6.484,2.381
2823,6.510,2.383
2824,6.612,2.411
2825,6.688,2.490
2826,6.887,2.543
2827,6.751,2.551
2828,6.742,2.588
2829,6.808,2.504
2830,6.776,2.559
2831,6.885,2.550
2832,6.937,2.545
2833,6.970,2.528
2834,6.921,2.591
2835,6.912,2.426
2836,6.914,2.572
2837,6.694,2.553
2838,6.660,2.489
2839,6.739,2.404
2840,6.612,2.423
2841,6.716,2.379
2842,6.761,2.437
2843,6.680,2.323
2844,6.843,2.382
2845,6.846,2.430
2846,6.920,2.333
2847,6.942,2.378
2848,6.805,2.334
2849,6.889,2.315
2850,6.867,2.338
2851,6.811,2.358
2852,6.738,2.341
2853,6.734,2.411
2854,6.654,2.388
2855,6.721,2.358
2856,6.694,2.422
2857,6.850,2.562
2858,6.699,2.402
2859,6.750,2.374
2860,6.590,2.362
2861,6.673,2.325
2862,6.524,2.259
2863,6.448,2.337
2864,6.598,2.300
2865,6.530,2.320
2866,6.419,2.252
2867,6.385,2.239
2868,6.530,2.334
2869,6.627,2.339
2870,6.617,2.365
2871,6.712,2.376
2872,6.714,2.379
2873,6.607,2.372
2874,6.391,2.349
2875,6.497,2.359
2876,6.564,2.390
2877,6.490,2.235
2878,6.479,2.360
2879,6.306,2.369
2880,6.325,2.311
2881,6.366,2.293
2882,6.407,2.288
2883,6.442,2.355
2884,6.465,2.375
2885,6.619,2.393
2886,6.340,2.377
2887,6.367,2.303
2888,6.438,2.218
2889,6.422,2.302
2890,6.399,2.250
2891,6.573,2.274
2892,6.361,2.189
2893,6.524,2.244
2894,6.455,2.287
2895,6.342,2.211
2896,6.375,2.270
2897,6.528,2.402
2898,6.464,2.313
2899,6.330,2.223
2900,6.299,2.257
2901,6.546,2.252
2902,6.435,2.268
2903,6.429,2.367
2904,6.266,2.250
2905,6.471,2.234
2906,6.360,2.290
2907,6.365,2.363
2908,6.468,2.323
2909,6.465,2.351
2910,6.568,2.347
2911,6.594,2.372
2912,6.563,2.347
2913,6.637,2.395
2914,6.531,2.383
2915,6.609,2.291
2916,6.688,2.357
2917,6.694,2.343
2918,6.843,2.327
2919,6.798,2.382
2920,6.570,2.289
2921,6.708,2.231
2922,6.779,2.275
2923,6.918,2.335
2924,6.901,2.315
2925,6.987,2.257
2926,7.024,2.320
2927,6.934,2.290
2928,6.951,2.305
2929,7.025,2.321
2930,7.015,2.113
2931,6.932,2.294
2932,6.852,2.213
2933,6.943,2.224
2934,6.861,2.274
2935,6.923,2.284
2936,6.822,2.250
2937,6.820,2.405
2938,6.823,2.343
2939,6.922,2.376
2940,6.972,2.392
2941,6.933,2.295
2942,6.889,2.343
2943,6.849,2.395
2944,6.838,2.307
2945,6.847,2.382
2946,6.902,2.337
2947,6.819,2.369
2948,6.823,2.366
2949,6.876,2.364
2950,6.870,2.296
2951,6.862,2.291
2952,6.881,2.232
2953,6.923,2.324
2954,6.971,2.332
2955,7.019,2.335
2956,7.077,2.276
2957,7.063,2.220
2958,7.009,2.280
2959,7.050,2.360
2960,7.189,2.374
2961,7.045,2.362
2962,6.971,2.373
2963,6.926,2.336
2964,7.002,2.261
2965,7.153,2.298
2966,6.971,2.310
2967,7.049,2.353
2968,6.962,2.338
2969,6.910,2.288
2970,6.970,2.259
2971,6.861,2.290
2972,6.764,2.311
2973,6.891,2.307
2974,6.836,2.340
2975,6.815,2.308
2976,6.772,2.344
2977,6.623,2.356
2978,6.808,2.375
2979,6.909,2.420
2980,6.659,2.403
2981,6.844,2.551
2982,6.780,2.563
2983,6.639,2.507
2984,6.744,2.415
2985,6.713,2.594
2986,6.629,2.511
2987,6.766,2.480
2988,6.786,2.444
2989,6.680,2.449
2990,6.765,2.516
2991,6.843,2.420
2992,6.810,2.438
2993,6.731,2.399
2994,6.723,2.443
2995,6.857,2.394
2996,7.014,2.395
2997,6.985,2.409
2998,6.917,2.395
2999,6.994,2.467
3000,6.883,2.472
3001,7.013,2.487
3002,6.985,2.386
3003,7.023,2.432
3004,7.187,2.468
3005,7.032,2.436
3006,7.048,2.351
3007,7.025,2.407
3008,7.068,2.358
3009,7.122,2.453
3010,7.180,2.444
3011,7.155,2.387
3012,7.260,2.420
3013,7.218,2.455
3014,7.039,2.505
3015,7.058,2.397
3016,7.161,2.435
3017,7.227,2.400
3018,7.400,2.409
3019,7.301,2.296
3020,7.405,2.315
3021,7.447,2.432
3022,7.453,2.430
3023,7.409,2.444
3024,7.492,2.501
3025,7.544,2.503
3026,7.641,2.448
3027,7.543,2.397
3028,7.715,2.501
3029,7.385,2.427
3030,7.386,2.437
3031,7.458,2.407
3032,7.213,2.438
3033,7.333,2.476
3034,7.023,2.520
3035,7.176,2.586
3036,7.015,2.575
3037,7.079,2.582
3038,7.264,2.479
3039,7.332,2.489
3040,7.283,2.459
3041,7.313,2.420
3042,7.268,2.375
3043,7.263,2.377
3044,7.170,2.454
3045,7.207,2.480
3046,7.387,2.394
3047,7.278,2.472
3048,7.432,2.494
3049,7.481,2.449
3050,7.417,2.463
3051,7.488,2.559
3052,7.565,2.510
3053,7.483,2.420
3054,7.527,2.465
3055,7.590,2.556
3056,7.666,2.468
3057,7.526,2.528
3058,7.470,2.559
3059,7.230,2.488
3060,7.263,2.479
3061,7.209,2.421
3062,7.301,2.453
3063,7.289,2.396
3064,7.237,2.394
3065,7.337,2.402
3066,7.356,2.435
3067,7.260,2.365
3068,7.367,2.383
3069,7.338,2.388
3070,7.477,2.345
3071,7.322,2.404
3072,7.246,2.397
3073,7.200,2.357
3074,7.172,2.405
3075,7.209,2.437
3076,7.048,2.307
3077,7.194,2.382
3078,7.072,2.280
3079,6.921,2.358
3080,6.873,2.379
3081,6.955,2.254
3082,7.101,2.332
3083,7.118,2.360
3084,7.109,2.396
3085,7.157,2.299
3086,7.175,2.422
3087,7.171,2.425
3088,7.195,2.348
3089,7.111,2.345
3090,7.208,2.357
3091,7.212,2.326
3092,7.185,2.242
3093,7.122,2.409
3094,7.141,2.440
3095,7.346,2.479
3096,7.222,2.362
3097,7.203,2.354
3098,6.965,2.184
3099,7.112,2.310
3100,7.045,2.226
3101,7.146,2.303
3102,7.154,2.284
3103,7.233,2.367
3104,7.200,2.321
3105,7.246,2.334
3106,7.083,2.323
3107,7.043,2.306
3108,7.035,2.321
3109,7.049,2.320
3110,7.011,2.326
3111,6.971,2.289
3112,6.858,2.298
3113,6.879,2.362
3114,6.826,2.326
3115,6.715,2.412
3116,6.729,2.292
3117,6.872,2.389
3118,6.760,2.344
3119,6.816,2.453
3120,6.985,2.385
3121,6.911,2.445
3122,6.986,2.549
3123,7.009,2.508
3124,6.834,2.513
3125,6.833,2.534
3126,6.834,2.520
3127,6.852,2.465
3128,6.849,2.356
3129,6.827,2.393
3130,6.964,2.498
3131,6.989,2.432
3132,7.045,2.445
3133,7.061,2.496
3134,6.938,2.354
3135,6.998,2.442
3136,6.978,2.384
3137,6.897,2.476
3138,6.993,2.398
3139,6.945,2.425
3140,6.845,2.357
3141,6.955,2.347
3142,6.876,2.412
3143,6.806,2.429
3144,6.830,2.442
3145,6.873,2.517
3146,6.825,2.407
3147,6.902,2.368
3148,7.052,2.521
3149,6.907,2.514
3150,6.799,2.527
3151,6.866,2.444
3152,6.708,2.393
3153,6.658,2.383
3154,6.351,2.345
3155,6.507,2.327
3156,6.557,2.282
3157,6.731,2.283
3158,6.654,2.309
3159,6.736,2.393
3160,6.813,2.380
3161,6.854,2.318
3162,6.704,2.300
3163,6.834,2.308
3164,6.789,2.356
3165,6.671,2.495
3166,6.799,2.354
3167,6.877,2.418
3168,6.840,2.356
3169,7.045,2.413
3170,7.030,2.356
3171,6.929,2.301
3172,6.814,2.276
3173,6.926,2.302
3174,6.969,2.344
3175,7.002,2.335
3176,6.923,2.356
3177,7.048,2.355
3178,7.145,2.389
3179,7.105,2.289
3180,7.103,2.228
3181,6.951,2.272
3182,7.183,2.311
3183,6.989,2.321
3184,7.098,2.422
3185,7.112,2.428
3186,7.127,2.353
3187,7.132,2.450
3188,7.025,2.401
3189,7.048,2.382
3190,7.156,2.555
3191,7.148,2.520
3192,7.217,2.492
3193,7.179,2.424
3194,7.178,2.449
3195,7.228,2.489
3196,7.232,2.413
3197,7.236,2.503
3198,7.067,2.517
3199,7.214,2.484
3200,7.183,2.396
3201,7.306,2.505
3202,7.421,2.489
3203,7.458,2.489
3204,7.284,2.412
3205,7.208,2.448
3206,7.344,2.481
3207,7.302,2.402
3208,7.268,2.464
3209,7.299,2.466
3210,7.216,2.321
3211,7.343,2.413
3212,7.574,2.449
3213,7.532,2.420
3214,7.275,2.401
3215,7.295,2.453
3216,7.190,2.436
3217,7.239,2.512
3218,7.138,2.483
3219,7.188,2.356
3220,7.051,2.365
3221,7.116,2.386
3222,7.092,2.327
3223,7.153,2.364
3224,7.308,2.354
3225,7.174,2.358
3226,7.099,2.380
3227,7.237,2.431
3228,7.282,2.395
3229,7.257,2.299
3230,7.256,2.323
3231,7.169,2.348
3232,7.251,2.375
3233,7.244,2.385
3234,7.104,2.354
3235,7.108,2.403
3236,6.977,2.355
3237,6.840,2.393
3238,6.993,2.349
3239,6.836,2.479
3240,6.778,2.422
3241,6.686,2.498
3242,6.765,2.454
3243,6.804,2.473
3244,6.696,2.559
3245,6.879,2.590
3246,6.783,2.549
3247,6.759,2.523
3248,6.776,2.580
3249,6.747,2.405
3250,6.675,2.412
3251,6.667,2.343
3252,6.609,2.316
3253,6.561,2.281
3254,6.696,2.275
3255,6.735,2.325
3256,6.899,2.413
3257,6.811,2.365
3258,6.776,2.289
3259,6.770,2.313
3260,6.796,2.301
3261,6.767,2.404
3262,6.610,2.290
3263,6.727,2.350
3264,6.855,2.444
3265,6.823,2.438
3266,6.774,2.417
3267,7.064,2.451
3268,7.029,2.415
3269,7.189,2.417
3270,7.229,2.437
3271,7.248,2.479
3272,7.172,2.380
3273,7.218,2.485
3274,7.154,2.511
3275,7.025,2.524
3276,6.978,2.429
3277,7.035,2.425
3278,6.783,2.321
3279,6.759,2.330
3280,6.789,2.309
3281,6.767,2.334
3282,6.686,2.415
3283,6.795,2.440
3284,6.635,2.389
3285,6.630,2.441
3286,6.755,2.355
3287,6.503,2.425
3288,6.411,2.433
3289,6.570,2.388
3290,6.465,2.357
3291,6.559,2.424
3292,6.666,2.432
3293,6.692,2.426
3294,6.692,2.434
3295,6.663,2.372
3296,6.697,2.305
3297,6.814,2.392
3298,6.872,2.261
3299,6.755,2.298
3300,6.736,2.245
3301,6.632,2.188
3302,6.919,2.258
3303,6.974,2.364
3304,7.064,2.318
3305,6.802,2.305
3306,6.771,2.323
3307,6.744,2.320
3308,6.782,2.412
3309,6.812,2.339
3310,6.984,2.272
3311,6.906,2.250
3312,6.915,2.230
3313,6.683,2.261
3314,6.659,2.315
3315,6.618,2.301
3316,6.604,2.345
3317,6.643,2.321
3318,6.604,2.137
3319,6.527,2.191
3320,6.371,2.174
3321,6.489,2.200
3322,6.490,2.217
3323,6.560,2.220
3324,6.490,2.359
3325,6.624,2.300
3326,6.572,2.265
3327,6.533,2.266
3328,6.570,2.248
3329,6.500,2.265
3330,6.617,2.318
3331,6.491,2.267
3332,6.578,2.300
3333,6.639,2.373
3334,6.576,2.342
3335,6.600,2.348
3336,6.611,2.266
3337,6.641,2.236
3338,6.636,2.317
3339,6.523,2.224
3340,6.658,2.419
3341,6.487,2.287
3342,6.539,2.386
3343,6.629,2.299
3344,6.626,2.337
3345,6.524,2.316
3346,6.568,2.215
3347,6.618,2.308
3348,6.575,2.268
3349,6.535,2.176
3350,6.647,2.190
3351,6.308,2.191
3352,6.459,2.239
3353,6.290,2.186
3354,6.292,2.271
3355,6.223,2.191
3356,6.154,2.235
3357,6.139,2.140
3358,6.186,2.168
3359,6.089,2.167
3360,6.110,2.141
3361,6.278,2.183
3362,6.238,2.239
3363,6.152,2.154
3364,6.145,2.100
3365,6.195,2.207
3366,6.115,2.159
3367,6.136,2.194
3368,6.288,2.222
3369,6.312,2.186
3370,6.415,2.346
3371,6.397,2.195
3372,6.386,2.296
3373,6.307,2.234
3374,6.480,2.236
3375,6.433,2.203
3376,6.533,2.280
3377,6.694,2.280
3378,6.449,2.295
3379,6.482,2.330
3380,6.400,2.323
3381,6.278,2.269
3382,6.183,2.245
3383,6.390,2.333
3384,6.444,2.339
3385,6.540,2.287
3386,6.444,2.286
3387,6.530,2.291
3388,6.425,2.287
3389,6.575,2.316
3390,6.698,2.450
3391,6.730,2.342
3392,6.651,2.494
3393,6.755,2.396
3394,6.862,2.517
3395,6.999,2.536
3396,6.908,2.450
3397,7.061,2.368
3398,7.174,2.470
3399,7.145,2.413
3400,7.048,2.412
3401,6.994,2.412
3402,6.872,2.364
3403,6.950,2.318
3404,6.717,2.260
3405,6.897,2.277
3406,6.765,2.277
3407,6.760,2.206
3408,6.761,2.149
3409,6.792,2.288
3410,6.784,2.247
3411,6.824,2.305
3412,6.818,2.290
3413,6.686,2.318
3414,6.687,2.329
3415,6.736,2.275
3416,6.867,2.284
3417,6.927,2.376
3418,6.854,2.282
3419,6.722,2.304
3420,6.684,2.235
3421,6.734,2.335
3422,6.684,2.405
3423,6.625,2.366
3424,6.602,2.382
3425,6.560,2.386
3426,6.638,2.380
3427,6.669,2.332
3428,6.612,2.315
3429,6.782,2.244
3430,6.956,2.336
3431,6.783,2.366
3432,6.816,2.278
3433,6.673,2.334
3434,6.734,2.338
3435,6.877,2.362
3436,7.149,2.365
3437,6.976,2.333
3438,6.782,2.461
3439,6.686,2.429
3440,6.707,2.381
3441,6.847,2.478
3442,6.890,2.488
3443,6.822,2.474
3444,6.866,2.505
3445,6.796,2.589
3446,6.682,2.484
3447,6.762,2.635
3448,6.681,2.589
3449,6.767,2.560
3450,6.695,2.515
3451,6.782,2.443
3452,6.859,2.522
3453,6.761,2.407
3454,6.536,2.393
3455,6.669,2.443
3456,6.643,2.419
3457,6.634,2.415
3458,6.668,2.502
3459,6.576,2.556
3460,6.539,2.453
3461,6.786,2.497
3462,6.841,2.429
3463,6.954,2.373
3464,7.037,2.522
3465,6.970,2.470
3466,6.976,2.505
3467,6.932,2.538
3468,6.935,2.488
3469,6.921,2.570
3470,6.830,2.503
3471,6.877,2.442
3472,6.874,2.433
3473,6.941,2.485
3474,6.951,2.451
3475,7.000,2.425
3476,6.812,2.440
3477,6.798,2.456
3478,6.829,2.524
3479,6.719,2.449
3480,6.835,2.485
3481,6.682,2.428
3482,6.701,2.458
3483,6.571,2.397
3484,6.431,2.378
3485,6.678,2.453
3486,6.527,2.433
3487,6.670,2.433
3488,6.640,2.492
3489,6.418,2.486
3490,6.513,2.381
3491,6.506,2.468
3492,6.517,2.479
3493,6.316,2.488
3494,6.343,2.482
3495,6.418,2.500
3496,6.524,2.471
3497,6.379,2.559
3498,6.320,2.474
3499,6.324,2.500
3500,6.253,2.506
3501,6.321,2.544
3502,6.298,2.392
3503,6.224,2.261
3504,6.258,2.316
3505,6.168,2.288
3506,6.347,2.272
3507,6.272,2.352
3508,6.379,2.289
3509,6.337,2.245
3510,6.352,2.324
3511,6.381,2.273
3512,6.335,2.243
3513,6.392,2.327
3514,6.370,2.334
3515,6.389,2.316
3516,6.123,2.366
3517,6.315,2.369
3518,6.443,2.427
3519,6.406,2.415
3520,6.423,2.346
3521,6.397,2.400
3522,6.432,2.398
3523,6.280,2.291
3524,6.341,2.341
3525,6.353,2.333
3526,6.442,2.412
3527,6.466,2.369
3528,6.475,2.328
3529,6.477,2.477
3530,6.492,2.488
3531,6.523,2.363
3532,6.446,2.375
3533,6.409,2.334
3534,6.467,2.334
3535,6.483,2.304
3536,6.548,2.287
3537,6.468,2.326
3538,6.403,2.322
3539,6.497,2.484
3540,6.447,2.376
3541,6.384,2.397
3542,6.360,2.361
3543,6.371,2.341
3544,6.307,2.423
3545,6.318,2.410
3546,6.354,2.296
3547,6.308,2.314
3548,6.400,2.394
3549,6.373,2.315
3550,6.396,2.364
3551,6.453,2.396
3552,6.475,2.370
3553,6.415,2.374
3554,6.403,2.375
3555,6.404,2.383
3556,6.277,2.366
3557,6.294,2.399
3558,6.352,2.295
3559,6.208,2.303
3560,6.415,2.434
3561,6.334,2.283
3562,6.325,2.363
3563,6.310,2.448
3564,6.404,2.545
3565,6.193,2.528
3566,6.278,2.506
3567,6.263,2.458
3568,6.423,2.454
3569,6.429,2.544
3570,6.660,2.552
3571,6.658,2.511
3572,6.564,2.498
3573,6.729,2.594
3574,6.703,2.468
3575,6.580,2.501
3576,6.689,2.432
3577,6.693,2.479
3578,6.784,2.526
3579,6.795,2.452
3580,6.867,2.501
3581,6.818,2.471
3582,6.777,2.475
3583,6.815,2.397
3584,6.826,2.410
3585,6.886,2.492
3586,6.753,2.518
3587,6.622,2.468
3588,6.682,2.382
3589,6.893,2.517
3590,6.658,2.406
3591,6.639,2.393
3592,6.925,2.436
3593,6.800,2.405
3594,6.666,2.395
3595,6.859,2.454
3596,6.826,2.414
3597,6.642,2.325
3598,6.591,2.284
3599,6.815,2.386
3600,6.782,2.335
3601,6.850,2.492
3602,6.750,2.433
3603,6.834,2.490
3604,6.882,2.439
3605,6.940,2.411
3606,7.022,2.338
3607,6.961,2.425
3608,6.800,2.421
3609,6.851,2.350
3610,6.686,2.298
3611,6.760,2.434
3612,6.741,2.397
3613,6.605,2.313
3614,6.650,2.309
3615,6.537,2.289
3616,6.694,2.377
3617,6.780,2.378
3618,6.961,2.342
3619,6.800,2.293
3620,6.803,2.263
3621,6.736,2.323
3622,6.956,2.384
3623,6.895,2.331
3624,6.818,2.278
3625,6.821,2.337
3626,6.725,2.323
3627,6.745,2.219
3628,6.756,2.212
3629,6.837,2.279
3630,6.754,2.272
3631,6.740,2.237
3632,6.659,2.179
3633,6.706,2.283
3634,6.685,2.261
3635,6.718,2.283
3636,6.787,2.230
3637,6.777,2.307
3638,6.770,2.330
3639,6.814,2.408
3640,6.851,2.191
3641,6.932,2.191
3642,7.047,2.201
3643,6.956,2.206
3644,7.047,2.124
3645,7.022,2.214
3646,6.981,2.211
3647,6.899,2.303
3648,6.903,2.175
3649,7.103,2.140
3650,7.053,2.159
3651,7.097,2.177
3652,6.966,2.152
3653,7.027,2.177
3654,6.867,2.191
3655,6.812,2.161
3656,6.887,2.225
3657,7.025,2.356
3658,6.941,2.316
3659,6.930,2.296
3660,6.816,2.223
3661,6.834,2.228
3662,6.836,2.328
3663,6.692,2.230
3664,6.582,2.231
3665,6.575,2.264
3666,6.609,2.230
3667,6.662,2.209
3668,6.707,2.226
3669,6.836,2.265
3670,6.875,2.256
3671,6.864,2.236
3672,6.959,2.337
3673,6.775,2.262
3674,6.804,2.308
3675,6.688,2.346
3676,6.765,2.361
3677,6.605,2.301
3678,6.731,2.313
3679,6.596,2.273
3680,6.739,2.288
3681,6.930,2.292
3682,6.808,2.180
3683,6.935,2.288
3684,6.794,2.238
3685,6.858,2.209
3686,6.755,2.291
3687,6.861,2.269
3688,6.934,2.246
3689,6.995,2.302
3690,6.868,2.167
3691,6.749,2.292
3692,6.681,2.306
3693,6.786,2.305
3694,6.803,2.270
3695,6.719,2.262
3696,6.668,2.200
3697,6.756,2.214
3698,6.829,2.204
3699,6.823,2.078
3700,6.837,2.130
3701,6.811,2.187
3702,6.715,2.119
3703,6.804,2.137
3704,7.015,2.203
3705,7.104,2.230
3706,7.216,2.222
3707,6.958,2.164
3708,6.996,2.206
3709,7.011,2.219
3710,6.922,2.201
3711,7.045,2.190
3712,6.699,2.179
3713,6.767,2.175
3714,6.803,2.190
3715,6.739,2.254
3716,6.624,2.292
3717,6.634,2.272
3718,6.639,2.196
3719,6.704,2.150
3720,6.639,2.176
3721,6.723,2.172
3722,6.982,2.211
3723,6.773,2.182
3724,6.712,2.183
3725,6.622,2.128
3726,6.771,2.198
3727,6.738,2.160
3728,6.814,2.150
3729,6.650,2.073
3730,6.637,2.195
3731,6.508,2.155
3732,6.597,2.106
3733,6.515,2.122
3734,6.559,2.072
3735,6.583,2.293
3736,6.655,2.299
3737,6.820,2.331
3738,6.771,2.306
3739,6.777,2.353
3740,6.644,2.267
3741,6.576,2.181
3742,6.555,2.244
3743,6.499,2.245
3744,6.740,2.229
3745,6.666,2.201
3746,6.558,2.236
3747,6.711,2.194
3748,6.782,2.177
3749,6.848,2.242
3750,6.893,2.199
3751,6.765,2.283
3752,6.848,2.299
3753,6.703,2.270
3754,6.892,2.204
3755,6.958,2.121
3756,7.003,2.215
3757,7.091,2.259
3758,7.080,2.190
3759,7.116,2.264
3760,7.071,2.316
3761,7.114,2.324
3762,7.127,2.369
3763,6.984,2.326
3764,6.960,2.307
3765,7.083,2.290
3766,7.089,2.336
3767,7.152,2.309
3768,6.971,2.295
3769,6.925,2.238
3770,6.960,2.233
3771,6.974,2.106
3772,6.849,2.219
3773,6.764,2.185
3774,6.592,2.197
3775,6.684,2.265
3776,6.534,2.205
3777,6.640,2.167
3778,6.732,2.222
3779,6.724,2.243
3780,6.713,2.280
3781,6.623,2.341
3782,6.635,2.273
3783,6.588,2.305
3784,6.593,2.283
3785,6.663,2.316
3786,6.831,2.281
3787,6.806,2.197
3788,6.802,2.139
3789,6.688,2.245
3790,6.773,2.176
3791,6.739,2.240
3792,6.697,2.254
3793,6.647,2.212
3794,6.572,2.216
3795,6.596,2.138
3796,6.577,2.180
3797,6.773,2.231
3798,7.044,2.331
3799,6.812,2.281
3800,6.817,2.309
3801,6.799,2.330
3802,6.900,2.246
3803,6.922,2.238
3804,7.036,2.322
3805,6.895,2.240
3806,6.876,2.291
3807,6.979,2.271
3808,7.041,2.291
3809,7.156,2.345
3810,7.099,2.359
3811,7.227,2.341
3812,7.079,2.248
3813,7.113,2.304
3814,7.061,2.406
3815,7.134,2.345
3816,6.916,2.349
3817,6.779,2.313
3818,6.691,2.359
3819,6.751,2.390
3820,6.702,2.399
3821,6.783,2.326
3822,6.868,2.379
3823,6.783,2.305
3824,6.936,2.342
3825,6.740,2.342
3826,6.689,2.316
3827,6.849,2.355
3828,6.843,2.280
3829,6.613,2.289
3830,6.699,2.323
3831,6.752,2.321
3832,6.750,2.293
3833,6.570,2.288
3834,6.551,2.257
3835,6.759,2.294
3836,6.706,2.321
3837,6.826,2.406
3838,6.869,2.412
3839,6.781,2.400
3840,6.862,2.445
3841,6.792,2.395
3842,6.796,2.378
3843,6.858,2.443
3844,6.843,2.458
3845,6.959,2.515
3846,7.064,2.487
3847,6.984,2.518
3848,6.931,2.430
3849,6.892,2.395
3850,7.158,2.498
3851,7.039,2.316
3852,7.061,2.328
3853,6.989,2.444
3854,6.972,2.384
3855,6.814,2.368
3856,6.597,2.452
3857,6.684,2.437
3858,6.825,2.535
3859,6.762,2.438
3860,6.711,2.456
3861,6.532,2.394
3862,6.493,2.415
3863,6.456,2.412
3864,6.630,2.440
3865,6.630,2.504
3866,6.444,2.408
3867,6.603,2.516
3868,6.590,2.473
3869,6.661,2.391
3870,6.809,2.515
3871,6.841,2.462
3872,6.854,2.438
3873,6.671,2.449
3874,6.793,2.384
3875,6.689,2.421
3876,6.704,2.416
3877,6.586,2.523
3878,6.742,2.520
3879,6.750,2.542
3880,6.654,2.454
3881,6.642,2.522
3882,6.726,2.446
3883,6.803,2.580
3884,6.804,2.488
3885,6.710,2.485
3886,6.534,2.563
3887,6.588,2.455
3888,6.536,2.472
3889,6.459,2.378
3890,6.588,2.422
3891,6.517,2.491
3892,6.538,2.373
3893,6.651,2.347
3894,6.820,2.280
3895,6.836,2.366
3896,6.998,2.325
3897,7.058,2.285
3898,6.906,2.359
3899,6.979,2.365
3900,6.963,2.352
3901,6.885,2.409
3902,7.010,2.363
3903,7.083,2.375
3904,6.786,2.380
3905,6.784,2.356
3906,6.750,2.371
3907,6.928,2.323
3908,6.912,2.382
3909,6.864,2.352
3910,7.104,2.418
3911,7.120,2.363
3912,7.050,2.352
3913,7.118,2.415
3914,7.094,2.655
3915,7.044,2.534
3916,7.000,2.660
3917,6.980,2.633
3918,6.948,2.564
3919,6.924,2.546
3920,6.877,2.467
3921,6.906,2.366
3922,6.949,2.496
3923,6.988,2.398
3924,6.968,2.411
3925,6.922,2.408
3926,6.952,2.454
3927,7.076,2.383
3928,6.993,2.330
3929,6.883,2.325
3930,6.893,2.365
3931,6.810,2.237
3932,6.847,2.365
3933,7.022,2.341
3934,7.156,2.394
3935,7.050,2.385
3936,7.048,2.315
3937,7.200,2.415
3938,7.135,2.311
3939,7.104,2.376
3940,7.001,2.311
3941,6.965,2.350
3942,6.885,2.424
3943,6.753,2.397
3944,6.577,2.328
3945,6.518,2.329
3946,6.673,2.347
3947,6.830,2.336
3948,6.640,2.391
3949,6.803,2.359
3950,6.517,2.258
3951,6.574,2.328
3952,6.597,2.371
3953,6.695,2.344
3954,6.707,2.436
3955,6.691,2.416
3956,6.658,2.396
3957,6.732,2.358
3958,6.778,2.440
3959,6.773,2.376
3960,6.616,2.351
3961,6.762,2.393
3962,6.800,2.374
3963,6.837,2.428
3964,6.744,2.369
3965,6.650,2.372
3966,6.717,2.315
3967,6.725,2.339
3968,6.810,2.462
3969,6.780,2.390
3970,6.779,2.509
3971,6.708,2.451
3972,6.604,2.343
3973,6.705,2.362
3974,6.675,2.337
3975,6.755,2.334
3976,6.645,2.272
3977,6.733,2.327
3978,6.637,2.298
3979,6.671,2.402
3980,6.510,2.371
3981,6.579,2.419
3982,6.652,2.334
3983,6.556,2.342
3984,6.523,2.358
3985,6.620,2.385
3986,6.708,2.396
3987,6.871,2.439
3988,6.811,2.348
3989,6.746,2.450
3990,6.689,2.441
3991,6.520,2.456
3992,6.579,2.496
3993,6.541,2.627
3994,6.584,2.521
3995,6.530,2.511
3996,6.705,2.400
3997,6.611,2.456
3998,6.587,2.429
3999,6.679,2.502
4000,6.729,2.470
4001,6.793,2.370
4002,6.702,2.467
4003,6.559,2.434
4004,6.498,2.406
4005,6.533,2.415
4006,6.563,2.339
4007,6.498,2.373
4008,6.464,2.343
4009,6.423,2.347
4010,6.602,2.468
4011,6.634,2.493
4012,6.528,2.433
4013,6.589,2.349
4014,6.424,2.378
4015,6.660,2.348
4016,6.678,2.286
4017,6.687,2.342
4018,6.782,2.315
4019,6.788,2.412
4020,6.874,2.412
4021,6.836,2.360
4022,6.839,2.398
4023,6.863,2.348
4024,6.901,2.391
4025,6.884,2.309
4026,6.849,2.290
4027,6.798,2.185
4028,6.834,2.258
4029,6.852,2.218
4030,6.845,2.211
4031,6.941,2.315
4032,7.069,2.384
4033,6.792,2.281
4034,6.782,2.393
4035,6.906,2.369
4036,6.682,2.328
4037,6.830,2.347
4038,6.769,2.338
4039,6.784,2.338
4040,6.711,2.420
4041,6.722,2.278
4042,6.570,2.377
4043,6.495,2.331
4044,6.589,2.384
4045,6.561,2.284
4046,6.611,2.220
4047,6.597,2.257
4048,6.541,2.248
4049,6.721,2.275
4050,6.825,2.297
4051,6.895,2.318
4052,6.785,2.258
4053,6.684,2.234
4054,6.588,2.222
4055,6.449,2.272
4056,6.425,2.202
4057,6.463,2.215
4058,6.528,2.224
4059,6.529,2.262
4060,6.419,2.249
4061,6.414,2.176
4062,6.470,2.233
4063,6.429,2.196
4064,6.295,2.168
4065,6.523,2.303
4066,6.484,2.350
4067,6.547,2.246
4068,6.553,2.371
4069,6.548,2.246
4070,6.618,2.223
4071,6.688,2.271
4072,6.675,2.315
4073,6.607,2.353
4074,6.539,2.418
4075,6.604,2.355
4076,6.639,2.357
4077,6.730,2.371
4078,6.807,2.391
4079,6.944,2.405
4080,6.792,2.349
4081,7.054,2.441
4082,6.948,2.410
4083,7.097,2.512
4084,6.914,2.435
4085,6.906,2.413
4086,6.952,2.461
4087,6.875,2.390
4088,6.806,2.428
4089,6.797,2.480
4090,6.894,2.376
4091,6.866,2.370
4092,6.849,2.447
4093,6.894,2.452
4094,6.953,2.517
4095,6.968,2.418
4096,6.904,2.349
4097,7.057,2.333
4098,7.172,2.401
4099,7.082,2.482
4100,6.901,2.445
4101,6.885,2.376
4102,6.690,2.371
4103,6.723,2.255
4104,6.728,2.378
4105,6.808,2.288
4106,6.918,2.340
4107,7.092,2.315
4108,7.018,2.327
4109,7.068,2.420
4110,6.968,2.360
4111,6.861,2.423
4112,6.940,2.493
4113,7.033,2.411
4114,6.967,2.488
4115,6.973,2.501
4116,6.881,2.476
4117,6.944,2.475
4118,7.108,2.485
4119,6.890,2.436
4120,6.783,2.394
4121,6.766,2.386
4122,6.781,2.464
4123,6.807,2.526
4124,6.713,2.435
4125,6.681,2.392
4126,6.741,2.399
4127,6.686,2.482
4128,6.582,2.538
4129,6.658,2.438
4130,6.625,2.442
4131,6.608,2.440
4132,6.587,2.404
4133,6.724,2.489
4134,6.613,2.446
4135,6.594,2.435
4136,6.628,2.504
4137,6.618,2.439
4138,6.708,2.343
4139,6.786,2.391
4140,6.779,2.456
4141,6.971,2.423
4142,6.890,2.481
4143,6.837,2.429
4144,6.750,2.398
4145,6.921,2.393
4146,6.868,2.505
4147,6.856,2.484
4148,6.752,2.470
4149,6.853,2.408
4150,6.836,2.463
4151,6.874,2.460
4152,6.947,2.442
4153,6.976,2.552
4154,7.056,2.569
4155,7.042,2.611
4156,6.864,2.512
4157,6.863,2.584
4158,6.660,2.514
4159,6.672,2.387
4160,6.746,2.475
4161,6.798,2.447
4162,6.910,2.445
4163,6.800,2.328
4164,6.909,2.386
4165,6.885,2.403
4166,6.830,2.452
4167,6.676,2.464
4168,6.776,2.570
4169,6.685,2.472
4170,6.863,2.437
4171,6.885,2.421
4172,6.782,2.355
4173,6.777,2.367
4174,6.710,2.377
4175,6.798,2.336
4176,6.852,2.366
4177,6.892,2.286
4178,6.855,2.347
4179,6.931,2.399
4180,6.902,2.338
4181,6.963,2.309
4182,6.935,2.431
4183,6.910,2.394
4184,6.900,2.475
4185,6.920,2.456
4186,6.892,2.408
4187,6.869,2.463
4188,6.619,2.426
4189,6.704,2.471
4190,6.722,2.326
4191,6.978,2.437
4192,6.859,2.270
4193,6.899,2.369
4194,7.051,2.374
4195,6.965,2.387
4196,6.942,2.439
4197,6.960,2.257
4198,6.996,2.237
4199,7.017,2.325
4200,6.889,2.278
4201,6.925,2.279
4202,7.069,2.359
4203,6.954,2.384
4204,6.939,2.341
4205,7.001,2.346
4206,6.846,2.306
4207,7.010,2.296
4208,7.008,2.385
4209,6.867,2.337
4210,6.843,2.380
4211,6.884,2.345
4212,6.894,2.333
4213,7.006,2.310
4214,6.864,2.308
4215,6.759,2.328
4216,6.993,2.330
4217,7.134,2.297
4218,7.078,2.290
4219,7.083,2.294
4220,7.143,2.421
4221,7.221,2.423
4222,7.329,2.419
4223,7.153,2.349
4224,7.167,2.389
4225,7.214,2.369
4226,7.212,2.422
4227,7.347,2.352
4228,7.223,2.436
4229,7.162,2.430
4230,6.986,2.503
4231,6.870,2.408
4232,6.950,2.376
4233,6.892,2.335
4234,6.947,2.383
4235,6.930,2.456
4236,6.930,2.395
4237,6.940,2.427
4238,6.896,2.384
4239,6.874,2.502
4240,6.775,2.444
4241,6.788,2.458
4242,6.788,2.415
4243,6.934,2.502
4244,6.906,2.584
4245,6.781,2.442
4246,6.791,2.418
4247,6.734,2.370
4248,6.798,2.457
4249,6.760,2.363
4250,6.752,2.431
4251,6.862,2.407
4252,6.892,2.350
4253,6.958,2.535
4254,6.966,2.582
4255,6.951,2.451
4256,7.008,2.560
4257,6.929,2.472
4258,6.911,2.486
4259,6.966,2.486
4260,7.130,2.504
4261,7.014,2.528
4262,7.061,2.547
4263,6.916,2.463
4264,6.865,2.491
4265,6.969,2.377
4266,6.942,2.492
4267,6.875,2.406
4268,6.922,2.519
4269,7.049,2.550
4270,7.063,2.480
4271,6.941,2.470
4272,6.900,2.537
4273,6.785,2.462
4274,6.670,2.444
4275,6.769,2.483
4276,6.695,2.410
4277,6.808,2.424
4278,6.885,2.445
4279,6.900,2.454
4280,6.867,2.432
4281,6.733,2.455
4282,6.735,2.392
4283,6.776,2.383
4284,6.759,2.401
4285,6.717,2.376
4286,6.751,2.468
4287,6.732,2.425
4288,6.612,2.436
4289,6.687,2.408
4290,6.811,2.446
4291,6.748,2.361
4292,6.746,2.381
4293,6.692,2.386
4294,6.602,2.370
4295,6.589,2.283
4296,6.663,2.369
4297,6.683,2.348
4298,6.627,2.415
4299,6.752,2.468
4300,6.706,2.424
4301,6.689,2.421
4302,6.804,2.479
4303,6.791,2.533
4304,6.923,2.489
4305,6.807,2.439
4306,6.782,2.490
4307,6.736,2.480
4308,6.706,2.456
4309,6.724,2.517
4310,6.661,2.557
4311,6.561,2.492
4312,6.537,2.429
4313,6.502,2.469
4314,6.652,2.548
4315,6.470,2.470
4316,6.438,2.448
4317,6.370,2.463
4318,6.388,2.368
4319,6.336,2.494
4320,6.333,2.454
4321,6.226,2.445
4322,6.196,2.399
4323,6.286,2.454
4324,6.208,2.461
4325,6.285,2.466
4326,6.229,2.456
4327,6.278,2.510
4328,6.238,2.408
4329,6.311,2.383
4330,6.286,2.450
4331,6.332,2.542
4332,6.305,2.509
4333,6.341,2.566
4334,6.249,2.499
4335,6.315,2.392
4336,6.148,2.345
4337,6.230,2.377
4338,6.287,2.351
4339,6.400,2.362
4340,6.393,2.366
4341,6.273,2.354
4342,6.204,2.468
4343,6.199,2.346
4344,6.449,2.506
4345,6.321,2.384
4346,6.403,2.499
4347,6.439,2.453
4348,6.422,2.454
4349,6.329,2.429
4350,6.523,2.540
4351,6.562,2.527
4352,6.421,2.455
4353,6.323,2.369
4354,6.376,2.407
4355,6.423,2.348
4356,6.366,2.396
4357,6.370,2.401
4358,6.378,2.379
4359,6.458,2.408
4360,6.465,2.399
4361,6.379,2.384
4362,6.450,2.437
4363,6.468,2.555
4364,6.506,2.489
4365,6.335,2.608
4366,6.254,2.633
4367,6.377,2.532
4368,6.522,2.478
4369,6.462,2.427
4370,6.422,2.347
4371,6.528,2.468
4372,6.510,2.505
4373,6.440,2.433
4374,6.291,2.398
4375,6.243,2.345
4376,6.319,2.456
4377,6.260,2.493
4378,6.244,2.388
4379,6.165,2.342
4380,6.201,2.356
4381,6.175,2.366
4382,6.046,2.354
4383,6.086,2.417
4384,6.195,2.411
4385,6.126,2.432
4386,6.183,2.436
4387,6.293,2.443
4388,6.111,2.418
4389,6.055,2.456
4390,6.096,2.376
4391,6.163,2.411
4392,6.248,2.410
4393,6.113,2.418
4394,6.198,2.484
4395,6.262,2.418
4396,6.202,2.382
4397,6.219,2.425
4398,6.377,2.404
4399,6.246,2.369
4400,6.138,2.412
4401,6.140,2.407
4402,5.981,2.443
4403,5.934,2.497
4404,5.907,2.505
4405,5.921,2.452
4406,6.000,2.353
4407,6.112,2.463
4408,5.983,2.482
4409,5.979,2.478
4410,6.013,2.516
4411,6.051,2.353
4412,5.941,2.349
4413,6.064,2.438
4414,5.846,2.313
4415,5.773,2.397
4416,5.769,2.317
4417,5.713,2.420
4418,5.793,2.443
4419,5.591,2.386
4420,5.867,2.461
4421,5.973,2.488
4422,5.966,2.547
4423,5.867,2.476
4424,5.964,2.487
4425,5.931,2.513
4426,5.868,2.543
4427,5.848,2.555
4428,5.796,2.508
4429,5.853,2.442
4430,5.980,2.471
4431,5.816,2.436
4432,5.918,2.482
4433,6.031,2.500
4434,6.031,2.427
4435,6.157,2.474
4436,6.225,2.468
4437,6.240,2.432
4438,6.216,2.336
4439,6.299,2.363
4440,6.322,2.383
4441,6.237,2.359
4442,6.329,2.351
4443,6.183,2.338
4444,6.319,2.452
4445,6.069,2.342
4446,6.230,2.493
4447,6.079,2.390
4448,6.270,2.433
4449,6.217,2.436
4450,6.204,2.497
4451,6.182,2.464
4452,6.079,2.403
4453,6.068,2.477
4454,6.069,2.515
4455,6.103,2.547
4456,6.078,2.601
4457,6.071,2.593
4458,5.990,2.543
4459,5.992,2.599
4460,6.041,2.633
4461,6.109,2.610
4462,6.206,2.635
4463,6.326,2.671
4464,6.370,2.569
4465,6.245,2.571
4466,6.319,2.661
4467,6.464,2.594
4468,6.462,2.640
4469,6.403,2.544
4470,6.404,2.594
4471,6.314,2.579
4472,6.271,2.458
4473,6.310,2.504
4474,6.299,2.542
4475,6.463,2.595
4476,6.389,2.664
4477,6.310,2.672
4478,6.240,2.645
4479,6.056,2.537
4480,6.052,2.588
4481,6.133,2.493
4482,6.112,2.562
4483,6.059,2.534
4484,6.169,2.568
4485,6.253,2.603
4486,6.301,2.616
4487,6.373,2.651
4488,6.246,2.486
4489,6.342,2.533
4490,6.362,2.477
4491,6.402,2.536
4492,6.492,2.558
4493,6.229,2.594
4494,6.219,2.643
4495,6.227,2.605
4496,6.240,2.551
4497,6.191,2.554
4498,6.248,2.571
4499,6.390,2.538
4500,6.338,2.577
4501,6.160,2.498
4502,6.203,2.541
4503,6.138,2.528
4504,6.233,2.506
4505,6.325,2.508
4506,6.359,2.520
4507,6.520,2.515
4508,6.431,2.489
4509,6.488,2.518
4510,6.512,2.499
4511,6.489,2.508
4512,6.381,2.531
4513,6.582,2.538
4514,6.505,2.578
4515,6.586,2.580
4516,6.606,2.520
4517,6.591,2.538
4518,6.543,2.536
4519,6.697,2.465
4520,6.773,2.453
4521,6.743,2.515
4522,6.756,2.535
4523,6.768,2.513
4524,6.681,2.529
4525,6.746,2.681
4526,6.613,2.722
4527,6.579,2.728
4528,6.461,2.664
4529,6.597,2.626
4530,6.625,2.637
4531,6.554,2.747
4532,6.527,2.680
4533,6.556,2.680
4534,6.591,2.658
4535,6.585,2.617
4536,6.579,2.663
4537,6.657,2.723
4538,6.565,2.658
4539,6.397,2.556
4540,6.503,2.577
4541,6.527,2.530
4542,6.684,2.521
4543,6.585,2.445
4544,6.634,2.526
4545,6.713,2.533
4546,6.601,2.483
4547,6.582,2.492
4548,6.688,2.543
4549,6.733,2.470
4550,6.688,2.499
4551,6.717,2.616
4552,6.657,2.624
4553,6.638,2.595
4554,6.634,2.527
4555,6.614,2.554
4556,6.493,2.423
4557,6.522,2.537
4558,6.463,2.525
4559,6.457,2.582
4560,6.565,2.590
4561,6.399,2.567
4562,6.455,2.576
4563,6.479,2.645
4564,6.496,2.550
4565,6.410,2.575
4566,6.399,2.455
4567,6.442,2.477
4568,6.624,2.598
4569,6.578,2.614
4570,6.597,2.570
4571,6.567,2.705
4572,6.630,2.689
4573,6.794,2.640
4574,6.839,2.603
4575,6.676,2.637
4576,6.862,2.702
4577,6.796,2.659
4578,6.689,2.596
4579,6.705,2.583
4580,6.723,2.586
4581,6.556,2.552
4582,6.655,2.595
4583,6.705,2.618
4584,6.460,2.574
4585,6.602,2.585
4586,6.699,2.608
4587,6.577,2.557
4588,6.649,2.673
4589,6.518,2.676
4590,6.563,2.630
4591,6.494,2.507
4592,6.526,2.467
4593,6.467,2.512
4594,6.543,2.477
4595,6.483,2.507
4596,6.637,2.464
4597,6.625,2.473
4598,6.417,2.425
4599,6.503,2.515
4600,6.358,2.442
4601,6.458,2.530
4602,6.337,2.427
4603,6.329,2.489
4604,6.278,2.440
4605,6.305,2.347
4606,6.234,2.429
4607,6.249,2.412
4608,6.153,2.372
4609,6.235,2.444
4610,6.167,2.388
4611,6.201,2.292
4612,6.339,2.417
4613,6.460,2.414
4614,6.352,2.410
4615,6.422,2.422
4616,6.449,2.405
4617,6.396,2.446
4618,6.473,2.380
4619,6.468,2.471
4620,6.672,2.428
4621,6.604,2.482
4622,6.543,2.473
4623,6.644,2.462
4624,6.737,2.430
4625,6.606,2.371
4626,6.683,2.425
4627,6.688,2.447
4628,6.619,2.428
4629,6.704,2.512
4630,6.636,2.549
4631,6.546,2.471
4632,6.669,2.522
4633,6.475,2.403
4634,6.517,2.432
4635,6.392,2.518
4636,6.526,2.562
4637,6.530,2.519
4638,6.360,2.490
4639,6.345,2.517
4640,6.429,2.576
4641,6.383,2.437
4642,6.392,2.598
4643,6.440,2.523
4644,6.450,2.607
4645,6.399,2.530
4646,6.480,2.507
4647,6.464,2.530
4648,6.570,2.493
4649,6.511,2.456
4650,6.512,2.481
4651,6.357,2.395
4652,6.490,2.550
4653,6.470,2.567
4654,6.521,2.349
4655,6.597,2.631
4656,6.475,2.565
4657,6.617,2.621
4658,6.643,2.598
4659,6.507,2.517
4660,6.521,2.527
4661,6.478,2.541
4662,6.549,2.609
4663,6.406,2.471
4664,6.438,2.562
4665,6.632,2.578
4666,6.602,2.619
4667,6.534,2.441
4668,6.637,2.438
4669,6.698,2.586
4670,6.792,2.460
4671,6.703,2.465
4672,6.658,2.525
4673,6.655,2.439
4674,6.645,2.417
4675,6.737,2.503
4676,6.537,2.435
4677,6.404,2.458
4678,6.339,2.405
4679,6.242,2.374
4680,6.294,2.352
4681,6.411,2.271
4682,6.211,2.257
4683,6.295,2.305
4684,6.372,2.301
4685,6.389,2.246
4686,6.512,2.330
4687,6.491,2.352
4688,6.599,2.226
4689,6.494,2.284
4690,6.495,2.411
4691,6.467,2.299
4692,6.607,2.354
4693,6.521,2.335
4694,6.442,2.329
4695,6.519,2.428
4696,6.493,2.314
4697,6.446,2.245
4698,6.508,2.246
4699,6.551,2.330
4700,6.370,2.274
4701,6.373,2.354
4702,6.474,2.311
4703,6.351,2.279
4704,6.345,2.263
4705,6.575,2.306
4706,6.516,2.268
4707,6.609,2.420
4708,6.716,2.251
4709,6.679,2.279
4710,6.595,2.273
4711,6.551,2.308
4712,6.626,2.155
4713,6.549,2.130
4714,6.655,2.232
4715,6.782,2.250
4716,6.827,2.375
4717,6.871,2.346
4718,6.861,2.381
4719,6.833,2.400
4720,6.820,2.350
4721,7.059,2.425
4722,6.823,2.230
4723,6.782,2.350
4724,6.802,2.437
4725,6.826,2.377
4726,6.924,2.431
4727,6.888,2.453
4728,6.909,2.412
4729,7.005,2.500
4730,6.767,2.430
4731,6.846,2.400
4732,6.883,2.556
4733,6.924,2.508
4734,6.888,2.572
4735,6.846,2.464
4736,6.869,2.375
4737,6.969,2.428
4738,6.939,2.396
4739,6.784,2.418
4740,6.823,2.450
4741,6.930,2.399
4742,7.084,2.482
4743,7.138,2.493
4744,7.230,2.453
4745,7.238,2.531
4746,7.061,2.531
4747,7.058,2.485
4748,7.054,2.487
4749,6.873,2.496
4750,6.951,2.437
4751,7.052,2.408
4752,7.018,2.363
4753,7.072,2.501
4754,7.100,2.490
4755,7.074,2.487
4756,7.038,2.433
4757,7.167,2.469
4758,7.054,2.395
4759,7.018,2.507
4760,7.026,2.518
4761,7.049,2.453
4762,6.991,2.534
4763,6.860,2.381
4764,6.946,2.399
4765,6.910,2.398
4766,6.894,2.441
4767,6.855,2.412
4768,6.890,2.417
4769,6.872,2.389
4770,6.990,2.399
4771,7.037,2.418
4772,7.049,2.381
4773,6.881,2.503
4774,6.930,2.408
4775,7.109,2.402
4776,7.183,2.344
4777,7.125,2.461
4778,6.976,2.378
4779,7.068,2.388
4780,7.010,2.277
4781,7.054,2.297
4782,7.231,2.404
4783,7.177,2.333
4784,7.133,2.339
4785,7.139,2.398
4786,7.058,2.280
4787,7.066,2.350
4788,7.041,2.343
4789,6.873,2.306
4790,6.884,2.355
4791,6.979,2.337
4792,6.848,2.300
4793,6.815,2.326
4794,6.917,2.217
4795,7.002,2.348
4796,6.876,2.254
4797,6.739,2.259
4798,6.804,2.258
4799,6.885,2.334
4800,6.879,2.389
4801,6.910,2.431
4802,6.961,2.418
4803,7.057,2.453
4804,7.066,2.359
4805,7.137,2.476
4806,7.084,2.311
4807,7.090,2.303
4808,7.101,2.331
4809,7.192,2.418
4810,7.168,2.386
4811,7.059,2.380
4812,7.095,2.307
4813,6.981,2.312
4814,6.972,2.323
4815,6.887,2.389
4816,6.966,2.365
4817,6.952,2.371
4818,6.926,2.297
4819,6.855,2.281
4820,6.724,2.312
4821,6.821,2.345
4822,6.825,2.310
4823,6.843,2.328
4824,6.960,2.360
4825,6.979,2.384
4826,6.856,2.435
4827,6.757,2.437
4828,6.741,2.492
4829,6.746,2.424
4830,6.735,2.504
4831,6.709,2.563
4832,6.718,2.489
4833,6.667,2.503
4834,6.708,2.464
4835,6.777,2.513
4836,6.703,2.441
4837,6.922,2.474
4838,6.848,2.523
4839,6.766,2.503
4840,6.926,2.486
4841,6.777,2.504
4842,6.752,2.493
4843,6.730,2.436
4844,6.820,2.463
4845,6.852,2.418
4846,6.976,2.523
4847,7.003,2.539
4848,6.919,2.418
4849,6.855,2.340
4850,7.045,2.403
4851,6.890,2.370
4852,6.796,2.395
4853,6.587,2.342
4854,6.693,2.457
4855,6.703,2.432
4856,6.771,2.512
4857,6.710,2.476
4858,6.749,2.426
4859,6.774,2.429
4860,6.832,2.438
4861,6.978,2.352
4862,7.026,2.368
4863,6.915,2.340
4864,6.992,2.361
4865,7.015,2.389
4866,7.025,2.401
4867,6.866,2.378
4868,6.886,2.469
4869,6.767,2.432
4870,6.816,2.430
4871,6.897,2.411
4872,6.856,2.355
4873,6.789,2.454
4874,6.809,2.407
4875,6.750,2.333
4876,6.814,2.365
4877,6.911,2.426
4878,6.882,2.406
4879,6.890,2.455
4880,6.912,2.525
4881,6.943,2.521
4882,6.873,2.503
4883,6.853,2.377
4884,6.905,2.436
4885,6.966,2.427
4886,6.910,2.440
4887,6.823,2.334
4888,6.982,2.486
4889,7.009,2.495
4890,7.016,2.418
4891,7.005,2.355
4892,7.045,2.498
4893,7.125,2.444
4894,7.077,2.417
4895,7.070,2.369
4896,7.004,2.356
4897,7.071,2.470
4898,7.000,2.374
4899,6.986,2.386
4900,6.933,2.425
4901,7.087,2.415
4902,7.008,2.405
4903,7.014,2.386
4904,6.970,2.394
4905,7.008,2.434
4906,7.023,2.405
4907,7.026,2.358
4908,7.030,2.352
4909,7.009,2.333
4910,6.951,2.351
4911,6.877,2.342
4912,6.953,2.327
4913,7.043,2.303
4914,6.935,2.391
4915,7.015,2.398
4916,7.127,2.414
4917,7.093,2.420
4918,7.135,2.387
4919,6.971,2.310
4920,7.041,2.365
4921,7.064,2.294
4922,7.076,2.437
4923,7.006,2.345
4924,7.085,2.328
4925,7.009,2.322
4926,7.024,2.279
4927,7.081,2.411
4928,7.158,2.406
4929,7.126,2.437
4930,7.024,2.371
4931,6.900,2.370
4932,6.959,2.375
4933,6.950,2.352
4934,7.046,2.415
4935,7.027,2.478
4936,7.031,2.357
4937,7.018,2.444
4938,6.976,2.332
4939,6.956,2.314
4940,7.057,2.361
4941,7.044,2.461
4942,6.979,2.323
4943,7.113,2.365
4944,7.085,2.390
4945,7.199,2.414
4946,7.044,2.345
4947,7.102,2.407
4948,7.027,2.413
4949,7.107,2.428
4950,7.068,2.378
4951,7.085,2.439
4952,6.929,2.444
4953,6.868,2.346
4954,6.946,2.378
4955,7.043,2.287
4956,7.063,2.391
4957,7.038,2.353
4958,7.012,2.455
4959,7.093,2.439
4960,7.118,2.419
4961,7.062,2.483
4962,6.964,2.389
4963,6.942,2.542
4964,6.896,2.471
4965,6.895,2.471
4966,6.922,2.389
4967,6.954,2.472
4968,7.042,2.505
4969,7.166,2.444
4970,7.186,2.517
4971,7.057,2.480
4972,7.008,2.382
4973,7.018,2.424
4974,7.069,2.424
4975,7.173,2.507
4976,7.276,2.504
4977,7.082,2.445
4978,6.977,2.418
4979,7.042,2.351
4980,6.919,2.398
4981,6.795,2.362
4982,6.803,2.379
4983,6.727,2.299
4984,6.862,2.331
4985,6.741,2.355
4986,6.726,2.406
4987,6.693,2.307
4988,6.854,2.374
4989,6.935,2.416
4990,6.868,2.351
4991,6.967,2.373
4992,7.052,2.385
4993,6.987,2.451
4994,6.916,2.403
4995,6.829,2.478
4996,7.025,2.346
4997,6.937,2.449
4998,6.996,2.478
4999,6.975,2.472
5000,7.164,2.521
5001,6.973,2.555
5002,6.963,2.567
5003,6.979,2.448
5004,7.017,2.471
5005,7.102,2.433
5006,7.211,2.504
5007,7.416,2.596
5008,7.571,2.520
5009,7.410,2.470
5010,7.493,2.384
5011,7.441,2.397
5012,7.314,2.354
5013,7.230,2.360
5014,7.224,2.465
5015,7.168,2.402
5016,7.213,2.383
5017,7.222,2.483
5018,7.233,2.407
5019,7.347,2.421
5020,7.243,2.438
5021,7.155,2.304
5022,7.167,2.334
5023,7.214,2.451
5024,7.216,2.479
5025,7.145,2.369
5026,7.194,2.375
5027,7.167,2.445
5028,7.077,2.364
5029,7.079,2.426
5030,7.186,2.473
5031,7.089,2.396
5032,7.078,2.434
5033,7.072,2.364
5034,7.129,2.264
5035,7.036,2.339
5036,7.026,2.377
5037,7.027,2.469
5038,7.154,2.408
5039,7.216,2.381
5040,7.144,2.340
5041,7.026,2.315
5042,7.161,2.358
5043,7.243,2.460
5044,7.172,2.289
5045,7.138,2.379
5046,7.071,2.315
5047,7.157,2.396
5048,7.055,2.447
5049,7.137,2.434
5050,7.042,2.512
5051,7.112,2.576
5052,7.204,2.555
5053,6.984,2.524
5054,6.845,2.455
5055,7.018,2.436
5056,6.992,2.416
5057,6.799,2.368
5058,6.839,2.360
5059,6.864,2.364
5060,7.025,2.526
5061,7.070,2.471
5062,7.031,2.561
5063,6.931,2.534
5064,7.079,2.536
5065,7.024,2.483
5066,7.037,2.456
5067,6.958,2.490
5068,7.044,2.438
5069,7.210,2.479
5070,7.310,2.551
5071,7.222,2.536
5072,7.150,2.489
5073,7.108,2.563
5074,7.246,2.568
5075,7.315,2.554
5076,7.204,2.478
5077,7.302,2.544
5078,7.129,2.577
5079,7.155,2.518
5080,7.031,2.476
5081,6.868,2.522
5082,6.977,2.570
5083,6.878,2.477
5084,6.925,2.473
5085,7.025,2.350
5086,6.960,2.367
5087,6.990,2.459
5088,6.939,2.435
5089,7.014,2.497
5090,7.066,2.543
5091,7.002,2.563
5092,7.113,2.512
5093,7.210,2.522
5094,7.113,2.541
5095,7.202,2.465
5096,7.026,2.451
5097,7.051,2.480
5098,7.048,2.442
5099,6.840,2.410
5100,6.840,2.407
5101,6.955,2.497
5102,6.887,2.466
5103,6.912,2.440
5104,6.899,2.418
5105,6.896,2.472
5106,6.802,2.455
5107,6.657,2.446
5108,6.876,2.533
5109,6.874,2.438
5110,6.789,2.489
5111,6.934,2.435
5112,6.979,2.507
5113,7.030,2.525
5114,7.069,2.518
5115,6.999,2.479
5116,7.048,2.530
5117,7.062,2.534
5118,7.031,2.564
5119,6.921,2.536
5120,6.934,2.576
5121,7.103,2.713
5122,7.021,2.646
5123,6.878,2.698
5124,6.950,2.783
5125,6.995,2.736
5126,7.041,2.631
5127,7.067,2.612
5128,6.980,2.555
5129,6.999,2.595
5130,6.907,2.504
5131,6.847,2.571
5132,6.898,2.605
5133,6.741,2.587
5134,6.776,2.479
5135,6.890,2.510
5136,6.778,2.611
5137,6.936,2.528
5138,7.010,2.573
5139,6.901,2.499
5140,6.848,2.482
5141,6.845,2.361
5142,6.941,2.353
5143,7.089,2.456
5144,7.306,2.546
5145,7.281,2.416
5146,7.135,2.489
5147,7.132,2.446
5148,7.076,2.461
5149,7.025,2.471
5150,6.985,2.507
5151,6.896,2.502
5152,6.907,2.450
5153,6.780,2.438
5154,6.986,2.541
5155,6.905,2.513
5156,7.048,2.434
5157,7.001,2.423
5158,7.037,2.469
5159,7.008,2.440
5160,7.141,2.504
5161,7.201,2.383
5162,7.316,2.459
5163,7.012,2.364
5164,7.031,2.362
5165,7.094,2.411
5166,7.121,2.500
5167,7.115,2.472
5168,7.097,2.449
5169,7.062,2.467
5170,7.112,2.382
5171,7.127,2.411
5172,6.898,2.329
5173,6.979,2.340
5174,6.883,2.346
5175,6.874,2.403
5176,7.132,2.506
5177,7.165,2.380
5178,7.258,2.404
5179,7.080,2.392
5180,7.180,2.448
5181,7.175,2.477
5182,7.080,2.416
5183,6.979,2.368
5184,7.253,2.500
5185,7.009,2.430
5186,7.078,2.414
5187,7.184,2.505
5188,7.061,2.492
5189,6.873,2.498
5190,6.861,2.441
5191,6.954,2.423
5192,6.802,2.320
5193,6.868,2.362
5194,6.767,2.295
5195,6.843,2.287
5196,6.963,2.355
5197,7.165,2.364
5198,7.196,2.342
5199,7.152,2.373
5200,7.238,2.437
5201,7.270,2.355
5202,7.324,2.298
5203,7.335,2.332
5204,7.216,2.293
5205,7.506,2.365
5206,7.330,2.362
5207,7.230,2.351
5208,7.176,2.371
5209,7.239,2.319
5210,7.283,2.421
5211,7.306,2.421
5212,7.194,2.444
5213,7.154,2.428
5214,7.145,2.362
5215,7.244,2.380
5216,7.081,2.400
5217,7.089,2.359
5218,6.937,2.361
5219,7.167,2.340
5220,7.127,2.384
5221,7.165,2.440
5222,7.070,2.426
5223,7.101,2.354
5224,7.289,2.347
5225,7.420,2.467
5226,7.499,2.368
5227,7.372,2.488
5228,7.285,2.472
5229,7.444,2.538
5230,7.424,2.449
5231,7.202,2.462
5232,7.295,2.429
5233,7.071,2.373
5234,7.210,2.403
5235,7.235,2.454
5236,7.187,2.448
5237,7.269,2.461
5238,7.443,2.507
5239,7.426,2.538
5240,7.474,2.552
5241,7.599,2.591
5242,7.510,2.597
5243,7.507,2.614
5244,7.520,2.506
5245,7.544,2.584
5246,7.500,2.630
5247,7.447,2.549
5248,7.551,2.539
5249,7.336,2.413
5250,7.387,2.434
5251,7.479,2.463
5252,7.505,2.464
5253,7.414,2.538
5254,7.404,2.566
5255,7.438,2.501
5256,7.566,2.469
5257,7.508,2.583
5258,7.558,2.569
5259,7.467,2.484
5260,7.387,2.489
5261,7.433,2.592
5262,7.278,2.439
5263,7.287,2.378
5264,7.418,2.505
5265,7.298,2.433
5266,7.314,2.496
5267,7.354,2.549
5268,7.408,2.506
5269,7.473,2.486
5270,7.426,2.512
5271,7.261,2.519
5272,7.472,2.570
5273,7.400,2.552
5274,7.603,2.585
5275,7.459,2.589
5276,7.457,2.609
5277,7.425,2.610
5278,7.368,2.565
5279,7.318,2.654
5280,7.146,2.539
5281,6.948,2.560
5282,7.175,2.531
5283,7.072,2.529
5284,7.157,2.691
5285,7.073,2.555
5286,7.038,2.531
5287,7.194,2.661
5288,7.061,2.601
5289,7.190,2.674
5290,7.126,2.560
5291,7.091,2.569
5292,7.050,2.484
5293,7.246,2.445
5294,7.239,2.517
5295,7.127,2.528
5296,6.923,2.451
5297,6.911,2.539
5298,6.786,2.478
5299,7.004,2.534
5300,6.959,2.544
5301,7.110,2.502
5302,6.896,2.410
5303,6.778,2.434
5304,6.886,2.431
5305,6.934,2.541
5306,6.873,2.379
5307,6.961,2.450
5308,7.013,2.521
5309,6.881,2.450
5310,6.747,2.413
5311,6.802,2.483
5312,6.801,2.444
5313,6.658,2.456
5314,6.666,2.455
5315,6.689,2.361
5316,6.754,2.346
5317,6.709,2.345
5318,6.919,2.464
5319,6.808,2.396
5320,6.994,2.392
5321,7.078,2.415
5322,6.774,2.381
5323,6.835,2.437
5324,6.989,2.464
5325,6.980,2.474
5326,7.039,2.415
5327,7.090,2.420
5328,7.010,2.420
5329,6.932,2.477
5330,6.901,2.465
5331,6.894,2.459
5332,6.951,2.509
5333,6.823,2.392
5334,6.918,2.448
5335,7.089,2.512
5336,7.112,2.570
5337,7.108,2.619
5338,7.008,2.574
5339,6.914,2.553
5340,6.984,2.579
5341,7.022,2.591
5342,6.918,2.491
5343,7.067,2.453
5344,6.973,2.535
5345,6.888,2.468
5346,6.899,2.427
5347,7.004,2.423
5348,6.859,2.366
5349,7.040,2.418
5350,7.038,2.408
5351,7.011,2.384
5352,7.090,2.397
5353,7.070,2.305
5354,7.103,2.421
5355,7.000,2.389
5356,6.909,2.310
5357,6.806,2.296
5358,6.686,2.324
5359,6.839,2.402
5360,6.980,2.451
5361,6.956,2.388
5362,6.936,2.368
5363,7.015,2.476
5364,7.054,2.512
5365,7.045,2.499
5366,7.075,2.496
5367,7.185,2.545
5368,7.072,2.617
5369,6.971,2.556
5370,6.717,2.587
5371,6.875,2.538
5372,7.051,2.576
5373,7.051,2.644
5374,7.137,2.499
5375,7.070,2.415
5376,7.065,2.428
5377,7.286,2.497
5378,7.155,2.420
5379,6.984,2.382
5380,7.145,2.383
5381,7.191,2.453
5382,7.095,2.498
5383,7.097,2.475
5384,7.091,2.446
5385,7.044,2.467
5386,7.001,2.505
5387,6.937,2.513
5388,7.028,2.579
5389,6.862,2.547
5390,6.899,2.567
5391,6.962,2.600
5392,6.766,2.619
5393,6.764,2.586
5394,6.760,2.543
5395,6.806,2.585
5396,6.752,2.442
5397,6.839,2.522
5398,6.898,2.494
5399,6.802,2.589
5400,6.760,2.530
5401,6.877,2.559
5402,6.774,2.446
5403,6.812,2.518
5404,6.873,2.476
5405,6.757,2.451
5406,6.849,2.498
5407,6.922,2.485
5408,7.122,2.557
5409,7.100,2.609
5410,7.047,2.613
5411,7.020,2.492
5412,7.160,2.489
5413,7.166,2.462
5414,6.990,2.529
5415,6.893,2.463
5416,7.013,2.332
5417,7.178,2.478
5418,7.220,2.536
5419,7.067,2.475
5420,7.157,2.489
5421,7.053,2.395
5422,7.104,2.428
5423,7.045,2.379
5424,6.991,2.363
5425,7.051,2.306
5426,7.134,2.355
5427,6.986,2.331
5428,6.840,2.300
5429,6.848,2.215
5430,6.898,2.255
5431,6.855,2.311
5432,6.920,2.272
5433,6.961,2.266
5434,7.142,2.384
5435,7.024,2.345
5436,6.975,2.335
5437,6.865,2.320
5438,6.869,2.228
5439,6.956,2.287
5440,6.895,2.255
5441,6.890,2.172
5442,6.757,2.260
5443,6.753,2.123
5444,6.895,2.254
5445,6.924,2.370
5446,6.921,2.324
5447,6.913,2.263
5448,6.958,2.324
5449,6.888,2.269
5450,6.819,2.258
5451,6.833,2.206
5452,6.846,2.193
5453,6.789,2.278
5454,6.705,2.288
5455,6.898,2.357
5456,7.017,2.314
5457,7.167,2.302
5458,7.187,2.312
5459,7.146,2.359
5460,7.051,2.279
5461,7.127,2.239
5462,7.183,2.201
5463,7.085,2.231
5464,7.019,2.405
5465,6.989,2.280
5466,6.903,2.327
5467,7.051,2.359
5468,7.034,2.285
5469,7.055,2.389
5470,7.110,2.346
5471,7.126,2.440
5472,6.931,2.294
5473,6.940,2.273
5474,6.927,2.253
5475,6.841,2.211
5476,6.890,2.276
5477,6.854,2.236
5478,6.925,2.214
5479,6.884,2.242
5480,6.804,2.223
5481,6.906,2.268
5482,6.960,2.299
5483,6.944,2.356
5484,6.858,2.357
5485,6.768,2.350
5486,6.937,2.354
5487,6.993,2.325
5488,6.915,2.380
5489,6.893,2.382
5490,7.032,2.381
5491,7.015,2.365
5492,6.869,2.454
5493,6.775,2.380
5494,6.952,2.347
5495,6.870,2.307
5496,6.861,2.255
5497,6.792,2.326
5498,6.800,2.333
5499,6.764,2.333
5500,6.821,2.346
5501,6.919,2.283
5502,6.926,2.292
5503,6.981,2.322
5504,6.946,2.331
5505,6.904,2.328
5506,6.826,2.412
5507,6.792,2.356
5508,6.827,2.345
5509,6.896,2.318
5510,6.676,2.318
5511,6.943,2.309
5512,7.002,2.358
5513,6.835,2.348
5514,6.862,2.368
5515,6.753,2.352
5516,6.813,2.371
5517,6.747,2.388
5518,6.817,2.331
5519,6.909,2.388
5520,6.989,2.435
5521,6.892,2.404
5522,7.015,2.425
5523,7.047,2.450
5524,6.889,2.372
5525,6.923,2.374
5526,7.029,2.399
5527,7.041,2.322
5528,7.026,2.367
5529,7.094,2.465
5530,7.041,2.431
5531,7.013,2.348
5532,6.967,2.373
5533,7.029,2.346
5534,7.004,2.375
5535,7.050,2.345
5536,6.925,2.414
5537,6.881,2.426
5538,7.005,2.435
5539,7.015,2.540
5540,6.976,2.389
5541,6.929,2.481
5542,6.942,2.493
5543,6.834,2.490
5544,6.938,2.530
5545,6.951,2.445
5546,6.969,2.476
5547,6.932,2.393
5548,6.936,2.400
5549,6.957,2.492
5550,6.813,2.420
5551,6.823,2.475
5552,6.947,2.575
5553,7.014,2.507
5554,6.989,2.361
5555,6.987,2.455
5556,6.911,2.392
5557,6.989,2.457
5558,6.916,2.394
5559,6.835,2.376
5560,6.950,2.381
5561,6.911,2.411
5562,6.940,2.424
5563,6.788,2.406
5564,6.847,2.449
5565,6.967,2.356
5566,6.949,2.416
5567,7.036,2.415
5568,6.792,2.357
5569,6.980,2.411
5570,6.826,2.389
5571,6.801,2.275
5572,6.842,2.330
5573,6.772,2.262
5574,6.842,2.334
5575,6.778,2.268
5576,6.909,2.402
5577,6.761,2.445
5578,6.824,2.354
5579,6.852,2.393
5580,6.831,2.469
5581,6.874,2.418
5582,6.946,2.406
5583,6.947,2.534
5584,6.852,2.406
5585,6.785,2.367
5586,6.813,2.428
5587,6.767,2.507
5588,6.750,2.462
5589,6.921,2.537
5590,6.766,2.470
5591,6.890,2.474
5592,6.812,2.552
5593,6.752,2.493
5594,6.847,2.524
5595,6.878,2.510
5596,6.956,2.415
5597,6.894,2.474
5598,6.888,2.458
5599,6.705,2.478
5600,6.855,2.463
5601,6.892,2.519
5602,6.926,2.465
5603,7.048,2.531
5604,6.940,2.498
5605,6.943,2.468
5606,6.926,2.467
5607,6.862,2.510
5608,6.795,2.564
5609,6.747,2.485
5610,6.822,2.543
5611,6.740,2.545
5612,6.925,2.571
5613,6.787,2.455
5614,6.932,2.556
5615,6.829,2.470
5616,6.773,2.399
5617,6.831,2.423
5618,6.671,2.480
5619,6.767,2.480
5620,6.737,2.386
5621,6.752,2.394
5622,6.556,2.377
5623,6.654,2.484
5624,6.647,2.475
5625,6.822,2.457
5626,6.859,2.557
5627,6.603,2.489
5628,6.684,2.523
5629,6.673,2.572
5630,6.906,2.536
5631,6.734,2.514
5632,6.748,2.518
5633,6.756,2.682
5634,6.731,2.647
5635,6.834,2.632
5636,6.840,2.661
5637,6.928,2.640
5638,6.945,2.648
5639,6.876,2.678
5640,6.799,2.533
5641,6.925,2.601
5642,6.956,2.534
5643,6.864,2.594
5644,6.903,2.585
5645,6.930,2.571
5646,7.098,2.556
5647,6.872,2.632
5648,6.984,2.638
5649,6.947,2.633
5650,6.985,2.536
5651,6.985,2.673
5652,6.887,2.730
5653,6.801,2.573
5654,6.927,2.618
5655,6.976,2.622
5656,6.909,2.632
5657,7.010,2.571
5658,6.955,2.561
5659,6.943,2.591
5660,6.930,2.650
5661,6.988,2.602
5662,7.083,2.531
5663,7.080,2.620
5664,7.059,2.648
5665,7.033,2.609
5666,7.034,2.640
5667,7.107,2.564
5668,7.109,2.645
5669,7.164,2.684
5670,7.173,2.657
5671,7.283,2.771
5672,7.186,2.727
5673,7.235,2.754
5674,7.276,2.820
5675,7.225,2.681
5676,7.214,2.591
5677,7.126,2.621
5678,7.020,2.574
5679,6.946,2.650
5680,7.084,2.690
5681,7.125,2.561
5682,7.110,2.581
5683,7.081,2.625
5684,7.259,2.668
5685,7.228,2.718
5686,7.184,2.655
5687,7.201,2.661
5688,7.399,2.681
5689,7.337,2.698
5690,7.426,2.640
5691,7.492,2.685
5692,7.277,2.599
5693,7.282,2.690
5694,7.297,2.700
5695,7.283,2.663
5696,7.323,2.623
5697,7.354,2.701
5698,7.396,2.751
5699,7.321,2.705
5700,7.215,2.745
5701,7.176,2.671
5702,7.344,2.751
5703,7.356,2.757
5704,7.252,2.673
5705,7.269,2.682
5706,7.166,2.717
5707,7.286,2.806
5708,7.341,2.725
5709,7.396,2.744
5710,7.171,2.708
5711,7.293,2.761
5712,7.317,2.682
5713,7.245,2.696
5714,7.360,2.758
5715,7.133,2.684
5716,7.162,2.614
5717,7.229,2.722
5718,7.133,2.764
5719,7.171,2.726
5720,7.097,2.695
5721,7.027,2.697
5722,6.995,2.729
5723,7.103,2.693
5724,6.943,2.675
5725,7.038,2.650
5726,7.088,2.599
5727,7.061,2.692
5728,7.050,2.746
5729,6.913,2.667
5730,6.871,2.680
5731,6.999,2.645
5732,7.026,2.826
5733,7.153,2.799
5734,7.124,2.798
5735,7.176,2.779
5736,7.351,2.812
5737,7.280,2.775
5738,7.154,2.674
5739,7.140,2.612
5740,7.187,2.651
5741,7.218,2.712
5742,7.240,2.770
5743,7.320,2.683
5744,7.415,2.731
5745,7.333,2.719
5746,7.450,2.754
5747,7.489,2.749
5748,7.114,2.625
5749,7.258,2.726
5750,7.227,2.695
5751,7.236,2.699
5752,7.169,2.718
5753,7.071,2.619
5754,7.221,2.689
5755,7.174,2.673
5756,7.302,2.699
5757,7.214,2.660
5758,7.208,2.678
5759,7.095,2.674
5760,6.999,2.632
5761,7.213,2.614
5762,7.254,2.635
5763,7.282,2.657
5764,7.306,2.664
5765,7.285,2.561
5766,7.371,2.551
5767,7.370,2.542
5768,7.364,2.594
5769,7.383,2.604
5770,7.351,2.547
5771,7.425,2.659
5772,7.417,2.623
5773,7.434,2.747
5774,7.314,2.653
5775,7.338,2.702
5776,7.255,2.631
5777,7.377,2.684
5778,7.292,2.700
5779,7.314,2.599
5780,7.189,2.644
5781,7.159,2.634
5782,7.186,2.646
5783,7.190,2.711
5784,7.244,2.694
5785,7.199,2.684
5786,7.277,2.667
5787,7.230,2.605
5788,7.252,2.670
5789,7.204,2.760
5790,7.270,2.691
5791,7.261,2.666
5792,7.336,2.717
5793,7.231,2.663
5794,7.147,2.574
5795,7.298,2.593
5796,7.279,2.659
5797,7.162,2.562
5798,7.161,2.617
5799,7.300,2.595
5800,7.190,2.598
5801,7.156,2.556
5802,7.153,2.521
5803,7.091,2.541
5804,7.096,2.548
5805,7.128,2.651
5806,7.186,2.628
5807,7.213,2.687
5808,7.281,2.711
5809,7.294,2.701
5810,7.236,2.676
5811,7.242,2.673
5812,7.165,2.642
5813,7.198,2.650
5814,7.294,2.749
5815,7.211,2.738
5816,7.148,2.662
5817,7.083,2.653
5818,7.077,2.630
5819,7.168,2.698
5820,7.102,2.604
5821,7.118,2.540
5822,7.119,2.526
5823,7.104,2.606
5824,7.310,2.645
5825,7.140,2.676
5826,7.100,2.653
5827,7.167,2.713
5828,7.163,2.628
5829,7.287,2.754
5830,7.340,2.702
5831,7.278,2.680
5832,7.186,2.696
5833,7.415,2.690
5834,7.410,2.719
5835,7.371,2.767
5836,7.410,2.623
5837,7.412,2.646
5838,7.442,2.773
5839,7.250,2.719
5840,7.311,2.688
5841,7.337,2.691
5842,7.283,2.661
5843,7.336,2.661
5844,7.288,2.624
5845,7.298,2.552
5846,7.426,2.537
5847,7.332,2.618
5848,7.178,2.578
5849,7.194,2.504
5850,7.243,2.492
5851,7.321,2.589
5852,7.429,2.702
5853,7.353,2.603
5854,7.263,2.464
5855,7.119,2.450
5856,7.247,2.486
5857,7.235,2.487
5858,7.217,2.520
5859,7.201,2.544
5860,7.128,2.535
5861,7.177,2.563
5862,7.088,2.460
5863,7.270,2.575
5864,7.213,2.603
5865,7.298,2.515
5866,7.266,2.467
5867,7.283,2.320
5868,7.264,2.419
5869,7.421,2.505
5870,7.384,2.566
5871,7.427,2.577
5872,7.534,2.618
5873,7.366,2.549
5874,7.364,2.667
5875,7.407,2.621
5876,7.443,2.635
5877,7.252,2.609
5878,7.367,2.601
5879,7.292,2.616
5880,7.296,2.624
5881,7.283,2.554
5882,7.188,2.542
5883,7.277,2.585
5884,7.170,2.635
5885,7.095,2.526
5886,7.288,2.539
5887,7.274,2.539
5888,7.242,2.522
5889,7.294,2.502
5890,7.122,2.499
5891,7.165,2.487
5892,7.102,2.543
5893,7.058,2.459
5894,7.144,2.597
5895,7.172,2.647
5896,7.183,2.571
5897,7.238,2.630
5898,7.203,2.684
5899,7.285,2.709
5900,7.379,2.706
5901,7.262,2.696
5902,7.418,2.797
5903,7.481,2.814
5904,7.395,2.760
5905,7.442,2.697
5906,7.288,2.630
5907,7.391,2.668
5908,7.600,2.728
5909,7.464,2.607
5910,7.600,2.663
5911,7.715,2.623
5912,7.547,2.700
5913,7.586,2.625
5914,7.423,2.598
5915,7.407,2.613
5916,7.472,2.655
5917,7.537,2.714
5918,7.514,2.623
5919,7.656,2.661
5920,7.729,2.695
5921,7.723,2.698
5922,7.814,2.790
5923,7.826,2.772
5924,7.679,2.717
5925,7.801,2.718
5926,7.781,2.789
5927,7.700,2.770
5928,7.651,2.770
5929,7.510,2.722
5930,7.766,2.798
5931,7.723,2.784
5932,7.611,2.677
5933,7.606,2.756
5934,7.604,2.732
5935,7.639,2.645
5936,7.644,2.702
5937,7.654,2.796
5938,7.592,2.791
5939,7.575,2.735
5940,7.451,2.665
5941,7.592,2.638
5942,7.661,2.724
5943,7.659,2.759
5944,7.442,2.675
5945,7.709,2.640
5946,7.660,2.670
5947,7.644,2.741
5948,7.587,2.699
5949,7.763,2.664
5950,7.592,2.702
5951,7.729,2.695
5952,7.566,2.659
5953,7.562,2.651
5954,7.514,2.647
5955,7.513,2.680
5956,7.512,2.667
5957,7.523,2.678
5958,7.644,2.769
5959,7.495,2.647
5960,7.460,2.704
5961,7.529,2.718
5962,7.359,2.681
5963,7.334,2.705
5964,7.481,2.787
5965,7.398,2.743
5966,7.413,2.705
5967,7.375,2.709
5968,7.339,2.788
5969,7.399,2.694
5970,7.456,2.708
5971,7.466,2.749
5972,7.294,2.651
5973,7.372,2.738
5974,7.517,2.800
5975,7.709,2.876
5976,7.687,2.732
5977,7.604,2.732
5978,7.525,2.767
5979,7.484,2.775
5980,7.503,2.718
5981,7.535,2.757
5982,7.525,2.717
5983,7.468,2.639
5984,7.607,2.814
5985,7.615,2.776
5986,7.602,2.735
5987,7.646,2.743
5988,7.512,2.756
5989,7.585,2.816
5990,7.705,2.944
5991,7.670,2.927
5992,7.558,2.958
5993,7.565,2.890
5994,7.440,2.868
5995,7.550,2.938
5996,7.462,2.841
5997,7.487,2.841
5998,7.442,2.748
5999,7.428,2.834
6000,7.439,2.902
6001,7.401,2.789
6002,7.380,2.812
6003,7.386,2.746
6004,7.420,2.765
6005,7.490,2.842
6006,7.479,2.835
6007,7.559,2.869
6008,7.504,2.805
6009,7.431,2.896
6010,7.538,2.946
6011,7.284,2.846
6012,7.227,2.915
6013,7.450,2.886
6014,7.520,2.885
6015,7.391,2.787
6016,7.541,2.853
6017,7.554,2.901
6018,7.368,2.787
6019,7.502,2.849
6020,7.423,2.810
6021,7.376,2.810
6022,7.500,2.902
6023,7.505,2.897
6024,7.620,2.928
6025,7.595,2.923
6026,7.665,2.869
6027,7.536,2.956
6028,7.682,2.999
6029,7.559,2.921
6030,7.591,2.887
6031,7.679,2.983
6032,7.594,2.930
6033,7.452,2.939
6034,7.438,2.863
6035,7.421,2.900
6036,7.383,2.832
6037,7.443,2.792
6038,7.502,2.862
6039,7.529,2.783
6040,7.522,2.842
6041,7.560,2.866
6042,7.631,2.976
6043,7.512,2.886
6044,7.543,2.974
6045,7.453,2.838
6046,7.542,2.992
6047,7.412,2.912
6048,7.511,2.975
6049,7.622,3.063
6050,7.562,2.958
6051,7.513,2.908
6052,7.380,2.926
6053,7.460,2.974
6054,7.342,2.856
6055,7.375,2.879
6056,7.246,2.811
6057,7.301,2.836
6058,7.339,2.802
6059,7.273,2.816
6060,7.234,2.813
6061,7.210,2.793
6062,7.305,2.778
6063,7.325,2.758
6064,7.339,2.854
6065,7.192,2.845
6066,7.258,2.770
6067,7.246,2.848
6068,7.324,2.902
6069,7.375,2.952
6070,7.455,2.869
6071,7.417,2.890
6072,7.331,2.800
6073,7.491,2.871
6074,7.370,2.845
6075,7.168,2.782
6076,7.113,2.753
6077,6.883,2.669
6078,6.993,2.644
6079,6.993,2.622
6080,6.961,2.628
6081,6.887,2.685
6082,6.989,2.649
6083,6.963,2.569
6084,6.915,2.638
6085,6.918,2.582
6086,6.977,2.629
6087,7.046,2.570
6088,7.079,2.677
6089,6.792,2.584
6090,6.966,2.539
6091,6.983,2.583
6092,7.113,2.642
6093,7.065,2.605
6094,7.126,2.616
6095,7.079,2.580
6096,7.095,2.531
6097,7.066,2.561
6098,7.141,2.514
6099,7.083,2.598
6100,7.086,2.608
6101,7.032,2.605
6102,7.078,2.529
6103,7.054,2.487
6104,6.994,2.584
6105,7.170,2.604
6106,7.202,2.684
6107,7.140,2.596
6108,7.166,2.673
6109,7.079,2.608
6110,7.006,2.641
6111,7.032,2.541
6112,7.168,2.624
6113,6.922,2.575
6114,6.970,2.575
6115,6.934,2.677
6116,6.914,2.639
6117,6.921,2.725
6118,7.002,2.729
6119,6.989,2.616
6120,7.102,2.644
6121,6.867,2.752
6122,6.805,2.582
6123,6.856,2.551
6124,7.075,2.715
6125,6.989,2.707
6126,7.102,2.780
6127,7.103,2.720
6128,7.040,2.694
6129,7.160,2.742
6130,6.998,2.671
6131,7.007,2.758
6132,7.135,2.781
6133,7.124,2.793
6134,7.272,2.642
6135,7.091,2.641
6136,7.038,2.597
6137,7.147,2.683
6138,7.064,2.615
6139,7.131,2.759
6140,7.178,2.720
6141,7.283,2.700
6142,7.132,2.652
6143,7.217,2.749
6144,7.142,2.653
6145,7.151,2.583
6146,7.141,2.650
6147,7.094,2.664
6148,7.166,2.670
6149,7.267,2.669
6150,7.206,2.664
6151,7.130,2.685
6152,6.994,2.684
6153,7.200,2.742
6154,7.101,2.774
6155,7.225,2.669
6156,7.124,2.720
6157,7.247,2.706
6158,7.146,2.803
6159,7.103,2.752
6160,7.166,2.751
6161,7.135,2.800
6162,7.176,2.797
6163,7.226,2.812
6164,7.005,2.700
6165,7.136,2.661
6166,7.150,2.699
6167,7.200,2.762
6168,7.185,2.713
6169,7.344,2.841
6170,7.213,2.793
6171,7.109,2.727
6172,7.052,2.694
6173,7.044,2.737
6174,7.161,2.883
6175,7.056,2.795
6176,7.002,2.752
6177,7.003,2.782
6178,7.132,2.812
6179,7.031,2.758
6180,7.107,2.813
6181,6.994,2.744
6182,7.077,2.832
6183,7.078,2.795
6184,7.130,2.853
6185,7.183,2.883
6186,7.046,2.718
6187,7.159,2.764
6188,7.090,2.794
6189,7.052,2.761
6190,7.034,2.717
6191,7.023,2.790
6192,7.081,2.799
6193,6.888,2.656
6194,7.060,2.794
6195,6.955,2.655
6196,6.956,2.708
6197,7.032,2.730
6198,6.889,2.807
6199,6.838,2.690
6200,6.906,2.675
6201,6.957,2.797
6202,7.003,2.766
6203,7.020,2.833
6204,7.064,2.789
6205,7.038,2.731
6206,7.062,2.731
6207,7.096,2.750
6208,7.030,2.764
6209,7.030,2.730
6210,6.999,2.714
6211,6.959,2.739
6212,6.915,2.713
6213,7.062,2.743
6214,7.081,2.761
6215,7.060,2.759
6216,7.074,2.705
6217,7.127,2.879
6218,7.113,2.856
6219,7.184,2.804
6220,7.206,2.883
6221,7.224,2.900
6222,7.397,3.005
6223,7.253,2.998
6224,7.221,2.916
6225,7.247,2.852
6226,7.262,2.898
6227,7.234,2.910
6228,7.097,2.786
6229,7.215,2.879
6230,7.262,2.956
6231,7.151,2.867
6232,7.226,2.847
6233,7.091,2.875
6234,7.115,2.892
6235,7.125,2.940
6236,7.118,2.852
6237,7.172,2.857
6238,7.211,2.808
6239,7.109,2.782
6240,7.092,2.782
6241,7.067,2.788
6242,7.102,2.816
6243,7.124,2.857
6244,7.125,2.865
6245,7.185,2.746
6246,7.076,2.708
6247,7.102,2.808
6248,6.916,2.757
6249,7.044,2.747
6250,6.936,2.651
6251,6.988,2.666
6252,6.966,2.660
6253,6.871,2.630
6254,6.853,2.656
6255,6.941,2.638
6256,7.019,2.708
6257,7.026,2.671
6258,6.924,2.576
6259,6.977,2.593
6260,7.036,2.611
6261,6.943,2.590
6262,6.926,2.591
6263,6.937,2.540
6264,6.794,2.570
6265,6.944,2.622
6266,7.023,2.707
6267,6.950,2.734
6268,6.909,2.594
6269,7.014,2.612
6270,7.050,2.605
6271,7.094,2.624
6272,7.056,2.578
6273,6.887,2.587
6274,6.936,2.617
6275,7.053,2.663
6276,7.098,2.681
6277,7.112,2.665
6278,7.121,2.640
6279,7.120,2.674
6280,7.109,2.600
6281,7.180,2.616
6282,7.206,2.786
6283,7.126,2.778
6284,7.047,2.784
6285,7.058,2.719
6286,7.133,2.756
6287,7.085,2.673
6288,7.194,2.664
6289,7.156,2.637
6290,7.165,2.632
6291,7.126,2.622
6292,7.058,2.579
6293,7.125,2.669
6294,7.069,2.633
6295,7.006,2.594
6296,7.143,2.739
6297,7.164,2.631
6298,7.193,2.679
6299,7.196,2.654
6300,7.055,2.663
6301,7.086,2.615
6302,7.121,2.699
6303,6.965,2.601
6304,6.981,2.552
6305,6.982,2.655
6306,7.044,2.605
6307,6.965,2.620
6308,6.907,2.612
6309,6.897,2.545
6310,6.982,2.592
6311,6.925,2.569
6312,6.917,2.525
6313,6.970,2.506
6314,6.958,2.524
6315,7.023,2.566
6316,6.885,2.602
6317,6.932,2.565
6318,6.974,2.638
6319,6.969,2.561
6320,6.989,2.590
6321,7.057,2.578
6322,6.988,2.592
6323,6.878,2.558
6324,6.755,2.487
6325,6.745,2.494
6326,6.797,2.525
6327,6.796,2.512
6328,6.930,2.536
6329,6.837,2.503
6330,6.876,2.509
6331,6.958,2.506
6332,6.966,2.467
6333,6.952,2.551
6334,7.051,2.580
6335,6.891,2.531
6336,6.978,2.624
6337,6.930,2.590
6338,6.895,2.566
6339,6.940,2.611
6340,7.029,2.643
6341,6.885,2.652
6342,6.950,2.591
6343,7.045,2.549
6344,7.100,2.566
6345,7.114,2.523
6346,7.142,2.454
6347,7.198,2.548
6348,7.204,2.617
6349,7.283,2.594
6350,7.231,2.502
6351,7.106,2.425
6352,7.228,2.539
6353,7.030,2.398
6354,7.039,2.406
6355,6.945,2.455
6356,6.896,2.467
6357,6.902,2.502
6358,6.967,2.523
6359,6.813,2.531
6360,6.883,2.527
6361,6.781,2.467
6362,6.873,2.440
6363,6.921,2.466
6364,6.984,2.540
6365,6.973,2.498
6366,6.991,2.565
6367,6.900,2.502
6368,6.916,2.489
6369,6.808,2.497
6370,6.821,2.448
6371,6.892,2.479
6372,6.968,2.514
6373,6.918,2.495
6374,6.851,2.498
6375,6.991,2.496
6376,6.932,2.448
6377,7.020,2.458
6378,7.121,2.560
6379,6.949,2.389
6380,6.836,2.361
6381,6.961,2.489
6382,7.009,2.450
6383,7.006,2.426
6384,6.908,2.365
6385,6.895,2.405
6386,7.016,2.400
6387,6.938,2.400
6388,6.943,2.398
6389,6.899,2.437
6390,6.879,2.331
6391,7.043,2.411
6392,6.977,2.489
6393,7.082,2.526
6394,6.984,2.400
6395,7.033,2.422
6396,7.168,2.596
6397,7.043,2.468
6398,6.993,2.487
6399,6.952,2.425
6400,7.002,2.509
6401,6.903,2.452
6402,6.886,2.332
6403,6.951,2.414
6404,6.909,2.380
6405,6.876,2.409
6406,6.797,2.362
6407,6.973,2.420
6408,6.949,2.502
6409,7.028,2.444
6410,6.970,2.524
6411,7.008,2.536
6412,7.081,2.538
6413,7.025,2.537
6414,7.069,2.517
6415,6.964,2.457
6416,6.916,2.465
6417,7.020,2.474
6418,7.004,2.480
6419,7.059,2.617
6420,6.979,2.578
6421,6.929,2.552
6422,7.000,2.650
6423,7.084,2.535
6424,6.968,2.513
6425,7.117,2.482
6426,7.051,2.467
6427,6.985,2.490
6428,6.767,2.405
6429,6.956,2.531
6430,6.960,2.592
6431,6.897,2.610
6432,6.892,2.531
6433,6.866,2.487
6434,6.946,2.486
6435,6.974,2.469
6436,7.076,2.574
6437,6.987,2.474
6438,6.920,2.458
6439,6.885,2.535
6440,6.842,2.449
6441,6.924,2.544
6442,6.897,2.552
6443,6.976,2.550
6444,6.911,2.598
6445,6.913,2.618
6446,6.981,2.622
6447,7.050,2.569
6448,7.078,2.561
6449,7.000,2.678
6450,6.985,2.634
6451,6.961,2.680
6452,6.897,2.696
6453,6.929,2.660
6454,6.952,2.664
6455,6.994,2.672
6456,6.885,2.656
6457,6.944,2.687
6458,6.899,2.649
6459,6.914,2.649
6460,6.863,2.648
6461,6.979,2.632
6462,6.982,2.682
6463,6.902,2.612
6464,6.945,2.585
6465,6.895,2.578
6466,6.960,2.664
6467,6.862,2.536
6468,6.894,2.561
6469,6.819,2.524
6470,6.836,2.486
6471,6.885,2.578
6472,6.947,2.592
6473,6.910,2.614
6474,6.920,2.558
6475,6.899,2.587
6476,6.819,2.563
6477,6.754,2.508
6478,6.790,2.505
6479,6.847,2.501
6480,6.868,2.526
6481,6.821,2.456
6482,6.889,2.443
6483,6.904,2.545
6484,6.866,2.507
6485,6.970,2.572
6486,6.810,2.457
6487,6.871,2.399
6488,6.832,2.449
6489,6.967,2.523
6490,6.877,2.504
6491,6.849,2.531
6492,6.972,2.497
6493,7.052,2.572
6494,6.928,2.524
6495,6.767,2.522
6496,6.768,2.534
6497,6.754,2.592
6498,6.653,2.546
6499,6.747,2.525
6500,6.754,2.560
6501,6.737,2.471
6502,6.755,2.570
6503,6.786,2.627
6504,6.743,2.523
6505,6.860,2.515
6506,6.833,2.534
6507,6.860,2.634
6508,6.899,2.604
6509,6.896,2.588
6510,6.842,2.548
6511,6.866,2.635
6512,6.951,2.583
6513,6.907,2.573
6514,6.950,2.647
6515,6.934,2.520
6516,6.993,2.488
6517,7.037,2.558
6518,6.923,2.515
6519,6.949,2.478
6520,6.919,2.457
6521,6.947,2.439
6522,6.854,2.417
6523,6.867,2.474
6524,6.933,2.513
6525,6.843,2.496
6526,6.988,2.457
6527,6.944,2.467
6528,6.959,2.574
6529,7.069,2.602
6530,7.018,2.647
6531,6.983,2.562
6532,6.962,2.593
6533,7.095,2.649
6534,6.964,2.651
6535,6.927,2.600
6536,7.018,2.611
6537,7.072,2.590
6538,7.135,2.653
6539,7.145,2.639
6540,7.134,2.622
6541,7.186,2.760
6542,7.336,2.822
6543,7.185,2.792
6544,7.071,2.640
6545,7.136,2.691
6546,7.183,2.795
6547,7.115,2.789
6548,6.996,2.718
6549,6.982,2.765
6550,7.074,2.742
6551,7.103,2.732
6552,7.052,2.683
6553,7.167,2.683
6554,7.045,2.678
6555,6.983,2.733
6556,6.893,2.643
6557,7.053,2.758
6558,7.003,2.823
6559,7.033,2.768
6560,6.961,2.706
6561,6.832,2.603
6562,7.109,2.750
6563,7.129,2.773
6564,7.165,2.736
6565,7.121,2.711
6566,6.933,2.592
6567,6.971,2.649
6568,6.972,2.650
6569,6.966,2.692
6570,6.862,2.670
6571,6.822,2.606
6572,6.917,2.579
6573,6.995,2.646
6574,7.144,2.721
6575,7.078,2.692
6576,7.029,2.636
6577,6.991,2.654
6578,6.973,2.612
6579,6.990,2.608
6580,6.942,2.558
6581,6.872,2.524
6582,7.130,2.668
6583,7.153,2.768
6584,7.211,2.805
6585,7.245,2.727
6586,7.310,2.686
6587,7.282,2.750
6588,7.274,2.831
6589,7.250,2.827
6590,7.135,2.742
6591,7.004,2.674
6592,7.075,2.684
6593,7.022,2.685
6594,7.087,2.627
6595,7.113,2.765
6596,7.031,2.666
6597,6.924,2.611
6598,6.955,2.641
6599,6.987,2.708
6600,7.037,2.722
6601,6.958,2.660
6602,6.896,2.555
6603,6.954,2.603
6604,6.823,2.619
6605,6.912,2.660
6606,6.962,2.693
6607,7.038,2.623
6608,6.996,2.750
6609,6.927,2.565
6610,7.086,2.665
6611,7.051,2.701
6612,6.969,2.611
6613,6.996,2.644
6614,6.989,2.665
6615,7.004,2.739
6616,6.948,2.742
6617,6.949,2.724
6618,7.065,2.827
6619,7.063,2.772
6620,7.000,2.795
6621,7.075,2.867
6622,7.101,2.924
6623,7.095,2.853
6624,7.044,2.804
6625,7.051,2.754
6626,7.020,2.746
6627,6.960,2.736
6628,7.102,2.899
6629,7.073,2.902
6630,7.128,2.873
6631,7.081,2.874
6632,6.887,2.857
6633,7.008,2.857
6634,7.001,2.903
6635,6.967,2.905
6636,6.916,2.821
6637,6.929,2.825
6638,7.034,2.728
6639,6.985,2.729
6640,6.923,2.780
6641,6.990,2.820
6642,7.036,2.906
6643,7.064,2.794
6644,6.964,2.780
6645,6.946,2.688
6646,6.920,2.645
6647,6.851,2.679
6648,6.958,2.689
6649,7.098,2.820
6650,7.006,2.827
6651,7.024,2.733
6652,6.972,2.676
6653,7.084,2.782
6654,7.211,2.874
6655,7.291,2.870
6656,7.241,2.669
6657,7.179,2.669
6658,7.050,2.626
6659,7.125,2.631
6660,7.255,2.750
6661,7.189,2.799
6662,7.278,2.740
6663,7.287,2.654
6664,7.217,2.637
6665,7.119,2.617
6666,7.127,2.624
6667,7.157,2.712
6668,7.164,2.706
6669,7.183,2.712
6670,7.110,2.622
6671,7.093,2.719
6672,6.971,2.651
6673,7.027,2.745
6674,7.081,2.694
6675,7.227,2.776
6676,7.290,2.799
6677,7.249,2.868
6678,7.286,2.859
6679,7.329,2.816
6680,7.333,2.789
6681,7.271,2.651
6682,7.216,2.773
6683,7.137,2.753
6684,7.305,2.780
6685,7.213,2.757
6686,7.105,2.754
6687,7.243,2.794
6688,7.136,2.738
6689,7.100,2.740
6690,7.157,2.724
6691,7.195,2.788
6692,7.206,2.700
6693,7.226,2.740
6694,7.081,2.665
6695,7.057,2.666
6696,7.171,2.608
6697,7.151,2.697
6698,7.253,2.797
6699,7.318,2.890
6700,7.218,2.791
6701,7.271,2.756
6702,7.204,2.791
6703,7.307,2.740
6704,7.276,2.744
6705,7.276,2.725
6706,7.520,2.871
6707,7.259,2.785
6708,7.252,2.786
6709,7.233,2.796
6710,7.348,2.781
6711,7.369,2.745
6712,7.246,2.743
6713,7.208,2.689
6714,7.155,2.676
6715,7.000,2.677
6716,7.131,2.665
6717,6.945,2.600
6718,6.860,2.619
6719,6.938,2.507
6720,7.218,2.703
6721,7.317,2.739
6722,7.266,2.688
6723,7.195,2.687
6724,7.317,2.736
6725,7.061,2.701
6726,6.974,2.650
6727,7.124,2.741
6728,7.213,2.849
6729,7.280,2.848
6730,7.144,2.789
6731,7.266,2.844
6732,7.267,2.783
6733,7.069,2.782
6734,7.175,2.822
6735,7.165,2.807
6736,7.141,2.904
6737,7.096,2.856
6738,7.078,2.720
6739,7.161,2.769
6740,7.248,2.829
6741,7.078,2.794
6742,7.167,2.778
6743,7.163,2.809
6744,7.408,2.796
6745,7.157,2.696
6746,7.235,2.805
6747,7.125,2.814
6748,7.044,2.804
6749,6.975,2.713
6750,7.030,2.627
6751,6.797,2.612
6752,6.905,2.648
6753,6.993,2.670
6754,7.013,2.657
6755,7.070,2.650
6756,7.104,2.610
6757,7.132,2.674
6758,7.166,2.638
6759,7.106,2.822
6760,7.155,2.708
6761,7.339,2.876
6762,7.271,2.759
6763,7.232,2.683
6764,7.203,2.646
6765,7.403,2.655
6766,7.369,2.752
6767,7.262,2.716
6768,7.259,2.792
6769,7.261,2.706
6770,7.285,2.754
6771,7.206,2.754
6772,7.270,2.822
6773,7.145,2.893
6774,7.047,2.795
6775,7.072,2.741
6776,7.087,2.890
6777,7.174,2.766
6778,7.121,2.869
6779,7.100,2.746
6780,7.064,2.716
6781,6.956,2.684
6782,7.139,2.877
6783,7.159,2.897
6784,7.077,2.692
6785,7.111,2.755
6786,7.061,2.756
6787,7.025,2.737
6788,7.024,2.815
6789,6.941,2.735
6790,6.996,2.791
6791,6.927,2.719
6792,7.064,2.730
6793,7.009,2.802
6794,7.072,2.801
6795,6.988,2.655
6796,6.962,2.719
6797,7.149,2.798
6798,7.025,2.736
6799,7.071,2.855
6800,6.964,2.729
6801,6.934,2.645
6802,7.021,2.697
6803,6.852,2.692
6804,6.847,2.695
6805,6.969,2.718
6806,7.044,2.723
6807,6.849,2.687
6808,6.878,2.709
6809,6.913,2.635
6810,7.046,2.762
6811,7.177,2.842
6812,7.121,2.887
6813,7.223,2.898
6814,7.205,2.854
6815,7.276,2.783
6816,7.078,2.660
6817,7.163,2.706
6818,7.118,2.632
6819,6.998,2.653
6820,7.055,2.625
6821,7.021,2.722
6822,7.042,2.669
6823,7.061,2.744
6824,7.002,2.739
6825,7.022,2.702
6826,7.093,2.694
6827,7.030,2.673
6828,7.045,2.594
6829,6.808,2.628
6830,6.749,2.646
6831,6.820,2.628
6832,6.748,2.664
6833,6.874,2.650
6834,6.873,2.627
6835,7.067,2.688
6836,6.961,2.634
6837,6.869,2.646
6838,7.029,2.671
6839,6.927,2.670
6840,6.809,2.543
6841,6.888,2.575
6842,6.949,2.599
6843,6.867,2.570
6844,6.833,2.572
6845,6.789,2.485
6846,6.783,2.504
6847,6.807,2.517
6848,6.790,2.569
6849,6.877,2.601
6850,6.942,2.586
6851,6.920,2.543
6852,6.935,2.592
6853,6.907,2.617
6854,6.896,2.570
6855,7.047,2.630
6856,6.951,2.575
6857,6.984,2.630
6858,6.782,2.567
6859,6.903,2.631
6860,6.925,2.631
6861,6.916,2.639
6862,7.091,2.731
6863,6.960,2.716
6864,6.979,2.670
6865,7.068,2.742
6866,6.984,2.650
6867,6.912,2.574
6868,6.805,2.578
6869,6.795,2.539
6870,6.787,2.646
6871,6.761,2.525
6872,6.978,2.618
6873,6.830,2.578
6874,6.775,2.520
6875,6.797,2.502
6876,6.736,2.467
6877,6.865,2.606
6878,6.783,2.483
6879,6.767,2.498
6880,6.902,2.505
6881,6.909,2.471
6882,6.933,2.536
6883,6.929,2.576
6884,7.103,2.602
6885,7.091,2.591
6886,7.008,2.602
6887,6.996,2.597
6888,6.903,2.625
6889,7.055,2.679
6890,7.013,2.667
6891,7.100,2.702
6892,7.078,2.586
6893,7.126,2.630
6894,7.146,2.702
6895,6.943,2.594
6896,7.003,2.576
6897,7.055,2.640
6898,7.002,2.622
6899,6.864,2.575
6900,6.878,2.557
6901,6.969,2.615
6902,6.943,2.658
6903,7.002,2.775
6904,7.045,2.691
6905,7.086,2.712
6906,7.092,2.676
6907,7.159,2.720
6908,7.174,2.683
6909,7.094,2.685
6910,7.086,2.692
6911,6.890,2.631
6912,6.943,2.537
6913,6.901,2.580
6914,6.991,2.624
6915,6.923,2.614
6916,6.934,2.620
6917,6.812,2.677
6918,6.816,2.575
6919,6.954,2.586
6920,7.009,2.661
6921,6.865,2.607
6922,7.039,2.584
6923,6.894,2.597
6924,6.935,2.526
6925,6.918,2.547
6926,6.995,2.527
6927,7.099,2.620
6928,7.197,2.635
6929,6.998,2.576
6930,6.909,2.501
6931,6.752,2.471
6932,6.791,2.497
6933,6.849,2.503
6934,6.820,2.493
6935,6.710,2.341
6936,6.695,2.378
6937,6.898,2.468
6938,6.919,2.456
6939,6.881,2.485
6940,7.018,2.505
6941,7.037,2.460
6942,6.949,2.394
6943,7.032,2.528
6944,6.995,2.394
6945,6.889,2.422
6946,6.916,2.373
6947,6.956,2.455
6948,6.977,2.404
6949,7.054,2.462
6950,7.081,2.530
6951,7.043,2.404
6952,7.023,2.480
6953,6.954,2.445
6954,6.848,2.438
6955,6.847,2.485
6956,6.983,2.435
6957,6.998,2.462
6958,6.846,2.418
6959,6.874,2.421
6960,6.980,2.392
6961,6.976,2.380
6962,6.985,2.464
6963,6.892,2.399
6964,6.952,2.433
6965,6.904,2.377
6966,6.957,2.418
6967,6.934,2.366
6968,6.942,2.316
6969,6.819,2.337
6970,6.803,2.324
6971,6.902,2.366
6972,6.916,2.346
6973,6.854,2.373
6974,6.880,2.425
6975,6.869,2.391
6976,6.836,2.382
6977,6.681,2.327
6978,6.768,2.391
6979,6.715,2.375
6980,6.840,2.366
6981,6.901,2.268
6982,6.870,2.284
6983,6.896,2.308
6984,6.862,2.372
6985,6.906,2.390
6986,6.882,2.441
6987,6.792,2.296
6988,6.895,2.344
6989,6.993,2.363
6990,7.121,2.424
6991,7.265,2.459
6992,7.151,2.416
6993,7.040,2.436
6994,6.959,2.386
6995,6.953,2.420
6996,6.834,2.423
6997,6.807,2.430
6998,6.928,2.427
6999,6.867,2.406
7000,6.929,2.332
7001,6.915,2.467
7002,6.844,2.410
7003,6.891,2.415
7004,6.829,2.396
7005,6.727,2.374
7006,6.720,2.410
7007,6.851,2.395
7008,6.881,2.404
7009,6.792,2.380
7010,6.794,2.293
7011,6.723,2.375
7012,6.812,2.379
7013,6.862,2.352
7014,6.791,2.391
7015,6.817,2.428
7016,6.970,2.409
7017,6.852,2.350
7018,6.907,2.404
7019,6.907,2.472
7020,6.998,2.370
7021,6.925,2.409
7022,6.883,2.462
7023,6.965,2.299
7024,6.804,2.332
7025,6.756,2.291
7026,6.741,2.284
7027,6.735,2.341
7028,6.856,2.240
7029,6.852,2.359
7030,6.793,2.359
7031,6.888,2.297
7032,6.932,2.332
7033,6.724,2.350
7034,6.793,2.337
7035,6.723,2.260
7036,6.717,2.403
7037,6.732,2.367
7038,6.762,2.317
7039,6.826,2.247
7040,6.940,2.287
7041,6.812,2.317
7042,6.713,2.233
7043,6.822,2.128
7044,6.840,2.234
7045,6.878,2.252
7046,6.867,2.206
7047,6.859,2.188
7048,6.802,2.320
7049,6.752,2.297
7050,6.780,2.325
7051,6.993,2.435
7052,6.832,2.316
7053,6.874,2.454
7054,6.845,2.304
7055,6.782,2.417
7056,6.863,2.454
7057,6.907,2.457
7058,6.870,2.308
7059,6.916,2.258
7060,6.965,2.332
7061,6.934,2.365
7062,6.930,2.398
7063,6.936,2.344
7064,7.004,2.392
7065,7.102,2.404
7066,7.053,2.386
7067,7.083,2.451
7068,7.023,2.456
7069,7.042,2.474
7070,6.943,2.397
7071,7.162,2.461
7072,6.998,2.366
7073,7.191,2.530
7074,7.149,2.506
7075,7.113,2.461
7076,7.082,2.432
7077,7.223,2.513
7078,7.143,2.421
7079,7.147,2.403
7080,7.098,2.443
7081,7.276,2.525
7082,7.127,2.387
7083,7.020,2.460
7084,7.114,2.423
7085,7.073,2.479
7086,7.131,2.394
7087,7.097,2.475
7088,6.996,2.424
7089,6.888,2.406
7090,6.818,2.394
7091,6.714,2.375
7092,6.830,2.430
7093,6.878,2.457
7094,6.883,2.429
7095,6.834,2.471
7096,7.030,2.359
7097,7.020,2.321
7098,6.982,2.365
7099,6.839,2.337
7100,6.837,2.276
7101,6.874,2.293
7102,6.887,2.340
7103,7.003,2.385
7104,7.053,2.304
7105,6.909,2.296
7106,6.917,2.325
7107,6.966,2.367
7108,7.139,2.473
7109,6.958,2.365
7110,6.943,2.296
7111,6.865,2.306
7112,6.803,2.260
7113,6.791,2.318
7114,6.836,2.300
7115,6.858,2.313
7116,7.025,2.332
7117,7.150,2.369
7118,6.985,2.285
7119,6.881,2.304
7120,6.969,2.411
7121,6.931,2.415
7122,6.832,2.397
7123,6.942,2.383
7124,7.064,2.450
7125,6.921,2.480
7126,6.939,2.417
7127,7.063,2.481
7128,7.106,2.412
7129,7.063,2.412
7130,7.026,2.415
7131,6.957,2.418
7132,6.982,2.406
7133,6.999,2.473
7134,6.962,2.430
7135,6.870,2.358
7136,6.925,2.318
7137,6.934,2.376
7138,6.831,2.311
7139,6.790,2.343
7140,6.993,2.343
7141,7.143,2.367
7142,7.115,2.416
7143,6.959,2.421
7144,6.997,2.462
7145,6.915,2.471
7146,6.825,2.374
7147,6.947,2.396
7148,6.951,2.473
7149,7.116,2.438
7150,6.965,2.454
7151,6.975,2.452
7152,6.989,2.415
7153,6.953,2.558
7154,7.000,2.499
7155,7.008,2.467
7156,7.056,2.472
7157,7.159,2.585
7158,7.222,2.485
7159,7.181,2.394
7160,7.190,2.383
7161,7.327,2.409
7162,7.287,2.503
7163,7.270,2.516
7164,7.164,2.448
7165,7.102,2.389
7166,6.999,2.374
7167,7.084,2.376
7168,6.953,2.285
7169,6.936,2.295
7170,6.934,2.354
7171,6.967,2.223
7172,6.951,2.428
7173,6.858,2.331
7174,6.959,2.381
7175,6.978,2.418
7176,6.945,2.372
7177,6.837,2.460
7178,6.903,2.373
7179,6.905,2.435
7180,7.059,2.470
7181,7.105,2.422
7182,7.029,2.368
7183,7.220,2.330
7184,7.136,2.450
7185,7.129,2.432
7186,7.032,2.383
7187,7.121,2.463
7188,7.178,2.536
7189,7.120,2.503
7190,7.085,2.474
7191,7.095,2.459
7192,7.010,2.397
7193,7.072,2.477
7194,7.095,2.360
7195,7.053,2.271
7196,6.989,2.368
7197,7.035,2.365
7198,6.944,2.386
7199,6.934,2.385
7200,6.962,2.425
7201,6.930,2.457
7202,7.158,2.457
7203,7.261,2.484
7204,7.162,2.516
7205,7.176,2.500
7206,7.039,2.416
7207,6.694,2.362
7208,6.738,2.369
7209,6.676,2.351
7210,6.618,2.246
7211,6.755,2.392
7212,6.815,2.342
7213,6.746,2.323
7214,6.906,2.321
7215,6.935,2.317
7216,6.848,2.198
7217,6.920,2.228
7218,6.856,2.265
7219,6.900,2.188
7220,6.997,2.211
7221,6.940,2.209
7222,6.965,2.188
7223,7.136,2.336
7224,7.022,2.196
7225,6.907,2.266
7226,7.112,2.190
7227,7.245,2.257
7228,7.171,2.268
7229,7.020,2.225
7230,6.951,2.261
7231,6.873,2.179
7232,6.902,2.171
7233,6.957,2.137
7234,6.991,2.159
7235,6.939,2.191
7236,7.027,2.138
7237,7.103,2.136
7238,7.061,2.177
7239,6.948,2.145
7240,6.801,2.208
7241,6.856,2.148
7242,6.831,2.207
7243,6.903,2.212
7244,6.958,2.175
7245,6.878,2.122
7246,6.975,2.252
7247,6.873,2.225
7248,6.866,2.252
7249,6.724,2.258
7250,6.732,2.348
7251,6.658,2.297
7252,6.637,2.200
7253,6.573,2.187
7254,6.678,2.307
7255,6.772,2.310
7256,6.604,2.266
7257,6.668,2.296
7258,6.657,2.249
7259,6.624,2.311
7260,6.569,2.279
7261,6.711,2.398
7262,6.545,2.217
7263,6.757,2.308
7264,6.821,2.189
7265,6.778,2.234
7266,6.707,2.221
7267,6.786,2.247
7268,6.894,2.182
7269,6.792,2.243
7270,6.716,2.201
7271,6.824,2.217
7272,6.948,2.264
7273,6.632,2.216
7274,6.819,2.256
7275,6.757,2.272
7276,6.800,2.343
7277,6.769,2.325
7278,6.781,2.253
7279,6.890,2.309
7280,6.899,2.272
7281,6.874,2.272
7282,6.847,2.301
7283,6.809,2.323
7284,6.765,2.317
7285,6.852,2.294
7286,6.903,2.310
7287,6.987,2.248
7288,6.898,2.211
7289,6.939,2.230
7290,6.953,2.160
7291,6.767,2.198
7292,6.829,2.230
7293,6.812,2.217
7294,6.802,2.224
7295,6.878,2.276
7296,6.849,2.267
7297,6.772,2.295
7298,6.623,2.212
7299,6.687,2.273
7300,6.649,2.293
7301,6.596,2.279
7302,6.679,2.388
7303,6.685,2.320
7304,6.639,2.478
7305,6.644,2.449
7306,6.653,2.274
7307,6.489,2.253
7308,6.573,2.200
7309,6.562,2.263
7310,6.565,2.310
7311,6.685,2.301
7312,6.625,2.338
7313,6.651,2.380
7314,6.673,2.370
7315,6.619,2.314
7316,6.622,2.327
7317,6.635,2.431
7318,6.640,2.524
7319,6.739,2.490
7320,6.637,2.449
7321,6.536,2.389
7322,6.662,2.419
7323,6.701,2.436
7324,6.593,2.357
7325,6.539,2.352
7326,6.530,2.359
7327,6.556,2.319
7328,6.573,2.360
7329,6.569,2.353
7330,6.712,2.451
7331,6.581,2.296
7332,6.579,2.390
7333,6.667,2.402
7334,6.694,2.434
7335,6.569,2.374
7336,6.452,2.379
7337,6.492,2.375
7338,6.624,2.468
7339,6.622,2.410
7340,6.684,2.407
7341,6.746,2.507
7342,6.817,2.524
7343,6.805,2.479
7344,6.788,2.521
7345,6.738,2.533
7346,6.691,2.562
7347,6.827,2.658
7348,6.892,2.605
7349,6.796,2.665
7350,6.823,2.679
7351,6.830,2.672
7352,6.746,2.596
7353,6.693,2.566
7354,6.757,2.610
7355,6.684,2.602
7356,6.679,2.656
7357,6.677,2.528
7358,6.670,2.549
7359,6.654,2.516
7360,6.627,2.458
7361,6.674,2.598
7362,6.859,2.598
7363,6.797,2.521
7364,6.776,2.498
7365,6.736,2.496
7366,6.797,2.483
7367,6.799,2.587
7368,6.892,2.586
7369,6.866,2.523
7370,6.871,2.585
7371,6.901,2.600
7372,6.743,2.614
7373,6.749,2.688
7374,6.663,2.562
7375,6.831,2.596
7376,6.657,2.595
7377,6.661,2.595
7378,6.658,2.445
7379,6.729,2.457
7380,6.733,2.453
7381,6.702,2.512
7382,6.559,2.430
7383,6.700,2.441
7384,6.671,2.405
7385,6.535,2.390
7386,6.453,2.326
7387,6.461,2.351
7388,6.598,2.428
7389,6.557,2.465
7390,6.706,2.495
7391,6.594,2.381
7392,6.509,2.370
7393,6.583,2.418
7394,6.700,2.513
7395,6.916,2.535
7396,6.688,2.463
7397,6.840,2.554
7398,6.952,2.640
7399,6.944,2.678
7400,6.768,2.522
7401,6.685,2.483
7402,6.713,2.552
7403,6.737,2.516
7404,6.710,2.422
7405,6.683,2.376
7406,6.555,2.414
7407,6.682,2.358
7408,6.671,2.443
7409,6.827,2.440
7410,6.881,2.485
7411,6.836,2.533
7412,6.775,2.532
7413,6.867,2.506
7414,6.889,2.488
7415,6.896,2.459
7416,6.800,2.528
7417,6.861,2.557
7418,6.840,2.505
7419,6.851,2.429
7420,6.730,2.523
7421,6.722,2.403
7422,6.713,2.499
7423,6.894,2.560
7424,6.750,2.472
7425,6.602,2.366
7426,6.780,2.374
7427,6.730,2.360
7428,6.707,2.329
7429,6.789,2.393
7430,6.798,2.284
7431,6.785,2.389
7432,6.756,2.335
7433,6.726,2.414
7434,6.763,2.431
7435,6.716,2.349
7436,6.648,2.460
7437,6.645,2.451
7438,6.632,2.506
7439,6.590,2.508
7440,6.669,2.473
7441,6.625,2.480
7442,6.503,2.507
7443,6.639,2.524
7444,6.738,2.517
7445,6.761,2.582
7446,6.759,2.476
7447,6.608,2.444
7448,6.620,2.411
7449,6.572,2.416
7450,6.565,2.360
7451,6.479,2.389
7452,6.581,2.401
7453,6.460,2.389
7454,6.289,2.434
7455,6.346,2.408
7456,6.406,2.403
7457,6.453,2.402
7458,6.518,2.390
7459,6.558,2.404
7460,6.489,2.550
7461,6.536,2.555
7462,6.495,2.474
7463,6.519,2.500
7464,6.393,2.494
7465,6.460,2.463
7466,6.417,2.360
7467,6.348,2.561
7468,6.475,2.656
7469,6.471,2.521
7470,6.525,2.622
7471,6.498,2.544
7472,6.559,2.583
7473,6.444,2.421
7474,6.481,2.485
7475,6.460,2.450
7476,6.413,2.415
7477,6.458,2.447
7478,6.510,2.504
7479,6.579,2.432
7480,6.434,2.469
7481,6.294,2.381
7482,6.432,2.504
7483,6.463,2.418
7484,6.493,2.486
7485,6.501,2.461
7486,6.530,2.407
7487,6.321,2.368
7488,6.373,2.440
7489,6.413,2.475
7490,6.380,2.420
7491,6.431,2.446
7492,6.532,2.507
7493,6.461,2.698
7494,6.538,2.597
7495,6.547,2.534
7496,6.380,2.468
7497,6.434,2.552
7498,6.544,2.637
7499,6.606,2.637
7500,6.508,2.636
7501,6.379,2.547
7502,6.443,2.528
7503,6.354,2.553
7504,6.378,2.555
7505,6.320,2.493
7506,6.347,2.527
7507,6.326,2.524
7508,6.344,2.462
7509,6.225,2.435
7510,6.275,2.451
7511,6.373,2.463
7512,6.339,2.419
7513,6.329,2.420
7514,6.389,2.424
7515,6.467,2.442
7516,6.509,2.483
7517,6.340,2.427
7518,6.412,2.448
7519,6.516,2.450
7520,6.424,2.451
7521,6.375,2.415
7522,6.372,2.349
7523,6.331,2.362
7524,6.397,2.376
7525,6.168,2.301
7526,6.223,2.323
7527,6.280,2.375
7528,6.148,2.299
7529,6.200,2.470
7530,6.257,2.377
7531,6.329,2.453
7532,6.220,2.411
7533,6.154,2.327
7534,6.261,2.473
7535,6.321,2.562
7536,6.406,2.602
7537,6.443,2.495
7538,6.264,2.474
7539,6.195,2.435
7540,6.166,2.519
7541,6.165,2.527
7542,6.119,2.493
7543,6.146,2.431
7544,6.358,2.525
7545,6.318,2.517
7546,6.255,2.522
7547,6.285,2.508
7548,6.400,2.583
7549,6.266,2.541
7550,6.220,2.478
7551,6.277,2.513
7552,6.205,2.511
7553,6.203,2.484
7554,6.298,2.528
7555,6.336,2.518
7556,6.315,2.558
7557,6.285,2.497
7558,6.269,2.513
7559,6.097,2.478
7560,6.206,2.560
7561,6.263,2.543
7562,6.246,2.576
7563,6.283,2.494
7564,6.271,2.432
7565,6.198,2.455
7566,6.242,2.497
7567,6.203,2.477
7568,6.080,2.398
7569,6.094,2.463
7570,6.102,2.495
7571,6.250,2.532
7572,6.273,2.577
7573,6.318,2.559
7574,6.219,2.604
7575,6.172,2.565
7576,6.234,2.566
7577,6.156,2.429
7578,6.451,2.406
7579,6.503,2.448
7580,6.412,2.517
7581,6.480,2.600
7582,6.269,2.501
7583,6.311,2.504
7584,6.395,2.500
7585,6.326,2.504
7586,6.173,2.535
7587,6.394,2.741
7588,6.397,2.691
7589,6.299,2.568
7590,6.274,2.642
7591,6.252,2.501
7592,6.213,2.471
7593,6.173,2.458
7594,6.349,2.429
7595,6.484,2.423
7596,6.381,2.502
7597,6.279,2.529
7598,6.436,2.466
7599,6.459,2.525
7600,6.439,2.516
7601,6.247,2.506
7602,6.222,2.445
7603,6.357,2.591
7604,6.354,2.568
7605,6.489,2.559
7606,6.551,2.497
7607,6.416,2.562
7608,6.490,2.475
7609,6.537,2.548
7610,6.503,2.516
7611,6.677,2.563
7612,6.525,2.631
7613,6.519,2.665
7614,6.578,2.687
7615,6.424,2.611
7616,6.539,2.629
7617,6.521,2.636
7618,6.441,2.618
7619,6.468,2.593
7620,6.266,2.550
7621,6.357,2.649
7622,6.498,2.510
7623,6.479,2.655
7624,6.457,2.664
7625,6.402,2.600
7626,6.475,2.589
7627,6.646,2.701
7628,6.609,2.658
7629,6.661,2.704
7630,6.460,2.540
7631,6.474,2.636
7632,6.189,2.547
7633,6.291,2.543
7634,6.445,2.599
7635,6.392,2.626
7636,6.392,2.738
7637,6.515,2.659
7638,6.399,2.538
7639,6.496,2.560
7640,6.449,2.519
7641,6.365,2.485
7642,6.496,2.597
7643,6.475,2.644
7644,6.386,2.609
7645,6.368,2.518
7646,6.359,2.508
7647,6.410,2.459
7648,6.454,2.458
7649,6.522,2.513
7650,6.391,2.463
7651,6.332,2.567
7652,6.312,2.529
7653,6.365,2.599
7654,6.468,2.504
7655,6.476,2.575
7656,6.257,2.413
7657,6.333,2.553
7658,6.383,2.580
7659,6.386,2.592
7660,6.301,2.573
7661,6.395,2.588
7662,6.494,2.663
7663,6.435,2.621
7664,6.419,2.611
7665,6.424,2.659
7666,6.480,2.618
7667,6.438,2.610
7668,6.486,2.721
7669,6.476,2.668
7670,6.435,2.726
7671,6.337,2.595
7672,6.442,2.521
7673,6.449,2.556
7674,6.209,2.484
7675,6.295,2.600
7676,6.328,2.681
7677,6.496,2.712
7678,6.431,2.640
7679,6.536,2.661
7680,6.449,2.599
7681,6.398,2.565
7682,6.464,2.666
7683,6.426,2.543
7684,6.401,2.643
7685,6.332,2.641
7686,6.315,2.551
7687,6.271,2.474
7688,6.210,2.398
7689,6.281,2.416
7690,6.261,2.463
7691,6.122,2.429
7692,6.033,2.385
7693,6.056,2.407
7694,6.148,2.279
7695,6.186,2.356
7696,6.015,2.305
7697,6.123,2.403
7698,6.314,2.339
7699,6.188,2.442
7700,6.181,2.422
7701,6.184,2.402
7702,6.342,2.408
7703,6.118,2.364
7704,6.161,2.416
7705,6.384,2.448
7706,6.147,2.416
7707,6.261,2.429
7708,6.191,2.396
7709,6.248,2.376
7710,6.377,2.530
7711,6.452,2.498
7712,6.397,2.511
7713,6.217,2.406
7714,6.234,2.485
7715,6.286,2.412
7716,6.502,2.609
7717,6.608,2.629
7718,6.496,2.484
7719,6.511,2.497
7720,6.543,2.528
7721,6.478,2.523
7722,6.529,2.491
7723,6.599,2.485
7724,6.605,2.558
7725,6.669,2.525
7726,6.577,2.511
7727,6.678,2.582
7728,6.500,2.436
7729,6.624,2.466
7730,6.619,2.463
7731,6.614,2.411
7732,6.635,2.452
7733,6.729,2.494
7734,6.731,2.521
7735,6.690,2.429
7736,6.663,2.463
7737,6.679,2.579
7738,6.670,2.666
7739,6.679,2.595
7740,6.729,2.609
7741,6.721,2.605
7742,6.572,2.625
7743,6.736,2.559
7744,6.648,2.426
7745,6.561,2.495
7746,6.754,2.460
7747,6.799,2.467
7748,6.750,2.508
7749,6.838,2.498
7750,6.841,2.511
7751,6.760,2.586
7752,6.730,2.637
7753,6.666,2.597
7754,6.742,2.607
7755,6.671,2.558
7756,6.583,2.503
7757,6.541,2.465
7758,6.594,2.451
7759,6.734,2.357
7760,6.733,2.346
7761,6.699,2.347
7762,6.684,2.471
7763,6.796,2.547
7764,6.726,2.564
7765,6.700,2.448
7766,6.750,2.504
7767,6.794,2.505
7768,6.724,2.500
7769,6.738,2.469
7770,6.807,2.500
7771,6.804,2.470
7772,6.835,2.571
7773,6.780,2.470
7774,6.828,2.445
7775,6.633,2.456
7776,6.553,2.483
7777,6.734,2.532
7778,6.611,2.474
7779,6.638,2.565
7780,6.475,2.509
7781,6.622,2.621
7782,6.441,2.635
7783,6.448,2.555
7784,6.482,2.524
7785,6.444,2.542
7786,6.355,2.527
7787,6.167,2.411
7788,6.256,2.519
7789,6.346,2.542
7790,6.371,2.549
7791,6.299,2.488
7792,6.403,2.570
7793,6.393,2.449
7794,6.351,2.460
7795,6.335,2.527
7796,6.403,2.467
7797,6.387,2.420
7798,6.412,2.490
7799,6.322,2.477
7800,6.284,2.429
7801,6.369,2.449
7802,6.327,2.493
7803,6.437,2.629
7804,6.429,2.544
7805,6.314,2.541
7806,6.308,2.452
7807,6.376,2.435
7808,6.337,2.446
7809,6.245,2.414
7810,6.299,2.407
7811,6.394,2.420
7812,6.540,2.430
7813,6.391,2.353
7814,6.494,2.431
7815,6.496,2.518
7816,6.315,2.408
7817,6.313,2.465
7818,6.333,2.469
7819,6.341,2.468
7820,6.385,2.608
7821,6.430,2.574
7822,6.289,2.424
7823,6.273,2.455
7824,6.265,2.527
7825,6.232,2.561
7826,6.383,2.509
7827,6.350,2.525
7828,6.316,2.578
7829,6.350,2.668
7830,6.370,2.557
7831,6.269,2.563
7832,6.213,2.495
7833,6.289,2.457
7834,6.277,2.500
7835,6.213,2.416
7836,6.305,2.480
7837,6.329,2.390
7838,6.305,2.521
7839,6.299,2.470
7840,6.321,2.497
7841,6.491,2.478
7842,6.397,2.288
7843,6.398,2.333
7844,6.573,2.488
7845,6.428,2.443
7846,6.583,2.462
7847,6.316,2.366
7848,6.438,2.519
7849,6.483,2.515
7850,6.460,2.464
7851,6.560,2.456
7852,6.509,2.419
7853,6.455,2.564
7854,6.380,2.594
7855,6.362,2.614
7856,6.220,2.510
7857,6.426,2.536
7858,6.416,2.556
7859,6.293,2.498
7860,6.491,2.503
7861,6.465,2.460
7862,6.458,2.420
7863,6.401,2.435
7864,6.324,2.478
7865,6.415,2.553
7866,6.303,2.513
7867,6.314,2.450
7868,6.398,2.523
7869,6.307,2.410
7870,6.372,2.490
7871,6.158,2.346
7872,6.384,2.425
7873,6.308,2.451
7874,6.215,2.384
7875,6.202,2.448
7876,6.135,2.407
7877,6.133,2.375
7878,6.226,2.403
7879,6.105,2.377
7880,6.052,2.299
7881,6.154,2.322
7882,6.097,2.368
7883,5.978,2.316
7884,6.206,2.429
7885,6.143,2.475
7886,6.170,2.442
7887,6.224,2.482
7888,6.195,2.447
7889,6.248,2.451
7890,6.287,2.346
7891,6.352,2.411
7892,6.308,2.433
7893,6.191,2.439
7894,6.182,2.423
7895,6.133,2.379
7896,6.075,2.434
7897,6.144,2.368
7898,6.127,2.343
7899,6.173,2.356
7900,6.394,2.535
7901,6.196,2.451
7902,6.361,2.485
7903,6.483,2.486
7904,6.420,2.458
7905,6.538,2.383
7906,6.468,2.435
7907,6.646,2.447
7908,6.426,2.437
7909,6.435,2.454
7910,6.174,2.472
7911,6.197,2.360
7912,6.247,2.442
7913,6.263,2.419
7914,6.338,2.487
7915,6.298,2.477
7916,6.166,2.366
7917,6.076,2.417
7918,6.096,2.403
7919,6.090,2.331
7920,6.262,2.387
7921,6.325,2.410
7922,6.360,2.465
7923,6.441,2.418
7924,6.459,2.475
7925,6.292,2.422
7926,6.326,2.407
7927,6.223,2.477
7928,6.290,2.372
7929,6.361,2.492
7930,6.316,2.454
7931,6.263,2.461
7932,6.304,2.411
7933,6.268,2.384
7934,6.312,2.433
7935,6.238,2.398
7936,6.299,2.383
7937,6.294,2.414
7938,6.280,2.427
7939,6.280,2.389
7940,6.242,2.344
7941,6.288,2.376
7942,6.201,2.255
7943,6.340,2.363
7944,6.437,2.408
7945,6.395,2.413
7946,6.315,2.420
7947,6.302,2.338
7948,6.404,2.393
7949,6.334,2.416
7950,6.341,2.365
7951,6.282,2.271
7952,6.419,2.413
7953,6.200,2.289
7954,6.311,2.270
7955,6.438,2.330
7956,6.556,2.358
7957,6.478,2.398
7958,6.499,2.383
7959,6.435,2.359
7960,6.373,2.335
7961,6.391,2.343
7962,6.455,2.329
7963,6.506,2.384
7964,6.471,2.354
7965,6.579,2.426
7966,6.569,2.356
7967,6.533,2.368
7968,6.537,2.305
7969,6.508,2.405
7970,6.586,2.574
7971,6.467,2.468
7972,6.522,2.458
7973,6.642,2.445
7974,6.590,2.433
7975,6.552,2.386
7976,6.509,2.382
7977,6.524,2.367
7978,6.563,2.403
7979,6.636,2.360
7980,6.608,2.429
7981,6.591,2.380
7982,6.544,2.423
7983,6.474,2.375
7984,6.605,2.412
7985,6.631,2.592
7986,6.539,2.444
7987,6.627,2.400
7988,6.470,2.367
7989,6.427,2.367
7990,6.499,2.385
7991,6.461,2.352
7992,6.417,2.354
7993,6.432,2.319
7994,6.636,2.409
7995,6.520,2.333
7996,6.662,2.370
7997,6.550,2.421
7998,6.437,2.351
7999,6.660,2.452
8000,6.595,2.416
8001,6.575,2.386
8002,6.422,2.334
8003,6.467,2.322
8004,6.458,2.338
8005,6.430,2.409
8006,6.486,2.444
8007,6.488,2.370
8008,6.429,2.312
8009,6.340,2.390
8010,6.478,2.436
8011,6.534,2.391
8012,6.420,2.368
8013,6.420,2.328
8014,6.439,2.427
8015,6.455,2.362
8016,6.367,2.280
8017,6.392,2.377
8018,6.436,2.391
8019,6.365,2.362
8020,6.343,2.325
8021,6.385,2.313
8022,6.424,2.437
8023,6.354,2.437
8024,6.434,2.430
8025,6.300,2.404
8026,6.269,2.399
8027,6.178,2.347
8028,6.195,2.332
8029,6.268,2.371
8030,6.230,2.367
8031,6.269,2.413
8032,6.302,2.324
8033,6.345,2.349
8034,6.346,2.352
8035,6.310,2.393
8036,6.226,2.290
8037,6.175,2.258
8038,6.239,2.260
8039,6.233,2.286
8040,6.200,2.358
8041,6.211,2.390
8042,6.220,2.411
8043,6.333,2.385
8044,6.363,2.398
8045,6.428,2.398
8046,6.202,2.237
8047,6.290,2.347
8048,6.344,2.224
8049,6.438,2.318
8050,6.310,2.239
8051,6.382,2.272
8052,6.330,2.278
8053,6.374,2.320
8054,6.375,2.349
8055,6.290,2.307
8056,6.245,2.263
8057,6.146,2.221
8058,6.210,2.181
8059,6.083,2.269
8060,6.254,2.298
8061,6.212,2.347
8062,6.190,2.357
8063,6.345,2.329
8064,6.459,2.411
8065,6.402,2.319
8066,6.390,2.333
8067,6.361,2.367
8068,6.372,2.316
8069,6.291,2.361
8070,6.329,2.407
8071,6.356,2.460
8072,6.319,2.468
8073,6.235,2.336
8074,6.232,2.344
8075,6.158,2.398
8076,6.276,2.441
8077,6.299,2.538
8078,6.246,2.556
8079,6.287,2.524
8080,6.278,2.455
8081,6.175,2.462
8082,6.308,2.444
8083,6.347,2.467
8084,6.397,2.499
8085,6.501,2.533
8086,6.454,2.459
8087,6.357,2.434
8088,6.360,2.496
8089,6.202,2.435
8090,6.203,2.453
8091,6.235,2.467
8092,6.339,2.464
8093,6.350,2.419
8094,6.222,2.553
8095,6.207,2.441
8096,6.201,2.382
8097,6.221,2.383
8098,6.230,2.394
8099,6.179,2.428
8100,6.148,2.361
8101,6.179,2.324
8102,6.170,2.325
8103,6.248,2.352
8104,6.277,2.370
8105,6.358,2.363
8106,6.272,2.359
8107,6.315,2.324
8108,6.328,2.408
8109,6.238,2.341
8110,6.133,2.279
8111,6.186,2.308
8112,6.413,2.313
8113,6.341,2.348
8114,6.385,2.396
8115,6.427,2.458
8116,6.339,2.415
8117,6.318,2.403
8118,6.299,2.338
8119,6.374,2.285
8120,6.319,2.389
8121,6.357,2.458
8122,6.228,2.358
8123,6.146,2.437
8124,6.185,2.418
8125,6.168,2.377
8126,6.148,2.430
8127,6.191,2.396
8128,6.240,2.420
8129,6.256,2.464
8130,6.325,2.473
8131,6.363,2.438
8132,6.372,2.496
8133,6.391,2.475
8134,6.412,2.505
8135,6.317,2.523
8136,6.232,2.418
8137,6.409,2.532
8138,6.317,2.570
8139,6.266,2.498
8140,6.262,2.599
8141,6.203,2.467
8142,6.167,2.502
8143,6.233,2.452
8144,6.152,2.483
8145,6.234,2.504
8146,6.159,2.576
8147,6.115,2.536
8148,6.052,2.538
8149,5.992,2.468
8150,6.053,2.402
8151,6.029,2.419
8152,6.117,2.409
8153,6.113,2.460
8154,6.087,2.424
8155,6.164,2.509
8156,6.269,2.468
8157,6.193,2.488
8158,6.230,2.454
8159,6.179,2.494
8160,6.109,2.553
8161,6.197,2.584
8162,6.132,2.456
8163,6.344,2.426
8164,6.354,2.399
8165,6.463,2.484
8166,6.448,2.343
8167,6.404,2.345
8168,6.439,2.285
8169,6.555,2.343
8170,6.359,2.346
8171,6.520,2.426
8172,6.423,2.394
8173,6.450,2.434
8174,6.379,2.496
8175,6.448,2.521
8176,6.390,2.460
8177,6.479,2.627
8178,6.482,2.550
8179,6.546,2.583
8180,6.359,2.396
8181,6.307,2.500
8182,6.354,2.518
8183,6.204,2.445
8184,6.356,2.462
8185,6.459,2.453
8186,6.391,2.491
8187,6.295,2.468
8188,6.432,2.442
8189,6.348,2.431
8190,6.276,2.429
8191,6.325,2.504
8192,6.511,2.498
8193,6.422,2.462
8194,6.352,2.527
8195,6.288,2.479
8196,6.204,2.462
8197,6.207,2.405
8198,6.215,2.441
8199,6.276,2.448
8200,6.284,2.498
8201,6.301,2.427
8202,6.284,2.450
8203,6.262,2.450
8204,6.354,2.440
8205,6.226,2.372
8206,6.374,2.426
8207,6.244,2.398
8208,6.345,2.354
8209,6.408,2.471
8210,6.231,2.418
8211,6.254,2.314
8212,6.340,2.431
8213,6.247,2.373
8214,6.300,2.440
8215,6.400,2.356
8216,6.443,2.424
8217,6.391,2.371
8218,6.312,2.380
8219,6.148,2.332
8220,6.290,2.441
8221,6.222,2.429
8222,6.257,2.430
8223,6.259,2.476
8224,6.143,2.428
8225,6.186,2.405
8226,6.325,2.481
8227,6.171,2.430
8228,6.171,2.446
8229,6.242,2.431
8230,6.203,2.441
8231,6.248,2.521
8232,6.163,2.475
8233,6.316,2.410
8234,6.294,2.400
8235,6.337,2.463
8236,6.455,2.421
8237,6.436,2.437
8238,6.433,2.432
8239,6.409,2.470
8240,6.414,2.389
8241,6.410,2.403
8242,6.385,2.390
8243,6.439,2.357
8244,6.466,2.336
8245,6.430,2.372
8246,6.448,2.391
8247,6.344,2.429
8248,6.358,2.286
8249,6.414,2.371
8250,6.358,2.430
8251,6.356,2.477
8252,6.423,2.444
8253,6.514,2.398
8254,6.389,2.379
8255,6.339,2.458
8256,6.254,2.338
8257,6.331,2.367
8258,6.355,2.379
8259,6.382,2.401
8260,6.437,2.460
8261,6.482,2.482
8262,6.471,2.358
8263,6.462,2.372
8264,6.486,2.368
8265,6.464,2.407
8266,6.426,2.393
8267,6.439,2.411
8268,6.403,2.425
8269,6.317,2.386
8270,6.372,2.477
8271,6.300,2.449
8272,6.323,2.365
8273,6.355,2.329
8274,6.344,2.296
8275,6.469,2.349
8276,6.369,2.428
8277,6.364,2.393
8278,6.300,2.359
8279,6.229,2.362
8280,6.411,2.376
8281,6.358,2.386
8282,6.252,2.334
8283,6.291,2.310
8284,6.275,2.397
8285,6.273,2.343
8286,6.416,2.374
8287,6.474,2.387
8288,6.466,2.406
8289,6.464,2.406
8290,6.541,2.413
8291,6.427,2.446
8292,6.560,2.476
8293,6.612,2.477
8294,6.533,2.509
8295,6.506,2.422
8296,6.465,2.427
8297,6.330,2.450
8298,6.335,2.475
8299,6.374,2.470
8300,6.379,2.469
8301,6.343,2.417
8302,6.260,2.367
8303,6.249,2.373
8304,6.282,2.445
8305,6.260,2.410
8306,6.288,2.413
8307,6.395,2.429
8308,6.366,2.400
8309,6.538,2.478
8310,6.428,2.450
8311,6.423,2.467
8312,6.581,2.484
8313,6.664,2.532
8314,6.635,2.418
8315,6.587,2.387
8316,6.531,2.388
8317,6.566,2.442
8318,6.650,2.401
8319,6.676,2.436
8320,6.705,2.378
8321,6.513,2.353
8322,6.559,2.320
8323,6.589,2.356
8324,6.644,2.405
8325,6.598,2.358
8326,6.548,2.323
8327,6.521,2.272
8328,6.620,2.302
8329,6.610,2.195
8330,6.872,2.287
8331,6.738,2.280
8332,6.796,2.272
8333,6.789,2.366
8334,6.773,2.370
8335,6.635,2.342
8336,6.793,2.382
8337,6.719,2.336
8338,6.801,2.402
8339,6.705,2.279
8340,6.811,2.312
8341,6.780,2.371
8342,6.864,2.426
8343,6.849,2.346
8344,6.750,2.326
8345,6.726,2.323
8346,6.875,2.338
8347,6.928,2.311
8348,7.060,2.406
8349,6.922,2.350
8350,6.843,2.343
8351,6.665,2.286
8352,6.691,2.330
8353,6.715,2.407
8354,6.553,2.354
8355,6.530,2.446
8356,6.610,2.499
8357,6.510,2.449
8358,6.492,2.394
8359,6.403,2.440
8360,6.368,2.401
8361,6.313,2.405
8362,6.342,2.425
8363,6.356,2.459
8364,6.438,2.486
8365,6.421,2.518
8366,6.359,2.438
8367,6.292,2.403
8368,6.315,2.354
8369,6.172,2.335
8370,6.234,2.375
8371,6.256,2.413
8372,6.321,2.296
8373,6.338,2.323
8374,6.220,2.307
8375,6.241,2.213
8376,6.411,2.275
8377,6.451,2.301
8378,6.384,2.263
8379,6.339,2.316
8380,6.255,2.345
8381,6.274,2.290
8382,6.270,2.396
8383,6.299,2.412
8384,6.326,2.338
8385,6.214,2.350
8386,6.324,2.396
8387,6.507,2.483
8388,6.411,2.395
8389,6.646,2.467
8390,6.493,2.337
8391,6.539,2.374
8392,6.552,2.370
8393,6.626,2.366
8394,6.567,2.371
8395,6.479,2.443
8396,6.424,2.329
8397,6.431,2.327
8398,6.389,2.405
8399,6.283,2.361
8400,6.372,2.329
8401,6.477,2.362
8402,6.367,2.334
8403,6.308,2.306
8404,6.453,2.261
8405,6.512,2.330
8406,6.387,2.381
8407,6.522,2.392
8408,6.530,2.413
8409,6.275,2.343
8410,6.377,2.320
8411,6.522,2.309
8412,6.534,2.395
8413,6.446,2.278
8414,6.393,2.283
8415,6.370,2.299
8416,6.386,2.310
8417,6.415,2.286
8418,6.309,2.307
8419,6.357,2.372
8420,6.420,2.389
8421,6.405,2.300
8422,6.439,2.360
8423,6.471,2.441
8424,6.248,2.344
8425,6.317,2.255
8426,6.269,2.315
8427,6.322,2.350
8428,6.308,2.312
8429,6.377,2.262
8430,6.252,2.294
8431,6.431,2.368
8432,6.343,2.324
8433,6.442,2.394
8434,6.407,2.388
8435,6.448,2.457
8436,6.347,2.410
8437,6.387,2.424
8438,6.261,2.352
8439,6.322,2.317
8440,6.295,2.405
8441,6.373,2.426
8442,6.350,2.381
8443,6.430,2.382
8444,6.432,2.350
8445,6.410,2.287
8446,6.386,2.292
8447,6.516,2.368
8448,6.444,2.304
8449,6.437,2.232
8450,6.575,2.311
8451,6.623,2.358
8452,6.664,2.366
8453,6.568,2.357
8454,6.643,2.359
8455,6.550,2.374
8456,6.552,2.449
8457,6.471,2.361
8458,6.481,2.378
8459,6.453,2.311
8460,6.585,2.296
8461,6.573,2.276
8462,6.503,2.320
8463,6.406,2.281
8464,6.498,2.288
8465,6.481,2.261
8466,6.382,2.219
8467,6.312,2.212
8468,6.493,2.322
8469,6.434,2.290
8470,6.417,2.325
8471,6.204,2.252
8472,6.210,2.297
8473,6.226,2.179
8474,6.130,2.260
8475,6.299,2.256
8476,6.353,2.231
8477,6.388,2.241
8478,6.344,2.247
8479,6.191,2.190
8480,6.239,2.156
8481,6.328,2.329
8482,6.248,2.162
8483,6.260,2.214
8484,6.138,2.219
8485,6.306,2.251
8486,6.297,2.203
8487,6.474,2.293
8488,6.345,2.262
8489,6.295,2.281
8490,6.389,2.270
8491,6.306,2.189
8492,6.474,2.265
8493,6.556,2.314
8494,6.501,2.305
8495,6.346,2.346
8496,6.365,2.346
8497,6.440,2.283
8498,6.446,2.297
8499,6.459,2.289
8500,6.413,2.383
8501,6.519,2.254
8502,6.347,2.225
8503,6.433,2.278
8504,6.369,2.182
8505,6.313,2.285
8506,6.217,2.306
8507,6.282,2.373
8508,6.142,2.352
8509,6.255,2.269
8510,6.156,2.341
8511,6.056,2.322
8512,6.123,2.341
8513,6.034,2.367
8514,6.150,2.405
8515,6.148,2.341
8516,6.242,2.358
8517,6.303,2.382
8518,6.317,2.455
8519,6.409,2.422
8520,6.340,2.396
8521,6.301,2.273
8522,6.262,2.254
8523,6.308,2.272
8524,6.408,2.297
8525,6.314,2.314
8526,6.263,2.321
8527,6.261,2.411
8528,6.348,2.536
8529,6.243,2.383
8530,6.335,2.384
8531,6.361,2.310
8532,6.386,2.333
8533,6.270,2.261
8534,6.169,2.291
8535,6.237,2.307
8536,6.079,2.291
8537,6.077,2.284
8538,6.043,2.274
8539,6.005,2.277
8540,6.037,2.383
8541,5.831,2.355
8542,6.004,2.307
8543,5.963,2.277
8544,6.011,2.364
8545,6.094,2.304
8546,6.092,2.327
8547,6.135,2.320
8548,6.197,2.337
8549,5.936,2.314
8550,5.950,2.290
8551,6.091,2.381
8552,6.092,2.407
8553,6.038,2.282
8554,6.021,2.358
8555,6.265,2.404
8556,6.219,2.468
8557,6.202,2.406
8558,6.262,2.518
8559,6.175,2.474
8560,6.160,2.457
8561,6.243,2.447
8562,6.074,2.415
8563,6.082,2.556
8564,6.157,2.564
8565,6.210,2.493
8566,6.214,2.563
8567,6.155,2.545
8568,6.249,2.521
8569,6.179,2.494
8570,6.186,2.560
8571,6.293,2.460
8572,6.144,2.475
8573,6.151,2.496
8574,6.125,2.483
8575,6.062,2.421
8576,6.058,2.451
8577,6.072,2.502
8578,6.143,2.469
8579,6.109,2.452
8580,6.080,2.412
8581,6.105,2.400
8582,5.956,2.458
8583,5.907,2.351
8584,6.014,2.397
8585,6.047,2.347
8586,6.089,2.422
8587,6.128,2.450
8588,6.157,2.372
8589,6.077,2.427
8590,6.140,2.301
8591,6.068,2.376
8592,6.177,2.429
8593,6.118,2.380
8594,6.067,2.457
8595,5.986,2.409
8596,5.962,2.409
8597,6.054,2.548
8598,6.195,2.594
8599,6.107,2.485
8600,6.374,2.493
8601,6.182,2.462
8602,6.265,2.430
8603,6.175,2.297
8604,6.360,2.340
8605,6.258,2.366
8606,6.270,2.470
8607,6.209,2.497
8608,6.158,2.434
8609,6.212,2.410
8610,6.099,2.354
8611,6.034,2.338
8612,6.145,2.393
8613,6.179,2.347
8614,6.236,2.376
8615,6.186,2.347
8616,6.224,2.449
8617,6.226,2.433
8618,6.098,2.357
8619,6.170,2.405
8620,6.212,2.387
8621,6.245,2.345
8622,6.338,2.532
8623,6.335,2.549
8624,6.348,2.605
8625,6.449,2.568
8626,6.339,2.499
8627,6.395,2.461
8628,6.399,2.566
8629,6.411,2.487
8630,6.399,2.477
8631,6.268,2.546
8632,6.259,2.451
8633,6.235,2.536
8634,6.134,2.572
8635,6.235,2.500
8636,6.365,2.505
8637,6.266,2.505
8638,6.378,2.490
8639,6.483,2.491
8640,6.419,2.469
8641,6.401,2.455
8642,6.482,2.499
8643,6.356,2.454
8644,6.218,2.444
8645,6.261,2.418
8646,6.418,2.483
8647,6.275,2.451
8648,6.292,2.481
8649,6.290,2.474
8650,6.247,2.571
8651,6.341,2.555
8652,6.272,2.540
8653,6.225,2.510
8654,6.177,2.574
8655,6.204,2.521
8656,6.123,2.453
8657,6.144,2.443
8658,6.137,2.444
8659,6.165,2.427
8660,6.056,2.425
8661,6.201,2.425
8662,6.266,2.419
8663,6.315,2.471
8664,6.322,2.416
8665,6.237,2.355
8666,6.298,2.318
8667,6.310,2.370
8668,6.340,2.278
8669,6.419,2.336
8670,6.238,2.307
8671,6.365,2.393
8672,6.285,2.353
8673,6.276,2.373
8674,6.259,2.348
8675,6.125,2.342
8676,6.186,2.359
8677,6.046,2.399
8678,5.991,2.337
8679,6.198,2.410
8680,6.110,2.404
8681,6.139,2.354
8682,6.138,2.383
8683,6.172,2.391
8684,5.994,2.348
8685,5.935,2.368
8686,5.900,2.316
8687,6.011,2.239
8688,5.941,2.284
8689,6.131,2.236
8690,6.365,2.285
8691,6.263,2.272
8692,6.198,2.335
8693,6.277,2.324
8694,6.227,2.319
8695,6.124,2.324
8696,6.075,2.212
8697,6.104,2.364
8698,5.979,2.407
8699,6.182,2.433
8700,6.059,2.384
8701,6.032,2.342
8702,6.053,2.336
8703,6.087,2.330
8704,6.114,2.299
8705,6.190,2.362
8706,6.160,2.283
8707,6.129,2.387
8708,6.012,2.244
8709,5.813,2.312
8710,5.910,2.348
8711,5.952,2.308
8712,6.013,2.271
8713,6.055,2.294
8714,6.015,2.205
8715,6.079,2.215
8716,6.145,2.302
8717,6.160,2.241
8718,6.027,2.279
8719,6.058,2.230
8720,6.058,2.224
8721,6.088,2.276
8722,6.022,2.419
8723,6.038,2.404
8724,6.072,2.453
8725,5.965,2.405
8726,5.991,2.360
8727,5.961,2.309
8728,6.034,2.387
8729,6.113,2.373
8730,6.016,2.365
8731,6.145,2.346
8732,6.057,2.408
8733,6.051,2.372
8734,6.025,2.369
8735,5.968,2.375
8736,6.039,2.405
8737,5.959,2.326
8738,5.988,2.433
8739,6.250,2.460
8740,6.263,2.472
8741,6.182,2.433
8742,6.100,2.415
8743,6.217,2.534
8744,6.277,2.476
8745,6.163,2.407
8746,6.280,2.544
8747,6.167,2.549
8748,6.120,2.466
8749,6.456,2.565
8750,6.441,2.558
8751,6.532,2.579
8752,6.435,2.585
8753,6.466,2.552
8754,6.480,2.528
8755,6.613,2.589
8756,6.524,2.594
8757,6.551,2.539
8758,6.513,2.568
8759,6.544,2.493
8760,6.572,2.484
8761,6.396,2.479
8762,6.279,2.513
8763,6.393,2.580
8764,6.283,2.609
8765,6.411,2.548
8766,6.427,2.580
8767,6.379,2.574
8768,6.416,2.548
8769,6.425,2.579
8770,6.582,2.566
8771,6.509,2.550
8772,6.537,2.566
8773,6.545,2.579
8774,6.419,2.531
8775,6.386,2.584
8776,6.361,2.562
8777,6.438,2.637
8778,6.327,2.602
8779,6.547,2.697
8780,6.410,2.672
8781,6.366,2.676
8782,6.476,2.805
8783,6.444,2.739
8784,6.561,2.824
8785,6.515,2.793
8786,6.559,2.721
8787,6.515,2.801
8788,6.566,2.772
8789,6.547,2.745
8790,6.712,2.774
8791,6.553,2.734
8792,6.435,2.832
8793,6.377,2.701
8794,6.519,2.716
8795,6.494,2.815
8796,6.675,2.893
8797,6.598,2.821
8798,6.727,2.792
8799,6.596,2.721
8800,6.600,2.739
8801,6.458,2.652
8802,6.376,2.666
8803,6.496,2.776
8804,6.523,2.593
8805,6.427,2.592
8806,6.593,2.702
8807,6.423,2.604
8808,6.499,2.716
8809,6.470,2.638
8810,6.357,2.656
8811,6.472,2.793
8812,6.433,2.708
8813,6.477,2.763
8814,6.428,2.734
8815,6.545,2.687
8816,6.411,2.710
8817,6.442,2.762
8818,6.390,2.789
8819,6.560,2.832
8820,6.576,2.778
8821,6.525,2.848
8822,6.444,2.812
8823,6.552,2.744
8824,6.447,2.594
8825,6.553,2.580
8826,6.570,2.741
8827,6.600,2.756
8828,6.619,2.814
8829,6.557,2.683
8830,6.568,2.680
8831,6.565,2.616
8832,6.507,2.601
8833,6.424,2.659
8834,6.491,2.708
8835,6.405,2.596
8836,6.320,2.557
8837,6.541,2.641
8838,6.400,2.642
8839,6.318,2.631
8840,6.201,2.534
8841,6.249,2.670
8842,6.155,2.533
8843,6.273,2.557
8844,6.276,2.556
8845,6.256,2.592
8846,6.286,2.640
8847,6.304,2.568
8848,6.070,2.539
8849,6.030,2.409
8850,6.105,2.480
8851,5.961,2.458
8852,6.068,2.500
8853,6.048,2.508
8854,5.998,2.434
8855,5.988,2.391
8856,5.952,2.381
8857,5.874,2.322
8858,5.946,2.418
8859,5.846,2.432
8860,5.922,2.389
8861,5.985,2.429
8862,5.894,2.441
8863,6.000,2.537
8864,5.981,2.574
8865,5.999,2.476
8866,5.956,2.478
8867,5.934,2.406
8868,5.959,2.551
8869,6.064,2.437
8870,6.018,2.559
8871,6.125,2.565
8872,6.077,2.556
8873,6.362,2.645
8874,6.143,2.545
8875,6.144,2.537
8876,6.060,2.559
8877,6.081,2.496
8878,6.145,2.526
8879,6.339,2.589
8880,6.361,2.587
8881,6.074,2.500
8882,6.114,2.532
8883,6.217,2.544
8884,6.176,2.638
8885,6.362,2.623
8886,6.168,2.593
8887,6.120,2.555
8888,6.121,2.614
8889,6.115,2.639
8890,6.188,2.608
8891,6.177,2.453
8892,6.202,2.564
8893,6.216,2.651
8894,6.236,2.686
8895,6.211,2.624
8896,5.995,2.624
8897,6.079,2.649
8898,6.247,2.732
8899,6.154,2.685
8900,6.268,2.679
8901,6.243,2.642
8902,6.149,2.616
8903,6.089,2.570
8904,6.181,2.711
8905,6.199,2.753
8906,6.137,2.673
8907,6.087,2.620
8908,6.140,2.630
8909,6.116,2.489
8910,6.140,2.560
8911,6.176,2.597
8912,6.107,2.562
8913,6.237,2.563
8914,6.183,2.541
8915,6.171,2.574
8916,6.244,2.642
8917,6.225,2.555
8918,6.381,2.678
8919,6.378,2.641
8920,6.218,2.537
8921,6.330,2.717
8922,6.372,2.606
8923,6.386,2.730
8924,6.371,2.640
8925,6.313,2.592
8926,6.140,2.626
8927,6.128,2.580
8928,6.276,2.533
8929,6.299,2.487
8930,6.238,2.531
8931,6.201,2.578
8932,6.318,2.544
8933,6.060,2.534
8934,6.020,2.443
8935,6.210,2.503
8936,6.233,2.561
8937,6.168,2.557
8938,6.203,2.542
8939,6.322,2.601
8940,6.109,2.566
8941,6.094,2.585
8942,6.304,2.569
8943,6.263,2.624
8944,6.305,2.646
8945,6.279,2.643
8946,6.246,2.462
8947,6.347,2.566
8948,6.336,2.518
8949,6.389,2.563
8950,6.474,2.563
8951,6.387,2.628
8952,6.311,2.535
8953,6.292,2.502
8954,6.308,2.580
8955,6.407,2.598
8956,6.610,2.578
8957,6.472,2.571
8958,6.404,2.530
8959,6.350,2.546
8960,6.285,2.531
8961,6.280,2.532
8962,6.582,2.604
8963,6.392,2.538
8964,6.341,2.523
8965,6.474,2.671
8966,6.294,2.569
8967,6.364,2.555
8968,6.471,2.491
8969,6.497,2.471
8970,6.588,2.531
8971,6.659,2.505
8972,6.541,2.438
8973,6.580,2.455
8974,6.405,2.431
8975,6.409,2.387
8976,6.260,2.311
8977,6.228,2.392
8978,6.322,2.392
8979,6.313,2.482
8980,6.330,2.460
8981,6.350,2.504
8982,6.393,2.536
8983,6.361,2.514
8984,6.395,2.457
8985,6.237,2.439
8986,6.309,2.396
8987,6.195,2.373
8988,6.156,2.455
8989,6.263,2.408
8990,6.492,2.416
8991,6.535,2.404
8992,6.679,2.396
8993,6.668,2.374
8994,6.615,2.488
8995,6.558,2.482
8996,6.446,2.442
8997,6.447,2.380
8998,6.396,2.427
8999,6.433,2.462
9000,6.358,2.441
9001,6.407,2.390
9002,6.491,2.542
9003,6.386,2.567
9004,6.401,2.506
9005,6.508,2.517
9006,6.411,2.523
9007,6.361,2.480
9008,6.375,2.485
9009,6.298,2.479
9010,6.216,2.471
9011,6.328,2.372
9012,6.496,2.478
9013,6.292,2.393
9014,6.297,2.398
9015,6.439,2.362
9016,6.300,2.463
9017,6.217,2.469
9018,6.361,2.418
9019,6.256,2.543
9020,6.282,2.403
9021,6.214,2.477
9022,6.101,2.437
9023,6.199,2.391
9024,6.250,2.415
9025,6.149,2.356
9026,6.344,2.374
9027,6.368,2.303
9028,6.368,2.362
9029,6.342,2.406
9030,6.414,2.308
9031,6.300,2.280
9032,6.384,2.333
9033,6.423,2.269
9034,6.600,2.352
9035,6.603,2.459
9036,6.524,2.350
9037,6.528,2.376
9038,6.480,2.396
9039,6.659,2.378
9040,6.587,2.436
9041,6.570,2.504
9042,6.585,2.485
9043,6.597,2.548
9044,6.591,2.554
9045,6.427,2.456
9046,6.315,2.439
9047,6.261,2.398
9048,6.481,2.383
9049,6.251,2.351
9050,6.433,2.483
9051,6.317,2.418
9052,6.414,2.407
9053,6.392,2.410
9054,6.488,2.376
9055,6.487,2.437
9056,6.525,2.390
9057,6.503,2.406
9058,6.443,2.344
9059,6.357,2.278
9060,6.474,2.276
9061,6.534,2.369
9062,6.742,2.342
9063,6.726,2.331
9064,6.771,2.336
9065,6.836,2.396
9066,6.887,2.417
9067,6.844,2.421
9068,6.835,2.480
9069,6.569,2.406
9070,6.445,2.337
9071,6.842,2.404
9072,6.688,2.352
9073,6.751,2.325
9074,6.661,2.338
9075,6.796,2.369
9076,6.688,2.448
9077,6.695,2.354
9078,6.566,2.396
9079,6.595,2.404
9080,6.422,2.384
9081,6.396,2.365
9082,6.496,2.396
9083,6.596,2.408
9084,6.608,2.286
9085,6.678,2.316
9086,6.582,2.393
9087,6.559,2.408
9088,6.541,2.404
9089,6.542,2.370
9090,6.529,2.349
9091,6.590,2.445
9092,6.636,2.335
9093,6.657,2.355
9094,6.689,2.347
9095,6.686,2.417
9096,6.793,2.432
9097,6.686,2.426
9098,6.708,2.508
9099,6.542,2.401
9100,6.539,2.389
9101,6.530,2.415
9102,6.600,2.364
9103,6.669,2.351
9104,6.603,2.471
9105,6.562,2.443
9106,6.616,2.376
9107,6.576,2.461
9108,6.551,2.446
9109,6.569,2.399
9110,6.661,2.410
9111,6.786,2.478
9112,6.695,2.395
9113,6.789,2.485
9114,6.822,2.417
9115,6.864,2.393
9116,6.871,2.386
9117,6.776,2.399
9118,6.562,2.434
9119,6.608,2.393
9120,6.598,2.387
9121,6.364,2.364
9122,6.359,2.433
9123,6.198,2.391
9124,6.278,2.494
9125,6.392,2.425
9126,6.380,2.486
9127,6.442,2.358
9128,6.315,2.422
9129,6.257,2.345
9130,6.263,2.400
9131,6.272,2.439
9132,6.118,2.392
9133,6.239,2.385
9134,6.031,2.366
9135,6.045,2.283
9136,6.151,2.373
9137,6.163,2.391
9138,6.360,2.448
9139,6.286,2.321
9140,6.235,2.387
9141,6.328,2.336
9142,6.318,2.357
9143,6.456,2.355
9144,6.506,2.318
9145,6.507,2.364
9146,6.566,2.324
9147,6.486,2.327
9148,6.545,2.299
9149,6.542,2.318
9150,6.523,2.370
9151,6.499,2.444
9152,6.505,2.351
9153,6.580,2.339
9154,6.589,2.336
9155,6.631,2.338
9156,6.584,2.425
9157,6.562,2.465
9158,6.695,2.448
9159,6.650,2.493
9160,6.448,2.368
9161,6.454,2.447
9162,6.414,2.493
9163,6.345,2.371
9164,6.395,2.374
9165,6.394,2.355
9166,6.330,2.391
9167,6.263,2.406
9168,6.333,2.357
9169,6.336,2.346
9170,6.383,2.383
9171,6.378,2.395
9172,6.283,2.457
9173,6.269,2.377
9174,6.299,2.467
9175,6.466,2.362
9176,6.369,2.355
9177,6.258,2.322
9178,6.193,2.418
9179,6.122,2.355
9180,6.273,2.351
9181,6.218,2.394
9182,6.203,2.384
9183,6.231,2.333
9184,6.214,2.360
9185,6.301,2.328
9186,6.462,2.287
9187,6.392,2.311
9188,6.590,2.309
9189,6.563,2.350
9190,6.319,2.333
9191,6.449,2.378
9192,6.412,2.390
9193,6.389,2.466
9194,6.292,2.320
9195,6.284,2.414
9196,6.344,2.444
9197,6.356,2.387
9198,6.396,2.336
9199,6.388,2.417
9200,6.587,2.417
9201,6.497,2.375
9202,6.476,2.427
9203,6.238,2.350
9204,6.288,2.353
9205,6.250,2.393
9206,6.133,2.349
9207,6.114,2.306
9208,6.269,2.396
9209,6.359,2.414
9210,6.350,2.430
9211,6.290,2.457
9212,6.226,2.567
9213,6.150,2.360
9214,6.110,2.499
9215,6.106,2.471
9216,6.108,2.456
9217,6.105,2.400
9218,6.210,2.469
9219,6.242,2.401
9220,6.354,2.442
9221,6.281,2.406
9222,6.269,2.501
9223,6.352,2.538
9224,6.405,2.474
9225,6.391,2.375
9226,6.478,2.417
9227,6.592,2.372
9228,6.565,2.375
9229,6.558,2.388
9230,6.463,2.357
9231,6.382,2.337
9232,6.459,2.473
9233,6.679,2.420
9234,6.612,2.366
9235,6.690,2.361
9236,6.574,2.383
9237,6.543,2.360
9238,6.402,2.343
9239,6.469,2.381
9240,6.442,2.373
9241,6.367,2.401
9242,6.343,2.355
9243,6.354,2.387
9244,6.461,2.378
9245,6.420,2.260
9246,6.345,2.232
9247,6.382,2.253
9248,6.409,2.216
9249,6.421,2.224
9250,6.282,2.248
9251,6.381,2.278
9252,6.377,2.173
9253,6.317,2.251
9254,6.377,2.358
9255,6.276,2.314
9256,6.285,2.205
9257,6.366,2.153
9258,6.372,2.247
9259,6.227,2.309
9260,6.165,2.227
9261,6.241,2.271
9262,6.338,2.359
9263,6.133,2.281
9264,6.147,2.356
9265,6.216,2.324
9266,6.286,2.407
9267,6.320,2.284
9268,6.397,2.354
9269,6.366,2.396
9270,6.391,2.309
9271,6.355,2.323
9272,6.378,2.288
9273,6.370,2.259
9274,6.376,2.255
9275,6.328,2.163
9276,6.262,2.148
9277,6.446,2.221
9278,6.289,2.159
9279,6.359,2.180
9280,6.291,2.188
9281,6.185,2.168
9282,6.260,2.192
9283,6.328,2.210
9284,6.249,2.192
9285,6.302,2.197
9286,6.430,2.278
9287,6.455,2.281
9288,6.484,2.288
9289,6.338,2.203
9290,6.304,2.302
9291,6.366,2.242
9292,6.365,2.255
9293,6.432,2.309
9294,6.491,2.207
9295,6.472,2.260
9296,6.401,2.216
9297,6.318,2.197
9298,6.153,2.135
9299,6.123,2.140
9300,6.022,2.172
9301,6.081,2.276
9302,6.132,2.184
9303,6.053,2.200
9304,6.134,2.196
9305,6.015,2.180
9306,6.132,2.297
9307,6.120,2.330
9308,6.038,2.302
9309,6.156,2.310
9310,6.009,2.227
9311,6.069,2.206
9312,6.180,2.278
9313,6.044,2.289
9314,6.063,2.391
9315,6.166,2.421
9316,6.027,2.317
9317,6.006,2.336
9318,6.125,2.327
9319,6.061,2.292
9320,6.045,2.263
9321,6.004,2.300
9322,6.104,2.297
9323,6.018,2.264
9324,5.994,2.268
9325,5.964,2.355
9326,5.947,2.323
9327,6.028,2.324
9328,6.061,2.313
9329,6.077,2.344
9330,6.104,2.320
9331,6.128,2.328
9332,6.158,2.342
9333,6.039,2.251
9334,6.107,2.324
9335,6.156,2.267
9336,6.260,2.351
9337,6.246,2.332
9338,6.222,2.322
9339,6.219,2.220
9340,6.413,2.229
9341,6.444,2.377
9342,6.400,2.391
9343,6.094,2.282
9344,6.208,2.306
9345,6.310,2.454
9346,6.445,2.499
9347,6.497,2.454
9348,6.398,2.345
9349,6.373,2.442
9350,6.400,2.503
9351,6.331,2.413
9352,6.356,2.427
9353,6.312,2.449
9354,6.329,2.452
9355,6.377,2.519
9356,6.217,2.381
9357,6.346,2.492
9358,6.357,2.459
9359,6.395,2.549
9360,6.377,2.567
9361,6.334,2.546
9362,6.246,2.536
9363,6.257,2.493
9364,6.159,2.504
9365,6.220,2.454
9366,6.335,2.626
9367,6.227,2.437
9368,6.395,2.611
9369,6.157,2.511
9370,6.119,2.445
9371,5.964,2.370
9372,6.052,2.401
9373,6.163,2.403
9374,6.170,2.514
9375,6.128,2.466
9376,6.317,2.452
9377,6.262,2.423
9378,6.284,2.319
9379,6.301,2.380
9380,6.294,2.421
9381,6.276,2.410
9382,6.434,2.444
9383,6.549,2.375
9384,6.458,2.393
9385,6.423,2.491
9386,6.453,2.490
9387,6.345,2.450
9388,6.267,2.368
9389,6.219,2.383
9390,6.223,2.336
9391,6.304,2.408
9392,6.479,2.402
9393,6.396,2.468
9394,6.521,2.410
9395,6.401,2.353
9396,6.308,2.420
9397,6.418,2.363
9398,6.385,2.292
9399,6.375,2.300
9400,6.402,2.280
9401,6.451,2.336
9402,6.477,2.370
9403,6.442,2.419
9404,6.410,2.328
9405,6.542,2.418
9406,6.388,2.303
9407,6.355,2.313
9408,6.263,2.334
9409,6.222,2.343
9410,6.333,2.326
9411,6.266,2.391
9412,6.250,2.317
9413,6.270,2.368
9414,6.253,2.455
9415,6.286,2.407
9416,6.251,2.325
9417,6.315,2.448
9418,6.298,2.519
9419,6.203,2.417
9420,6.212,2.442
9421,6.245,2.347
9422,6.348,2.428
9423,6.451,2.529
9424,6.428,2.442
9425,6.411,2.422
9426,6.375,2.376
9427,6.189,2.378
9428,6.223,2.383
9429,6.236,2.433
9430,6.304,2.327
9431,6.314,2.337
9432,6.379,2.372
9433,6.144,2.429
9434,6.136,2.439
9435,6.176,2.510
9436,6.147,2.562
9437,6.372,2.577
9438,6.402,2.536
9439,6.294,2.437
9440,6.310,2.472
9441,6.383,2.483
9442,6.271,2.467
9443,6.352,2.528
9444,6.365,2.556
9445,6.346,2.552
9446,6.283,2.570
9447,6.323,2.560
9448,6.289,2.531
9449,6.300,2.523
9450,6.406,2.548
9451,6.400,2.469
9452,6.352,2.488
9453,6.279,2.538
9454,6.233,2.429
9455,6.242,2.457
9456,6.220,2.355
9457,6.263,2.386
9458,6.339,2.331
9459,6.362,2.360
9460,6.371,2.376
9461,6.292,2.371
9462,6.293,2.420
9463,6.206,2.319
9464,6.235,2.341
9465,6.288,2.411
9466,6.409,2.375
9467,6.444,2.411
9468,6.457,2.505
9469,6.375,2.402
9470,6.469,2.392
9471,6.328,2.364
9472,6.373,2.464
9473,6.310,2.472
9474,6.313,2.377
9475,6.457,2.480
9476,6.463,2.472
9477,6.459,2.480
9478,6.399,2.428
9479,6.466,2.512
9480,6.524,2.647
9481,6.428,2.514
9482,6.440,2.460
9483,6.374,2.456
9484,6.327,2.533
9485,6.402,2.454
9486,6.500,2.432
9487,6.524,2.445
9488,6.500,2.535
9489,6.387,2.456
9490,6.392,2.483
9491,6.292,2.422
9492,6.366,2.360
9493,6.429,2.481
9494,6.372,2.413
9495,6.447,2.455
9496,6.347,2.489
9497,6.409,2.454
9498,6.251,2.477
9499,6.210,2.458
9500,6.158,2.420
9501,6.197,2.430
9502,6.356,2.364
9503,6.158,2.244
9504,6.123,2.354
9505,6.205,2.394
9506,6.158,2.394
9507,6.292,2.441
9508,6.164,2.392
9509,6.235,2.421
9510,6.121,2.508
9511,6.097,2.366
9512,6.085,2.423
9513,6.017,2.428
9514,5.933,2.369
9515,6.069,2.450
9516,6.109,2.431
9517,6.096,2.422
9518,6.142,2.450
9519,6.203,2.429
9520,6.282,2.516
9521,6.156,2.389
9522,6.097,2.368
9523,6.119,2.361
9524,6.140,2.371
9525,6.166,2.349
9526,6.274,2.331
9527,6.363,2.516
9528,6.274,2.388
9529,6.162,2.384
9530,6.103,2.476
9531,6.129,2.463
9532,6.226,2.484
9533,6.224,2.464
9534,6.154,2.499
9535,6.334,2.579
9536,6.419,2.516
9537,6.363,2.532
9538,6.368,2.548
9539,6.279,2.454
9540,6.410,2.431
9541,6.431,2.432
9542,6.480,2.448
9543,6.466,2.500
9544,6.396,2.426
9545,6.437,2.534
9546,6.330,2.474
9547,6.511,2.521
9548,6.526,2.521
9549,6.349,2.487
9550,6.238,2.449
9551,6.156,2.486
9552,6.248,2.519
9553,6.231,2.449
9554,6.183,2.451
9555,6.095,2.418
9556,6.367,2.543
9557,6.226,2.468
9558,6.248,2.416
9559,6.235,2.318
9560,6.363,2.379
9561,6.462,2.338
9562,6.428,2.435
9563,6.367,2.376
9564,6.456,2.362
9565,6.467,2.388
9566,6.475,2.462
9567,6.484,2.446
9568,6.433,2.479
9569,6.460,2.438
9570,6.301,2.458
9571,6.566,2.470
9572,6.608,2.497
9573,6.653,2.475
9574,6.766,2.514
9575,6.674,2.480
9576,6.715,2.532
9577,6.693,2.431
9578,6.636,2.480
9579,6.524,2.531
9580,6.651,2.474
9581,6.726,2.494
9582,6.793,2.398
9583,6.715,2.546
9584,6.611,2.531
9585,6.619,2.623
9586,6.439,2.494
9587,6.636,2.562
9588,6.592,2.543
9589,6.522,2.501
9590,6.504,2.473
9591,6.522,2.501
9592,6.590,2.441
9593,6.587,2.516
9594,6.603,2.543
9595,6.595,2.434
9596,6.713,2.468
9597,6.687,2.484
9598,6.548,2.458
9599,6.644,2.540
9600,6.464,2.454
9601,6.495,2.521
9602,6.382,2.442
9603,6.448,2.505
9604,6.473,2.545
9605,6.530,2.593
9606,6.609,2.549
9607,6.598,2.554
9608,6.565,2.558
9609,6.422,2.489
9610,6.341,2.494
9611,6.413,2.485
9612,6.384,2.506
9613,6.424,2.463
9614,6.498,2.470
9615,6.601,2.506
9616,6.481,2.487
9617,6.469,2.486
9618,6.474,2.530
9619,6.387,2.477
9620,6.342,2.454
9621,6.449,2.408
9622,6.471,2.432
9623,6.431,2.475
9624,6.369,2.530
9625,6.450,2.430
9626,6.549,2.529
9627,6.574,2.526
9628,6.585,2.459
9629,6.587,2.518
9630,6.627,2.493
9631,6.570,2.381
9632,6.582,2.503
9633,6.673,2.467
9634,6.552,2.504
9635,6.486,2.443
9636,6.665,2.549
9637,6.474,2.473
9638,6.434,2.450
9639,6.629,2.562
9640,6.668,2.608
9641,6.571,2.589
9642,6.568,2.596
9643,6.587,2.540
9644,6.577,2.529
9645,6.540,2.450
9646,6.614,2.508
9647,6.630,2.446
9648,6.601,2.513
9649,6.611,2.457
9650,6.643,2.522
9651,6.644,2.456
9652,6.692,2.477
9653,6.694,2.581
9654,6.641,2.521
9655,6.543,2.506
9656,6.675,2.418
9657,6.762,2.505
9658,6.661,2.557
9659,6.584,2.474
9660,6.610,2.464
9661,6.586,2.445
9662,6.666,2.469
9663,6.610,2.361
9664,6.580,2.494
9665,6.484,2.452
9666,6.407,2.421
9667,6.474,2.535
9668,6.506,2.438
9669,6.494,2.530
9670,6.562,2.483
9671,6.453,2.554
9672,6.503,2.606
9673,6.505,2.595
9674,6.557,2.619
9675,6.496,2.567
9676,6.444,2.552
9677,6.397,2.493
9678,6.340,2.502
9679,6.405,2.448
9680,6.486,2.459
9681,6.318,2.351
9682,6.333,2.423
9683,6.326,2.486
9684,6.281,2.489
9685,6.202,2.520
9686,6.244,2.516
9687,6.150,2.483
9688,6.290,2.481
9689,6.342,2.524
9690,6.446,2.553
9691,6.338,2.488
9692,6.386,2.484
9693,6.304,2.460
9694,6.375,2.501
9695,6.333,2.451
9696,6.323,2.498
9697,6.411,2.564
9698,6.247,2.442
9699,6.444,2.442
9700,6.348,2.434
9701,6.351,2.417
9702,6.325,2.431
9703,6.405,2.353
9704,6.447,2.295
9705,6.513,2.349
9706,6.339,2.306
9707,6.567,2.316
9708,6.535,2.418
9709,6.576,2.374
9710,6.584,2.498
9711,6.472,2.464
9712,6.372,2.365
9713,6.463,2.396
9714,6.429,2.409
9715,6.481,2.384
9716,6.272,2.380
9717,6.316,2.416
9718,6.414,2.413
9719,6.284,2.427
9720,6.209,2.391
9721,6.323,2.418
9722,6.319,2.431
9723,6.316,2.404
9724,6.375,2.426
9725,6.381,2.477
9726,6.454,2.458
9727,6.573,2.498
9728,6.471,2.382
9729,6.453,2.429
9730,6.435,2.340
9731,6.427,2.301
9732,6.456,2.364
9733,6.444,2.417
9734,6.618,2.419
9735,6.713,2.529
9736,6.630,2.465
9737,6.447,2.488
9738,6.581,2.466
9739,6.447,2.330
9740,6.424,2.473
9741,6.397,2.424
9742,6.394,2.319
9743,6.305,2.281
9744,6.507,2.353
9745,6.542,2.339
9746,6.454,2.311
9747,6.602,2.350
9748,6.393,2.260
9749,6.465,2.378
9750,6.410,2.442
9751,6.448,2.403
9752,6.390,2.402
9753,6.313,2.460
9754,6.273,2.416
9755,6.444,2.394
9756,6.329,2.320
9757,6.418,2.333
9758,6.430,2.374
9759,6.469,2.448
9760,6.366,2.390
9761,6.449,2.521
9762,6.382,2.317
9763,6.299,2.361
9764,6.456,2.415
9765,6.361,2.403
9766,6.450,2.450
9767,6.301,2.411
9768,6.266,2.463
9769,6.267,2.463
9770,6.196,2.398
9771,6.175,2.539
9772,6.074,2.469
9773,6.225,2.438
9774,6.250,2.467
9775,6.192,2.416
9776,6.170,2.441
9777,6.175,2.476
9778,6.111,2.384
9779,6.188,2.304
9780,6.270,2.304
9781,6.268,2.367
9782,6.265,2.312
9783,6.333,2.383
9784,6.396,2.363
9785,6.305,2.381
9786,6.245,2.270
9787,6.374,2.281
9788,6.416,2.342
9789,6.467,2.334
9790,6.544,2.303
9791,6.468,2.268
9792,6.575,2.331
9793,6.515,2.264
9794,6.455,2.263
9795,6.501,2.375
9796,6.587,2.376
9797,6.732,2.345
9798,6.736,2.375
9799,6.648,2.315
9800,6.511,2.215
9801,6.559,2.250
9802,6.509,2.343
9803,6.506,2.323
9804,6.648,2.376
9805,6.536,2.379
9806,6.567,2.322
9807,6.641,2.403
9808,6.445,2.392
9809,6.540,2.347
9810,6.562,2.345
9811,6.609,2.427
9812,6.598,2.353
9813,6.564,2.352
9814,6.473,2.345
9815,6.471,2.365
9816,6.484,2.422
9817,6.493,2.426
9818,6.565,2.463
9819,6.500,2.323
9820,6.571,2.357
9821,6.566,2.387
9822,6.553,2.366
9823,6.500,2.448
9824,6.371,2.389
9825,6.509,2.436
9826,6.439,2.297
9827,6.533,2.271
9828,6.397,2.284
9829,6.194,2.221
9830,6.413,2.357
9831,6.431,2.375
9832,6.486,2.375
9833,6.358,2.333
9834,6.471,2.407
9835,6.586,2.417
9836,6.433,2.399
9837,6.459,2.429
9838,6.490,2.361
9839,6.564,2.391
9840,6.455,2.396
9841,6.577,2.380
9842,6.624,2.398
9843,6.507,2.380
9844,6.407,2.458
9845,6.409,2.452
9846,6.361,2.381
9847,6.424,2.428
9848,6.373,2.421
9849,6.287,2.479
9850,6.162,2.395
9851,6.206,2.430
9852,6.190,2.338
9853,6.115,2.339
9854,6.055,2.361
9855,6.033,2.345
9856,6.089,2.321
9857,6.051,2.393
9858,6.053,2.485
9859,6.097,2.468
9860,6.055,2.347
9861,6.043,2.322
9862,6.043,2.435
9863,6.056,2.382
9864,6.069,2.295
9865,6.052,2.293
9866,6.067,2.373
9867,6.165,2.349
9868,6.049,2.362
9869,6.169,2.432
9870,6.170,2.478
9871,6.165,2.429
9872,6.274,2.520
9873,6.175,2.383
9874,6.248,2.551
9875,6.164,2.459
9876,6.183,2.501
9877,6.201,2.499
9878,6.174,2.454
9879,6.214,2.415
9880,6.132,2.452
9881,6.208,2.405
9882,6.212,2.516
9883,6.266,2.529
9884,6.360,2.492
9885,6.420,2.518
9886,6.512,2.527
9887,6.391,2.417
9888,6.448,2.423
9889,6.506,2.458
9890,6.740,2.480
9891,6.698,2.551
9892,6.624,2.529
9893,6.585,2.508
9894,6.617,2.448
9895,6.624,2.441
9896,6.604,2.374
9897,6.763,2.394
9898,6.677,2.326
9899,6.769,2.384
9900,6.615,2.428
9901,6.651,2.422
9902,6.737,2.439
9903,6.521,2.471
9904,6.684,2.421
9905,6.718,2.510
9906,6.583,2.387
9907,6.570,2.432
9908,6.513,2.503
9909,6.572,2.423
9910,6.533,2.466
9911,6.633,2.474
9912,6.553,2.450
9913,6.540,2.416
9914,6.648,2.524
9915,6.631,2.450
9916,6.467,2.556
9917,6.503,2.504
9918,6.466,2.458
9919,6.537,2.595
9920,6.651,2.548
9921,6.683,2.546
9922,6.793,2.481
9923,6.811,2.517
9924,6.761,2.634
9925,6.770,2.541
9926,6.717,2.663
9927,6.700,2.528
9928,6.685,2.554
9929,6.836,2.559
9930,6.851,2.483
9931,6.954,2.552
9932,6.936,2.501
9933,6.862,2.467
9934,6.800,2.527
9935,6.666,2.485
9936,6.653,2.508
9937,6.654,2.478
9938,6.713,2.532
9939,6.708,2.647
9940,6.568,2.589
9941,6.626,2.541
9942,6.652,2.467
9943,6.647,2.568
9944,6.508,2.471
9945,6.563,2.460
9946,6.556,2.484
9947,6.581,2.536
9948,6.581,2.507
9949,6.564,2.518
9950,6.576,2.402
9951,6.368,2.412
9952,6.540,2.357
9953,6.569,2.349
9954,6.609,2.285
9955,6.683,2.373
9956,6.670,2.456
9957,6.607,2.451
9958,6.822,2.345
9959,6.952,2.363
9960,6.943,2.415
9961,6.938,2.418
9962,6.986,2.450
9963,6.934,2.394
9964,6.815,2.500
9965,6.803,2.429
9966,6.737,2.491
9967,6.584,2.483
9968,6.532,2.492
9969,6.699,2.437
9970,6.585,2.439
9971,6.551,2.413
9972,6.597,2.525
9973,6.619,2.469
9974,6.684,2.517
9975,6.643,2.465
9976,6.773,2.543
9977,6.658,2.610
9978,6.664,2.503
9979,6.700,2.525
9980,6.832,2.508
9981,6.782,2.544
9982,6.682,2.516
9983,6.491,2.417
9984,6.472,2.440
9985,6.479,2.510
9986,6.486,2.471
9987,6.335,2.427
9988,6.481,2.461
9989,6.530,2.492
9990,6.493,2.437
9991,6.426,2.406
9992,6.412,2.404
9993,6.477,2.468
9994,6.399,2.398
9995,6.432,2.440
9996,6.564,2.432
9997,6.441,2.389
9998,6.537,2.467
9999,6.434,2.534
