frame,K347_ASP1423,K347_ASP1714,K347_D356
0,27.714,25.580,4.203
1,26.666,23.961,4.893
2,28.355,25.647,4.804
3,26.763,24.879,4.713
4,27.368,25.609,3.892
5,28.276,25.874,4.195
6,27.118,25.061,3.829
7,27.750,26.079,3.757
8,26.733,25.491,4.400
9,27.291,26.060,4.223
10,26.193,24.261,4.545
11,26.117,24.285,4.148
12,27.434,25.344,3.799
13,25.983,25.031,4.376
14,26.352,25.150,3.697
15,26.844,24.691,4.257
16,26.357,25.248,3.602
17,27.098,23.904,3.936
18,25.447,22.976,2.833
19,27.075,24.378,3.858
20,25.936,23.777,3.168
21,26.862,24.717,4.055
22,25.930,24.096,3.980
23,25.368,23.948,2.616
24,26.412,24.409,3.592
25,25.595,24.195,2.756
26,25.695,23.456,2.843
27,25.188,23.539,3.021
28,25.193,24.035,3.055
29,27.006,25.629,2.663
30,26.919,25.364,3.641
31,26.547,24.373,4.193
32,26.704,25.428,3.552
33,26.599,24.078,4.380
34,26.416,23.653,3.074
35,26.505,25.010,2.810
36,26.962,24.392,3.076
37,25.657,23.429,3.203
38,26.342,24.332,2.867
39,26.331,24.161,2.984
40,27.520,24.941,3.627
41,26.244,24.093,4.052
42,26.071,24.235,3.503
43,25.261,23.524,2.662
44,26.073,23.124,3.801
45,25.667,24.002,4.705
46,26.407,24.407,3.674
47,26.053,23.511,3.987
48,26.207,24.529,4.244
49,26.101,24.577,4.266
50,26.357,25.284,3.688
51,26.192,25.232,4.089
52,25.946,24.110,3.888
53,25.299,24.573,4.165
54,25.549,23.785,3.363
55,26.856,23.132,3.561
56,26.399,24.569,4.135
57,26.765,24.624,3.349
58,27.127,25.286,3.572
59,27.174,25.173,3.888
60,26.860,24.244,3.870
61,27.444,25.334,3.735
62,27.400,25.007,3.334
63,27.303,24.471,2.737
64,27.234,25.106,3.237
65,28.052,24.819,3.115
66,27.515,24.074,3.465
67,27.272,23.660,3.651
68,27.269,24.290,3.350
69,26.629,22.502,3.109
70,25.043,22.316,4.500
71,26.451,22.485,3.785
72,27.056,23.320,4.220
73,26.773,22.523,2.713
74,26.047,23.210,3.889
75,26.412,22.994,3.410
76,25.055,22.317,2.833
77,25.176,22.568,3.059
78,26.802,22.668,3.953
79,26.728,24.378,4.078
80,26.922,24.210,4.173
81,26.117,23.761,3.332
82,26.568,23.782,4.330
83,25.040,23.354,3.289
84,24.870,22.649,2.916
85,24.963,22.443,2.953
86,25.424,22.769,2.826
87,25.255,23.543,3.560
88,26.210,23.964,4.137
89,25.347,23.093,2.886
90,26.076,23.599,2.701
91,25.621,23.517,2.974
92,24.637,23.977,3.013
93,25.176,24.511,2.737
94,26.110,23.812,2.878
95,25.921,23.344,2.744
96,25.836,23.574,2.711
97,26.141,23.930,2.751
98,26.629,24.487,3.474
99,25.828,23.886,3.043
100,25.698,24.169,2.957
101,26.662,23.735,2.924
102,26.118,24.112,2.855
103,27.093,24.064,2.904
104,25.497,23.756,3.761
105,26.053,24.196,3.291
106,25.917,24.246,2.835
107,25.685,24.118,3.008
108,25.951,23.654,3.038
109,25.748,23.611,3.180
110,25.740,24.144,2.879
111,26.747,24.101,3.172
112,25.534,23.778,3.281
113,26.646,24.018,3.965
114,25.705,23.790,2.848
115,26.396,24.682,2.759
116,26.561,24.978,3.139
117,26.059,25.057,3.957
118,25.678,23.628,2.913
119,26.171,24.154,3.004
120,25.864,23.818,2.856
121,26.578,24.351,3.755
122,26.146,24.275,3.186
123,26.320,24.181,2.726
124,25.066,23.823,2.998
125,25.882,22.691,2.750
126,25.715,24.329,2.842
127,25.293,23.312,3.843
128,26.318,24.003,2.864
129,25.759,23.745,2.998
130,26.133,24.475,3.724
131,26.339,24.779,4.113
132,26.959,25.299,3.612
133,27.155,26.344,3.526
134,28.133,24.730,3.408
135,27.057,26.407,4.380
136,26.585,26.145,5.073
137,27.292,26.409,4.044
138,28.092,26.711,4.726
139,26.692,25.637,4.391
140,27.065,26.165,4.473
141,27.373,26.752,4.237
142,27.355,26.950,4.653
143,27.414,26.249,4.322
144,27.860,26.896,4.344
145,26.663,25.872,4.439
146,26.402,26.484,5.317
147,26.767,26.462,5.376
148,26.919,26.512,4.986
149,27.308,26.414,4.143
150,25.792,26.032,4.374
151,27.037,26.345,4.924
152,26.299,26.072,4.452
153,26.196,25.746,3.944
154,26.453,25.745,4.339
155,26.785,26.826,5.211
156,27.138,25.272,4.296
157,27.131,25.600,4.092
158,26.597,25.743,4.482
159,27.618,26.078,4.490
160,26.547,25.755,4.937
161,26.923,25.887,4.357
162,26.900,25.774,4.174
163,26.315,25.574,4.321
164,26.210,25.446,4.771
165,27.311,26.090,3.730
166,26.716,27.104,4.363
167,27.399,26.257,4.680
168,26.910,25.840,4.743
169,27.313,26.745,5.759
170,27.720,26.338,4.759
171,26.895,25.191,3.882
172,25.604,25.055,4.472
173,26.920,25.609,4.317
174,26.805,26.157,4.442
175,26.313,25.790,4.654
176,27.616,26.522,4.336
177,27.665,26.431,4.684
178,26.895,26.475,4.236
179,27.138,26.129,4.202
180,27.709,27.136,4.012
181,26.824,25.422,4.144
182,26.542,25.685,4.701
183,26.944,24.836,4.419
184,27.517,25.955,4.647
185,27.742,26.738,4.508
186,26.545,26.161,4.505
187,27.454,26.134,4.618
188,27.118,24.730,4.056
189,26.964,25.096,5.048
190,26.504,25.008,3.623
191,27.247,25.052,4.568
192,27.111,25.634,4.085
193,27.485,26.057,4.577
194,27.097,25.936,4.734
195,26.703,25.568,4.609
196,26.928,25.363,3.902
197,27.507,25.527,4.990
198,26.811,25.171,4.161
199,26.654,25.152,5.143
200,26.978,25.885,4.253
201,26.860,25.636,4.619
202,27.763,25.669,4.657
203,27.746,26.322,4.762
204,26.977,25.867,4.797
205,26.502,26.113,4.517
206,27.222,26.315,4.978
207,26.102,26.408,4.250
208,27.093,25.477,5.029
209,27.102,25.564,4.634
210,26.897,26.297,4.494
211,26.754,26.734,4.677
212,26.568,25.919,4.333
213,26.334,26.114,3.947
214,27.696,26.110,3.859
215,27.382,26.515,4.388
216,27.226,27.176,4.659
217,27.419,27.415,5.756
218,27.269,27.265,4.847
219,26.211,25.900,4.035
220,26.321,25.284,3.867
221,26.933,26.395,5.017
222,26.921,27.554,5.372
223,26.846,26.847,4.980
224,26.445,26.819,4.863
225,26.505,27.371,5.921
226,25.605,26.201,6.536
227,27.376,26.597,5.999
228,28.058,27.135,4.307
229,27.599,26.499,4.860
230,28.681,27.699,4.982
231,28.673,28.018,5.133
232,28.734,27.439,5.561
233,28.829,28.594,4.180
234,27.173,26.796,4.309
235,27.549,27.327,4.963
236,27.128,27.275,6.209
237,27.915,28.133,5.261
238,28.127,28.180,4.589
239,28.448,27.413,4.219
240,28.627,28.288,5.416
241,27.083,27.226,6.124
242,28.310,27.125,4.951
243,28.616,27.593,4.812
244,28.265,27.227,5.202
245,28.267,27.412,4.154
246,28.727,28.387,4.952
247,28.636,27.438,4.750
248,27.866,27.739,5.422
249,28.383,27.578,5.561
250,28.300,27.437,5.153
251,28.175,27.198,4.993
252,27.442,26.916,4.567
253,27.194,27.133,4.740
254,27.620,27.047,5.128
255,28.321,27.659,5.313
256,28.485,28.219,5.528
257,27.515,27.375,5.554
258,27.818,28.386,5.100
259,27.081,28.307,6.163
260,26.550,27.318,5.341
261,26.087,27.234,5.923
262,28.028,27.053,4.847
263,27.796,27.219,5.222
264,26.788,26.784,5.664
265,26.534,26.885,5.380
266,27.794,27.193,4.753
267,27.919,27.827,5.134
268,27.288,27.036,5.852
269,27.274,27.659,5.343
270,28.161,27.840,4.781
271,27.202,28.400,5.499
272,27.867,27.828,4.409
273,27.087,26.960,7.394
274,26.379,25.684,8.029
275,26.418,26.814,8.203
276,25.703,26.034,7.059
277,27.102,27.132,7.288
278,26.525,25.590,7.177
279,26.795,25.451,6.226
280,26.578,26.355,5.883
281,27.246,25.496,4.751
282,26.887,25.340,5.050
283,27.375,25.081,5.375
284,26.650,25.230,5.112
285,26.273,26.394,5.168
286,27.274,25.668,5.441
287,27.850,25.080,5.688
288,26.868,24.719,4.487
289,26.572,25.346,5.601
290,26.450,25.963,5.743
291,25.775,25.055,5.881
292,25.712,24.712,5.974
293,25.688,24.439,5.153
294,26.668,24.062,4.707
295,26.021,23.739,6.204
296,25.480,23.555,5.336
297,25.970,26.026,6.074
298,25.564,23.968,7.336
299,26.153,25.320,4.560
300,26.694,26.045,5.022
301,26.748,25.640,5.835
302,27.340,26.104,5.286
303,26.547,25.616,4.765
304,25.751,25.346,5.036
305,27.531,27.302,5.024
306,26.313,25.827,5.488
307,26.813,26.398,5.071
308,26.016,26.561,7.051
309,25.903,26.133,6.854
310,27.744,27.182,5.241
311,26.085,26.580,5.581
312,27.044,26.819,4.591
313,27.466,26.761,6.436
314,27.302,25.625,5.859
315,26.743,26.086,5.215
316,27.562,26.565,5.671
317,26.206,25.950,5.540
318,26.909,25.897,6.293
319,26.674,25.718,5.841
320,25.940,26.179,5.240
321,27.203,25.799,7.187
322,27.663,26.294,7.411
323,26.355,25.700,7.479
324,26.968,27.106,5.610
325,26.587,26.189,6.892
326,26.822,27.185,6.043
327,27.423,27.433,5.667
328,28.214,27.316,5.784
329,27.164,26.427,5.986
330,27.966,26.948,5.097
331,27.577,26.659,5.317
332,27.130,26.015,6.119
333,28.528,26.593,6.168
334,28.182,26.968,4.945
335,27.225,27.115,6.688
336,27.247,27.197,6.480
337,27.266,26.174,5.862
338,26.030,26.497,7.833
339,27.438,27.107,6.130
340,26.337,25.402,6.106
341,25.390,25.033,6.414
342,26.260,26.264,6.824
343,27.504,26.496,4.334
344,26.989,26.138,4.241
345,27.584,25.898,5.783
346,27.226,26.591,4.786
347,28.235,26.513,4.433
348,27.952,25.880,4.002
349,27.407,25.766,4.574
350,27.286,25.904,4.417
351,26.242,26.549,5.981
352,27.872,27.506,4.183
353,27.790,26.141,3.766
354,27.398,27.104,4.952
355,26.835,26.465,4.681
356,27.088,26.592,4.271
357,26.598,25.195,4.383
358,26.386,26.837,4.626
359,26.484,26.312,4.632
360,27.002,25.951,3.935
361,25.949,25.504,4.599
362,26.788,25.557,3.789
363,27.078,25.714,4.248
364,26.635,25.276,4.408
365,25.697,26.140,7.038
366,27.176,25.664,4.387
367,27.392,26.222,5.119
368,27.763,26.747,4.283
369,27.994,27.097,4.851
370,28.548,27.046,4.053
371,27.052,25.810,4.347
372,26.656,26.618,5.840
373,27.494,27.045,4.198
374,26.929,26.831,3.791
375,27.588,25.538,4.344
376,25.873,25.876,5.354
377,25.906,26.746,6.826
378,25.867,26.348,6.942
379,26.535,25.810,6.806
380,27.384,26.009,4.545
381,25.897,25.219,3.713
382,26.403,25.894,4.818
383,27.697,26.691,4.951
384,26.658,26.814,4.815
385,26.590,25.589,4.376
386,26.336,24.935,5.459
387,26.866,27.483,6.768
388,25.443,25.169,7.695
389,26.289,25.361,6.139
390,24.620,25.629,7.154
391,26.177,25.230,4.844
392,26.465,25.323,4.273
393,26.024,26.426,5.258
394,25.970,26.310,6.838
395,25.473,25.571,6.890
396,27.091,26.855,5.453
397,26.537,26.673,5.463
398,25.710,26.565,7.498
399,25.271,25.717,6.681
400,27.007,25.706,7.817
401,24.616,25.467,7.823
402,24.654,25.031,7.069
403,25.985,26.481,5.548
404,25.413,25.437,6.885
405,25.955,25.770,7.403
406,26.011,25.354,6.231
407,25.486,25.053,6.970
408,26.669,26.054,6.732
409,26.494,25.800,5.664
410,25.175,24.272,4.729
411,25.327,24.843,4.940
412,25.994,25.097,4.177
413,27.088,25.304,4.055
414,25.260,26.028,8.772
415,26.048,25.883,6.834
416,26.480,25.210,6.398
417,25.141,25.072,6.951
418,26.123,25.686,5.850
419,25.512,25.344,6.243
420,25.397,25.364,6.669
421,28.113,26.221,5.176
422,27.276,25.911,6.227
423,27.710,26.956,4.955
424,27.136,25.788,4.108
425,27.004,26.490,6.244
426,26.137,26.962,4.961
427,26.106,25.269,5.700
428,26.382,26.763,6.497
429,28.660,27.449,5.511
430,26.297,26.461,4.979
431,27.431,26.163,4.748
432,26.579,25.990,5.506
433,26.987,26.765,5.560
434,26.643,25.510,4.546
435,26.903,25.622,4.775
436,27.437,25.290,4.038
437,26.677,24.328,2.800
438,27.337,26.146,4.579
439,25.846,22.963,2.963
440,26.957,25.400,4.025
441,26.563,25.225,3.781
442,27.270,26.554,4.162
443,26.850,26.254,3.887
444,26.268,25.501,3.727
445,25.807,25.713,3.792
446,25.890,25.279,3.925
447,26.398,25.610,4.357
448,27.155,25.247,3.737
449,25.975,24.102,2.894
450,27.004,25.126,3.125
451,26.430,24.826,2.998
452,26.548,24.803,2.789
453,26.824,26.153,3.140
454,26.568,26.349,3.988
455,27.022,26.701,3.279
456,26.712,25.530,4.037
457,25.795,25.565,4.322
458,26.447,26.562,4.707
459,27.921,26.765,5.015
460,26.361,25.248,4.657
461,26.983,26.595,4.746
462,26.886,26.018,5.432
463,26.804,26.143,3.855
464,26.614,25.917,4.466
465,26.853,25.290,3.384
466,27.116,25.514,4.282
467,25.694,24.840,5.214
468,25.596,24.921,3.955
469,26.148,25.907,4.627
470,26.013,25.733,5.642
471,26.988,25.115,4.392
472,27.825,26.822,4.157
473,27.298,25.631,3.685
474,27.130,25.529,3.426
475,26.708,25.880,5.130
476,26.760,25.900,5.936
477,27.653,26.300,4.527
478,27.365,25.529,3.194
479,27.703,25.840,3.694
480,27.019,25.703,3.773
481,26.778,25.232,4.849
482,27.085,26.340,4.229
483,26.089,25.574,5.294
484,27.144,26.457,4.509
485,26.224,25.394,4.931
486,25.395,25.128,6.428
487,25.400,25.417,4.879
488,26.868,27.825,6.462
489,25.452,25.882,5.012
490,26.484,25.887,5.999
491,26.525,24.900,3.817
492,26.426,24.770,4.026
493,25.804,24.202,4.261
494,25.604,24.266,3.921
495,25.608,23.865,3.751
496,24.942,25.016,6.537
497,25.780,24.783,5.637
498,25.844,25.433,5.681
499,26.016,25.485,5.284
500,25.951,25.424,4.982
501,26.951,25.827,7.047
502,25.731,24.718,4.977
503,27.251,25.401,5.991
504,28.242,25.095,4.448
505,26.651,25.131,4.879
506,26.068,25.249,4.589
507,26.509,25.845,5.277
508,26.897,26.220,5.581
509,24.877,25.229,6.521
510,26.790,26.147,4.868
511,26.572,26.703,7.573
512,26.787,25.830,5.123
513,27.146,27.051,4.479
514,26.210,26.569,9.493
515,26.336,25.426,6.533
516,27.022,26.570,5.834
517,25.970,26.098,5.873
518,27.020,27.294,5.300
519,26.223,27.205,7.358
520,26.278,26.624,3.982
521,26.031,26.515,3.483
522,26.168,25.938,4.292
523,26.601,25.161,4.684
524,25.915,25.746,5.976
525,26.780,24.490,5.009
526,26.125,25.748,3.930
527,25.936,24.761,5.622
528,26.490,25.807,5.139
529,26.694,26.344,5.338
530,26.119,25.521,3.264
531,26.588,24.908,3.910
532,26.041,25.088,4.478
533,24.435,24.197,5.625
534,25.113,24.262,6.132
535,25.017,24.796,6.268
536,25.328,24.294,6.811
537,24.480,25.491,7.059
538,25.133,24.835,7.436
539,25.485,24.404,8.168
540,25.660,24.912,6.897
541,26.534,25.161,5.776
542,24.719,24.674,7.951
543,24.809,24.318,6.609
544,25.112,24.671,7.435
545,24.686,24.277,7.097
546,24.034,25.395,6.577
547,24.694,23.607,6.877
548,25.373,24.230,5.436
549,25.382,23.790,6.801
550,25.338,24.066,7.104
551,25.538,24.121,4.913
552,26.403,25.460,5.141
553,26.089,24.368,4.339
554,24.819,24.987,5.463
555,25.303,24.211,4.737
556,24.885,24.758,6.303
557,24.194,23.489,6.154
558,24.744,25.220,6.760
559,24.583,24.676,7.499
560,24.516,24.132,6.774
561,24.690,25.843,8.005
562,25.541,25.205,6.364
563,25.894,24.881,7.106
564,25.635,26.378,6.998
565,26.120,26.008,7.329
566,26.172,26.300,6.167
567,25.323,24.670,5.379
568,25.741,25.625,6.829
569,25.782,26.242,6.286
570,25.204,25.513,6.397
571,24.564,25.817,7.748
572,24.141,24.726,7.783
573,24.748,24.971,6.338
574,25.870,24.042,6.036
575,24.850,25.502,6.668
576,24.701,24.449,7.253
577,25.253,25.206,6.485
578,24.525,24.853,7.709
579,27.515,26.261,4.858
580,27.752,26.132,4.927
581,27.048,26.851,3.893
582,26.763,26.416,4.476
583,26.559,27.929,4.781
584,25.876,27.515,4.322
585,26.607,27.430,4.918
586,26.732,27.186,4.233
587,25.567,27.488,4.245
588,26.038,27.444,5.307
589,24.628,26.954,6.787
590,26.353,28.040,5.892
591,27.036,28.986,4.126
592,24.537,28.857,6.183
593,25.853,28.528,5.284
594,27.023,29.912,4.638
595,26.921,28.218,4.458
596,26.960,28.469,5.811
597,26.584,28.177,4.788
598,26.698,29.055,4.446
599,25.228,27.660,5.581
600,25.888,28.244,6.288
601,25.356,28.055,4.884
602,25.915,28.128,4.801
603,25.545,27.554,3.818
604,27.176,29.379,6.045
605,27.181,28.573,5.437
606,26.701,29.009,5.503
607,27.251,28.850,5.056
608,27.361,29.252,5.684
609,27.549,29.769,7.309
610,25.948,27.467,5.047
611,26.176,28.139,6.156
612,27.613,28.679,4.529
613,25.992,26.930,4.574
614,28.430,29.062,5.379
615,27.528,28.374,5.523
616,26.819,28.303,4.463
617,26.091,28.486,5.187
618,26.274,27.050,3.827
619,26.299,27.913,4.663
620,26.155,28.280,4.824
621,26.493,28.796,5.679
622,25.818,27.851,4.275
623,26.431,28.776,5.332
624,26.571,28.169,4.179
625,26.513,29.535,6.141
626,25.741,29.068,6.054
627,25.593,27.962,5.955
628,25.923,27.599,5.718
629,26.157,28.516,4.627
630,26.811,29.162,5.233
631,25.827,28.445,5.479
632,25.817,29.391,6.450
633,25.841,29.525,4.876
634,25.917,29.761,5.405
635,25.620,29.352,5.770
636,27.296,29.189,4.341
637,25.556,28.111,5.308
638,26.267,29.302,4.435
639,25.530,28.232,4.224
640,26.663,28.647,3.867
641,26.577,28.694,4.707
642,26.679,29.148,5.557
643,26.979,28.090,5.961
644,26.738,29.065,4.682
645,27.797,30.118,4.929
646,26.193,28.570,5.008
647,27.190,29.438,4.984
648,27.085,29.118,4.091
649,26.479,29.060,4.401
650,25.893,28.291,3.811
651,26.384,28.077,4.209
652,25.973,28.548,4.205
653,27.940,27.853,3.441
654,27.178,27.710,4.195
655,26.724,28.197,4.293
656,26.359,28.700,4.354
657,26.950,29.650,5.323
658,27.028,31.030,5.422
659,26.891,28.840,4.453
660,28.174,29.274,4.850
661,27.197,30.155,4.677
662,27.116,29.896,5.957
663,26.081,28.636,6.297
664,26.191,30.091,4.794
665,27.170,29.432,5.029
666,26.015,29.351,5.271
667,25.875,29.135,4.697
668,26.526,28.824,4.745
669,26.262,29.094,4.228
670,27.369,29.615,2.932
671,26.569,28.471,4.454
672,25.690,28.022,4.282
673,27.581,29.267,5.506
674,26.524,30.153,4.562
675,26.589,28.867,5.098
676,26.985,29.675,5.350
677,28.126,30.326,5.012
678,27.198,30.391,6.157
679,27.419,29.084,5.057
680,28.572,30.332,4.369
681,27.430,29.995,5.764
682,26.953,28.956,3.976
683,26.924,27.953,5.877
684,27.852,30.555,5.614
685,27.899,28.836,4.765
686,29.013,28.880,4.393
687,29.158,28.311,4.249
688,28.444,29.634,5.158
689,29.684,29.862,4.623
690,25.008,28.699,6.742
691,25.742,29.610,5.017
692,25.845,29.543,5.103
693,26.460,29.965,6.113
694,27.456,29.027,5.020
695,26.442,29.384,5.627
696,26.185,30.021,5.082
697,28.543,28.807,4.519
698,24.447,27.128,5.369
699,25.282,26.465,5.178
700,25.209,28.527,4.459
701,23.470,25.796,4.698
702,24.140,26.592,4.563
703,23.478,26.490,4.124
704,25.382,26.960,4.519
705,24.252,26.928,4.663
706,23.648,26.668,4.656
707,24.679,27.556,4.276
708,23.757,27.014,4.138
709,23.318,26.661,4.366
710,24.168,26.799,4.411
711,24.362,26.855,4.277
712,23.992,26.439,4.696
713,24.527,26.166,4.706
714,24.680,27.533,3.887
715,24.664,27.156,4.263
716,24.877,28.216,4.766
717,24.862,28.393,4.317
718,25.596,27.931,4.414
719,24.907,26.510,4.559
720,24.473,27.723,4.915
721,25.252,28.687,4.653
722,24.478,27.444,4.774
723,25.982,28.028,4.269
724,23.994,25.013,4.107
725,27.146,27.632,4.319
726,26.481,27.569,4.648
727,27.840,27.216,4.542
728,27.239,27.318,4.549
729,26.471,26.818,4.187
730,26.570,27.650,4.478
731,24.072,27.140,3.716
732,25.389,27.848,5.745
733,26.340,28.667,4.156
734,25.367,27.387,4.634
735,26.547,28.291,4.010
736,25.969,27.470,3.920
737,24.517,27.421,4.205
738,26.529,28.482,3.772
739,24.509,27.727,3.850
740,25.498,27.017,4.587
741,25.877,28.042,4.300
742,25.031,27.689,4.872
743,24.381,26.936,4.353
744,25.845,27.811,3.921
745,25.488,26.721,4.508
746,26.189,28.516,3.747
747,25.136,27.651,3.896
748,25.960,27.735,4.199
749,26.275,27.198,4.894
750,26.162,27.356,3.568
751,27.501,27.737,4.153
752,25.750,27.601,4.638
753,25.450,28.151,3.985
754,26.173,27.251,4.118
755,24.786,26.773,4.410
756,24.707,26.143,4.049
757,25.823,27.032,3.578
758,24.831,27.314,4.588
759,25.735,26.939,3.585
760,27.650,30.154,3.950
761,27.712,29.829,4.163
762,27.654,30.206,5.194
763,26.580,28.636,3.736
764,26.945,28.659,4.412
765,25.172,29.249,4.116
766,27.790,29.954,5.861
767,26.622,28.154,4.672
768,26.991,29.204,7.186
769,26.188,30.924,7.472
770,27.650,30.385,6.407
771,26.390,30.602,6.951
772,27.703,30.340,5.326
773,27.292,29.943,7.076
774,27.065,29.753,6.117
775,27.340,30.815,4.065
776,27.088,30.840,4.845
777,26.333,28.929,3.866
778,26.759,29.345,4.473
779,27.247,28.417,4.197
780,28.219,29.904,4.714
781,27.353,29.736,4.519
782,27.574,29.720,3.580
783,28.760,29.302,3.539
784,27.831,29.618,3.837
785,26.807,29.469,4.699
786,26.671,29.014,3.970
787,27.568,29.429,4.312
788,27.548,30.090,3.624
789,27.745,29.752,4.222
790,28.588,29.835,4.658
791,27.799,30.034,4.194
792,27.337,29.647,4.515
793,27.892,30.143,3.982
794,27.263,29.878,4.558
795,27.308,28.603,3.940
796,27.209,29.272,4.121
797,27.680,29.654,4.059
798,26.925,29.233,3.698
799,27.826,29.186,3.243
800,27.017,29.037,4.808
801,26.338,29.142,5.299
802,26.659,29.036,4.632
803,27.951,29.965,4.548
804,27.047,29.715,5.740
805,29.225,30.183,4.591
806,29.413,30.455,4.408
807,27.720,30.167,5.147
808,27.700,30.124,5.124
809,27.625,29.316,3.979
810,27.224,29.544,4.687
811,27.338,30.540,4.100
812,27.195,29.495,5.533
813,27.605,30.091,5.383
814,27.172,30.161,6.835
815,26.581,29.401,4.596
816,27.869,29.118,3.695
817,26.674,29.381,3.741
818,26.108,28.390,4.213
819,27.289,28.618,4.439
820,27.253,29.134,5.902
821,27.515,29.720,6.861
822,27.297,28.830,5.465
823,28.770,29.321,4.289
824,28.179,28.848,5.540
825,26.848,28.317,5.726
826,27.098,28.204,4.592
827,26.738,27.149,5.010
828,25.316,26.778,3.695
829,27.336,29.163,4.621
830,27.006,28.873,4.662
831,27.933,29.312,4.533
832,26.778,29.261,5.583
833,26.329,29.814,4.114
834,26.906,28.374,4.815
835,27.266,28.956,4.960
836,25.936,28.050,5.639
837,26.039,28.050,3.716
838,27.575,29.708,4.656
839,27.309,28.414,3.598
840,27.390,28.010,3.757
841,26.446,28.562,4.024
842,27.161,29.593,4.157
843,26.920,28.342,3.948
844,27.314,28.632,3.949
845,27.760,28.050,4.389
846,27.286,27.534,4.417
847,28.160,28.869,3.949
848,27.459,28.959,3.980
849,27.071,28.078,3.941
850,27.493,28.920,3.924
851,27.545,29.264,4.517
852,27.566,29.187,4.308
853,27.927,30.104,4.372
854,27.236,29.456,4.150
855,27.259,28.907,4.562
856,28.358,29.664,3.960
857,28.314,29.055,3.909
858,27.657,29.811,4.050
859,27.622,28.820,3.790
860,29.001,29.540,4.237
861,29.069,29.152,4.239
862,27.690,28.676,4.135
863,28.841,29.189,4.180
864,26.660,28.430,3.456
865,28.059,28.610,3.741
866,26.782,28.708,3.418
867,26.752,28.870,3.906
868,27.119,28.386,4.275
869,27.869,29.791,3.948
870,27.454,29.258,4.400
871,28.289,29.711,4.627
872,27.795,29.464,3.972
873,27.409,28.607,3.036
874,27.577,29.624,3.636
875,27.565,29.333,4.327
876,27.534,29.993,4.360
877,27.674,29.256,3.556
878,27.229,29.868,3.409
879,27.194,29.780,4.408
880,27.215,29.115,5.319
881,26.315,28.636,4.207
882,25.865,28.275,3.834
883,26.256,28.237,3.990
884,26.066,28.280,4.402
885,27.827,27.610,3.799
886,28.001,28.439,4.466
887,27.024,28.199,3.888
888,26.314,27.574,4.143
889,28.128,29.531,3.679
890,27.269,29.170,4.660
891,27.112,29.198,5.015
892,27.508,30.615,5.509
893,27.573,30.122,5.731
894,28.407,31.170,5.562
895,26.969,29.577,6.162
896,27.260,29.955,4.747
897,26.492,29.589,5.231
898,27.198,30.132,4.173
899,27.344,29.601,3.772
900,28.173,29.680,4.912
901,25.704,28.634,5.854
902,26.270,29.268,4.660
903,25.794,27.570,3.693
904,26.339,28.756,4.020
905,26.333,28.629,4.053
906,26.975,27.853,3.516
907,28.302,28.418,3.869
908,28.677,28.656,3.658
909,29.114,27.572,3.586
910,29.201,29.406,3.522
911,28.990,28.925,3.970
912,26.704,28.380,3.841
913,26.837,28.675,3.879
914,26.048,28.097,4.242
915,26.500,29.811,5.241
916,27.349,28.774,3.569
917,28.672,29.393,4.164
918,29.750,29.966,4.519
919,28.604,28.431,4.176
920,29.000,27.786,3.554
921,29.269,28.481,3.985
922,28.592,28.070,4.022
923,26.664,29.334,4.357
924,25.994,27.563,3.475
925,26.218,28.135,3.754
926,24.935,28.304,4.040
927,27.450,29.043,3.542
928,27.956,28.715,3.524
929,28.171,29.132,3.486
930,27.254,28.218,4.258
931,27.827,28.789,4.231
932,27.085,29.030,4.317
933,27.327,29.766,4.660
934,27.909,29.727,4.235
935,28.008,28.889,4.894
936,27.398,29.898,4.315
937,27.718,29.147,4.710
938,29.078,29.465,5.077
939,27.482,29.647,5.158
940,28.228,29.488,5.977
941,29.379,29.944,3.993
942,28.388,30.387,5.202
943,27.448,29.121,5.250
944,26.988,29.129,4.830
945,26.961,29.803,5.835
946,27.091,28.738,4.769
947,28.065,28.990,4.747
948,28.108,28.963,4.138
949,27.147,27.808,4.648
950,27.354,28.185,4.715
951,28.417,28.952,4.639
952,27.057,27.365,4.543
953,29.278,29.119,4.583
954,30.422,28.634,4.638
955,29.513,28.187,4.072
956,30.077,29.213,4.818
957,26.959,29.172,4.776
958,27.580,29.297,4.750
959,27.595,28.895,3.968
960,29.710,28.778,5.260
961,30.126,28.429,4.873
962,29.510,27.958,3.917
963,28.305,28.350,4.180
964,28.200,28.496,3.992
965,28.293,27.827,4.017
966,28.816,29.881,4.525
967,28.489,29.253,3.804
968,28.321,30.190,4.875
969,28.149,28.981,4.917
970,29.405,29.378,3.837
971,28.479,29.735,3.069
972,27.178,29.288,5.357
973,27.948,29.460,4.593
974,26.272,28.502,4.404
975,27.700,29.626,5.335
976,27.736,29.869,3.174
977,28.338,29.348,4.532
978,28.056,29.199,4.177
979,28.911,29.443,3.232
980,29.072,29.451,4.663
981,28.076,29.229,4.403
982,28.248,30.333,5.594
983,26.686,28.736,4.823
984,27.281,28.913,4.507
985,30.413,29.047,4.614
986,29.477,29.029,4.403
987,29.208,29.282,4.241
988,29.179,29.255,5.321
989,31.085,29.851,4.528
990,29.461,29.454,6.611
991,29.881,28.553,4.720
992,29.654,27.952,3.903
993,30.383,28.653,4.578
994,30.297,29.189,3.829
995,30.187,29.511,4.584
996,28.554,28.528,4.336
997,28.027,30.331,5.326
998,28.673,29.769,4.359
999,28.198,29.190,3.690
1000,27.349,27.898,3.830
1001,27.649,28.898,4.768
1002,26.033,29.328,4.973
1003,28.201,29.781,3.835
1004,28.676,28.907,5.135
1005,27.477,29.444,5.164
1006,28.299,29.274,4.177
1007,28.683,29.941,3.987
1008,28.577,29.016,5.270
1009,29.247,29.367,3.424
1010,28.858,30.153,4.871
1011,28.210,30.847,5.195
1012,29.155,30.762,4.473
1013,28.895,29.677,2.790
1014,28.356,30.432,4.648
1015,28.481,31.036,5.089
1016,27.877,29.023,4.562
1017,27.696,30.074,5.552
1018,28.978,28.880,4.853
1019,28.004,30.148,4.660
1020,28.989,29.669,4.222
1021,27.523,29.924,4.701
1022,26.979,30.350,6.749
1023,28.815,30.967,4.929
1024,27.877,30.452,4.441
1025,28.039,29.897,5.350
1026,27.438,29.855,4.535
1027,27.759,29.050,4.042
1028,27.945,28.827,5.840
1029,28.065,29.917,4.999
1030,27.347,29.316,5.525
1031,28.212,29.941,4.417
1032,26.070,28.178,5.235
1033,27.957,28.877,3.584
1034,26.060,28.850,4.733
1035,27.055,29.116,4.679
1036,28.097,29.550,5.281
1037,28.220,28.343,5.687
1038,28.560,28.910,5.152
1039,26.956,28.408,5.105
1040,28.660,28.754,4.187
1041,28.734,28.983,4.051
1042,26.959,28.142,4.225
1043,28.663,29.067,3.813
1044,28.930,29.404,3.365
1045,28.568,29.290,3.768
1046,27.697,29.254,3.913
1047,27.654,27.924,3.366
1048,27.299,28.742,3.450
1049,27.977,28.898,3.688
1050,28.877,29.883,3.317
1051,28.942,29.287,3.738
1052,27.227,29.201,4.216
1053,28.252,29.373,4.920
1054,26.171,28.851,3.903
1055,28.325,29.392,5.639
1056,27.824,29.727,4.380
1057,28.525,30.653,4.333
1058,28.368,28.937,4.870
1059,29.013,28.534,4.012
1060,27.728,29.432,4.715
1061,28.557,29.284,3.879
1062,26.717,29.041,4.468
1063,29.696,30.654,3.396
1064,27.643,28.667,4.207
1065,27.285,29.140,4.121
1066,27.899,29.390,4.219
1067,27.399,28.802,3.935
1068,27.689,29.142,4.037
1069,27.783,29.214,3.962
1070,27.407,29.842,4.591
1071,27.259,29.932,4.718
1072,26.925,29.236,4.443
1073,28.081,29.143,4.424
1074,26.831,28.789,4.078
1075,28.055,28.639,4.353
1076,28.598,29.985,4.295
1077,27.313,29.798,4.761
1078,27.218,30.179,4.936
1079,28.666,29.144,4.700
1080,27.963,29.527,4.176
1081,28.751,29.668,5.155
1082,27.317,29.280,4.109
1083,27.033,28.916,3.652
1084,29.450,29.479,3.687
1085,28.391,29.631,4.102
1086,28.125,29.615,4.665
1087,27.884,29.983,4.037
1088,29.181,29.946,4.009
1089,28.246,28.495,3.941
1090,28.626,30.108,4.416
1091,27.865,29.729,4.997
1092,27.161,28.553,4.511
1093,27.708,30.105,5.689
1094,28.976,28.913,5.059
1095,28.958,29.860,4.931
1096,29.397,29.133,4.293
1097,29.649,29.325,5.082
1098,29.198,30.255,4.598
1099,29.608,29.215,4.890
1100,29.601,28.484,3.585
1101,28.951,28.109,3.594
1102,28.604,28.002,3.559
1103,28.451,28.644,3.021
1104,28.610,28.383,3.767
1105,29.502,29.039,4.614
1106,28.555,27.595,3.836
1107,29.535,29.022,3.929
1108,27.943,28.783,3.831
1109,27.560,28.941,4.635
1110,27.421,29.325,5.022
1111,28.483,28.795,4.157
1112,27.863,29.402,4.650
1113,27.689,28.824,3.872
1114,27.258,28.809,4.622
1115,26.869,29.014,4.990
1116,26.122,28.972,4.525
1117,27.079,29.720,5.615
1118,27.163,30.301,4.854
1119,28.276,30.079,4.860
1120,27.005,29.349,4.966
1121,27.023,29.837,4.331
1122,24.782,27.006,4.574
1123,26.093,28.883,3.457
1124,27.098,29.304,5.623
1125,27.450,30.493,5.203
1126,27.008,29.364,5.140
1127,26.844,29.596,4.522
1128,26.253,28.947,3.608
1129,26.643,29.724,4.612
1130,26.524,28.662,3.964
1131,26.665,28.677,4.227
1132,26.324,28.820,4.132
1133,25.659,29.036,3.567
1134,25.366,27.350,3.785
1135,24.295,26.292,4.063
1136,23.617,27.032,3.457
1137,25.205,27.718,3.600
1138,25.465,27.905,4.130
1139,26.330,28.130,4.115
1140,26.093,27.537,2.999
1141,26.159,27.205,2.868
1142,25.778,27.854,3.024
1143,25.185,26.347,4.264
1144,24.717,25.868,3.433
1145,25.452,27.121,4.138
1146,26.310,27.355,4.209
1147,27.749,27.305,4.834
1148,27.880,26.035,4.709
1149,27.647,27.539,4.476
1150,27.027,27.219,4.154
1151,26.734,26.502,4.504
1152,27.229,26.944,4.213
1153,26.090,28.171,4.040
1154,25.075,27.140,4.468
1155,24.485,26.599,4.830
1156,25.775,26.996,4.306
1157,24.404,25.548,4.838
1158,25.490,26.379,5.227
1159,25.383,26.822,4.217
1160,25.446,25.974,4.284
1161,25.505,26.704,5.124
1162,24.303,26.724,4.674
1163,25.186,26.173,4.438
1164,25.581,25.767,4.173
1165,24.531,23.570,4.673
1166,25.759,25.555,4.217
1167,25.484,25.553,4.109
1168,26.520,27.161,5.037
1169,25.366,25.966,4.101
1170,25.360,26.134,4.357
1171,25.630,24.348,4.407
1172,27.223,28.448,4.287
1173,26.312,27.709,4.498
1174,27.151,27.698,5.212
1175,27.454,27.771,4.638
1176,26.778,27.466,4.295
1177,27.871,27.390,3.699
1178,27.686,29.095,4.082
1179,27.393,27.192,4.297
1180,27.085,27.586,4.125
1181,26.795,27.881,4.237
1182,27.044,27.502,4.522
1183,27.881,27.639,4.294
1184,27.590,27.631,4.460
1185,28.051,28.353,4.429
1186,28.300,28.758,4.198
1187,27.966,28.420,5.330
1188,27.060,28.371,4.296
1189,27.196,27.812,2.972
1190,26.481,27.054,2.787
1191,28.413,28.618,4.076
1192,27.718,28.974,5.564
1193,27.561,28.304,5.641
1194,28.446,28.802,6.625
1195,28.128,28.050,6.357
1196,27.177,28.336,6.401
1197,26.766,27.638,6.120
1198,27.518,27.249,4.019
1199,27.978,28.757,4.335
1200,26.858,27.336,3.404
1201,27.696,27.966,4.117
1202,28.237,27.345,3.863
1203,27.620,27.662,3.659
1204,27.293,27.981,3.926
1205,27.836,29.002,4.725
1206,27.828,26.996,2.780
1207,27.779,28.149,4.299
1208,26.882,27.749,3.869
1209,27.837,27.713,4.034
1210,27.914,27.866,4.285
1211,28.096,28.409,3.685
1212,28.206,29.547,4.300
1213,27.942,29.576,4.589
1214,28.394,29.239,4.415
1215,27.862,29.518,4.442
1216,27.364,27.925,4.400
1217,27.641,28.316,3.772
1218,26.938,28.671,4.611
1219,28.281,28.295,3.062
1220,28.125,27.605,4.755
1221,27.491,28.832,3.941
1222,28.028,27.817,4.109
1223,28.355,28.703,5.151
1224,27.802,28.934,4.107
1225,27.530,29.246,3.868
1226,28.818,29.726,4.270
1227,27.986,28.896,4.218
1228,27.667,28.041,4.047
1229,26.967,28.813,4.176
1230,27.609,28.609,4.054
1231,27.235,28.358,4.743
1232,28.091,29.474,3.850
1233,27.515,30.177,4.180
1234,28.138,29.699,4.032
1235,29.989,30.204,4.848
1236,28.535,29.807,4.891
1237,27.801,28.214,4.502
1238,29.035,29.618,4.638
1239,28.190,29.247,4.127
1240,29.468,29.118,4.599
1241,28.093,28.931,3.571
1242,28.111,28.766,4.745
1243,27.097,28.538,3.945
1244,27.856,29.114,3.509
1245,28.479,29.923,4.487
1246,27.800,29.376,4.188
1247,27.794,29.279,4.612
1248,30.694,28.339,3.838
1249,30.027,29.069,4.397
1250,29.311,29.794,3.818
1251,29.889,29.196,4.330
1252,29.138,29.715,5.080
1253,27.138,29.793,4.982
1254,27.864,30.432,4.221
1255,28.340,29.340,5.351
1256,26.862,29.252,5.482
1257,28.337,28.771,4.361
1258,27.484,28.494,4.332
1259,27.794,28.114,4.153
1260,26.790,29.082,4.580
1261,26.920,27.884,3.761
1262,28.173,29.350,3.669
1263,27.669,29.036,3.788
1264,27.413,30.599,4.265
1265,28.238,29.401,4.261
1266,27.078,28.914,3.806
1267,27.037,28.848,4.375
1268,27.479,27.935,4.072
1269,27.103,28.510,3.966
1270,27.301,28.187,4.166
1271,27.099,29.034,5.430
1272,28.887,30.190,3.178
1273,27.250,30.135,5.260
1274,28.083,29.394,3.954
1275,26.810,29.045,4.237
1276,26.801,27.915,3.947
1277,27.011,27.671,4.366
1278,27.017,28.306,3.771
1279,26.492,28.011,3.654
1280,27.549,28.699,3.914
1281,26.859,28.548,4.138
1282,27.676,27.546,3.765
1283,27.744,29.228,4.054
1284,26.784,27.289,4.211
1285,25.629,27.752,4.824
1286,26.443,27.872,4.474
1287,27.433,28.556,4.463
1288,26.071,28.906,5.187
1289,26.980,29.378,4.688
1290,27.725,27.742,4.704
1291,28.015,28.602,4.742
1292,28.547,30.159,4.035
1293,27.861,28.473,3.756
1294,27.373,27.851,4.201
1295,28.372,28.763,4.196
1296,27.329,28.312,4.686
1297,27.907,27.090,4.857
1298,28.130,27.587,4.420
1299,27.836,28.145,4.004
1300,27.415,27.943,4.079
1301,27.947,27.603,3.779
1302,27.556,28.626,4.842
1303,26.922,28.124,4.827
1304,26.907,28.830,4.613
1305,26.399,27.356,4.942
1306,26.600,27.432,4.328
1307,27.748,28.385,3.544
1308,28.484,27.207,3.662
1309,27.083,28.654,5.895
1310,27.534,27.988,3.829
1311,27.511,28.161,5.082
1312,26.541,27.790,4.051
1313,26.852,27.430,5.443
1314,26.109,27.726,4.690
1315,27.505,28.538,4.727
1316,27.266,28.849,5.020
1317,26.764,29.621,5.215
1318,27.185,28.434,3.741
1319,26.491,27.905,3.970
1320,26.046,28.589,4.495
1321,26.815,28.174,4.305
1322,25.818,28.082,6.175
1323,27.019,28.631,4.206
1324,27.464,29.165,4.393
1325,27.715,28.903,4.754
1326,27.073,28.622,4.295
1327,27.529,28.470,4.051
1328,29.125,28.039,4.122
1329,28.912,28.023,4.040
1330,29.330,27.407,5.226
1331,29.094,27.577,5.902
1332,28.687,26.503,5.758
1333,26.278,26.769,6.437
1334,26.478,28.557,5.955
1335,25.544,26.836,4.136
1336,25.791,26.729,2.811
1337,26.948,27.374,2.720
1338,26.959,26.689,2.861
1339,27.575,27.784,2.801
1340,26.495,28.748,4.190
1341,27.629,27.861,4.354
1342,27.741,28.716,4.339
1343,27.342,27.882,4.321
1344,27.181,28.084,4.270
1345,27.893,28.923,4.474
1346,27.611,28.472,4.674
1347,26.320,28.543,4.579
1348,27.044,28.344,4.712
1349,27.035,28.185,4.401
1350,27.877,28.385,5.411
1351,28.429,29.365,4.406
1352,27.846,29.093,4.392
1353,26.710,27.665,4.287
1354,26.603,27.210,5.442
1355,27.310,28.481,5.886
1356,26.318,27.710,4.757
1357,27.651,27.971,4.529
1358,27.133,27.417,3.913
1359,27.101,28.517,4.349
1360,27.778,28.497,4.518
1361,28.407,29.263,5.013
1362,27.422,28.139,5.150
1363,26.798,27.464,3.911
1364,26.017,28.988,4.100
1365,26.689,27.189,4.249
1366,27.573,28.939,4.494
1367,27.820,28.984,4.298
1368,28.135,29.408,3.837
1369,27.132,28.166,3.980
1370,26.991,28.449,5.663
1371,26.924,28.965,5.251
1372,26.451,28.183,4.578
1373,26.640,28.931,5.288
1374,27.926,28.669,3.832
1375,26.927,29.377,5.349
1376,27.031,29.140,6.170
1377,27.819,28.434,4.128
1378,27.813,28.458,4.538
1379,28.762,28.986,4.384
1380,28.286,28.587,3.788
1381,27.474,28.736,4.819
1382,28.527,29.635,5.272
1383,28.251,28.963,3.990
1384,28.400,29.122,5.326
1385,28.485,30.664,4.785
1386,27.264,29.908,5.777
1387,28.204,29.315,5.291
1388,26.750,28.223,7.703
1389,27.368,29.478,6.113
1390,27.491,29.933,5.007
1391,28.159,29.609,4.927
1392,27.697,28.739,4.147
1393,27.617,27.682,3.686
1394,27.295,28.147,3.610
1395,27.080,28.790,4.542
1396,27.687,28.980,3.895
1397,28.037,29.440,4.120
1398,28.301,29.656,3.812
1399,28.089,30.079,3.906
1400,26.695,29.625,4.801
1401,27.919,28.867,3.740
1402,27.515,29.282,4.150
1403,27.358,28.977,3.029
1404,27.215,28.113,3.878
1405,26.932,28.592,3.415
1406,27.333,28.651,3.845
1407,26.399,28.575,4.243
1408,26.822,29.185,5.016
1409,27.062,28.975,3.376
1410,27.441,29.382,3.794
1411,27.458,29.909,4.508
1412,26.851,29.240,4.715
1413,27.003,27.824,4.623
1414,26.548,29.412,4.334
1415,27.453,29.051,4.691
1416,27.273,28.926,4.538
1417,27.458,28.701,3.625
1418,26.951,28.156,4.378
1419,27.462,29.199,4.339
1420,27.904,29.848,5.337
1421,27.165,29.023,4.929
1422,26.289,29.508,4.912
1423,28.538,29.384,5.385
1424,27.985,29.381,5.204
1425,28.659,29.826,5.429
1426,27.749,31.017,5.369
1427,27.037,29.077,4.801
1428,27.276,29.849,5.592
1429,27.316,29.194,5.587
1430,27.216,29.758,5.493
1431,27.692,28.140,3.950
1432,27.096,29.111,5.679
1433,27.041,28.460,4.943
1434,27.298,29.121,5.117
1435,27.527,28.815,5.514
1436,27.700,28.759,5.740
1437,28.101,29.876,5.093
1438,28.097,29.359,5.791
1439,27.534,28.957,4.808
1440,26.523,29.666,5.769
1441,27.959,29.478,4.590
1442,25.212,28.698,7.606
1443,26.676,29.689,5.338
1444,26.505,29.450,5.451
1445,26.558,29.308,5.211
1446,27.127,28.827,4.570
1447,26.944,29.131,5.473
1448,26.824,30.089,5.509
1449,28.150,30.025,4.920
1450,28.154,29.924,5.790
1451,27.332,29.405,5.822
1452,28.288,29.200,4.069
1453,27.954,29.815,4.666
1454,27.917,28.925,4.379
1455,27.412,29.357,5.126
1456,27.935,29.909,4.596
1457,26.730,29.100,5.692
1458,27.701,29.436,5.274
1459,27.584,28.587,5.310
1460,27.703,29.425,3.790
1461,27.225,29.059,5.361
1462,27.549,29.950,4.845
1463,27.620,28.860,3.935
1464,26.730,27.963,6.134
1465,26.696,29.350,5.256
1466,26.640,28.943,3.832
1467,26.456,29.454,5.049
1468,27.804,29.618,4.489
1469,27.545,29.121,5.158
1470,27.107,29.777,4.357
1471,26.732,29.237,5.419
1472,28.458,30.305,5.880
1473,27.769,29.218,5.844
1474,27.240,30.373,5.745
1475,27.476,29.190,4.529
1476,27.566,29.068,4.709
1477,27.247,29.428,4.494
1478,28.645,29.745,5.614
1479,28.075,29.116,4.792
1480,27.668,29.382,4.358
1481,27.496,30.262,5.584
1482,28.593,30.573,4.109
1483,27.964,29.767,4.635
1484,27.341,30.604,5.662
1485,28.124,31.433,5.989
1486,28.854,30.793,5.157
1487,27.757,30.145,5.151
1488,28.708,30.293,5.445
1489,28.261,29.808,4.511
1490,28.606,29.260,5.244
1491,28.496,29.827,5.394
1492,28.286,29.003,5.032
1493,28.335,29.628,3.931
1494,27.981,30.431,5.351
1495,27.769,29.613,5.237
1496,27.405,28.905,3.859
1497,27.738,29.756,5.199
1498,27.222,29.081,4.894
1499,27.177,28.483,4.308
1500,27.007,28.996,4.038
1501,26.454,29.217,4.487
1502,27.077,28.578,4.083
1503,26.734,29.038,5.107
1504,26.067,30.141,4.915
1505,28.239,28.855,4.431
1506,28.144,31.606,5.521
1507,26.542,29.903,4.826
1508,27.337,30.736,4.265
1509,27.078,29.809,4.511
1510,26.486,28.952,4.738
1511,26.881,29.156,5.504
1512,26.466,30.053,4.962
1513,27.371,30.570,5.436
1514,26.511,30.627,5.356
1515,26.874,29.833,5.459
1516,28.155,29.500,4.577
1517,27.478,29.730,5.057
1518,26.667,29.410,5.339
1519,26.524,29.243,4.068
1520,26.687,28.943,4.569
1521,26.669,28.996,4.501
1522,26.857,29.126,4.242
1523,25.819,28.325,5.008
1524,26.686,29.376,5.528
1525,28.034,29.208,5.012
1526,27.061,28.728,3.415
1527,26.811,29.364,4.820
1528,27.396,29.980,5.403
1529,27.414,29.935,5.018
1530,25.554,28.687,6.963
1531,26.526,29.292,4.724
1532,27.838,29.927,4.697
1533,25.963,27.438,3.627
1534,27.366,28.667,4.079
1535,26.797,27.622,4.309
1536,27.362,28.679,6.000
1537,28.002,28.640,4.176
1538,27.328,27.846,3.988
1539,26.576,28.683,4.569
1540,27.222,28.505,4.298
1541,26.344,27.539,4.419
1542,26.033,29.001,4.626
1543,25.970,27.601,5.740
1544,26.270,29.678,6.982
1545,27.312,29.774,5.166
1546,26.703,27.588,4.363
1547,27.287,28.867,5.735
1548,28.246,28.604,4.717
1549,27.641,28.462,5.227
1550,27.637,28.598,4.434
1551,27.006,28.412,5.383
1552,28.396,29.529,4.182
1553,26.550,27.938,3.858
1554,26.808,28.558,4.790
1555,26.354,28.351,6.171
1556,26.771,28.946,6.789
1557,25.897,28.690,5.425
1558,26.033,28.897,4.501
1559,27.077,28.263,4.023
1560,27.353,29.505,4.288
1561,26.912,28.544,4.039
1562,26.210,27.390,4.219
1563,27.586,28.579,5.789
1564,29.544,27.645,5.111
1565,25.780,28.340,5.298
1566,27.316,28.608,4.831
1567,26.741,29.041,4.829
1568,26.593,29.001,4.500
1569,25.483,28.182,5.773
1570,26.308,28.701,4.905
1571,26.485,28.222,4.392
1572,25.505,27.888,5.070
1573,26.398,28.281,4.039
1574,27.717,28.216,4.108
1575,27.923,28.100,4.282
1576,28.960,27.993,4.266
1577,26.481,28.108,4.403
1578,28.213,29.818,5.124
1579,28.182,29.359,4.166
1580,27.142,29.544,4.952
1581,27.283,29.174,4.536
1582,26.979,29.972,5.455
1583,27.606,28.875,4.399
1584,27.480,29.023,4.861
1585,27.431,29.229,4.505
1586,27.496,28.275,4.807
1587,27.349,29.538,4.582
1588,27.488,28.588,3.991
1589,27.493,28.942,4.261
1590,27.234,28.422,5.008
1591,27.233,28.860,4.827
1592,27.692,30.020,7.570
1593,27.210,29.196,4.338
1594,27.273,28.568,4.628
1595,27.077,27.362,3.745
1596,27.590,28.345,4.178
1597,26.370,28.696,4.434
1598,26.976,27.154,4.095
1599,27.379,28.350,5.039
1600,27.531,28.572,4.246
1601,25.957,27.936,3.516
1602,27.273,29.081,5.381
1603,27.345,29.121,6.694
1604,27.224,28.542,4.729
1605,26.770,28.203,4.305
1606,27.065,27.993,6.327
1607,25.693,27.897,6.550
1608,27.041,27.430,3.570
1609,26.711,27.717,4.862
1610,25.897,26.599,4.063
1611,26.420,27.684,4.075
1612,25.715,26.731,4.295
1613,26.085,27.776,4.340
1614,26.506,28.152,4.933
1615,26.975,27.608,4.710
1616,26.238,28.109,4.816
1617,26.752,27.020,3.746
1618,26.807,28.791,4.495
1619,26.868,28.467,3.940
1620,26.421,28.038,4.680
1621,26.520,27.300,3.853
1622,27.427,28.753,5.335
1623,26.730,28.101,4.648
1624,26.715,28.273,4.206
1625,27.497,29.063,5.884
1626,27.147,28.242,5.406
1627,27.684,28.795,5.644
1628,28.192,28.541,4.894
1629,26.548,27.293,3.851
1630,26.653,29.070,5.198
1631,27.905,28.060,5.698
1632,27.216,28.869,5.116
1633,26.123,28.533,7.380
1634,28.404,29.889,5.042
1635,28.042,29.333,4.334
1636,26.215,28.335,3.620
1637,27.272,28.274,4.489
1638,24.642,27.648,3.943
1639,25.158,26.268,4.935
1640,25.633,26.561,4.088
1641,25.923,26.233,4.213
1642,25.643,27.423,4.473
1643,24.161,26.934,5.320
1644,25.169,26.714,4.578
1645,25.948,27.593,4.275
1646,25.598,26.866,4.762
1647,25.030,26.394,4.311
1648,25.590,26.725,4.345
1649,24.941,25.949,4.419
1650,25.528,26.436,4.265
1651,26.055,25.747,4.463
1652,26.705,26.204,4.745
1653,25.565,26.174,5.472
1654,25.436,26.863,6.275
1655,27.352,27.447,3.764
1656,26.927,28.677,4.812
1657,25.555,26.416,4.188
1658,26.854,28.337,6.706
1659,26.801,28.495,5.811
1660,26.738,28.678,6.312
1661,24.974,26.703,4.222
1662,24.145,26.409,3.725
1663,24.406,25.684,4.156
1664,23.581,25.344,4.458
1665,24.796,25.369,4.522
1666,24.508,26.234,4.774
1667,24.099,26.465,4.366
1668,25.250,27.276,3.935
1669,25.740,27.252,4.352
1670,24.169,26.216,4.281
1671,23.713,26.025,4.337
1672,24.275,25.667,4.468
1673,24.236,26.002,5.054
1674,23.798,26.019,4.516
1675,24.343,25.958,4.881
1676,23.557,25.707,4.781
1677,23.617,25.293,4.790
1678,24.620,26.146,4.231
1679,24.226,25.636,3.974
1680,25.127,25.563,4.660
1681,25.899,26.074,4.708
1682,26.066,25.882,3.889
1683,23.440,25.537,4.323
1684,24.375,25.995,5.451
1685,23.497,25.647,6.584
1686,24.287,26.554,6.214
1687,24.335,25.171,4.048
1688,24.607,25.935,5.565
1689,24.242,25.698,5.603
1690,24.211,26.280,4.640
1691,24.593,26.441,5.366
1692,24.339,26.700,4.415
1693,24.977,26.471,5.108
1694,24.158,25.017,4.603
1695,24.200,26.245,3.952
1696,24.823,26.146,4.118
1697,25.329,25.595,4.475
1698,26.330,25.681,4.482
1699,26.942,26.596,5.195
1700,26.348,26.647,5.556
1701,26.469,25.444,4.205
1702,24.481,25.454,4.282
1703,24.959,25.714,4.583
1704,24.039,26.077,4.515
1705,24.421,26.022,4.040
1706,25.124,25.659,4.173
1707,25.377,25.894,4.165
1708,25.269,24.579,4.520
1709,25.147,25.045,5.512
1710,28.081,25.795,4.232
1711,25.193,26.768,4.134
1712,25.530,26.822,4.829
1713,25.498,27.069,4.141
1714,24.861,25.303,4.564
1715,25.343,24.640,4.401
1716,25.176,26.190,4.592
1717,24.816,26.635,5.018
1718,24.458,25.752,4.630
1719,25.408,26.611,4.811
1720,24.386,26.305,7.027
1721,24.048,25.155,4.877
1722,24.698,25.769,4.169
1723,24.852,25.671,4.759
1724,25.035,26.205,5.143
1725,24.164,25.472,4.625
1726,24.083,24.425,4.602
1727,23.171,25.767,6.000
1728,26.646,26.539,4.622
1729,25.347,25.023,5.942
1730,26.766,25.199,5.637
1731,25.945,25.448,4.846
1732,27.134,24.759,4.818
1733,26.221,25.800,4.684
1734,28.053,25.299,6.618
1735,28.166,26.943,5.654
1736,26.958,25.712,5.028
1737,26.290,24.461,4.032
1738,25.248,26.434,4.874
1739,24.066,25.610,6.250
1740,23.624,25.078,6.170
1741,25.749,26.654,5.860
1742,24.871,24.975,4.535
1743,24.179,24.582,3.981
1744,25.526,26.590,4.907
1745,25.052,26.214,4.352
1746,24.813,26.795,4.664
1747,24.572,27.033,5.267
1748,25.314,28.020,4.631
1749,25.052,28.186,5.027
1750,25.607,27.114,4.370
1751,25.370,28.363,4.836
1752,25.038,27.590,5.698
1753,24.734,26.773,4.941
1754,25.692,26.841,4.292
1755,26.437,27.877,4.891
1756,27.015,27.892,6.175
1757,25.323,27.876,5.099
1758,24.317,26.716,4.888
1759,25.573,26.791,4.661
1760,24.714,27.207,5.425
1761,24.784,27.237,4.480
1762,25.868,26.821,4.991
1763,24.572,27.201,5.506
1764,23.838,26.749,6.246
1765,25.243,27.877,4.616
1766,26.943,27.969,4.722
1767,25.088,27.606,4.141
1768,25.287,26.118,4.436
1769,25.173,25.767,4.975
1770,25.167,26.073,4.643
1771,25.540,26.091,4.770
1772,24.292,25.903,4.789
1773,24.070,25.452,4.535
1774,25.218,26.927,6.074
1775,25.744,26.960,4.825
1776,24.529,25.490,4.535
1777,24.556,26.494,5.107
1778,24.695,27.001,4.961
1779,24.169,25.840,4.830
1780,25.399,26.584,4.603
1781,26.539,27.357,5.917
1782,24.576,25.884,4.740
1783,25.296,26.590,4.804
1784,25.900,26.737,4.975
1785,25.581,26.105,4.672
1786,24.873,25.614,4.663
1787,24.619,25.567,4.443
1788,24.732,26.841,4.479
1789,25.284,26.012,6.631
1790,24.925,26.550,6.335
1791,24.761,26.743,5.407
1792,25.863,26.832,7.625
1793,25.108,25.130,7.344
1794,28.223,26.803,4.713
1795,28.343,25.833,4.794
1796,26.182,26.382,7.263
1797,25.882,26.482,4.754
1798,25.796,26.139,4.468
1799,26.255,25.846,4.126
1800,24.468,26.530,4.377
1801,25.234,26.619,4.380
1802,25.085,25.536,4.459
1803,25.216,26.372,6.198
1804,26.339,27.670,5.209
1805,25.994,27.434,5.363
1806,25.703,26.208,5.875
1807,26.981,26.238,4.775
1808,26.033,27.470,4.979
1809,24.526,26.586,4.404
1810,25.865,26.816,6.447
1811,24.778,27.289,5.985
1812,24.916,26.702,6.374
1813,27.976,29.334,5.633
1814,26.553,28.682,6.594
1815,26.956,29.565,7.448
1816,25.372,28.875,8.219
1817,25.725,28.366,6.144
1818,26.504,29.597,7.127
1819,25.684,27.835,7.361
1820,25.500,27.630,7.339
1821,25.648,27.969,8.180
1822,25.586,28.258,7.812
1823,24.153,28.240,7.087
1824,25.884,28.710,7.299
1825,23.865,27.050,8.232
1826,26.193,29.253,7.646
1827,26.090,29.288,6.960
1828,26.073,28.309,8.873
1829,24.670,28.627,8.138
1830,25.731,27.501,8.162
1831,26.983,27.803,8.262
1832,26.055,28.295,9.061
1833,25.318,28.037,8.196
1834,25.846,28.536,8.300
1835,26.845,28.734,7.912
1836,26.017,29.334,8.115
1837,25.060,27.848,6.974
1838,26.438,28.117,9.174
1839,25.960,28.797,8.039
1840,28.457,27.843,8.752
1841,27.042,29.348,7.889
1842,24.821,29.153,8.908
1843,24.761,29.709,8.694
1844,25.962,29.651,6.825
1845,26.103,29.449,6.002
1846,25.811,28.495,6.323
1847,26.148,29.195,5.868
1848,25.532,29.265,8.628
1849,26.406,28.854,6.664
1850,26.043,29.020,6.394
1851,26.936,28.927,6.115
1852,26.306,29.246,5.636
1853,26.806,29.235,6.290
1854,25.981,28.602,5.774
1855,26.655,28.654,6.456
1856,26.760,29.814,6.059
1857,24.826,27.024,3.651
1858,25.085,27.228,3.249
1859,25.105,27.288,3.744
1860,25.588,27.521,3.051
1861,25.841,27.811,3.862
1862,26.139,27.966,3.681
1863,27.227,29.164,5.922
1864,25.879,27.017,4.769
1865,26.979,28.813,5.193
1866,28.835,28.186,5.556
1867,27.188,27.630,4.026
1868,27.931,29.043,3.803
1869,26.949,27.954,3.753
1870,26.834,28.974,5.840
1871,27.322,29.250,4.522
1872,26.669,29.335,5.851
1873,26.940,29.701,4.282
1874,27.572,28.590,3.987
1875,27.842,29.283,5.415
1876,27.887,29.411,4.900
1877,28.162,30.337,4.576
1878,29.203,29.524,4.877
1879,27.270,29.371,4.565
1880,27.007,29.013,4.350
1881,26.411,28.375,4.481
1882,26.273,28.903,6.797
1883,26.535,28.171,8.491
1884,25.111,29.025,7.779
1885,26.184,29.156,7.599
1886,26.772,29.128,4.644
1887,26.756,29.515,5.924
1888,26.947,29.309,4.593
1889,25.969,30.043,4.377
1890,26.465,28.316,3.581
1891,26.452,29.694,5.248
1892,27.546,29.285,4.734
1893,26.505,29.541,4.579
1894,27.471,29.643,3.964
1895,26.876,28.558,4.271
1896,26.924,29.676,4.576
1897,24.751,29.049,7.100
1898,27.319,29.454,4.627
1899,25.048,27.241,5.128
1900,25.961,27.678,5.293
1901,25.833,29.289,7.503
1902,26.809,29.447,4.923
1903,27.185,28.836,4.508
1904,25.101,27.191,4.237
1905,24.802,26.427,5.430
1906,25.113,27.188,5.059
1907,24.035,26.060,4.512
1908,25.252,26.638,5.919
1909,24.811,26.865,4.474
1910,24.058,26.540,4.984
1911,24.684,26.925,5.327
1912,25.921,27.090,5.941
1913,25.566,26.079,5.454
1914,26.102,27.073,4.650
1915,24.240,25.186,4.652
1916,25.102,25.929,4.572
1917,25.831,27.043,4.118
1918,26.255,26.981,6.636
1919,27.302,26.905,4.496
1920,25.154,26.878,6.410
1921,25.683,29.704,7.078
1922,25.749,28.203,6.433
1923,25.393,27.950,6.794
1924,25.398,27.977,6.690
1925,24.546,26.649,4.267
1926,25.127,27.195,4.376
1927,25.534,27.758,4.435
1928,25.942,27.964,4.212
1929,26.567,27.004,4.275
1930,26.447,27.300,3.978
1931,25.728,26.817,4.615
1932,28.798,28.017,4.335
1933,28.519,27.229,4.190
1934,28.061,26.995,5.890
1935,28.854,28.343,5.381
1936,28.460,29.006,5.602
1937,25.897,27.752,5.107
1938,26.677,28.276,4.763
1939,25.662,27.357,5.303
1940,25.452,27.137,5.318
1941,27.241,30.332,5.690
1942,28.040,31.534,6.761
1943,27.597,30.259,7.181
1944,27.700,30.318,5.611
1945,27.246,29.554,4.904
1946,28.404,31.404,5.595
1947,28.942,29.466,4.424
1948,27.075,29.967,6.178
1949,27.184,28.818,5.283
1950,26.119,28.436,6.815
1951,24.788,28.448,8.526
1952,26.538,28.934,5.313
1953,28.024,28.656,3.771
1954,27.892,29.755,3.887
1955,28.550,29.415,4.842
1956,26.631,29.117,6.813
1957,26.695,29.975,6.355
1958,26.833,29.474,6.120
1959,26.842,28.580,6.038
1960,28.035,28.553,6.289
1961,26.616,28.306,7.849
1962,25.757,27.676,7.574
1963,26.519,28.830,7.081
1964,26.558,29.269,6.619
1965,26.228,28.070,6.700
1966,26.605,28.183,6.040
1967,27.590,29.197,6.184
1968,26.432,28.707,6.096
1969,25.726,27.848,6.351
1970,27.285,28.817,6.228
1971,26.024,27.223,4.500
1972,27.956,30.869,7.696
1973,28.711,28.480,4.444
1974,27.485,28.290,6.148
1975,27.059,28.941,5.068
1976,28.000,29.931,4.613
1977,26.225,29.541,6.101
1978,28.269,30.254,7.182
1979,25.506,29.695,7.769
1980,26.290,29.361,8.596
1981,24.385,28.288,7.574
1982,26.804,27.777,4.819
1983,26.697,28.900,4.729
1984,24.950,28.171,5.457
1985,26.698,29.021,6.510
1986,26.298,28.215,7.340
1987,26.610,30.186,7.522
1988,25.256,29.393,7.844
1989,25.065,29.668,8.090
1990,24.815,29.141,8.082
1991,24.833,28.288,6.804
1992,26.108,29.112,5.455
1993,27.042,30.317,6.218
1994,25.901,28.676,6.913
1995,29.636,29.255,5.694
1996,27.149,29.234,5.552
1997,27.139,29.550,6.121
1998,26.984,28.633,4.460
1999,25.995,29.824,5.391
2000,27.730,30.282,5.510
2001,26.161,29.452,5.043
2002,25.703,29.182,4.822
2003,27.448,28.352,3.741
2004,27.960,29.206,3.648
2005,28.672,28.322,4.181
2006,28.524,29.576,5.910
2007,30.148,29.421,4.872
2008,26.704,29.509,5.678
2009,27.304,29.738,4.490
2010,27.520,29.904,5.017
2011,26.747,30.093,5.440
2012,27.741,29.693,5.900
2013,26.426,29.310,6.937
2014,27.538,30.320,5.242
2015,27.405,30.004,5.398
2016,27.441,29.110,4.866
2017,28.029,31.074,5.776
2018,26.766,29.773,5.689
2019,26.478,28.995,4.740
2020,27.316,30.409,5.125
2021,27.014,31.872,5.652
2022,27.927,30.604,6.018
2023,29.267,30.224,4.883
2024,29.174,30.487,4.994
2025,28.445,30.973,5.570
2026,29.706,31.124,5.177
2027,26.619,30.052,5.914
2028,27.151,29.380,5.558
2029,28.249,30.131,5.722
2030,28.142,30.265,5.426
2031,27.664,28.793,4.930
2032,27.273,29.385,5.437
2033,27.509,29.529,5.196
2034,25.901,29.403,5.722
2035,27.412,29.287,4.859
2036,26.743,29.539,5.836
2037,26.777,28.958,4.809
2038,27.011,28.994,5.135
2039,26.966,30.010,5.098
2040,26.731,28.289,4.677
2041,27.838,29.367,4.112
2042,28.051,30.317,4.998
2043,27.841,28.933,6.443
2044,27.666,29.237,5.036
2045,28.807,29.546,4.966
2046,28.187,29.460,5.135
2047,27.185,29.574,4.846
2048,28.127,29.822,4.752
2049,28.129,30.881,4.617
2050,28.859,30.591,5.034
2051,27.894,29.586,5.092
2052,30.115,28.690,4.046
2053,29.384,27.831,5.305
2054,27.480,28.696,4.217
2055,27.324,28.958,4.122
2056,28.399,29.650,3.424
2057,26.978,30.559,4.331
2058,27.863,29.061,4.121
2059,27.525,29.973,3.409
2060,27.316,27.645,3.480
2061,27.381,28.445,3.107
2062,27.374,27.750,2.854
2063,28.552,29.375,3.896
2064,27.042,29.121,3.618
2065,26.693,28.313,3.805
2066,26.406,28.437,3.997
2067,26.825,29.806,4.834
2068,27.052,29.426,5.060
2069,27.745,28.609,5.247
2070,28.035,29.834,5.219
2071,27.304,29.707,4.876
2072,25.979,29.366,5.628
2073,27.711,29.479,4.870
2074,27.558,29.443,5.062
2075,27.604,28.210,4.496
2076,26.684,29.066,5.583
2077,27.060,28.597,5.118
2078,27.261,28.776,4.751
2079,27.332,29.213,4.736
2080,26.547,28.705,4.223
2081,27.631,29.910,5.174
2082,27.495,28.770,5.118
2083,26.129,27.833,5.210
2084,27.136,29.831,4.774
2085,26.975,27.778,4.833
2086,26.583,27.986,4.974
2087,26.777,29.251,4.880
2088,26.274,28.649,4.855
2089,25.096,28.109,5.048
2090,28.795,30.059,4.856
2091,28.601,29.503,5.103
2092,26.683,29.065,5.889
2093,28.826,29.572,4.691
2094,29.103,30.727,4.581
2095,28.307,29.657,4.209
2096,27.533,29.337,5.852
2097,28.539,29.679,4.575
2098,27.355,28.361,5.059
2099,26.968,29.365,4.667
2100,27.242,29.312,4.478
2101,26.728,29.473,4.567
2102,27.763,29.328,4.415
2103,27.043,29.698,5.986
2104,26.851,28.530,3.370
2105,28.167,29.449,4.074
2106,27.674,28.779,3.489
2107,28.949,29.320,3.264
2108,26.906,28.535,2.979
2109,28.388,29.892,4.291
2110,28.026,30.130,4.491
2111,29.311,30.539,5.336
2112,25.368,28.128,7.822
2113,26.696,28.298,6.752
2114,27.505,29.752,6.594
2115,27.269,28.847,6.407
2116,27.812,29.467,4.731
2117,28.402,28.714,4.378
2118,27.245,29.103,5.117
2119,27.082,28.149,6.409
2120,26.934,28.525,6.180
2121,26.087,29.378,7.542
2122,25.994,29.797,7.228
2123,28.425,30.748,4.233
2124,26.781,29.633,6.214
2125,26.746,29.867,6.403
2126,27.678,28.966,5.997
2127,26.854,28.821,5.722
2128,26.882,28.224,3.887
2129,28.375,27.341,3.640
2130,26.903,27.544,3.411
2131,27.685,29.643,6.914
2132,28.259,28.910,7.414
2133,29.059,29.389,6.638
2134,29.568,29.924,5.933
2135,29.562,30.866,6.000
2136,30.895,29.908,4.655
2137,29.131,29.806,6.070
2138,30.913,29.496,4.414
2139,29.715,27.813,4.433
2140,29.769,29.260,4.305
2141,29.214,28.325,3.753
2142,28.989,27.098,3.452
2143,28.655,29.087,4.170
2144,28.763,28.155,3.396
2145,28.679,28.791,3.696
2146,28.172,29.563,3.819
2147,27.923,28.011,3.222
2148,26.970,29.654,4.318
2149,27.720,30.029,4.771
2150,27.790,29.229,4.853
2151,29.235,30.305,5.189
2152,28.818,30.151,4.634
2153,28.474,28.695,3.520
2154,28.168,29.670,5.118
2155,26.079,28.920,7.712
2156,27.030,29.097,7.698
2157,25.865,28.978,6.489
2158,26.439,27.420,4.414
2159,25.787,27.230,4.595
2160,27.195,28.500,5.194
2161,26.895,28.200,3.776
2162,27.907,28.733,3.117
2163,28.996,28.747,4.235
2164,29.034,29.123,4.401
2165,27.633,28.032,4.098
2166,26.847,29.046,4.607
2167,27.896,28.547,4.112
2168,26.243,28.947,4.168
2169,27.607,28.553,4.336
2170,26.863,27.379,3.151
2171,26.249,27.631,4.563
2172,27.671,28.509,4.231
2173,27.344,28.685,3.716
2174,26.637,28.862,4.018
2175,26.778,28.985,3.977
2176,27.866,28.106,3.648
2177,26.644,28.376,3.948
2178,27.229,28.175,4.259
2179,26.854,28.917,3.691
2180,26.638,28.437,4.160
2181,27.216,29.493,7.159
2182,27.322,30.334,6.854
2183,27.070,28.673,3.879
2184,28.294,27.715,3.759
2185,29.244,27.909,3.993
2186,28.959,28.153,3.822
2187,30.032,28.260,3.803
2188,28.315,28.365,3.757
2189,28.908,28.944,3.850
2190,29.118,27.429,4.093
2191,30.239,27.991,3.898
2192,27.168,28.390,4.138
2193,27.758,28.553,4.293
2194,27.219,28.260,4.227
2195,28.584,29.374,4.067
2196,27.501,29.397,3.685
2197,26.582,28.980,4.466
2198,26.733,28.987,4.154
2199,27.908,29.150,3.837
2200,27.362,28.367,4.101
2201,26.816,29.953,4.354
2202,27.687,27.393,3.484
2203,27.554,28.974,4.070
2204,27.463,28.093,3.739
2205,27.552,27.971,4.140
2206,26.657,27.388,3.597
2207,26.796,28.961,4.536
2208,26.934,29.317,5.191
2209,27.137,28.539,3.888
2210,26.386,28.875,4.934
2211,27.639,28.723,4.408
2212,27.242,27.856,3.488
2213,27.512,28.800,4.345
2214,26.830,28.061,4.351
2215,26.989,28.400,4.466
2216,27.623,28.131,3.658
2217,26.520,28.537,5.671
2218,27.529,27.812,4.325
2219,27.947,28.867,4.129
2220,27.108,28.380,3.960
2221,28.408,28.572,4.942
2222,27.736,28.579,3.975
2223,25.986,29.039,4.689
2224,26.150,29.308,4.765
2225,27.398,30.263,4.800
2226,27.450,30.508,6.302
2227,28.091,30.396,5.207
2228,27.917,30.008,6.490
2229,25.881,29.732,6.487
2230,26.655,28.780,4.776
2231,27.652,29.625,5.060
2232,27.009,29.078,4.366
2233,27.306,29.724,4.551
2234,26.714,28.815,5.660
2235,26.591,27.408,3.770
2236,27.244,27.632,4.511
2237,27.112,28.176,6.163
2238,26.778,29.621,7.004
2239,26.930,29.553,7.306
2240,26.630,28.545,8.336
2241,27.757,27.994,6.348
2242,28.141,27.530,5.924
2243,29.131,28.827,3.959
2244,27.466,28.399,4.714
2245,27.655,27.978,4.271
2246,27.276,28.228,3.849
2247,27.677,29.391,5.955
2248,29.006,29.793,5.509
2249,28.907,29.175,5.698
2250,27.579,29.134,8.780
2251,28.588,30.484,7.249
2252,28.329,30.601,7.360
2253,29.539,28.365,6.764
2254,28.684,29.076,6.465
2255,27.442,27.820,8.450
2256,26.864,28.310,7.139
2257,25.998,28.306,7.652
2258,25.937,28.300,6.176
2259,26.310,27.346,6.247
2260,24.637,28.241,9.686
2261,26.544,29.460,7.712
2262,27.633,29.240,6.140
2263,28.668,29.478,6.726
2264,26.298,29.314,7.139
2265,27.418,29.518,7.699
2266,25.132,28.192,9.209
2267,26.814,30.386,7.707
2268,26.166,29.909,7.509
2269,26.105,29.548,7.825
2270,26.684,29.346,7.869
2271,26.584,29.942,8.066
2272,26.233,28.071,8.205
2273,26.437,28.886,6.523
2274,27.021,29.800,7.133
2275,25.903,28.307,6.610
2276,27.463,29.547,8.153
2277,25.816,28.723,8.415
2278,26.345,29.052,7.939
2279,27.342,29.391,7.826
2280,27.251,28.138,6.044
2281,25.333,28.412,9.673
2282,26.391,28.341,5.823
2283,28.304,29.487,6.240
2284,27.455,27.912,6.774
2285,26.057,28.433,7.337
2286,26.586,29.946,5.763
2287,26.048,28.320,6.975
2288,26.611,29.683,7.374
2289,27.025,29.552,8.078
2290,27.977,27.951,6.627
2291,26.697,28.727,7.344
2292,26.573,28.954,6.727
2293,25.727,28.512,6.202
2294,26.663,28.393,6.465
2295,29.234,28.633,5.817
2296,27.012,29.646,6.618
2297,28.299,30.507,5.827
2298,27.041,28.716,7.609
2299,30.397,28.730,6.682
2300,29.737,29.381,8.925
2301,30.031,28.226,6.697
2302,28.251,28.452,6.832
2303,28.495,29.451,5.006
2304,28.195,28.643,5.144
2305,27.676,29.939,5.136
2306,26.973,28.246,4.641
2307,26.895,29.651,5.800
2308,26.852,28.808,6.898
2309,25.344,29.810,7.395
2310,25.655,30.978,7.111
2311,26.297,29.597,7.492
2312,27.299,30.935,6.319
2313,27.355,30.351,5.734
2314,25.894,28.347,4.215
2315,25.930,28.846,5.814
2316,27.019,30.054,3.966
2317,26.142,28.080,5.950
2318,26.939,29.646,3.448
2319,25.726,27.747,7.079
2320,27.549,31.085,4.949
2321,27.583,29.687,4.429
2322,25.913,28.719,3.821
2323,27.874,29.135,4.055
2324,28.181,30.793,4.440
2325,27.593,28.872,4.064
2326,26.779,28.825,4.145
2327,27.833,29.573,3.745
2328,26.432,29.751,3.947
2329,26.178,30.031,3.962
2330,27.167,30.544,3.884
2331,27.293,28.856,4.849
2332,27.489,29.141,4.483
2333,27.196,30.187,4.792
2334,26.139,28.631,3.944
2335,26.896,29.345,4.303
2336,27.099,28.828,4.059
2337,27.156,30.300,4.183
2338,27.583,29.629,3.808
2339,27.958,29.561,3.790
2340,28.213,29.250,3.939
2341,27.065,26.899,3.986
2342,26.764,29.324,4.256
2343,28.517,29.228,4.334
2344,27.983,31.040,4.037
2345,29.409,29.784,4.101
2346,30.255,29.474,3.812
2347,31.004,29.754,3.307
2348,27.110,30.279,4.006
2349,28.585,32.168,4.041
2350,28.252,29.333,4.212
2351,28.030,29.404,3.934
2352,26.752,30.448,4.389
2353,27.215,29.094,4.691
2354,27.903,29.477,3.531
2355,28.654,30.418,3.789
2356,28.125,30.507,3.533
2357,28.130,29.806,4.849
2358,27.351,30.508,4.031
2359,28.753,30.022,4.108
2360,27.512,29.264,4.111
2361,28.380,31.789,5.030
2362,28.345,30.831,4.342
2363,28.551,30.778,5.000
2364,28.123,29.448,4.382
2365,27.403,29.683,3.692
2366,27.756,28.107,4.693
2367,27.031,30.858,4.467
2368,27.815,30.532,4.681
2369,27.433,29.795,4.854
2370,27.662,27.332,4.337
2371,28.436,28.303,4.402
2372,29.093,27.864,4.635
2373,27.652,27.401,4.013
2374,28.887,29.177,4.362
2375,27.211,27.905,4.171
2376,27.145,28.187,4.357
2377,28.072,28.859,4.467
2378,27.413,27.956,4.961
2379,27.399,28.138,4.077
2380,27.472,27.767,4.097
2381,28.341,27.252,3.887
2382,28.074,27.408,4.270
2383,26.901,27.154,4.754
2384,26.271,28.630,4.309
2385,26.951,27.880,3.733
2386,27.360,27.497,3.773
2387,28.559,28.757,4.429
2388,26.546,28.409,4.045
2389,26.752,27.022,2.723
2390,26.565,26.816,4.389
2391,26.107,27.637,4.513
2392,26.689,26.979,4.752
2393,28.120,29.433,4.461
2394,28.405,29.257,4.381
2395,28.286,28.922,4.905
2396,28.919,28.427,4.015
2397,28.626,28.311,4.156
2398,29.435,28.311,4.686
2399,28.029,28.539,5.160
2400,28.796,27.567,4.098
2401,27.482,28.596,4.520
2402,28.682,28.662,4.351
2403,28.486,29.255,4.729
2404,29.571,29.211,4.280
2405,29.445,27.779,4.030
2406,29.452,28.047,5.020
2407,29.537,28.098,4.085
2408,27.603,27.918,4.004
2409,26.463,26.488,3.740
2410,26.819,27.764,4.438
2411,27.029,28.024,3.964
2412,26.910,27.290,4.638
2413,27.024,27.568,4.211
2414,27.030,27.973,4.528
2415,28.034,28.258,3.794
2416,28.007,29.146,5.262
2417,28.005,28.316,4.637
2418,27.596,29.125,4.662
2419,26.693,28.749,4.092
2420,26.533,27.570,3.929
2421,27.145,28.420,4.281
2422,26.205,27.879,4.092
2423,27.071,26.726,4.082
2424,27.124,28.283,4.405
2425,27.077,27.438,4.755
2426,27.154,28.437,4.392
2427,27.051,29.979,4.465
2428,27.459,28.028,4.598
2429,26.643,28.549,4.139
2430,27.145,28.802,4.536
2431,26.487,26.740,4.077
2432,27.651,27.736,4.293
2433,27.123,28.169,4.145
2434,26.650,27.965,4.629
2435,25.829,27.341,4.263
2436,27.956,28.232,4.237
2437,28.303,29.010,4.633
2438,27.443,27.504,3.978
2439,26.414,28.808,4.084
2440,26.830,28.270,4.074
2441,27.018,28.974,4.123
2442,26.557,28.262,4.161
2443,26.220,27.482,4.061
2444,26.622,27.760,5.239
2445,27.604,28.333,3.935
2446,25.929,27.641,4.387
2447,26.942,28.553,4.691
2448,27.218,28.035,4.373
2449,25.547,28.486,4.788
2450,26.971,27.633,4.213
2451,26.821,28.171,5.033
2452,26.953,27.972,4.054
2453,27.701,27.642,3.025
2454,27.546,27.503,3.710
2455,26.128,28.893,3.965
2456,27.268,28.141,3.427
2457,25.489,28.379,4.814
2458,25.719,28.831,4.843
2459,26.862,28.808,4.095
2460,27.250,28.685,4.351
2461,27.460,28.773,4.262
2462,27.746,28.977,3.366
2463,26.193,28.593,4.499
2464,27.687,29.216,3.651
2465,27.158,29.040,3.484
2466,27.843,28.260,4.635
2467,26.604,27.195,2.820
2468,27.076,29.267,3.569
2469,28.305,29.406,3.857
2470,28.561,29.030,3.203
2471,27.987,28.359,4.086
2472,27.464,28.870,3.812
2473,28.214,29.501,4.344
2474,27.982,28.299,4.138
2475,26.415,28.824,3.988
2476,27.982,29.050,4.635
2477,28.090,27.505,4.358
2478,29.115,27.551,3.985
2479,27.554,28.545,4.519
2480,26.184,28.425,4.670
2481,27.155,28.487,3.873
2482,27.989,27.605,3.208
2483,27.299,27.138,3.257
2484,27.023,26.349,3.945
2485,27.647,27.701,4.990
2486,28.222,27.683,3.986
2487,27.312,28.247,4.437
2488,26.873,27.736,4.221
2489,28.001,28.079,3.529
2490,25.138,26.262,3.719
2491,25.516,25.850,4.233
2492,26.940,25.556,2.759
2493,25.011,27.004,5.119
2494,25.726,26.742,4.995
2495,26.262,26.813,4.484
2496,25.556,24.794,4.194
2497,25.795,24.824,4.125
2498,27.793,28.818,4.507
2499,27.961,28.337,4.016
2500,27.655,28.740,4.696
2501,27.933,27.993,4.205
2502,27.257,27.489,4.382
2503,28.136,27.892,3.970
2504,26.844,27.294,4.113
2505,28.116,27.717,4.380
2506,28.235,28.780,4.836
2507,28.983,28.641,4.218
2508,28.107,28.222,4.411
2509,29.032,27.509,4.913
2510,27.596,29.043,4.864
2511,26.814,28.053,4.657
2512,26.921,27.701,4.425
2513,28.302,28.229,4.424
2514,27.878,27.689,4.181
2515,27.004,28.877,4.760
2516,26.796,27.265,4.591
2517,27.200,27.643,4.292
2518,27.539,28.826,4.082
2519,27.453,28.414,4.282
2520,27.176,28.275,4.612
2521,26.776,27.984,3.775
2522,27.494,27.920,4.645
2523,28.304,29.011,5.121
2524,28.719,28.948,4.161
2525,28.348,28.641,4.544
2526,28.507,28.620,3.992
2527,27.387,28.603,3.898
2528,28.737,28.313,4.452
2529,28.337,28.497,4.604
2530,27.774,28.708,3.904
2531,28.278,29.848,4.407
2532,28.662,29.771,5.038
2533,28.113,28.992,3.960
2534,28.895,30.721,4.464
2535,27.352,26.882,4.278
2536,26.608,28.074,4.261
2537,28.087,31.207,4.498
2538,26.139,31.433,4.703
2539,28.427,31.823,4.708
2540,27.853,31.474,5.908
2541,28.762,28.384,5.548
2542,27.754,28.431,5.241
2543,27.925,28.022,4.612
2544,28.566,28.279,3.989
2545,28.059,30.048,4.322
2546,28.128,29.131,4.260
2547,27.724,29.066,4.012
2548,27.845,28.181,3.657
2549,27.227,28.935,4.805
2550,28.522,29.028,4.506
2551,28.547,29.678,6.645
2552,28.004,29.920,6.331
2553,26.917,28.830,4.373
2554,26.878,28.170,4.021
2555,28.371,29.008,4.547
2556,27.210,28.209,4.028
2557,27.432,27.398,3.729
2558,27.962,29.497,5.723
2559,28.362,29.963,5.218
2560,28.637,29.112,5.259
2561,27.218,28.445,4.033
2562,27.878,28.644,4.756
2563,27.442,27.838,4.643
2564,27.891,29.881,5.044
2565,27.758,29.401,3.956
2566,27.443,30.058,4.814
2567,28.148,28.919,5.599
2568,27.706,29.050,4.329
2569,27.074,28.749,4.587
2570,28.650,29.918,4.773
2571,28.068,29.016,4.637
2572,26.517,28.451,4.741
2573,27.572,29.143,4.268
2574,27.924,28.959,4.591
2575,28.431,30.027,4.761
2576,27.595,28.874,3.923
2577,27.194,29.151,6.400
2578,26.384,29.428,6.292
2579,28.434,29.813,6.454
2580,28.068,28.564,4.075
2581,27.081,28.268,3.625
2582,27.497,30.208,5.119
2583,27.831,29.696,4.849
2584,27.170,30.317,4.169
2585,27.185,28.514,4.145
2586,28.023,29.533,5.761
2587,28.185,30.353,4.754
2588,27.735,30.334,4.711
2589,28.104,29.650,4.969
2590,27.971,29.426,3.521
2591,27.078,28.803,4.116
2592,27.458,28.862,4.266
2593,27.962,29.456,3.686
2594,28.095,29.388,3.783
2595,27.427,28.032,3.878
2596,27.454,29.619,4.220
2597,28.282,28.954,4.077
2598,28.313,30.579,4.746
2599,26.480,28.729,5.676
2600,27.772,29.151,5.690
2601,27.567,29.102,4.240
2602,27.169,28.364,4.965
2603,27.247,28.974,5.691
2604,27.587,29.487,4.675
2605,28.422,30.269,5.041
2606,28.745,29.225,4.883
2607,27.748,29.635,5.795
2608,28.045,28.533,5.028
2609,28.015,29.505,5.771
2610,27.826,29.252,5.025
2611,28.490,30.398,5.406
2612,27.294,29.440,5.717
2613,27.148,28.368,5.025
2614,28.552,29.140,4.960
2615,27.794,27.534,4.587
2616,27.170,29.458,4.396
2617,26.563,28.130,4.144
2618,27.294,29.937,5.565
2619,27.488,29.144,4.775
2620,26.912,28.823,4.082
2621,27.310,29.050,4.385
2622,27.511,30.185,5.765
2623,27.603,29.168,5.188
2624,28.142,29.138,4.414
2625,28.018,29.573,4.320
2626,29.273,28.741,4.021
2627,28.753,29.704,5.799
2628,26.498,28.473,4.057
2629,27.144,29.700,4.601
2630,28.498,29.036,5.147
2631,26.660,28.979,6.380
2632,25.688,27.458,6.194
2633,26.468,28.564,5.387
2634,26.641,26.925,5.385
2635,26.085,28.134,6.220
2636,25.555,27.373,4.537
2637,25.046,26.040,5.273
2638,25.634,27.665,4.150
2639,25.236,27.143,4.879
2640,24.891,26.800,4.497
2641,25.294,27.287,4.986
2642,24.957,27.111,5.822
2643,25.601,26.909,5.140
2644,25.044,26.169,5.061
2645,25.255,27.463,5.098
2646,25.700,27.733,5.012
2647,25.440,27.190,4.677
2648,25.343,27.862,4.399
2649,24.839,27.275,5.523
2650,24.507,26.520,5.486
2651,23.721,26.803,5.604
2652,24.696,27.125,5.414
2653,24.516,27.733,5.357
2654,25.828,26.946,5.098
2655,25.134,27.002,4.098
2656,24.734,26.704,4.819
2657,24.382,26.211,4.654
2658,24.710,27.091,4.335
2659,24.983,26.136,4.543
2660,24.918,26.280,4.192
2661,25.206,27.144,4.668
2662,24.445,26.568,4.715
2663,25.661,27.377,4.374
2664,24.302,26.132,7.508
2665,24.409,26.357,4.252
2666,24.498,26.535,4.278
2667,24.979,25.491,5.585
2668,24.794,26.705,5.011
2669,25.037,26.531,4.531
2670,24.761,26.239,4.777
2671,25.844,26.473,5.720
2672,25.624,27.171,5.216
2673,25.370,26.183,4.701
2674,26.191,28.402,4.208
2675,25.865,28.222,5.180
2676,25.968,27.200,4.067
2677,24.664,25.841,4.236
2678,25.319,26.493,5.028
2679,25.627,27.378,4.702
2680,25.342,26.797,4.286
2681,25.263,27.325,4.326
2682,25.815,26.836,4.870
2683,24.102,25.474,4.552
2684,25.041,25.615,4.669
2685,24.702,25.449,4.353
2686,25.064,25.804,4.662
2687,25.436,27.338,5.103
2688,24.614,26.751,4.714
2689,24.553,26.427,5.198
2690,25.189,27.517,5.731
2691,23.079,24.597,4.818
2692,26.453,27.526,4.586
2693,24.429,27.878,6.341
2694,25.081,28.630,4.429
2695,23.836,27.082,4.523
2696,24.948,28.229,5.295
2697,24.463,28.156,4.977
2698,23.702,27.747,4.519
2699,24.259,25.954,3.576
2700,24.382,26.296,4.225
2701,24.193,28.044,4.846
2702,25.646,28.466,4.738
2703,25.516,27.211,5.913
2704,25.561,28.260,4.267
2705,24.387,27.206,4.467
2706,24.816,28.206,4.468
2707,25.861,29.611,5.276
2708,25.485,29.803,5.720
2709,24.912,28.178,5.045
2710,23.351,28.782,4.356
2711,24.601,28.666,4.867
2712,24.125,27.501,5.100
2713,25.560,29.129,4.160
2714,25.213,29.057,5.161
2715,25.457,29.506,6.164
2716,25.165,29.541,4.539
2717,24.513,28.221,5.621
2718,24.318,28.595,4.077
2719,25.708,28.742,3.706
2720,24.637,28.718,5.089
2721,25.256,28.385,4.463
2722,24.194,28.065,4.573
2723,24.713,29.668,5.904
2724,24.336,28.991,7.056
2725,25.011,29.449,5.727
2726,24.349,29.266,6.467
2727,24.133,28.839,5.647
2728,24.408,28.830,6.398
2729,24.772,28.760,5.394
2730,24.293,28.420,5.879
2731,25.760,29.670,4.793
2732,24.981,27.786,4.853
2733,24.109,27.589,4.846
2734,23.846,27.190,4.771
2735,24.520,28.131,6.273
2736,26.044,29.852,4.604
2737,24.830,27.995,4.592
2738,25.185,27.801,4.532
2739,24.827,28.984,4.944
2740,25.512,28.791,5.114
2741,23.986,28.983,4.625
2742,26.158,27.951,5.572
2743,24.178,27.629,4.828
2744,24.687,28.271,5.281
2745,24.881,28.041,5.630
2746,24.605,28.725,4.711
2747,25.077,27.338,5.098
2748,24.570,26.798,6.601
2749,25.231,27.318,4.353
2750,23.885,26.783,4.930
2751,24.647,26.639,5.197
2752,24.107,26.006,5.323
2753,25.748,28.117,4.291
2754,25.316,26.939,5.150
2755,24.900,26.131,4.460
2756,25.535,27.438,4.603
2757,24.933,26.924,4.881
2758,24.821,26.285,5.148
2759,24.174,27.149,4.980
2760,25.806,27.049,4.958
2761,26.142,28.184,5.489
2762,24.859,26.864,5.115
2763,25.576,28.114,4.345
2764,24.921,27.504,4.577
2765,24.813,27.402,4.978
2766,24.819,27.254,5.580
2767,25.080,27.512,5.035
2768,26.002,29.692,6.397
2769,25.611,30.354,5.656
2770,24.985,28.837,6.724
2771,25.598,29.866,5.195
2772,24.411,29.956,5.764
2773,24.259,28.835,6.267
2774,22.972,27.548,5.686
2775,25.801,30.507,5.789
2776,24.338,27.341,6.292
2777,26.091,29.339,4.788
2778,25.359,27.062,5.908
2779,24.367,28.160,5.231
2780,24.935,27.404,4.671
2781,24.811,29.499,6.175
2782,25.654,29.587,4.860
2783,25.151,29.343,5.491
2784,25.008,28.478,4.494
2785,26.152,29.957,7.060
2786,26.227,30.129,4.063
2787,26.284,29.150,4.539
2788,26.293,29.928,4.470
2789,25.693,30.590,6.195
2790,24.843,29.428,5.109
2791,24.624,29.407,6.011
2792,24.957,30.140,4.630
2793,25.495,29.655,6.022
2794,24.956,28.725,5.327
2795,24.572,28.760,6.989
2796,26.526,29.185,6.260
2797,25.687,29.724,6.225
2798,25.220,29.196,5.879
2799,25.227,29.018,6.314
2800,26.382,29.275,4.880
2801,25.252,28.336,6.252
2802,24.530,28.608,5.812
2803,24.269,27.629,5.904
2804,25.114,29.582,5.850
2805,25.555,29.784,4.958
2806,26.422,30.481,4.865
2807,25.756,29.921,5.130
2808,25.464,29.140,6.367
2809,25.776,29.027,6.989
2810,25.035,27.885,5.354
2811,25.353,28.431,5.321
2812,26.184,30.146,4.613
2813,25.273,28.886,4.599
2814,26.218,29.925,5.474
2815,26.034,29.137,4.730
2816,25.948,30.102,4.556
2817,25.371,29.899,4.944
2818,26.147,27.183,5.412
2819,26.001,27.252,5.113
2820,25.863,28.368,6.486
2821,25.294,26.529,4.337
2822,25.678,27.061,4.474
2823,25.635,27.591,6.462
2824,25.505,28.084,4.935
2825,26.113,27.335,6.384
2826,24.956,27.041,6.046
2827,26.636,27.405,5.914
2828,25.599,27.971,6.364
2829,25.918,27.826,6.198
2830,27.164,29.249,5.019
2831,26.454,27.796,5.310
2832,26.211,28.420,5.356
2833,26.935,27.494,4.733
2834,27.743,28.849,5.593
2835,28.094,29.773,4.764
2836,28.451,30.170,6.195
2837,27.879,28.372,4.881
2838,27.456,28.707,3.926
2839,28.310,30.138,4.964
2840,27.527,28.864,5.072
2841,27.420,28.553,5.491
2842,28.492,28.266,4.374
2843,27.421,27.398,3.054
2844,25.915,26.380,3.950
2845,28.237,28.218,3.401
2846,26.637,27.800,3.033
2847,28.154,28.260,3.920
2848,27.148,28.539,4.890
2849,27.425,28.478,3.943
2850,26.558,29.024,4.024
2851,25.881,27.757,4.143
2852,28.129,29.958,4.663
2853,26.000,28.187,4.420
2854,26.484,28.249,3.758
2855,26.674,28.410,3.547
2856,27.254,29.076,3.428
2857,26.453,28.061,4.106
2858,26.698,27.477,3.368
2859,27.007,27.465,4.235
2860,26.123,26.569,2.831
2861,26.434,27.255,2.781
2862,26.575,28.175,4.034
2863,27.761,28.457,3.345
2864,26.721,26.568,3.121
2865,26.030,26.575,4.555
2866,27.754,28.230,2.785
2867,26.680,27.547,2.631
2868,26.257,26.693,2.884
2869,25.571,29.297,5.586
2870,26.677,29.656,5.227
2871,26.210,26.992,4.593
2872,26.266,25.529,4.069
2873,23.816,23.814,4.537
2874,25.953,26.868,3.330
2875,26.253,27.476,3.871
2876,27.270,27.353,2.893
2877,25.942,26.408,3.116
2878,26.578,26.824,2.913
2879,25.300,27.181,4.262
2880,26.278,27.450,2.918
2881,26.222,27.644,4.016
2882,27.618,29.114,4.561
2883,27.362,28.968,5.382
2884,26.393,28.528,7.478
2885,24.884,28.523,8.549
2886,24.148,27.462,7.627
2887,26.109,28.849,6.786
2888,25.645,27.928,8.501
2889,26.389,28.784,8.286
2890,24.954,28.208,8.659
2891,25.387,28.675,7.865
2892,25.652,28.169,7.704
2893,24.278,27.210,8.371
2894,25.804,28.454,8.321
2895,25.547,29.163,7.837
2896,26.421,28.594,6.814
2897,24.963,29.387,8.961
2898,25.302,29.452,8.611
2899,25.996,29.491,7.848
2900,26.155,29.263,6.323
2901,24.802,29.314,7.187
2902,26.333,30.942,7.425
2903,25.993,30.045,8.422
2904,26.158,31.804,7.039
2905,25.090,30.831,8.550
2906,28.013,30.658,6.393
2907,25.506,32.074,8.209
2908,25.665,30.266,7.297
2909,25.857,31.527,6.670
2910,25.869,31.394,7.877
2911,25.546,29.960,6.917
2912,25.295,30.497,7.729
2913,25.343,29.533,7.574
2914,24.121,28.689,8.047
2915,24.175,29.166,7.961
2916,24.714,29.919,7.444
2917,25.143,29.398,7.236
2918,25.093,29.948,7.321
2919,25.982,30.347,7.260
2920,24.439,29.394,8.295
2921,24.670,29.846,6.830
2922,24.713,28.435,7.127
2923,24.433,28.287,7.922
2924,25.264,30.562,8.097
2925,25.302,30.308,7.290
2926,25.444,30.287,7.479
2927,24.617,29.586,8.036
2928,26.641,31.014,7.293
2929,26.301,30.889,7.361
2930,26.759,30.848,6.439
2931,27.227,31.275,7.183
2932,25.382,30.343,6.875
2933,26.777,31.461,7.574
2934,27.635,32.183,6.979
2935,27.059,32.137,8.145
2936,26.079,31.118,7.898
2937,25.829,30.758,8.676
2938,25.910,30.756,7.912
2939,25.788,29.034,8.484
2940,26.512,30.302,5.084
2941,25.318,30.504,6.655
2942,26.623,31.567,6.549
2943,27.187,30.809,6.410
2944,26.696,30.046,7.340
2945,25.377,28.453,7.465
2946,26.195,27.997,8.136
2947,25.769,29.762,7.267
2948,27.737,30.390,7.055
2949,26.047,27.382,4.763
2950,27.025,29.586,5.004
2951,27.591,29.527,4.500
2952,26.427,28.205,5.979
2953,27.257,28.961,6.160
2954,25.500,29.353,5.638
2955,26.765,29.349,5.630
2956,27.848,30.996,6.145
2957,25.528,28.959,5.374
2958,26.431,29.330,5.419
2959,26.780,29.094,5.368
2960,26.927,29.619,5.074
2961,27.318,30.103,5.199
2962,28.107,29.587,5.303
2963,26.184,30.323,5.325
2964,26.194,29.233,5.450
2965,26.789,29.194,4.813
2966,27.551,28.791,4.609
2967,26.751,28.606,4.254
2968,28.592,29.437,3.721
2969,27.296,30.688,4.043
2970,27.678,30.717,4.004
2971,27.191,28.907,4.113
2972,26.915,29.860,4.423
2973,27.674,28.998,3.595
2974,28.043,31.114,4.352
2975,27.578,31.190,5.679
2976,28.220,31.086,5.781
2977,27.515,30.565,5.554
2978,27.530,30.089,4.186
2979,27.823,30.640,4.760
2980,27.432,29.758,4.658
2981,27.119,29.604,4.389
2982,27.537,29.738,4.696
2983,26.606,29.313,5.114
2984,29.307,30.895,4.323
2985,27.847,30.341,4.577
2986,28.180,30.697,4.993
2987,27.366,29.913,4.791
2988,28.231,30.307,4.133
2989,26.912,29.931,5.275
2990,27.865,30.306,4.469
2991,27.690,29.400,5.525
2992,27.339,29.218,4.892
2993,27.975,29.693,5.589
2994,27.828,29.303,5.575
2995,28.080,30.038,3.689
2996,28.629,30.469,5.024
2997,28.742,28.739,5.451
2998,30.225,29.061,3.823
2999,29.143,29.277,4.477
3000,28.833,29.910,5.412
3001,30.174,27.817,3.572
3002,29.575,27.682,3.478
3003,30.279,30.245,6.070
3004,29.548,29.403,4.488
3005,30.631,29.168,5.252
3006,29.990,29.021,3.985
3007,29.928,28.647,3.652
3008,29.628,28.915,5.257
3009,27.506,28.953,4.336
3010,28.372,27.732,3.197
3011,27.717,28.870,4.935
3012,27.730,28.298,5.274
3013,27.819,27.558,3.436
3014,28.703,28.147,4.973
3015,29.443,29.764,4.993
3016,27.509,28.695,4.712
3017,27.499,28.328,4.988
3018,27.885,28.423,5.373
3019,26.572,29.258,6.212
3020,28.582,30.430,5.481
3021,27.759,28.278,3.685
3022,28.567,29.118,5.287
3023,27.398,28.977,5.267
3024,28.257,31.296,5.759
3025,27.094,29.394,4.072
3026,25.981,28.402,3.715
3027,26.330,29.673,2.804
3028,26.884,27.645,3.257
3029,27.814,30.147,4.382
3030,28.325,30.087,5.090
3031,27.614,29.252,3.754
3032,28.070,29.642,3.810
3033,27.494,30.803,4.689
3034,27.289,30.094,5.142
3035,28.378,31.695,4.865
3036,27.724,29.527,4.892
3037,27.773,32.108,5.241
3038,29.018,31.728,5.110
3039,28.513,31.244,4.841
3040,29.074,30.753,4.436
3041,28.010,30.828,5.402
3042,28.052,29.606,4.572
3043,27.786,28.398,5.132
3044,28.312,29.570,4.135
3045,27.477,28.827,5.531
3046,27.965,30.367,5.753
3047,26.526,29.701,5.042
3048,29.226,30.097,4.133
3049,28.228,30.117,4.796
3050,28.344,29.668,4.570
3051,27.744,29.913,4.531
3052,27.764,30.041,4.101
3053,27.422,29.049,3.571
3054,27.943,32.000,4.982
3055,26.635,29.783,4.341
3056,26.834,29.740,4.577
3057,27.834,29.927,5.442
3058,27.734,31.431,5.258
3059,26.892,30.995,4.540
3060,27.234,30.180,3.178
3061,27.112,31.107,5.094
3062,27.303,30.601,5.704
3063,27.888,31.572,5.279
3064,28.387,31.726,5.101
3065,27.657,30.162,5.586
3066,28.172,30.836,5.143
3067,27.576,30.442,5.030
3068,26.676,30.542,4.272
3069,26.393,29.072,4.720
3070,27.832,30.098,5.000
3071,27.036,30.709,4.167
3072,27.400,29.949,4.068
3073,26.359,29.488,4.026
3074,27.313,31.584,3.991
3075,26.925,31.173,5.729
3076,28.198,31.791,3.874
3077,26.937,32.113,4.309
3078,26.956,29.648,3.883
3079,26.748,30.702,4.197
3080,27.388,30.955,4.590
3081,27.079,29.797,3.949
3082,27.576,30.820,3.368
3083,27.213,29.475,2.934
3084,26.466,29.402,3.131
3085,27.069,30.030,4.606
3086,27.123,31.453,4.887
3087,28.030,30.859,4.106
3088,26.695,29.360,3.995
3089,27.195,30.405,4.012
3090,27.471,30.827,3.950
3091,28.286,30.949,4.614
3092,27.471,29.592,4.274
3093,27.798,29.196,3.657
3094,28.145,31.147,4.945
3095,28.409,31.698,4.127
3096,27.437,29.858,4.132
3097,26.285,28.276,3.991
3098,26.757,29.737,4.076
3099,26.368,29.635,4.003
3100,26.931,29.701,3.908
3101,25.564,28.421,3.869
3102,27.387,31.321,3.619
3103,27.169,30.134,3.182
3104,28.088,31.220,3.844
3105,28.414,31.338,4.389
3106,28.084,31.541,4.585
3107,27.247,31.203,4.045
3108,27.376,31.139,4.151
3109,28.215,30.733,4.168
3110,27.572,30.972,3.891
3111,27.697,30.941,5.068
3112,27.691,31.079,4.246
3113,27.976,31.329,3.960
3114,27.841,30.961,5.034
3115,27.634,29.580,4.256
3116,28.217,30.021,4.541
3117,28.266,30.334,5.091
3118,27.537,29.526,4.428
3119,27.178,28.152,4.255
3120,27.865,29.820,4.144
3121,27.443,30.400,4.182
3122,27.747,30.843,4.631
3123,27.386,29.526,3.586
3124,28.560,31.260,4.047
3125,25.893,28.892,5.820
3126,27.464,30.840,3.784
3127,27.265,30.000,3.748
3128,26.709,30.456,4.012
3129,26.524,30.037,3.920
3130,27.551,31.897,4.792
3131,27.897,31.936,3.802
3132,26.378,29.821,3.925
3133,26.201,29.535,4.047
3134,26.752,29.857,4.145
3135,27.393,31.597,3.526
3136,26.926,30.510,3.179
3137,26.146,30.687,4.167
3138,26.443,29.925,3.896
3139,26.250,30.643,3.917
3140,26.424,30.725,3.715
3141,27.384,30.240,3.529
3142,27.215,28.900,4.149
3143,26.335,29.557,3.661
3144,26.495,30.454,3.882
3145,26.928,29.585,3.461
3146,26.104,29.050,3.027
3147,26.412,29.193,3.924
3148,26.718,31.453,3.889
3149,25.536,29.314,2.935
3150,26.014,29.880,2.708
3151,26.470,31.430,3.949
3152,26.549,29.511,3.566
3153,25.682,30.265,3.919
3154,26.644,30.239,3.591
3155,25.412,30.296,4.327
3156,26.201,30.376,4.712
3157,27.391,31.179,4.200
3158,26.902,29.671,4.100
3159,26.899,30.364,3.809
3160,27.245,31.124,4.648
3161,27.113,32.354,4.146
3162,27.591,30.847,3.709
3163,25.262,28.726,3.902
3164,25.354,29.728,2.990
3165,26.682,30.842,2.792
3166,26.237,29.608,3.309
3167,27.481,31.971,4.407
3168,26.907,30.087,4.367
3169,27.563,29.468,3.983
3170,25.741,29.236,4.275
3171,27.959,29.348,3.689
3172,27.673,28.866,3.860
3173,26.911,29.796,4.378
3174,27.346,29.299,4.285
3175,27.965,29.012,3.700
3176,26.274,29.730,3.851
3177,26.804,29.413,3.985
3178,27.006,30.410,3.885
3179,27.565,30.664,3.905
3180,27.216,30.558,4.743
3181,25.349,28.916,4.465
3182,26.867,30.172,3.732
3183,26.263,30.093,3.802
3184,26.153,29.732,3.907
3185,26.462,29.771,3.632
3186,26.205,30.229,4.376
3187,26.584,28.922,3.499
3188,26.989,29.752,4.439
3189,26.227,30.646,5.202
3190,26.268,29.606,4.381
3191,25.997,29.555,4.376
3192,26.486,30.067,3.955
3193,26.753,30.022,4.029
3194,26.270,29.617,3.912
3195,27.036,29.123,4.408
3196,26.777,29.397,3.783
3197,26.203,29.716,3.939
3198,26.483,29.376,4.433
3199,26.909,29.841,3.855
3200,26.238,28.755,4.741
3201,27.118,30.111,3.871
3202,26.651,29.711,3.759
3203,27.653,30.078,3.534
3204,27.555,29.322,4.196
3205,27.512,29.306,3.915
3206,26.793,27.591,3.338
3207,27.039,28.989,3.898
3208,26.974,27.971,3.923
3209,26.624,28.992,3.928
3210,27.085,29.705,4.633
3211,26.567,29.513,4.333
3212,26.602,28.880,4.218
3213,27.181,29.675,4.091
3214,27.002,29.137,4.287
3215,27.377,28.442,4.215
3216,26.398,28.000,3.662
3217,26.929,29.990,4.265
3218,26.105,28.939,3.686
3219,26.355,30.047,4.319
3220,26.590,28.780,4.170
3221,26.257,29.024,4.222
3222,27.686,29.920,4.278
3223,25.314,28.754,4.564
3224,26.303,29.780,4.695
3225,26.661,29.432,3.851
3226,27.690,30.921,4.652
3227,27.924,29.784,3.826
3228,26.611,30.165,4.174
3229,26.596,30.338,4.188
3230,26.182,30.057,4.098
3231,26.495,29.707,4.100
3232,26.296,29.293,3.876
3233,26.192,29.712,4.258
3234,25.150,29.071,4.114
3235,26.688,29.666,4.675
3236,26.180,29.840,3.772
3237,27.733,30.181,4.916
3238,25.798,29.243,4.074
3239,26.461,29.857,4.628
3240,26.508,29.667,4.464
3241,26.912,30.770,4.809
3242,27.149,30.698,3.838
3243,26.235,30.907,4.076
3244,27.429,31.335,4.827
3245,27.922,31.205,4.008
3246,26.546,30.871,3.819
3247,26.848,30.955,3.608
3248,28.079,30.811,4.435
3249,26.995,29.942,4.185
3250,26.603,30.594,4.036
3251,26.754,30.242,4.140
3252,26.188,31.188,3.970
3253,26.965,30.160,4.149
3254,27.298,30.861,3.875
3255,26.308,29.980,4.333
3256,27.091,29.173,4.184
3257,26.905,29.808,4.183
3258,25.610,29.663,4.334
3259,26.690,30.120,4.311
3260,25.743,28.922,4.077
3261,26.444,29.670,4.237
3262,25.897,30.065,4.539
3263,25.976,30.387,3.486
3264,26.626,31.383,4.270
3265,26.484,30.180,4.342
3266,25.580,28.848,3.489
3267,26.118,29.632,4.052
3268,25.829,29.248,3.790
3269,26.061,30.481,4.266
3270,26.742,29.822,4.159
3271,25.387,30.133,4.234
3272,26.169,29.844,4.183
3273,26.894,31.291,4.792
3274,26.417,30.615,4.131
3275,26.987,30.225,4.264
3276,25.881,29.784,4.643
3277,26.819,30.497,4.430
3278,26.002,29.233,3.669
3279,25.627,28.385,2.934
3280,27.354,31.704,4.655
3281,27.586,31.156,3.934
3282,26.361,29.973,4.162
3283,27.096,30.209,4.655
3284,27.718,30.074,4.429
3285,26.537,30.397,4.085
3286,26.567,30.042,3.839
3287,26.238,28.505,3.813
3288,26.468,30.814,4.131
3289,27.304,30.884,4.334
3290,27.390,29.185,3.907
3291,26.600,29.644,3.427
3292,26.900,31.188,4.383
3293,27.211,28.911,4.060
3294,27.668,30.261,4.026
3295,27.157,31.395,3.829
3296,26.966,30.073,4.436
3297,26.798,29.641,3.881
3298,26.755,30.469,4.798
3299,26.637,30.176,4.309
3300,27.359,30.078,4.344
3301,26.062,28.997,3.800
3302,26.847,29.196,3.604
3303,28.320,31.339,4.307
3304,26.243,30.324,4.599
3305,26.628,29.978,5.133
3306,26.172,29.046,2.713
3307,27.304,29.805,4.165
3308,26.643,30.237,4.975
3309,26.896,30.030,3.946
3310,27.132,30.683,3.645
3311,26.245,29.306,4.147
3312,27.793,30.138,4.198
3313,26.322,30.171,4.214
3314,27.144,29.783,4.285
3315,26.925,29.214,3.571
3316,27.524,28.762,3.785
3317,25.992,27.652,3.695
3318,26.486,27.912,3.917
3319,27.227,28.271,3.155
3320,27.209,29.212,3.756
3321,26.092,27.729,4.281
3322,26.896,29.984,5.271
3323,26.871,27.965,3.523
3324,26.463,28.475,3.008
3325,27.630,28.042,4.279
3326,27.139,28.921,4.308
3327,26.582,27.681,3.997
3328,26.306,28.693,3.916
3329,26.040,28.103,3.843
3330,27.372,27.976,4.276
3331,27.528,29.505,4.469
3332,28.011,28.404,3.421
3333,27.059,27.669,4.485
3334,26.621,28.178,2.953
3335,25.459,27.916,3.509
3336,26.259,27.705,3.467
3337,25.177,28.052,3.582
3338,25.378,27.136,2.709
3339,28.097,28.329,3.574
3340,27.896,29.479,3.939
3341,26.189,28.705,4.552
3342,26.848,27.712,3.860
3343,27.694,28.878,4.171
3344,26.917,27.690,4.455
3345,26.875,27.951,4.069
3346,27.124,28.846,4.509
3347,26.926,28.618,3.835
3348,26.748,29.265,4.761
3349,27.944,28.072,3.552
3350,26.685,29.743,5.462
3351,27.044,28.180,3.924
3352,26.076,27.665,3.680
3353,26.984,27.722,3.798
3354,26.434,27.332,4.025
3355,26.500,28.928,3.943
3356,26.666,28.127,4.055
3357,27.092,28.476,4.476
3358,26.225,29.567,3.457
3359,26.283,29.565,3.917
3360,27.728,29.647,4.137
3361,27.694,30.543,4.341
3362,27.090,29.010,4.349
3363,27.147,28.337,4.504
3364,27.196,28.644,3.975
3365,27.668,28.874,4.562
3366,26.478,26.700,3.036
3367,27.398,28.108,3.596
3368,25.822,28.720,2.955
3369,26.203,28.587,3.354
3370,26.787,30.441,3.401
3371,27.545,29.780,4.454
3372,27.853,30.310,3.823
3373,28.054,30.426,4.279
3374,26.688,27.755,3.699
3375,27.360,29.378,4.512
3376,27.547,28.711,4.771
3377,28.331,28.879,3.398
3378,27.617,29.226,4.108
3379,27.187,29.309,4.076
3380,28.019,29.449,4.137
3381,27.481,29.204,4.123
3382,27.378,29.750,4.828
3383,26.857,28.504,4.136
3384,27.381,30.061,3.799
3385,27.792,28.013,4.182
3386,26.740,29.244,3.803
3387,26.234,28.641,4.016
3388,26.667,28.863,4.770
3389,27.358,29.599,4.256
3390,26.741,29.218,4.452
3391,28.093,28.978,4.468
3392,27.714,30.545,4.250
3393,28.119,30.574,4.285
3394,28.624,30.380,3.916
3395,27.426,31.041,4.281
3396,28.693,30.683,4.402
3397,28.593,31.876,4.544
3398,29.306,30.491,3.839
3399,28.362,30.407,4.544
3400,28.545,30.903,3.989
3401,27.227,29.531,4.381
3402,28.215,30.108,3.963
3403,28.723,29.103,3.529
3404,28.784,29.551,3.755
3405,27.493,29.928,3.728
3406,29.681,30.319,3.741
3407,31.467,30.080,4.140
3408,30.358,29.239,4.304
3409,30.723,29.043,4.800
3410,29.365,29.817,4.761
3411,28.260,28.136,4.007
3412,30.456,28.417,3.938
3413,30.643,28.952,3.529
3414,30.764,29.009,3.768
3415,30.745,28.635,4.190
3416,30.456,29.510,3.769
3417,30.509,30.755,3.780
3418,30.415,29.837,4.659
3419,30.831,30.022,4.389
3420,30.445,30.136,3.928
3421,30.544,30.322,4.126
3422,29.233,27.325,3.480
3423,28.898,26.801,3.223
3424,30.648,27.220,4.715
3425,29.516,27.250,3.762
3426,30.328,28.477,4.343
3427,28.332,26.620,4.189
3428,28.714,27.094,3.271
3429,29.826,27.532,3.071
3430,28.257,27.745,4.153
3431,27.910,27.601,3.963
3432,29.471,27.934,3.047
3433,29.102,28.432,3.312
3434,29.630,28.121,3.456
3435,30.207,27.852,4.308
3436,30.509,29.578,4.529
3437,28.858,27.113,4.690
3438,30.160,28.448,4.806
3439,30.144,28.671,4.562
3440,29.452,27.741,4.236
3441,29.263,28.355,4.061
3442,28.671,29.788,4.469
3443,26.731,29.041,3.893
3444,27.535,26.900,4.107
3445,27.194,29.034,4.048
3446,27.667,28.732,3.347
3447,27.906,29.211,3.327
3448,26.428,28.970,2.947
3449,26.388,27.933,3.948
3450,26.820,30.450,4.784
3451,27.091,29.646,3.772
3452,27.546,28.473,4.282
3453,26.716,27.726,3.020
3454,27.310,27.409,3.711
3455,27.166,27.648,3.338
3456,27.142,27.611,3.731
3457,26.862,27.843,3.731
3458,26.239,26.704,3.303
3459,27.229,27.733,2.896
3460,26.950,27.192,4.005
3461,26.368,25.249,3.378
3462,27.187,26.516,3.593
3463,25.918,27.021,4.015
3464,26.922,27.719,3.839
3465,27.334,27.290,3.791
3466,28.020,27.396,3.282
3467,26.836,26.328,4.057
3468,27.725,28.021,3.548
3469,26.989,27.523,3.617
3470,27.758,27.993,3.922
3471,26.549,27.675,4.080
3472,27.102,27.908,4.376
3473,26.666,26.783,4.425
3474,27.789,28.550,4.037
3475,29.346,28.598,3.792
3476,29.392,27.310,3.809
3477,29.157,27.098,3.604
3478,29.208,26.905,3.727
3479,30.523,28.683,3.798
3480,29.443,27.584,4.125
3481,26.162,26.642,3.824
3482,26.415,27.140,4.493
3483,26.823,27.943,3.748
3484,27.389,27.777,3.697
3485,26.157,27.805,3.947
3486,27.123,26.933,4.270
3487,26.471,26.847,4.025
3488,26.687,27.586,2.990
3489,27.441,28.571,3.411
3490,28.122,28.939,3.849
3491,28.201,30.001,4.295
3492,27.653,28.123,3.549
3493,28.406,27.705,3.695
3494,27.808,25.828,3.554
3495,29.002,27.114,3.846
3496,29.419,27.952,3.784
3497,28.392,27.747,3.887
3498,27.577,27.330,4.217
3499,28.530,28.403,4.132
3500,28.461,30.256,4.450
3501,26.732,27.290,4.151
3502,27.520,28.046,3.959
3503,26.629,26.721,4.919
3504,27.702,28.323,4.883
3505,27.830,29.068,3.930
3506,28.165,29.095,3.664
3507,26.858,28.095,4.029
3508,26.501,28.439,4.352
3509,27.308,29.385,3.771
3510,27.079,28.323,3.580
3511,26.990,30.909,4.283
3512,27.483,29.784,2.681
3513,25.957,28.074,3.895
3514,27.247,29.324,3.710
3515,27.272,29.508,3.859
3516,27.538,31.101,4.660
3517,27.028,29.897,4.611
3518,26.859,28.706,4.127
3519,26.824,28.688,3.719
3520,26.973,29.114,3.097
3521,27.948,30.542,4.091
3522,27.898,30.087,4.081
3523,26.374,28.794,3.725
3524,26.728,27.955,4.255
3525,27.240,28.663,2.977
3526,26.871,28.700,2.882
3527,26.696,29.909,3.135
3528,26.668,30.322,3.168
3529,26.324,28.780,3.013
3530,26.971,29.958,4.055
3531,27.349,30.726,4.145
3532,28.307,28.725,3.722
3533,26.992,29.840,3.669
3534,26.298,29.290,4.139
3535,26.294,28.534,3.700
3536,25.450,28.788,4.417
3537,26.989,29.642,3.401
3538,26.283,27.224,3.124
3539,26.191,28.655,3.317
3540,26.750,29.862,3.289
3541,27.428,28.620,3.851
3542,26.582,29.245,4.140
3543,27.658,28.439,3.379
3544,26.430,27.940,3.867
3545,27.076,28.266,3.875
3546,25.751,25.712,2.992
3547,25.638,26.857,2.827
3548,26.026,27.522,3.954
3549,26.721,26.829,2.736
3550,26.322,27.681,4.427
3551,26.483,27.201,4.395
3552,26.386,26.736,4.118
3553,26.440,27.760,3.732
3554,26.658,27.782,3.323
3555,26.144,27.295,4.105
3556,26.504,27.518,3.611
3557,25.860,27.026,3.989
3558,26.236,28.393,4.078
3559,26.054,29.276,4.157
3560,25.200,28.339,4.329
3561,25.688,26.829,2.933
3562,27.006,28.064,3.834
3563,26.096,27.911,3.593
3564,27.139,28.150,3.913
3565,26.224,26.625,2.909
3566,26.402,28.224,3.386
3567,26.344,27.035,3.645
3568,26.774,28.390,3.682
3569,25.845,28.046,4.140
3570,26.869,27.832,3.917
3571,25.034,26.787,4.577
3572,26.848,28.188,3.457
3573,26.255,28.418,3.638
3574,25.793,27.361,3.643
3575,26.712,27.181,3.808
3576,26.917,26.874,3.239
3577,26.596,27.455,3.539
3578,25.799,27.109,2.889
3579,26.613,28.988,3.835
3580,26.714,29.150,3.365
3581,27.602,27.993,3.314
3582,26.615,28.614,4.089
3583,25.514,26.967,3.225
3584,26.486,28.523,3.349
3585,27.033,27.951,3.775
3586,26.410,27.838,3.105
3587,26.991,27.623,4.609
3588,27.582,28.418,3.146
3589,25.858,27.514,2.666
3590,26.401,26.893,2.973
3591,26.415,27.050,3.297
3592,26.353,26.579,3.018
3593,26.998,29.050,3.227
3594,27.302,27.872,3.674
3595,26.105,27.686,3.561
3596,27.021,28.004,3.409
3597,27.730,28.469,4.192
3598,27.468,29.488,3.755
3599,27.424,29.505,3.772
3600,26.936,28.235,3.700
3601,25.880,26.758,2.944
3602,27.632,28.902,3.728
3603,26.302,27.900,2.959
3604,27.428,29.579,4.050
3605,28.291,28.157,3.024
3606,27.882,28.255,3.937
3607,27.267,28.475,3.962
3608,27.140,28.751,2.957
3609,28.065,29.757,4.059
3610,26.341,28.596,3.912
3611,26.521,28.617,3.850
3612,26.857,29.143,3.717
3613,25.974,28.698,2.971
3614,26.926,28.366,3.745
3615,26.424,28.524,4.091
3616,26.680,30.538,3.492
3617,26.179,29.029,3.213
3618,28.076,30.651,3.115
3619,26.369,29.764,3.809
3620,27.099,28.418,3.161
3621,26.724,30.490,4.325
3622,26.189,28.573,2.797
3623,26.522,28.810,4.278
3624,27.060,30.649,3.916
3625,26.801,30.166,3.442
3626,26.890,29.879,3.702
3627,26.061,27.283,2.844
3628,26.455,27.872,3.143
3629,26.516,28.636,3.038
3630,27.012,28.130,3.597
3631,26.767,28.327,3.616
3632,26.765,27.759,3.216
3633,26.573,29.069,3.858
3634,28.640,30.437,5.214
3635,27.012,29.171,4.486
3636,26.410,28.128,3.630
3637,25.900,28.192,2.963
3638,26.910,28.965,4.229
3639,26.359,29.550,3.766
3640,26.900,29.324,4.207
3641,27.418,30.633,3.875
3642,26.785,30.783,4.152
3643,27.071,30.563,4.358
3644,26.405,30.524,4.270
3645,25.943,30.801,4.206
3646,26.355,30.576,4.811
3647,26.237,30.262,4.387
3648,27.051,29.009,4.087
3649,26.917,30.711,4.637
3650,25.671,29.275,4.632
3651,26.844,29.985,4.379
3652,26.673,29.631,5.013
3653,26.843,29.274,4.479
3654,26.953,29.645,4.200
3655,28.034,30.153,4.349
3656,27.098,28.959,4.254
3657,28.123,29.879,4.663
3658,28.466,30.406,4.376
3659,27.449,30.051,4.247
3660,26.879,29.613,3.688
3661,27.960,31.524,5.031
3662,26.843,30.612,4.880
3663,27.768,30.903,3.936
3664,27.950,30.421,4.077
3665,28.070,28.597,3.615
3666,26.738,29.504,4.419
3667,26.475,27.951,3.995
3668,26.855,28.574,3.655
3669,27.535,27.626,3.487
3670,27.221,28.464,3.469
3671,26.812,27.899,3.807
3672,28.150,29.487,3.447
3673,27.972,29.455,3.868
3674,27.554,29.931,4.358
3675,26.462,29.258,3.888
3676,27.695,30.624,4.438
3677,26.331,29.409,3.971
3678,27.372,30.273,4.026
3679,26.520,28.492,3.258
3680,26.143,28.222,3.175
3681,27.133,28.860,2.685
3682,26.206,28.331,3.015
3683,26.232,27.874,2.849
3684,27.794,27.461,2.898
3685,27.398,28.087,3.866
3686,27.155,28.316,3.558
3687,27.398,26.917,2.763
3688,27.043,26.788,2.933
3689,26.948,28.353,2.856
3690,26.380,27.085,4.105
3691,26.883,29.158,4.129
3692,26.279,28.354,3.642
3693,27.482,28.844,2.787
3694,27.808,29.590,3.953
3695,27.546,28.959,3.416
3696,28.540,28.938,3.709
3697,28.155,29.518,3.450
3698,26.757,28.523,3.965
3699,27.868,28.837,2.885
3700,27.956,29.494,3.180
3701,27.376,30.345,3.602
3702,27.311,28.231,3.488
3703,26.657,29.913,3.815
3704,27.723,29.961,3.966
3705,27.573,30.215,3.838
3706,26.954,28.296,4.473
3707,27.405,29.740,4.124
3708,27.586,30.711,4.793
3709,27.290,29.663,4.115
3710,26.734,28.022,4.409
3711,26.948,29.248,4.233
3712,26.710,29.151,4.232
3713,25.216,28.630,3.703
3714,26.888,29.660,4.258
3715,27.120,28.614,3.544
3716,27.560,28.224,3.261
3717,26.689,27.205,3.901
3718,26.812,29.268,4.646
3719,27.133,28.856,4.090
3720,27.074,29.617,4.414
3721,26.713,28.846,4.460
3722,27.156,28.168,4.151
3723,27.133,29.683,3.430
3724,26.086,27.521,4.670
3725,26.288,29.304,4.995
3726,26.435,27.788,3.144
3727,26.377,29.694,3.735
3728,25.761,28.794,4.257
3729,25.582,29.071,4.351
3730,26.649,28.607,4.226
3731,26.611,29.646,3.989
3732,27.348,29.698,4.572
3733,27.205,29.781,4.108
3734,27.067,27.999,4.226
3735,26.204,26.681,4.636
3736,26.385,27.617,4.914
3737,27.842,29.225,4.023
3738,26.007,28.114,4.443
3739,27.771,29.335,4.128
3740,26.466,28.022,2.743
3741,26.812,29.855,2.955
3742,26.859,30.641,3.919
3743,27.934,30.209,3.328
3744,26.296,29.569,3.522
3745,28.241,31.073,4.391
3746,26.475,31.346,3.363
3747,26.964,30.134,3.951
3748,27.357,31.455,4.733
3749,26.743,31.086,3.295
3750,27.582,28.915,4.123
3751,27.120,30.655,3.777
3752,27.176,31.816,4.436
3753,26.135,29.045,4.326
3754,26.991,27.947,3.521
3755,26.844,29.549,4.429
3756,28.304,30.574,4.106
3757,27.452,30.010,4.293
3758,29.312,31.824,4.058
3759,27.817,29.800,4.211
3760,29.247,30.503,3.743
3761,30.163,29.794,3.660
3762,29.911,29.609,4.479
3763,29.795,30.684,3.667
3764,31.598,30.200,4.019
3765,30.055,31.583,4.068
3766,30.844,32.523,4.192
3767,30.327,31.242,3.446
3768,28.584,28.341,3.429
3769,30.204,29.547,4.599
3770,28.748,28.570,4.489
3771,30.141,30.234,4.048
3772,29.223,28.472,3.918
3773,28.668,29.588,3.991
3774,26.606,30.085,4.473
3775,27.243,29.609,4.720
3776,27.157,29.457,3.060
3777,27.319,30.753,3.751
3778,27.268,32.183,4.001
3779,26.831,30.630,4.429
3780,27.277,31.280,3.714
3781,29.962,29.397,3.674
3782,29.643,31.331,4.420
3783,27.221,29.940,5.108
3784,28.580,30.869,4.052
3785,29.143,31.386,4.531
3786,30.483,30.527,3.702
3787,31.228,30.918,4.597
3788,29.863,31.476,3.745
3789,29.146,31.052,3.626
3790,30.311,34.314,4.458
3791,30.131,32.552,3.536
3792,29.979,31.942,3.161
3793,30.357,31.535,3.276
3794,27.737,30.761,4.155
3795,30.092,31.952,3.005
3796,31.227,32.282,4.480
3797,27.882,31.845,3.673
3798,28.188,30.385,2.610
3799,28.603,31.393,4.046
3800,30.037,31.816,4.171
3801,27.771,30.469,2.822
3802,28.480,31.499,2.744
3803,27.815,29.941,2.849
3804,27.185,29.343,2.917
3805,27.070,31.432,4.528
3806,27.970,32.255,4.715
3807,29.215,32.493,4.625
3808,29.805,33.884,3.721
3809,28.919,30.733,3.684
3810,29.581,31.706,4.140
3811,30.460,33.379,5.406
3812,29.476,32.608,4.053
3813,28.615,33.023,3.882
3814,29.750,32.402,3.621
3815,28.539,32.158,5.278
3816,30.351,34.018,4.328
3817,30.010,34.630,5.259
3818,28.749,32.321,4.403
3819,28.190,32.608,5.906
3820,29.632,32.771,5.272
3821,28.497,33.636,5.529
3822,28.746,33.094,5.494
3823,29.165,33.319,5.908
3824,28.327,31.025,4.069
3825,28.255,30.828,3.464
3826,26.999,30.649,3.859
3827,27.585,30.683,4.153
3828,27.859,31.709,4.574
3829,27.565,30.621,4.121
3830,27.478,29.496,3.865
3831,28.195,29.679,4.693
3832,27.948,32.660,4.366
3833,26.516,31.047,5.004
3834,27.983,31.877,4.651
3835,27.868,31.188,4.484
3836,27.916,30.072,4.549
3837,28.222,31.028,4.143
3838,26.368,29.585,2.935
3839,27.774,30.827,3.499
3840,26.818,29.962,4.514
3841,27.033,30.537,4.637
3842,27.464,30.680,3.592
3843,26.959,30.364,2.755
3844,27.524,31.236,3.287
3845,26.886,31.627,4.056
3846,26.513,30.666,4.140
3847,27.614,29.765,3.999
3848,26.198,30.320,4.158
3849,27.602,31.264,4.543
3850,27.228,29.758,4.394
3851,26.713,29.285,4.146
3852,26.087,28.765,3.086
3853,27.491,29.635,3.983
3854,28.954,31.567,4.650
3855,28.047,29.304,4.662
3856,29.178,31.335,5.098
3857,27.818,30.357,4.263
3858,27.955,29.884,4.343
3859,27.888,30.547,4.135
3860,27.422,30.317,2.855
3861,27.646,30.661,4.145
3862,26.847,30.249,2.786
3863,27.431,29.486,4.314
3864,28.041,31.486,4.220
3865,27.750,29.562,4.596
3866,27.859,30.766,3.855
3867,27.354,30.924,4.555
3868,27.049,29.715,5.076
3869,28.635,30.307,4.929
3870,27.579,30.354,4.466
3871,27.564,29.566,4.873
3872,28.772,31.617,4.673
3873,27.271,29.034,4.521
3874,27.706,30.177,5.084
3875,28.095,30.020,3.799
3876,27.442,31.068,3.443
3877,27.679,29.120,4.444
3878,28.631,29.647,3.903
3879,27.636,31.064,4.209
3880,27.579,30.260,4.155
3881,27.989,30.826,4.294
3882,27.551,30.182,4.613
3883,28.574,31.661,5.260
3884,28.734,30.218,5.298
3885,28.123,29.723,4.882
3886,28.195,30.192,6.491
3887,28.398,30.968,4.150
3888,28.274,30.515,4.451
3889,27.958,30.829,5.101
3890,28.590,30.158,4.420
3891,28.431,29.939,4.177
3892,27.962,31.176,4.231
3893,30.896,32.424,4.395
3894,27.482,30.266,4.676
3895,27.792,32.419,4.684
3896,30.479,30.365,4.389
3897,30.225,32.196,3.763
3898,29.099,32.712,5.116
3899,27.556,29.554,4.554
3900,27.265,30.280,3.477
3901,26.777,31.063,4.100
3902,26.880,30.590,4.150
3903,26.618,29.296,3.365
3904,27.612,31.312,3.223
3905,27.354,30.419,4.101
3906,27.647,31.588,3.329
3907,27.855,31.387,4.125
3908,27.148,29.365,3.632
3909,27.168,30.557,4.080
3910,27.717,29.534,4.069
3911,26.560,29.267,4.095
3912,28.193,32.010,4.272
3913,28.009,32.104,4.521
3914,28.366,31.568,4.516
3915,28.630,32.602,4.656
3916,28.425,32.716,4.770
3917,28.439,32.255,4.515
3918,27.552,31.863,4.085
3919,28.897,33.375,4.485
3920,28.328,30.719,4.545
3921,28.502,32.685,3.858
3922,27.329,31.663,3.790
3923,27.617,31.146,3.528
3924,28.766,31.888,4.377
3925,28.475,33.615,5.114
3926,28.202,32.584,4.437
3927,28.008,33.420,4.762
3928,27.931,32.953,4.876
3929,27.990,30.176,4.336
3930,28.048,32.496,3.516
3931,28.149,30.704,4.213
3932,27.299,29.921,3.606
3933,28.172,30.129,4.133
3934,27.952,30.856,4.989
3935,27.848,30.070,3.996
3936,27.468,29.791,4.171
3937,27.115,28.954,4.635
3938,28.739,30.575,4.199
3939,27.999,31.462,3.757
3940,28.550,31.489,3.826
3941,27.941,30.740,4.800
3942,27.301,30.995,3.505
3943,27.296,30.584,3.991
3944,25.929,29.319,4.109
3945,26.230,30.825,4.236
3946,26.906,29.994,4.205
3947,26.833,29.741,4.131
3948,26.746,29.362,3.803
3949,26.643,28.903,3.565
3950,27.545,30.845,3.998
3951,27.339,30.128,4.417
3952,27.080,30.361,3.750
3953,27.881,30.668,4.231
3954,27.446,32.608,5.897
3955,27.572,28.682,4.098
3956,27.507,27.474,2.929
3957,28.139,28.963,4.254
3958,26.725,27.270,3.697
3959,26.401,27.395,2.843
3960,27.430,28.130,2.998
3961,27.819,29.820,4.247
3962,27.284,27.121,3.085
3963,27.251,28.874,4.470
3964,27.276,27.466,2.757
3965,28.140,28.584,4.182
3966,28.059,29.698,3.972
3967,28.185,29.596,5.247
3968,27.760,29.500,4.824
3969,27.697,28.829,4.530
3970,28.355,27.984,3.872
3971,26.051,25.861,4.526
3972,26.479,28.401,4.877
3973,28.272,28.194,3.516
3974,26.234,27.920,4.032
3975,26.819,28.312,4.754
3976,26.712,27.927,3.934
3977,26.951,28.244,4.465
3978,25.044,27.221,4.861
3979,26.326,27.460,4.077
3980,25.270,26.969,4.260
3981,25.858,27.581,4.147
3982,27.113,28.061,3.705
3983,26.907,28.564,4.162
3984,26.235,27.319,3.772
3985,25.372,27.191,3.908
3986,26.286,27.740,4.001
3987,26.141,27.244,3.998
3988,25.522,26.443,3.035
3989,25.452,28.259,4.603
3990,25.097,28.363,3.893
3991,26.107,28.261,4.087
3992,26.550,28.302,4.193
3993,25.100,28.426,4.051
3994,25.533,26.597,3.842
3995,26.615,28.734,3.695
3996,25.722,27.574,4.049
3997,24.530,26.798,4.244
3998,26.484,27.878,3.168
3999,25.723,28.802,2.684
4000,26.312,27.797,3.951
4001,26.470,28.938,3.858
4002,26.719,29.366,3.399
4003,26.086,27.926,3.090
4004,26.795,27.506,3.725
4005,26.393,28.370,3.477
4006,27.201,28.910,3.697
4007,25.855,27.765,4.319
4008,25.651,27.508,2.869
4009,25.681,29.441,3.633
4010,26.661,27.958,3.473
4011,25.588,27.082,3.149
4012,26.955,28.048,3.605
4013,26.573,29.627,3.916
4014,25.879,28.451,4.136
4015,25.508,28.208,4.553
4016,25.828,29.248,5.287
4017,26.168,28.080,3.146
4018,26.203,27.847,3.886
4019,25.814,27.052,3.064
4020,27.282,27.868,4.049
4021,27.488,29.673,4.453
4022,26.857,27.938,3.301
4023,27.419,27.899,3.968
4024,28.714,28.680,3.467
4025,27.635,28.374,3.496
4026,27.006,27.957,3.626
4027,27.312,27.661,3.698
4028,26.740,26.248,4.470
4029,28.701,28.082,3.832
4030,28.463,27.637,3.969
4031,27.504,27.802,4.077
4032,27.346,27.989,4.024
4033,26.325,27.581,4.600
4034,26.607,28.755,4.639
4035,27.711,28.998,3.342
4036,27.286,27.692,3.861
4037,27.355,28.933,3.984
4038,26.749,28.163,4.220
4039,27.528,28.461,3.157
4040,27.449,27.689,4.186
4041,28.625,28.565,3.523
4042,27.687,28.509,4.463
4043,27.414,27.376,4.191
4044,26.168,27.071,4.157
4045,27.356,28.671,4.220
4046,27.002,27.929,4.835
4047,27.725,29.389,3.972
4048,27.009,27.233,4.117
4049,27.190,28.261,3.912
4050,26.755,26.894,3.897
4051,27.195,27.551,3.292
4052,27.201,27.127,3.370
4053,28.059,29.145,3.479
4054,27.886,27.392,3.250
4055,28.479,29.184,4.105
4056,28.164,29.026,4.092
4057,28.694,29.969,4.556
4058,27.378,29.758,3.902
4059,27.615,29.704,3.402
4060,26.810,28.071,3.133
4061,27.084,29.130,3.595
4062,26.564,29.463,3.479
4063,27.201,29.262,3.667
4064,27.141,28.982,3.549
4065,26.767,27.078,3.003
4066,27.116,27.356,3.031
4067,28.984,28.061,3.511
4068,26.727,28.687,4.493
4069,26.266,27.333,2.670
4070,27.390,28.183,4.166
4071,26.704,28.148,3.934
4072,27.763,27.802,3.519
4073,28.172,28.464,4.902
4074,28.208,28.985,3.800
4075,27.749,28.982,3.799
4076,26.618,27.514,4.515
4077,27.529,27.334,3.397
4078,28.009,29.814,4.268
4079,27.101,28.598,3.834
4080,27.415,28.754,4.304
4081,27.014,30.532,4.175
4082,26.624,27.865,3.735
4083,26.726,28.018,3.214
4084,26.340,27.694,4.088
4085,26.998,29.019,3.831
4086,28.062,30.086,4.001
4087,27.791,29.565,3.374
4088,26.429,28.332,4.585
4089,27.609,28.472,3.797
4090,26.303,28.380,3.407
4091,27.393,29.190,4.384
4092,27.247,27.931,3.741
4093,27.375,28.159,3.390
4094,27.361,28.833,4.161
4095,27.157,28.271,3.450
4096,27.019,29.361,3.838
4097,28.202,29.662,4.169
4098,28.619,29.406,3.792
4099,28.424,29.751,4.052
4100,27.566,27.962,3.631
4101,27.671,29.099,3.909
4102,27.711,29.926,4.480
4103,27.056,29.773,3.971
4104,27.153,29.848,3.976
4105,26.556,28.807,3.906
4106,27.711,29.977,4.025
4107,26.295,29.203,4.487
4108,26.371,29.070,3.924
4109,28.120,30.329,4.360
4110,26.337,27.925,3.599
4111,26.713,29.713,5.260
4112,26.855,27.626,3.776
4113,27.504,28.101,3.826
4114,28.446,28.824,3.781
4115,26.243,27.108,2.732
4116,26.789,28.382,4.250
4117,27.236,29.403,4.510
4118,26.747,27.928,3.146
4119,26.708,27.688,4.602
4120,26.633,28.595,3.687
4121,28.003,28.811,4.260
4122,27.650,29.697,4.218
4123,27.658,28.350,3.726
4124,28.156,28.786,3.765
4125,29.300,29.304,3.934
4126,26.820,28.322,3.749
4127,26.103,28.717,4.767
4128,28.351,28.056,3.730
4129,28.700,29.324,3.479
4130,26.838,27.426,3.382
4131,27.798,30.347,4.104
4132,27.893,30.459,4.491
4133,27.572,28.517,4.191
4134,26.939,28.194,4.730
4135,27.828,28.203,4.398
4136,28.727,29.113,3.818
4137,27.624,28.665,4.034
4138,26.816,28.098,4.892
4139,27.486,27.123,3.703
4140,27.626,28.800,3.684
4141,26.835,30.298,4.086
4142,26.870,28.366,3.888
4143,27.082,28.764,4.443
4144,27.181,28.181,4.329
4145,26.264,29.752,4.357
4146,25.998,28.581,3.481
4147,27.354,28.877,2.882
4148,26.311,27.136,3.400
4149,27.270,28.983,4.410
4150,27.075,28.712,4.027
4151,26.943,29.834,4.072
4152,26.310,27.432,3.793
4153,27.551,28.597,4.498
4154,26.740,27.691,4.878
4155,27.379,28.914,4.845
4156,28.191,28.405,4.056
4157,27.679,29.465,5.510
4158,27.387,27.766,3.956
4159,27.788,30.045,4.457
4160,27.763,30.519,4.470
4161,28.320,29.968,5.346
4162,28.897,29.863,4.148
4163,27.366,29.477,4.628
4164,27.366,29.207,5.047
4165,28.302,29.374,4.213
4166,28.049,28.190,4.622
4167,27.230,27.904,3.636
4168,27.265,29.812,4.195
4169,27.772,29.005,4.004
4170,27.355,28.664,3.922
4171,29.660,28.927,3.954
4172,29.926,28.524,3.838
4173,29.382,28.390,4.024
4174,28.296,27.803,3.088
4175,29.362,29.572,3.897
4176,30.058,27.058,2.997
4177,27.613,29.043,4.315
4178,27.813,29.515,3.663
4179,28.823,29.965,3.439
4180,28.393,29.778,3.653
4181,26.831,31.705,2.890
4182,27.676,31.809,3.812
4183,29.167,32.107,4.320
4184,27.213,29.244,4.832
4185,28.429,31.509,4.052
4186,28.645,32.754,5.168
4187,28.269,33.101,3.936
4188,28.361,29.117,2.987
4189,28.215,30.133,3.747
4190,28.522,28.101,2.995
4191,26.990,28.142,2.863
4192,27.304,27.087,4.123
4193,27.202,27.450,2.847
4194,27.224,27.089,2.917
4195,26.541,28.517,3.230
4196,27.589,29.717,2.705
4197,26.872,28.065,2.877
4198,26.371,29.157,3.805
4199,25.759,28.742,2.758
4200,25.933,27.446,3.008
4201,26.179,28.581,2.911
4202,26.491,27.826,2.751
4203,26.698,29.204,3.114
4204,25.846,28.424,2.750
4205,26.648,28.607,2.973
4206,27.165,30.262,4.127
4207,26.011,28.197,3.060
4208,26.368,28.566,3.657
4209,27.225,28.742,4.131
4210,27.101,29.782,3.382
4211,26.410,28.040,2.638
4212,26.688,28.922,4.182
4213,26.670,28.588,4.015
4214,25.982,28.067,2.937
4215,26.961,28.009,3.515
4216,26.791,27.380,3.664
4217,26.351,28.655,3.448
4218,26.216,28.162,2.873
4219,26.817,28.754,3.050
4220,26.824,28.798,3.006
4221,26.552,26.979,3.534
4222,26.975,26.259,3.100
4223,27.461,27.550,3.921
4224,25.823,27.241,2.844
4225,27.251,27.709,2.769
4226,27.630,28.416,2.853
4227,27.612,28.022,3.034
4228,28.085,27.751,2.803
4229,26.313,27.673,2.829
4230,27.713,27.898,2.897
4231,26.558,28.368,2.980
4232,26.653,27.945,2.835
4233,27.023,28.540,3.120
4234,27.079,28.881,2.907
4235,26.562,28.038,2.912
4236,27.814,28.965,3.661
4237,26.173,28.520,3.465
4238,26.561,28.791,3.873
4239,25.296,27.252,2.650
4240,26.734,27.927,3.460
4241,27.119,28.316,3.018
4242,26.355,27.941,2.985
4243,25.500,27.609,3.499
4244,26.925,27.430,2.753
4245,25.491,27.049,2.848
4246,26.081,26.920,3.451
4247,27.196,27.673,2.808
4248,26.658,27.757,2.827
4249,26.992,28.655,3.402
4250,26.755,28.436,3.710
4251,25.595,27.199,4.769
4252,26.600,28.895,4.227
4253,27.857,30.614,5.288
4254,27.595,29.833,4.255
4255,26.891,28.712,3.764
4256,26.767,29.938,4.490
4257,27.314,31.853,4.729
4258,28.253,32.005,4.256
4259,25.533,30.773,4.221
4260,26.709,29.180,4.292
4261,26.721,29.471,4.085
4262,27.910,29.751,4.123
4263,28.780,31.962,4.010
4264,27.792,30.757,3.863
4265,25.847,29.195,3.502
4266,25.901,29.385,3.893
4267,27.083,30.885,3.812
4268,27.482,30.169,4.546
4269,24.942,28.441,3.003
4270,26.066,30.478,3.659
4271,25.698,30.111,2.890
4272,25.298,28.202,2.763
4273,26.368,27.812,2.838
4274,26.358,27.780,3.355
4275,25.950,27.358,3.186
4276,25.641,28.286,2.868
4277,26.064,29.247,2.875
4278,26.879,30.484,2.755
4279,27.048,29.584,3.647
4280,26.322,28.782,3.850
4281,25.774,28.204,2.759
4282,25.439,28.757,4.366
4283,27.285,29.189,3.922
4284,25.928,29.125,3.671
4285,27.134,29.146,3.486
4286,26.580,28.794,3.151
4287,27.156,29.813,3.476
4288,27.050,26.972,2.980
4289,27.345,28.168,2.813
4290,26.866,28.286,4.181
4291,26.822,28.119,3.542
4292,26.963,27.240,3.800
4293,25.916,27.073,3.273
4294,27.440,28.996,3.136
4295,27.383,26.828,3.940
4296,27.889,26.817,2.925
4297,27.064,26.079,3.069
4298,27.344,27.945,3.524
4299,27.017,27.185,3.148
4300,26.363,27.734,3.771
4301,26.176,27.103,4.605
4302,27.429,27.178,2.816
4303,26.131,27.275,2.752
4304,26.603,26.912,4.096
4305,25.133,27.419,2.999
4306,26.313,28.699,3.594
4307,25.684,26.980,3.021
4308,25.575,28.592,3.396
4309,26.057,27.598,3.285
4310,25.946,27.832,2.749
4311,25.600,27.368,3.667
4312,26.307,27.752,2.952
4313,27.743,28.024,3.138
4314,26.516,28.058,3.187
4315,26.386,27.496,2.802
4316,25.935,27.917,3.025
4317,25.715,28.206,3.333
4318,25.933,27.940,2.791
4319,25.580,27.440,3.143
4320,26.543,28.095,2.862
4321,26.820,28.069,4.225
4322,25.981,28.175,3.630
4323,26.407,28.534,3.389
4324,27.243,27.665,3.951
4325,25.379,27.647,2.994
4326,25.800,28.633,2.899
4327,26.088,28.377,3.599
4328,25.542,28.581,4.112
4329,26.531,27.978,3.243
4330,25.012,27.895,2.890
4331,25.208,27.805,3.019
4332,25.883,28.021,2.771
4333,25.246,28.406,3.078
4334,25.266,27.871,2.933
4335,25.678,28.663,2.920
4336,26.097,28.233,3.876
4337,25.888,28.366,4.199
4338,25.758,28.670,2.670
4339,24.952,27.239,3.103
4340,26.896,28.499,3.952
4341,25.194,26.391,4.316
4342,25.405,26.956,3.498
4343,24.792,27.496,3.019
4344,25.268,28.332,2.892
4345,24.815,26.919,3.164
4346,25.703,28.545,2.761
4347,25.512,28.081,3.142
4348,25.100,28.002,3.328
4349,25.330,27.524,2.883
4350,25.820,28.632,3.702
4351,25.955,29.179,3.559
4352,25.682,28.320,4.927
4353,25.497,29.001,3.467
4354,24.968,28.239,3.343
4355,25.515,27.719,3.594
4356,25.464,28.932,4.143
4357,25.652,28.510,3.701
4358,27.759,29.868,5.172
4359,26.472,29.282,4.580
4360,26.633,29.927,4.353
4361,26.723,30.047,3.534
4362,25.426,29.900,4.557
4363,25.986,28.920,3.775
4364,25.937,27.962,4.405
4365,27.715,29.363,3.788
4366,25.091,28.581,3.814
4367,26.131,28.865,3.518
4368,25.889,29.222,4.232
4369,24.504,26.981,4.346
4370,25.149,27.830,4.375
4371,24.849,27.918,4.602
4372,24.492,27.772,4.285
4373,24.964,27.554,3.575
4374,26.320,29.270,3.933
4375,25.613,28.632,3.896
4376,26.268,29.005,3.986
4377,26.290,28.261,4.243
4378,25.778,28.621,2.825
4379,26.107,29.214,4.165
4380,26.177,29.616,3.607
4381,25.945,28.344,4.648
4382,25.138,28.255,2.859
4383,24.209,27.230,3.070
4384,25.791,28.406,4.244
4385,27.119,28.512,4.704
4386,25.540,29.187,4.191
4387,25.313,28.229,3.957
4388,26.023,27.223,3.914
4389,25.853,27.758,3.996
4390,26.665,28.781,3.930
4391,26.238,29.466,4.301
4392,27.140,29.671,3.527
4393,26.209,28.983,3.753
4394,26.616,28.555,4.844
4395,25.694,28.785,4.742
4396,25.607,28.378,4.159
4397,25.923,28.734,3.859
4398,25.926,29.003,3.699
4399,26.114,29.016,4.129
4400,26.704,28.462,3.943
4401,25.449,28.420,3.665
4402,25.180,28.299,4.410
4403,25.617,28.726,3.742
4404,25.122,28.527,3.902
4405,25.602,29.140,5.239
4406,26.381,29.279,4.380
4407,25.045,27.859,4.329
4408,25.223,27.536,3.693
4409,24.766,28.150,5.361
4410,25.123,27.556,3.188
4411,24.603,27.724,3.834
4412,26.721,29.573,4.399
4413,25.330,29.232,3.584
4414,25.310,27.711,4.714
4415,24.715,27.842,3.581
4416,25.459,28.594,4.233
4417,24.524,28.260,4.148
4418,24.286,28.197,3.675
4419,27.609,29.930,4.553
4420,25.978,29.480,4.310
4421,24.609,27.230,4.255
4422,25.294,28.110,3.772
4423,26.760,27.630,3.853
4424,25.973,27.314,3.298
4425,25.785,27.280,4.524
4426,26.937,28.793,4.307
4427,26.187,28.294,5.380
4428,27.187,28.839,3.917
4429,27.383,27.595,4.334
4430,28.031,27.143,4.552
4431,25.588,26.544,4.397
4432,25.542,26.514,4.161
4433,28.469,27.612,3.987
4434,28.452,27.801,4.732
4435,28.700,28.618,3.992
4436,28.513,28.293,3.866
4437,28.436,29.266,3.873
4438,28.554,28.485,4.471
4439,28.549,27.344,3.980
4440,28.982,27.873,3.966
4441,28.431,27.427,3.610
4442,28.713,27.723,3.813
4443,28.892,27.674,4.237
4444,28.903,29.528,4.231
4445,29.644,29.079,3.349
4446,29.266,28.213,4.053
4447,29.896,28.331,4.614
4448,30.159,27.413,2.985
4449,28.682,28.241,4.591
4450,28.643,27.262,3.611
4451,28.307,28.067,3.894
4452,27.744,27.673,3.876
4453,27.873,27.407,4.289
4454,28.732,27.822,3.837
4455,27.224,27.529,2.902
4456,28.645,27.043,3.598
4457,27.598,25.569,2.731
4458,29.086,28.825,3.581
4459,28.748,26.885,3.629
4460,28.372,27.167,3.032
4461,28.525,27.398,3.650
4462,28.509,27.854,3.908
4463,27.865,26.469,2.947
4464,28.262,26.996,2.804
4465,27.974,27.229,3.075
4466,27.411,26.286,4.168
4467,27.557,29.720,4.758
4468,28.168,29.088,4.099
4469,27.348,27.405,3.605
4470,25.243,25.144,5.518
4471,27.791,26.273,4.529
4472,27.501,25.962,3.977
4473,29.824,27.720,2.704
4474,28.786,28.552,4.591
4475,27.757,27.202,4.331
4476,28.858,27.798,3.499
4477,28.426,27.239,3.980
4478,27.513,28.190,4.331
4479,25.443,28.618,3.216
4480,27.466,28.757,4.239
4481,26.453,28.561,7.336
4482,26.776,28.141,6.714
4483,27.385,26.954,6.105
4484,27.268,26.050,6.396
4485,25.813,25.228,6.111
4486,26.151,26.434,6.420
4487,26.827,26.403,6.278
4488,25.958,26.632,6.333
4489,25.501,28.183,6.159
4490,24.498,26.418,7.266
4491,25.492,27.225,6.977
4492,24.360,26.068,7.034
4493,25.803,26.514,6.159
4494,24.220,25.556,6.339
4495,24.415,26.363,6.359
4496,25.449,26.332,6.634
4497,25.080,27.058,7.521
4498,24.071,26.795,6.774
4499,24.525,26.831,6.156
4500,24.960,26.809,7.176
4501,25.294,26.765,6.925
4502,23.850,25.504,6.028
4503,24.514,26.160,6.435
4504,24.944,26.881,7.235
4505,25.265,29.384,6.772
4506,27.528,30.030,4.014
4507,26.999,28.762,4.230
4508,26.786,28.820,3.912
4509,26.189,30.112,4.746
4510,26.000,28.618,4.566
4511,27.441,31.111,4.509
4512,26.734,29.309,4.167
4513,27.336,28.743,4.838
4514,26.998,29.362,4.210
4515,27.335,29.674,3.745
4516,27.376,29.780,4.092
4517,26.877,27.791,4.168
4518,26.525,30.030,3.831
4519,27.729,29.459,3.575
4520,27.015,29.848,4.151
4521,26.504,28.796,4.226
4522,26.306,29.728,4.211
4523,27.069,29.540,4.464
4524,27.789,29.222,4.243
4525,27.091,28.448,3.994
4526,27.326,28.805,3.371
4527,27.293,29.788,3.821
4528,27.489,28.669,4.153
4529,27.093,30.760,5.003
4530,26.003,28.337,4.128
4531,26.395,27.811,3.939
4532,26.244,29.376,3.907
4533,26.068,28.163,3.873
4534,27.207,28.249,4.223
4535,27.037,28.369,3.734
4536,26.616,28.067,3.035
4537,26.814,28.053,2.950
4538,26.771,29.677,3.857
4539,26.732,29.045,4.212
4540,27.505,30.072,4.457
4541,27.541,29.299,4.050
4542,26.717,28.144,3.858
4543,26.685,28.118,4.190
4544,27.147,29.993,3.778
4545,26.894,28.335,4.586
4546,28.897,28.504,4.062
4547,26.510,29.242,3.691
4548,26.125,28.792,4.081
4549,27.373,29.964,3.982
4550,26.889,29.412,2.855
4551,26.116,29.255,4.774
4552,26.989,28.653,4.398
4553,26.264,29.465,3.992
4554,26.668,28.544,4.057
4555,26.821,29.688,4.735
4556,27.427,31.040,4.465
4557,28.100,30.103,4.013
4558,26.598,30.397,4.460
4559,26.824,30.198,3.281
4560,27.044,29.593,3.933
4561,27.096,30.508,4.218
4562,26.277,30.069,4.699
4563,26.424,30.011,4.175
4564,27.196,29.511,4.404
4565,26.155,31.241,4.418
4566,26.851,28.877,2.919
4567,27.128,29.477,4.020
4568,25.871,28.797,3.035
4569,27.340,30.340,4.262
4570,26.778,30.035,4.249
4571,28.157,30.498,3.803
4572,28.009,30.255,4.171
4573,27.420,29.174,3.733
4574,27.431,28.427,3.645
4575,27.258,29.218,4.032
4576,27.454,30.694,3.994
4577,27.497,29.579,4.622
4578,26.812,29.073,4.191
4579,27.262,29.954,4.077
4580,27.046,28.529,4.025
4581,26.943,29.157,4.439
4582,27.776,30.408,3.738
4583,28.598,29.218,3.191
4584,28.356,30.618,4.308
4585,27.973,29.848,3.545
4586,28.790,30.554,4.320
4587,29.537,30.377,3.976
4588,27.458,29.068,4.639
4589,27.336,29.926,4.956
4590,28.972,29.779,3.963
4591,28.354,29.561,3.243
4592,28.276,28.757,3.500
4593,28.513,28.294,4.322
4594,28.357,28.979,3.659
4595,26.344,30.190,3.915
4596,29.042,29.275,3.703
4597,28.503,28.142,5.000
4598,28.814,28.289,4.010
4599,29.403,28.744,4.229
4600,28.546,28.917,4.377
4601,29.570,30.402,3.562
4602,28.617,28.560,4.382
4603,28.850,29.275,3.955
4604,29.004,28.568,3.768
4605,29.781,30.477,4.281
4606,28.441,30.299,3.935
4607,28.005,28.080,3.364
4608,27.789,28.312,4.774
4609,27.465,28.746,4.248
4610,26.335,28.943,4.320
4611,27.062,29.524,3.602
4612,27.283,29.893,3.955
4613,27.542,28.506,4.075
4614,28.328,31.046,4.668
4615,26.917,31.105,3.952
4616,27.234,28.209,3.261
4617,26.999,30.494,4.358
4618,27.208,31.143,4.667
4619,27.650,32.245,4.473
4620,27.622,30.280,3.807
4621,27.170,30.654,4.013
4622,27.809,30.249,4.962
4623,26.017,29.245,2.980
4624,26.707,27.180,2.862
4625,27.006,28.215,2.683
4626,26.693,27.209,3.173
4627,26.625,27.079,3.235
4628,27.548,28.235,2.991
4629,27.220,28.657,4.059
4630,27.017,27.490,3.134
4631,26.285,27.120,2.691
4632,26.900,27.611,3.973
4633,26.361,26.815,2.862
4634,27.697,27.817,3.390
4635,28.059,27.678,3.673
4636,27.731,27.941,3.780
4637,29.678,28.577,3.676
4638,27.606,27.389,3.814
4639,28.562,27.617,3.905
4640,27.613,26.708,4.135
4641,28.283,28.143,4.340
4642,27.497,29.068,2.888
4643,27.351,29.310,3.726
4644,27.674,27.824,3.029
4645,27.282,28.258,3.723
4646,28.626,28.856,3.606
4647,28.979,28.260,4.048
4648,28.355,27.798,3.556
4649,27.417,26.908,3.893
4650,28.105,26.687,5.189
4651,29.271,28.363,4.262
4652,28.070,28.511,4.632
4653,27.399,27.786,4.359
4654,27.693,27.832,4.404
4655,29.200,27.449,3.766
4656,28.517,28.190,3.996
4657,27.045,27.145,3.540
4658,28.350,28.779,4.094
4659,28.439,27.984,3.745
4660,28.814,27.846,3.598
4661,28.357,28.227,3.752
4662,28.349,27.432,4.493
4663,28.427,27.388,4.272
4664,28.019,27.766,4.542
4665,26.367,28.569,4.460
4666,27.894,29.075,4.264
4667,28.796,29.122,5.052
4668,28.120,27.796,5.028
4669,27.135,27.837,3.807
4670,26.814,28.333,3.908
4671,25.716,28.121,3.980
4672,27.758,29.692,4.081
4673,25.965,28.527,4.315
4674,26.156,28.772,4.520
4675,27.334,28.702,4.125
4676,26.620,26.233,4.041
4677,28.367,28.627,3.161
4678,29.445,28.977,4.289
4679,26.497,27.279,6.289
4680,26.089,27.898,6.427
4681,27.613,29.887,4.667
4682,29.155,29.402,3.976
4683,29.782,30.655,3.562
4684,30.315,30.827,4.654
4685,29.654,30.223,3.978
4686,29.554,29.267,4.097
4687,28.711,28.774,4.351
4688,29.466,27.373,4.155
4689,28.703,27.491,4.131
4690,28.662,28.837,4.058
4691,29.915,29.360,4.096
4692,29.589,27.591,3.562
4693,28.914,28.797,3.721
4694,30.160,29.316,4.005
4695,28.112,27.911,3.805
4696,27.559,28.861,3.909
4697,29.213,30.235,4.700
4698,30.276,28.495,3.702
4699,27.907,28.485,3.951
4700,26.597,29.146,4.849
4701,28.052,28.838,3.215
4702,29.408,28.110,4.581
4703,29.661,29.934,4.385
4704,28.700,27.877,4.018
4705,28.880,29.020,3.987
4706,29.888,28.808,4.286
4707,29.614,29.877,4.681
4708,28.519,29.516,4.215
4709,28.836,28.142,4.417
4710,29.599,28.523,3.066
4711,29.226,28.692,4.705
4712,27.955,28.640,3.905
4713,29.270,29.732,4.136
4714,29.686,28.352,4.222
4715,29.673,29.468,3.938
4716,29.121,29.183,4.359
4717,30.087,29.646,3.794
4718,30.171,28.297,3.924
4719,28.695,28.807,3.808
4720,28.210,28.709,4.616
4721,28.977,29.539,4.252
4722,29.604,29.164,4.963
4723,30.195,27.708,3.981
4724,30.313,28.343,4.685
4725,29.600,29.305,3.974
4726,28.693,27.712,4.416
4727,28.685,27.910,4.106
4728,26.147,28.229,4.809
4729,28.686,28.143,4.502
4730,28.385,27.838,4.110
4731,26.984,27.270,4.334
4732,28.871,27.035,3.764
4733,28.976,28.770,3.724
4734,29.657,29.520,4.205
4735,29.468,30.102,3.656
4736,29.666,28.298,4.411
4737,28.444,28.486,4.171
4738,28.966,29.503,4.061
4739,28.855,30.665,4.135
4740,28.023,27.691,4.883
4741,28.628,28.735,3.287
4742,28.997,28.696,3.794
4743,28.777,28.921,4.116
4744,28.637,28.074,3.059
4745,28.602,27.831,2.770
4746,27.865,27.898,3.364
4747,28.477,27.274,3.096
4748,27.832,28.404,4.017
4749,28.636,27.927,3.045
4750,28.524,26.692,2.866
4751,27.943,26.913,3.700
4752,28.965,26.683,3.523
4753,28.584,27.892,3.110
4754,27.714,27.780,3.439
4755,27.592,25.985,2.900
4756,28.421,27.246,4.001
4757,28.371,27.620,2.866
4758,28.140,27.130,2.908
4759,28.998,27.207,2.957
4760,28.128,27.797,3.850
4761,28.223,27.625,3.092
4762,29.457,26.895,3.389
4763,29.409,27.154,3.289
4764,28.906,27.753,2.798
4765,27.983,27.049,2.703
4766,28.881,28.725,3.134
4767,28.067,28.566,3.031
4768,27.063,26.625,3.333
4769,25.919,27.465,4.270
4770,26.686,27.814,3.993
4771,28.031,27.810,3.412
4772,28.668,27.933,3.634
4773,28.348,27.211,3.691
4774,29.598,28.096,3.989
4775,28.686,27.594,2.804
4776,28.741,29.065,3.825
4777,28.074,28.048,3.700
4778,27.235,27.970,3.394
4779,27.184,27.213,4.112
4780,26.175,27.970,4.054
4781,26.580,27.697,3.512
4782,26.724,27.062,2.794
4783,27.337,27.700,3.666
4784,26.455,28.190,3.822
4785,27.252,29.078,3.841
4786,26.769,28.705,4.369
4787,28.218,28.896,3.853
4788,27.412,28.072,3.982
4789,28.303,27.844,3.353
4790,29.051,28.815,3.425
4791,29.100,28.676,3.764
4792,29.174,29.641,3.948
4793,28.509,26.490,4.373
4794,29.044,27.830,3.760
4795,26.955,26.850,4.340
4796,28.585,27.826,3.992
4797,27.732,28.604,3.971
4798,27.687,27.303,4.045
4799,27.474,29.049,3.786
4800,28.130,28.780,3.597
4801,28.286,28.098,4.825
4802,28.719,29.105,5.042
4803,29.326,28.699,4.570
4804,29.700,29.739,4.395
4805,30.347,29.222,4.719
4806,28.727,30.441,4.823
4807,29.342,30.114,5.030
4808,29.658,31.282,4.489
4809,29.229,29.215,4.619
4810,29.086,30.603,4.353
4811,28.968,29.046,3.887
4812,29.151,30.995,4.689
4813,29.888,28.958,4.270
4814,28.812,28.463,4.227
4815,29.526,29.024,4.549
4816,31.119,28.585,4.521
4817,30.382,28.423,4.646
4818,29.974,28.027,4.838
4819,29.758,28.880,4.164
4820,29.522,28.726,5.183
4821,28.994,28.849,4.374
4822,30.317,28.406,4.905
4823,28.599,28.156,4.417
4824,30.392,28.839,4.487
4825,30.618,28.393,4.644
4826,29.402,29.156,4.583
4827,30.138,28.041,4.405
4828,29.962,28.416,4.443
4829,30.081,29.947,4.942
4830,28.971,28.801,4.018
4831,28.800,29.138,4.690
4832,28.667,28.856,4.199
4833,28.566,30.128,4.406
4834,29.545,29.784,5.270
4835,29.570,29.363,4.393
4836,30.232,29.991,4.876
4837,28.527,29.510,5.386
4838,27.763,30.552,4.476
4839,27.526,30.599,4.481
4840,26.133,27.762,4.280
4841,27.354,30.339,4.077
4842,26.885,27.688,4.688
4843,27.607,28.620,3.885
4844,26.570,29.691,4.959
4845,27.150,29.802,4.143
4846,26.934,28.409,4.057
4847,26.823,27.486,2.860
4848,29.090,29.443,3.913
4849,28.239,28.320,3.825
4850,28.784,27.837,3.853
4851,27.804,27.404,3.637
4852,27.037,26.639,2.956
4853,29.395,26.463,2.671
4854,29.714,27.498,3.299
4855,28.545,28.203,4.018
4856,29.794,29.009,4.581
4857,28.868,28.330,3.606
4858,28.455,28.190,3.955
4859,28.279,28.756,4.356
4860,29.180,28.625,3.368
4861,29.010,28.320,3.390
4862,29.320,27.521,3.773
4863,30.122,29.718,3.968
4864,28.525,28.837,3.772
4865,28.809,29.748,4.381
4866,28.259,27.934,4.260
4867,28.878,28.442,3.715
4868,29.089,27.347,3.633
4869,28.964,27.883,3.438
4870,29.540,27.689,4.304
4871,28.394,27.820,3.337
4872,28.558,28.117,3.873
4873,28.852,27.143,2.815
4874,29.148,26.668,4.082
4875,26.554,26.040,4.436
4876,26.776,26.555,4.082
4877,27.001,25.529,4.336
4878,26.891,27.677,3.925
4879,27.669,28.909,3.806
4880,27.692,26.296,2.822
4881,28.450,27.831,3.865
4882,27.751,26.733,3.885
4883,27.678,28.414,4.196
4884,27.866,27.610,3.832
4885,29.262,28.255,3.422
4886,28.871,27.944,2.842
4887,28.866,28.270,4.267
4888,28.643,28.637,3.650
4889,28.992,28.272,3.837
4890,28.972,28.592,2.783
4891,29.640,26.355,2.875
4892,29.831,28.475,3.818
4893,30.012,27.944,3.105
4894,27.905,28.674,3.699
4895,28.090,28.077,3.003
4896,28.000,26.908,3.266
4897,29.181,27.991,4.334
4898,28.587,27.811,3.876
4899,30.816,29.343,3.970
4900,30.058,27.329,3.720
4901,29.348,26.914,3.458
4902,30.290,27.582,3.577
4903,29.187,28.617,3.843
4904,30.008,28.208,4.344
4905,28.305,27.264,3.803
4906,27.385,27.736,4.108
4907,27.368,27.805,2.884
4908,27.630,27.956,3.276
4909,27.210,28.106,4.163
4910,26.863,26.387,4.029
4911,27.538,27.662,3.415
4912,28.220,27.424,3.409
4913,27.187,26.879,2.910
4914,27.952,28.499,3.717
4915,26.615,27.394,4.177
4916,26.934,27.996,3.677
4917,26.825,27.955,3.870
4918,28.179,27.084,4.171
4919,27.658,29.112,4.855
4920,29.150,29.879,4.740
4921,27.546,28.668,4.637
4922,28.509,30.576,4.399
4923,29.315,30.278,4.763
4924,28.046,29.958,4.346
4925,28.548,29.741,4.014
4926,29.241,29.254,4.118
4927,28.319,30.711,4.972
4928,28.071,29.905,4.555
4929,27.905,29.038,4.849
4930,28.594,29.836,4.062
4931,28.520,29.356,4.892
4932,28.438,29.508,4.655
4933,26.943,28.848,4.266
4934,28.025,28.601,5.136
4935,27.938,28.788,3.950
4936,29.462,29.346,4.516
4937,28.374,28.968,4.753
4938,27.707,28.513,4.749
4939,28.355,28.977,4.588
4940,27.390,28.176,4.181
4941,28.239,29.164,4.682
4942,28.780,28.402,4.275
4943,28.205,28.263,4.217
4944,27.714,27.277,4.368
4945,28.841,28.975,4.896
4946,29.126,28.558,3.914
4947,28.778,28.635,4.321
4948,29.358,29.590,4.656
4949,28.199,28.364,4.600
4950,28.132,29.082,4.652
4951,27.946,28.054,4.721
4952,28.051,28.503,4.796
4953,28.691,28.722,4.550
4954,27.699,28.045,5.157
4955,27.683,28.777,5.013
4956,28.481,28.919,5.352
4957,27.966,28.659,4.944
4958,27.951,28.619,4.941
4959,28.376,28.376,4.195
4960,29.925,27.936,3.778
4961,28.467,28.958,4.399
4962,29.135,28.930,4.447
4963,28.771,28.488,4.364
4964,29.543,29.145,4.366
4965,28.498,28.428,4.523
4966,28.611,28.248,4.903
4967,28.125,27.019,5.376
4968,28.341,28.799,4.557
4969,28.988,28.060,4.453
4970,29.238,28.531,4.431
4971,29.465,27.672,4.460
4972,27.333,26.340,4.184
4973,27.744,25.724,4.203
4974,27.705,26.486,3.639
4975,30.366,27.301,3.260
4976,27.566,26.743,3.882
4977,29.380,27.702,3.200
4978,28.077,26.835,3.130
4979,28.237,26.605,4.024
4980,28.354,26.665,4.771
4981,27.954,26.164,3.555
4982,27.132,26.810,4.670
4983,27.328,27.911,4.505
4984,27.196,28.162,3.817
4985,27.237,27.786,4.236
4986,28.085,29.178,4.214
4987,27.405,29.047,4.594
4988,26.737,27.432,4.080
4989,27.007,30.259,4.682
4990,27.423,31.034,4.524
4991,28.387,29.868,4.564
4992,28.686,31.138,5.907
4993,28.401,31.230,4.436
4994,27.912,30.407,4.358
4995,29.115,31.516,4.931
4996,28.560,31.016,4.973
4997,26.996,31.160,5.411
4998,27.655,30.722,4.636
4999,27.044,30.445,4.852
5000,27.333,30.381,4.404
5001,27.097,29.822,5.046
5002,27.904,30.799,5.055
5003,28.206,34.155,4.688
5004,28.112,31.919,4.966
5005,27.912,31.565,4.526
5006,28.769,32.008,4.008
5007,27.413,30.260,4.923
5008,28.245,30.897,3.960
5009,27.357,29.200,4.456
5010,27.376,30.259,4.103
5011,28.428,30.618,3.736
5012,27.390,30.257,3.712
5013,28.206,30.789,3.720
5014,26.738,29.137,3.432
5015,25.917,28.851,4.244
5016,27.373,28.989,3.766
5017,26.814,30.304,3.612
5018,27.153,30.637,3.415
5019,27.064,30.634,4.033
5020,26.943,30.949,3.913
5021,26.419,29.596,3.995
5022,26.921,28.826,4.307
5023,26.752,28.781,3.853
5024,27.222,28.503,2.848
5025,26.715,28.697,3.986
5026,28.215,30.424,5.021
5027,28.059,30.346,4.164
5028,28.415,28.711,3.763
5029,28.179,29.089,3.308
5030,26.987,28.762,2.844
5031,28.024,30.485,3.604
5032,28.973,30.269,3.656
5033,28.336,31.788,3.924
5034,28.663,32.726,5.230
5035,28.670,29.838,3.657
5036,27.934,30.347,2.808
5037,27.942,31.530,4.109
5038,28.690,30.883,3.972
5039,27.297,29.914,3.183
5040,28.244,30.213,3.917
5041,28.540,30.392,3.588
5042,29.303,30.563,4.075
5043,27.931,30.808,4.123
5044,28.533,30.375,3.329
5045,28.516,29.575,4.307
5046,26.225,28.824,2.779
5047,27.203,30.037,3.380
5048,28.471,31.742,3.890
5049,28.049,30.713,3.870
5050,26.976,29.921,4.047
5051,28.327,31.416,4.458
5052,28.220,28.834,3.741
5053,27.193,28.347,4.396
5054,28.052,30.957,3.887
5055,27.593,29.736,4.742
5056,27.278,30.686,4.326
5057,28.092,30.072,4.118
5058,27.764,30.809,3.866
5059,27.981,29.925,4.294
5060,27.254,29.730,4.147
5061,28.594,30.313,4.199
5062,26.297,28.642,4.076
5063,27.594,31.027,4.446
5064,27.394,31.875,4.014
5065,27.345,30.857,4.436
5066,28.951,30.709,4.471
5067,30.368,32.092,3.819
5068,29.827,30.697,3.537
5069,30.349,30.544,4.548
5070,27.856,31.374,4.251
5071,27.964,31.162,3.588
5072,28.148,31.847,4.574
5073,27.633,30.804,3.229
5074,26.982,31.115,4.185
5075,29.207,30.258,4.121
5076,28.323,29.482,4.104
5077,27.870,30.367,4.134
5078,27.783,31.525,3.995
5079,28.722,31.642,4.237
5080,27.663,29.133,2.720
5081,27.131,30.246,4.209
5082,28.146,31.049,4.164
5083,28.457,31.002,3.917
5084,28.896,31.015,4.622
5085,27.383,30.026,3.952
5086,28.546,30.630,3.949
5087,28.082,29.226,3.231
5088,27.802,30.646,3.405
5089,28.940,30.609,4.480
5090,29.049,30.661,3.928
5091,28.878,30.488,3.904
5092,29.122,30.458,4.456
5093,28.821,31.301,4.253
5094,28.813,30.705,3.557
5095,28.696,30.685,4.065
5096,30.725,31.656,4.480
5097,29.263,29.679,4.244
5098,30.219,30.063,4.136
5099,29.516,31.185,3.979
5100,29.729,30.563,4.451
5101,29.539,31.148,4.267
5102,28.132,29.565,3.792
5103,28.742,30.691,4.057
5104,30.608,31.266,3.923
5105,29.209,31.059,3.882
5106,29.820,31.656,4.373
5107,29.694,31.823,4.039
5108,29.142,30.421,4.426
5109,29.540,31.801,4.521
5110,30.326,31.480,4.115
5111,29.542,30.966,4.662
5112,30.744,32.582,3.842
5113,29.432,32.133,4.028
5114,29.331,31.302,3.759
5115,28.566,30.823,4.156
5116,29.797,29.864,5.362
5117,29.552,29.452,4.174
5118,28.857,29.050,4.056
5119,29.669,29.207,3.884
5120,28.289,29.152,4.156
5121,29.213,29.978,4.827
5122,29.239,28.325,3.935
5123,29.938,30.529,4.986
5124,29.261,30.033,4.048
5125,29.655,29.218,4.078
5126,30.701,30.494,4.075
5127,28.565,28.757,4.934
5128,28.984,28.300,4.039
5129,28.522,29.197,3.869
5130,29.799,28.466,4.048
5131,29.311,28.662,4.531
5132,29.801,29.952,4.294
5133,28.925,29.281,4.295
5134,29.259,29.030,3.659
5135,29.329,29.184,4.960
5136,28.716,28.373,4.013
5137,29.691,28.186,4.277
5138,29.446,29.615,4.084
5139,28.640,29.932,4.851
5140,29.024,28.639,4.488
5141,28.930,28.185,4.532
5142,28.717,28.889,5.205
5143,27.920,28.479,4.628
5144,28.649,27.865,4.544
5145,29.525,28.483,4.205
5146,28.694,28.738,5.430
5147,28.664,28.337,4.092
5148,28.639,29.112,4.563
5149,28.310,28.018,4.231
5150,28.477,28.163,4.036
5151,28.679,29.407,4.025
5152,28.957,28.527,4.042
5153,28.799,29.594,4.531
5154,28.442,28.725,4.417
5155,27.879,29.845,4.427
5156,28.805,29.450,4.570
5157,29.147,29.823,6.115
5158,29.085,29.167,4.577
5159,28.886,28.975,4.755
5160,28.815,30.007,4.519
5161,28.204,30.660,4.884
5162,28.742,29.672,4.694
5163,29.114,29.510,4.243
5164,28.434,29.307,4.130
5165,28.717,29.774,4.074
5166,28.163,28.976,4.794
5167,28.039,28.065,3.168
5168,29.500,29.154,4.196
5169,28.001,27.936,4.025
5170,28.015,28.228,4.348
5171,28.077,27.388,3.771
5172,29.072,28.590,3.905
5173,27.352,27.821,4.420
5174,27.326,26.611,4.189
5175,27.901,26.748,4.351
5176,27.972,27.667,4.209
5177,27.205,26.134,3.858
5178,27.604,27.780,4.167
5179,26.790,27.850,3.903
5180,26.833,28.008,4.530
5181,27.588,27.652,4.208
5182,27.449,28.038,4.469
5183,27.057,27.578,4.738
5184,26.789,28.141,4.472
5185,27.078,27.837,4.612
5186,27.037,28.280,4.643
5187,27.517,29.718,4.194
5188,27.764,29.723,4.279
5189,26.710,30.872,4.137
5190,27.139,28.895,4.383
5191,26.745,30.325,4.214
5192,27.626,29.741,4.518
5193,27.536,31.201,4.359
5194,28.160,30.764,4.320
5195,27.484,29.974,4.278
5196,27.359,30.597,4.686
5197,27.986,29.841,4.725
5198,26.852,30.155,4.543
5199,27.575,30.212,4.180
5200,27.120,31.491,4.697
5201,27.591,32.726,4.561
5202,27.773,32.056,4.458
5203,26.608,30.138,4.207
5204,27.682,29.287,4.696
5205,27.050,30.935,4.461
5206,27.810,30.284,4.176
5207,27.666,31.151,3.957
5208,26.628,29.053,4.094
5209,26.417,29.670,4.665
5210,27.219,29.066,4.215
5211,26.831,29.104,4.117
5212,27.555,28.247,4.152
5213,27.197,30.285,4.191
5214,26.560,29.418,4.189
5215,27.351,28.320,4.352
5216,27.010,28.519,4.161
5217,27.908,28.324,4.519
5218,27.295,28.243,3.807
5219,27.053,29.055,4.188
5220,27.179,29.862,4.079
5221,27.395,30.666,4.097
5222,27.654,28.929,4.139
5223,27.542,28.845,4.376
5224,26.489,29.480,3.911
5225,27.325,28.876,4.062
5226,28.629,31.440,4.192
5227,27.679,30.513,4.701
5228,27.653,30.016,4.895
5229,26.776,29.670,4.899
5230,27.511,30.255,5.036
5231,28.246,31.656,3.630
5232,26.694,30.028,4.747
5233,27.714,30.988,4.233
5234,26.438,29.335,4.595
5235,26.431,29.785,5.001
5236,27.829,31.874,4.648
5237,27.718,31.495,3.907
5238,27.927,31.697,3.789
5239,27.429,31.161,5.040
5240,26.367,28.967,3.946
5241,27.368,31.372,5.329
5242,27.496,30.630,4.022
5243,27.434,30.266,3.866
5244,28.730,31.135,4.362
5245,29.665,31.296,4.358
5246,27.564,29.472,3.785
5247,29.270,30.447,3.555
5248,27.566,30.714,5.119
5249,27.937,29.958,4.307
5250,30.311,29.592,4.224
5251,29.105,30.663,4.262
5252,30.394,30.262,4.075
5253,29.174,30.410,4.844
5254,28.585,30.254,4.989
5255,27.188,29.471,4.427
5256,27.981,30.921,5.668
5257,27.954,30.518,4.546
5258,28.297,30.918,5.397
5259,27.793,30.217,3.596
5260,28.126,29.861,3.814
5261,27.425,29.019,4.553
5262,28.266,29.674,4.077
5263,26.911,27.854,3.506
5264,27.089,29.137,3.661
5265,27.014,29.105,3.979
5266,27.193,28.846,4.307
5267,27.795,29.083,3.739
5268,27.155,29.579,4.658
5269,27.798,30.092,5.076
5270,27.926,30.570,4.206
5271,27.752,30.298,4.841
5272,28.211,31.465,5.986
5273,27.523,29.741,3.896
5274,28.164,29.895,4.370
5275,27.097,29.764,4.663
5276,27.917,31.945,4.304
5277,26.205,30.472,5.208
5278,26.785,29.904,4.639
5279,26.957,30.157,4.823
5280,26.185,30.156,4.307
5281,27.242,30.584,4.626
5282,26.619,29.655,4.048
5283,27.534,29.935,3.618
5284,27.067,30.233,4.006
5285,28.079,30.523,4.670
5286,26.970,30.639,4.377
5287,27.118,31.346,4.366
5288,27.403,29.877,3.962
5289,28.164,32.733,4.458
5290,28.328,31.540,4.667
5291,27.535,33.098,4.515
5292,27.227,31.226,5.052
5293,27.293,31.872,4.195
5294,27.284,30.596,4.352
5295,28.306,30.904,3.867
5296,27.964,30.533,5.483
5297,27.536,30.727,4.124
5298,27.112,31.885,4.645
5299,28.002,32.067,5.135
5300,26.958,30.320,5.054
5301,26.967,31.866,4.750
5302,26.341,31.101,5.047
5303,27.050,32.014,4.081
5304,26.013,29.373,6.197
5305,26.879,28.335,3.627
5306,26.412,29.573,4.241
5307,26.866,29.728,4.336
5308,26.519,29.755,3.231
5309,28.011,31.779,5.233
5310,26.988,29.363,3.833
5311,28.211,29.342,4.401
5312,27.894,30.842,4.142
5313,26.874,28.217,3.670
5314,26.600,29.892,3.914
5315,26.708,29.582,4.183
5316,26.348,29.635,4.105
5317,26.231,27.944,4.252
5318,26.590,28.872,3.244
5319,26.479,27.731,3.834
5320,26.242,27.744,2.855
5321,26.348,28.726,3.856
5322,27.804,30.153,3.473
5323,26.987,28.631,3.849
5324,26.519,30.759,4.463
5325,26.756,30.104,4.996
5326,27.550,30.076,4.099
5327,26.477,29.222,3.263
5328,28.156,29.641,4.534
5329,27.117,29.843,4.189
5330,26.095,29.070,3.556
5331,25.862,28.642,3.939
5332,27.334,29.923,3.905
5333,26.523,29.996,4.412
5334,27.442,29.785,3.677
5335,26.692,27.857,3.504
5336,26.479,29.448,3.949
5337,27.526,30.263,3.494
5338,26.382,29.666,4.129
5339,27.115,29.355,4.183
5340,26.613,29.091,3.792
5341,28.536,31.169,3.576
5342,26.318,29.277,3.322
5343,26.348,28.694,3.651
5344,27.075,29.255,3.928
5345,27.288,28.875,3.024
5346,28.308,28.678,3.091
5347,26.451,28.241,3.539
5348,26.197,29.062,3.836
5349,26.623,28.837,3.141
5350,27.345,29.433,3.702
5351,26.941,30.595,3.960
5352,26.251,25.985,2.997
5353,26.914,25.965,2.880
5354,27.041,27.499,3.868
5355,25.799,27.045,3.217
5356,27.167,26.910,3.748
5357,26.349,25.965,3.966
5358,25.858,26.592,2.894
5359,26.795,27.438,3.186
5360,26.481,26.796,4.199
5361,26.190,27.152,2.913
5362,25.911,26.385,2.781
5363,25.761,26.891,2.924
5364,26.121,27.517,3.473
5365,27.040,27.956,3.523
5366,25.637,27.185,2.966
5367,25.801,26.101,3.262
5368,24.342,26.676,2.975
5369,26.159,26.936,3.489
5370,26.484,26.543,3.089
5371,27.208,28.642,3.452
5372,26.002,26.920,3.696
5373,26.365,26.825,3.130
5374,25.129,26.584,2.835
5375,26.700,28.039,3.688
5376,25.727,26.117,2.917
5377,26.906,27.606,3.808
5378,25.988,26.342,2.920
5379,25.814,25.621,3.282
5380,25.972,26.016,2.859
5381,26.048,26.132,2.925
5382,25.890,25.836,3.970
5383,26.523,26.374,3.436
5384,26.210,26.781,2.936
5385,26.444,26.720,3.134
5386,26.876,26.733,3.000
5387,25.914,26.210,4.474
5388,27.088,25.994,4.669
5389,26.259,25.249,4.528
5390,26.529,26.002,4.975
5391,29.041,26.511,3.688
5392,27.615,25.962,4.965
5393,26.943,26.366,3.285
5394,26.369,24.025,3.995
5395,25.990,25.703,4.735
5396,27.782,26.010,4.439
5397,27.877,25.795,4.406
5398,27.282,28.472,5.045
5399,27.900,27.919,3.994
5400,27.535,27.778,4.641
5401,25.793,27.949,4.517
5402,27.549,29.404,3.933
5403,27.106,29.892,4.639
5404,27.131,29.035,4.212
5405,27.560,27.520,3.943
5406,28.356,26.685,4.613
5407,26.813,26.552,4.103
5408,28.368,26.324,5.037
5409,27.305,26.578,4.075
5410,27.710,25.477,4.414
5411,26.448,25.623,4.638
5412,26.055,25.515,4.674
5413,27.074,25.032,3.889
5414,26.976,26.460,4.396
5415,27.341,27.499,3.968
5416,27.695,25.327,4.157
5417,26.836,24.864,5.211
5418,26.383,26.290,4.886
5419,28.433,26.700,4.021
5420,27.705,27.305,4.634
5421,28.471,27.751,4.625
5422,29.066,28.657,4.474
5423,27.703,28.368,4.223
5424,26.333,27.990,4.338
5425,26.394,26.979,3.728
5426,26.730,26.411,4.240
5427,26.623,27.607,4.195
5428,26.089,25.306,4.123
5429,26.119,26.096,4.002
5430,26.239,25.832,3.945
5431,25.772,24.405,4.651
5432,24.996,26.106,3.602
5433,26.185,28.616,4.902
5434,25.848,28.650,4.010
5435,26.880,28.904,3.982
5436,24.854,26.962,4.170
5437,26.735,25.851,4.189
5438,26.699,25.115,3.973
5439,26.706,27.442,3.504
5440,26.813,27.715,4.319
5441,26.965,28.221,4.151
5442,27.615,29.602,4.271
5443,26.740,28.516,4.032
5444,26.933,26.538,3.572
5445,25.925,27.286,4.551
5446,27.100,28.721,4.985
5447,27.546,28.379,4.022
5448,26.085,28.357,4.140
5449,24.745,26.796,4.541
5450,25.718,26.994,3.916
5451,26.660,27.578,4.017
5452,25.007,26.014,4.276
5453,26.153,25.889,4.337
5454,26.307,26.069,4.005
5455,26.077,26.412,3.809
5456,25.781,27.083,4.063
5457,26.268,29.594,4.860
5458,27.651,27.144,4.767
5459,26.825,28.073,5.329
5460,25.549,27.015,4.185
5461,26.244,29.232,6.169
5462,27.596,29.405,5.124
5463,26.675,30.111,4.993
5464,26.772,30.178,4.699
5465,26.565,29.790,4.523
5466,26.447,28.495,4.264
5467,25.828,26.976,4.592
5468,25.404,26.348,4.279
5469,25.846,27.248,3.539
5470,25.015,25.960,3.966
5471,25.994,28.006,4.571
5472,25.742,27.332,2.866
5473,26.965,29.467,3.974
5474,26.426,28.154,3.437
5475,26.305,27.989,4.312
5476,25.880,26.724,2.751
5477,25.097,26.354,3.909
5478,25.133,26.358,4.402
5479,26.455,28.689,4.833
5480,24.666,26.471,4.424
5481,25.001,27.523,3.989
5482,24.690,27.311,4.452
5483,26.141,27.472,4.735
5484,25.773,29.143,4.809
5485,24.989,27.188,3.813
5486,25.456,27.778,4.916
5487,25.433,28.108,4.613
5488,26.117,28.176,3.674
5489,27.429,28.731,4.227
5490,26.120,29.031,4.590
5491,24.537,28.260,4.518
5492,24.977,28.740,4.451
5493,26.040,27.791,4.805
5494,25.824,27.570,4.870
5495,26.195,27.797,4.404
5496,26.704,28.240,4.505
5497,28.751,27.667,5.114
5498,28.454,28.157,4.912
5499,28.182,26.964,4.520
5500,27.965,26.704,4.662
5501,27.750,27.353,4.411
5502,27.457,28.054,4.570
5503,26.701,27.450,4.505
5504,27.756,27.178,4.669
5505,28.210,28.631,5.190
5506,28.941,27.343,4.242
5507,28.134,27.477,4.450
5508,26.817,26.792,4.626
5509,28.291,28.617,5.010
5510,26.996,27.634,5.181
5511,25.275,27.393,5.164
5512,27.180,28.638,4.704
5513,25.372,28.695,4.475
5514,26.250,28.948,4.577
5515,27.006,28.923,4.279
5516,25.677,28.126,4.789
5517,25.660,29.641,4.775
5518,25.581,28.212,3.882
5519,26.365,29.110,4.397
5520,25.477,28.528,4.928
5521,24.637,27.568,4.723
5522,25.806,28.466,4.667
5523,25.320,28.527,4.761
5524,26.076,28.200,4.310
5525,26.723,28.894,4.674
5526,26.434,27.818,4.849
5527,27.132,29.082,4.069
5528,25.719,28.815,4.218
5529,25.146,27.286,4.526
5530,26.788,28.074,4.334
5531,25.699,27.462,4.252
5532,26.444,30.204,4.729
5533,26.594,28.264,4.244
5534,26.985,30.153,4.859
5535,26.610,30.254,4.575
5536,26.885,28.859,4.464
5537,27.032,29.077,3.969
5538,26.428,29.129,4.565
5539,27.118,29.015,4.505
5540,26.121,27.690,4.055
5541,25.771,27.898,4.529
5542,25.744,27.653,4.204
5543,25.692,28.744,3.659
5544,25.986,29.538,4.200
5545,26.313,28.709,4.122
5546,27.142,29.918,4.389
5547,25.651,28.869,4.846
5548,25.775,29.834,5.310
5549,26.505,29.479,4.322
5550,26.115,29.370,3.945
5551,26.310,29.577,4.718
5552,25.778,28.427,7.427
5553,26.144,29.387,6.412
5554,26.674,29.055,4.379
5555,26.056,28.749,4.046
5556,26.245,28.927,4.289
5557,24.897,26.878,4.305
5558,25.235,28.658,4.975
5559,24.765,26.989,3.949
5560,25.293,27.320,3.302
5561,24.768,26.740,3.764
5562,25.372,27.222,4.968
5563,25.955,27.199,4.264
5564,25.871,28.624,5.077
5565,25.743,28.453,3.883
5566,25.762,28.383,4.380
5567,27.040,27.976,3.819
5568,27.714,29.072,4.965
5569,25.683,27.232,3.873
5570,26.606,28.105,4.099
5571,25.681,28.583,4.270
5572,26.209,30.086,4.731
5573,27.413,30.541,4.428
5574,25.664,28.805,4.684
5575,26.024,29.647,4.334
5576,26.207,29.193,4.441
5577,26.545,29.054,4.019
5578,26.355,29.038,4.241
5579,26.286,29.418,4.278
5580,26.608,30.710,4.930
5581,26.761,29.567,4.454
5582,26.108,27.708,4.323
5583,27.507,28.820,4.363
5584,26.006,28.580,4.382
5585,26.708,28.744,4.479
5586,25.442,29.128,4.216
5587,25.813,29.055,4.722
5588,26.033,29.067,4.472
5589,26.978,29.759,4.881
5590,25.644,28.840,4.582
5591,25.324,28.441,5.039
5592,25.557,28.880,4.497
5593,26.855,29.153,4.105
5594,26.379,29.181,4.884
5595,26.808,29.103,4.287
5596,26.155,28.751,5.215
5597,26.019,27.720,4.035
5598,26.064,27.896,4.332
5599,26.641,27.818,4.545
5600,26.074,28.376,4.875
5601,26.296,28.040,4.147
5602,25.294,26.889,4.303
5603,25.618,26.430,3.868
5604,25.533,27.896,3.488
5605,25.680,28.238,3.399
5606,25.263,27.918,3.688
5607,25.922,27.855,4.552
5608,24.993,27.020,4.122
5609,26.246,30.304,4.470
5610,26.879,28.197,4.732
5611,26.486,28.056,3.991
5612,26.037,26.965,3.515
5613,25.505,28.250,4.105
5614,25.464,27.929,3.619
5615,25.838,27.313,3.314
5616,26.892,29.881,4.031
5617,27.082,28.891,4.330
5618,25.606,26.540,3.775
5619,26.504,27.027,4.038
5620,28.059,26.975,3.816
5621,27.669,27.065,4.294
5622,28.539,28.344,4.947
5623,27.380,27.758,3.772
5624,27.292,27.205,4.187
5625,27.287,28.492,3.993
5626,26.941,28.709,4.717
5627,28.166,28.099,3.965
5628,26.683,28.624,4.385
5629,26.571,29.120,4.591
5630,26.097,27.601,3.907
5631,26.850,28.816,4.061
5632,26.640,27.394,4.567
5633,26.949,26.492,3.729
5634,26.144,27.990,4.838
5635,26.315,26.871,3.471
5636,25.277,28.836,4.729
5637,26.493,28.936,3.938
5638,25.954,27.160,3.964
5639,25.349,28.225,3.951
5640,24.684,26.698,3.708
5641,27.238,28.557,4.151
5642,26.981,27.526,3.782
5643,27.093,28.008,3.231
5644,28.354,28.634,3.636
5645,26.980,27.483,2.979
5646,27.450,27.622,4.000
5647,26.878,27.366,4.313
5648,27.606,26.599,2.983
5649,27.409,27.140,2.999
5650,27.006,27.304,3.822
5651,26.255,28.032,3.804
5652,26.737,27.242,3.539
5653,25.409,28.711,4.945
5654,27.768,27.062,3.623
5655,26.047,27.209,2.988
5656,26.962,27.901,3.985
5657,27.675,28.976,4.515
5658,26.709,28.223,3.215
5659,27.217,28.986,3.062
5660,26.698,29.393,3.578
5661,26.529,29.351,3.887
5662,27.181,29.809,3.648
5663,26.833,29.624,4.495
5664,27.137,30.159,4.460
5665,27.115,30.735,4.285
5666,26.248,29.270,4.716
5667,27.112,27.788,4.120
5668,27.109,30.650,4.015
5669,27.362,29.118,4.271
5670,27.418,26.635,5.199
5671,26.021,30.492,4.994
5672,27.850,30.314,4.432
5673,26.521,30.103,4.191
5674,27.956,30.501,3.908
5675,28.401,30.243,5.413
5676,26.170,30.248,3.917
5677,27.279,29.542,3.523
5678,26.169,30.671,3.920
5679,25.614,29.044,4.077
5680,26.946,29.937,4.072
5681,25.417,28.856,3.079
5682,25.686,30.325,3.880
5683,25.617,30.116,3.830
5684,27.444,31.146,3.800
5685,27.533,29.477,2.920
5686,27.653,28.439,4.244
5687,28.875,31.169,4.709
5688,27.619,29.211,4.806
5689,27.222,27.745,3.074
5690,27.409,30.215,3.332
5691,27.552,28.482,4.251
5692,27.553,29.754,4.307
5693,28.931,30.634,5.023
5694,25.791,28.997,4.353
5695,26.825,28.757,3.989
5696,26.133,29.987,4.202
5697,25.490,29.557,4.003
5698,25.762,28.764,4.615
5699,25.691,27.517,4.136
5700,25.384,28.646,4.260
5701,25.469,27.323,4.196
5702,26.518,26.963,4.012
5703,25.849,27.159,4.049
5704,26.680,30.210,4.266
5705,26.777,28.921,4.433
5706,25.403,26.888,4.495
5707,24.882,26.466,3.462
5708,25.374,27.676,5.320
5709,25.589,27.012,4.325
5710,24.866,26.809,3.909
5711,25.463,26.185,3.712
5712,26.823,29.169,4.550
5713,26.035,27.374,4.750
5714,28.663,29.397,3.473
5715,27.853,27.083,4.434
5716,27.039,27.475,4.178
5717,28.059,27.823,4.365
5718,28.345,27.041,4.025
5719,27.467,28.381,4.934
5720,28.233,28.991,4.142
5721,28.715,28.148,3.359
5722,28.834,26.883,2.859
5723,27.726,26.619,4.556
5724,27.818,26.590,3.619
5725,28.893,27.133,4.144
5726,28.640,27.676,4.316
5727,29.797,28.230,4.322
5728,27.398,26.926,4.385
5729,28.227,27.064,4.068
5730,27.435,28.417,4.196
5731,26.129,28.437,4.336
5732,27.505,26.334,3.661
5733,28.125,27.410,3.861
5734,28.701,28.335,4.085
5735,27.784,27.106,4.292
5736,27.955,25.460,4.350
5737,28.561,27.375,3.701
5738,27.871,25.749,3.242
5739,27.746,27.152,4.181
5740,28.485,27.233,4.070
5741,28.878,28.651,3.459
5742,28.438,28.103,4.427
5743,27.237,26.697,3.793
5744,27.786,28.456,4.357
5745,27.781,27.807,4.384
5746,28.033,26.908,3.883
5747,28.773,27.112,3.470
5748,28.333,26.511,3.278
5749,28.281,26.552,4.807
5750,28.932,25.776,3.625
5751,27.733,24.709,3.713
5752,27.367,26.030,4.526
5753,26.852,27.882,4.895
5754,28.103,26.628,3.684
5755,26.548,25.827,4.448
5756,25.732,28.635,4.377
5757,26.043,26.393,4.731
5758,27.012,27.989,3.842
5759,26.123,28.305,5.190
5760,25.325,28.211,4.953
5761,24.475,28.282,4.575
5762,25.804,28.775,3.565
5763,25.720,27.572,3.993
5764,25.774,27.927,4.694
5765,25.408,29.218,4.269
5766,25.730,27.735,4.546
5767,25.727,29.310,4.307
5768,26.574,29.840,5.010
5769,25.364,29.071,4.351
5770,24.693,28.898,4.311
5771,25.557,27.020,3.683
5772,25.077,26.662,2.709
5773,26.010,28.562,3.201
5774,25.267,27.460,2.992
5775,25.534,26.458,3.056
5776,25.110,26.870,2.836
5777,25.851,27.803,4.007
5778,25.304,26.916,2.728
5779,25.125,26.434,2.780
5780,25.581,27.466,3.913
5781,25.405,26.698,3.247
5782,25.748,26.581,2.788
5783,26.432,27.261,3.588
5784,25.426,26.611,2.893
5785,25.197,26.430,2.908
5786,25.664,26.874,3.949
5787,26.003,25.910,3.423
5788,25.617,26.987,3.667
5789,25.201,27.811,4.546
5790,25.573,27.541,3.953
5791,25.002,28.298,4.051
5792,25.507,27.263,4.389
5793,25.231,28.004,3.292
5794,25.215,26.869,3.640
5795,24.540,26.904,4.282
5796,24.688,26.877,4.647
5797,26.188,28.115,4.344
5798,25.662,28.234,3.368
5799,25.605,27.184,4.481
5800,24.345,27.879,3.737
5801,26.831,28.825,3.884
5802,26.240,27.841,3.717
5803,25.927,27.530,3.758
5804,25.447,28.627,5.023
5805,26.133,27.206,3.812
5806,26.237,28.467,4.258
5807,24.988,26.540,4.730
5808,24.974,27.565,3.674
5809,25.774,28.346,4.280
5810,24.477,27.489,4.407
5811,26.044,27.997,2.986
5812,25.564,27.279,3.352
5813,26.058,28.090,2.889
5814,24.765,27.719,2.946
5815,24.771,28.337,3.214
5816,24.567,27.924,4.177
5817,25.621,28.456,4.238
5818,25.093,27.084,4.093
5819,25.581,27.768,4.581
5820,26.395,27.967,2.991
5821,26.315,28.700,4.106
5822,25.799,28.308,3.170
5823,26.337,30.563,4.205
5824,25.322,27.791,3.606
5825,26.338,28.175,4.093
5826,26.285,28.811,3.746
5827,25.808,28.368,4.113
5828,26.874,28.510,4.812
5829,26.158,27.609,4.384
5830,26.733,28.090,4.428
5831,27.623,27.771,4.039
5832,26.398,25.830,3.868
5833,26.026,27.301,4.187
5834,26.779,28.393,4.265
5835,26.069,26.946,3.383
5836,25.971,26.753,3.633
5837,26.377,26.601,3.523
5838,26.353,26.999,4.211
5839,26.604,29.375,4.489
5840,27.790,28.760,4.460
5841,26.786,27.523,4.069
5842,27.605,28.294,4.315
5843,28.019,27.917,3.986
5844,27.303,27.671,4.272
5845,27.490,27.156,4.284
5846,26.832,26.410,3.694
5847,27.788,27.415,3.688
5848,27.042,27.927,3.850
5849,27.968,28.594,4.129
5850,27.483,26.258,3.157
5851,27.793,28.736,3.848
5852,28.954,29.234,4.014
5853,27.804,28.807,4.665
5854,28.761,27.658,4.691
5855,25.932,28.580,4.171
5856,28.248,28.229,4.289
5857,28.646,29.187,4.329
5858,29.289,29.991,4.668
5859,26.738,28.721,4.413
5860,26.188,29.054,4.404
5861,27.596,29.353,4.055
5862,25.699,29.275,4.751
5863,27.278,30.447,4.097
5864,26.561,28.911,4.845
5865,26.564,29.397,4.361
5866,27.126,29.195,4.309
5867,26.678,28.344,5.265
5868,26.175,28.483,5.008
5869,28.039,30.182,4.432
5870,27.659,29.621,3.917
5871,28.024,30.096,5.227
5872,27.366,28.511,4.592
5873,26.655,29.527,4.637
5874,27.024,29.704,4.078
5875,27.002,26.594,4.062
5876,26.826,29.414,4.966
5877,25.758,27.519,3.743
5878,25.750,27.556,4.398
5879,26.386,27.701,3.210
5880,25.810,27.373,4.455
5881,25.829,26.989,3.060
5882,26.475,27.217,4.001
5883,25.993,27.339,4.583
5884,26.685,27.438,4.895
5885,25.670,29.019,5.078
5886,26.101,26.087,3.942
5887,26.602,26.435,4.232
5888,26.810,26.506,3.661
5889,25.839,26.537,3.184
5890,25.854,26.308,3.289
5891,27.052,27.185,4.032
5892,26.427,26.411,3.920
5893,26.237,25.827,3.874
5894,26.608,28.247,4.909
5895,27.675,26.821,4.717
5896,26.935,27.899,4.688
5897,27.135,28.612,4.342
5898,26.619,30.183,4.688
5899,26.414,28.009,4.269
5900,26.707,27.514,4.572
5901,27.109,29.000,4.738
5902,26.269,28.714,3.861
5903,27.076,28.632,4.439
5904,27.909,26.810,4.233
5905,28.575,27.736,3.548
5906,26.918,26.424,4.875
5907,27.258,26.102,4.441
5908,28.182,27.644,4.427
5909,27.761,26.884,4.106
5910,28.137,26.848,3.785
5911,26.837,26.235,4.751
5912,27.517,27.000,4.277
5913,28.903,27.687,4.984
5914,26.788,28.131,4.293
5915,26.732,27.690,4.632
5916,26.932,27.700,4.605
5917,26.442,27.260,4.797
5918,25.407,26.951,4.144
5919,26.347,28.053,4.831
5920,26.524,27.840,4.399
5921,26.945,28.421,4.011
5922,26.742,28.740,4.354
5923,26.461,28.288,5.112
5924,26.560,28.273,5.109
5925,27.878,29.018,4.647
5926,27.711,28.304,5.898
5927,26.818,28.237,4.935
5928,26.728,26.392,4.033
5929,27.215,26.261,3.678
5930,26.524,27.463,4.676
5931,26.674,28.408,4.627
5932,26.574,28.268,4.149
5933,26.886,29.256,4.564
5934,26.155,27.019,3.948
5935,25.575,27.101,4.429
5936,26.307,26.974,3.703
5937,26.443,28.896,4.145
5938,26.623,27.860,4.020
5939,26.211,28.068,3.963
5940,25.619,28.737,4.331
5941,26.977,28.288,3.881
5942,27.193,30.456,4.838
5943,26.550,27.652,5.232
5944,26.743,27.476,4.395
5945,27.791,29.101,4.904
5946,28.416,28.233,5.030
5947,26.178,28.367,4.438
5948,26.744,27.782,4.106
5949,27.404,28.495,4.365
5950,27.111,28.641,4.508
5951,25.669,28.487,4.519
5952,27.811,27.479,3.220
5953,26.411,28.058,4.189
5954,27.344,28.559,4.431
5955,28.014,28.581,4.037
5956,27.467,27.757,4.216
5957,27.205,29.191,4.446
5958,27.170,30.674,5.199
5959,25.952,29.150,4.790
5960,26.812,28.615,4.268
5961,27.761,28.622,4.778
5962,27.976,29.219,4.505
5963,28.450,29.719,4.013
5964,29.005,30.973,4.999
5965,28.820,28.573,4.756
5966,28.042,29.864,4.203
5967,27.523,29.881,4.458
5968,26.995,29.029,4.308
5969,28.136,29.493,4.325
5970,27.243,28.709,5.253
5971,26.823,28.942,4.210
5972,26.274,29.553,4.851
5973,25.996,28.856,4.492
5974,24.474,27.631,4.505
5975,24.431,29.394,4.341
5976,25.169,28.474,3.145
5977,23.882,29.397,4.005
5978,26.934,29.619,4.164
5979,25.204,28.347,4.228
5980,26.691,29.804,4.022
5981,26.655,29.317,4.876
5982,26.301,28.869,5.293
5983,26.721,29.378,4.140
5984,27.053,29.988,3.736
5985,27.773,30.621,4.834
5986,26.206,27.947,3.751
5987,27.018,27.748,3.895
5988,25.137,27.414,3.438
5989,25.295,26.851,4.304
5990,25.710,26.893,3.869
5991,26.828,27.507,4.279
5992,26.777,27.179,4.697
5993,26.182,26.897,4.417
5994,27.034,27.172,4.382
5995,27.204,27.152,3.692
5996,26.468,26.583,3.497
5997,26.560,27.004,4.150
5998,28.631,28.188,4.564
5999,26.842,27.473,4.463
6000,27.087,28.160,4.123
6001,27.901,28.945,3.873
6002,27.866,28.779,4.297
6003,27.350,28.167,4.388
6004,26.894,27.907,4.743
6005,27.128,29.129,4.677
6006,26.386,29.782,4.713
6007,26.334,29.900,4.603
6008,25.878,27.225,4.352
6009,26.760,28.437,3.074
6010,27.168,27.786,3.497
6011,27.308,27.728,3.612
6012,27.363,29.881,4.730
6013,28.511,29.114,4.604
6014,28.867,29.514,4.633
6015,28.356,27.827,4.057
6016,28.344,27.948,3.946
6017,27.638,28.565,4.435
6018,26.964,27.545,4.096
6019,27.299,28.423,4.313
6020,26.213,27.444,5.205
6021,26.533,26.774,3.612
6022,26.220,27.597,4.408
6023,25.433,28.002,4.486
6024,27.455,28.660,4.277
6025,28.583,28.471,4.011
6026,28.819,28.367,4.269
6027,29.096,29.517,5.068
6028,27.112,28.222,4.019
6029,28.043,28.691,4.108
6030,28.188,28.446,3.937
6031,28.787,29.466,4.530
6032,27.692,29.349,3.890
6033,28.070,27.835,3.942
6034,28.593,29.184,4.259
6035,29.511,29.756,5.129
6036,28.364,29.520,4.475
6037,27.460,29.374,4.644
6038,26.937,28.325,5.029
6039,28.296,28.702,4.477
6040,28.342,29.534,4.548
6041,27.424,28.704,4.714
6042,27.150,28.871,4.384
6043,26.732,29.169,3.721
6044,26.832,30.547,4.828
6045,27.060,30.397,4.533
6046,26.869,30.271,4.105
6047,27.170,28.992,4.312
6048,26.755,28.348,3.933
6049,27.442,29.430,4.551
6050,26.569,29.328,4.768
6051,25.841,29.089,4.664
6052,26.273,29.089,4.443
6053,25.447,27.427,4.245
6054,25.572,28.153,5.650
6055,25.954,28.005,4.390
6056,26.437,28.823,3.915
6057,25.371,27.169,3.716
6058,25.245,26.700,3.967
6059,25.090,26.848,4.439
6060,25.487,26.758,4.287
6061,25.047,26.235,4.045
6062,24.606,27.728,3.694
6063,24.164,26.985,4.136
6064,24.691,26.721,4.617
6065,24.147,26.146,4.620
6066,25.284,27.789,3.832
6067,24.936,27.420,4.535
6068,24.619,27.887,4.347
6069,25.342,29.045,5.091
6070,25.658,27.464,4.004
6071,25.330,27.310,3.984
6072,24.942,27.552,4.218
6073,26.349,27.282,3.240
6074,26.495,26.980,3.920
6075,25.217,26.546,3.818
6076,25.373,27.061,3.718
6077,25.519,27.280,2.985
6078,25.012,25.642,4.732
6079,26.590,26.141,5.228
6080,28.796,27.969,3.680
6081,27.313,27.117,3.432
6082,24.802,27.724,4.672
6083,26.367,29.337,4.085
6084,25.517,27.989,4.778
6085,25.367,27.482,4.362
6086,25.767,28.081,4.430
6087,25.951,28.844,4.496
6088,25.241,26.172,3.050
6089,25.851,29.192,4.660
6090,25.984,28.412,4.053
6091,25.794,28.160,4.367
6092,26.561,27.417,3.892
6093,25.659,28.115,4.339
6094,24.824,26.430,4.521
6095,26.652,28.045,4.095
6096,26.905,27.114,2.869
6097,26.349,26.876,4.185
6098,26.883,28.182,4.626
6099,27.567,29.977,4.307
6100,26.896,28.978,4.147
6101,25.887,26.520,2.862
6102,26.485,28.395,4.164
6103,25.190,26.952,2.828
6104,25.869,26.721,3.938
6105,25.618,27.940,4.037
6106,25.726,28.099,4.480
6107,25.617,26.487,4.121
6108,26.139,27.748,3.945
6109,24.934,28.206,5.115
6110,25.882,27.498,4.837
6111,26.820,28.652,4.142
6112,27.059,28.964,3.847
6113,26.927,29.693,4.651
6114,25.940,29.212,4.173
6115,25.745,28.687,4.681
6116,26.812,29.095,3.860
6117,25.697,28.730,4.432
6118,26.714,28.798,4.191
6119,26.542,30.073,4.406
6120,26.207,29.168,4.233
6121,26.377,28.879,4.168
6122,25.921,28.120,4.527
6123,24.996,28.174,4.802
6124,25.269,28.066,4.625
6125,26.075,27.596,4.313
6126,25.941,30.261,4.925
6127,26.828,28.722,3.720
6128,25.535,29.721,4.280
6129,24.333,28.102,4.256
6130,26.160,28.355,3.457
6131,25.278,28.154,4.686
6132,26.407,28.672,3.712
6133,25.559,28.520,4.222
6134,25.986,28.358,3.482
6135,25.687,27.556,4.387
6136,27.344,30.113,4.251
6137,26.546,29.810,4.439
6138,25.368,27.598,3.633
6139,25.255,28.574,4.007
6140,25.392,29.793,4.146
6141,25.945,28.016,3.488
6142,25.293,26.306,3.054
6143,23.889,27.156,4.253
6144,24.311,27.751,3.743
6145,26.038,29.120,4.020
6146,25.015,28.557,4.364
6147,25.517,29.630,4.133
6148,25.044,27.608,4.331
6149,25.659,26.596,4.299
6150,25.256,28.118,4.588
6151,25.997,28.276,3.276
6152,25.061,27.485,4.265
6153,25.102,27.303,4.239
6154,26.559,28.640,3.996
6155,26.980,28.641,4.122
6156,27.560,28.924,3.776
6157,25.484,26.949,4.061
6158,26.548,27.933,4.008
6159,25.672,27.397,3.555
6160,26.283,28.483,3.465
6161,24.676,26.824,3.018
6162,25.842,26.931,2.789
6163,25.842,28.118,3.420
6164,25.658,28.128,3.514
6165,25.764,27.540,3.773
6166,24.815,27.682,3.716
6167,25.643,28.000,3.146
6168,23.955,26.627,2.955
6169,25.557,27.164,2.978
6170,24.448,27.053,4.345
6171,24.067,26.679,3.736
6172,24.164,26.480,3.803
6173,24.323,26.719,4.196
6174,24.858,27.101,2.808
6175,25.690,28.312,3.854
6176,25.342,27.447,3.944
6177,25.174,28.397,3.824
6178,25.046,28.422,4.393
6179,24.732,26.931,3.561
6180,25.223,28.691,4.072
6181,25.912,27.992,3.957
6182,24.994,27.801,4.310
6183,26.165,28.027,4.264
6184,26.359,29.017,4.327
6185,25.444,27.481,4.177
6186,25.825,29.628,3.747
6187,24.991,28.928,3.986
6188,25.958,29.239,3.920
6189,25.192,29.473,3.621
6190,25.161,29.219,4.263
6191,24.733,28.958,3.277
6192,26.214,30.098,4.118
6193,24.762,28.319,4.059
6194,25.691,28.971,3.264
6195,25.464,30.107,4.096
6196,25.434,27.856,3.176
6197,25.007,27.781,4.362
6198,23.412,26.759,3.575
6199,24.160,27.553,3.596
6200,23.568,27.603,4.776
6201,23.033,26.349,4.944
6202,24.513,28.321,3.153
6203,24.125,26.938,4.153
6204,23.595,28.030,4.371
6205,26.362,28.349,4.706
6206,25.633,28.152,3.829
6207,24.252,27.626,4.094
6208,24.995,28.595,3.321
6209,24.733,29.500,3.399
6210,24.829,28.954,3.542
6211,23.828,27.637,4.012
6212,23.046,26.910,3.848
6213,23.541,30.093,4.604
6214,21.949,27.802,3.765
6215,24.154,29.628,3.191
6216,23.204,30.793,4.116
6217,23.956,30.344,4.125
6218,22.813,28.058,5.015
6219,23.770,27.929,4.473
6220,25.295,27.227,2.949
6221,24.818,27.129,3.176
6222,24.051,27.335,4.880
6223,24.639,27.292,4.868
6224,22.460,25.248,4.976
6225,23.726,27.650,4.173
6226,24.913,27.145,3.967
6227,23.041,25.714,5.038
6228,23.996,25.863,4.606
6229,24.113,27.970,3.914
6230,23.865,26.183,4.180
6231,24.072,27.344,2.816
6232,22.996,25.587,3.888
6233,23.075,25.299,4.652
6234,24.033,26.796,3.154
6235,22.827,24.267,4.644
6236,23.762,26.212,4.461
6237,23.800,26.118,4.202
6238,24.719,26.893,4.516
6239,24.656,27.613,3.793
6240,25.353,27.760,3.127
6241,25.975,28.190,2.998
6242,23.791,25.871,3.565
6243,24.424,27.187,3.518
6244,24.114,27.414,3.915
6245,23.927,26.010,3.923
6246,23.539,25.752,3.480
6247,22.658,26.175,4.474
6248,23.905,26.178,4.653
6249,25.504,26.859,2.918
6250,22.877,25.441,3.743
6251,23.756,26.746,4.136
6252,22.729,25.716,4.425
6253,23.466,25.748,3.742
6254,24.961,26.496,3.122
6255,23.135,25.803,4.360
6256,23.093,25.244,3.889
6257,23.156,24.599,4.421
6258,24.715,26.226,2.907
6259,23.676,26.431,2.944
6260,23.531,24.639,3.558
6261,23.873,25.392,4.185
6262,23.573,25.067,4.273
6263,24.230,25.942,3.504
6264,23.188,25.005,4.038
6265,24.025,26.711,4.416
6266,23.718,25.304,4.251
6267,23.730,26.257,3.638
6268,23.437,26.636,4.604
6269,24.007,27.108,3.250
6270,24.528,27.286,3.441
6271,24.228,25.827,4.266
6272,23.259,25.593,4.299
6273,22.674,24.964,4.806
6274,24.550,25.945,4.446
6275,25.258,25.953,4.690
6276,23.945,25.546,4.139
6277,25.066,27.361,3.849
6278,24.594,26.521,4.392
6279,23.601,26.611,4.267
6280,23.476,25.573,4.093
6281,24.170,25.564,4.017
6282,24.542,25.960,3.608
6283,24.053,25.475,3.746
6284,24.762,26.443,3.948
6285,23.632,25.593,4.152
6286,23.542,26.732,4.087
6287,25.319,28.821,3.386
6288,25.594,31.196,4.229
6289,23.745,29.011,4.148
6290,24.867,32.115,3.818
6291,24.561,30.737,4.630
6292,24.476,29.209,4.456
6293,23.899,29.363,4.244
6294,24.285,29.897,4.590
6295,23.659,29.158,4.797
6296,23.723,29.120,4.544
6297,24.368,29.246,4.142
6298,23.783,27.489,4.060
6299,23.951,28.720,4.261
6300,24.754,29.008,3.541
6301,24.335,30.210,3.045
6302,24.793,31.882,3.417
6303,24.001,30.837,3.954
6304,24.057,29.329,2.878
6305,24.677,29.386,3.114
6306,24.088,29.037,3.316
6307,24.837,29.310,2.722
6308,25.015,29.376,2.776
6309,25.042,29.810,2.756
6310,24.756,28.201,2.614
6311,24.815,30.309,3.864
6312,25.042,29.424,2.900
6313,24.106,29.408,3.116
6314,24.191,29.284,2.848
6315,24.895,30.128,2.845
6316,24.451,28.650,2.649
6317,25.460,28.483,2.650
6318,25.150,29.074,2.621
6319,25.496,28.004,3.113
6320,24.974,28.620,3.147
6321,24.869,29.056,2.626
6322,26.289,29.021,2.968
6323,24.667,26.708,3.012
6324,25.315,28.277,2.901
6325,24.643,27.608,2.765
6326,25.001,29.509,2.903
6327,24.985,29.627,2.804
6328,25.159,31.475,2.848
6329,25.751,30.214,2.750
6330,25.065,30.965,3.026
6331,25.943,30.249,2.865
6332,25.615,29.632,2.781
6333,25.464,29.664,2.983
6334,25.198,30.313,2.933
6335,25.688,30.675,2.884
6336,26.419,31.585,2.841
6337,25.738,29.096,3.530
6338,24.349,27.791,2.733
6339,25.639,31.174,2.801
6340,25.273,28.588,3.413
6341,26.769,28.740,2.982
6342,27.075,30.758,3.593
6343,25.647,27.461,2.804
6344,25.650,27.498,3.384
6345,26.445,27.164,3.119
6346,25.584,27.135,3.147
6347,25.108,27.235,2.781
6348,25.495,27.359,2.738
6349,25.230,27.640,3.068
6350,25.239,28.544,3.948
6351,26.844,28.068,3.066
6352,26.754,28.099,2.988
6353,25.565,27.765,3.145
6354,26.604,28.478,2.854
6355,25.195,28.387,2.671
6356,24.158,26.711,2.887
6357,25.108,26.961,3.696
6358,25.695,27.447,2.734
6359,25.711,28.015,2.826
6360,25.080,26.845,2.966
6361,25.714,27.981,2.622
6362,26.006,28.293,3.143
6363,26.251,28.711,2.908
6364,26.222,26.381,2.648
6365,25.228,25.819,2.883
6366,25.903,27.204,2.633
6367,26.195,28.506,2.878
6368,26.271,27.163,2.912
6369,26.332,28.763,3.049
6370,26.714,29.008,2.818
6371,26.547,28.681,2.889
6372,27.214,28.790,3.077
6373,25.384,26.694,2.680
6374,26.217,27.088,2.704
6375,25.875,27.806,2.755
6376,25.689,27.432,2.949
6377,26.889,26.547,2.933
6378,25.487,28.141,2.802
6379,26.296,27.664,2.925
6380,25.395,28.542,2.755
6381,25.270,27.681,3.100
6382,25.112,28.174,2.813
6383,25.580,28.232,2.681
6384,24.774,27.381,2.745
6385,25.729,27.690,2.633
6386,25.684,28.054,2.760
6387,25.499,28.155,2.900
6388,25.733,28.699,2.621
6389,25.021,27.831,2.744
6390,24.889,28.573,2.668
6391,25.037,28.755,2.814
6392,25.492,28.955,2.842
6393,25.537,28.884,2.898
6394,26.129,29.292,3.031
6395,24.680,28.885,2.762
6396,24.847,28.247,2.882
6397,25.383,28.669,2.852
6398,25.130,28.768,3.230
6399,24.414,28.260,2.856
6400,25.588,28.534,2.846
6401,25.717,28.989,2.854
6402,25.243,28.756,2.946
6403,24.338,28.478,3.907
6404,25.081,29.210,3.627
6405,24.841,27.149,3.948
6406,25.636,29.703,3.645
6407,25.434,27.739,4.206
6408,27.955,30.937,3.930
6409,26.094,29.621,4.396
6410,24.893,27.961,4.447
6411,23.947,27.355,4.590
6412,25.210,29.140,2.731
6413,25.997,28.299,2.800
6414,25.120,27.763,3.133
6415,24.623,27.910,3.006
6416,25.911,28.900,2.801
6417,24.098,28.057,3.245
6418,24.461,28.527,2.841
6419,25.385,28.680,2.691
6420,25.312,28.640,2.911
6421,25.845,29.763,2.832
6422,24.495,28.660,2.655
6423,26.087,30.614,2.597
6424,24.933,27.934,2.977
6425,25.391,29.118,2.882
6426,25.260,27.338,2.985
6427,25.667,27.647,2.852
6428,25.915,27.797,2.833
6429,25.236,28.605,3.214
6430,25.388,27.676,2.716
6431,25.148,28.799,2.794
6432,25.832,27.936,2.639
6433,24.304,28.941,2.898
6434,25.202,28.771,2.751
6435,25.963,28.046,2.856
6436,24.100,27.970,2.862
6437,25.778,27.634,2.673
6438,25.319,28.529,2.746
6439,25.821,27.209,2.833
6440,25.101,28.180,2.738
6441,26.296,28.618,2.760
6442,26.977,29.421,2.720
6443,25.396,28.511,2.707
6444,25.654,29.299,2.678
6445,25.012,29.673,2.890
6446,26.532,27.707,2.749
6447,25.500,27.667,2.729
6448,26.947,26.905,2.800
6449,25.777,27.609,3.229
6450,25.536,27.238,2.710
6451,24.811,26.551,2.897
6452,24.885,27.657,2.696
6453,25.864,28.176,2.839
6454,25.557,28.000,3.035
6455,25.516,27.744,2.848
6456,26.242,28.258,2.890
6457,26.588,27.384,2.814
6458,26.708,28.493,3.129
6459,26.766,28.725,3.143
6460,26.273,28.613,2.722
6461,26.220,27.992,2.813
6462,26.804,28.221,2.784
6463,26.658,29.310,3.078
6464,26.311,28.039,2.664
6465,26.876,28.040,2.852
6466,26.787,27.544,2.700
6467,27.264,28.291,3.090
6468,28.095,27.275,2.776
6469,28.246,27.582,2.666
6470,28.219,27.454,2.909
6471,27.194,28.137,2.887
6472,27.281,30.638,2.798
6473,26.797,30.723,2.803
6474,28.282,29.980,2.682
6475,27.263,30.209,3.026
6476,28.820,28.922,2.758
6477,28.050,30.842,2.711
6478,26.126,28.787,2.706
6479,27.817,29.315,2.653
6480,26.119,28.724,2.666
6481,27.652,28.384,2.800
6482,27.872,29.966,2.842
6483,28.521,29.840,2.628
6484,27.575,29.543,2.882
6485,26.504,27.908,2.736
6486,26.396,28.274,2.960
6487,26.724,28.986,2.916
6488,26.648,28.246,2.768
6489,26.576,28.987,2.583
6490,26.953,28.218,2.657
6491,27.088,29.240,2.971
6492,26.333,28.853,2.768
6493,27.626,29.517,4.026
6494,27.864,29.304,2.711
6495,27.843,30.587,4.732
6496,28.096,30.377,4.911
6497,27.253,29.489,4.229
6498,27.026,29.500,3.672
6499,27.441,29.020,2.629
6500,27.394,28.278,3.519
6501,27.974,28.529,2.806
6502,27.348,28.367,2.905
6503,27.589,29.191,2.771
6504,27.581,27.938,2.839
6505,27.000,27.750,2.857
6506,27.876,28.158,3.380
6507,28.319,28.109,2.956
6508,27.956,29.202,2.706
6509,27.862,29.112,3.969
6510,28.108,28.653,4.507
6511,28.147,28.737,3.763
6512,28.738,30.125,3.181
6513,27.958,28.593,3.743
6514,28.196,31.296,4.068
6515,29.012,29.223,2.702
6516,29.067,29.198,4.219
6517,29.497,29.943,4.298
6518,29.324,30.770,4.169
6519,29.660,29.420,4.373
6520,30.076,28.980,3.609
6521,30.394,29.344,3.096
6522,28.973,28.518,2.904
6523,29.028,29.555,4.212
6524,29.398,29.367,4.523
6525,29.347,29.121,4.168
6526,29.155,28.259,3.740
6527,28.571,28.962,3.384
6528,29.203,28.178,3.061
6529,29.369,28.956,3.922
6530,28.207,27.799,3.057
6531,28.317,29.804,2.651
6532,29.262,27.791,2.733
6533,28.896,28.300,3.244
6534,28.626,29.180,3.696
6535,27.487,28.834,3.804
6536,28.016,28.921,3.379
6537,27.496,28.084,2.867
6538,28.156,28.565,4.010
6539,26.526,27.911,2.868
6540,25.850,28.778,2.954
6541,26.137,28.903,4.009
6542,26.660,27.973,3.313
6543,25.200,29.434,3.206
6544,26.183,29.062,2.889
6545,26.307,28.340,3.019
6546,27.045,28.780,3.851
6547,26.210,27.834,2.681
6548,26.843,28.544,2.949
6549,27.298,29.305,3.079
6550,27.972,29.064,3.097
6551,27.375,30.671,3.591
6552,27.953,30.672,3.807
6553,26.956,29.422,3.009
6554,27.519,30.320,4.038
6555,26.270,29.133,3.686
6556,26.847,29.675,4.394
6557,26.705,29.491,4.045
6558,26.298,28.113,3.843
6559,27.105,30.315,4.104
6560,25.794,29.486,4.202
6561,26.482,28.442,3.121
6562,25.483,28.751,3.112
6563,26.315,29.681,3.973
6564,25.675,29.682,4.037
6565,25.736,29.939,3.578
6566,25.878,29.190,3.788
6567,26.400,30.314,3.324
6568,25.106,30.334,3.944
6569,24.477,29.551,3.700
6570,26.117,30.618,4.671
6571,25.721,29.190,4.704
6572,26.290,30.447,4.794
6573,26.661,29.748,4.049
6574,26.170,29.774,4.685
6575,27.079,33.297,4.261
6576,26.412,29.848,3.850
6577,27.886,28.996,3.751
6578,26.117,28.146,3.006
6579,27.868,30.139,4.152
6580,27.298,29.900,4.173
6581,28.076,28.810,3.688
6582,25.351,27.643,3.754
6583,26.630,29.072,2.902
6584,27.377,30.480,4.783
6585,27.519,31.863,4.813
6586,27.672,30.540,4.489
6587,28.551,31.171,5.025
6588,27.708,29.051,4.299
6589,28.153,30.790,3.541
6590,28.092,30.468,3.659
6591,27.558,28.479,4.056
6592,27.759,29.116,4.624
6593,27.038,28.922,4.527
6594,26.771,29.054,3.324
6595,27.017,28.906,4.306
6596,27.305,27.918,3.266
6597,26.835,28.014,3.096
6598,28.064,29.761,2.681
6599,27.238,28.897,2.915
6600,26.484,28.414,2.732
6601,28.641,30.037,3.620
6602,27.767,29.761,2.853
6603,26.372,26.899,4.970
6604,28.389,29.180,3.171
6605,27.717,29.880,3.569
6606,27.335,29.548,2.986
6607,25.496,27.820,4.466
6608,26.831,28.522,3.474
6609,26.238,29.526,3.880
6610,26.967,27.594,4.294
6611,26.229,29.299,3.851
6612,28.980,30.768,3.264
6613,27.220,28.520,4.448
6614,26.212,28.619,3.810
6615,27.844,29.550,3.309
6616,27.965,29.678,4.165
6617,25.877,28.569,5.497
6618,26.796,29.744,3.852
6619,26.597,30.252,3.067
6620,28.370,30.258,3.906
6621,26.578,28.506,4.052
6622,28.054,29.741,3.326
6623,26.635,29.234,4.153
6624,26.344,28.463,4.502
6625,26.780,27.569,3.840
6626,26.309,28.364,4.100
6627,28.370,27.974,3.891
6628,27.320,28.565,3.764
6629,28.073,28.797,3.411
6630,27.641,27.047,4.864
6631,26.334,27.619,4.534
6632,26.172,28.044,3.919
6633,26.849,27.382,5.134
6634,25.930,27.012,4.660
6635,26.817,27.442,4.373
6636,28.235,29.233,3.456
6637,28.349,28.839,4.322
6638,28.372,27.954,4.140
6639,27.634,28.802,4.355
6640,27.569,27.616,4.613
6641,27.684,29.308,4.060
6642,28.848,28.809,3.750
6643,27.866,27.765,3.219
6644,29.459,28.489,3.782
6645,28.073,27.684,3.205
6646,28.261,28.117,4.088
6647,27.192,28.531,3.897
6648,27.791,28.073,4.247
6649,26.386,28.623,4.784
6650,26.923,28.344,4.299
6651,27.999,28.675,4.221
6652,27.265,29.569,4.318
6653,26.284,28.814,3.109
6654,27.635,27.833,4.912
6655,28.311,28.822,5.011
6656,28.272,27.524,5.561
6657,27.608,28.257,4.298
6658,27.290,28.505,4.474
6659,28.129,28.289,4.704
6660,28.768,29.485,3.810
6661,29.125,29.585,4.234
6662,27.441,29.414,4.953
6663,26.887,29.644,4.632
6664,28.506,31.720,3.949
6665,27.045,29.781,4.607
6666,27.796,30.255,4.465
6667,27.438,30.726,2.554
6668,28.046,30.272,3.121
6669,28.310,30.761,2.846
6670,28.393,30.181,2.824
6671,28.543,30.427,3.081
6672,26.921,31.457,2.998
6673,28.209,31.734,3.118
6674,26.830,29.253,3.063
6675,28.203,29.882,2.964
6676,27.483,29.953,3.727
6677,27.810,27.249,3.405
6678,27.200,27.392,2.766
6679,28.100,27.597,2.803
6680,28.742,27.953,4.039
6681,27.723,28.008,2.969
6682,28.030,28.210,3.130
6683,26.570,27.419,2.903
6684,28.126,27.821,2.952
6685,28.537,27.443,4.181
6686,27.489,27.521,2.700
6687,27.051,26.509,4.599
6688,27.037,27.537,2.889
6689,27.185,26.941,3.473
6690,28.674,27.590,3.028
6691,29.523,27.854,2.802
6692,28.453,29.124,3.262
6693,27.846,27.839,2.833
6694,26.765,27.284,2.787
6695,26.878,28.869,3.419
6696,26.556,28.281,2.745
6697,26.039,27.258,2.974
6698,27.458,27.682,2.716
6699,26.460,28.652,2.880
6700,26.080,26.702,2.802
6701,26.207,27.515,2.696
6702,26.541,27.034,2.922
6703,27.597,27.171,2.894
6704,27.580,28.515,2.802
6705,27.320,28.331,3.042
6706,26.958,27.481,3.418
6707,25.940,26.941,4.201
6708,27.133,29.016,2.984
6709,26.979,28.361,2.833
6710,26.826,29.194,2.788
6711,26.992,28.643,2.945
6712,26.456,27.662,2.879
6713,26.527,27.768,3.062
6714,26.004,28.202,2.651
6715,25.812,27.413,2.948
6716,26.423,28.370,2.819
6717,25.619,27.570,5.069
6718,25.689,27.194,4.734
6719,26.997,27.780,4.703
6720,25.166,27.455,4.791
6721,26.355,27.654,3.834
6722,26.389,26.948,4.479
6723,26.572,26.673,3.928
6724,27.084,27.416,4.285
6725,26.768,27.723,2.975
6726,26.478,27.413,2.963
6727,28.013,27.813,2.920
6728,26.550,28.148,2.746
6729,27.218,27.962,3.831
6730,27.207,27.657,3.089
6731,26.850,27.793,3.724
6732,27.298,27.387,2.918
6733,25.627,27.785,3.503
6734,27.046,29.150,3.129
6735,27.295,26.945,3.137
6736,26.736,27.230,2.864
6737,27.945,26.908,2.807
6738,28.411,29.109,2.858
6739,25.851,29.004,3.289
6740,27.036,26.846,3.030
6741,27.238,27.557,3.066
6742,26.710,28.565,3.811
6743,26.587,26.676,2.906
6744,26.814,26.726,3.034
6745,25.637,27.441,2.776
6746,25.790,28.248,2.660
6747,26.183,27.397,2.823
6748,26.715,28.317,2.916
6749,26.398,28.835,2.982
6750,26.544,28.188,2.933
6751,26.841,28.079,2.977
6752,26.752,27.063,3.207
6753,26.427,27.859,2.791
6754,27.392,29.370,2.725
6755,26.488,29.505,3.250
6756,26.612,29.060,2.736
6757,26.576,28.312,2.833
6758,26.977,28.241,3.033
6759,26.496,30.098,3.027
6760,26.706,30.328,2.759
6761,27.347,29.040,2.784
6762,27.276,29.941,2.929
6763,26.801,29.770,2.795
6764,27.525,29.563,2.782
6765,26.874,30.130,2.768
6766,27.597,28.290,2.893
6767,28.049,27.809,3.293
6768,27.900,28.274,2.860
6769,26.712,27.062,2.861
6770,27.134,28.721,3.226
6771,27.122,28.909,3.602
6772,26.863,28.641,2.794
6773,26.900,30.338,2.879
6774,25.349,30.216,2.930
6775,27.123,30.245,2.935
6776,27.039,29.800,2.841
6777,26.166,30.098,2.965
6778,26.274,30.130,2.956
6779,26.847,30.206,3.105
6780,25.687,30.319,2.666
6781,26.729,31.216,2.811
6782,26.774,28.765,3.793
6783,26.585,28.687,3.019
6784,26.602,29.341,3.562
6785,26.660,28.095,2.777
6786,26.915,29.049,2.960
6787,26.411,30.053,2.770
6788,27.054,29.104,3.427
6789,26.169,27.683,3.196
6790,27.260,30.154,3.133
6791,26.762,29.331,2.920
6792,26.453,30.333,3.385
6793,25.682,30.916,2.840
6794,25.838,32.359,3.492
6795,27.085,31.978,2.881
6796,25.096,31.622,3.222
6797,26.045,30.558,2.934
6798,25.447,31.557,2.678
6799,24.866,30.997,3.335
6800,25.133,31.068,3.018
6801,25.527,29.658,2.848
6802,25.615,28.640,2.792
6803,26.088,29.561,2.908
6804,24.730,29.232,2.668
6805,25.447,30.185,2.925
6806,24.817,29.028,3.157
6807,24.981,27.764,2.770
6808,24.966,28.990,3.503
6809,24.915,29.066,2.945
6810,25.269,29.134,4.661
6811,25.976,28.913,2.991
6812,25.541,28.215,2.950
6813,26.120,28.022,2.830
6814,25.887,27.704,3.236
6815,26.331,27.845,3.051
6816,27.268,28.100,3.014
6817,25.928,28.010,2.825
6818,26.580,29.104,2.847
6819,25.212,27.947,2.830
6820,25.178,27.784,2.782
6821,25.323,27.895,2.847
6822,25.439,26.582,2.990
6823,26.627,28.698,2.879
6824,25.324,28.245,2.890
6825,24.658,28.145,2.760
6826,25.055,26.938,2.833
6827,25.522,29.151,2.682
6828,25.738,29.503,3.110
6829,25.287,27.922,3.768
6830,25.933,28.415,2.834
6831,26.708,28.946,2.854
6832,26.764,28.522,3.217
6833,26.719,27.177,3.043
6834,26.088,27.875,2.880
6835,25.693,28.128,2.942
6836,26.081,28.997,3.039
6837,26.006,28.050,2.728
6838,28.443,28.939,2.920
6839,25.862,27.365,3.594
6840,25.210,27.762,3.637
6841,25.557,28.750,2.851
6842,25.640,28.780,2.886
6843,25.203,27.289,3.209
6844,25.851,27.638,2.876
6845,25.710,28.432,2.701
6846,26.299,28.425,3.138
6847,26.332,28.583,3.218
6848,26.237,28.360,2.921
6849,24.457,26.672,2.978
6850,25.070,26.198,3.014
6851,25.913,28.333,3.593
6852,26.491,28.014,2.920
6853,25.653,27.162,3.505
6854,26.952,29.617,2.808
6855,26.244,28.057,2.836
6856,26.568,28.966,2.998
6857,26.451,27.036,2.780
6858,26.488,28.252,2.996
6859,27.076,29.644,2.984
6860,27.102,28.770,2.881
6861,26.389,28.465,2.793
6862,26.734,28.766,3.144
6863,26.476,28.461,2.806
6864,26.820,29.808,2.757
6865,26.898,28.650,3.625
6866,26.671,27.508,2.631
6867,26.657,28.967,2.914
6868,27.286,28.214,2.991
6869,26.728,28.559,2.826
6870,27.083,28.335,2.790
6871,26.837,28.665,2.780
6872,26.434,27.931,2.945
6873,26.136,28.866,3.250
6874,25.609,27.456,2.887
6875,26.403,28.950,3.721
6876,25.449,27.636,3.485
6877,24.332,27.079,4.784
6878,25.439,29.072,2.704
6879,25.760,28.133,2.768
6880,25.648,28.883,2.819
6881,25.447,28.374,2.756
6882,25.841,27.829,2.624
6883,26.190,28.258,2.927
6884,25.274,28.600,3.259
6885,25.541,27.403,2.919
6886,25.175,28.425,3.290
6887,24.893,28.237,3.346
6888,26.337,28.607,2.871
6889,25.588,27.973,2.915
6890,25.972,28.970,2.926
6891,25.602,28.142,2.957
6892,25.135,29.739,2.900
6893,26.122,29.088,3.014
6894,25.877,28.761,3.062
6895,25.011,29.322,2.942
6896,24.810,29.234,3.147
6897,25.928,29.471,2.897
6898,25.473,28.254,2.859
6899,25.991,29.106,2.803
6900,25.201,28.341,3.588
6901,25.338,29.571,4.250
6902,25.054,28.733,2.927
6903,25.294,28.089,2.971
6904,24.550,28.274,2.831
6905,24.489,28.160,2.785
6906,25.897,29.214,3.428
6907,25.496,29.335,2.727
6908,25.744,28.497,2.870
6909,25.176,29.124,2.679
6910,24.547,28.853,2.823
6911,25.128,28.231,2.726
6912,26.280,28.335,2.823
6913,27.055,27.917,2.888
6914,26.457,29.023,2.866
6915,27.700,29.443,2.879
6916,26.357,28.906,2.696
6917,27.773,28.895,2.865
6918,28.474,30.327,2.887
6919,27.356,29.677,2.838
6920,25.998,28.088,2.860
6921,28.131,29.156,3.032
6922,26.647,28.015,3.064
6923,28.531,29.698,2.883
6924,28.249,29.790,2.892
6925,27.136,29.703,2.956
6926,26.900,29.117,2.883
6927,27.834,27.618,2.849
6928,28.322,29.755,2.830
6929,26.625,29.118,2.761
6930,27.304,29.233,2.802
6931,27.375,29.490,2.835
6932,27.155,29.084,2.922
6933,26.799,28.656,3.022
6934,27.621,28.779,2.881
6935,26.684,27.986,3.145
6936,28.079,28.693,3.018
6937,27.362,28.578,2.768
6938,27.059,29.612,2.962
6939,27.082,28.620,2.890
6940,26.951,28.597,2.788
6941,27.387,28.912,3.283
6942,27.097,29.423,2.799
6943,27.625,28.816,2.655
6944,26.863,29.509,2.992
6945,27.245,29.360,2.921
6946,25.880,28.462,2.921
6947,26.592,30.025,2.904
6948,27.401,28.305,3.189
6949,26.182,29.324,2.958
6950,26.131,29.660,2.908
6951,27.563,29.294,2.922
6952,27.148,29.054,2.875
6953,27.461,30.119,2.840
6954,27.007,29.451,3.094
6955,26.762,29.954,2.751
6956,26.394,27.737,2.968
6957,26.832,30.454,2.845
6958,26.803,30.853,3.155
6959,26.927,29.521,2.645
6960,27.034,29.912,2.810
6961,26.219,30.123,2.769
6962,26.227,30.549,3.528
6963,27.443,30.829,3.018
6964,27.265,29.152,2.757
6965,26.480,29.107,3.106
6966,27.266,29.571,2.743
6967,27.338,31.504,3.020
6968,27.816,30.729,2.911
6969,24.962,31.205,2.578
6970,26.053,29.539,3.005
6971,25.783,30.688,2.767
6972,25.593,29.874,2.685
6973,24.828,29.527,2.767
6974,25.076,29.915,2.902
6975,24.770,30.127,2.873
6976,25.246,29.343,3.067
6977,26.532,30.268,2.656
6978,25.100,29.309,4.030
6979,24.775,28.591,2.682
6980,25.143,29.677,2.869
6981,25.276,29.826,2.855
6982,25.810,29.951,2.962
6983,24.341,29.166,2.963
6984,24.817,29.739,2.744
6985,24.991,30.299,2.887
6986,26.005,28.962,2.666
6987,26.255,29.578,2.976
6988,25.018,29.632,2.801
6989,26.399,29.679,2.974
6990,25.319,29.493,3.526
6991,25.647,29.906,3.001
6992,25.516,29.895,2.827
6993,25.138,29.846,2.918
6994,25.440,29.870,2.928
6995,25.564,30.245,2.700
6996,26.228,32.840,2.936
6997,25.927,32.910,2.598
6998,24.672,29.484,2.663
6999,24.774,28.450,3.120
7000,25.224,29.389,2.689
7001,26.114,31.301,2.820
7002,25.346,29.891,2.753
7003,25.660,29.039,2.690
7004,25.400,28.944,3.028
7005,25.534,30.203,2.741
7006,25.881,31.061,2.980
7007,25.265,29.373,2.790
7008,25.712,31.163,2.988
7009,25.203,29.171,2.723
7010,26.239,30.121,2.782
7011,25.768,30.120,2.853
7012,26.492,31.103,2.908
7013,26.199,30.315,3.083
7014,26.093,29.182,2.779
7015,26.272,28.459,2.770
7016,25.666,28.528,2.986
7017,26.362,29.196,2.716
7018,26.664,29.727,2.717
7019,27.444,31.521,4.009
7020,27.662,29.831,2.828
7021,27.465,29.771,2.862
7022,26.701,29.322,3.251
7023,27.018,30.241,2.826
7024,26.777,29.661,2.672
7025,26.814,28.977,2.838
7026,26.731,28.805,2.930
7027,27.703,28.506,3.013
7028,25.373,28.409,2.914
7029,24.912,29.384,3.105
7030,26.406,30.688,3.346
7031,25.564,28.567,2.777
7032,26.209,28.708,2.841
7033,26.323,29.322,2.832
7034,26.242,29.758,2.895
7035,26.126,29.396,2.594
7036,25.054,30.626,2.998
7037,25.581,28.964,2.880
7038,25.308,29.347,2.941
7039,25.407,29.832,2.942
7040,25.625,30.576,2.811
7041,25.355,27.916,3.061
7042,26.203,29.844,2.890
7043,26.484,30.899,2.730
7044,27.045,29.538,3.128
7045,26.395,28.825,2.742
7046,26.593,29.433,2.847
7047,25.529,29.552,2.791
7048,26.385,28.954,2.759
7049,26.405,29.980,3.030
7050,26.944,30.776,2.898
7051,26.554,29.758,2.711
7052,25.697,29.233,2.690
7053,26.148,29.974,3.001
7054,25.833,30.230,2.896
7055,25.461,29.519,3.026
7056,26.803,30.061,3.246
7057,26.637,30.372,2.810
7058,26.469,30.903,3.733
7059,27.578,31.252,2.707
7060,27.938,30.085,2.859
7061,29.355,30.993,3.005
7062,28.258,28.783,2.769
7063,26.790,29.439,2.915
7064,27.464,30.072,2.993
7065,28.806,29.284,2.613
7066,27.698,29.503,3.338
7067,27.671,28.522,2.791
7068,28.319,29.871,2.723
7069,27.576,28.389,2.927
7070,26.772,28.873,2.893
7071,26.950,29.080,3.141
7072,27.561,29.440,2.834
7073,27.937,29.047,2.651
7074,28.216,27.761,3.213
7075,26.722,28.586,2.795
7076,27.681,30.263,2.805
7077,26.326,30.005,2.648
7078,26.528,29.262,3.885
7079,27.158,29.939,2.742
7080,25.934,29.812,2.658
7081,25.539,28.359,2.929
7082,27.149,29.520,3.044
7083,26.383,29.353,2.670
7084,26.528,29.555,2.873
7085,26.695,29.891,2.940
7086,26.598,29.113,3.027
7087,25.928,29.243,2.718
7088,26.342,29.240,3.175
7089,25.971,29.777,3.208
7090,26.010,29.902,2.968
7091,26.465,29.728,2.777
7092,25.989,29.407,2.953
7093,26.198,29.342,2.954
7094,25.580,30.487,3.022
7095,24.682,29.493,4.220
7096,26.562,30.232,3.228
7097,26.375,30.635,2.646
7098,25.709,30.220,2.765
7099,27.085,29.698,2.844
7100,25.638,28.964,2.883
7101,25.127,29.535,2.960
7102,26.633,30.172,2.813
7103,24.604,28.706,2.821
7104,25.716,29.457,3.009
7105,25.522,30.328,2.898
7106,25.577,28.823,2.823
7107,26.373,29.186,2.646
7108,26.326,28.704,2.774
7109,27.338,29.491,3.216
7110,25.927,30.027,2.689
7111,26.087,28.980,3.209
7112,26.520,28.487,2.738
7113,25.363,28.901,3.016
7114,26.738,28.636,2.918
7115,27.292,29.542,2.752
7116,26.772,30.027,2.750
7117,25.782,28.059,2.829
7118,26.104,28.889,2.733
7119,26.876,29.960,2.775
7120,24.870,29.620,2.688
7121,25.041,29.359,3.029
7122,25.929,29.261,4.338
7123,25.563,28.795,2.787
7124,24.224,28.532,2.974
7125,24.362,28.199,2.838
7126,25.498,30.727,3.267
7127,25.045,30.133,2.878
7128,24.477,29.760,3.122
7129,25.267,28.662,2.817
7130,24.337,29.725,2.967
7131,25.445,29.516,2.765
7132,24.830,28.266,2.758
7133,24.471,28.819,3.249
7134,25.411,28.424,2.678
7135,25.719,29.737,3.552
7136,26.022,28.030,3.230
7137,25.776,27.757,3.388
7138,25.188,27.533,3.748
7139,25.982,28.423,3.081
7140,26.379,30.967,2.731
7141,25.538,32.132,3.828
7142,25.725,29.798,3.585
7143,25.242,28.534,2.976
7144,25.544,29.202,3.978
7145,27.179,28.965,2.779
7146,27.855,29.608,2.732
7147,28.645,28.720,2.901
7148,27.176,27.918,2.852
7149,27.933,28.562,3.242
7150,28.827,28.672,3.433
7151,28.745,29.931,2.976
7152,28.410,29.245,2.780
7153,28.116,28.897,2.825
7154,27.839,29.462,2.933
7155,27.758,27.637,2.837
7156,28.334,28.495,2.830
7157,27.748,27.971,2.671
7158,28.994,27.066,3.213
7159,27.541,29.605,3.998
7160,27.822,28.731,2.862
7161,27.398,29.265,3.128
7162,26.214,28.376,3.310
7163,26.169,28.532,2.880
7164,26.308,28.708,3.013
7165,25.730,28.780,3.161
7166,26.566,29.428,3.628
7167,26.458,28.277,3.252
7168,26.887,29.756,3.902
7169,26.337,29.142,3.183
7170,26.782,27.349,3.438
7171,27.463,27.979,3.184
7172,27.691,29.016,2.729
7173,26.363,29.658,3.458
7174,25.639,29.043,2.762
7175,25.351,29.217,2.684
7176,25.740,29.163,3.187
7177,26.075,29.537,2.810
7178,25.732,29.365,3.014
7179,25.399,28.704,2.938
7180,27.111,28.576,2.689
7181,26.131,28.014,3.077
7182,25.870,29.957,3.553
7183,27.109,29.257,2.981
7184,28.688,29.797,2.692
7185,27.261,29.889,2.766
7186,27.806,29.641,2.837
7187,27.991,29.650,2.896
7188,26.261,28.854,2.746
7189,25.441,28.218,3.233
7190,25.755,29.229,3.171
7191,25.573,29.943,3.042
7192,25.445,29.722,2.977
7193,25.291,30.172,3.307
7194,25.794,29.113,2.865
7195,25.943,28.706,2.970
7196,25.644,28.429,2.806
7197,26.850,28.705,2.905
7198,26.530,28.519,2.877
7199,26.002,28.378,2.849
7200,27.216,29.734,3.006
7201,27.054,31.007,2.747
7202,26.738,30.043,2.722
7203,27.274,31.162,2.679
7204,25.634,29.144,2.782
7205,25.332,28.191,2.936
7206,26.183,29.558,3.072
7207,26.866,28.193,2.991
7208,24.928,26.787,2.721
7209,25.217,27.554,2.760
7210,26.243,29.267,3.007
7211,25.537,28.622,2.732
7212,24.793,29.145,3.297
7213,24.305,27.715,3.154
7214,25.672,28.411,2.731
7215,24.922,28.458,2.952
7216,25.101,29.268,2.838
7217,24.931,28.411,2.781
7218,24.735,28.595,3.578
7219,26.463,29.047,2.819
7220,26.161,29.240,3.369
7221,26.562,29.128,2.782
7222,26.020,29.085,3.392
7223,25.542,29.557,2.817
7224,26.810,28.924,3.845
7225,27.199,29.185,2.850
7226,26.691,28.857,2.726
7227,26.826,28.574,3.074
7228,25.323,28.556,3.055
7229,26.581,28.950,2.646
7230,27.704,27.864,2.882
7231,27.784,28.552,2.810
7232,24.956,28.606,3.492
7233,25.985,28.910,2.789
7234,25.995,29.294,3.304
7235,24.346,27.794,2.734
7236,25.468,28.674,2.673
7237,25.549,28.808,2.902
7238,26.155,28.843,3.053
7239,25.505,28.538,2.698
7240,26.179,28.789,2.972
7241,25.439,27.667,2.936
7242,24.917,27.608,3.598
7243,25.200,28.706,2.866
7244,24.715,28.647,2.692
7245,25.110,29.332,2.917
7246,25.017,28.361,2.867
7247,24.476,29.096,2.843
7248,25.024,28.721,3.430
7249,24.707,28.401,2.969
7250,24.652,29.393,2.507
7251,24.706,27.272,2.870
7252,25.362,28.728,2.808
7253,23.852,27.914,3.471
7254,24.037,27.996,2.758
7255,25.679,28.382,3.142
7256,25.415,28.375,2.934
7257,24.948,28.698,3.193
7258,24.764,29.962,2.903
7259,25.614,29.447,3.490
7260,25.382,29.529,3.813
7261,24.930,29.268,2.831
7262,25.187,30.068,3.016
7263,25.153,28.639,3.590
7264,24.157,28.390,2.913
7265,24.452,29.737,3.162
7266,24.461,27.983,3.716
7267,25.985,29.299,2.961
7268,24.367,28.441,3.039
7269,25.978,28.423,2.955
7270,25.192,28.591,2.787
7271,25.724,29.189,3.126
7272,25.199,28.619,3.014
7273,25.880,28.027,2.875
7274,25.361,28.455,2.687
7275,25.976,28.857,2.994
7276,26.424,29.114,2.880
7277,25.497,28.225,3.360
7278,25.809,29.191,2.991
7279,26.135,28.642,2.843
7280,25.655,28.604,2.635
7281,25.647,28.088,2.808
7282,25.697,28.691,2.522
7283,25.750,27.855,3.365
7284,25.067,28.490,2.850
7285,26.380,28.787,2.801
7286,25.613,28.669,2.884
7287,26.460,29.305,2.702
7288,26.462,28.711,2.780
7289,26.556,28.394,2.842
7290,26.266,28.364,2.900
7291,24.730,27.307,3.190
7292,26.149,29.281,2.733
7293,25.411,28.369,2.763
7294,26.406,27.698,2.997
7295,25.312,27.790,2.851
7296,26.091,28.281,2.868
7297,26.131,28.237,2.770
7298,25.540,28.245,2.807
7299,26.151,28.468,2.812
7300,25.646,28.740,2.834
7301,24.770,28.215,2.953
7302,24.614,28.155,3.077
7303,23.882,27.655,3.322
7304,25.111,27.641,2.944
7305,25.325,28.481,2.834
7306,23.867,28.616,3.508
7307,24.583,28.733,2.708
7308,24.112,29.043,3.451
7309,23.771,29.294,2.889
7310,24.035,29.780,2.798
7311,24.540,29.021,3.469
7312,25.210,29.510,2.912
7313,23.993,30.064,2.919
7314,23.847,29.994,2.992
7315,25.354,28.492,2.686
7316,25.205,27.988,2.930
7317,23.907,29.225,2.762
7318,23.949,28.003,3.235
7319,24.792,28.542,2.863
7320,25.142,29.156,2.780
7321,25.090,29.536,2.766
7322,24.845,27.804,2.882
7323,24.120,27.503,3.184
7324,24.918,28.716,2.771
7325,23.924,27.626,3.109
7326,24.249,27.118,2.962
7327,24.600,27.553,2.992
7328,25.409,28.462,3.111
7329,24.316,27.485,2.711
7330,24.137,27.157,3.576
7331,24.434,28.149,2.713
7332,24.277,28.539,2.952
7333,24.823,28.262,3.075
7334,24.332,28.638,3.372
7335,24.857,28.943,3.128
7336,24.419,28.450,3.123
7337,24.847,28.448,2.832
7338,25.323,28.168,2.796
7339,26.218,28.657,3.712
7340,27.368,28.645,2.811
7341,25.784,28.147,2.942
7342,26.472,28.906,3.289
7343,26.381,27.978,3.927
7344,27.528,29.420,2.729
7345,27.538,28.706,2.874
7346,27.036,29.458,2.862
7347,27.465,28.713,2.948
7348,27.178,29.852,3.504
7349,27.439,29.015,2.962
7350,26.446,28.683,2.915
7351,26.711,29.174,3.112
7352,26.304,29.509,3.380
7353,26.982,28.199,3.184
7354,25.619,28.367,3.166
7355,25.403,29.433,3.039
7356,26.379,28.595,3.971
7357,25.456,29.516,3.647
7358,25.361,28.022,3.484
7359,26.523,29.249,2.896
7360,25.423,29.410,3.195
7361,26.041,28.630,2.741
7362,25.443,28.578,3.023
7363,27.085,28.628,2.778
7364,26.097,28.454,3.241
7365,25.885,28.354,2.830
7366,26.061,28.251,3.071
7367,26.106,29.355,3.152
7368,27.492,29.151,2.797
7369,25.190,27.335,3.103
7370,25.126,27.739,3.235
7371,24.008,27.797,2.888
7372,25.413,26.738,3.123
7373,24.799,28.519,2.676
7374,24.727,29.555,2.873
7375,24.706,29.333,3.806
7376,25.219,28.463,2.877
7377,25.198,29.399,2.806
7378,25.204,28.881,2.847
7379,24.649,28.521,3.012
7380,26.162,30.258,2.761
7381,24.691,27.952,2.728
7382,24.884,28.662,2.938
7383,25.841,29.946,2.630
7384,24.849,28.414,2.684
7385,25.419,28.101,2.712
7386,24.663,28.798,2.684
7387,24.655,29.302,3.016
7388,25.426,29.909,2.868
7389,24.966,28.619,3.636
7390,23.886,28.141,2.996
7391,24.244,29.136,2.803
7392,24.517,28.149,3.285
7393,26.058,28.682,3.992
7394,25.513,29.865,2.766
7395,26.041,29.179,2.834
7396,26.266,29.103,2.894
7397,24.974,28.065,3.362
7398,25.163,28.627,2.884
7399,24.781,29.885,2.946
7400,25.502,28.501,3.476
7401,25.378,28.167,2.734
7402,25.222,28.448,2.973
7403,25.496,29.088,3.011
7404,25.356,27.873,2.957
7405,25.151,27.374,3.305
7406,25.328,28.470,2.805
7407,24.670,28.579,2.925
7408,24.908,27.704,2.855
7409,24.599,28.806,3.175
7410,23.920,28.550,3.790
7411,24.124,27.633,2.734
7412,24.349,28.833,2.972
7413,24.510,29.065,2.863
7414,24.243,27.461,3.476
7415,24.028,27.462,2.964
7416,24.454,28.099,2.739
7417,25.036,27.581,2.674
7418,24.245,28.749,3.458
7419,24.938,28.439,2.944
7420,24.967,28.481,2.921
7421,25.309,28.337,2.710
7422,24.410,27.902,2.786
7423,24.075,27.626,2.723
7424,24.819,28.327,4.018
7425,24.166,27.615,2.929
7426,25.035,27.750,2.692
7427,26.837,28.134,2.792
7428,24.730,28.756,2.902
7429,24.636,26.864,2.836
7430,25.043,28.198,3.733
7431,24.699,27.575,2.973
7432,24.139,27.595,3.833
7433,24.942,28.315,2.861
7434,27.008,27.153,2.907
7435,27.499,28.663,3.114
7436,26.248,28.882,2.813
7437,26.491,27.528,2.692
7438,25.891,28.069,2.834
7439,25.737,27.655,2.940
7440,25.457,27.969,2.910
7441,26.732,27.620,2.892
7442,26.083,28.413,3.012
7443,27.079,28.900,3.121
7444,27.297,28.722,3.216
7445,27.049,28.901,3.600
7446,29.347,30.714,3.247
7447,28.731,31.962,3.505
7448,25.504,30.573,3.434
7449,25.773,28.674,2.956
7450,25.759,30.681,2.742
7451,25.660,30.010,3.011
7452,25.031,29.898,3.870
7453,26.930,29.408,2.987
7454,25.612,29.066,4.146
7455,25.021,29.763,3.353
7456,25.442,30.958,2.951
7457,24.656,29.002,2.758
7458,27.252,30.650,2.817
7459,26.049,29.837,2.924
7460,25.538,29.727,3.340
7461,25.121,29.343,2.716
7462,25.078,29.738,3.109
7463,25.443,30.358,2.853
7464,25.575,30.038,2.666
7465,24.740,29.050,3.156
7466,24.992,29.626,2.723
7467,25.447,30.634,2.664
7468,26.148,28.827,2.978
7469,25.455,29.730,3.246
7470,25.692,29.754,2.991
7471,25.256,29.637,3.086
7472,24.720,28.275,2.832
7473,26.158,29.510,2.954
7474,24.918,28.108,2.768
7475,25.303,28.228,2.696
7476,25.534,29.713,3.117
7477,26.645,29.545,2.656
7478,25.725,29.309,3.126
7479,25.089,28.330,2.892
7480,24.604,27.849,2.660
7481,25.661,28.726,3.087
7482,24.526,29.351,2.841
7483,24.191,28.684,2.664
7484,24.707,28.865,2.825
7485,25.370,28.008,2.590
7486,25.346,28.040,2.926
7487,26.255,27.692,2.939
7488,24.966,28.425,2.804
7489,24.953,28.514,2.740
7490,25.187,28.255,3.026
7491,24.945,29.086,2.975
7492,24.495,27.162,3.038
7493,24.663,29.250,2.932
7494,25.352,28.962,2.746
7495,25.364,28.558,3.925
7496,25.464,28.400,2.743
7497,24.725,28.643,2.885
7498,25.901,29.238,2.743
7499,25.053,29.000,3.012
7500,24.994,28.785,3.374
7501,25.294,29.483,2.764
7502,25.257,30.352,2.998
7503,25.680,28.544,3.237
7504,25.773,29.039,2.933
7505,24.674,30.581,3.040
7506,25.501,29.447,2.792
7507,25.210,30.324,2.928
7508,25.292,29.307,2.918
7509,25.163,29.546,2.693
7510,25.766,29.975,2.820
7511,25.833,29.583,2.942
7512,26.408,30.199,2.867
7513,25.573,29.689,3.305
7514,26.202,30.528,3.821
7515,24.177,29.170,3.340
7516,25.289,29.834,3.039
7517,25.737,30.507,3.137
7518,26.202,30.395,4.075
7519,24.978,29.704,3.219
7520,26.077,29.706,3.464
7521,25.619,30.261,3.220
7522,26.599,29.820,2.865
7523,25.863,30.200,2.896
7524,25.279,29.303,2.916
7525,24.609,29.185,2.952
7526,25.393,30.319,3.077
7527,25.751,29.182,2.795
7528,26.150,29.541,3.000
7529,25.896,28.817,2.934
7530,26.106,28.678,2.794
7531,26.666,29.527,2.653
7532,25.682,29.415,2.701
7533,27.116,30.392,3.608
7534,25.824,29.776,2.717
7535,25.446,30.230,2.786
7536,28.036,29.287,3.447
7537,26.500,30.403,3.326
7538,27.736,31.169,3.015
7539,25.939,30.213,3.168
7540,26.656,29.814,2.876
7541,27.237,30.091,2.742
7542,27.309,29.643,3.016
7543,26.874,29.224,2.681
7544,26.401,28.642,3.461
7545,27.035,28.281,2.715
7546,25.791,27.962,2.825
7547,24.945,28.278,2.904
7548,27.115,28.852,4.000
7549,24.810,28.372,3.086
7550,25.144,27.376,3.253
7551,25.097,28.199,3.295
7552,24.964,28.650,2.993
7553,25.104,28.090,3.076
7554,26.310,29.666,3.752
7555,25.237,29.115,2.991
7556,24.827,27.389,3.137
7557,25.872,29.485,2.895
7558,25.368,29.329,2.876
7559,25.235,29.972,2.826
7560,25.114,30.241,2.651
7561,25.803,29.929,2.869
7562,24.952,29.718,2.708
7563,24.033,29.076,4.020
7564,24.803,29.904,3.072
7565,25.575,29.319,3.313
7566,25.932,30.323,3.072
7567,26.547,30.376,2.933
7568,25.639,30.597,3.464
7569,25.745,29.722,2.757
7570,25.300,29.402,2.799
7571,26.760,29.791,3.007
7572,25.197,30.011,2.844
7573,25.925,29.319,2.870
7574,26.735,29.640,2.832
7575,25.617,29.373,3.538
7576,25.227,28.971,3.741
7577,25.000,29.302,4.131
7578,25.184,28.774,2.920
7579,25.360,29.215,2.665
7580,25.886,29.926,2.867
7581,25.661,29.356,3.192
7582,25.129,29.338,4.088
7583,26.560,29.214,3.085
7584,26.201,29.151,2.892
7585,26.834,29.487,2.642
7586,25.743,29.780,2.836
7587,25.357,27.840,2.773
7588,26.258,32.295,3.862
7589,25.459,28.910,3.128
7590,24.764,28.848,2.929
7591,25.313,28.054,3.613
7592,24.802,28.446,2.970
7593,25.223,29.172,2.899
7594,25.954,29.228,3.410
7595,25.969,28.814,2.797
7596,26.333,29.116,2.797
7597,26.121,29.618,2.794
7598,26.622,29.925,2.783
7599,26.905,28.210,3.070
7600,27.203,28.703,2.817
7601,26.973,29.403,2.887
7602,25.884,27.824,3.244
7603,25.401,29.129,2.882
7604,26.445,28.851,2.811
7605,24.368,27.823,3.079
7606,25.486,28.325,2.757
7607,25.451,29.580,2.927
7608,25.859,28.601,2.866
7609,26.020,29.541,2.858
7610,25.198,27.948,2.897
7611,24.872,28.813,2.796
7612,25.216,29.710,3.183
7613,24.366,27.963,2.825
7614,25.345,27.480,2.873
7615,25.261,27.721,2.775
7616,25.458,28.652,3.382
7617,24.524,26.853,2.734
7618,26.276,28.342,2.733
7619,25.365,27.936,2.743
7620,25.461,25.280,2.879
7621,26.359,27.894,4.026
7622,25.569,27.049,2.917
7623,25.020,27.398,2.682
7624,26.685,28.278,2.993
7625,25.020,27.634,2.765
7626,25.529,27.645,2.779
7627,24.870,28.003,2.684
7628,25.686,28.876,2.710
7629,27.401,28.658,2.655
7630,27.897,28.102,2.765
7631,26.785,28.161,3.016
7632,27.466,28.077,2.857
7633,27.679,29.909,2.835
7634,27.375,30.296,2.796
7635,27.651,27.428,2.830
7636,27.421,28.111,2.769
7637,26.799,28.243,2.822
7638,26.923,29.992,2.893
7639,27.592,28.353,2.999
7640,29.202,29.283,2.698
7641,28.942,28.790,3.494
7642,27.718,29.681,2.823
7643,27.107,29.019,3.272
7644,25.901,28.116,3.087
7645,25.427,28.556,2.980
7646,26.732,27.959,2.650
7647,26.341,29.075,3.393
7648,26.128,29.292,2.839
7649,25.954,28.630,2.922
7650,26.626,28.873,3.558
7651,26.498,28.425,2.784
7652,26.483,28.513,3.012
7653,26.602,27.920,3.078
7654,26.230,27.490,2.957
7655,26.249,29.899,2.795
7656,26.200,29.830,3.726
7657,26.157,28.945,2.764
7658,25.982,29.456,3.238
7659,25.799,29.274,2.910
7660,24.777,28.866,3.003
7661,25.958,29.802,2.994
7662,25.961,28.836,3.283
7663,26.883,30.063,2.908
7664,25.179,28.661,2.736
7665,25.326,28.714,2.837
7666,26.189,29.658,2.888
7667,25.629,29.858,3.070
7668,25.759,29.149,2.711
7669,25.507,29.988,3.044
7670,25.547,28.732,3.481
7671,24.589,26.357,3.146
7672,25.335,27.224,2.887
7673,25.426,27.697,3.609
7674,24.688,26.063,2.732
7675,24.947,26.094,2.846
7676,25.614,27.687,2.930
7677,24.318,26.064,3.069
7678,24.910,26.749,2.891
7679,24.924,27.172,2.815
7680,25.751,28.823,2.673
7681,25.026,28.188,2.848
7682,25.120,29.470,3.960
7683,25.292,28.161,3.058
7684,25.817,28.849,2.846
7685,25.745,29.766,3.165
7686,25.708,29.032,2.766
7687,24.328,27.917,4.023
7688,25.490,29.840,4.062
7689,25.345,29.595,2.818
7690,24.767,27.242,2.655
7691,25.726,29.603,2.765
7692,24.866,27.893,2.965
7693,25.873,29.225,2.931
7694,25.176,28.873,3.340
7695,25.287,28.424,2.968
7696,25.407,28.926,3.889
7697,24.874,27.352,3.146
7698,24.899,26.867,3.911
7699,25.001,28.882,4.109
7700,25.143,29.596,3.075
7701,24.496,28.350,3.296
7702,24.987,29.368,2.945
7703,24.537,28.987,3.280
7704,24.556,27.219,2.903
7705,25.518,28.868,2.820
7706,25.644,29.591,3.057
7707,24.663,28.897,3.527
7708,25.228,27.668,3.183
7709,24.862,29.916,3.002
7710,25.120,31.449,2.773
7711,24.169,31.344,2.867
7712,24.765,30.866,3.049
7713,25.142,31.090,3.105
7714,25.026,31.230,2.662
7715,25.551,30.643,2.934
7716,25.758,29.766,3.397
7717,25.508,29.768,2.848
7718,26.349,28.211,3.047
7719,26.932,29.115,2.963
7720,26.690,27.761,2.932
7721,26.085,28.534,2.752
7722,26.401,30.029,2.975
7723,25.076,30.145,2.883
7724,26.153,30.835,2.956
7725,25.162,30.548,2.911
7726,25.026,30.410,2.791
7727,25.776,31.110,3.185
7728,24.829,30.180,2.833
7729,24.440,30.504,2.872
7730,23.817,30.983,2.795
7731,25.746,31.355,2.832
7732,24.859,30.088,2.777
7733,24.857,32.066,3.290
7734,25.943,31.086,2.900
7735,25.515,31.812,3.257
7736,24.442,27.299,3.481
7737,23.715,27.606,3.353
7738,25.316,28.505,2.632
7739,24.616,29.084,3.124
7740,25.239,28.680,2.817
7741,25.326,29.273,3.291
7742,24.720,27.781,2.787
7743,25.100,28.272,3.195
7744,24.904,29.045,2.775
7745,25.022,29.524,2.978
7746,25.353,28.570,3.040
7747,26.621,28.284,3.207
7748,25.139,27.530,3.208
7749,25.151,28.045,2.813
7750,25.014,27.340,3.172
7751,24.826,28.745,3.208
7752,25.388,28.932,2.749
7753,23.670,29.476,2.904
7754,24.563,28.059,2.737
7755,23.940,28.123,3.063
7756,25.162,28.826,2.974
7757,24.785,28.136,3.074
7758,25.333,29.201,4.026
7759,24.460,26.299,3.652
7760,25.071,27.793,3.748
7761,24.812,28.027,2.769
7762,25.340,29.806,4.012
7763,24.789,28.708,2.780
7764,24.566,28.873,3.253
7765,24.140,29.267,3.231
7766,24.319,28.721,2.640
7767,24.066,29.321,2.774
7768,24.427,29.334,2.859
7769,25.650,29.090,2.986
7770,24.862,28.503,2.873
7771,25.300,29.345,3.197
7772,24.397,28.371,3.848
7773,26.017,28.755,3.379
7774,26.059,30.101,2.978
7775,24.433,27.911,3.854
7776,26.207,29.280,2.757
7777,24.954,29.128,2.962
7778,24.251,28.846,2.998
7779,25.294,28.666,2.673
7780,24.131,27.768,2.964
7781,24.464,28.524,2.960
7782,25.088,29.345,3.339
7783,24.821,28.383,2.818
7784,24.758,27.532,2.666
7785,25.537,27.064,3.130
7786,25.875,27.886,2.737
7787,25.259,28.196,2.663
7788,25.193,28.709,2.923
7789,25.280,27.307,2.824
7790,25.442,28.077,2.882
7791,25.302,29.013,2.998
7792,24.041,27.667,3.152
7793,24.360,27.778,3.452
7794,25.352,27.000,2.866
7795,24.802,27.898,2.791
7796,25.116,27.154,2.837
7797,25.549,27.082,2.993
7798,25.171,27.643,2.770
7799,25.105,27.153,2.845
7800,24.767,27.904,2.858
7801,25.529,26.873,3.204
7802,26.071,28.610,3.466
7803,24.608,27.747,2.971
7804,24.664,27.601,2.819
7805,26.005,28.342,2.662
7806,25.457,28.496,2.754
7807,24.690,27.652,3.082
7808,25.767,29.101,2.990
7809,25.919,28.611,3.789
7810,25.706,28.550,2.784
7811,26.225,28.378,2.867
7812,26.638,29.204,2.876
7813,26.229,28.534,3.000
7814,25.923,28.995,2.680
7815,25.134,28.342,2.697
7816,25.287,28.484,2.970
7817,25.215,29.005,2.803
7818,24.565,28.390,2.875
7819,25.122,28.735,2.604
7820,25.048,28.277,3.201
7821,24.818,27.943,2.946
7822,24.795,27.335,2.632
7823,24.530,27.378,2.854
7824,25.264,28.642,2.810
7825,24.205,28.475,3.038
7826,24.749,27.178,2.929
7827,24.998,27.590,2.638
7828,25.071,28.252,2.862
7829,25.741,27.830,2.806
7830,25.193,28.351,2.956
7831,25.080,27.171,3.156
7832,24.670,27.648,4.031
7833,25.104,27.576,3.111
7834,25.097,29.679,2.973
7835,24.381,27.763,2.757
7836,25.668,28.271,3.916
7837,25.942,28.315,2.768
7838,25.755,28.668,2.958
7839,25.599,28.372,2.892
7840,25.783,26.597,2.691
7841,25.877,26.464,3.361
7842,25.094,26.436,2.716
7843,25.546,26.990,2.868
7844,25.420,26.820,2.844
7845,25.558,26.972,2.825
7846,24.829,27.075,3.468
7847,24.543,27.543,2.811
7848,25.394,27.345,3.020
7849,25.629,27.869,2.844
7850,26.778,27.969,2.771
7851,25.226,28.690,2.945
7852,25.558,29.157,2.785
7853,24.803,27.673,2.996
7854,25.638,26.401,3.048
7855,25.729,26.240,3.053
7856,24.844,25.552,3.689
7857,25.514,26.975,2.836
7858,26.897,27.584,3.146
7859,26.583,27.404,3.001
7860,26.785,27.001,2.842
7861,26.855,26.583,3.013
7862,26.833,27.017,2.900
7863,25.367,28.078,2.827
7864,25.828,26.697,2.737
7865,25.015,27.271,3.189
7866,24.701,26.992,3.035
7867,25.853,27.355,2.628
7868,25.158,27.368,2.785
7869,24.993,27.525,3.097
7870,24.978,27.177,2.898
7871,25.399,27.853,2.680
7872,25.765,28.120,3.989
7873,24.571,29.979,2.943
7874,25.427,29.611,2.862
7875,25.969,29.046,2.872
7876,24.205,29.701,2.926
7877,25.676,30.170,3.139
7878,24.949,31.492,3.061
7879,25.867,30.775,3.238
7880,25.858,30.719,2.726
7881,25.902,30.823,2.736
7882,25.367,30.776,3.684
7883,25.498,29.804,3.107
7884,25.097,29.558,2.767
7885,25.010,29.959,2.661
7886,25.471,29.738,3.062
7887,25.253,28.837,2.616
7888,26.032,30.468,3.675
7889,25.080,29.173,3.655
7890,25.429,31.623,3.113
7891,25.691,31.393,2.808
7892,25.190,30.533,2.708
7893,25.600,32.010,2.893
7894,25.698,29.934,2.891
7895,26.080,30.297,2.677
7896,25.670,29.331,3.154
7897,25.933,31.557,2.758
7898,26.708,29.642,2.942
7899,27.438,28.875,3.618
7900,27.575,28.594,2.848
7901,28.176,28.883,2.831
7902,28.202,28.589,2.842
7903,25.775,29.461,3.019
7904,24.864,30.068,3.191
7905,25.456,30.611,3.066
7906,25.479,29.047,2.975
7907,25.502,27.327,2.851
7908,26.848,29.519,2.829
7909,26.093,29.330,2.808
7910,25.831,27.138,2.832
7911,25.663,26.740,3.115
7912,24.877,26.510,2.965
7913,26.116,27.391,3.027
7914,25.260,26.020,4.085
7915,25.854,26.755,2.644
7916,26.033,28.120,2.973
7917,25.903,28.885,4.277
7918,25.159,28.392,2.853
7919,25.401,27.829,2.672
7920,25.812,27.583,3.784
7921,24.798,27.077,2.873
7922,25.354,26.468,3.033
7923,25.168,26.254,2.860
7924,25.198,26.288,4.020
7925,25.660,26.558,2.663
7926,25.060,26.993,2.731
7927,24.876,27.291,2.653
7928,24.642,27.248,2.720
7929,25.049,27.247,3.041
7930,24.409,26.257,2.619
7931,24.874,27.156,3.920
7932,25.099,26.096,2.972
7933,25.060,27.097,2.700
7934,25.804,26.860,2.790
7935,25.289,27.065,2.944
7936,25.575,26.988,2.889
7937,26.200,26.278,3.245
7938,24.970,26.024,3.167
7939,26.206,27.072,2.641
7940,24.995,26.565,2.855
7941,25.605,25.912,2.946
7942,25.615,27.772,2.826
7943,25.540,26.075,2.847
7944,26.235,30.758,2.860
7945,26.164,28.572,2.775
7946,24.966,28.906,2.957
7947,26.330,28.361,2.869
7948,25.249,28.343,4.138
7949,24.814,28.681,3.961
7950,25.171,27.790,4.080
7951,24.895,27.758,2.965
7952,25.786,28.358,4.310
7953,25.430,28.063,3.014
7954,25.044,26.970,2.811
7955,25.525,28.050,4.121
7956,25.497,27.759,2.853
7957,25.478,27.593,2.757
7958,25.471,28.548,2.807
7959,25.337,27.988,2.683
7960,24.726,26.786,4.087
7961,25.131,27.543,3.150
7962,25.773,27.888,2.787
7963,25.301,27.871,2.783
7964,25.213,26.711,2.964
7965,25.363,28.974,2.723
7966,26.505,28.006,2.830
7967,26.172,28.449,2.832
7968,26.640,28.485,2.847
7969,26.201,27.696,2.892
7970,25.736,29.257,3.475
7971,25.320,27.888,2.824
7972,25.879,27.810,2.969
7973,25.910,28.332,2.999
7974,24.548,28.418,3.012
7975,25.743,29.121,2.791
7976,25.431,27.641,2.745
7977,24.834,27.455,2.804
7978,25.638,28.225,2.847
7979,26.264,28.585,3.013
7980,25.788,28.608,3.096
7981,27.453,29.386,2.832
7982,26.046,28.150,3.021
7983,26.731,28.372,2.884
7984,25.532,27.467,2.519
7985,26.133,28.066,2.774
7986,26.375,28.057,2.901
7987,26.396,28.420,2.988
7988,26.889,27.767,2.785
7989,26.515,28.132,2.956
7990,26.751,27.518,3.180
7991,26.744,28.862,2.957
7992,25.514,28.458,3.773
7993,25.821,28.592,2.730
7994,25.487,28.140,2.929
7995,25.537,28.137,3.159
7996,25.532,27.280,3.261
7997,26.792,27.884,2.838
7998,26.099,28.072,2.895
7999,25.598,27.187,3.758
8000,26.711,27.373,2.914
8001,27.028,28.308,3.180
8002,27.152,28.212,2.911
8003,26.071,27.856,2.842
8004,25.923,28.325,3.055
8005,25.452,27.820,2.754
8006,26.047,27.514,2.701
8007,25.504,28.214,2.865
8008,25.827,29.196,2.661
8009,25.734,28.353,2.996
8010,25.658,27.287,2.807
8011,25.887,27.393,2.747
8012,25.574,27.597,2.644
8013,25.942,27.990,2.866
8014,26.401,28.112,2.920
8015,24.824,28.424,2.855
8016,25.466,28.738,3.017
8017,25.639,28.586,2.700
8018,26.292,28.269,2.806
8019,26.404,28.179,2.837
8020,26.749,29.218,2.828
8021,25.587,29.120,2.946
8022,25.762,29.167,2.828
8023,26.204,27.770,2.959
8024,25.604,28.203,2.787
8025,25.102,27.859,4.216
8026,24.701,27.751,3.699
8027,25.818,28.602,3.862
8028,26.076,29.239,4.239
8029,24.663,27.966,4.482
8030,25.643,27.865,4.726
8031,25.830,28.753,3.977
8032,25.222,28.281,3.236
8033,26.046,27.706,2.809
8034,24.901,28.152,3.002
8035,25.115,27.137,2.915
8036,25.182,28.325,2.908
8037,25.804,27.490,2.722
8038,25.258,27.371,2.893
8039,25.113,28.047,2.675
8040,26.160,27.548,4.096
8041,24.954,27.785,4.392
8042,25.571,27.805,2.973
8043,24.625,27.944,2.643
8044,25.521,28.241,2.890
8045,24.471,27.122,3.094
8046,25.877,29.194,3.424
8047,25.379,28.498,3.359
8048,25.239,28.212,2.854
8049,25.867,28.173,2.743
8050,25.969,28.633,2.938
8051,25.343,28.742,2.837
8052,25.051,28.262,3.523
8053,25.258,28.697,3.918
8054,25.157,28.892,4.311
8055,26.074,28.488,3.693
8056,25.288,28.129,2.784
8057,24.618,27.538,3.085
8058,25.884,28.535,3.061
8059,25.690,28.310,2.857
8060,25.693,27.568,2.956
8061,25.357,27.032,2.769
8062,26.026,27.482,2.872
8063,26.629,28.002,2.903
8064,26.796,28.846,3.749
8065,26.344,28.276,2.824
8066,26.399,29.012,3.021
8067,26.526,27.655,3.083
8068,25.307,27.802,4.292
8069,25.745,28.851,4.714
8070,25.315,28.355,4.182
8071,24.856,28.613,4.507
8072,25.824,27.753,4.870
8073,25.449,28.475,5.125
8074,28.005,28.070,5.058
8075,25.670,27.108,4.304
8076,25.292,26.539,4.217
8077,24.932,26.454,4.029
8078,24.573,27.099,4.581
8079,24.317,27.601,4.163
8080,25.507,28.391,4.393
8081,25.223,28.750,4.158
8082,25.051,27.530,4.450
8083,25.468,27.071,3.810
8084,25.275,26.720,4.219
8085,25.296,27.377,4.199
8086,25.279,26.971,4.231
8087,24.830,26.492,4.590
8088,25.265,27.705,3.110
8089,24.342,28.225,4.415
8090,24.763,29.395,4.320
8091,24.152,28.466,4.584
8092,25.429,28.892,3.643
8093,24.026,29.010,4.466
8094,24.022,28.014,4.527
8095,24.879,28.629,2.682
8096,24.423,27.718,2.895
8097,24.666,27.603,2.898
8098,23.960,27.277,3.191
8099,24.795,26.009,3.859
8100,25.307,26.264,3.078
8101,24.835,27.837,2.861
8102,23.965,25.531,3.010
8103,24.868,26.749,3.262
8104,25.796,26.533,3.173
8105,25.054,26.896,3.031
8106,25.375,27.080,2.854
8107,24.880,26.256,2.716
8108,24.422,27.445,2.722
8109,24.992,24.605,3.136
8110,25.514,26.011,2.807
8111,25.904,27.120,3.150
8112,25.397,26.831,3.074
8113,26.959,27.604,3.068
8114,25.503,28.404,3.841
8115,25.029,27.410,3.669
8116,25.669,27.995,3.225
8117,25.859,27.557,2.793
8118,25.569,27.997,3.012
8119,25.468,28.396,4.388
8120,25.834,28.183,2.824
8121,24.902,26.673,3.413
8122,25.764,28.847,3.950
8123,24.680,27.698,3.599
8124,24.447,28.484,4.220
8125,24.196,28.375,2.868
8126,24.613,28.452,2.883
8127,24.728,28.042,3.120
8128,24.629,29.368,2.968
8129,24.659,28.942,3.352
8130,25.430,28.959,2.728
8131,24.262,28.245,2.739
8132,26.032,28.579,3.129
8133,24.705,27.787,2.819
8134,25.726,27.976,3.693
8135,25.099,29.045,2.684
8136,25.034,28.312,3.690
8137,24.287,28.538,2.913
8138,24.801,28.628,2.737
8139,24.943,27.623,3.250
8140,25.432,28.699,2.939
8141,25.732,28.506,2.861
8142,25.555,29.179,2.727
8143,26.138,28.277,2.774
8144,25.567,28.506,2.819
8145,25.957,28.523,3.536
8146,25.579,28.886,4.400
8147,26.125,29.609,3.460
8148,26.014,29.115,2.923
8149,26.561,28.876,2.920
8150,25.749,29.425,2.958
8151,25.695,29.009,2.885
8152,25.886,29.488,2.779
8153,25.033,28.747,2.891
8154,25.357,29.588,3.396
8155,25.003,28.869,2.899
8156,25.504,29.122,3.161
8157,26.128,29.547,2.875
8158,26.051,29.448,3.002
8159,25.737,27.800,2.978
8160,25.671,28.760,2.739
8161,25.510,28.096,3.257
8162,25.310,28.632,2.825
8163,25.860,28.856,2.994
8164,25.966,29.363,3.048
8165,25.563,29.430,2.781
8166,24.775,27.851,3.340
8167,25.634,29.772,3.835
8168,25.927,29.266,2.729
8169,25.793,29.701,3.047
8170,25.138,29.097,2.839
8171,25.705,29.010,3.241
8172,25.355,28.812,2.750
8173,24.533,27.951,2.996
8174,24.557,28.270,2.980
8175,24.645,28.733,3.402
8176,24.958,29.576,2.820
8177,24.020,28.633,3.199
8178,24.161,28.229,2.999
8179,25.248,28.277,2.763
8180,25.681,28.933,2.699
8181,25.739,28.092,3.466
8182,26.494,29.728,2.580
8183,26.220,28.217,2.621
8184,25.437,29.017,3.007
8185,25.612,28.198,2.835
8186,25.881,28.112,2.758
8187,25.451,28.799,3.127
8188,26.385,27.484,2.816
8189,25.152,28.352,2.683
8190,26.392,29.403,3.037
8191,27.105,28.454,2.804
8192,26.382,27.713,2.668
8193,25.297,28.834,3.128
8194,25.637,27.290,2.901
8195,25.288,26.711,2.848
8196,26.152,27.353,3.217
8197,25.225,27.287,2.659
8198,25.561,26.773,2.883
8199,26.513,27.355,2.913
8200,25.123,27.016,2.710
8201,25.543,27.741,2.684
8202,25.792,28.144,2.886
8203,25.398,28.816,3.033
8204,25.389,28.352,2.874
8205,25.568,28.745,2.689
8206,25.793,28.305,2.975
8207,25.941,27.694,2.905
8208,25.161,27.189,2.692
8209,26.106,27.947,3.522
8210,24.786,26.371,3.122
8211,24.551,27.393,2.690
8212,25.407,27.461,2.883
8213,25.357,27.350,3.350
8214,25.030,26.621,2.814
8215,24.777,26.038,2.821
8216,26.342,27.738,2.894
8217,25.834,27.301,2.942
8218,26.057,27.366,2.738
8219,25.805,26.666,3.082
8220,25.228,28.173,2.787
8221,25.853,27.846,3.028
8222,26.205,27.847,2.947
8223,26.086,26.667,2.906
8224,25.606,28.042,2.933
8225,25.653,27.763,3.015
8226,25.284,27.203,2.688
8227,25.495,28.066,3.192
8228,25.272,28.765,2.889
8229,25.420,27.788,3.212
8230,25.392,27.385,2.734
8231,25.399,28.405,3.374
8232,26.603,27.656,2.564
8233,25.629,29.580,2.716
8234,25.677,27.520,2.730
8235,25.405,27.899,2.939
8236,25.101,26.639,2.609
8237,25.591,28.247,2.748
8238,25.666,27.589,2.972
8239,26.062,27.351,2.979
8240,25.393,27.486,2.730
8241,25.760,28.287,3.253
8242,25.167,29.054,3.155
8243,25.398,27.453,2.546
8244,26.029,28.600,2.748
8245,26.110,28.448,3.074
8246,26.560,29.963,2.859
8247,26.643,28.478,3.183
8248,25.687,27.629,3.147
8249,26.056,29.013,2.840
8250,25.664,28.762,2.866
8251,25.863,28.319,3.006
8252,25.763,29.350,3.030
8253,26.175,29.203,2.854
8254,25.477,29.348,2.975
8255,25.467,28.416,2.788
8256,25.860,29.115,3.310
8257,25.999,29.614,2.889
8258,26.157,28.970,2.895
8259,26.611,29.552,4.397
8260,26.202,29.895,2.674
8261,25.072,28.859,2.946
8262,26.213,27.706,3.204
8263,26.052,27.913,2.880
8264,26.008,27.240,3.574
8265,25.082,26.929,2.850
8266,24.879,28.250,4.819
8267,25.178,25.481,2.775
8268,25.923,27.350,3.150
8269,24.542,27.286,2.932
8270,24.350,26.613,4.943
8271,24.412,25.571,2.936
8272,25.404,25.956,3.697
8273,25.630,27.642,2.829
8274,24.975,27.243,2.595
8275,24.654,26.582,3.996
8276,24.562,28.040,3.053
8277,24.563,27.258,3.082
8278,23.766,26.710,3.005
8279,23.322,25.742,2.934
8280,24.231,27.383,2.645
8281,23.748,26.551,3.147
8282,23.598,26.506,2.836
8283,23.986,28.029,2.898
8284,23.419,26.819,3.717
8285,24.653,27.785,3.219
8286,23.187,26.914,2.890
8287,22.954,26.404,2.874
8288,24.592,26.734,3.097
8289,25.068,27.848,3.231
8290,23.646,27.429,2.708
8291,23.890,27.589,3.274
8292,24.072,27.416,2.718
8293,24.434,27.956,3.099
8294,24.751,27.271,2.933
8295,24.998,28.248,2.897
8296,25.089,27.576,2.784
8297,24.950,28.314,2.959
8298,24.396,27.926,3.088
8299,24.706,28.043,2.993
8300,24.907,27.151,2.778
8301,24.970,27.101,3.433
8302,24.904,27.683,2.844
8303,23.950,28.532,3.517
8304,25.168,30.679,2.783
8305,24.316,28.218,2.874
8306,24.392,27.610,2.888
8307,24.768,28.506,2.738
8308,24.699,28.083,2.791
8309,24.246,28.816,2.730
8310,24.286,26.913,2.994
8311,24.946,28.680,2.712
8312,24.966,28.889,2.760
8313,25.029,27.206,2.693
8314,24.231,27.195,2.992
8315,22.859,26.653,2.986
8316,23.012,25.464,3.025
8317,23.069,26.551,2.994
8318,22.908,25.375,3.177
8319,23.531,27.723,2.746
8320,22.876,26.009,2.763
8321,22.965,27.021,2.570
8322,22.640,27.301,2.668
8323,24.140,28.528,2.586
8324,23.734,27.268,2.898
8325,24.219,27.593,2.814
8326,21.978,26.511,2.959
8327,23.188,26.571,2.796
8328,23.395,26.196,2.935
8329,23.208,26.132,2.834
8330,22.824,26.443,2.734
8331,23.750,27.288,3.135
8332,24.016,25.750,2.936
8333,23.271,26.346,2.797
8334,22.847,26.375,2.693
8335,23.691,26.684,2.861
8336,25.043,26.409,3.025
8337,23.779,26.978,2.582
8338,23.826,25.958,2.714
8339,24.569,26.320,2.861
8340,24.135,26.079,2.990
8341,24.166,26.612,2.674
8342,25.146,26.774,3.012
8343,24.461,25.783,2.770
8344,25.098,25.736,2.666
8345,24.516,26.709,2.697
8346,24.703,27.405,2.713
8347,24.569,28.587,2.799
8348,23.724,26.792,3.465
8349,24.908,26.704,2.942
8350,24.747,28.312,2.588
8351,24.638,27.558,2.766
8352,24.964,28.139,2.878
8353,24.604,27.342,2.740
8354,24.639,28.533,3.613
8355,24.226,26.980,2.807
8356,24.072,27.169,2.787
8357,24.334,27.676,2.875
8358,24.738,29.129,2.773
8359,25.536,28.684,2.855
8360,25.095,28.382,3.320
8361,25.272,27.331,2.825
8362,24.791,27.057,3.154
8363,25.228,27.179,3.790
8364,24.258,27.375,3.178
8365,25.548,27.749,3.036
8366,24.883,28.139,3.133
8367,25.675,27.900,2.907
8368,25.042,27.978,2.660
8369,25.021,27.967,2.665
8370,25.743,28.751,3.742
8371,25.586,28.351,3.204
8372,24.749,27.465,2.781
8373,25.402,27.284,2.721
8374,24.566,28.659,2.899
8375,24.012,27.803,3.154
8376,25.763,27.585,2.843
8377,25.558,28.752,2.910
8378,25.302,28.471,2.729
8379,25.282,27.655,2.761
8380,25.488,29.947,3.305
8381,25.907,29.442,2.700
8382,25.961,28.352,3.094
8383,25.028,28.581,2.967
8384,27.061,28.439,2.934
8385,28.178,28.535,2.740
8386,27.767,28.524,2.956
8387,26.829,27.554,2.876
8388,26.724,28.196,2.592
8389,26.789,28.095,2.999
8390,26.155,26.964,2.686
8391,26.062,28.422,2.750
8392,25.807,27.762,2.938
8393,25.941,27.366,3.032
8394,25.182,28.463,2.942
8395,25.558,27.841,2.818
8396,25.268,28.449,2.754
8397,25.083,28.404,2.691
8398,25.966,30.194,3.004
8399,25.523,29.244,3.078
8400,26.606,27.600,2.662
8401,26.965,28.957,3.073
8402,25.929,29.075,2.961
8403,25.575,28.591,2.977
8404,25.467,28.223,3.306
8405,25.290,28.082,2.763
8406,26.046,28.416,2.703
8407,25.889,29.252,2.601
8408,25.938,28.092,3.247
8409,26.704,27.394,2.849
8410,26.021,27.869,3.808
8411,25.315,28.898,2.797
8412,26.790,31.045,2.805
8413,26.015,29.401,4.312
8414,26.775,28.900,2.852
8415,26.063,28.808,3.569
8416,26.665,29.379,2.874
8417,25.775,27.427,2.839
8418,26.548,27.839,2.832
8419,27.267,28.716,2.767
8420,26.092,29.540,3.033
8421,25.426,28.418,3.907
8422,25.766,28.461,3.231
8423,25.511,28.968,2.976
8424,25.616,28.817,4.006
8425,26.450,28.557,3.133
8426,26.050,28.560,3.959
8427,25.937,28.316,4.113
8428,26.032,28.279,2.804
8429,25.689,29.256,2.781
8430,24.867,28.119,2.935
8431,25.117,28.693,3.982
8432,25.461,28.311,2.734
8433,26.259,29.305,2.673
8434,25.335,28.278,2.958
8435,24.582,28.145,2.865
8436,25.177,28.625,2.810
8437,26.238,30.011,2.816
8438,25.627,29.159,2.782
8439,25.032,28.293,3.352
8440,25.566,27.727,2.708
8441,26.075,28.352,2.736
8442,25.310,28.639,3.508
8443,25.372,29.334,3.100
8444,23.321,28.614,2.892
8445,25.262,29.357,4.118
8446,24.106,27.485,2.961
8447,25.537,28.302,2.715
8448,25.262,27.250,2.922
8449,25.235,27.386,2.793
8450,26.237,30.293,3.148
8451,25.635,28.441,2.875
8452,26.453,31.782,3.027
8453,25.231,29.018,2.853
8454,26.299,29.018,2.903
8455,26.448,28.811,3.275
8456,25.403,29.021,3.206
8457,25.515,29.508,3.759
8458,25.763,29.571,2.906
8459,25.806,30.463,2.564
8460,26.157,29.632,2.848
8461,25.629,29.729,2.538
8462,25.347,29.679,2.760
8463,25.020,28.622,2.697
8464,24.768,29.759,2.733
8465,24.511,29.222,2.722
8466,25.362,29.301,2.950
8467,24.577,29.049,3.257
8468,25.032,28.471,2.900
8469,24.262,29.252,2.920
8470,24.855,28.716,2.801
8471,24.323,28.755,2.916
8472,24.674,29.271,2.679
8473,24.836,29.234,3.264
8474,24.679,28.437,2.913
8475,25.963,28.941,2.666
8476,24.676,27.741,4.041
8477,25.446,28.270,2.989
8478,24.744,27.462,2.901
8479,25.199,28.270,2.862
8480,24.809,26.865,3.158
8481,25.314,28.265,2.646
8482,24.574,27.773,2.809
8483,24.184,26.628,2.756
8484,25.101,27.652,2.905
8485,26.552,27.893,2.821
8486,25.364,30.337,2.743
8487,25.054,27.945,3.074
8488,25.192,27.845,2.902
8489,25.579,28.566,2.890
8490,24.438,27.398,2.808
8491,26.221,28.802,2.761
8492,25.240,27.514,2.829
8493,25.405,28.167,3.371
8494,24.376,27.659,2.920
8495,25.115,27.786,2.543
8496,25.841,27.970,3.152
8497,26.451,28.484,2.723
8498,25.817,28.680,2.842
8499,26.083,28.168,2.778
8500,25.317,28.261,2.900
8501,25.538,28.692,2.819
8502,25.724,28.374,3.969
8503,25.959,28.506,2.842
8504,25.183,28.138,2.761
8505,24.966,27.567,3.138
8506,25.099,27.379,2.774
8507,24.986,28.763,2.891
8508,25.022,27.874,2.875
8509,25.479,28.114,3.054
8510,25.207,27.391,2.709
8511,24.727,27.904,3.787
8512,24.401,27.450,2.809
8513,24.413,28.689,2.953
8514,25.026,28.080,2.883
8515,25.154,28.842,2.945
8516,24.222,29.553,2.946
8517,25.257,28.043,2.731
8518,26.041,28.515,3.301
8519,24.536,29.617,2.823
8520,25.860,29.365,2.707
8521,24.986,29.087,3.132
8522,25.600,28.136,2.755
8523,25.251,29.337,3.042
8524,25.139,29.005,2.750
8525,25.439,30.138,2.869
8526,25.643,31.034,2.734
8527,25.867,27.714,3.218
8528,26.380,28.237,2.851
8529,26.076,28.352,2.858
8530,28.116,27.530,2.925
8531,28.082,27.804,2.735
8532,26.372,27.994,2.778
8533,27.119,27.159,2.815
8534,26.852,29.466,2.777
8535,27.222,29.300,3.008
8536,27.549,28.275,2.994
8537,26.589,27.458,3.201
8538,27.430,28.765,2.971
8539,25.699,28.119,2.737
8540,24.799,27.498,2.889
8541,25.681,28.178,3.061
8542,25.153,28.645,3.273
8543,25.060,29.040,2.873
8544,25.925,28.974,2.756
8545,26.039,28.820,2.797
8546,25.434,28.296,3.022
8547,26.163,28.077,2.964
8548,26.293,29.646,2.706
8549,25.931,28.230,2.609
8550,26.282,28.658,2.807
8551,26.267,28.331,2.993
8552,26.421,28.557,2.696
8553,26.476,29.051,3.264
8554,26.023,28.674,2.875
8555,24.954,27.730,2.798
8556,25.612,28.230,3.863
8557,26.505,28.307,2.750
8558,25.980,29.160,3.037
8559,24.968,28.039,2.696
8560,25.288,29.628,2.707
8561,25.926,29.216,3.725
8562,25.198,27.657,3.104
8563,25.878,28.699,2.876
8564,26.307,28.227,2.732
8565,27.657,28.300,3.046
8566,27.701,28.863,2.731
8567,25.509,28.090,2.617
8568,26.377,28.917,3.345
8569,25.748,28.185,3.013
8570,27.496,29.063,2.909
8571,25.026,28.372,3.075
8572,25.642,29.072,3.146
8573,25.151,29.450,2.895
8574,25.647,29.457,2.892
8575,24.580,29.119,2.916
8576,25.704,28.582,2.757
8577,24.881,28.793,2.677
8578,25.184,27.624,3.122
8579,25.753,29.276,2.651
8580,25.464,28.900,2.895
8581,25.192,29.988,3.117
8582,25.569,29.108,2.860
8583,25.154,28.089,2.924
8584,26.130,29.596,3.052
8585,25.498,29.752,4.345
8586,26.337,28.215,3.133
8587,25.671,29.496,2.785
8588,24.838,28.463,3.067
8589,26.086,29.613,2.779
8590,24.999,27.929,3.215
8591,24.774,27.660,3.104
8592,25.280,29.199,2.832
8593,25.020,28.315,3.690
8594,23.977,27.841,3.203
8595,25.267,29.804,2.761
8596,26.067,29.224,3.106
8597,26.429,29.500,2.761
8598,27.133,29.259,2.797
8599,25.022,29.037,2.698
8600,24.304,28.867,3.424
8601,25.108,28.671,3.044
8602,24.842,28.453,2.836
8603,25.869,27.892,2.755
8604,25.847,29.179,3.106
8605,25.477,28.108,2.950
8606,25.671,27.855,3.169
8607,25.836,28.320,3.148
8608,25.724,29.445,2.995
8609,24.835,28.248,4.262
8610,25.489,28.343,3.956
8611,25.134,28.981,3.420
8612,25.299,29.415,3.091
8613,26.549,29.979,2.934
8614,26.394,29.327,2.939
8615,26.719,29.393,2.839
8616,26.479,28.720,2.818
8617,25.793,29.250,2.729
8618,26.551,28.318,2.717
8619,26.480,28.058,2.851
8620,26.218,29.074,2.883
8621,25.644,28.928,2.883
8622,26.127,28.777,2.903
8623,25.500,28.150,3.021
8624,25.097,28.373,2.838
8625,26.028,28.992,2.661
8626,25.002,29.248,2.642
8627,26.063,29.528,3.449
8628,26.131,29.566,2.896
8629,26.305,28.914,2.642
8630,25.910,28.566,2.860
8631,26.721,29.911,2.846
8632,25.887,29.039,2.931
8633,25.789,28.771,2.903
8634,25.380,27.974,2.815
8635,25.022,27.843,2.868
8636,25.891,28.421,3.094
8637,26.041,28.088,2.823
8638,25.698,30.656,2.707
8639,25.736,29.400,2.787
8640,25.105,26.821,2.841
8641,25.761,27.225,3.007
8642,25.939,27.811,2.897
8643,26.486,27.957,2.701
8644,26.365,28.130,2.929
8645,25.929,28.476,2.662
8646,25.297,28.264,2.954
8647,27.010,29.285,2.872
8648,26.066,28.487,2.643
8649,25.370,28.681,2.644
8650,25.175,29.229,2.997
8651,25.544,28.952,3.763
8652,25.789,28.903,2.660
8653,26.244,29.373,2.825
8654,25.921,29.569,2.686
8655,25.171,28.235,2.721
8656,26.167,29.961,2.807
8657,25.094,29.263,3.267
8658,26.004,30.056,2.632
8659,26.505,30.480,2.905
8660,25.552,28.555,2.680
8661,25.488,29.232,2.679
8662,25.176,28.743,2.979
8663,25.817,32.045,2.875
8664,25.262,32.354,3.002
8665,25.909,31.278,3.123
8666,25.695,30.147,2.764
8667,25.822,30.112,2.767
8668,25.262,27.914,3.179
8669,25.972,28.363,2.987
8670,26.652,29.435,2.816
8671,25.126,28.722,2.785
8672,25.578,28.560,2.817
8673,25.482,28.764,2.806
8674,26.183,29.290,2.837
8675,26.482,28.956,2.722
8676,25.462,28.549,2.757
8677,26.419,28.597,2.694
8678,26.344,29.154,2.667
8679,26.208,28.639,2.831
8680,25.531,28.633,2.844
8681,25.674,30.005,3.741
8682,24.925,28.497,3.723
8683,25.693,28.828,3.189
8684,25.935,30.221,2.700
8685,25.226,28.069,3.131
8686,24.470,28.429,2.906
8687,26.141,30.449,2.999
8688,25.441,28.625,3.732
8689,25.841,28.946,3.081
8690,25.508,29.230,2.825
8691,25.102,27.799,2.632
8692,24.836,30.764,2.909
8693,25.447,31.790,2.969
8694,25.057,31.096,2.880
8695,25.309,29.994,2.793
8696,25.225,31.634,3.919
8697,25.780,30.722,2.938
8698,25.415,30.383,3.013
8699,25.861,31.157,3.051
8700,26.321,30.584,2.810
8701,25.130,29.668,3.486
8702,25.888,32.674,2.704
8703,25.392,30.229,2.805
8704,25.463,27.966,2.746
8705,26.510,29.707,3.217
8706,25.453,28.986,2.802
8707,25.524,29.271,2.584
8708,24.944,27.687,2.781
8709,25.397,27.243,3.294
8710,24.430,28.283,4.170
8711,25.752,29.170,2.675
8712,25.451,29.006,2.788
8713,25.343,28.958,3.632
8714,25.824,28.986,2.743
8715,25.911,29.037,3.893
8716,25.880,28.814,3.440
8717,25.263,28.109,2.952
8718,25.388,29.824,2.916
8719,23.709,28.965,4.229
8720,24.971,30.292,3.593
8721,25.546,28.839,3.478
8722,25.225,29.094,3.006
8723,25.083,28.676,3.963
8724,24.582,29.359,4.515
8725,24.592,28.889,4.554
8726,24.903,29.467,3.968
8727,26.785,29.610,3.804
8728,25.170,30.205,4.602
8729,23.550,30.233,4.077
8730,24.292,29.269,3.084
8731,24.612,28.716,3.823
8732,24.512,28.281,4.402
8733,24.507,29.184,4.220
8734,25.167,29.809,4.357
8735,24.629,29.564,3.918
8736,26.276,29.809,3.211
8737,25.567,30.917,3.099
8738,25.261,30.990,3.762
8739,24.371,31.856,3.751
8740,26.096,32.313,3.561
8741,25.270,31.885,2.850
8742,24.562,29.020,4.353
8743,23.648,29.470,4.070
8744,24.749,29.994,4.095
8745,25.435,28.542,5.147
8746,25.910,29.287,5.132
8747,25.509,28.946,4.855
8748,26.358,29.469,3.724
8749,25.406,29.085,4.353
8750,25.260,32.647,4.733
8751,26.665,32.788,3.896
8752,25.061,31.100,2.880
8753,25.620,30.189,3.032
8754,24.909,32.179,4.321
8755,25.518,31.645,4.635
8756,25.386,30.891,2.721
8757,25.438,29.841,3.741
8758,24.122,30.002,4.673
8759,25.171,31.255,3.536
8760,24.963,31.297,3.733
8761,26.348,32.937,3.143
8762,25.149,30.053,3.803
8763,24.972,31.168,3.752
8764,25.693,30.966,3.551
8765,26.241,32.698,3.947
8766,26.227,30.830,3.316
8767,25.798,31.101,3.383
8768,25.587,30.960,3.920
8769,25.100,30.177,3.729
8770,25.548,31.122,2.817
8771,24.625,30.489,4.181
8772,27.005,29.472,3.848
8773,27.635,28.681,3.662
8774,27.251,27.500,3.360
8775,23.884,27.061,4.193
8776,25.849,28.469,2.737
8777,25.079,29.127,3.813
8778,25.333,30.312,3.977
8779,25.612,30.182,3.734
8780,25.705,31.979,2.780
8781,27.510,29.162,2.804
8782,25.524,30.286,2.990
8783,24.120,30.236,4.221
8784,24.789,30.176,3.799
8785,24.806,27.488,3.791
8786,24.480,26.698,3.541
8787,24.829,27.543,4.070
8788,24.251,26.301,2.924
8789,25.347,28.524,2.793
8790,24.736,27.887,2.772
8791,23.230,27.343,4.811
8792,23.624,26.758,3.754
8793,23.993,27.692,3.091
8794,25.201,28.678,2.784
8795,25.309,27.917,3.081
8796,23.682,27.184,4.603
8797,25.175,28.227,2.930
8798,25.207,28.755,3.878
8799,24.944,28.908,2.783
8800,25.509,29.097,3.119
8801,25.069,28.411,3.066
8802,25.519,28.714,3.464
8803,25.597,27.759,3.613
8804,25.256,26.123,3.747
8805,25.665,28.288,3.837
8806,25.575,27.927,3.307
8807,25.683,28.196,3.818
8808,23.308,26.463,4.915
8809,26.017,30.133,2.772
8810,24.966,28.603,3.136
8811,23.983,29.107,2.843
8812,25.321,28.465,3.173
8813,25.041,28.647,3.809
8814,25.372,29.097,3.174
8815,24.359,27.799,3.921
8816,25.992,29.450,3.433
8817,25.421,28.399,4.140
8818,24.917,29.573,3.812
8819,25.829,29.177,3.964
8820,25.040,29.248,4.100
8821,25.667,29.058,2.800
8822,26.009,28.758,3.988
8823,25.081,27.130,3.245
8824,24.540,28.369,4.442
8825,25.748,29.645,3.859
8826,25.636,29.018,4.197
8827,25.041,28.772,3.802
8828,25.724,29.224,3.470
8829,24.546,29.853,4.373
8830,25.342,28.880,4.014
8831,26.174,29.813,3.301
8832,24.503,28.992,3.827
8833,25.938,28.431,3.190
8834,25.855,30.115,3.130
8835,25.273,29.439,3.417
8836,25.002,29.494,2.866
8837,25.376,28.672,2.784
8838,25.627,29.095,2.915
8839,24.992,29.601,3.111
8840,25.036,29.131,3.326
8841,26.007,28.907,2.748
8842,25.832,29.627,2.743
8843,25.887,29.338,3.791
8844,25.694,29.353,2.666
8845,25.560,28.565,3.249
8846,24.831,28.566,3.936
8847,24.994,29.079,2.858
8848,25.746,29.400,3.890
8849,26.368,29.337,2.946
8850,25.460,29.677,3.147
8851,25.347,29.092,3.807
8852,25.576,28.918,2.928
8853,26.440,29.885,2.819
8854,25.079,28.414,4.435
8855,25.954,28.151,2.982
8856,26.636,28.049,3.285
8857,25.559,27.774,3.294
8858,24.911,27.494,2.987
8859,24.718,28.740,3.766
8860,24.495,28.247,3.338
8861,24.805,27.298,3.441
8862,24.431,26.905,4.325
8863,25.584,29.968,2.690
8864,25.437,27.995,2.762
8865,24.018,27.233,2.991
8866,24.573,27.472,3.811
8867,24.732,27.825,4.577
8868,24.685,27.099,4.347
8869,25.414,28.400,3.355
8870,24.938,29.060,2.760
8871,24.835,27.784,3.553
8872,25.032,26.903,3.153
8873,24.919,29.101,2.842
8874,24.396,27.973,2.843
8875,24.174,28.321,2.745
8876,24.676,27.894,2.845
8877,25.610,27.388,2.918
8878,24.794,27.874,3.140
8879,25.436,27.502,3.433
8880,23.007,25.413,4.227
8881,24.737,28.706,3.195
8882,24.064,28.010,3.615
8883,24.687,27.962,2.987
8884,24.790,28.343,2.881
8885,24.431,28.293,2.670
8886,24.897,27.189,2.772
8887,24.792,28.451,3.680
8888,23.643,27.347,2.903
8889,24.077,27.354,3.030
8890,23.772,27.740,3.192
8891,24.251,28.747,3.088
8892,24.634,27.178,3.675
8893,23.842,26.238,2.821
8894,23.878,27.349,4.086
8895,24.572,27.694,3.505
8896,24.153,27.512,2.946
8897,23.135,27.449,3.239
8898,23.971,27.804,2.994
8899,24.293,27.046,2.751
8900,24.780,26.952,3.141
8901,25.177,28.596,3.694
8902,23.993,27.885,3.174
8903,23.798,27.684,3.095
8904,24.035,28.357,3.019
8905,24.821,29.207,3.273
8906,24.449,27.724,2.887
8907,24.388,28.547,3.198
8908,23.481,27.137,3.478
8909,23.600,28.366,3.267
8910,24.348,27.995,3.111
8911,24.318,27.485,2.707
8912,24.655,29.972,3.088
8913,24.344,28.781,2.833
8914,24.345,28.271,3.370
8915,24.478,28.898,3.532
8916,23.819,27.161,3.499
8917,24.996,29.563,2.910
8918,24.200,27.888,3.836
8919,24.443,28.661,2.684
8920,23.219,28.350,4.393
8921,23.357,27.844,4.780
8922,22.959,27.804,5.218
8923,24.262,28.488,4.780
8924,24.184,27.605,5.234
8925,24.150,27.424,4.117
8926,24.910,27.877,2.950
8927,24.635,28.144,2.894
8928,24.853,28.278,3.636
8929,23.582,26.389,3.018
8930,24.460,27.781,3.614
8931,24.678,26.786,3.467
8932,24.865,28.012,3.510
8933,24.399,28.467,2.916
8934,25.359,28.216,3.368
8935,24.140,28.578,3.134
8936,23.485,26.695,3.326
8937,24.977,27.632,2.810
8938,23.787,26.575,3.128
8939,23.896,28.286,2.678
8940,25.087,27.546,3.085
8941,24.516,27.728,2.794
8942,25.087,28.981,2.797
8943,23.304,27.346,4.015
8944,24.343,27.957,3.666
8945,24.783,29.206,2.938
8946,25.469,27.921,4.029
8947,24.773,26.999,3.792
8948,24.936,28.859,4.089
8949,24.892,27.117,4.044
8950,25.275,27.703,3.923
8951,24.612,27.505,3.883
8952,24.573,28.072,4.201
8953,25.230,26.997,4.001
8954,25.818,27.247,3.495
8955,24.440,27.362,3.395
8956,24.407,27.667,3.345
8957,24.148,27.777,4.121
8958,25.070,27.085,3.644
8959,24.617,27.012,4.090
8960,24.157,27.505,4.215
8961,24.730,28.041,4.513
8962,24.399,28.162,3.779
8963,24.858,28.446,3.242
8964,24.746,27.477,3.184
8965,24.525,26.757,3.591
8966,24.603,27.728,3.551
8967,25.206,28.037,3.605
8968,25.003,27.777,3.746
8969,25.417,28.732,3.530
8970,25.672,29.265,3.525
8971,24.805,26.337,3.051
8972,25.310,26.494,3.825
8973,26.206,27.755,3.767
8974,24.863,28.022,3.506
8975,24.841,27.441,3.424
8976,26.499,27.278,3.464
8977,24.917,27.722,3.557
8978,25.706,27.637,2.965
8979,25.790,28.186,3.047
8980,25.484,29.264,2.932
8981,24.231,29.051,3.753
8982,24.496,27.760,3.580
8983,24.522,28.111,3.300
8984,24.106,27.030,3.701
8985,24.739,28.118,2.733
8986,25.547,27.401,3.154
8987,25.916,26.837,3.555
8988,25.522,27.113,4.204
8989,24.344,28.201,3.237
8990,24.631,26.534,3.996
8991,24.696,27.714,3.166
8992,24.723,27.485,2.857
8993,25.118,28.662,3.369
8994,25.064,27.998,3.246
8995,24.235,27.486,3.535
8996,24.896,28.576,3.205
8997,24.924,28.138,3.671
8998,23.524,27.814,3.716
8999,25.045,26.198,3.710
9000,24.508,28.337,3.037
9001,24.057,27.544,3.836
9002,24.797,27.338,3.723
9003,25.801,28.035,3.359
9004,25.429,28.090,3.677
9005,24.692,28.498,3.618
9006,25.880,27.914,3.550
9007,24.841,27.035,3.277
9008,25.247,29.171,3.886
9009,24.774,27.864,3.458
9010,25.257,28.982,3.205
9011,24.993,27.564,2.915
9012,26.067,26.943,3.070
9013,25.892,26.980,3.345
9014,26.370,27.591,3.653
9015,26.064,26.493,3.291
9016,26.342,27.973,3.985
9017,26.592,27.418,3.234
9018,25.119,26.961,3.225
9019,25.910,28.522,3.636
9020,25.814,27.549,2.779
9021,24.792,26.727,3.476
9022,26.156,28.722,3.562
9023,26.026,27.992,3.772
9024,25.055,27.883,2.975
9025,25.888,27.879,3.070
9026,26.279,27.903,3.389
9027,26.323,26.551,3.798
9028,26.081,28.082,3.933
9029,26.315,27.278,3.485
9030,25.685,29.231,4.200
9031,25.981,26.769,3.579
9032,25.224,28.228,3.441
9033,25.257,27.849,3.191
9034,25.680,27.814,3.708
9035,25.761,27.193,3.844
9036,25.454,28.534,3.602
9037,25.454,26.739,3.543
9038,26.058,29.724,3.119
9039,24.150,27.166,3.652
9040,25.544,27.769,4.277
9041,26.610,26.987,3.525
9042,25.938,27.591,3.233
9043,25.493,26.807,2.930
9044,25.126,26.672,3.404
9045,24.667,27.919,4.103
9046,25.366,29.710,4.268
9047,25.515,29.282,5.024
9048,24.239,28.860,4.468
9049,24.693,30.100,4.369
9050,23.163,27.628,6.086
9051,24.266,28.461,4.163
9052,25.413,28.320,3.576
9053,24.391,28.272,4.136
9054,24.632,29.470,3.939
9055,24.724,28.723,3.236
9056,25.146,28.214,3.318
9057,24.677,27.791,3.652
9058,24.674,27.166,3.727
9059,24.545,29.358,4.159
9060,24.116,28.046,4.227
9061,24.114,26.689,4.339
9062,23.982,28.413,3.009
9063,24.842,28.857,3.549
9064,25.207,28.484,3.193
9065,24.929,29.654,4.515
9066,24.121,29.245,4.546
9067,25.441,27.822,3.901
9068,25.077,28.194,3.252
9069,24.889,28.909,4.482
9070,24.168,27.159,4.270
9071,24.210,27.032,3.970
9072,24.144,26.661,4.354
9073,24.120,28.128,3.327
9074,24.659,27.178,4.141
9075,24.691,28.442,3.626
9076,23.959,27.717,4.092
9077,25.326,27.907,3.981
9078,24.321,28.068,3.554
9079,23.688,26.499,3.681
9080,25.522,26.379,2.850
9081,24.620,27.686,3.663
9082,24.428,27.870,3.257
9083,24.645,29.638,4.036
9084,26.177,28.643,3.746
9085,24.085,28.474,4.959
9086,24.607,27.660,3.498
9087,24.097,29.472,4.823
9088,24.211,30.843,5.091
9089,24.827,27.484,3.721
9090,24.571,27.347,3.936
9091,25.383,28.691,3.021
9092,24.853,26.812,3.764
9093,24.215,27.431,2.760
9094,24.970,27.611,4.500
9095,24.059,29.177,4.567
9096,25.477,30.601,4.858
9097,25.002,27.882,4.920
9098,25.212,29.502,4.281
9099,24.121,28.180,5.166
9100,24.336,29.077,4.857
9101,23.526,27.138,5.132
9102,24.775,27.963,4.926
9103,24.681,28.677,5.122
9104,24.624,27.314,4.970
9105,25.402,28.052,4.207
9106,25.420,27.407,3.527
9107,23.863,25.879,5.564
9108,25.190,26.939,4.653
9109,24.323,27.120,3.878
9110,25.679,28.776,2.821
9111,24.980,28.309,3.754
9112,25.241,27.797,4.378
9113,25.256,27.952,3.827
9114,25.268,27.201,4.035
9115,25.788,26.426,3.150
9116,25.085,28.031,3.241
9117,24.348,27.684,4.288
9118,24.510,27.223,4.089
9119,24.422,27.510,4.877
9120,24.477,27.665,4.240
9121,24.744,28.460,4.205
9122,23.810,27.199,5.867
9123,23.779,26.213,5.683
9124,24.136,28.742,4.021
9125,24.991,28.699,4.361
9126,25.412,31.241,6.250
9127,25.612,29.956,4.195
9128,24.840,29.928,5.773
9129,24.891,28.641,4.066
9130,26.041,31.954,6.132
9131,25.287,29.763,5.069
9132,25.056,29.958,5.462
9133,27.396,31.532,5.055
9134,25.681,30.653,5.813
9135,26.242,30.603,5.504
9136,26.355,32.598,4.550
9137,26.070,30.733,4.956
9138,27.417,31.959,5.313
9139,26.988,30.979,4.932
9140,26.899,31.061,4.600
9141,27.444,32.067,4.627
9142,26.980,31.254,4.468
9143,25.558,30.640,4.094
9144,27.510,30.928,4.031
9145,27.398,30.463,4.727
9146,26.512,31.068,4.083
9147,26.136,32.664,3.800
9148,27.061,31.512,4.458
9149,26.033,29.903,4.513
9150,26.264,32.010,6.180
9151,25.708,32.200,4.736
9152,27.011,32.449,5.164
9153,26.783,32.861,6.176
9154,27.799,33.935,6.028
9155,25.944,33.487,6.211
9156,26.494,32.395,5.016
9157,26.184,31.886,4.676
9158,27.240,31.568,3.889
9159,26.465,32.013,4.021
9160,26.530,31.631,4.365
9161,26.470,32.300,4.201
9162,27.273,30.534,3.888
9163,26.610,30.717,4.206
9164,26.467,31.782,3.754
9165,26.683,30.556,3.627
9166,26.046,30.499,3.419
9167,26.278,29.655,3.667
9168,26.623,30.483,4.002
9169,26.517,30.051,4.753
9170,26.156,30.065,4.335
9171,26.482,30.011,3.835
9172,26.614,31.055,4.686
9173,25.684,30.062,5.662
9174,25.550,29.485,4.732
9175,28.078,30.781,4.365
9176,26.790,30.034,4.167
9177,26.803,31.746,4.811
9178,26.402,30.101,4.205
9179,25.847,29.026,4.202
9180,26.153,29.676,4.773
9181,26.070,30.883,4.508
9182,26.285,30.808,3.968
9183,26.090,30.630,4.137
9184,26.625,31.040,4.014
9185,27.088,31.226,4.635
9186,26.323,31.416,4.463
9187,26.789,31.848,5.959
9188,25.592,31.447,4.910
9189,24.964,30.986,6.278
9190,25.406,31.606,4.640
9191,26.420,32.201,4.296
9192,25.594,31.081,4.082
9193,26.021,30.729,4.024
9194,26.834,30.983,3.496
9195,24.609,28.747,4.032
9196,24.470,29.592,2.984
9197,24.634,30.157,3.252
9198,24.805,29.906,3.507
9199,23.880,28.194,2.809
9200,24.865,28.539,4.276
9201,24.370,27.609,3.609
9202,25.182,30.946,5.691
9203,25.255,31.380,6.370
9204,24.817,32.215,6.695
9205,25.415,31.754,8.379
9206,26.957,30.216,5.061
9207,24.825,29.019,3.469
9208,24.436,28.434,2.835
9209,24.473,27.971,3.979
9210,23.362,27.824,3.291
9211,23.959,29.041,3.816
9212,24.516,28.192,4.027
9213,23.774,27.897,3.901
9214,24.588,28.302,3.552
9215,25.343,29.024,3.798
9216,25.368,29.354,3.600
9217,25.474,29.758,3.707
9218,24.221,28.448,3.853
9219,25.007,30.456,4.171
9220,24.846,29.024,3.501
9221,25.381,29.094,2.969
9222,23.939,28.451,3.964
9223,23.860,28.366,3.178
9224,24.692,28.836,3.555
9225,24.305,27.883,2.956
9226,21.950,26.349,4.298
9227,23.229,26.152,3.702
9228,22.683,26.479,4.532
9229,20.137,21.878,6.396
9230,21.690,23.679,5.207
9231,22.231,26.521,3.833
9232,19.897,24.649,5.424
9233,21.165,25.605,5.884
9234,21.131,23.616,6.616
9235,21.238,24.201,6.353
9236,21.274,25.738,5.146
9237,22.628,26.002,4.627
9238,21.155,25.660,5.668
9239,21.942,25.707,7.251
9240,24.022,28.461,4.171
9241,23.803,29.488,4.875
9242,22.650,28.262,5.788
9243,22.374,27.574,4.098
9244,20.764,25.084,6.657
9245,20.968,25.620,5.635
9246,21.556,26.426,6.320
9247,20.933,25.671,7.958
9248,19.622,24.899,8.370
9249,21.131,25.086,6.468
9250,19.689,25.316,8.020
9251,19.434,25.185,8.869
9252,19.749,24.111,7.775
9253,23.117,26.762,5.654
9254,21.135,25.200,7.525
9255,21.703,25.871,6.644
9256,20.638,24.685,7.903
9257,21.377,26.239,6.140
9258,20.811,24.646,6.249
9259,23.715,26.541,5.262
9260,25.104,30.857,4.406
9261,24.397,27.765,3.166
9262,25.346,29.628,3.445
9263,24.823,27.934,3.098
9264,24.849,28.315,2.909
9265,24.729,28.617,2.907
9266,24.510,27.998,3.290
9267,24.791,28.723,2.780
9268,24.913,29.044,3.658
9269,24.635,28.161,2.998
9270,24.887,27.905,3.381
9271,25.571,28.384,3.297
9272,24.907,28.422,2.797
9273,24.806,27.640,2.971
9274,25.649,28.880,2.812
9275,25.775,28.298,3.096
9276,25.676,27.693,2.779
9277,25.379,28.610,3.259
9278,26.491,27.680,3.307
9279,24.771,27.990,3.801
9280,25.682,27.606,2.820
9281,25.651,28.478,3.356
9282,25.601,28.526,3.668
9283,26.284,29.023,3.196
9284,25.550,29.515,3.071
9285,25.440,28.732,3.448
9286,26.304,28.753,3.381
9287,24.798,27.653,3.045
9288,25.551,28.796,3.513
9289,25.444,28.134,4.035
9290,25.045,29.339,3.390
9291,25.726,29.386,3.644
9292,26.113,29.953,3.268
9293,26.008,28.681,2.961
9294,25.256,28.106,4.155
9295,25.134,28.952,3.042
9296,24.999,29.798,3.187
9297,24.622,27.605,2.993
9298,25.618,28.948,2.779
9299,25.912,28.524,2.715
9300,26.544,28.495,3.466
9301,23.707,26.953,3.338
9302,26.320,28.410,4.272
9303,25.936,31.074,3.937
9304,24.866,30.459,3.602
9305,25.743,30.149,3.905
9306,27.302,30.753,3.933
9307,26.799,30.885,4.051
9308,25.841,30.219,3.730
9309,24.580,28.056,3.784
9310,26.269,29.196,3.837
9311,25.212,28.687,3.017
9312,25.432,28.843,2.852
9313,25.761,30.157,3.190
9314,25.569,29.742,3.077
9315,26.006,27.835,3.379
9316,24.803,28.751,4.247
9317,27.461,29.394,3.953
9318,26.480,28.319,3.618
9319,26.601,29.617,3.815
9320,26.845,29.214,3.947
9321,26.596,27.605,4.033
9322,25.745,30.195,4.111
9323,25.726,29.257,3.817
9324,26.104,29.966,4.639
9325,26.555,29.885,3.945
9326,25.667,28.046,2.998
9327,26.056,29.540,3.834
9328,25.161,29.549,3.633
9329,25.426,28.530,3.249
9330,26.657,30.362,3.441
9331,25.224,27.675,4.043
9332,25.957,29.492,3.671
9333,26.301,29.247,3.987
9334,24.717,28.134,3.790
9335,25.734,27.776,3.497
9336,25.130,28.243,2.702
9337,25.910,30.132,3.241
9338,26.517,28.823,3.238
9339,25.325,27.823,3.278
9340,26.163,28.838,3.672
9341,25.324,28.613,3.966
9342,27.037,28.664,3.834
9343,26.080,28.768,3.391
9344,27.089,29.701,3.848
9345,26.239,28.865,3.680
9346,27.290,29.017,3.484
9347,26.518,29.036,3.451
9348,26.286,29.760,3.041
9349,25.233,28.482,4.164
9350,25.382,28.888,3.734
9351,25.786,30.263,3.642
9352,25.517,28.566,3.030
9353,24.533,28.892,3.895
9354,25.900,28.805,3.352
9355,26.022,30.509,3.580
9356,26.360,30.213,3.441
9357,24.698,29.197,3.571
9358,25.965,29.129,3.562
9359,26.245,29.060,3.899
9360,26.097,30.213,3.156
9361,26.029,29.274,2.791
9362,25.348,29.573,3.572
9363,25.654,29.299,3.941
9364,24.099,28.701,4.387
9365,25.327,28.704,3.492
9366,24.558,29.245,3.533
9367,25.536,29.071,3.887
9368,26.233,29.200,4.019
9369,25.508,29.847,3.846
9370,27.323,31.100,3.301
9371,25.686,28.401,3.736
9372,25.461,30.032,3.649
9373,25.853,28.929,2.849
9374,25.247,29.342,3.382
9375,25.708,28.304,4.033
9376,26.095,29.269,3.735
9377,26.349,30.417,3.542
9378,25.880,29.414,3.636
9379,25.705,29.707,3.583
9380,26.623,29.842,3.854
9381,25.147,29.238,2.979
9382,26.467,28.229,3.225
9383,26.807,30.962,3.693
9384,25.465,28.270,3.295
9385,25.336,27.502,2.954
9386,25.480,28.135,2.961
9387,25.210,29.191,2.872
9388,24.974,27.640,2.600
9389,26.333,29.643,3.151
9390,25.832,30.143,2.909
9391,26.058,29.667,3.070
9392,25.837,28.288,2.746
9393,27.381,30.421,3.499
9394,26.408,29.314,3.159
9395,26.804,29.401,3.515
9396,26.736,29.313,3.336
9397,26.429,30.808,2.841
9398,25.828,29.607,2.683
9399,25.473,28.670,2.854
9400,28.297,30.417,3.066
9401,27.160,30.195,2.787
9402,26.554,29.253,3.042
9403,26.604,28.810,3.015
9404,28.189,30.582,2.927
9405,28.103,28.247,3.093
9406,27.552,29.249,3.544
9407,28.472,29.647,3.607
9408,28.661,29.947,2.805
9409,28.877,30.330,2.645
9410,28.905,29.660,2.773
9411,27.474,30.008,2.852
9412,29.054,28.748,2.890
9413,28.544,29.752,3.216
9414,26.850,29.353,2.894
9415,26.667,30.201,3.102
9416,28.370,30.037,2.844
9417,27.889,29.199,3.424
9418,26.894,28.520,2.885
9419,28.392,29.635,3.183
9420,27.002,28.769,2.905
9421,27.369,28.489,3.268
9422,27.620,29.354,3.397
9423,27.348,29.447,3.300
9424,28.334,30.133,3.377
9425,25.906,30.389,3.338
9426,24.679,29.256,2.783
9427,25.797,31.234,2.747
9428,26.809,30.197,3.225
9429,25.867,29.865,4.211
9430,27.069,29.731,3.321
9431,26.710,27.967,2.841
9432,26.089,28.284,3.235
9433,27.235,29.456,3.566
9434,27.958,29.677,3.736
9435,29.598,33.849,5.490
9436,27.927,29.770,3.498
9437,27.052,29.413,3.494
9438,28.309,29.042,2.675
9439,28.424,30.596,3.224
9440,27.281,29.105,2.950
9441,27.822,29.095,2.915
9442,27.815,28.507,2.848
9443,26.136,27.679,2.956
9444,27.487,29.557,3.107
9445,29.653,31.588,3.228
9446,27.532,28.980,2.938
9447,26.756,29.131,3.182
9448,28.284,28.975,3.107
9449,27.772,28.803,3.192
9450,28.702,29.133,3.106
9451,28.185,28.671,2.730
9452,27.922,28.618,2.908
9453,28.103,29.119,3.054
9454,28.546,30.766,3.545
9455,28.715,28.349,3.546
9456,27.927,28.728,2.830
9457,27.467,28.375,3.174
9458,26.840,30.007,2.908
9459,27.855,29.924,2.816
9460,27.535,27.987,2.780
9461,27.744,28.395,3.136
9462,27.047,28.199,2.662
9463,27.345,28.806,2.902
9464,27.268,29.520,2.742
9465,27.038,29.058,3.488
9466,27.316,28.983,3.225
9467,25.694,29.385,3.035
9468,25.924,29.938,4.013
9469,26.123,28.437,3.135
9470,26.325,28.267,5.218
9471,26.831,29.719,3.326
9472,27.071,28.430,2.873
9473,27.761,28.816,3.145
9474,25.900,27.288,2.883
9475,27.571,28.916,3.558
9476,26.435,28.922,3.029
9477,27.786,28.780,3.790
9478,26.819,28.281,4.676
9479,26.626,28.673,3.695
9480,26.040,27.404,3.481
9481,25.984,28.964,2.673
9482,25.302,29.895,3.903
9483,24.728,29.094,3.425
9484,24.291,29.122,3.507
9485,25.807,29.004,3.518
9486,25.005,28.815,3.420
9487,24.738,28.448,3.493
9488,24.575,28.288,3.504
9489,25.325,29.355,3.329
9490,25.561,27.987,3.922
9491,26.465,28.348,4.036
9492,27.537,28.542,4.887
9493,28.220,28.083,4.612
9494,28.095,28.264,3.819
9495,28.839,27.789,3.902
9496,29.494,28.080,3.151
9497,28.849,26.725,3.145
9498,28.808,27.732,2.993
9499,29.175,27.335,2.796
9500,28.242,28.308,2.795
9501,29.312,28.325,3.179
9502,27.885,27.775,2.984
9503,27.108,28.091,3.348
9504,25.270,27.327,2.797
9505,26.245,27.927,3.055
9506,27.056,29.847,3.629
9507,26.269,28.040,3.410
9508,27.022,27.700,3.586
9509,26.433,27.066,3.279
9510,26.024,27.393,2.582
9511,26.653,27.938,2.567
9512,26.573,27.759,2.911
9513,26.377,27.684,3.254
9514,27.020,28.296,2.934
9515,26.527,29.449,3.180
9516,27.114,28.511,2.895
9517,27.121,28.073,3.153
9518,26.588,28.357,3.323
9519,26.318,29.387,3.132
9520,25.972,29.524,4.237
9521,26.379,29.914,3.081
9522,27.624,28.997,2.979
9523,27.465,28.503,3.213
9524,23.911,26.067,3.440
9525,24.446,25.741,3.457
9526,25.842,26.720,2.839
9527,26.498,28.559,3.242
9528,27.014,28.548,2.789
9529,26.517,28.289,2.971
9530,26.987,28.852,3.021
9531,26.386,27.386,3.893
9532,25.179,27.235,3.733
9533,27.241,28.106,2.779
9534,27.094,26.483,3.010
9535,26.267,27.259,3.691
9536,26.189,28.790,2.955
9537,27.704,28.924,3.315
9538,27.170,28.291,3.246
9539,25.656,27.674,2.775
9540,24.414,27.223,2.849
9541,25.899,28.241,2.984
9542,25.566,28.956,3.821
9543,25.809,28.541,4.154
9544,26.047,28.308,2.869
9545,25.921,27.744,3.904
9546,26.095,26.978,2.876
9547,25.161,28.234,3.833
9548,24.567,27.870,3.983
9549,25.817,28.664,3.688
9550,25.541,27.868,2.804
9551,26.025,29.605,3.606
9552,26.542,27.985,4.158
9553,25.376,27.751,4.159
9554,25.127,27.104,4.378
9555,26.465,28.985,3.846
9556,25.432,28.616,2.699
9557,25.299,28.546,4.415
9558,25.909,28.730,4.218
9559,26.135,28.196,3.502
9560,25.355,27.105,2.791
9561,26.383,27.515,3.524
9562,25.405,27.631,3.513
9563,26.170,27.570,3.055
9564,26.469,27.190,3.010
9565,26.150,27.174,3.049
9566,25.136,27.392,3.161
9567,27.630,27.794,3.552
9568,28.249,26.630,3.329
9569,29.393,28.746,2.722
9570,28.195,29.356,3.689
9571,29.425,28.286,3.925
9572,28.315,27.800,3.179
9573,27.528,27.133,2.920
9574,28.090,27.861,3.940
9575,28.040,28.257,4.418
9576,27.686,28.435,2.825
9577,26.836,27.826,3.784
9578,27.672,27.879,2.834
9579,24.970,27.831,3.801
9580,25.388,27.859,4.359
9581,26.237,28.011,4.284
9582,25.846,27.780,3.798
9583,25.320,27.703,3.731
9584,25.523,27.475,3.556
9585,26.005,27.050,3.656
9586,26.532,28.292,3.842
9587,25.807,27.390,2.979
9588,25.905,26.346,3.738
9589,26.950,29.032,2.894
9590,26.961,27.257,2.793
9591,26.333,27.935,3.014
9592,27.586,27.718,3.088
9593,26.454,26.792,2.762
9594,27.998,28.244,2.803
9595,27.116,27.658,2.820
9596,26.920,27.566,3.164
9597,27.416,27.582,3.339
9598,26.263,27.450,2.832
9599,26.648,28.292,3.164
9600,27.122,28.272,3.036
9601,25.814,27.261,2.682
9602,26.946,28.283,3.158
9603,27.422,28.774,3.182
9604,28.602,28.865,3.778
9605,29.253,27.796,3.280
9606,28.579,28.585,2.857
9607,28.052,28.591,3.190
9608,27.986,28.227,2.956
9609,28.794,28.691,2.620
9610,28.481,28.815,2.942
9611,26.173,27.918,2.960
9612,25.833,28.539,3.509
9613,25.937,28.761,2.809
9614,27.008,27.794,2.979
9615,26.113,28.213,3.195
9616,26.266,27.927,3.117
9617,26.523,28.333,3.020
9618,26.528,27.997,3.715
9619,26.900,27.906,3.031
9620,25.101,27.297,3.439
9621,25.410,27.960,3.550
9622,26.557,28.945,2.957
9623,26.798,28.957,3.314
9624,26.141,27.664,2.896
9625,25.414,27.741,4.369
9626,26.169,28.333,2.920
9627,26.505,30.415,2.686
9628,25.503,28.249,2.947
9629,24.637,28.552,3.480
9630,25.667,27.952,2.942
9631,26.449,28.042,3.251
9632,25.937,26.966,3.435
9633,25.333,28.710,3.426
9634,25.115,27.417,4.845
9635,24.851,28.062,4.170
9636,25.961,27.294,3.219
9637,25.813,27.725,4.199
9638,25.775,27.369,3.567
9639,25.458,28.698,3.425
9640,25.538,29.206,3.345
9641,25.686,27.718,3.759
9642,26.637,27.585,3.895
9643,26.293,27.759,3.386
9644,26.294,28.687,4.050
9645,25.895,28.526,3.654
9646,25.672,28.462,4.496
9647,24.956,28.301,4.267
9648,26.106,28.455,4.441
9649,26.101,28.175,4.335
9650,25.623,27.265,3.922
9651,25.623,26.795,4.198
9652,25.462,28.174,4.090
9653,25.410,28.687,3.610
9654,27.187,29.632,3.091
9655,27.048,28.690,3.988
9656,26.687,29.497,3.627
9657,27.094,30.273,3.433
9658,26.785,27.848,2.968
9659,26.382,29.387,2.820
9660,26.334,28.248,3.146
9661,26.457,27.744,3.427
9662,25.975,28.743,3.767
9663,26.174,27.426,2.857
9664,25.886,27.667,2.669
9665,25.672,28.095,3.274
9666,26.209,26.569,2.863
9667,25.879,27.362,3.050
9668,26.592,27.827,2.724
9669,27.237,28.197,3.794
9670,25.894,26.923,3.187
9671,26.487,27.250,2.871
9672,26.163,26.656,2.791
9673,26.712,28.722,2.794
9674,24.970,27.905,3.297
9675,24.239,26.524,3.115
9676,26.263,27.207,3.081
9677,25.460,26.932,2.706
9678,25.463,27.828,2.673
9679,25.716,28.558,3.031
9680,27.171,29.812,2.721
9681,25.926,28.053,2.748
9682,26.737,28.049,3.204
9683,26.255,28.217,3.174
9684,25.861,28.547,4.373
9685,25.298,27.817,3.895
9686,26.428,28.722,3.344
9687,25.853,29.615,3.013
9688,26.411,29.387,2.864
9689,25.019,30.036,2.761
9690,25.223,27.197,2.684
9691,24.715,28.226,2.984
9692,24.598,27.925,2.628
9693,24.671,28.501,3.204
9694,25.434,27.828,3.017
9695,25.832,29.484,4.443
9696,25.326,28.686,4.580
9697,24.811,29.482,4.331
9698,24.593,28.904,4.626
9699,25.578,29.144,2.926
9700,25.114,29.360,4.111
9701,25.790,28.794,4.531
9702,25.867,28.487,3.060
9703,25.891,29.036,2.793
9704,25.437,27.861,4.806
9705,25.847,27.636,2.978
9706,25.548,28.019,4.510
9707,26.279,27.919,4.333
9708,25.600,27.451,4.574
9709,25.386,28.437,4.389
9710,24.005,27.951,5.375
9711,25.339,28.442,4.133
9712,25.971,27.793,5.314
9713,25.569,27.896,4.412
9714,25.652,29.447,4.339
9715,25.500,26.800,4.491
9716,24.137,26.888,5.025
9717,24.861,28.125,5.339
9718,24.574,27.798,5.553
9719,25.235,27.520,4.953
9720,24.509,27.656,4.903
9721,26.180,26.838,2.837
9722,25.603,29.048,3.324
9723,24.756,28.692,3.733
9724,26.297,28.767,2.787
9725,25.546,27.880,3.130
9726,26.111,28.871,3.042
9727,25.538,27.581,4.627
9728,25.176,28.660,4.450
9729,25.474,28.623,4.407
9730,24.666,28.889,3.016
9731,24.858,29.026,4.233
9732,25.234,27.643,4.847
9733,26.032,28.957,4.654
9734,25.327,27.846,4.746
9735,25.806,28.667,4.174
9736,26.342,27.247,3.917
9737,26.186,26.685,5.293
9738,25.872,28.710,4.067
9739,26.174,28.879,4.237
9740,25.727,28.353,3.264
9741,25.986,27.435,2.988
9742,24.497,27.446,3.064
9743,25.187,28.312,3.460
9744,25.018,27.681,2.970
9745,25.277,28.070,3.660
9746,24.489,27.452,3.017
9747,24.616,27.343,2.899
9748,24.406,27.808,3.176
9749,25.711,29.564,3.565
9750,25.097,27.377,2.778
9751,24.440,27.915,3.906
9752,24.972,28.270,3.698
9753,24.893,28.224,4.290
9754,24.539,27.836,2.673
9755,24.446,28.132,4.177
9756,24.546,26.826,3.524
9757,24.635,26.422,3.198
9758,24.782,27.604,4.248
9759,24.828,28.178,4.063
9760,24.934,28.029,3.913
9761,24.667,28.519,2.656
9762,24.295,27.185,4.444
9763,23.813,25.925,2.693
9764,25.470,28.136,3.185
9765,26.488,28.092,3.647
9766,25.446,29.054,3.180
9767,25.339,27.391,3.012
9768,24.812,27.772,2.810
9769,24.997,27.400,4.452
9770,25.120,27.696,2.725
9771,25.655,28.043,2.842
9772,25.243,27.767,2.711
9773,25.078,27.597,2.970
9774,24.982,27.335,3.220
9775,25.677,27.719,2.802
9776,24.787,27.686,3.288
9777,24.564,28.062,3.592
9778,25.220,27.808,3.135
9779,24.755,28.050,2.700
9780,25.703,28.622,3.480
9781,24.483,26.799,2.670
9782,25.417,27.183,3.173
9783,25.455,26.209,2.984
9784,24.127,27.530,3.933
9785,24.312,27.065,2.688
9786,24.747,27.243,3.121
9787,24.318,26.984,3.096
9788,25.567,27.482,4.135
9789,26.196,28.511,4.105
9790,24.469,26.789,4.309
9791,23.923,27.202,3.932
9792,25.373,28.272,5.027
9793,25.903,28.010,4.528
9794,25.339,28.027,5.253
9795,24.326,27.441,4.234
9796,25.869,28.048,3.778
9797,25.163,28.780,4.348
9798,25.319,27.993,4.613
9799,25.364,28.066,3.994
9800,25.672,28.194,4.464
9801,25.603,28.684,4.434
9802,24.792,26.485,4.726
9803,24.598,27.836,2.691
9804,24.458,27.711,4.243
9805,25.537,28.407,4.402
9806,25.445,27.569,2.783
9807,25.580,28.008,3.058
9808,25.113,26.615,2.950
9809,24.892,27.489,3.123
9810,24.438,28.626,4.524
9811,25.442,27.786,3.228
9812,24.687,26.937,4.670
9813,24.428,28.435,4.314
9814,25.746,27.919,3.405
9815,24.463,26.748,5.066
9816,24.519,27.298,4.307
9817,25.220,26.500,4.438
9818,25.494,27.129,4.480
9819,24.647,27.561,3.286
9820,25.648,27.287,3.600
9821,25.246,28.154,2.965
9822,25.916,27.661,3.127
9823,25.421,26.856,2.859
9824,25.011,26.766,3.368
9825,25.634,26.973,2.774
9826,25.709,27.360,2.753
9827,25.857,27.109,2.686
9828,26.331,27.528,2.649
9829,24.892,26.657,2.676
9830,25.354,27.254,2.723
9831,24.795,26.343,2.769
9832,25.488,27.990,3.327
9833,25.096,27.367,2.944
9834,25.208,28.138,3.594
9835,25.640,27.630,2.949
9836,25.860,28.482,2.774
9837,26.400,29.300,3.255
9838,25.716,28.557,2.722
9839,26.266,28.186,2.984
9840,25.877,27.519,2.919
9841,26.041,27.546,2.902
9842,26.512,29.062,3.111
9843,25.086,27.887,2.945
9844,25.184,28.458,2.762
9845,25.055,27.130,2.960
9846,25.150,26.270,2.769
9847,25.418,27.287,2.780
9848,26.142,27.056,2.745
9849,25.721,26.629,2.930
9850,25.579,26.632,2.912
9851,26.090,27.036,2.635
9852,26.143,26.469,2.728
9853,24.080,26.404,2.948
9854,26.162,26.304,2.850
9855,25.894,27.541,3.015
9856,24.993,26.356,2.827
9857,25.453,27.194,3.253
9858,26.670,28.555,3.617
9859,25.468,26.694,2.729
9860,25.901,26.677,2.764
9861,26.057,27.361,3.633
9862,25.834,27.716,4.105
9863,25.162,26.332,2.800
9864,24.851,27.250,4.261
9865,26.042,27.066,2.938
9866,26.206,28.007,4.015
9867,25.574,28.335,3.085
9868,25.305,27.098,2.867
9869,25.331,27.919,3.635
9870,25.434,26.374,3.003
9871,25.712,27.805,2.679
9872,26.308,27.590,3.227
9873,27.761,28.167,3.612
9874,27.335,27.364,4.127
9875,26.486,26.935,3.068
9876,27.661,25.740,2.777
9877,26.184,27.031,3.785
9878,26.960,26.749,3.617
9879,26.215,27.652,3.548
9880,26.808,26.688,3.724
9881,27.483,27.392,3.856
9882,27.101,28.352,4.047
9883,26.531,26.669,3.186
9884,26.869,26.905,3.838
9885,26.359,26.201,4.516
9886,27.179,27.307,4.615
9887,27.945,26.919,4.108
9888,28.054,28.529,4.014
9889,28.117,28.304,3.408
9890,27.468,28.331,3.177
9891,28.109,28.195,2.828
9892,26.488,27.449,4.244
9893,27.978,27.442,3.405
9894,27.198,27.984,3.967
9895,27.132,27.992,3.335
9896,26.082,27.661,4.508
9897,25.354,28.976,4.001
9898,26.057,28.154,4.290
9899,26.770,27.135,3.905
9900,25.770,28.125,3.976
9901,26.845,27.291,3.754
9902,25.958,27.300,4.279
9903,24.642,28.246,3.840
9904,24.338,27.058,5.154
9905,25.630,27.708,4.784
9906,26.351,28.418,4.403
9907,27.130,27.156,4.250
9908,26.070,27.293,3.215
9909,25.725,27.145,2.773
9910,27.353,26.610,2.781
9911,26.780,26.324,2.727
9912,25.971,27.413,3.959
9913,26.943,27.255,2.822
9914,25.878,28.174,2.640
9915,27.270,27.732,2.941
9916,28.514,29.007,3.689
9917,26.880,29.756,3.198
9918,27.595,29.151,2.805
9919,25.346,27.645,2.761
9920,26.396,28.829,2.903
9921,26.690,29.013,3.232
9922,26.773,28.994,2.814
9923,26.440,28.330,2.853
9924,26.568,28.592,2.719
9925,27.154,29.955,2.889
9926,27.125,28.966,2.815
9927,26.707,27.620,2.799
9928,25.999,29.003,2.857
9929,26.464,29.588,2.945
9930,26.872,29.855,2.697
9931,25.829,28.309,2.879
9932,25.553,29.385,2.776
9933,25.914,29.441,2.940
9934,24.592,28.935,2.891
9935,26.926,27.599,3.087
9936,27.328,28.790,2.810
9937,27.068,26.925,2.692
9938,27.857,27.814,3.266
9939,27.951,28.226,2.683
9940,27.703,29.767,2.877
9941,27.611,28.904,2.769
9942,26.516,29.379,3.439
9943,28.440,29.020,3.573
9944,26.844,28.518,3.285
9945,26.361,28.431,4.159
9946,25.765,28.333,3.309
9947,26.438,28.442,2.843
9948,25.805,27.808,2.704
9949,25.868,28.777,2.835
9950,26.497,28.122,2.807
9951,26.971,29.082,4.366
9952,26.549,28.237,2.959
9953,26.553,30.084,3.543
9954,26.567,29.608,2.839
9955,25.160,29.008,2.932
9956,25.177,27.546,2.823
9957,24.463,27.903,2.760
9958,25.643,29.318,2.815
9959,25.655,27.704,2.756
9960,25.818,29.189,3.291
9961,24.634,29.480,2.776
9962,25.660,30.807,2.877
9963,25.490,30.993,2.928
9964,25.515,28.722,2.903
9965,25.030,28.625,2.933
9966,24.723,27.895,2.729
9967,24.392,28.539,2.964
9968,23.935,27.501,2.611
9969,25.004,28.848,2.775
9970,25.162,28.648,2.868
9971,24.718,28.261,3.197
9972,24.777,27.855,3.005
9973,25.249,27.793,3.394
9974,25.338,28.407,2.764
9975,25.642,27.807,2.611
9976,24.231,27.879,2.776
9977,25.796,29.443,2.698
9978,24.384,28.535,2.859
9979,24.589,27.725,3.046
9980,24.160,27.470,2.775
9981,24.528,27.397,3.046
9982,24.396,28.186,3.046
9983,25.141,28.254,2.857
9984,26.100,26.957,2.817
9985,25.649,27.609,3.143
9986,25.431,27.032,2.994
9987,26.617,28.559,3.429
9988,26.313,28.547,2.699
9989,26.942,28.680,3.061
9990,26.978,28.457,2.901
9991,24.967,27.639,3.522
9992,27.020,27.485,3.982
9993,25.272,27.660,3.137
9994,25.603,27.202,3.842
9995,25.812,27.940,3.547
9996,26.269,27.995,3.832
9997,26.484,29.057,3.435
9998,25.936,28.283,3.779
9999,27.377,28.747,2.666
