frame,global_rmsd,core_rmsd
0,0.000,0.000
1,1.102,0.856
2,1.302,0.927
3,1.535,0.997
4,1.782,1.042
5,1.940,1.081
6,2.174,1.059
7,2.176,1.090
8,2.309,1.110
9,2.505,1.236
10,2.680,1.237
11,2.734,1.286
12,2.670,1.353
13,2.791,1.413
14,2.770,1.462
15,2.782,1.497
16,2.817,1.487
17,2.891,1.496
18,3.131,1.670
19,3.233,1.686
20,3.326,1.795
21,3.144,1.775
22,3.144,1.793
23,3.288,1.812
24,3.234,1.863
25,3.185,1.838
26,3.273,1.824
27,3.221,1.730
28,3.333,1.645
29,3.487,1.686
30,3.559,1.772
31,3.560,1.722
32,3.734,1.690
33,3.974,1.823
34,3.786,1.844
35,3.639,1.781
36,3.570,1.750
37,3.600,1.744
38,3.720,1.783
39,3.716,1.730
40,3.781,1.821
41,3.728,1.717
42,3.690,1.595
43,3.805,1.695
44,3.648,1.636
45,3.722,1.660
46,3.816,1.750
47,3.723,1.691
48,3.654,1.756
49,3.760,1.854
50,3.732,1.769
51,3.822,1.722
52,3.731,1.699
53,3.759,1.678
54,3.852,1.588
55,4.050,1.625
56,4.084,1.663
57,4.106,1.698
58,4.011,1.646
59,4.137,1.704
60,4.244,1.679
61,4.165,1.702
62,4.071,1.727
63,4.195,1.747
64,4.067,1.755
65,4.237,1.852
66,4.091,1.745
67,4.084,1.785
68,4.119,1.787
69,4.046,1.897
70,4.018,1.814
71,4.110,1.853
72,4.088,1.769
73,4.199,1.828
74,4.083,1.779
75,4.145,1.721
76,3.931,1.749
77,4.018,1.821
78,4.146,1.795
79,4.196,1.790
80,4.172,1.855
81,4.064,1.853
82,4.166,1.933
83,4.193,1.805
84,4.230,1.849
85,4.196,1.835
86,4.138,1.884
87,4.082,1.824
88,4.165,1.970
89,4.167,1.939
90,4.120,2.026
91,4.234,1.970
92,4.212,1.844
93,4.248,1.901
94,4.403,1.971
95,4.525,1.894
96,4.587,1.941
97,4.593,2.024
98,4.415,1.986
99,4.606,2.002
100,4.469,2.047
101,4.445,2.107
102,4.414,2.103
103,4.486,2.051
104,4.237,2.028
105,4.275,2.073
106,4.265,2.021
107,4.299,2.097
108,4.380,1.957
109,4.348,2.015
110,4.316,2.101
111,4.262,1.945
112,4.239,1.875
113,4.436,1.939
114,4.363,1.964
115,4.343,1.930
116,4.370,1.953
117,4.370,1.901
118,4.346,1.918
119,4.246,1.845
120,4.150,1.926
121,4.191,2.016
122,4.255,1.983
123,4.252,2.001
124,4.305,1.963
125,4.231,2.016
126,4.299,1.987
127,4.449,2.069
128,4.405,2.037
129,4.330,1.962
130,4.435,2.024
131,4.461,1.943
132,4.501,1.935
133,4.475,2.078
134,4.464,1.996
135,4.371,2.000
136,4.442,2.001
137,4.542,2.021
138,4.623,2.162
139,4.549,2.071
140,4.740,2.081
141,4.624,2.072
142,4.561,2.011
143,4.556,2.037
144,4.547,2.055
145,4.624,1.923
146,4.648,2.003
147,4.787,2.091
148,4.786,2.114
149,4.664,2.124
150,4.544,2.061
151,4.572,2.100
152,4.490,2.024
153,4.620,1.925
154,4.693,2.061
155,4.689,1.981
156,4.740,1.994
157,4.660,2.036
158,4.786,2.034
159,5.055,2.013
160,4.839,1.934
161,4.971,1.982
162,4.748,2.039
163,4.853,2.029
164,4.915,2.079
165,4.869,2.029
166,4.780,2.033
167,4.645,1.968
168,4.794,2.002
169,4.744,1.969
170,4.787,2.044
171,4.891,2.077
172,4.893,2.021
173,4.729,2.019
174,4.636,2.000
175,4.744,2.006
176,4.758,2.051
177,4.712,2.069
178,4.864,2.103
179,4.868,2.037
180,4.751,2.074
181,4.898,2.097
182,4.894,2.062
183,5.012,2.100
184,5.050,2.101
185,5.022,2.179
186,5.108,2.146
187,5.007,2.115
188,5.104,2.085
189,5.075,2.203
190,5.101,2.166
191,5.221,2.119
192,5.147,2.192
193,5.152,2.110
194,4.953,2.166
195,4.917,2.018
196,4.992,2.235
197,4.861,2.199
198,4.816,2.156
199,4.872,2.158
200,4.870,2.204
201,4.916,2.221
202,4.813,2.166
203,4.785,2.241
204,4.804,2.204
205,4.803,2.253
206,4.789,2.216
207,4.781,2.177
208,4.782,2.159
209,4.929,2.119
210,4.978,2.086
211,5.041,2.072
212,5.039,2.118
213,4.988,2.069
214,4.903,2.113
215,4.986,2.156
216,5.087,2.200
217,5.009,2.084
218,5.207,2.064
219,5.176,2.100
220,5.048,2.067
221,4.809,2.047
222,4.872,2.035
223,4.877,2.053
224,4.950,2.145
225,5.012,2.035
226,4.984,2.009
227,4.777,2.045
228,4.823,2.110
229,4.777,2.026
230,4.746,2.123
231,4.711,2.131
232,4.758,2.112
233,4.952,2.145
234,4.912,2.156
235,5.003,2.115
236,4.974,2.088
237,5.059,2.056
238,4.984,2.140
239,4.813,2.152
240,4.818,2.077
241,4.785,2.022
242,4.743,2.002
243,4.633,2.009
244,4.771,2.038
245,4.666,1.994
246,4.732,2.078
247,4.692,2.013
248,4.633,1.966
249,4.719,2.023
250,4.792,2.015
251,4.846,2.054
252,4.765,2.018
253,4.596,1.976
254,4.717,1.947
255,4.906,2.006
256,4.949,1.914
257,4.711,1.959
258,4.774,2.031
259,4.881,2.027
260,5.048,2.057
261,5.047,2.036
262,4.967,1.908
263,5.058,1.921
264,4.999,1.912
265,4.945,1.938
266,4.923,2.030
267,4.931,2.109
268,4.972,2.036
269,4.956,2.126
270,4.791,2.025
271,4.853,2.105
272,4.780,2.045
273,4.804,2.104
274,4.924,2.166
275,4.992,2.288
276,5.079,2.227
277,4.911,2.073
278,4.968,2.050
279,5.068,2.112
280,5.069,2.119
281,5.018,2.070
282,5.064,2.263
283,5.318,2.318
284,5.223,2.198
285,5.172,2.223
286,5.460,2.140
287,5.476,2.170
288,5.584,2.193
289,5.454,2.230
290,5.651,2.246
291,5.512,2.158
292,5.519,2.085
293,5.495,2.105
294,5.511,2.133
295,5.507,2.218
296,5.675,2.223
297,5.581,2.250
298,5.503,2.246
299,5.606,2.264
300,5.414,2.013
301,5.510,2.235
302,5.511,2.019
303,5.488,2.126
304,5.554,2.070
305,5.477,2.165
306,5.512,2.042
307,5.312,2.119
308,5.244,2.044
309,5.228,2.022
310,5.326,2.021
311,5.383,1.980
312,5.494,1.965
313,5.514,2.004
314,5.376,2.019
315,5.219,1.933
316,5.193,1.947
317,5.123,1.922
318,5.148,1.915
319,5.094,1.925
320,5.077,1.882
321,5.171,2.019
322,5.200,2.043
323,5.217,2.046
324,5.359,2.110
325,5.416,2.139
326,5.658,2.169
327,5.584,2.145
328,5.570,2.162
329,5.549,2.136
330,5.336,2.105
331,5.295,2.113
332,5.250,2.183
333,5.209,2.094
334,5.381,2.052
335,5.642,2.263
336,5.711,2.209
337,5.640,2.067
338,5.515,2.204
339,5.699,2.255
340,5.697,2.192
341,5.567,2.269
342,5.614,2.208
343,5.633,2.159
344,5.631,2.191
345,5.442,2.146
346,5.503,2.178
347,5.348,2.134
348,5.388,2.114
349,5.362,2.228
350,5.354,2.194
351,5.300,2.194
352,5.355,2.187
353,5.289,2.219
354,5.250,2.179
355,5.316,2.219
356,5.202,2.124
357,5.114,2.104
358,5.235,2.168
359,5.206,2.191
360,5.329,2.169
361,5.335,2.197
362,5.287,2.314
363,5.386,2.326
364,5.292,2.276
365,5.212,2.207
366,5.325,2.145
367,5.400,2.121
368,5.395,2.132
369,5.212,2.121
370,5.144,2.213
371,5.388,2.153
372,5.323,2.196
373,5.371,2.095
374,5.469,2.134
375,5.526,2.098
376,5.397,2.180
377,5.441,2.161
378,5.332,2.164
379,5.368,2.110
380,5.268,2.187
381,5.190,2.133
382,5.051,2.129
383,5.012,2.108
384,5.075,2.103
385,4.964,2.098
386,5.046,2.059
387,4.964,2.159
388,4.972,2.108
389,4.921,2.040
390,4.852,2.052
391,4.770,2.103
392,4.892,2.193
393,4.920,2.185
394,4.895,2.194
395,4.875,2.119
396,4.974,2.144
397,5.142,2.177
398,5.075,2.170
399,5.126,2.049
400,5.251,2.079
401,5.240,2.104
402,5.302,2.211
403,5.359,2.169
404,5.226,2.098
405,5.257,2.112
406,5.232,2.160
407,5.248,2.166
408,5.320,2.163
409,5.323,2.235
410,5.255,2.225
411,5.234,2.206
412,5.205,2.134
413,5.077,2.187
414,5.212,2.290
415,5.217,2.177
416,5.405,2.252
417,5.341,2.251
418,5.322,2.294
419,5.503,2.292
420,5.536,2.223
421,5.486,2.140
422,5.380,2.233
423,5.251,2.094
424,5.235,2.160
425,5.302,2.229
426,5.223,2.098
427,5.160,2.095
428,5.249,2.161
429,5.242,2.112
430,5.204,2.092
431,5.215,2.186
432,5.301,2.088
433,5.230,2.189
434,5.175,2.148
435,5.307,2.257
436,5.334,2.215
437,5.382,2.159
438,5.304,2.110
439,5.262,2.048
440,5.413,2.258
441,5.361,2.170
442,5.635,2.237
443,5.637,2.311
444,5.513,2.217
445,5.549,2.231
446,5.505,2.169
447,5.653,2.238
448,5.719,2.137
449,5.706,2.188
450,5.655,2.162
451,5.526,2.114
452,5.540,2.124
453,5.444,2.146
454,5.508,2.204
455,5.585,2.160
456,5.619,2.156
457,5.788,2.261
458,5.863,2.155
459,5.933,2.118
460,5.867,2.141
461,5.845,2.199
462,5.763,2.135
463,5.771,2.041
464,5.795,2.043
465,5.893,1.967
466,6.157,2.064
467,6.111,2.082
468,6.047,2.013
469,5.947,1.998
470,5.946,2.116
471,5.917,2.103
472,5.821,2.026
473,5.687,2.093
474,5.917,2.086
475,5.874,2.184
476,5.906,2.072
477,6.069,2.003
478,6.088,2.022
479,6.059,2.064
480,6.030,2.133
481,5.828,2.217
482,5.759,2.141
483,5.718,2.164
484,5.828,2.147
485,5.890,2.120
486,5.992,2.218
487,5.995,2.236
488,5.868,2.248
489,5.878,2.103
490,5.850,2.047
491,5.954,2.168
492,5.963,2.097
493,5.887,2.133
494,5.886,2.216
495,6.075,2.128
496,6.106,2.287
497,5.884,2.147
498,6.043,2.089
499,6.089,2.132
500,6.123,2.163
501,6.086,2.131
502,5.959,2.168
503,5.909,2.168
504,5.882,2.171
505,5.956,2.308
506,6.057,2.329
507,5.886,2.268
508,6.005,2.170
509,6.076,2.136
510,6.052,2.200
511,5.926,2.214
512,5.857,2.269
513,5.835,2.259
514,5.808,2.173
515,5.906,2.221
516,5.666,2.191
517,5.739,2.264
518,5.743,2.312
519,5.575,2.204
520,5.541,2.243
521,5.419,2.226
522,5.439,2.231
523,5.352,2.203
524,5.445,2.170
525,5.500,2.213
526,5.436,2.130
527,5.529,2.168
528,5.597,2.183
529,5.685,2.239
530,5.609,2.158
531,5.500,2.136
532,5.491,2.127
533,5.572,2.187
534,5.447,2.139
535,5.591,2.217
536,5.702,2.225
537,5.791,2.260
538,5.853,2.225
539,5.902,2.250
540,5.891,2.367
541,5.779,2.313
542,5.688,2.251
543,5.662,2.186
544,5.571,2.228
545,5.445,2.171
546,5.475,2.148
547,5.492,2.188
548,5.535,2.166
549,5.661,2.179
550,5.660,2.203
551,5.548,2.111
552,5.687,2.157
553,5.690,2.145
554,5.789,2.106
555,5.822,2.038
556,5.864,2.151
557,5.679,2.068
558,5.752,2.085
559,5.773,2.056
560,5.815,2.104
561,5.760,2.049
562,5.757,2.015
563,5.602,2.000
564,5.610,2.027
565,5.705,2.012
566,5.873,2.059
567,6.013,1.998
568,6.031,2.003
569,5.968,1.988
570,5.986,2.024
571,5.972,2.029
572,6.042,2.058
573,5.962,2.007
574,5.880,2.128
575,5.814,2.055
576,5.837,2.004
577,6.056,2.060
578,5.995,2.049
579,5.962,2.071
580,6.038,2.050
581,6.071,2.039
582,6.053,2.113
583,6.022,2.080
584,6.101,2.161
585,6.116,1.989
586,5.963,2.103
587,5.838,2.081
588,5.782,2.055
589,5.723,2.028
590,5.737,2.087
591,5.620,2.127
592,5.800,2.181
593,5.788,2.183
594,5.825,2.103
595,5.947,2.209
596,5.877,2.139
597,5.731,2.068
598,5.911,2.225
599,5.699,2.237
600,5.734,2.293
601,5.607,2.327
602,5.407,2.087
603,5.424,2.206
604,5.327,2.108
605,5.392,2.171
606,5.338,2.145
607,5.533,2.137
608,5.627,2.154
609,5.525,2.159
610,5.460,2.207
611,5.447,2.122
612,5.472,2.091
613,5.475,2.205
614,5.361,2.222
615,5.473,2.208
616,5.357,2.259
617,5.517,2.221
618,5.460,2.144
619,5.390,2.084
620,5.344,2.186
621,5.286,2.048
622,5.199,2.135
623,5.209,2.095
624,5.279,2.071
625,5.161,2.148
626,5.256,2.116
627,5.364,2.151
628,5.429,2.209
629,5.404,2.153
630,5.431,2.057
631,5.502,2.113
632,5.298,2.128
633,5.522,2.195
634,5.544,2.108
635,5.500,2.202
636,5.456,2.113
637,5.460,2.176
638,5.511,2.164
639,5.578,2.205
640,5.653,2.202
641,5.721,2.221
642,5.749,2.244
643,5.708,2.206
644,5.796,2.224
645,5.868,2.343
646,5.707,2.162
647,5.636,2.128
648,5.639,2.215
649,5.759,2.154
650,5.673,2.083
651,5.880,2.145
652,6.029,2.281
653,5.964,2.189
654,5.962,2.209
655,5.973,2.238
656,5.786,2.125
657,5.808,2.133
658,5.694,2.047
659,5.723,2.109
660,5.845,2.023
661,5.809,2.016
662,5.903,2.086
663,5.801,2.176
664,5.822,2.141
665,5.784,2.089
666,5.747,2.062
667,5.780,2.142
668,5.643,2.113
669,5.617,2.162
670,5.719,2.148
671,5.730,2.147
672,5.594,2.075
673,5.541,2.098
674,5.474,2.062
675,5.592,2.116
676,5.550,2.140
677,5.392,2.113
678,5.416,2.169
679,5.416,2.154
680,5.430,2.193
681,5.334,2.223
682,5.208,2.198
683,5.243,2.225
684,5.283,2.175
685,4.983,2.210
686,5.035,2.172
687,5.059,2.058
688,5.094,2.103
689,4.882,2.058
690,4.880,2.068
691,5.062,2.042
692,5.211,1.992
693,5.155,1.947
694,5.232,2.074
695,5.180,2.092
696,5.242,2.023
697,5.157,1.929
698,5.277,2.004
699,5.392,2.058
700,5.387,2.034
701,5.419,2.001
702,5.624,2.029
703,5.493,1.968
704,5.427,2.021
705,5.304,1.953
706,5.475,2.151
707,5.320,2.059
708,5.363,2.110
709,5.315,2.183
710,5.371,2.230
711,5.351,2.216
712,5.451,2.177
713,5.405,2.223
714,5.363,2.144
715,5.504,2.344
716,5.314,2.161
717,5.214,2.199
718,5.128,2.187
719,5.227,2.132
720,5.200,2.173
721,5.414,2.258
722,5.338,2.235
723,5.211,2.182
724,5.327,2.172
725,5.424,2.171
726,5.319,2.065
727,5.319,2.066
728,5.328,2.080
729,5.359,2.181
730,5.412,2.212
731,5.346,2.186
732,5.500,2.216
733,5.409,2.208
734,5.487,2.239
735,5.639,2.194
736,5.607,2.224
737,5.507,2.222
738,5.589,2.228
739,5.646,2.272
740,5.759,2.288
741,5.828,2.377
742,5.789,2.305
743,5.802,2.162
744,5.687,2.261
745,5.904,2.242
746,6.048,2.359
747,5.991,2.254
748,6.052,2.286
749,6.149,2.278
750,5.943,2.196
751,6.037,2.209
752,5.992,2.205
753,5.836,2.190
754,5.907,2.231
755,6.061,2.226
756,5.941,2.202
757,5.947,2.155
758,5.982,2.123
759,6.186,2.096
760,6.121,2.101
761,5.968,2.148
762,5.798,2.004
763,5.794,2.010
764,5.762,2.071
765,5.950,2.131
766,5.807,2.056
767,5.782,2.132
768,5.796,2.123
769,5.763,2.136
770,5.982,2.099
771,5.967,2.080
772,6.128,2.090
773,6.129,2.096
774,6.179,2.104
775,6.384,2.109
776,6.403,2.125
777,6.201,2.161
778,6.211,2.176
779,6.370,2.226
780,6.498,2.252
781,6.548,2.134
782,6.586,2.160
783,6.608,2.185
784,6.548,2.169
785,6.351,2.143
786,6.208,2.111
787,6.108,2.094
788,6.186,2.141
789,6.119,2.186
790,6.063,2.164
791,6.253,2.197
792,6.290,2.127
793,6.343,2.190
794,6.250,2.177
795,6.358,2.189
796,6.460,2.168
797,6.505,2.199
798,6.339,2.229
799,6.153,2.186
800,6.221,2.181
801,6.376,2.204
802,6.452,2.221
803,6.492,2.200
804,6.535,2.217
805,6.535,2.220
806,6.572,2.291
807,6.478,2.262
808,6.416,2.252
809,6.266,2.230
810,6.245,2.221
811,6.295,2.219
812,6.336,2.259
813,6.311,2.234
814,6.430,2.205
815,6.384,2.231
816,6.124,2.134
817,6.216,2.182
818,6.316,2.274
819,6.180,2.227
820,6.297,2.336
821,6.274,2.243
822,6.381,2.223
823,6.163,2.180
824,6.144,2.157
825,6.187,2.201
826,6.097,2.205
827,6.342,2.195
828,6.269,2.280
829,6.073,2.205
830,6.108,2.243
831,5.993,2.122
832,6.087,2.181
833,6.155,2.135
834,6.143,2.161
835,5.988,2.109
836,5.941,2.117
837,5.940,1.956
838,6.008,1.961
839,6.022,2.032
840,6.040,2.109
841,6.118,2.118
842,6.130,1.976
843,6.049,2.103
844,5.956,2.156
845,5.988,2.041
846,6.123,2.173
847,6.237,2.086
848,6.167,2.167
849,6.058,2.133
850,6.147,2.224
851,6.229,2.235
852,6.224,2.225
853,6.114,2.233
854,6.341,2.281
855,6.422,2.257
856,6.461,2.193
857,6.177,2.228
858,6.114,2.238
859,6.036,2.150
860,6.123,2.232
861,6.284,2.203
862,6.308,2.235
863,6.327,2.221
864,6.355,2.287
865,6.323,2.301
866,6.308,2.350
867,6.235,2.294
868,6.323,2.413
869,6.324,2.413
870,6.152,2.243
871,6.108,2.259
872,6.253,2.179
873,6.131,2.128
874,6.141,2.208
875,6.090,2.296
876,5.969,2.168
877,6.039,2.225
878,5.967,2.231
879,6.070,2.172
880,6.119,2.243
881,5.817,2.176
882,5.834,2.220
883,5.828,2.204
884,5.907,2.247
885,6.105,2.290
886,6.197,2.306
887,6.157,2.408
888,6.004,2.315
889,5.991,2.271
890,6.127,2.269
891,6.134,2.193
892,6.283,2.312
893,6.104,2.229
894,6.083,2.207
895,6.107,2.188
896,6.217,2.216
897,6.183,2.171
898,6.304,2.246
899,6.476,2.296
900,6.385,2.264
901,6.355,2.225
902,6.363,2.301
903,6.261,2.211
904,6.278,2.241
905,6.158,2.139
906,6.094,2.246
907,6.206,2.278
908,6.176,2.253
909,6.162,2.214
910,6.151,2.247
911,6.281,2.311
912,6.108,2.179
913,6.234,2.282
914,6.360,2.248
915,6.328,2.144
916,6.421,2.270
917,6.315,2.257
918,6.342,2.322
919,6.337,2.217
920,6.485,2.318
921,6.312,2.302
922,6.529,2.330
923,6.549,2.236
924,6.772,2.318
925,6.709,2.286
926,6.612,2.372
927,6.631,2.320
928,6.822,2.391
929,6.671,2.271
930,6.592,2.240
931,6.608,2.224
932,6.510,2.271
933,6.324,2.140
934,6.356,2.162
935,6.303,2.188
936,6.374,2.225
937,6.433,2.194
938,6.410,2.150
939,6.359,2.217
940,6.499,2.345
941,6.351,2.326
942,6.481,2.453
943,6.605,2.388
944,6.500,2.199
945,6.670,2.314
946,6.521,2.382
947,6.480,2.287
948,6.439,2.393
949,6.400,2.359
950,6.344,2.177
951,6.340,2.210
952,6.248,2.232
953,6.300,2.344
954,6.303,2.293
955,6.403,2.296
956,6.258,2.258
957,6.449,2.275
958,6.365,2.310
959,6.473,2.376
960,6.456,2.281
961,6.504,2.258
962,6.489,2.251
963,6.500,2.295
964,6.433,2.318
965,6.573,2.404
966,6.361,2.285
967,6.508,2.268
968,6.550,2.304
969,6.477,2.126
970,6.585,2.254
971,6.522,2.225
972,6.638,2.343
973,6.564,2.320
974,6.583,2.327
975,6.744,2.303
976,6.636,2.319
977,6.667,2.436
978,6.687,2.399
979,6.592,2.257
980,6.591,2.313
981,6.638,2.214
982,6.431,2.295
983,6.451,2.380
984,6.674,2.279
985,6.587,2.225
986,6.662,2.271
987,6.759,2.266
988,6.687,2.306
989,6.814,2.134
990,6.789,2.309
991,6.708,2.273
992,6.869,2.243
993,6.857,2.144
994,6.848,2.214
995,6.784,2.342
996,6.784,2.250
997,6.963,2.259
998,6.972,2.388
999,6.899,2.291
1000,6.666,2.186
1001,6.691,2.237
1002,6.746,2.211
1003,6.906,2.215
1004,6.867,2.211
1005,7.016,2.330
1006,6.955,2.293
1007,6.799,2.304
1008,6.818,2.253
1009,6.735,2.260
1010,6.821,2.210
1011,6.857,2.167
1012,6.631,2.153
1013,6.734,2.227
1014,6.552,2.159
1015,6.690,2.171
1016,6.797,2.241
1017,6.872,2.262
1018,6.900,2.265
1019,6.996,2.296
1020,6.866,2.270
1021,6.925,2.297
1022,6.799,2.311
1023,6.811,2.341
1024,6.751,2.329
1025,6.687,2.323
1026,6.737,2.347
1027,6.605,2.243
1028,6.836,2.327
1029,6.617,2.220
1030,6.597,2.254
1031,6.446,2.268
1032,6.486,2.233
1033,6.498,2.293
1034,6.484,2.238
1035,6.473,2.255
1036,6.572,2.273
1037,6.542,2.343
1038,6.528,2.274
1039,6.755,2.348
1040,6.688,2.317
1041,6.712,2.339
1042,6.636,2.401
1043,6.651,2.334
1044,6.726,2.421
1045,6.648,2.387
1046,6.629,2.439
1047,6.946,2.454
1048,6.814,2.378
1049,6.938,2.269
1050,6.896,2.252
1051,6.623,2.220
1052,6.709,2.200
1053,6.705,2.134
1054,6.775,2.152
1055,6.762,2.188
1056,6.811,2.173
1057,6.862,2.123
1058,6.822,2.178
1059,6.655,2.170
1060,6.676,2.178
1061,6.688,2.180
1062,6.793,2.116
1063,6.903,2.094
1064,7.002,2.205
1065,6.698,2.209
1066,6.775,2.134
1067,6.893,2.093
1068,6.962,2.110
1069,6.918,2.170
1070,6.939,2.068
1071,6.821,2.161
1072,6.851,2.119
1073,6.921,2.076
1074,6.960,2.174
1075,6.944,2.193
1076,7.054,2.321
1077,7.089,2.330
1078,7.191,2.351
1079,7.303,2.240
1080,7.330,2.122
1081,7.402,2.165
1082,7.374,2.213
1083,7.277,2.203
1084,7.125,2.102
1085,7.162,2.106
1086,7.222,2.089
1087,7.062,2.095
1088,7.019,2.086
1089,6.969,2.107
1090,6.889,2.064
1091,6.959,2.093
1092,7.095,2.134
1093,7.045,2.089
1094,7.042,2.157
1095,7.100,2.044
1096,7.085,2.066
1097,7.099,2.144
1098,6.944,2.022
1099,6.931,2.085
1100,7.132,2.150
1101,7.168,2.117
1102,7.218,2.149
1103,7.115,2.006
1104,7.223,2.087
1105,7.276,2.133
1106,7.666,2.157
1107,7.665,2.105
1108,7.620,2.114
1109,7.619,2.104
1110,7.335,2.048
1111,7.417,2.116
1112,7.478,2.098
1113,7.331,2.098
1114,7.439,2.186
1115,7.482,2.262
1116,7.621,2.230
1117,7.572,2.203
1118,7.723,2.182
1119,7.721,2.145
1120,7.704,2.159
1121,7.704,2.131
1122,7.733,2.133
1123,7.782,2.134
1124,7.926,2.258
1125,7.962,2.132
1126,7.910,2.038
1127,7.842,2.058
1128,7.687,2.047
1129,7.647,2.131
1130,7.541,2.180
1131,7.314,2.108
1132,7.423,2.103
1133,7.531,2.186
1134,7.638,2.310
1135,7.392,2.142
1136,7.331,2.059
1137,7.455,2.170
1138,7.440,2.198
1139,7.416,2.156
1140,7.440,2.186
1141,7.299,2.169
1142,7.176,2.164
1143,7.083,2.239
1144,7.306,2.181
1145,7.159,2.109
1146,7.047,2.113
1147,7.164,2.076
1148,7.205,2.122
1149,7.275,2.117
1150,7.366,2.070
1151,7.402,2.078
1152,7.318,1.979
1153,7.426,2.102
1154,7.436,2.058
1155,7.565,2.092
1156,7.363,2.153
1157,7.382,2.073
1158,7.475,2.106
1159,7.565,2.194
1160,7.727,2.273
1161,7.743,2.156
1162,7.794,2.260
1163,7.734,2.274
1164,7.597,2.242
1165,7.717,2.289
1166,7.813,2.309
1167,7.646,2.285
1168,7.811,2.331
1169,7.673,2.358
1170,7.574,2.268
1171,7.698,2.327
1172,7.509,2.215
1173,7.439,2.192
1174,7.242,2.135
1175,7.219,2.124
1176,7.156,2.074
1177,7.038,2.120
1178,7.109,2.252
1179,7.191,2.201
1180,7.371,2.238
1181,7.306,2.334
1182,7.443,2.238
1183,7.497,2.364
1184,7.601,2.332
1185,7.498,2.270
1186,7.717,2.327
1187,7.734,2.370
1188,7.781,2.315
1189,7.822,2.240
1190,7.724,2.241
1191,7.750,2.299
1192,7.842,2.213
1193,7.976,2.364
1194,7.836,2.307
1195,7.871,2.401
1196,7.804,2.300
1197,7.678,2.401
1198,7.875,2.401
1199,7.875,2.370
1200,7.712,2.349
1201,7.783,2.348
1202,7.522,2.313
1203,7.615,2.407
1204,7.638,2.369
1205,7.631,2.356
1206,7.806,2.427
1207,7.872,2.387
1208,7.817,2.330
1209,7.695,2.293
1210,7.690,2.276
1211,7.563,2.342
1212,7.630,2.325
1213,7.594,2.316
1214,7.607,2.306
1215,7.701,2.358
1216,7.680,2.427
1217,7.822,2.422
1218,7.790,2.500
1219,7.865,2.560
1220,7.791,2.518
1221,7.755,2.527
1222,7.786,2.592
1223,7.659,2.642
1224,7.698,2.608
1225,7.667,2.648
1226,7.721,2.671
1227,7.710,2.596
1228,7.763,2.637
1229,7.913,2.679
1230,7.748,2.557
1231,7.806,2.692
1232,7.823,2.691
1233,7.755,2.710
1234,7.894,2.763
1235,7.689,2.608
1236,7.936,2.755
1237,7.973,2.680
1238,7.784,2.667
1239,7.688,2.653
1240,7.630,2.758
1241,7.827,2.713
1242,7.926,2.784
1243,7.911,2.868
1244,7.748,2.810
1245,7.815,2.766
1246,7.921,2.769
1247,7.983,2.719
1248,7.987,2.660
1249,8.048,2.805
1250,8.046,2.708
1251,7.891,2.702
1252,7.837,2.663
1253,7.815,2.752
1254,7.766,2.732
1255,7.958,2.646
1256,8.024,2.817
1257,8.104,2.847
1258,8.025,2.820
1259,8.038,2.795
1260,7.975,2.729
1261,7.996,2.772
1262,8.068,2.873
1263,8.051,2.863
1264,8.128,2.872
1265,8.268,2.948
1266,8.282,2.925
1267,8.182,2.964
1268,8.146,2.991
1269,8.243,2.992
1270,8.260,2.855
1271,8.177,2.815
1272,8.177,2.869
1273,8.145,2.849
1274,8.127,2.805
1275,7.969,2.767
1276,8.025,2.701
1277,7.873,2.798
1278,7.997,2.813
1279,7.864,2.944
1280,8.040,2.963
1281,8.131,2.908
1282,8.138,2.908
1283,8.198,2.929
1284,8.047,2.829
1285,7.875,2.761
1286,8.089,2.911
1287,8.065,2.955
1288,7.874,2.891
1289,7.855,2.812
1290,7.899,2.854
1291,7.788,2.776
1292,7.888,2.783
1293,7.737,2.792
1294,7.794,2.710
1295,7.794,2.710
1296,7.747,2.794
1297,7.749,2.818
1298,8.021,2.840
1299,8.020,2.845
1300,7.948,2.877
1301,7.979,2.945
1302,7.862,2.917
1303,7.849,2.933
1304,7.879,2.949
1305,7.784,2.783
1306,7.950,2.875
1307,7.812,2.804
1308,7.665,2.783
1309,7.674,2.792
1310,7.771,2.759
1311,7.789,2.835
1312,7.811,2.833
1313,7.767,2.749
1314,7.840,2.860
1315,7.761,2.797
1316,7.799,2.799
1317,7.815,2.777
1318,7.734,2.743
1319,7.915,2.766
1320,7.919,2.721
1321,7.681,2.796
1322,7.677,2.773
1323,7.701,2.794
1324,7.687,2.801
1325,7.599,2.858
1326,7.684,2.796
1327,7.683,2.868
1328,7.669,2.923
1329,7.453,2.890
1330,7.451,2.876
1331,7.440,2.854
1332,7.425,2.911
1333,7.633,2.891
1334,7.712,2.855
1335,7.680,2.786
1336,7.783,2.903
1337,7.745,2.789
1338,7.884,2.832
1339,7.849,2.767
1340,7.818,2.863
1341,7.755,2.911
1342,7.596,2.846
1343,7.577,2.863
1344,7.851,2.884
1345,7.842,2.853
1346,7.809,2.791
1347,7.892,2.919
1348,7.747,2.750
1349,7.867,2.784
1350,7.860,2.859
1351,7.931,2.876
1352,7.836,2.927
1353,7.934,2.888
1354,7.771,2.895
1355,8.087,3.040
1356,8.153,2.890
1357,7.970,2.913
1358,7.697,2.868
1359,7.625,2.779
1360,7.733,2.885
1361,7.762,2.834
1362,7.875,2.846
1363,8.097,2.945
1364,8.320,2.952
1365,8.167,2.846
1366,7.882,2.760
1367,7.872,2.825
1368,7.957,2.821
1369,7.814,2.730
1370,7.868,2.720
1371,7.830,2.872
1372,7.836,2.855
1373,7.706,2.793
1374,7.824,2.833
1375,7.794,2.724
1376,7.922,2.868
1377,7.865,2.827
1378,7.911,2.807
1379,7.865,2.776
1380,7.615,2.796
1381,7.770,2.837
1382,7.845,2.865
1383,7.759,2.963
1384,7.677,2.909
1385,7.877,3.101
1386,7.732,2.904
1387,7.756,3.013
1388,7.789,3.015
1389,7.814,2.960
1390,7.869,3.049
1391,7.765,2.956
1392,7.928,3.039
1393,7.941,3.052
1394,7.920,3.102
1395,7.963,3.106
1396,8.104,3.007
1397,7.878,2.855
1398,7.982,2.886
1399,7.838,2.904
1400,7.794,2.870
1401,7.540,2.816
1402,7.578,2.746
1403,7.461,2.874
1404,7.369,2.892
1405,7.483,2.901
1406,7.504,2.893
1407,7.513,2.874
1408,7.481,2.898
1409,7.577,2.952
1410,7.471,2.870
1411,7.624,3.023
1412,7.463,3.071
1413,7.465,2.987
1414,7.460,3.010
1415,7.606,2.966
1416,7.511,2.972
1417,7.519,2.932
1418,7.432,2.977
1419,7.543,2.953
1420,7.342,2.900
1421,7.270,3.011
1422,7.559,3.024
1423,7.567,3.038
1424,7.607,3.009
1425,7.465,2.874
1426,7.602,3.011
1427,7.464,2.832
1428,7.326,2.963
1429,7.156,2.854
1430,7.114,2.817
1431,7.189,2.885
1432,7.151,2.828
1433,7.062,2.780
1434,7.183,2.857
1435,7.356,2.888
1436,7.224,2.918
1437,7.246,2.854
1438,7.185,2.818
1439,7.136,2.783
1440,7.242,2.861
1441,7.320,2.849
1442,7.375,2.933
1443,7.062,2.926
1444,7.015,2.791
1445,7.210,2.721
1446,7.056,2.731
1447,7.050,2.809
1448,6.871,2.772
1449,7.029,2.738
1450,7.106,2.802
1451,6.898,2.707
1452,6.922,2.641
1453,6.930,2.597
1454,7.077,2.602
1455,7.340,2.738
1456,7.303,2.828
1457,7.291,2.739
1458,7.351,2.706
1459,7.413,2.761
1460,7.372,2.760
1461,7.494,2.694
1462,7.469,2.663
1463,7.442,2.671
1464,7.390,2.682
1465,7.438,2.647
1466,7.478,2.777
1467,7.567,2.747
1468,7.511,2.804
1469,7.608,2.825
1470,7.661,2.866
1471,7.493,2.780
1472,7.345,2.785
1473,7.549,2.812
1474,7.474,2.826
1475,7.441,2.839
1476,7.488,2.863
1477,7.339,2.847
1478,7.225,2.792
1479,7.444,2.878
1480,7.480,2.875
1481,7.242,2.694
1482,7.102,2.685
1483,7.073,2.787
1484,7.051,2.823
1485,7.125,2.834
1486,7.289,2.824
1487,7.440,2.871
1488,7.616,2.786
1489,7.565,2.807
1490,7.361,2.937
1491,7.299,2.849
1492,7.357,2.803
1493,7.433,2.840
1494,7.604,2.891
1495,7.439,2.817
1496,7.465,2.969
1497,7.552,2.965
1498,7.630,2.929
1499,7.619,2.804
1500,7.585,2.807
1501,7.665,2.807
1502,7.637,2.691
1503,7.527,2.766
1504,7.490,2.714
1505,7.755,2.707
1506,7.845,2.781
1507,7.610,2.778
1508,7.779,2.710
1509,7.745,2.719
1510,7.612,2.699
1511,7.643,2.632
1512,7.694,2.659
1513,7.721,2.674
1514,7.783,2.805
1515,7.683,2.769
1516,7.480,2.724
1517,7.533,2.841
1518,7.560,2.730
1519,7.357,2.708
1520,7.486,2.816
1521,7.309,2.661
1522,7.443,2.761
1523,7.432,2.690
1524,7.433,2.748
1525,7.472,2.837
1526,7.433,2.806
1527,7.433,2.800
1528,7.363,2.802
1529,7.445,2.833
1530,7.247,2.723
1531,7.337,2.742
1532,7.338,2.713
1533,7.361,2.694
1534,7.284,2.783
1535,7.289,2.709
1536,7.430,2.625
1537,7.225,2.592
1538,7.217,2.484
1539,7.132,2.554
1540,7.136,2.523
1541,7.164,2.493
1542,7.221,2.614
1543,7.150,2.536
1544,7.099,2.553
1545,7.202,2.615
1546,7.412,2.759
1547,7.144,2.629
1548,7.024,2.547
1549,7.220,2.609
1550,7.140,2.649
1551,7.165,2.570
1552,7.103,2.531
1553,7.308,2.663
1554,7.223,2.588
1555,7.032,2.591
1556,7.143,2.593
1557,7.080,2.510
1558,7.219,2.515
1559,7.142,2.576
1560,7.130,2.460
1561,7.188,2.540
1562,7.264,2.544
1563,7.313,2.583
1564,7.249,2.544
1565,7.190,2.590
1566,7.214,2.640
1567,7.039,2.536
1568,7.062,2.515
1569,6.912,2.525
1570,6.931,2.543
1571,7.063,2.659
1572,6.982,2.606
1573,6.872,2.589
1574,6.840,2.685
1575,6.999,2.695
1576,6.922,2.651
1577,6.885,2.657
1578,6.868,2.540
1579,6.898,2.533
1580,6.849,2.558
1581,6.939,2.523
1582,7.009,2.566
1583,6.823,2.502
1584,6.785,2.427
1585,6.920,2.516
1586,6.989,2.437
1587,6.919,2.428
1588,6.804,2.491
1589,6.615,2.399
1590,6.927,2.337
1591,6.800,2.334
1592,6.797,2.325
1593,6.921,2.413
1594,6.868,2.285
1595,6.790,2.454
1596,6.730,2.408
1597,6.767,2.341
1598,6.870,2.473
1599,6.853,2.414
1600,6.880,2.424
1601,6.713,2.429
1602,6.725,2.381
1603,6.734,2.353
1604,6.747,2.404
1605,6.849,2.445
1606,6.828,2.422
1607,6.910,2.522
1608,6.768,2.467
1609,6.729,2.409
1610,6.730,2.413
1611,6.763,2.426
1612,6.828,2.474
1613,6.898,2.464
1614,6.894,2.546
1615,6.911,2.581
1616,6.915,2.531
1617,6.904,2.471
1618,6.932,2.498
1619,6.806,2.524
1620,6.791,2.493
1621,6.893,2.585
1622,6.778,2.491
1623,6.725,2.373
1624,6.957,2.402
1625,7.014,2.575
1626,7.048,2.537
1627,7.088,2.516
1628,6.998,2.456
1629,6.980,2.477
1630,6.892,2.553
1631,6.912,2.490
1632,6.966,2.396
1633,6.938,2.467
1634,6.909,2.514
1635,6.885,2.581
1636,6.941,2.588
1637,6.956,2.528
1638,7.098,2.659
1639,7.079,2.531
1640,7.209,2.623
1641,7.187,2.709
1642,7.133,2.615
1643,7.114,2.592
1644,7.182,2.708
1645,7.281,2.597
1646,7.384,2.697
1647,7.408,2.734
1648,7.429,2.830
1649,7.498,2.683
1650,7.544,2.613
1651,7.493,2.645
1652,7.497,2.551
1653,7.463,2.556
1654,7.357,2.560
1655,7.251,2.591
1656,7.162,2.646
1657,7.165,2.513
1658,7.201,2.650
1659,7.131,2.549
1660,7.166,2.554
1661,7.407,2.707
1662,7.372,2.574
1663,7.421,2.588
1664,7.342,2.568
1665,7.372,2.421
1666,7.188,2.440
1667,7.234,2.450
1668,7.409,2.631
1669,7.467,2.495
1670,7.506,2.425
1671,7.497,2.522
1672,7.520,2.536
1673,7.380,2.540
1674,7.340,2.587
1675,7.306,2.584
1676,7.319,2.618
1677,7.209,2.567
1678,7.169,2.507
1679,7.287,2.666
1680,7.233,2.528
1681,7.102,2.472
1682,7.210,2.530
1683,7.116,2.614
1684,6.979,2.565
1685,7.116,2.559
1686,7.111,2.527
1687,7.102,2.559
1688,7.092,2.402
1689,7.166,2.475
1690,7.390,2.577
1691,7.369,2.455
1692,7.235,2.419
1693,7.085,2.401
1694,7.110,2.326
1695,7.149,2.471
1696,7.204,2.346
1697,7.150,2.383
1698,7.185,2.400
1699,7.291,2.447
1700,7.206,2.432
1701,7.414,2.389
1702,7.340,2.406
1703,7.289,2.371
1704,7.202,2.420
1705,7.329,2.408
1706,7.375,2.404
1707,7.497,2.367
1708,7.582,2.453
1709,7.496,2.377
1710,7.506,2.439
1711,7.447,2.365
1712,7.475,2.504
1713,7.351,2.470
1714,7.397,2.492
1715,7.303,2.438
1716,7.346,2.482
1717,7.285,2.461
1718,7.263,2.466
1719,7.036,2.463
1720,7.039,2.433
1721,6.986,2.401
1722,6.936,2.325
1723,6.892,2.319
1724,6.674,2.292
1725,6.920,2.364
1726,6.944,2.393
1727,6.793,2.313
1728,6.797,2.334
1729,6.915,2.279
1730,7.091,2.228
1731,6.969,2.246
1732,7.062,2.334
1733,7.128,2.508
1734,7.211,2.342
1735,7.064,2.259
1736,7.227,2.306
1737,7.114,2.246
1738,7.338,2.228
1739,7.378,2.213
1740,7.221,2.180
1741,7.298,2.218
1742,7.210,2.158
1743,7.188,2.287
1744,7.013,2.197
1745,6.952,2.235
1746,7.007,2.249
1747,7.228,2.226
1748,7.187,2.213
1749,7.153,2.255
1750,7.156,2.240
1751,7.247,2.262
1752,7.295,2.315
1753,7.192,2.319
1754,7.288,2.329
1755,7.357,2.365
1756,7.263,2.325
1757,7.052,2.363
1758,6.936,2.207
1759,7.041,2.330
1760,6.968,2.341
1761,7.082,2.323
1762,7.240,2.345
1763,6.994,2.256
1764,7.060,2.219
1765,7.034,2.254
1766,7.144,2.338
1767,7.147,2.324
1768,7.194,2.312
1769,7.304,2.415
1770,7.179,2.237
1771,7.343,2.374
1772,7.353,2.426
1773,7.233,2.405
1774,7.223,2.300
1775,7.170,2.393
1776,7.163,2.389
1777,7.006,2.273
1778,6.977,2.363
1779,6.965,2.256
1780,6.932,2.208
1781,6.812,2.185
1782,6.997,2.281
1783,7.040,2.294
1784,7.180,2.217
1785,7.276,2.236
1786,7.319,2.319
1787,7.570,2.337
1788,7.454,2.256
1789,7.360,2.309
1790,7.387,2.350
1791,7.254,2.363
1792,7.392,2.325
1793,7.351,2.365
1794,7.393,2.374
1795,7.368,2.313
1796,7.438,2.285
1797,7.282,2.250
1798,7.329,2.317
1799,7.360,2.264
1800,7.275,2.262
1801,7.308,2.310
1802,7.255,2.250
1803,7.269,2.242
1804,7.299,2.269
1805,7.154,2.313
1806,7.237,2.433
1807,7.108,2.356
1808,7.071,2.350
1809,7.156,2.381
1810,7.100,2.275
1811,7.073,2.386
1812,6.989,2.380
1813,7.109,2.422
1814,7.115,2.350
1815,7.058,2.323
1816,7.202,2.312
1817,7.137,2.249
1818,7.012,2.358
1819,6.999,2.301
1820,6.861,2.246
1821,7.014,2.371
1822,7.113,2.364
1823,7.126,2.360
1824,7.094,2.438
1825,7.043,2.327
1826,7.083,2.351
1827,7.122,2.384
1828,7.119,2.445
1829,7.106,2.349
1830,7.043,2.421
1831,7.052,2.456
1832,7.183,2.573
1833,7.210,2.503
1834,7.269,2.552
1835,7.173,2.433
1836,7.185,2.457
1837,7.230,2.495
1838,7.268,2.395
1839,7.207,2.465
1840,7.160,2.417
1841,7.134,2.381
1842,7.181,2.409
1843,7.164,2.475
1844,7.245,2.427
1845,7.168,2.364
1846,7.143,2.336
1847,7.203,2.365
1848,7.139,2.348
1849,7.033,2.420
1850,7.253,2.325
1851,7.199,2.434
1852,7.147,2.412
1853,6.995,2.352
1854,7.115,2.276
1855,7.194,2.307
1856,7.175,2.267
1857,7.123,2.203
1858,7.129,2.241
1859,7.009,2.324
1860,6.980,2.379
1861,7.117,2.287
1862,7.222,2.386
1863,7.134,2.330
1864,7.186,2.302
1865,7.367,2.305
1866,7.317,2.313
1867,7.431,2.376
1868,7.458,2.405
1869,7.444,2.359
1870,7.394,2.369
1871,7.288,2.323
1872,7.396,2.376
1873,7.206,2.349
1874,7.282,2.308
1875,7.396,2.421
1876,7.359,2.372
1877,7.406,2.365
1878,7.445,2.385
1879,7.320,2.396
1880,7.409,2.395
1881,7.433,2.423
1882,7.592,2.489
1883,7.401,2.472
1884,7.345,2.438
1885,7.429,2.424
1886,7.358,2.457
1887,7.124,2.452
1888,7.019,2.275
1889,7.135,2.342
1890,7.030,2.196
1891,6.983,2.230
1892,6.887,2.317
1893,6.897,2.220
1894,6.764,2.216
1895,6.870,2.330
1896,6.939,2.334
1897,6.932,2.332
1898,7.220,2.442
1899,7.096,2.385
1900,7.053,2.400
1901,7.074,2.488
1902,7.011,2.347
1903,6.880,2.448
1904,6.782,2.372
1905,6.759,2.314
1906,6.789,2.316
1907,6.755,2.481
1908,6.796,2.416
1909,6.774,2.335
1910,6.936,2.369
1911,6.988,2.509
1912,6.971,2.362
1913,6.991,2.337
1914,7.220,2.450
1915,7.014,2.430
1916,7.265,2.495
1917,7.082,2.490
1918,7.123,2.519
1919,7.070,2.437
1920,7.141,2.466
1921,7.121,2.423
1922,7.129,2.531
1923,6.961,2.495
1924,7.145,2.545
1925,7.158,2.516
1926,7.111,2.576
1927,7.174,2.533
1928,7.148,2.547
1929,7.264,2.456
1930,7.227,2.503
1931,7.245,2.598
1932,7.003,2.593
1933,7.046,2.455
1934,7.199,2.477
1935,7.279,2.568
1936,7.047,2.420
1937,7.053,2.422
1938,7.067,2.501
1939,6.997,2.499
1940,7.095,2.479
1941,7.038,2.526
1942,7.080,2.492
1943,7.243,2.508
1944,7.164,2.503
1945,7.159,2.486
1946,7.107,2.502
1947,7.177,2.532
1948,7.139,2.468
1949,7.127,2.559
1950,7.049,2.521
1951,7.021,2.553
1952,7.025,2.559
1953,7.093,2.614
1954,7.180,2.618
1955,7.131,2.578
1956,7.211,2.653
1957,7.147,2.712
1958,7.221,2.616
1959,7.127,2.602
1960,7.129,2.717
1961,7.136,2.697
1962,7.173,2.608
1963,7.456,2.801
1964,7.503,2.791
1965,7.370,2.636
1966,7.302,2.660
1967,7.259,2.729
1968,7.433,2.805
1969,7.305,2.716
1970,7.136,2.574
1971,7.197,2.569
1972,7.453,2.566
1973,7.280,2.671
1974,7.227,2.645
1975,7.148,2.484
1976,7.219,2.521
1977,7.230,2.665
1978,7.237,2.523
1979,7.218,2.537
1980,7.227,2.491
1981,7.159,2.496
1982,7.256,2.524
1983,7.317,2.577
1984,7.345,2.540
1985,7.323,2.536
1986,7.337,2.596
1987,7.475,2.721
1988,7.333,2.574
1989,7.321,2.526
1990,7.369,2.534
1991,7.253,2.549
1992,7.279,2.594
1993,7.343,2.546
1994,7.448,2.566
1995,7.370,2.575
1996,7.402,2.597
1997,7.321,2.661
1998,7.436,2.537
1999,7.501,2.594
2000,7.484,2.638
2001,7.645,2.582
2002,7.591,2.555
2003,7.525,2.614
2004,7.449,2.633
2005,7.556,2.593
2006,7.495,2.387
2007,7.349,2.535
2008,7.389,2.575
2009,7.592,2.593
2010,7.549,2.493
2011,7.569,2.565
2012,7.368,2.405
2013,7.332,2.493
2014,7.357,2.509
2015,7.458,2.559
2016,7.238,2.565
2017,7.155,2.545
2018,7.279,2.469
2019,7.393,2.603
2020,7.359,2.599
2021,7.300,2.597
2022,7.297,2.674
2023,7.198,2.610
2024,7.171,2.573
2025,7.267,2.484
2026,7.278,2.573
2027,7.236,2.528
2028,7.293,2.535
2029,7.288,2.485
2030,7.281,2.468
2031,7.251,2.425
2032,7.339,2.492
2033,7.380,2.488
2034,7.302,2.441
2035,7.387,2.398
2036,7.136,2.357
2037,7.180,2.466
2038,7.302,2.381
2039,7.287,2.357
2040,7.355,2.369
2041,7.545,2.579
2042,7.378,2.595
2043,7.379,2.481
2044,7.585,2.524
2045,7.620,2.415
2046,7.614,2.452
2047,7.441,2.322
2048,7.609,2.478
2049,7.249,2.275
2050,7.230,2.310
2051,7.189,2.357
2052,7.367,2.383
2053,7.253,2.359
2054,7.242,2.351
2055,7.189,2.351
2056,7.382,2.387
2057,7.321,2.406
2058,7.336,2.421
2059,7.242,2.397
2060,7.201,2.486
2061,7.283,2.419
2062,7.258,2.402
2063,7.352,2.498
2064,7.346,2.424
2065,7.467,2.449
2066,7.506,2.441
2067,7.678,2.476
2068,7.645,2.390
2069,7.634,2.448
2070,7.561,2.480
2071,7.601,2.498
2072,7.617,2.484
2073,7.743,2.441
2074,7.726,2.536
2075,7.694,2.475
2076,7.657,2.416
2077,7.784,2.559
2078,7.883,2.621
2079,7.871,2.628
2080,7.913,2.512
2081,7.803,2.560
2082,7.832,2.558
2083,7.770,2.541
2084,7.707,2.466
2085,7.742,2.533
2086,7.715,2.654
2087,7.695,2.617
2088,7.699,2.527
2089,7.735,2.643
2090,7.702,2.739
2091,7.898,2.725
2092,7.697,2.846
2093,7.554,2.592
2094,7.483,2.671
2095,7.500,2.613
2096,7.486,2.629
2097,7.588,2.660
2098,7.484,2.607
2099,7.468,2.595
2100,7.555,2.667
2101,7.468,2.529
2102,7.522,2.509
2103,7.537,2.588
2104,7.436,2.481
2105,7.402,2.394
2106,7.324,2.441
2107,7.486,2.473
2108,7.523,2.432
2109,7.532,2.530
2110,7.444,2.458
2111,7.400,2.546
2112,7.541,2.553
2113,7.408,2.535
2114,7.450,2.568
2115,7.499,2.592
2116,7.426,2.442
2117,7.460,2.495
2118,7.411,2.617
2119,7.268,2.582
2120,7.326,2.598
2121,7.093,2.520
2122,7.301,2.687
2123,7.219,2.660
2124,7.117,2.680
2125,7.232,2.595
2126,7.300,2.712
2127,7.119,2.665
2128,7.161,2.619
2129,7.079,2.625
2130,7.258,2.697
2131,7.239,2.650
2132,7.270,2.696
2133,7.170,2.635
2134,7.201,2.601
2135,7.105,2.652
2136,7.286,2.715
2137,7.242,2.701
2138,7.125,2.661
2139,7.287,2.725
2140,7.178,2.719
2141,7.035,2.557
2142,7.135,2.585
2143,7.072,2.581
2144,6.927,2.435
2145,6.974,2.573
2146,7.010,2.635
2147,7.025,2.596
2148,6.957,2.582
2149,7.222,2.670
2150,7.284,2.730
2151,7.162,2.665
2152,7.178,2.646
2153,7.138,2.733
2154,7.109,2.657
2155,7.210,2.798
2156,7.221,2.759
2157,7.147,2.617
2158,7.186,2.676
2159,7.263,2.716
2160,7.262,2.672
2161,7.246,2.736
2162,7.155,2.679
2163,7.206,2.833
2164,7.083,2.677
2165,7.265,2.641
2166,7.186,2.554
2167,7.066,2.591
2168,7.263,2.719
2169,7.076,2.570
2170,7.081,2.547
2171,7.151,2.486
2172,7.224,2.544
2173,7.388,2.521
2174,7.217,2.460
2175,7.159,2.432
2176,7.041,2.494
2177,7.114,2.421
2178,7.007,2.443
2179,7.012,2.346
2180,7.077,2.415
2181,7.076,2.526
2182,7.095,2.605
2183,7.007,2.568
2184,7.045,2.414
2185,7.006,2.463
2186,7.113,2.549
2187,7.189,2.574
2188,7.273,2.692
2189,7.252,2.581
2190,7.251,2.537
2191,7.245,2.605
2192,7.044,2.597
2193,7.083,2.573
2194,7.134,2.574
2195,7.171,2.586
2196,7.194,2.555
2197,7.273,2.588
2198,7.371,2.745
2199,7.291,2.686
2200,7.405,2.570
2201,7.441,2.590
2202,7.623,2.642
2203,7.624,2.768
2204,7.578,2.679
2205,7.543,2.643
2206,7.420,2.574
2207,7.391,2.495
2208,7.340,2.584
2209,7.355,2.588
2210,7.442,2.636
2211,7.382,2.477
2212,7.260,2.536
2213,7.415,2.511
2214,7.414,2.684
2215,7.581,2.706
2216,7.546,2.724
2217,7.603,2.702
2218,7.705,2.713
2219,7.559,2.670
2220,7.530,2.657
2221,7.578,2.576
2222,7.559,2.553
2223,7.579,2.624
2224,7.340,2.565
2225,7.422,2.644
2226,7.456,2.577
2227,7.379,2.639
2228,7.318,2.529
2229,7.349,2.614
2230,7.521,2.626
2231,7.622,2.691
2232,7.689,2.561
2233,7.693,2.638
2234,7.670,2.754
2235,7.818,2.792
2236,7.570,2.618
2237,7.698,2.572
2238,7.491,2.602
2239,7.538,2.520
2240,7.480,2.471
2241,7.568,2.546
2242,7.567,2.517
2243,7.565,2.470
2244,7.623,2.583
2245,7.743,2.627
2246,7.713,2.514
2247,7.607,2.524
2248,7.682,2.604
2249,7.679,2.563
2250,7.659,2.550
2251,7.486,2.432
2252,7.553,2.480
2253,7.692,2.496
2254,7.605,2.327
2255,7.570,2.567
2256,7.578,2.519
2257,7.562,2.545
2258,7.495,2.458
2259,7.560,2.528
2260,7.475,2.607
2261,7.560,2.632
2262,7.469,2.606
2263,7.463,2.667
2264,7.514,2.617
2265,7.661,2.654
2266,7.682,2.642
2267,7.803,2.763
2268,7.670,2.756
2269,7.653,2.801
2270,7.621,2.725
2271,7.630,2.687
2272,7.404,2.522
2273,7.536,2.548
2274,7.604,2.534
2275,7.488,2.451
2276,7.428,2.499
2277,7.335,2.485
2278,7.304,2.522
2279,7.448,2.556
2280,7.517,2.533
2281,7.435,2.542
2282,7.554,2.604
2283,7.589,2.488
2284,7.521,2.561
2285,7.515,2.449
2286,7.428,2.464
2287,7.418,2.470
2288,7.438,2.450
2289,7.495,2.355
2290,7.654,2.453
2291,7.718,2.410
2292,7.422,2.386
2293,7.576,2.379
2294,7.635,2.493
2295,7.514,2.514
2296,7.430,2.442
2297,7.408,2.425
2298,7.412,2.355
2299,7.425,2.384
2300,7.342,2.411
2301,7.540,2.430
2302,7.444,2.353
2303,7.421,2.362
2304,7.460,2.457
2305,7.454,2.461
2306,7.283,2.494
2307,7.249,2.449
2308,7.159,2.414
2309,7.201,2.461
2310,7.177,2.323
2311,7.142,2.336
2312,7.348,2.412
2313,7.431,2.458
2314,7.484,2.447
2315,7.464,2.428
2316,7.551,2.412
2317,7.750,2.647
2318,7.605,2.610
2319,7.484,2.528
2320,7.490,2.465
2321,7.530,2.365
2322,7.378,2.375
2323,7.436,2.439
2324,7.574,2.447
2325,7.448,2.472
2326,7.513,2.406
2327,7.449,2.454
2328,7.400,2.371
2329,7.463,2.412
2330,7.631,2.465
2331,7.614,2.406
2332,7.750,2.463
2333,7.673,2.407
2334,7.640,2.447
2335,7.622,2.500
2336,7.764,2.470
2337,7.746,2.477
2338,7.877,2.495
2339,7.952,2.648
2340,7.982,2.671
2341,7.815,2.591
2342,7.914,2.526
2343,7.629,2.408
2344,7.765,2.486
2345,7.875,2.560
2346,7.779,2.562
2347,7.705,2.483
2348,7.676,2.617
2349,7.711,2.599
2350,7.743,2.438
2351,7.567,2.535
2352,7.601,2.528
2353,7.687,2.487
2354,7.627,2.560
2355,7.797,2.477
2356,7.576,2.444
2357,7.703,2.467
2358,7.738,2.499
2359,7.672,2.559
2360,7.699,2.496
2361,7.565,2.423
2362,7.504,2.554
2363,7.348,2.552
2364,7.317,2.490
2365,7.401,2.433
2366,7.546,2.486
2367,7.487,2.471
2368,7.650,2.559
2369,7.588,2.469
2370,7.505,2.495
2371,7.551,2.465
2372,7.513,2.413
2373,7.547,2.454
2374,7.389,2.492
2375,7.512,2.481
2376,7.540,2.453
2377,7.648,2.466
2378,7.703,2.494
2379,7.811,2.461
2380,7.875,2.460
2381,7.818,2.470
2382,7.854,2.483
2383,7.738,2.533
2384,7.774,2.582
2385,7.755,2.487
2386,7.738,2.555
2387,7.664,2.529
2388,7.661,2.681
2389,7.551,2.545
2390,7.580,2.623
2391,7.541,2.552
2392,7.632,2.657
2393,7.672,2.674
2394,7.561,2.593
2395,7.679,2.623
2396,7.630,2.582
2397,7.720,2.566
2398,7.724,2.648
2399,7.702,2.564
2400,7.569,2.526
2401,7.604,2.551
2402,7.631,2.598
2403,7.444,2.455
2404,7.566,2.465
2405,7.522,2.481
2406,7.483,2.576
2407,7.637,2.610
2408,7.679,2.635
2409,7.467,2.627
2410,7.559,2.681
2411,7.412,2.648
2412,7.609,2.626
2413,7.734,2.599
2414,7.584,2.557
2415,7.607,2.576
2416,7.612,2.628
2417,7.520,2.666
2418,7.277,2.597
2419,7.435,2.680
2420,7.413,2.620
2421,7.323,2.651
2422,7.273,2.645
2423,7.331,2.645
2424,7.437,2.747
2425,7.480,2.514
2426,7.567,2.628
2427,7.527,2.471
2428,7.522,2.548
2429,7.330,2.418
2430,7.424,2.593
2431,7.368,2.622
2432,7.597,2.722
2433,7.458,2.629
2434,7.538,2.702
2435,7.281,2.610
2436,7.309,2.590
2437,7.421,2.583
2438,7.530,2.603
2439,7.571,2.572
2440,7.653,2.764
2441,7.435,2.654
2442,7.398,2.638
2443,7.255,2.472
2444,7.161,2.391
2445,7.151,2.392
2446,7.157,2.422
2447,7.136,2.382
2448,7.264,2.370
2449,7.378,2.333
2450,7.239,2.371
2451,7.322,2.522
2452,7.255,2.433
2453,7.486,2.502
2454,7.601,2.536
2455,7.482,2.480
2456,7.506,2.492
2457,7.716,2.581
2458,7.640,2.634
2459,7.623,2.502
2460,7.668,2.519
2461,7.599,2.440
2462,7.502,2.403
2463,7.368,2.384
2464,7.374,2.411
2465,7.492,2.505
2466,7.526,2.484
2467,7.440,2.562
2468,7.489,2.400
2469,7.481,2.509
2470,7.352,2.443
2471,7.399,2.377
2472,7.301,2.380
2473,7.216,2.364
2474,7.271,2.474
2475,7.353,2.558
2476,7.516,2.486
2477,7.548,2.472
2478,7.364,2.588
2479,7.416,2.518
2480,7.346,2.561
2481,7.401,2.522
2482,7.344,2.615
2483,7.286,2.479
2484,7.176,2.467
2485,7.202,2.503
2486,7.029,2.362
2487,6.996,2.309
2488,7.028,2.452
2489,6.996,2.329
2490,7.065,2.534
2491,7.054,2.428
2492,7.046,2.512
2493,6.981,2.385
2494,7.035,2.403
2495,7.159,2.383
2496,7.244,2.353
2497,7.315,2.392
2498,7.391,2.438
2499,7.305,2.376
2500,7.521,2.382
2501,7.510,2.394
2502,7.409,2.355
2503,7.428,2.416
2504,7.374,2.422
2505,7.279,2.407
2506,7.148,2.334
2507,7.226,2.277
2508,7.348,2.388
2509,7.366,2.427
2510,7.282,2.324
2511,7.335,2.328
2512,7.468,2.362
2513,7.231,2.310
2514,7.334,2.334
2515,7.463,2.288
2516,7.435,2.218
2517,7.289,2.311
2518,7.407,2.383
2519,7.286,2.361
2520,7.337,2.393
2521,7.363,2.387
2522,7.430,2.290
2523,7.411,2.337
2524,7.493,2.431
2525,7.206,2.368
2526,7.325,2.352
2527,7.374,2.388
2528,7.336,2.398
2529,7.129,2.285
2530,7.269,2.287
2531,7.248,2.328
2532,7.300,2.276
2533,7.343,2.393
2534,7.136,2.334
2535,7.156,2.260
2536,7.086,2.225
2537,7.037,2.246
2538,7.098,2.258
2539,7.164,2.322
2540,7.255,2.350
2541,7.130,2.262
2542,7.291,2.309
2543,7.389,2.272
2544,7.317,2.294
2545,7.336,2.306
2546,7.435,2.329
2547,7.433,2.428
2548,7.431,2.383
2549,7.285,2.383
2550,7.320,2.400
2551,7.426,2.482
2552,7.414,2.463
2553,7.468,2.383
2554,7.465,2.488
2555,7.467,2.343
2556,7.322,2.378
2557,7.245,2.535
2558,7.114,2.476
2559,7.313,2.549
2560,7.506,2.579
2561,7.511,2.505
2562,7.488,2.488
2563,7.410,2.434
2564,7.405,2.401
2565,7.437,2.486
2566,7.294,2.422
2567,7.315,2.441
2568,7.270,2.487
2569,7.272,2.488
2570,7.471,2.613
2571,7.386,2.533
2572,7.403,2.504
2573,7.521,2.381
2574,7.496,2.461
2575,7.479,2.526
2576,7.517,2.675
2577,7.642,2.579
2578,7.610,2.474
2579,7.499,2.507
2580,7.522,2.389
2581,7.532,2.527
2582,7.520,2.394
2583,7.544,2.485
2584,7.496,2.444
2585,7.523,2.421
2586,7.404,2.324
2587,7.629,2.326
2588,7.623,2.285
2589,7.560,2.349
2590,7.400,2.430
2591,7.421,2.380
2592,7.491,2.418
2593,7.525,2.365
2594,7.547,2.427
2595,7.615,2.437
2596,7.478,2.415
2597,7.373,2.357
2598,7.121,2.362
2599,7.357,2.440
2600,7.429,2.423
2601,7.334,2.491
2602,7.514,2.495
2603,7.511,2.516
2604,7.608,2.444
2605,7.402,2.339
2606,7.532,2.512
2607,7.391,2.413
2608,7.454,2.478
2609,7.575,2.484
2610,7.636,2.497
2611,7.746,2.518
2612,7.653,2.373
2613,7.476,2.484
2614,7.575,2.499
2615,7.577,2.391
2616,7.613,2.378
2617,7.862,2.508
2618,7.857,2.426
2619,7.854,2.560
2620,7.846,2.584
2621,7.691,2.552
2622,7.616,2.608
2623,7.750,2.633
2624,7.789,2.609
2625,7.800,2.591
2626,7.829,2.599
2627,7.656,2.492
2628,7.685,2.527
2629,7.754,2.498
2630,7.776,2.459
2631,7.712,2.439
2632,7.874,2.476
2633,7.876,2.498
2634,7.880,2.414
2635,7.913,2.470
2636,7.883,2.519
2637,7.767,2.438
2638,7.785,2.592
2639,7.858,2.551
2640,7.803,2.536
2641,7.656,2.442
2642,7.640,2.389
2643,7.482,2.351
2644,7.560,2.332
2645,7.566,2.523
2646,7.599,2.465
2647,7.723,2.434
2648,7.814,2.482
2649,7.952,2.464
2650,7.873,2.502
2651,7.727,2.497
2652,7.754,2.550
2653,7.727,2.522
2654,7.719,2.594
2655,7.612,2.523
2656,7.477,2.467
2657,7.693,2.448
2658,7.747,2.372
2659,7.808,2.340
2660,7.663,2.401
2661,7.689,2.441
2662,7.669,2.473
2663,7.669,2.401
2664,7.739,2.426
2665,7.959,2.498
2666,7.743,2.469
2667,7.751,2.534
2668,7.689,2.330
2669,7.449,2.345
2670,7.730,2.282
2671,7.692,2.312
2672,7.683,2.381
2673,7.723,2.416
2674,7.778,2.383
2675,7.776,2.424
2676,7.642,2.395
2677,7.687,2.352
2678,7.443,2.367
2679,7.426,2.387
2680,7.432,2.381
2681,7.418,2.430
2682,7.387,2.316
2683,7.325,2.396
2684,7.466,2.420
2685,7.351,2.320
2686,7.441,2.326
2687,7.379,2.374
2688,7.351,2.331
2689,7.434,2.421
2690,7.502,2.372
2691,7.309,2.414
2692,7.272,2.296
2693,7.389,2.384
2694,7.449,2.387
2695,7.495,2.423
2696,7.427,2.330
2697,7.558,2.286
2698,7.632,2.279
2699,7.640,2.278
2700,7.651,2.268
2701,7.735,2.428
2702,7.761,2.321
2703,7.839,2.271
2704,7.796,2.307
2705,7.618,2.256
2706,7.450,2.366
2707,7.302,2.345
2708,7.215,2.335
2709,7.374,2.400
2710,7.448,2.389
2711,7.484,2.401
2712,7.437,2.434
2713,7.467,2.305
2714,7.423,2.365
2715,7.529,2.345
2716,7.654,2.366
2717,7.466,2.327
2718,7.565,2.341
2719,7.528,2.365
2720,7.609,2.432
2721,7.625,2.406
2722,7.832,2.386
2723,7.785,2.479
2724,7.844,2.494
2725,7.862,2.398
2726,7.945,2.413
2727,7.918,2.410
2728,8.097,2.490
2729,8.173,2.362
2730,8.049,2.460
2731,7.903,2.337
2732,7.863,2.425
2733,7.812,2.387
2734,8.024,2.455
2735,7.910,2.349
2736,7.832,2.432
2737,7.941,2.410
2738,8.138,2.470
2739,8.213,2.515
2740,8.174,2.526
2741,7.982,2.474
2742,8.037,2.540
2743,7.875,2.522
2744,7.902,2.490
2745,7.978,2.561
2746,7.740,2.560
2747,7.836,2.542
2748,7.750,2.432
2749,7.756,2.489
2750,7.704,2.439
2751,7.637,2.580
2752,7.575,2.507
2753,7.667,2.522
2754,7.476,2.488
2755,7.480,2.460
2756,7.542,2.446
2757,7.537,2.502
2758,7.582,2.613
2759,7.532,2.556
2760,7.469,2.553
2761,7.483,2.525
2762,7.527,2.499
2763,7.492,2.495
2764,7.562,2.588
2765,7.611,2.656
2766,7.589,2.461
2767,7.437,2.464
2768,7.566,2.481
2769,7.556,2.470
2770,7.635,2.545
2771,7.713,2.484
2772,7.780,2.635
2773,7.774,2.565
2774,7.561,2.458
2775,7.635,2.601
2776,7.526,2.612
2777,7.473,2.567
2778,7.571,2.540
2779,7.588,2.606
2780,7.583,2.662
2781,7.638,2.616
2782,7.642,2.592
2783,7.607,2.686
2784,7.678,2.502
2785,7.558,2.568
2786,7.380,2.605
2787,7.431,2.629
2788,7.444,2.668
2789,7.358,2.652
2790,7.383,2.619
2791,7.418,2.655
2792,7.366,2.573
2793,7.369,2.553
2794,7.469,2.598
2795,7.445,2.529
2796,7.339,2.386
2797,7.361,2.464
2798,7.377,2.510
2799,7.308,2.519
2800,7.190,2.333
2801,7.347,2.456
2802,7.444,2.525
2803,7.452,2.478
2804,7.437,2.369
2805,7.368,2.425
2806,7.447,2.434
2807,7.581,2.539
2808,7.426,2.435
2809,7.398,2.384
2810,7.434,2.425
2811,7.381,2.447
2812,7.324,2.425
2813,7.492,2.461
2814,7.481,2.435
2815,7.494,2.383
2816,7.513,2.446
2817,7.774,2.446
2818,7.759,2.436
2819,7.641,2.459
2820,7.569,2.282
2821,7.504,2.276
2822,7.561,2.412
2823,7.552,2.370
2824,7.460,2.335
2825,7.440,2.411
2826,7.446,2.276
2827,7.607,2.362
2828,7.854,2.382
2829,7.717,2.349
2830,7.767,2.360
2831,7.763,2.280
2832,7.627,2.271
2833,7.748,2.403
2834,7.689,2.338
2835,7.580,2.295
2836,7.599,2.283
2837,7.549,2.286
2838,7.402,2.311
2839,7.393,2.256
2840,7.512,2.312
2841,7.391,2.276
2842,7.320,2.308
2843,7.179,2.230
2844,7.098,2.274
2845,7.072,2.244
2846,7.082,2.336
2847,7.280,2.325
2848,7.466,2.373
2849,7.598,2.405
2850,7.621,2.385
2851,7.632,2.402
2852,7.589,2.340
2853,7.435,2.348
2854,7.554,2.423
2855,7.553,2.534
2856,7.359,2.466
2857,7.513,2.441
2858,7.510,2.492
2859,7.657,2.379
2860,7.623,2.447
2861,7.568,2.449
2862,7.370,2.465
2863,7.307,2.436
2864,7.381,2.514
2865,7.293,2.362
2866,7.360,2.420
2867,7.355,2.366
2868,7.438,2.471
2869,7.478,2.508
2870,7.461,2.529
2871,7.459,2.483
2872,7.563,2.388
2873,7.578,2.325
2874,7.588,2.368
2875,7.683,2.500
2876,7.772,2.531
2877,7.792,2.572
2878,7.697,2.566
2879,7.701,2.542
2880,7.601,2.423
2881,7.690,2.513
2882,7.666,2.456
2883,7.500,2.500
2884,7.519,2.470
2885,7.565,2.510
2886,7.558,2.498
2887,7.482,2.574
2888,7.604,2.466
2889,7.572,2.552
2890,7.483,2.499
2891,7.486,2.466
2892,7.249,2.329
2893,7.299,2.389
2894,7.297,2.397
2895,7.400,2.405
2896,7.396,2.490
2897,7.530,2.350
2898,7.553,2.359
2899,7.534,2.356
2900,7.723,2.385
2901,7.808,2.397
2902,8.000,2.438
2903,7.779,2.434
2904,7.754,2.510
2905,7.626,2.435
2906,7.603,2.487
2907,7.694,2.495
2908,7.618,2.447
2909,7.748,2.427
2910,7.634,2.486
2911,7.527,2.464
2912,7.612,2.383
2913,7.644,2.432
2914,7.721,2.375
2915,7.736,2.394
2916,7.775,2.359
2917,7.615,2.391
2918,7.679,2.425
2919,7.623,2.364
2920,7.667,2.438
2921,7.460,2.404
2922,7.455,2.324
2923,7.436,2.355
2924,7.385,2.326
2925,7.338,2.354
2926,7.355,2.263
2927,7.515,2.263
2928,7.582,2.381
2929,7.605,2.409
2930,7.393,2.384
2931,7.378,2.471
2932,7.330,2.481
2933,7.334,2.408
2934,7.380,2.464
2935,7.461,2.440
2936,7.522,2.440
2937,7.577,2.415
2938,7.686,2.480
2939,7.729,2.496
2940,7.729,2.519
2941,7.816,2.586
2942,7.754,2.589
2943,7.783,2.528
2944,7.802,2.628
2945,7.771,2.616
2946,7.609,2.471
2947,7.534,2.576
2948,7.798,2.565
2949,7.688,2.579
2950,7.731,2.574
2951,7.650,2.467
2952,7.626,2.529
2953,7.721,2.518
2954,7.853,2.544
2955,7.781,2.522
2956,7.704,2.425
2957,7.680,2.468
2958,7.625,2.513
2959,7.661,2.484
2960,7.611,2.425
2961,7.662,2.446
2962,7.689,2.404
2963,7.572,2.316
2964,7.680,2.440
2965,7.833,2.492
2966,7.856,2.557
2967,7.875,2.489
2968,7.834,2.560
2969,7.781,2.474
2970,7.759,2.482
2971,7.885,2.508
2972,7.822,2.484
2973,7.811,2.517
2974,7.819,2.537
2975,7.756,2.563
2976,7.684,2.550
2977,7.624,2.478
2978,7.550,2.495
2979,7.467,2.532
2980,7.434,2.449
2981,7.528,2.488
2982,7.548,2.377
2983,7.529,2.433
2984,7.501,2.470
2985,7.412,2.528
2986,7.473,2.432
2987,7.604,2.489
2988,7.536,2.380
2989,7.447,2.364
2990,7.608,2.464
2991,7.693,2.467
2992,7.735,2.521
2993,7.681,2.444
2994,7.565,2.454
2995,7.573,2.416
2996,7.586,2.429
2997,7.746,2.484
2998,7.702,2.386
2999,7.816,2.542
3000,7.707,2.485
3001,7.804,2.523
3002,7.742,2.467
3003,7.708,2.389
3004,7.630,2.448
3005,7.658,2.477
3006,7.605,2.428
3007,7.604,2.420
3008,7.599,2.436
3009,7.497,2.310
3010,7.625,2.422
3011,7.503,2.413
3012,7.481,2.347
3013,7.582,2.339
3014,7.610,2.401
3015,7.524,2.403
3016,7.532,2.520
3017,7.691,2.513
3018,7.516,2.514
3019,7.531,2.493
3020,7.609,2.504
3021,7.719,2.482
3022,7.874,2.503
3023,7.660,2.405
3024,7.545,2.385
3025,7.595,2.487
3026,7.615,2.422
3027,7.606,2.522
3028,7.638,2.381
3029,7.610,2.404
3030,7.558,2.353
3031,7.550,2.311
3032,7.639,2.313
3033,7.673,2.264
3034,7.689,2.248
3035,7.499,2.273
3036,7.562,2.386
3037,7.702,2.309
3038,7.519,2.338
3039,7.508,2.342
3040,7.440,2.302
3041,7.548,2.285
3042,7.536,2.376
3043,7.662,2.405
3044,7.596,2.384
3045,7.757,2.318
3046,7.744,2.336
3047,7.779,2.424
3048,7.760,2.330
3049,7.661,2.396
3050,7.580,2.414
3051,7.580,2.417
3052,7.620,2.466
3053,7.528,2.363
3054,7.507,2.393
3055,7.463,2.376
3056,7.374,2.361
3057,7.531,2.343
3058,7.620,2.412
3059,7.740,2.419
3060,7.710,2.413
3061,7.440,2.359
3062,7.416,2.347
3063,7.435,2.332
3064,7.696,2.377
3065,7.639,2.343
3066,7.846,2.375
3067,8.013,2.300
3068,7.963,2.353
3069,7.885,2.306
3070,7.921,2.295
3071,7.767,2.318
3072,7.706,2.329
3073,7.580,2.286
3074,7.694,2.288
3075,7.534,2.319
3076,7.537,2.407
3077,7.574,2.422
3078,7.674,2.368
3079,7.525,2.400
3080,7.395,2.297
3081,7.565,2.231
3082,7.588,2.267
3083,7.594,2.354
3084,7.613,2.296
3085,7.696,2.317
3086,7.526,2.422
3087,7.708,2.400
3088,7.780,2.365
3089,7.765,2.404
3090,7.684,2.384
3091,7.814,2.417
3092,7.794,2.369
3093,7.729,2.304
3094,7.694,2.399
3095,7.677,2.277
3096,7.753,2.260
3097,7.688,2.329
3098,7.641,2.345
3099,7.782,2.449
3100,7.749,2.366
3101,7.864,2.418
3102,7.784,2.379
3103,7.903,2.423
3104,7.926,2.378
3105,7.941,2.350
3106,7.906,2.272
3107,8.012,2.348
3108,8.092,2.382
3109,8.039,2.369
3110,7.969,2.382
3111,8.179,2.366
3112,8.307,2.392
3113,8.395,2.488
3114,8.261,2.436
3115,8.105,2.457
3116,7.906,2.417
3117,7.868,2.525
3118,7.842,2.413
3119,7.984,2.493
3120,7.954,2.419
3121,7.823,2.380
3122,7.959,2.397
3123,7.981,2.362
3124,7.856,2.352
3125,7.826,2.422
3126,7.866,2.366
3127,7.735,2.288
3128,7.849,2.253
3129,7.923,2.335
3130,8.084,2.338
3131,7.788,2.266
3132,7.956,2.420
3133,7.928,2.344
3134,7.927,2.365
3135,7.915,2.482
3136,7.917,2.446
3137,8.017,2.417
3138,8.105,2.398
3139,8.160,2.465
3140,8.066,2.442
3141,7.911,2.437
3142,7.956,2.376
3143,7.964,2.343
3144,7.984,2.338
3145,8.080,2.314
3146,8.057,2.388
3147,7.998,2.323
3148,8.089,2.346
3149,8.075,2.356
3150,8.123,2.470
3151,8.106,2.355
3152,8.120,2.458
3153,8.251,2.356
3154,8.146,2.378
3155,8.123,2.377
3156,7.994,2.447
3157,8.154,2.415
3158,7.907,2.397
3159,7.864,2.333
3160,8.020,2.330
3161,7.830,2.340
3162,7.882,2.280
3163,7.884,2.312
3164,7.775,2.370
3165,8.119,2.341
3166,8.184,2.349
3167,8.100,2.383
3168,8.082,2.291
3169,8.159,2.433
3170,8.162,2.420
3171,8.236,2.419
3172,8.190,2.454
3173,8.198,2.439
3174,8.160,2.371
3175,8.123,2.400
3176,7.962,2.368
3177,7.946,2.274
3178,8.042,2.423
3179,8.030,2.341
3180,8.072,2.470
3181,7.917,2.330
3182,7.818,2.339
3183,7.864,2.328
3184,7.953,2.277
3185,7.952,2.352
3186,7.927,2.275
3187,7.925,2.352
3188,7.909,2.430
3189,7.883,2.399
3190,8.053,2.425
3191,7.996,2.340
3192,7.853,2.328
3193,7.876,2.268
3194,7.732,2.346
3195,7.785,2.419
3196,7.944,2.393
3197,7.746,2.457
3198,7.895,2.406
3199,7.865,2.444
3200,8.044,2.428
3201,8.088,2.467
3202,8.040,2.407
3203,8.125,2.350
3204,8.134,2.453
3205,7.987,2.458
3206,8.002,2.453
3207,7.920,2.345
3208,7.937,2.375
3209,7.956,2.408
3210,8.063,2.426
3211,8.142,2.402
3212,8.177,2.492
3213,8.198,2.539
3214,8.072,2.441
3215,8.033,2.461
3216,8.005,2.504
3217,7.794,2.419
3218,7.884,2.438
3219,8.039,2.462
3220,8.066,2.445
3221,8.034,2.492
3222,8.035,2.599
3223,7.982,2.435
3224,8.034,2.482
3225,8.008,2.425
3226,7.997,2.424
3227,8.190,2.532
3228,8.265,2.524
3229,8.115,2.469
3230,8.192,2.468
3231,8.019,2.440
3232,8.122,2.501
3233,8.180,2.451
3234,8.173,2.426
3235,8.260,2.435
3236,8.264,2.414
3237,8.180,2.312
3238,8.207,2.390
3239,8.093,2.338
3240,8.021,2.382
3241,7.913,2.387
3242,7.985,2.440
3243,7.940,2.390
3244,8.020,2.342
3245,7.973,2.399
3246,7.865,2.307
3247,7.858,2.397
3248,7.867,2.366
3249,7.941,2.422
3250,7.934,2.437
3251,7.888,2.457
3252,7.854,2.427
3253,7.603,2.322
3254,7.507,2.342
3255,7.533,2.417
3256,7.544,2.457
3257,7.509,2.417
3258,7.374,2.383
3259,7.542,2.420
3260,7.587,2.409
3261,7.678,2.354
3262,7.900,2.513
3263,7.938,2.537
3264,7.720,2.338
3265,7.628,2.369
3266,7.779,2.330
3267,7.834,2.386
3268,7.792,2.413
3269,7.638,2.372
3270,7.667,2.510
3271,7.678,2.363
3272,7.760,2.440
3273,7.883,2.542
3274,7.913,2.434
3275,8.035,2.478
3276,7.916,2.497
3277,8.101,2.396
3278,8.058,2.412
3279,7.911,2.479
3280,8.004,2.371
3281,8.084,2.335
3282,8.153,2.398
3283,7.953,2.409
3284,7.910,2.432
3285,7.861,2.441
3286,7.744,2.386
3287,7.734,2.436
3288,7.730,2.405
3289,7.615,2.442
3290,7.700,2.350
3291,7.583,2.331
3292,7.524,2.367
3293,7.538,2.363
3294,7.726,2.411
3295,7.664,2.377
3296,7.390,2.306
3297,7.540,2.348
3298,7.628,2.279
3299,7.544,2.405
3300,7.472,2.315
3301,7.470,2.349
3302,7.317,2.203
3303,7.232,2.308
3304,7.456,2.246
3305,7.503,2.356
3306,7.548,2.322
3307,7.567,2.341
3308,7.614,2.328
3309,7.588,2.295
3310,7.804,2.315
3311,7.903,2.336
3312,7.837,2.482
3313,7.773,2.420
3314,7.831,2.450
3315,7.880,2.418
3316,7.793,2.365
3317,7.534,2.365
3318,7.550,2.362
3319,7.531,2.374
3320,7.519,2.395
3321,7.622,2.389
3322,7.483,2.406
3323,7.503,2.415
3324,7.582,2.356
3325,7.607,2.342
3326,7.462,2.346
3327,7.415,2.342
3328,7.504,2.304
3329,7.458,2.330
3330,7.576,2.304
3331,7.681,2.333
3332,7.807,2.302
3333,7.800,2.408
3334,7.737,2.287
3335,7.706,2.249
3336,7.738,2.302
3337,7.735,2.271
3338,7.726,2.249
3339,7.953,2.350
3340,7.774,2.336
3341,7.779,2.374
3342,8.043,2.397
3343,8.061,2.433
3344,7.995,2.445
3345,7.984,2.420
3346,8.000,2.429
3347,8.013,2.456
3348,8.007,2.358
3349,8.096,2.392
3350,8.073,2.468
3351,8.171,2.371
3352,8.132,2.373
3353,8.305,2.464
3354,8.071,2.370
3355,8.196,2.326
3356,7.965,2.335
3357,7.962,2.326
3358,7.961,2.454
3359,8.232,2.478
3360,8.211,2.442
3361,8.111,2.411
3362,8.109,2.408
3363,8.115,2.517
3364,8.115,2.514
3365,8.327,2.629
3366,8.138,2.629
3367,8.252,2.610
3368,8.306,2.648
3369,8.400,2.601
3370,8.391,2.630
3371,8.422,2.497
3372,8.345,2.578
3373,8.432,2.526
3374,8.268,2.541
3375,8.483,2.692
3376,8.511,2.688
3377,8.383,2.561
3378,8.167,2.473
3379,8.379,2.626
3380,8.460,2.541
3381,8.297,2.565
3382,8.323,2.513
3383,8.457,2.626
3384,8.222,2.504
3385,8.031,2.482
3386,7.960,2.423
3387,7.958,2.523
3388,7.968,2.480
3389,7.872,2.502
3390,7.903,2.397
3391,7.919,2.575
3392,7.902,2.557
3393,8.150,2.500
3394,8.097,2.679
3395,8.018,2.543
3396,7.955,2.501
3397,7.863,2.574
3398,7.882,2.629
3399,7.826,2.601
3400,7.882,2.594
3401,8.006,2.590
3402,8.049,2.540
3403,8.069,2.516
3404,8.008,2.620
3405,7.939,2.596
3406,7.935,2.556
3407,7.836,2.531
3408,7.752,2.584
3409,7.788,2.646
3410,7.818,2.624
3411,7.831,2.624
3412,7.701,2.689
3413,7.736,2.547
3414,7.879,2.662
3415,7.778,2.678
3416,7.784,2.691
3417,7.717,2.730
3418,7.544,2.670
3419,7.655,2.688
3420,7.739,2.643
3421,7.855,2.725
3422,7.658,2.693
3423,7.592,2.640
3424,7.696,2.632
3425,7.902,2.636
3426,7.923,2.601
3427,7.886,2.582
3428,7.953,2.479
3429,8.011,2.463
3430,8.073,2.549
3431,8.127,2.702
3432,8.093,2.642
3433,8.113,2.575
3434,7.930,2.608
3435,7.991,2.617
3436,8.030,2.698
3437,8.054,2.604
3438,8.115,2.618
3439,8.246,2.504
3440,8.154,2.624
3441,8.086,2.602
3442,8.095,2.613
3443,8.080,2.435
3444,8.207,2.619
3445,8.130,2.586
3446,8.297,2.613
3447,8.340,2.699
3448,8.394,2.695
3449,8.368,2.626
3450,8.265,2.606
3451,8.096,2.526
3452,7.985,2.556
3453,8.189,2.550
3454,8.203,2.565
3455,8.292,2.557
3456,8.112,2.610
3457,8.280,2.475
3458,8.266,2.508
3459,8.336,2.459
3460,8.230,2.469
3461,8.315,2.522
3462,8.220,2.491
3463,8.186,2.487
3464,8.045,2.397
3465,8.274,2.454
3466,8.178,2.455
3467,8.345,2.455
3468,8.297,2.370
3469,8.295,2.497
3470,8.095,2.466
3471,8.150,2.533
3472,8.077,2.519
3473,8.071,2.567
3474,8.042,2.589
3475,8.147,2.538
3476,7.953,2.582
3477,7.919,2.611
3478,8.030,2.645
3479,7.790,2.628
3480,7.888,2.601
3481,7.827,2.629
3482,7.888,2.579
3483,7.863,2.601
3484,7.966,2.604
3485,7.908,2.748
3486,7.806,2.798
3487,7.820,2.737
3488,7.928,2.611
3489,7.904,2.636
3490,7.840,2.618
3491,7.725,2.627
3492,7.812,2.521
3493,7.812,2.529
3494,7.889,2.503
3495,7.880,2.502
3496,8.031,2.428
3497,8.090,2.496
3498,8.006,2.550
3499,8.020,2.597
3500,8.046,2.679
3501,7.859,2.618
3502,8.008,2.667
3503,8.185,2.567
3504,8.034,2.615
3505,7.899,2.537
3506,7.863,2.559
3507,8.038,2.798
3508,8.044,2.628
3509,7.947,2.616
3510,8.082,2.569
3511,7.974,2.516
3512,7.965,2.563
3513,7.937,2.514
3514,7.935,2.506
3515,7.799,2.501
3516,7.866,2.423
3517,8.069,2.520
3518,8.228,2.699
3519,8.085,2.651
3520,8.042,2.611
3521,8.116,2.702
3522,8.092,2.645
3523,8.113,2.617
3524,8.168,2.704
3525,8.278,2.685
3526,8.278,2.758
3527,8.478,2.755
3528,8.355,2.605
3529,8.244,2.663
3530,8.391,2.700
3531,8.241,2.610
3532,8.174,2.692
3533,8.223,2.677
3534,8.253,2.696
3535,8.185,2.728
3536,8.278,2.759
3537,8.322,2.644
3538,8.305,2.664
3539,8.283,2.649
3540,8.282,2.678
3541,8.327,2.771
3542,8.475,2.843
3543,8.391,2.733
3544,8.339,2.729
3545,8.513,2.641
3546,8.641,2.658
3547,8.834,2.725
3548,8.576,2.748
3549,8.410,2.663
3550,8.349,2.616
3551,8.343,2.687
3552,8.240,2.611
3553,8.187,2.558
3554,8.260,2.674
3555,8.240,2.600
3556,8.216,2.539
3557,8.198,2.557
3558,8.192,2.516
3559,8.273,2.526
3560,8.097,2.495
3561,8.186,2.617
3562,8.198,2.485
3563,8.224,2.561
3564,8.282,2.489
3565,8.491,2.605
3566,8.287,2.640
3567,8.372,2.627
3568,8.428,2.676
3569,8.419,2.669
3570,8.335,2.734
3571,8.337,2.648
3572,8.307,2.659
3573,8.299,2.647
3574,8.464,2.593
3575,8.600,2.555
3576,8.424,2.545
3577,8.434,2.577
3578,8.411,2.468
3579,8.452,2.499
3580,8.361,2.444
3581,8.257,2.513
3582,8.352,2.604
3583,8.340,2.579
3584,8.139,2.417
3585,8.218,2.453
3586,8.388,2.485
3587,8.363,2.436
3588,8.421,2.443
3589,8.452,2.449
3590,8.477,2.377
3591,8.563,2.370
3592,8.582,2.434
3593,8.446,2.361
3594,8.512,2.503
3595,8.373,2.432
3596,8.389,2.440
3597,8.448,2.545
3598,8.610,2.518
3599,8.501,2.402
3600,8.670,2.343
3601,8.579,2.492
3602,8.465,2.323
3603,8.587,2.407
3604,8.278,2.398
3605,8.304,2.384
3606,8.195,2.428
3607,8.126,2.536
3608,8.213,2.468
3609,7.977,2.450
3610,7.916,2.446
3611,7.923,2.427
3612,7.950,2.463
3613,8.107,2.484
3614,8.115,2.434
3615,8.196,2.494
3616,8.293,2.468
3617,8.503,2.466
3618,8.634,2.389
3619,8.548,2.394
3620,8.627,2.461
3621,8.635,2.406
3622,8.680,2.479
3623,8.580,2.483
3624,8.590,2.385
3625,8.456,2.407
3626,8.322,2.338
3627,8.358,2.397
3628,8.513,2.425
3629,8.606,2.412
3630,8.405,2.438
3631,8.577,2.399
3632,8.581,2.428
3633,8.544,2.446
3634,8.507,2.392
3635,8.393,2.365
3636,8.553,2.458
3637,8.538,2.375
3638,8.290,2.330
3639,8.245,2.269
3640,8.478,2.373
3641,8.363,2.280
3642,8.337,2.359
3643,8.471,2.302
3644,8.602,2.272
3645,8.691,2.344
3646,8.782,2.294
3647,8.538,2.285
3648,8.607,2.388
3649,8.387,2.350
3650,8.315,2.311
3651,8.633,2.280
3652,8.643,2.314
3653,8.493,2.294
3654,8.608,2.482
3655,8.619,2.424
3656,8.742,2.416
3657,8.703,2.436
3658,8.828,2.493
3659,8.609,2.490
3660,8.538,2.348
3661,8.655,2.354
3662,8.579,2.386
3663,8.516,2.393
3664,8.403,2.384
3665,8.451,2.438
3666,8.700,2.431
3667,8.709,2.374
3668,8.730,2.528
3669,8.548,2.427
3670,8.624,2.370
3671,8.615,2.382
3672,8.558,2.376
3673,8.572,2.313
3674,8.530,2.361
3675,8.519,2.396
3676,8.426,2.343
3677,8.346,2.329
3678,8.327,2.326
3679,8.426,2.241
3680,8.716,2.377
3681,8.639,2.487
3682,8.405,2.382
3683,8.393,2.329
3684,8.429,2.410
3685,8.616,2.417
3686,8.534,2.390
3687,8.574,2.337
3688,8.365,2.368
3689,8.453,2.297
3690,8.570,2.541
3691,8.571,2.560
3692,8.531,2.524
3693,8.540,2.658
3694,8.493,2.539
3695,8.509,2.486
3696,8.610,2.459
3697,8.711,2.531
3698,8.767,2.486
3699,8.808,2.456
3700,8.588,2.496
3701,8.574,2.504
3702,8.648,2.540
3703,8.664,2.534
3704,8.687,2.507
3705,8.759,2.563
3706,8.709,2.505
3707,8.610,2.480
3708,8.807,2.588
3709,8.704,2.654
3710,8.641,2.598
3711,8.832,2.617
3712,8.822,2.646
3713,8.747,2.672
3714,8.697,2.675
3715,8.512,2.676
3716,8.483,2.662
3717,8.459,2.639
3718,8.320,2.687
3719,8.419,2.680
3720,8.267,2.634
3721,8.398,2.571
3722,8.377,2.505
3723,8.519,2.607
3724,8.574,2.556
3725,8.528,2.566
3726,8.530,2.515
3727,8.592,2.664
3728,8.393,2.630
3729,8.376,2.610
3730,8.266,2.706
3731,8.327,2.647
3732,8.435,2.695
3733,8.409,2.656
3734,8.318,2.623
3735,8.422,2.606
3736,8.376,2.650
3737,8.504,2.653
3738,8.449,2.561
3739,8.410,2.583
3740,8.295,2.483
3741,8.429,2.559
3742,8.457,2.610
3743,8.209,2.570
3744,8.287,2.525
3745,8.207,2.513
3746,8.299,2.638
3747,8.371,2.548
3748,8.278,2.498
3749,8.368,2.709
3750,8.261,2.608
3751,8.226,2.550
3752,8.169,2.523
3753,8.308,2.620
3754,8.425,2.624
3755,8.358,2.723
3756,8.438,2.666
3757,8.472,2.718
3758,8.617,2.677
3759,8.459,2.648
3760,8.524,2.725
3761,8.197,2.601
3762,8.217,2.512
3763,8.247,2.565
3764,8.384,2.699
3765,8.361,2.625
3766,8.191,2.581
3767,8.309,2.463
3768,8.246,2.487
3769,8.314,2.569
3770,8.266,2.489
3771,8.376,2.503
3772,8.234,2.484
3773,8.458,2.478
3774,8.543,2.583
3775,8.577,2.526
3776,8.604,2.648
3777,8.575,2.585
3778,8.539,2.666
3779,8.403,2.582
3780,8.520,2.596
3781,8.403,2.675
3782,8.518,2.660
3783,8.610,2.581
3784,8.667,2.590
3785,8.404,2.662
3786,8.443,2.772
3787,8.474,2.668
3788,8.320,2.553
3789,8.341,2.588
3790,8.259,2.565
3791,8.339,2.532
3792,8.363,2.610
3793,8.330,2.627
3794,8.464,2.712
3795,8.262,2.584
3796,8.458,2.555
3797,8.270,2.527
3798,8.148,2.519
3799,8.257,2.664
3800,8.213,2.649
3801,8.152,2.659
3802,8.242,2.593
3803,8.397,2.685
3804,8.490,2.600
3805,8.589,2.609
3806,8.631,2.571
3807,8.851,2.724
3808,8.564,2.750
3809,8.572,2.766
3810,8.460,2.687
3811,8.353,2.768
3812,8.272,2.675
3813,8.359,2.703
3814,8.471,2.743
3815,8.518,2.689
3816,8.388,2.717
3817,8.354,2.687
3818,8.418,2.701
3819,8.419,2.703
3820,8.335,2.660
3821,8.367,2.687
3822,8.328,2.728
3823,8.408,2.654
3824,8.535,2.562
3825,8.290,2.545
3826,8.384,2.615
3827,8.362,2.622
3828,8.485,2.656
3829,8.408,2.718
3830,8.441,2.730
3831,8.311,2.725
3832,8.292,2.722
3833,8.378,2.667
3834,8.444,2.654
3835,8.293,2.670
3836,8.353,2.573
3837,8.271,2.572
3838,8.312,2.585
3839,8.342,2.601
3840,8.300,2.533
3841,8.347,2.576
3842,8.415,2.654
3843,8.293,2.669
3844,8.410,2.521
3845,8.330,2.557
3846,8.284,2.609
3847,8.247,2.532
3848,8.288,2.723
3849,8.134,2.782
3850,8.053,2.763
3851,8.171,2.739
3852,7.984,2.674
3853,8.275,2.742
3854,8.280,2.724
3855,8.377,2.733
3856,8.407,2.779
3857,8.297,2.721
3858,8.298,2.669
3859,8.244,2.594
3860,8.380,2.514
3861,8.389,2.555
3862,8.410,2.757
3863,8.330,2.625
3864,8.491,2.519
3865,8.354,2.581
3866,8.478,2.628
3867,8.484,2.631
3868,8.435,2.670
3869,8.254,2.756
3870,8.314,2.718
3871,8.383,2.647
3872,8.340,2.649
3873,8.361,2.694
3874,8.527,2.743
3875,8.490,2.647
3876,8.478,2.614
3877,8.509,2.746
3878,8.438,2.554
3879,8.310,2.590
3880,8.343,2.636
3881,8.464,2.595
3882,8.459,2.542
3883,8.523,2.589
3884,8.657,2.572
3885,8.687,2.507
3886,8.697,2.639
3887,8.790,2.736
3888,8.959,2.800
3889,9.044,2.668
3890,9.038,2.623
3891,8.922,2.690
3892,8.911,2.572
3893,8.850,2.663
3894,8.885,2.644
3895,9.062,2.683
3896,9.019,2.610
3897,8.892,2.600
3898,8.862,2.785
3899,8.681,2.778
3900,8.812,2.671
3901,8.673,2.571
3902,8.735,2.631
3903,8.684,2.655
3904,8.715,2.683
3905,8.722,2.672
3906,8.793,2.665
3907,8.901,2.700
3908,8.735,2.639
3909,8.599,2.592
3910,8.787,2.659
3911,8.870,2.722
3912,8.861,2.596
3913,8.789,2.543
3914,8.742,2.604
3915,8.754,2.724
3916,8.875,2.618
3917,8.952,2.675
3918,8.877,2.710
3919,8.927,2.526
3920,9.072,2.645
3921,9.104,2.553
3922,9.025,2.530
3923,8.854,2.572
3924,9.129,2.591
3925,9.189,2.645
3926,9.223,2.640
3927,9.112,2.625
3928,9.063,2.660
3929,9.077,2.603
3930,9.126,2.761
3931,9.077,2.782
3932,9.053,2.632
3933,9.033,2.680
3934,8.905,2.673
3935,9.091,2.604
3936,8.979,2.571
3937,8.867,2.615
3938,8.911,2.587
3939,8.859,2.576
3940,8.874,2.669
3941,8.793,2.643
3942,8.779,2.722
3943,8.773,2.671
3944,8.866,2.719
3945,8.927,2.785
3946,8.832,2.799
3947,8.816,2.663
3948,8.766,2.680
3949,8.835,2.752
3950,8.833,2.817
3951,8.750,2.755
3952,8.715,2.625
3953,8.684,2.712
3954,8.478,2.680
3955,8.599,2.576
3956,8.681,2.705
3957,8.748,2.712
3958,8.928,2.662
3959,8.746,2.748
3960,8.728,2.743
3961,8.771,2.748
3962,8.789,2.776
3963,8.615,2.710
3964,8.672,2.674
3965,8.944,2.673
3966,9.104,2.706
3967,9.203,2.656
3968,9.184,2.608
3969,9.046,2.630
3970,8.989,2.678
3971,8.894,2.576
3972,8.889,2.541
3973,9.126,2.685
3974,9.056,2.686
3975,8.774,2.662
3976,8.830,2.707
3977,8.740,2.864
3978,8.736,2.766
3979,8.659,2.683
3980,8.824,2.637
3981,8.758,2.741
3982,8.733,2.762
3983,8.888,2.878
3984,8.784,2.722
3985,8.972,2.788
3986,8.869,2.806
3987,8.775,2.689
3988,8.757,2.630
3989,8.610,2.578
3990,8.582,2.631
3991,8.930,2.630
3992,8.962,2.605
3993,9.101,2.750
3994,9.075,2.630
3995,8.870,2.602
3996,9.007,2.678
3997,9.076,2.628
3998,9.143,2.591
3999,9.069,2.636
4000,8.986,2.672
4001,9.018,2.737
4002,8.976,2.764
4003,9.043,2.621
4004,9.148,2.669
4005,9.128,2.626
4006,9.090,2.748
4007,9.029,2.679
4008,9.125,2.689
4009,9.056,2.764
4010,9.237,2.732
4011,9.366,2.806
4012,9.146,2.732
4013,9.209,2.662
4014,9.357,2.741
4015,9.461,2.723
4016,9.258,2.754
4017,9.226,2.665
4018,9.221,2.675
4019,9.147,2.615
4020,8.984,2.614
4021,9.208,2.653
4022,9.052,2.699
4023,9.064,2.800
4024,9.089,2.820
4025,9.118,2.833
4026,9.142,2.846
4027,9.051,2.890
4028,9.146,2.891
4029,9.165,2.813
4030,9.122,2.929
4031,9.029,2.778
4032,8.930,2.789
4033,8.921,2.873
4034,8.916,2.879
4035,8.908,2.764
4036,8.925,2.807
4037,8.764,2.733
4038,8.720,2.805
4039,8.711,2.835
4040,8.951,2.849
4041,8.917,2.911
4042,8.847,2.890
4043,8.813,2.744
4044,8.810,2.747
4045,8.946,2.763
4046,8.902,2.739
4047,8.946,2.763
4048,8.953,2.675
4049,9.047,2.733
4050,8.943,2.736
4051,8.941,2.758
4052,8.746,2.700
4053,8.874,2.802
4054,8.827,2.838
4055,8.773,2.793
4056,8.757,2.797
4057,8.975,2.712
4058,8.832,2.736
4059,8.951,2.701
4060,8.595,2.678
4061,8.672,2.653
4062,8.686,2.756
4063,8.852,2.757
4064,8.963,2.728
4065,8.803,2.743
4066,8.741,2.758
4067,8.859,2.702
4068,9.027,2.813
4069,9.115,2.900
4070,9.042,2.834
4071,8.869,2.735
4072,9.062,2.654
4073,8.956,2.624
4074,9.078,2.764
4075,8.872,2.659
4076,8.783,2.741
4077,8.618,2.651
4078,8.714,2.855
4079,8.580,2.759
4080,8.599,2.783
4081,8.689,2.756
4082,8.614,2.808
4083,8.634,2.803
4084,8.529,2.800
4085,8.613,2.759
4086,8.443,2.839
4087,8.527,2.858
4088,8.407,2.790
4089,8.493,2.734
4090,8.423,2.717
4091,8.565,2.611
4092,8.486,2.627
4093,8.376,2.563
4094,8.570,2.498
4095,8.606,2.633
4096,8.743,2.633
4097,8.755,2.868
4098,8.718,2.751
4099,8.862,2.742
4100,8.993,2.689
4101,8.884,2.601
4102,8.869,2.574
4103,8.883,2.645
4104,8.712,2.677
4105,8.624,2.612
4106,8.651,2.644
4107,8.489,2.546
4108,8.519,2.528
4109,8.576,2.527
4110,8.644,2.554
4111,8.617,2.621
4112,8.921,2.694
4113,8.671,2.642
4114,8.684,2.644
4115,8.660,2.673
4116,8.881,2.628
4117,8.836,2.605
4118,8.654,2.556
4119,8.867,2.603
4120,8.836,2.618
4121,8.720,2.597
4122,8.884,2.611
4123,8.796,2.609
4124,9.047,2.569
4125,8.880,2.593
4126,8.969,2.535
4127,9.019,2.485
4128,9.047,2.439
4129,9.216,2.560
4130,9.221,2.495
4131,9.077,2.509
4132,8.981,2.534
4133,8.936,2.494
4134,9.068,2.507
4135,9.223,2.516
4136,9.272,2.575
4137,9.371,2.571
4138,20.106,2.545
4139,20.152,2.597
4140,9.453,2.598
4141,9.429,2.485
4142,9.355,2.579
4143,9.342,2.531
4144,9.263,2.484
4145,9.468,2.491
4146,9.379,2.520
4147,9.329,2.533
4148,9.188,2.608
4149,9.278,2.614
4150,9.321,2.499
4151,9.544,2.535
4152,9.433,2.569
4153,9.241,2.612
4154,9.081,2.608
4155,9.225,2.596
4156,9.324,2.706
4157,9.156,2.652
4158,9.208,2.587
4159,9.203,2.647
4160,9.328,2.676
4161,9.158,2.631
4162,9.195,2.740
4163,9.080,2.675
4164,9.178,2.645
4165,8.981,2.633
4166,9.050,2.629
4167,9.058,2.822
4168,9.003,2.702
4169,9.131,2.624
4170,8.970,2.554
4171,8.694,2.567
4172,8.973,2.578
4173,8.874,2.615
4174,8.958,2.649
4175,8.959,2.790
4176,9.048,2.776
4177,9.049,2.718
4178,19.956,2.733
4179,20.010,2.700
4180,20.047,2.626
4181,20.028,2.582
4182,20.083,2.658
4183,19.958,2.730
4184,19.972,2.644
4185,20.057,2.642
4186,20.175,2.745
4187,20.047,2.662
4188,20.056,2.637
4189,20.123,2.545
4190,20.173,2.637
4191,20.085,2.583
4192,20.071,2.567
4193,9.335,2.598
4194,9.435,2.693
4195,9.286,2.630
4196,9.360,2.725
4197,9.252,2.749
4198,9.123,2.713
4199,9.052,2.746
4200,9.063,2.665
4201,8.870,2.661
4202,8.899,2.685
4203,9.059,2.724
4204,8.897,2.601
4205,8.745,2.526
4206,8.759,2.632
4207,8.873,2.646
4208,8.914,2.581
4209,8.766,2.592
4210,8.660,2.599
4211,8.530,2.594
4212,8.548,2.522
4213,8.497,2.570
4214,8.512,2.573
4215,8.448,2.631
4216,8.308,2.704
4217,8.442,2.680
4218,8.477,2.552
4219,8.637,2.590
4220,8.788,2.661
4221,8.881,2.708
4222,8.834,2.561
4223,9.034,2.560
4224,8.943,2.538
4225,8.808,2.549
4226,8.784,2.562
4227,8.762,2.484
4228,8.829,2.491
4229,8.941,2.578
4230,9.050,2.615
4231,9.043,2.590
4232,8.897,2.645
4233,8.809,2.501
4234,8.716,2.637
4235,8.643,2.559
4236,8.520,2.519
4237,8.629,2.552
4238,8.524,2.618
4239,8.542,2.540
4240,8.728,2.581
4241,8.737,2.510
4242,8.705,2.499
4243,8.689,2.507
4244,8.922,2.632
4245,9.013,2.634
4246,9.048,2.583
4247,9.018,2.613
4248,9.205,2.557
4249,9.021,2.604
4250,8.920,2.611
4251,9.033,2.598
4252,9.023,2.574
4253,8.893,2.566
4254,8.750,2.442
4255,8.774,2.465
4256,8.797,2.379
4257,8.599,2.358
4258,8.632,2.456
4259,8.619,2.453
4260,8.619,2.465
4261,8.494,2.479
4262,8.543,2.351
4263,8.467,2.381
4264,8.499,2.525
4265,8.648,2.559
4266,8.734,2.591
4267,8.613,2.449
4268,8.659,2.426
4269,8.652,2.394
4270,8.673,2.386
4271,8.657,2.417
4272,8.586,2.303
4273,8.519,2.397
4274,8.417,2.417
4275,8.410,2.406
4276,8.351,2.430
4277,8.516,2.315
4278,8.297,2.453
4279,8.466,2.507
4280,8.438,2.339
4281,8.386,2.446
4282,8.331,2.503
4283,8.278,2.458
4284,8.466,2.500
4285,8.494,2.567
4286,8.517,2.454
4287,8.326,2.393
4288,8.164,2.402
4289,8.517,2.466
4290,8.340,2.410
4291,8.168,2.397
4292,8.197,2.358
4293,8.237,2.488
4294,8.132,2.443
4295,8.060,2.529
4296,8.050,2.521
4297,8.296,2.608
4298,8.275,2.570
4299,8.548,2.483
4300,8.498,2.598
4301,8.491,2.496
4302,8.446,2.625
4303,8.490,2.543
4304,8.517,2.514
4305,8.550,2.535
4306,8.571,2.563
4307,8.596,2.631
4308,8.749,2.640
4309,8.772,2.614
4310,8.857,2.625
4311,8.724,2.626
4312,8.854,2.562
4313,8.733,2.680
4314,8.762,2.613
4315,8.699,2.558
4316,8.711,2.708
4317,8.695,2.684
4318,8.521,2.666
4319,8.653,2.686
4320,8.526,2.689
4321,8.318,2.627
4322,8.522,2.679
4323,8.542,2.662
4324,8.330,2.574
4325,8.549,2.640
4326,8.612,2.646
4327,8.388,2.638
4328,8.415,2.530
4329,8.392,2.598
4330,8.410,2.635
4331,8.386,2.646
4332,8.420,2.618
4333,8.400,2.564
4334,8.576,2.562
4335,8.550,2.684
4336,8.400,2.703
4337,8.617,2.642
4338,8.705,2.686
4339,8.631,2.685
4340,8.511,2.695
4341,8.536,2.780
4342,8.587,2.825
4343,8.500,2.735
4344,8.414,2.897
4345,8.471,2.899
4346,8.267,2.768
4347,8.372,2.759
4348,8.499,2.618
4349,8.487,2.732
4350,8.449,2.804
4351,8.612,2.773
4352,8.433,2.839
4353,8.522,2.819
4354,8.537,2.781
4355,8.438,2.777
4356,8.426,2.678
4357,8.480,2.662
4358,8.548,2.782
4359,8.455,2.750
4360,8.454,2.716
4361,8.359,2.722
4362,8.416,2.666
4363,8.540,2.746
4364,8.593,2.740
4365,8.497,2.723
4366,8.692,2.790
4367,8.749,2.799
4368,8.823,2.861
4369,8.816,2.845
4370,8.751,2.812
4371,8.701,2.778
4372,8.559,2.698
4373,8.722,2.813
4374,8.618,2.925
4375,8.523,2.737
4376,8.539,2.783
4377,8.340,2.857
4378,8.411,2.825
4379,8.444,2.748
4380,8.346,2.831
4381,8.486,2.829
4382,8.364,2.801
4383,8.440,2.766
4384,8.285,2.710
4385,8.357,2.737
4386,8.267,2.705
4387,8.169,2.628
4388,8.216,2.637
4389,8.157,2.631
4390,8.165,2.683
4391,8.167,2.639
4392,8.281,2.674
4393,8.229,2.681
4394,8.246,2.603
4395,8.247,2.674
4396,8.146,2.569
4397,8.085,2.472
4398,8.205,2.508
4399,8.230,2.479
4400,8.162,2.557
4401,8.181,2.532
4402,8.161,2.529
4403,8.199,2.574
4404,8.236,2.582
4405,8.279,2.520
4406,8.316,2.590
4407,8.211,2.572
4408,8.218,2.533
4409,8.119,2.599
4410,7.983,2.656
4411,8.209,2.749
4412,8.169,2.670
4413,8.304,2.810
4414,8.390,2.812
4415,8.310,2.760
4416,8.444,2.747
4417,8.344,2.748
4418,8.281,2.686
4419,8.155,2.633
4420,8.057,2.527
4421,8.056,2.597
4422,8.208,2.615
4423,8.233,2.537
4424,8.285,2.585
4425,8.112,2.562
4426,8.213,2.729
4427,8.140,2.619
4428,7.971,2.567
4429,8.098,2.617
4430,8.157,2.659
4431,8.161,2.620
4432,8.094,2.522
4433,8.368,2.572
4434,8.469,2.600
4435,8.273,2.532
4436,8.212,2.635
4437,8.088,2.522
4438,8.252,2.598
4439,8.290,2.651
4440,8.291,2.511
4441,8.401,2.566
4442,8.499,2.577
4443,8.384,2.629
4444,8.367,2.631
4445,8.080,2.569
4446,8.071,2.452
4447,8.160,2.517
4448,8.020,2.537
4449,8.069,2.657
4450,8.052,2.529
4451,8.138,2.543
4452,8.099,2.682
4453,8.089,2.648
4454,8.060,2.632
4455,8.132,2.640
4456,8.051,2.521
4457,7.964,2.553
4458,8.145,2.641
4459,8.161,2.699
4460,8.017,2.597
4461,8.064,2.517
4462,8.081,2.533
4463,8.064,2.640
4464,7.951,2.597
4465,7.767,2.535
4466,7.774,2.610
4467,7.740,2.594
4468,7.725,2.634
4469,7.745,2.726
4470,7.727,2.615
4471,7.620,2.578
4472,7.872,2.650
4473,7.902,2.665
4474,7.785,2.614
4475,8.039,2.691
4476,8.103,2.642
4477,8.089,2.736
4478,8.084,2.634
4479,8.140,2.650
4480,8.163,2.618
4481,8.087,2.554
4482,8.066,2.592
4483,8.111,2.629
4484,7.994,2.517
4485,7.977,2.609
4486,8.050,2.629
4487,7.999,2.591
4488,7.989,2.532
4489,8.035,2.564
4490,7.987,2.480
4491,7.857,2.461
4492,7.743,2.556
4493,7.774,2.449
4494,7.717,2.516
4495,7.619,2.488
4496,7.694,2.463
4497,7.784,2.488
4498,7.893,2.527
4499,7.831,2.635
4500,8.092,2.644
4501,8.084,2.535
4502,8.179,2.566
4503,8.139,2.624
4504,8.164,2.564
4505,8.027,2.592
4506,8.075,2.696
4507,8.102,2.728
4508,8.009,2.657
4509,7.810,2.680
4510,7.783,2.589
4511,7.821,2.580
4512,7.879,2.465
4513,7.752,2.430
4514,7.912,2.603
4515,7.906,2.599
4516,7.929,2.587
4517,8.052,2.547
4518,7.865,2.557
4519,7.867,2.499
4520,7.945,2.507
4521,8.046,2.511
4522,7.979,2.601
4523,7.911,2.508
4524,7.895,2.516
4525,7.987,2.553
4526,8.000,2.626
4527,7.993,2.610
4528,7.996,2.676
4529,8.115,2.708
4530,7.879,2.692
4531,7.865,2.615
4532,8.002,2.649
4533,8.120,2.650
4534,7.922,2.671
4535,7.973,2.713
4536,7.995,2.639
4537,8.027,2.585
4538,8.101,2.624
4539,8.201,2.577
4540,8.260,2.623
4541,8.205,2.654
4542,8.070,2.685
4543,7.951,2.644
4544,7.966,2.749
4545,7.787,2.747
4546,7.818,2.718
4547,7.785,2.640
4548,7.924,2.569
4549,7.872,2.642
4550,7.921,2.615
4551,8.024,2.652
4552,7.862,2.608
4553,8.005,2.586
4554,8.016,2.561
4555,7.968,2.705
4556,7.834,2.555
4557,7.913,2.598
4558,8.026,2.710
4559,7.858,2.699
4560,7.836,2.637
4561,7.711,2.563
4562,7.700,2.662
4563,7.510,2.494
4564,7.646,2.568
4565,7.562,2.576
4566,7.501,2.631
4567,7.645,2.740
4568,7.674,2.706
4569,7.613,2.583
4570,7.612,2.581
4571,7.605,2.520
4572,7.750,2.429
4573,7.799,2.486
4574,7.889,2.563
4575,7.795,2.564
4576,7.693,2.493
4577,7.636,2.407
4578,7.747,2.510
4579,7.838,2.541
4580,7.736,2.425
4581,7.642,2.626
4582,7.692,2.582
4583,7.764,2.674
4584,7.734,2.507
4585,7.810,2.614
4586,7.816,2.579
4587,7.836,2.605
4588,7.795,2.633
4589,7.929,2.580
4590,8.192,2.551
4591,8.187,2.516
4592,8.442,2.474
4593,8.380,2.509
4594,8.300,2.474
4595,8.194,2.557
4596,8.150,2.477
4597,8.321,2.606
4598,8.292,2.595
4599,8.189,2.586
4600,8.182,2.483
4601,8.322,2.618
4602,8.175,2.534
4603,8.285,2.610
4604,8.156,2.555
4605,8.215,2.467
4606,8.139,2.505
4607,8.040,2.577
4608,7.971,2.471
4609,8.183,2.495
4610,7.986,2.391
4611,7.864,2.401
4612,7.916,2.474
4613,7.684,2.480
4614,7.647,2.450
4615,7.838,2.359
4616,7.724,2.361
4617,7.670,2.464
4618,7.620,2.504
4619,7.661,2.476
4620,7.708,2.425
4621,7.679,2.495
4622,7.876,2.451
4623,7.709,2.376
4624,7.692,2.368
4625,7.676,2.347
4626,7.509,2.364
4627,7.509,2.357
4628,7.618,2.384
4629,7.617,2.413
4630,7.775,2.452
4631,7.675,2.448
4632,7.641,2.432
4633,7.581,2.349
4634,7.699,2.377
4635,7.824,2.447
4636,7.851,2.424
4637,7.857,2.502
4638,7.842,2.513
4639,7.964,2.501
4640,7.909,2.421
4641,7.893,2.491
4642,7.793,2.349
4643,7.805,2.353
4644,7.831,2.393
4645,7.833,2.302
4646,7.926,2.352
4647,7.860,2.345
4648,7.908,2.410
4649,7.932,2.390
4650,7.826,2.455
4651,7.838,2.526
4652,7.909,2.450
4653,7.932,2.442
4654,8.052,2.489
4655,8.025,2.431
4656,8.042,2.442
4657,8.097,2.448
4658,8.225,2.497
4659,8.102,2.497
4660,7.981,2.358
4661,8.097,2.328
4662,7.926,2.374
4663,7.765,2.432
4664,7.709,2.507
4665,7.747,2.421
4666,7.761,2.378
4667,7.853,2.364
4668,7.883,2.306
4669,7.843,2.273
4670,7.879,2.396
4671,7.840,2.267
4672,7.900,2.498
4673,7.976,2.461
4674,7.802,2.373
4675,7.921,2.406
4676,7.838,2.301
4677,7.726,2.385
4678,7.796,2.312
4679,7.856,2.309
4680,7.748,2.377
4681,7.609,2.375
4682,7.501,2.435
4683,7.513,2.333
4684,7.786,2.435
4685,7.905,2.385
4686,7.934,2.439
4687,7.970,2.439
4688,7.983,2.426
4689,7.977,2.400
4690,7.989,2.312
4691,7.920,2.314
4692,7.919,2.310
4693,7.811,2.414
4694,7.861,2.354
4695,7.757,2.493
4696,7.743,2.483
4697,7.947,2.471
4698,7.742,2.494
4699,7.720,2.550
4700,7.883,2.491
4701,7.785,2.490
4702,7.784,2.451
4703,7.792,2.439
4704,7.901,2.414
4705,7.890,2.409
4706,7.980,2.388
4707,8.003,2.412
4708,8.011,2.516
4709,7.963,2.495
4710,7.852,2.521
4711,7.601,2.417
4712,7.773,2.441
4713,7.982,2.431
4714,7.903,2.445
4715,19.587,2.420
4716,7.883,2.427
4717,7.949,2.445
4718,19.565,2.474
4719,7.969,2.546
4720,7.774,2.397
4721,7.812,2.445
4722,7.945,2.414
4723,8.066,2.506
4724,7.916,2.482
4725,7.918,2.366
4726,7.836,2.478
4727,7.901,2.519
4728,7.966,2.479
4729,7.881,2.491
4730,7.874,2.516
4731,7.873,2.547
4732,7.789,2.411
4733,7.678,2.607
4734,7.591,2.544
4735,7.579,2.370
4736,7.668,2.495
4737,7.686,2.565
4738,7.740,2.537
4739,7.712,2.538
4740,7.668,2.521
4741,7.850,2.522
4742,7.724,2.518
4743,7.942,2.494
4744,8.035,2.464
4745,8.045,2.456
4746,7.975,2.435
4747,8.019,2.501
4748,7.924,2.547
4749,7.886,2.442
4750,7.707,2.473
4751,7.563,2.417
4752,7.623,2.452
4753,19.511,2.284
4754,7.550,2.424
4755,7.624,2.437
4756,7.622,2.332
4757,7.655,2.428
4758,7.664,2.358
4759,7.657,2.475
4760,19.559,2.536
4761,7.757,2.404
4762,7.873,2.473
4763,7.865,2.421
4764,7.917,2.362
4765,7.811,2.294
4766,7.745,2.364
4767,7.847,2.395
4768,7.792,2.437
4769,7.544,2.311
4770,7.872,2.285
4771,7.809,2.351
4772,7.865,2.221
4773,19.661,2.215
4774,19.693,2.357
4775,19.671,2.353
4776,19.616,2.262
4777,19.495,2.255
4778,19.483,2.376
4779,19.574,2.277
4780,19.458,2.404
4781,19.482,2.261
4782,19.443,2.380
4783,19.377,2.265
4784,19.391,2.323
4785,19.349,2.364
4786,19.385,2.539
4787,19.359,2.510
4788,19.312,2.522
4789,19.393,2.409
4790,19.453,2.452
4791,19.555,2.414
4792,19.536,2.452
4793,19.532,2.393
4794,19.609,2.454
4795,19.772,2.380
4796,19.783,2.365
4797,19.792,2.344
4798,19.780,2.385
4799,19.904,2.383
4800,19.814,2.282
4801,19.834,2.365
4802,19.973,2.507
4803,19.886,2.435
4804,19.820,2.477
4805,19.903,2.521
4806,19.848,2.507
4807,19.678,2.470
4808,19.730,2.486
4809,19.704,2.410
4810,19.673,2.493
4811,19.789,2.497
4812,19.792,2.550
4813,19.733,2.554
4814,19.892,2.502
4815,19.919,2.467
4816,19.962,2.542
4817,19.879,2.480
4818,19.868,2.386
4819,19.826,2.433
4820,19.852,2.362
4821,19.870,2.487
4822,19.939,2.567
4823,19.964,2.495
4824,19.949,2.453
4825,7.419,2.511
4826,20.016,2.471
4827,7.590,2.564
4828,20.069,2.512
4829,7.544,2.484
4830,7.749,2.540
4831,20.055,2.330
4832,7.569,2.455
4833,7.556,2.549
4834,7.510,2.657
4835,7.626,2.643
4836,7.654,2.620
4837,20.071,2.535
4838,20.012,2.480
4839,19.986,2.470
4840,20.053,2.493
4841,19.931,2.428
4842,19.910,2.536
4843,20.009,2.525
4844,20.019,2.594
4845,20.002,2.538
4846,19.977,2.586
4847,19.945,2.515
4848,19.975,2.607
4849,19.963,2.507
4850,19.939,2.552
4851,19.923,2.477
4852,19.925,2.470
4853,19.905,2.473
4854,19.939,2.413
4855,19.854,2.403
4856,19.812,2.329
4857,19.853,2.356
4858,7.165,2.436
4859,19.841,2.465
4860,19.850,2.391
4861,7.331,2.414
4862,7.331,2.425
4863,19.885,2.446
4864,19.918,2.481
4865,7.171,2.521
4866,7.467,2.548
4867,7.367,2.533
4868,19.894,2.559
4869,7.256,2.624
4870,7.270,2.581
4871,7.146,2.592
4872,7.231,2.592
4873,7.208,2.589
4874,7.184,2.627
4875,7.426,2.691
4876,7.323,2.547
4877,7.362,2.624
4878,7.266,2.580
4879,7.171,2.622
4880,7.155,2.532
4881,7.134,2.462
4882,7.151,2.491
4883,7.177,2.458
4884,7.278,2.540
4885,7.324,2.679
4886,7.380,2.581
4887,7.366,2.632
4888,7.349,2.638
4889,7.203,2.586
4890,7.345,2.537
4891,7.333,2.561
4892,7.310,2.435
4893,7.205,2.571
4894,7.398,2.528
4895,7.396,2.516
4896,7.229,2.495
4897,7.285,2.488
4898,7.296,2.459
4899,7.318,2.456
4900,7.233,2.456
4901,7.367,2.443
4902,7.327,2.507
4903,7.267,2.478
4904,7.105,2.414
4905,7.216,2.490
4906,7.428,2.479
4907,7.452,2.525
4908,7.268,2.413
4909,7.317,2.344
4910,7.298,2.469
4911,7.288,2.392
4912,7.256,2.519
4913,7.302,2.509
4914,7.372,2.523
4915,7.344,2.474
4916,7.330,2.502
4917,7.329,2.552
4918,7.375,2.432
4919,7.471,2.511
4920,7.407,2.405
4921,7.491,2.448
4922,7.371,2.389
4923,7.303,2.456
4924,7.539,2.422
4925,7.488,2.466
4926,7.422,2.519
4927,7.332,2.532
4928,7.250,2.429
4929,7.321,2.532
4930,7.189,2.468
4931,7.270,2.520
4932,7.360,2.446
4933,7.471,2.489
4934,7.586,2.718
4935,7.577,2.623
4936,7.476,2.596
4937,7.310,2.549
4938,7.330,2.536
4939,7.355,2.576
4940,7.364,2.465
4941,7.431,2.564
4942,7.362,2.510
4943,7.432,2.589
4944,7.280,2.569
4945,7.196,2.634
4946,7.279,2.573
4947,7.349,2.731
4948,7.388,2.615
4949,7.415,2.633
4950,7.534,2.606
4951,7.463,2.600
4952,7.388,2.636
4953,7.503,2.607
4954,7.269,2.538
4955,7.312,2.610
4956,7.324,2.631
4957,7.473,2.613
4958,7.600,2.598
4959,7.517,2.674
4960,7.582,2.612
4961,7.645,2.712
4962,7.758,2.784
4963,7.845,2.759
4964,7.895,2.634
4965,7.860,2.758
4966,7.790,2.728
4967,7.850,2.718
4968,7.884,2.768
4969,7.805,2.792
4970,7.776,2.700
4971,7.677,2.725
4972,7.831,2.703
4973,7.887,2.781
4974,7.912,2.679
4975,7.872,2.837
4976,7.998,2.754
4977,7.991,2.747
4978,7.873,2.751
4979,7.827,2.684
4980,7.739,2.736
4981,7.891,2.841
4982,8.057,2.798
4983,7.989,2.780
4984,8.270,2.700
4985,8.191,2.830
4986,8.444,2.710
4987,8.481,2.768
4988,8.341,2.756
4989,8.324,2.632
4990,8.289,2.677
4991,8.259,2.752
4992,8.539,2.810
4993,8.461,2.829
4994,8.491,2.710
4995,8.490,2.750
4996,8.503,2.825
4997,8.364,2.784
4998,8.380,2.752
4999,8.397,2.793
5000,8.421,2.646
5001,8.466,2.630
5002,8.555,2.650
5003,8.422,2.641
5004,8.582,2.731
5005,8.437,2.699
5006,8.327,2.631
5007,8.373,2.645
5008,8.322,2.728
5009,8.385,2.730
5010,8.219,2.744
5011,8.149,2.707
5012,8.265,2.776
5013,8.307,2.698
5014,8.234,2.632
5015,8.180,2.676
5016,8.116,2.641
5017,8.202,2.615
5018,8.233,2.634
5019,8.229,2.709
5020,8.327,2.645
5021,8.287,2.671
5022,8.183,2.777
5023,8.086,2.699
5024,8.191,2.690
5025,8.234,2.665
5026,8.410,2.604
5027,8.264,2.740
5028,8.314,2.734
5029,8.240,2.639
5030,8.225,2.688
5031,8.208,2.701
5032,8.281,2.710
5033,8.494,2.801
5034,8.304,2.733
5035,8.343,2.775
5036,8.211,2.603
5037,8.159,2.554
5038,8.163,2.561
5039,8.224,2.685
5040,8.490,2.830
5041,8.540,2.785
5042,8.580,2.706
5043,8.626,2.787
5044,8.685,2.722
5045,8.613,2.855
5046,8.658,2.879
5047,8.635,2.865
5048,8.482,2.768
5049,8.339,2.671
5050,8.372,2.687
5051,8.362,2.717
5052,8.386,2.720
5053,8.525,2.745
5054,8.653,2.925
5055,8.576,2.968
5056,8.564,2.975
5057,8.414,2.771
5058,8.578,2.796
5059,8.536,2.879
5060,8.500,2.956
5061,8.407,2.992
5062,8.494,2.873
5063,8.258,2.885
5064,8.363,2.849
5065,8.454,2.899
5066,8.383,3.000
5067,8.442,2.913
5068,8.679,2.913
5069,8.469,2.850
5070,8.571,2.904
5071,8.459,2.920
5072,8.762,3.037
5073,8.821,2.968
5074,8.677,2.840
5075,8.596,2.900
5076,8.600,2.826
5077,8.765,2.809
5078,8.632,2.837
5079,8.457,2.806
5080,8.535,2.845
5081,8.631,2.882
5082,8.568,2.868
5083,8.475,2.771
5084,8.698,2.874
5085,8.571,2.828
5086,8.525,2.911
5087,8.480,2.842
5088,8.402,2.810
5089,8.348,2.690
5090,8.281,2.771
5091,8.192,2.807
5092,8.106,2.871
5093,8.166,2.836
5094,8.198,2.830
5095,8.243,2.861
5096,8.261,2.865
5097,8.241,2.829
5098,8.148,2.920
5099,8.075,2.796
5100,8.228,2.910
5101,8.209,2.889
5102,8.129,2.935
5103,8.108,2.913
5104,8.051,2.837
5105,8.085,2.843
5106,7.970,2.818
5107,7.985,2.821
5108,7.922,2.785
5109,7.935,2.850
5110,7.905,2.901
5111,7.902,2.834
5112,7.949,2.785
5113,7.916,2.659
5114,7.937,2.901
5115,7.985,2.835
5116,8.059,2.846
5117,8.072,2.818
5118,7.903,2.775
5119,7.924,2.799
5120,8.193,2.920
5121,8.166,2.896
5122,8.027,2.842
5123,8.119,2.838
5124,8.202,2.784
5125,8.190,2.861
5126,8.026,2.801
5127,8.165,2.753
5128,8.180,2.791
5129,8.229,2.844
5130,8.342,2.780
5131,8.295,2.766
5132,8.190,2.748
5133,8.233,2.813
5134,8.412,2.844
5135,8.512,2.815
5136,8.541,2.788
5137,8.603,2.793
5138,8.617,2.826
5139,8.513,2.766
5140,8.492,2.748
5141,8.438,2.857
5142,8.496,2.901
5143,8.414,2.888
5144,8.500,2.902
5145,8.478,2.895
5146,8.423,2.970
5147,8.434,2.761
5148,8.594,2.850
5149,8.587,2.951
5150,8.656,2.966
5151,8.771,2.906
5152,8.734,2.995
5153,8.552,3.022
5154,8.352,2.948
5155,8.328,2.932
5156,8.202,2.886
5157,8.106,2.906
5158,8.114,2.957
5159,8.247,2.922
5160,8.154,2.984
5161,8.183,3.096
5162,8.076,3.009
5163,8.145,3.001
5164,8.170,3.089
5165,8.371,3.112
5166,8.399,3.011
5167,8.422,2.975
5168,8.409,2.925
5169,8.335,2.995
5170,8.426,3.051
5171,8.407,3.159
5172,8.218,3.076
5173,8.301,3.035
5174,8.238,3.060
5175,8.287,3.162
5176,8.482,3.023
5177,8.467,2.994
5178,8.417,2.986
5179,8.392,2.993
5180,8.222,2.899
5181,8.296,2.902
5182,8.070,2.938
5183,8.149,2.885
5184,8.355,2.850
5185,8.236,2.917
5186,8.132,3.002
5187,7.981,2.960
5188,8.168,2.974
5189,8.108,3.027
5190,7.977,2.898
5191,8.076,2.850
5192,8.111,2.800
5193,7.944,2.795
5194,7.876,2.959
5195,7.876,2.837
5196,8.036,2.885
5197,7.966,2.775
5198,8.103,2.844
5199,8.026,2.741
5200,8.128,2.707
5201,8.141,2.697
5202,7.996,2.724
5203,7.937,2.638
5204,7.953,2.677
5205,8.029,2.697
5206,8.031,2.668
5207,8.046,2.592
5208,19.653,2.654
5209,8.032,2.709
5210,7.989,2.715
5211,8.016,2.772
5212,7.943,2.825
5213,8.108,2.947
5214,8.091,2.880
5215,8.205,2.800
5216,19.485,2.775
5217,8.397,2.811
5218,8.259,2.820
5219,8.191,2.775
5220,8.082,2.751
5221,8.166,2.561
5222,8.033,2.606
5223,8.051,2.591
5224,8.100,2.577
5225,7.983,2.612
5226,7.979,2.595
5227,7.841,2.639
5228,7.850,2.607
5229,8.000,2.631
5230,7.952,2.708
5231,8.029,2.697
5232,19.551,2.619
5233,8.325,2.744
5234,8.274,2.626
5235,8.335,2.603
5236,8.293,2.577
5237,8.386,2.608
5238,8.341,2.642
5239,8.363,2.614
5240,8.459,2.644
5241,8.272,2.692
5242,8.544,2.582
5243,8.523,2.579
5244,8.532,2.658
5245,8.471,2.625
5246,8.538,2.625
5247,8.506,2.662
5248,8.750,2.680
5249,8.770,2.718
5250,8.705,2.635
5251,8.554,2.679
5252,8.486,2.662
5253,8.401,2.750
5254,8.439,2.728
5255,8.418,2.679
5256,8.343,2.749
5257,8.278,2.719
5258,8.418,2.660
5259,8.427,2.757
5260,8.401,2.738
5261,8.532,2.811
5262,8.364,2.733
5263,8.182,2.724
5264,19.437,2.853
5265,8.183,2.788
5266,8.262,2.804
5267,8.220,2.746
5268,8.168,2.723
5269,8.186,2.742
5270,8.167,2.702
5271,8.025,2.691
5272,8.015,2.601
5273,7.950,2.757
5274,8.101,2.749
5275,8.357,2.835
5276,8.364,2.743
5277,8.300,2.744
5278,8.342,2.734
5279,8.247,2.737
5280,8.265,2.801
5281,19.592,2.630
5282,8.520,2.776
5283,8.545,2.810
5284,8.380,2.747
5285,8.310,2.688
5286,8.473,2.718
5287,8.395,2.786
5288,8.408,2.692
5289,19.607,2.746
5290,19.561,2.734
5291,19.631,2.797
5292,19.589,2.708
5293,19.548,2.803
5294,19.502,2.675
5295,19.606,2.748
5296,19.511,2.641
5297,19.629,2.690
5298,19.566,2.682
5299,19.570,2.721
5300,19.527,2.746
5301,19.692,2.784
5302,8.369,2.799
5303,8.473,2.816
5304,19.596,2.792
5305,8.359,2.798
5306,19.631,2.767
5307,19.602,2.768
5308,8.263,2.748
5309,19.545,2.786
5310,19.569,2.683
5311,19.557,2.779
5312,19.632,2.674
5313,8.476,2.790
5314,8.252,2.634
5315,8.440,2.727
5316,8.266,2.825
5317,8.174,2.690
5318,8.273,2.801
5319,8.349,2.754
5320,8.371,2.757
5321,8.367,2.811
5322,19.473,2.745
5323,8.098,2.734
5324,8.036,2.701
5325,8.120,2.624
5326,8.101,2.648
5327,8.220,2.586
5328,8.229,2.644
5329,8.286,2.678
5330,8.341,2.668
5331,8.297,2.592
5332,8.431,2.676
5333,8.391,2.734
5334,8.357,2.637
5335,8.278,2.697
5336,8.346,2.643
5337,8.352,2.737
5338,8.146,2.748
5339,8.130,2.737
5340,8.179,2.819
5341,8.051,2.734
5342,8.115,2.707
5343,8.066,2.722
5344,8.179,2.824
5345,8.157,2.820
5346,8.280,2.776
5347,8.286,2.701
5348,8.203,2.603
5349,8.167,2.708
5350,8.045,2.720
5351,8.151,2.793
5352,8.109,2.742
5353,7.984,2.744
5354,7.943,2.679
5355,7.942,2.638
5356,7.802,2.605
5357,7.881,2.566
5358,7.764,2.651
5359,7.876,2.645
5360,7.919,2.657
5361,8.036,2.602
5362,8.077,2.622
5363,7.938,2.616
5364,7.993,2.610
5365,7.924,2.647
5366,7.880,2.630
5367,7.974,2.608
5368,7.964,2.599
5369,8.120,2.642
5370,7.952,2.539
5371,8.002,2.626
5372,7.865,2.592
5373,7.829,2.690
5374,7.622,2.692
5375,7.596,2.721
5376,7.762,2.689
5377,7.684,2.659
5378,7.567,2.592
5379,7.606,2.666
5380,7.724,2.683
5381,7.771,2.779
5382,7.768,2.841
5383,7.707,2.850
5384,7.647,2.826
5385,7.516,2.773
5386,7.546,2.744
5387,7.635,2.698
5388,7.714,2.766
5389,7.603,2.628
5390,7.555,2.711
5391,7.702,2.691
5392,7.594,2.652
5393,7.766,2.754
5394,7.724,2.777
5395,7.759,2.719
5396,7.832,2.723
5397,7.795,2.646
5398,7.808,2.749
5399,7.751,2.667
5400,7.603,2.587
5401,7.585,2.698
5402,7.693,2.601
5403,7.458,2.559
5404,7.561,2.662
5405,7.447,2.636
5406,7.445,2.782
5407,7.310,2.731
5408,7.280,2.750
5409,7.413,2.826
5410,7.376,2.790
5411,7.365,2.712
5412,7.423,2.869
5413,7.559,2.820
5414,7.540,2.809
5415,7.423,2.832
5416,7.292,2.871
5417,7.428,2.726
5418,7.321,2.780
5419,7.566,2.772
5420,7.467,2.766
5421,7.294,2.719
5422,7.317,2.593
5423,7.324,2.625
5424,7.292,2.605
5425,7.185,2.566
5426,7.256,2.652
5427,7.354,2.580
5428,7.258,2.742
5429,7.375,2.574
5430,7.559,2.614
5431,7.573,2.737
5432,7.568,2.674
5433,7.429,2.667
5434,7.472,2.623
5435,7.478,2.691
5436,7.401,2.491
5437,7.524,2.646
5438,7.523,2.747
5439,7.574,2.736
5440,7.513,2.768
5441,7.550,2.708
5442,7.542,2.655
5443,7.531,2.696
5444,7.379,2.729
5445,7.457,2.816
5446,7.353,2.771
5447,7.328,2.718
5448,7.191,2.695
5449,7.185,2.830
5450,7.178,2.780
5451,7.234,2.712
5452,7.157,2.724
5453,7.072,2.683
5454,7.172,2.712
5455,7.300,2.611
5456,7.328,2.668
5457,7.388,2.676
5458,7.373,2.693
5459,7.485,2.706
5460,7.578,2.756
5461,7.522,2.813
5462,7.383,2.803
5463,7.342,2.690
5464,7.613,2.781
5465,7.737,2.755
5466,7.844,2.679
5467,7.731,2.783
5468,7.641,2.731
5469,7.541,2.841
5470,7.592,2.771
5471,7.608,2.787
5472,7.787,2.765
5473,7.805,2.838
5474,7.758,2.870
5475,7.573,2.741
5476,7.535,2.832
5477,7.352,2.717
5478,7.574,2.755
5479,7.448,2.730
5480,7.398,2.737
5481,7.464,2.717
5482,7.486,2.833
5483,7.571,2.812
5484,7.595,2.762
5485,7.667,2.734
5486,7.594,2.529
5487,7.550,2.740
5488,7.516,2.716
5489,7.473,2.754
5490,7.617,2.785
5491,7.743,2.786
5492,7.780,2.752
5493,7.605,2.685
5494,7.707,2.675
5495,7.731,2.735
5496,7.610,2.645
5497,7.656,2.666
5498,7.793,2.707
5499,7.771,2.755
5500,7.712,2.747
5501,7.776,2.726
5502,7.631,2.647
5503,7.661,2.679
5504,7.696,2.684
5505,7.591,2.676
5506,7.589,2.691
5507,7.528,2.746
5508,7.617,2.667
5509,7.725,2.669
5510,7.794,2.699
5511,7.685,2.776
5512,7.574,2.665
5513,7.678,2.564
5514,7.699,2.658
5515,7.585,2.664
5516,7.520,2.687
5517,7.457,2.626
5518,7.545,2.647
5519,7.578,2.664
5520,7.505,2.605
5521,7.491,2.598
5522,7.453,2.675
5523,7.721,2.671
5524,7.830,2.627
5525,7.912,2.584
5526,7.965,2.649
5527,7.940,2.659
5528,7.814,2.663
5529,7.841,2.719
5530,7.656,2.715
5531,7.797,2.708
5532,7.770,2.645
5533,7.730,2.628
5534,7.813,2.565
5535,7.874,2.629
5536,7.835,2.780
5537,7.825,2.757
5538,7.718,2.723
5539,7.717,2.673
5540,7.869,2.713
5541,7.804,2.659
5542,7.833,2.733
5543,7.934,2.700
5544,8.009,2.739
5545,7.945,2.744
5546,7.938,2.746
5547,7.894,2.728
5548,7.875,2.729
5549,7.908,2.815
5550,7.944,2.784
5551,7.903,2.733
5552,7.911,2.672
5553,7.899,2.732
5554,7.851,2.845
5555,7.992,2.821
5556,7.922,2.868
5557,8.061,2.816
5558,7.898,2.732
5559,7.800,2.754
5560,7.906,2.799
5561,7.970,2.809
5562,8.010,2.787
5563,7.984,2.792
5564,7.962,2.821
5565,8.001,2.783
5566,7.978,2.736
5567,8.022,2.750
5568,8.088,2.756
5569,8.138,2.755
5570,7.979,2.763
5571,7.954,2.785
5572,7.915,2.805
5573,7.874,2.683
5574,7.872,2.691
5575,7.997,2.754
5576,7.898,2.804
5577,7.802,2.827
5578,7.787,2.716
5579,7.952,2.744
5580,7.932,2.637
5581,7.962,2.743
5582,8.094,2.806
5583,7.995,2.690
5584,7.956,2.900
5585,8.003,2.799
5586,7.944,2.862
5587,8.001,2.869
5588,8.077,2.810
5589,8.078,2.764
5590,7.916,2.891
5591,7.963,2.782
5592,7.937,2.767
5593,7.881,2.819
5594,7.822,2.617
5595,7.877,2.653
5596,7.840,2.756
5597,8.008,2.787
5598,7.916,2.675
5599,8.010,2.600
5600,8.116,2.679
5601,8.127,2.688
5602,8.196,2.694
5603,8.087,2.562
5604,8.218,2.657
5605,8.256,2.764
5606,7.969,2.715
5607,8.105,2.758
5608,8.135,2.593
5609,8.105,2.638
5610,8.024,2.659
5611,8.033,2.653
5612,8.071,2.568
5613,8.180,2.717
5614,8.183,2.680
5615,8.041,2.616
5616,8.110,2.563
5617,8.272,2.663
5618,8.230,2.642
5619,8.183,2.662
5620,7.991,2.589
5621,8.039,2.586
5622,8.127,2.630
5623,8.087,2.665
5624,7.930,2.600
5625,8.088,2.579
5626,8.018,2.616
5627,7.849,2.690
5628,7.780,2.613
5629,7.939,2.661
5630,7.791,2.657
5631,7.573,2.551
5632,7.553,2.676
5633,7.778,2.653
5634,7.882,2.603
5635,7.921,2.684
5636,8.027,2.634
5637,7.959,2.622
5638,7.942,2.706
5639,7.955,2.804
5640,7.866,2.695
5641,7.970,2.763
5642,8.063,2.761
5643,8.037,2.755
5644,7.880,2.585
5645,7.877,2.691
5646,7.938,2.820
5647,8.067,2.715
5648,8.092,2.717
5649,7.902,2.645
5650,7.781,2.628
5651,7.954,2.591
5652,7.901,2.688
5653,7.954,2.587
5654,8.088,2.633
5655,8.105,2.680
5656,7.863,2.527
5657,7.895,2.675
5658,7.999,2.568
5659,7.971,2.598
5660,8.012,2.636
5661,7.968,2.628
5662,7.916,2.622
5663,7.990,2.641
5664,7.967,2.584
5665,8.252,2.728
5666,8.040,2.655
5667,8.079,2.664
5668,8.001,2.659
5669,7.956,2.661
5670,8.000,2.634
5671,8.112,2.655
5672,8.100,2.658
5673,7.972,2.556
5674,8.038,2.658
5675,8.054,2.627
5676,8.238,2.677
5677,8.288,2.826
5678,8.242,2.705
5679,8.218,2.675
5680,8.315,2.736
5681,8.344,2.675
5682,8.442,2.579
5683,8.433,2.639
5684,8.334,2.606
5685,8.168,2.667
5686,8.305,2.619
5687,8.248,2.562
5688,8.365,2.608
5689,8.132,2.749
5690,8.321,2.603
5691,8.268,2.715
5692,8.189,2.631
5693,8.217,2.582
5694,8.174,2.596
5695,8.154,2.592
5696,8.282,2.628
5697,8.296,2.729
5698,8.272,2.760
5699,8.151,2.670
5700,8.085,2.592
5701,8.170,2.681
5702,8.156,2.753
5703,8.077,2.687
5704,8.070,2.687
5705,8.055,2.643
5706,8.207,2.723
5707,8.180,2.670
5708,8.157,2.613
5709,8.222,2.649
5710,8.313,2.737
5711,8.300,2.693
5712,8.331,2.701
5713,8.406,2.737
5714,8.416,2.730
5715,8.410,2.641
5716,8.293,2.576
5717,8.329,2.589
5718,8.293,2.606
5719,19.757,2.682
5720,8.481,2.719
5721,8.278,2.727
5722,8.027,2.608
5723,8.031,2.595
5724,8.024,2.734
5725,8.049,2.632
5726,19.824,2.627
5727,7.980,2.548
5728,19.862,2.610
5729,19.851,2.661
5730,19.787,2.668
5731,19.703,2.640
5732,19.767,2.649
5733,19.747,2.734
5734,19.850,2.751
5735,19.780,2.695
5736,19.854,2.652
5737,19.744,2.534
5738,19.827,2.560
5739,19.743,2.582
5740,19.672,2.590
5741,19.765,2.587
5742,7.893,2.557
5743,19.502,2.599
5744,19.654,2.729
5745,19.653,2.671
5746,19.745,2.653
5747,19.829,2.689
5748,19.744,2.683
5749,19.756,2.705
5750,19.801,2.647
5751,19.847,2.653
5752,19.647,2.634
5753,19.772,2.779
5754,19.800,2.717
5755,19.699,2.715
5756,19.669,2.690
5757,19.601,2.643
5758,19.554,2.686
5759,19.595,2.713
5760,19.567,2.674
5761,19.597,2.678
5762,19.619,2.744
5763,19.649,2.742
5764,19.539,2.699
5765,19.593,2.643
5766,19.546,2.641
5767,19.418,2.558
5768,19.414,2.562
5769,19.453,2.589
5770,19.546,2.550
5771,19.661,2.576
5772,19.592,2.565
5773,19.711,2.619
5774,19.759,2.657
5775,19.771,2.680
5776,19.712,2.718
5777,19.591,2.627
5778,19.555,2.648
5779,19.632,2.748
5780,19.555,2.755
5781,19.531,2.690
5782,19.562,2.740
5783,19.586,2.717
5784,19.630,2.744
5785,19.600,2.663
5786,19.594,2.741
5787,19.569,2.784
5788,19.617,2.816
5789,19.671,2.791
5790,19.582,2.813
5791,19.559,2.727
5792,19.719,2.836
5793,19.749,2.912
5794,19.702,2.764
5795,19.651,2.745
5796,19.658,2.786
5797,19.687,2.781
5798,19.603,2.741
5799,19.738,2.835
5800,19.642,2.735
5801,19.636,2.756
5802,19.726,2.714
5803,19.542,2.723
5804,19.656,2.738
5805,19.717,2.732
5806,19.745,2.797
5807,19.717,2.695
5808,19.746,2.586
5809,19.743,2.622
5810,19.685,2.558
5811,19.731,2.507
5812,19.543,2.470
5813,19.622,2.596
5814,19.742,2.646
5815,19.634,2.656
5816,19.739,2.614
5817,8.385,2.693
5818,8.426,2.707
5819,8.399,2.694
5820,8.475,2.613
5821,19.707,2.625
5822,19.598,2.646
5823,19.726,2.689
5824,8.488,2.698
5825,8.524,2.677
5826,19.589,2.636
5827,8.421,2.697
5828,19.700,2.560
5829,19.575,2.595
5830,19.681,2.587
5831,19.686,2.726
5832,8.329,2.620
5833,8.207,2.601
5834,8.101,2.636
5835,8.258,2.665
5836,7.962,2.626
5837,7.921,2.591
5838,7.939,2.614
5839,7.907,2.531
5840,7.993,2.601
5841,8.045,2.631
5842,7.958,2.689
5843,7.940,2.672
5844,7.954,2.664
5845,19.721,2.631
5846,8.158,2.703
5847,8.122,2.725
5848,8.254,2.582
5849,8.163,2.581
5850,8.066,2.593
5851,19.717,2.628
5852,8.074,2.513
5853,8.195,2.546
5854,8.260,2.575
5855,8.349,2.588
5856,8.423,2.529
5857,8.229,2.563
5858,19.670,2.626
5859,8.403,2.688
5860,8.399,2.597
5861,8.351,2.645
5862,8.285,2.705
5863,8.202,2.564
5864,8.159,2.656
5865,8.240,2.518
5866,8.163,2.602
5867,8.070,2.568
5868,8.236,2.620
5869,8.315,2.580
5870,8.252,2.619
5871,8.162,2.572
5872,8.141,2.644
5873,8.192,2.520
5874,8.335,2.612
5875,19.647,2.596
5876,8.251,2.456
5877,8.238,2.585
5878,8.154,2.587
5879,8.173,2.622
5880,8.355,2.660
5881,8.365,2.650
5882,8.145,2.629
5883,8.039,2.575
5884,8.125,2.600
5885,8.079,2.576
5886,8.080,2.619
5887,7.960,2.663
5888,8.142,2.593
5889,8.234,2.594
5890,8.127,2.622
5891,8.074,2.593
5892,8.220,2.633
5893,8.304,2.710
5894,19.872,2.655
5895,19.722,2.637
5896,19.750,2.533
5897,19.651,2.544
5898,19.739,2.567
5899,19.713,2.486
5900,19.827,2.572
5901,19.770,2.623
5902,19.832,2.552
5903,19.815,2.448
5904,19.737,2.432
5905,19.811,2.553
5906,19.811,2.582
5907,19.884,2.624
5908,19.847,2.682
5909,19.874,2.629
5910,19.812,2.543
5911,19.790,2.554
5912,19.876,2.565
5913,19.952,2.489
5914,19.945,2.551
5915,8.536,2.566
5916,8.579,2.583
5917,8.594,2.484
5918,8.588,2.555
5919,19.868,2.450
5920,19.839,2.479
5921,19.844,2.482
5922,8.662,2.598
5923,8.748,2.596
5924,19.929,2.582
5925,19.989,2.653
5926,19.878,2.582
5927,19.979,2.641
5928,19.954,2.576
5929,19.911,2.653
5930,19.876,2.598
5931,19.850,2.676
5932,19.731,2.615
5933,19.725,2.623
5934,19.707,2.671
5935,19.707,2.642
5936,19.844,2.712
5937,19.891,2.570
5938,19.833,2.579
5939,19.857,2.561
5940,19.887,2.602
5941,8.788,2.574
5942,19.889,2.535
5943,19.892,2.599
5944,8.566,2.600
5945,8.444,2.569
5946,8.753,2.592
5947,8.963,2.540
5948,8.778,2.559
5949,8.632,2.504
5950,8.865,2.541
5951,19.904,2.645
5952,19.883,2.562
5953,8.793,2.531
5954,8.666,2.605
5955,8.782,2.620
5956,8.928,2.593
5957,19.989,2.571
5958,8.640,2.507
5959,8.492,2.548
5960,8.589,2.651
5961,8.613,2.608
5962,8.560,2.567
5963,19.992,2.583
5964,19.980,2.542
5965,8.810,2.545
5966,8.792,2.584
5967,8.763,2.492
5968,8.711,2.622
5969,19.967,2.594
5970,20.011,2.572
5971,19.938,2.626
5972,8.528,2.569
5973,19.949,2.531
5974,8.447,2.520
5975,8.598,2.587
5976,19.940,2.602
5977,8.542,2.612
5978,8.519,2.577
5979,8.605,2.504
5980,19.915,2.616
5981,8.625,2.530
5982,19.949,2.509
5983,8.594,2.570
5984,8.549,2.567
5985,8.514,2.502
5986,8.463,2.548
5987,8.383,2.547
5988,8.247,2.600
5989,8.162,2.497
5990,8.198,2.463
5991,8.312,2.455
5992,8.390,2.513
5993,8.331,2.499
5994,8.446,2.464
5995,8.335,2.486
5996,8.221,2.467
5997,8.175,2.513
5998,8.212,2.504
5999,8.243,2.443
6000,8.291,2.437
6001,8.187,2.496
6002,8.074,2.539
6003,8.047,2.440
6004,8.224,2.580
6005,8.290,2.467
6006,8.422,2.518
6007,8.462,2.386
6008,8.516,2.386
6009,8.598,2.542
6010,8.498,2.458
6011,8.609,2.463
6012,8.629,2.423
6013,8.385,2.497
6014,8.298,2.489
6015,8.290,2.427
6016,8.313,2.477
6017,8.119,2.556
6018,8.163,2.402
6019,8.220,2.430
6020,8.192,2.512
6021,8.198,2.464
6022,8.328,2.415
6023,8.318,2.502
6024,8.310,2.459
6025,8.261,2.497
6026,8.347,2.571
6027,8.354,2.545
6028,8.283,2.501
6029,8.236,2.432
6030,8.294,2.370
6031,8.452,2.420
6032,8.408,2.467
6033,8.461,2.451
6034,8.488,2.436
6035,8.493,2.419
6036,8.436,2.473
6037,8.455,2.431
6038,8.407,2.387
6039,8.408,2.491
6040,8.334,2.517
6041,8.351,2.488
6042,8.256,2.410
6043,8.156,2.487
6044,8.129,2.522
6045,8.280,2.588
6046,8.255,2.619
6047,8.213,2.643
6048,8.310,2.548
6049,8.078,2.585
6050,8.206,2.493
6051,8.312,2.619
6052,8.187,2.538
6053,8.108,2.551
6054,8.019,2.537
6055,8.193,2.612
6056,8.220,2.569
6057,8.464,2.594
6058,8.522,2.572
6059,8.527,2.559
6060,8.488,2.467
6061,8.641,2.550
6062,8.540,2.593
6063,8.357,2.483
6064,8.459,2.568
6065,8.434,2.550
6066,8.402,2.513
6067,8.319,2.514
6068,8.327,2.508
6069,8.475,2.590
6070,8.517,2.570
6071,8.267,2.593
6072,8.327,2.643
6073,8.204,2.630
6074,8.305,2.537
6075,8.334,2.615
6076,8.237,2.545
6077,8.216,2.508
6078,8.304,2.483
6079,8.227,2.589
6080,8.187,2.479
6081,8.218,2.486
6082,8.341,2.402
6083,8.247,2.467
6084,8.428,2.563
6085,8.387,2.531
6086,8.302,2.521
6087,8.174,2.624
6088,8.104,2.580
6089,8.052,2.630
6090,8.131,2.496
6091,8.032,2.585
6092,7.913,2.585
6093,7.914,2.601
6094,8.042,2.536
6095,8.100,2.552
6096,8.185,2.529
6097,8.082,2.547
6098,8.055,2.508
6099,8.213,2.508
6100,8.231,2.538
6101,8.244,2.577
6102,8.151,2.522
6103,8.191,2.506
6104,8.148,2.576
6105,8.218,2.536
6106,8.338,2.527
6107,8.374,2.490
6108,8.472,2.433
6109,8.548,2.452
6110,8.515,2.521
6111,8.493,2.557
6112,8.454,2.618
6113,8.405,2.569
6114,8.438,2.549
6115,8.476,2.548
6116,8.350,2.446
6117,8.313,2.527
6118,8.349,2.538
6119,8.370,2.551
6120,8.405,2.530
6121,8.328,2.573
6122,8.314,2.513
6123,8.501,2.499
6124,8.414,2.607
6125,8.421,2.542
6126,8.390,2.564
6127,8.507,2.546
6128,8.578,2.530
6129,8.361,2.576
6130,8.270,2.550
6131,8.367,2.604
6132,8.196,2.598
6133,8.388,2.626
6134,8.185,2.544
6135,8.244,2.600
6136,8.379,2.667
6137,8.446,2.627
6138,8.305,2.694
6139,8.183,2.675
6140,8.359,2.697
6141,8.335,2.703
6142,8.347,2.601
6143,8.305,2.592
6144,8.463,2.639
6145,8.296,2.611
6146,8.165,2.694
6147,8.223,2.620
6148,8.174,2.630
6149,8.273,2.626
6150,8.192,2.520
6151,8.248,2.686
6152,8.435,2.691
6153,8.465,2.663
6154,8.491,2.670
6155,8.460,2.759
6156,8.329,2.614
6157,8.523,2.675
6158,8.553,2.712
6159,8.497,2.707
6160,8.285,2.676
6161,8.411,2.734
6162,8.248,2.690
6163,8.304,2.700
6164,8.401,2.604
6165,8.517,2.639
6166,8.504,2.696
6167,8.587,2.598
6168,8.587,2.596
6169,8.472,2.600
6170,8.278,2.571
6171,8.323,2.612
6172,8.477,2.672
6173,8.346,2.636
6174,8.367,2.732
6175,8.334,2.686
6176,8.415,2.641
6177,8.452,2.571
6178,8.428,2.669
6179,8.423,2.749
6180,8.355,2.632
6181,8.270,2.623
6182,8.322,2.699
6183,8.244,2.626
6184,8.200,2.642
6185,7.881,2.645
6186,7.903,2.617
6187,7.946,2.657
6188,8.070,2.624
6189,8.086,2.660
6190,8.221,2.689
6191,8.225,2.692
6192,8.172,2.703
6193,8.332,2.709
6194,8.205,2.757
6195,8.244,2.754
6196,8.200,2.777
6197,8.161,2.668
6198,8.236,2.730
6199,8.312,2.783
6200,8.265,2.812
6201,8.187,2.750
6202,8.171,2.738
6203,8.253,2.815
6204,8.310,2.792
6205,8.361,2.814
6206,8.237,2.856
6207,8.265,2.848
6208,8.223,2.819
6209,8.262,2.873
6210,8.255,2.783
6211,8.170,2.779
6212,8.072,2.777
6213,8.062,2.731
6214,8.022,2.673
6215,7.900,2.794
6216,7.910,2.670
6217,7.956,2.739
6218,7.945,2.703
6219,8.070,2.729
6220,8.278,2.776
6221,8.304,2.752
6222,8.341,2.783
6223,8.386,2.642
6224,8.446,2.695
6225,8.450,2.674
6226,8.617,2.706
6227,8.608,2.736
6228,8.462,2.622
6229,8.668,2.688
6230,8.736,2.788
6231,8.644,2.806
6232,8.640,2.727
6233,8.686,2.765
6234,8.757,2.813
6235,8.600,2.745
6236,8.655,2.846
6237,8.528,2.854
6238,8.657,2.716
6239,8.522,2.710
6240,8.516,2.700
6241,8.441,2.665
6242,8.518,2.647
6243,8.313,2.629
6244,8.393,2.681
6245,8.415,2.704
6246,8.357,2.715
6247,8.346,2.766
6248,8.317,2.807
6249,8.347,2.756
6250,8.609,2.773
6251,8.552,2.624
6252,8.621,2.612
6253,8.613,2.693
6254,8.510,2.644
6255,8.680,2.673
6256,8.525,2.714
6257,8.591,2.720
6258,8.708,2.633
6259,8.647,2.686
6260,8.608,2.615
6261,8.745,2.637
6262,8.598,2.564
6263,8.626,2.562
6264,8.676,2.587
6265,8.612,2.614
6266,8.522,2.557
6267,8.539,2.644
6268,8.685,2.598
6269,8.509,2.559
6270,8.533,2.627
6271,8.471,2.643
6272,8.764,2.638
6273,8.639,2.688
6274,8.616,2.634
6275,8.532,2.623
6276,8.644,2.733
6277,8.412,2.683
6278,8.384,2.690
6279,8.402,2.699
6280,8.439,2.706
6281,8.206,2.694
6282,8.179,2.717
6283,8.267,2.694
6284,8.569,2.643
6285,8.654,2.607
6286,8.468,2.689
6287,8.550,2.609
6288,8.434,2.773
6289,8.545,2.720
6290,8.684,2.704
6291,8.889,2.750
6292,8.709,2.643
6293,8.771,2.712
6294,8.781,2.616
6295,8.746,2.661
6296,8.708,2.629
6297,8.735,2.556
6298,8.774,2.649
6299,8.861,2.700
6300,8.901,2.672
6301,8.954,2.662
6302,8.724,2.628
6303,8.794,2.687
6304,8.894,2.648
6305,8.820,2.655
6306,8.844,2.643
6307,8.868,2.613
6308,8.849,2.583
6309,8.914,2.607
6310,8.854,2.517
6311,8.872,2.566
6312,8.888,2.477
6313,8.889,2.569
6314,8.864,2.566
6315,8.855,2.542
6316,8.884,2.465
6317,8.929,2.418
6318,8.957,2.493
6319,8.809,2.425
6320,8.942,2.451
6321,8.870,2.494
6322,8.947,2.549
6323,8.919,2.527
6324,8.553,2.558
6325,8.734,2.692
6326,8.831,2.520
6327,8.668,2.516
6328,8.806,2.602
6329,8.685,2.577
6330,8.631,2.585
6331,8.603,2.543
6332,8.651,2.531
6333,8.586,2.548
6334,8.655,2.612
6335,8.575,2.587
6336,8.708,2.562
6337,8.593,2.625
6338,8.609,2.595
6339,8.598,2.563
6340,8.696,2.657
6341,8.772,2.650
6342,8.736,2.679
6343,8.578,2.641
6344,8.717,2.616
6345,8.671,2.671
6346,8.836,2.676
6347,8.728,2.548
6348,8.484,2.591
6349,8.619,2.620
6350,8.542,2.545
6351,8.744,2.509
6352,8.805,2.602
6353,8.720,2.712
6354,8.642,2.736
6355,8.704,2.647
6356,8.838,2.660
6357,8.778,2.552
6358,8.642,2.564
6359,8.713,2.679
6360,8.844,2.608
6361,8.748,2.655
6362,8.593,2.615
6363,8.536,2.566
6364,8.697,2.577
6365,8.506,2.567
6366,8.612,2.590
6367,8.750,2.700
6368,8.775,2.571
6369,8.704,2.562
6370,8.674,2.610
6371,8.681,2.771
6372,8.723,2.580
6373,8.870,2.574
6374,8.966,2.630
6375,8.933,2.670
6376,8.932,2.706
6377,8.770,2.812
6378,8.684,2.746
6379,8.821,2.665
6380,8.526,2.701
6381,8.589,2.698
6382,8.594,2.644
6383,8.673,2.645
6384,8.662,2.673
6385,8.577,2.666
6386,8.474,2.666
6387,8.625,2.701
6388,8.775,2.619
6389,8.589,2.709
6390,8.673,2.643
6391,8.757,2.700
6392,8.666,2.758
6393,8.613,2.723
6394,8.589,2.737
6395,8.541,2.682
6396,8.475,2.644
6397,8.354,2.705
6398,8.379,2.655
6399,8.384,2.819
6400,8.302,2.839
6401,8.254,2.889
6402,8.382,2.862
6403,8.419,2.791
6404,8.504,2.824
6405,8.430,2.747
6406,8.386,2.701
6407,8.340,2.804
6408,8.356,2.739
6409,8.330,2.764
6410,8.276,2.807
6411,8.209,2.773
6412,8.287,2.769
6413,8.431,2.741
6414,8.484,2.717
6415,8.393,2.726
6416,8.420,2.775
6417,8.424,2.771
6418,8.570,2.901
6419,8.584,2.842
6420,8.738,2.905
6421,8.665,3.003
6422,8.900,2.899
6423,9.058,2.858
6424,9.004,2.895
6425,8.939,2.894
6426,8.865,2.857
6427,8.780,2.931
6428,8.741,2.987
6429,8.678,2.946
6430,8.605,2.863
6431,8.625,2.903
6432,8.749,2.899
6433,8.658,2.869
6434,8.626,2.839
6435,8.617,2.841
6436,8.523,2.811
6437,8.584,2.863
6438,8.631,2.787
6439,8.539,2.856
6440,8.628,2.796
6441,8.756,2.933
6442,8.836,2.850
6443,8.859,2.807
6444,8.694,2.723
6445,8.722,2.608
6446,8.681,2.670
6447,8.611,2.663
6448,8.918,2.695
6449,8.781,2.758
6450,8.809,2.787
6451,8.620,2.760
6452,8.785,2.793
6453,8.755,2.755
6454,8.765,2.777
6455,8.672,2.734
6456,8.544,2.696
6457,8.408,2.730
6458,8.547,2.760
6459,8.463,2.744
6460,8.464,2.715
6461,8.487,2.692
6462,8.451,2.613
6463,8.477,2.786
6464,8.435,2.714
6465,8.455,2.561
6466,8.338,2.569
6467,8.404,2.557
6468,8.393,2.614
6469,8.395,2.496
6470,8.566,2.596
6471,8.603,2.536
6472,8.630,2.495
6473,8.563,2.582
6474,8.755,2.689
6475,8.789,2.617
6476,8.865,2.614
6477,8.850,2.642
6478,8.893,2.691
6479,8.831,2.715
6480,8.801,2.746
6481,8.556,2.688
6482,8.485,2.563
6483,8.442,2.695
6484,8.613,2.685
6485,8.592,2.686
6486,8.553,2.684
6487,8.689,2.707
6488,8.504,2.700
6489,8.694,2.678
6490,8.630,2.718
6491,8.605,2.640
6492,8.876,2.661
6493,8.673,2.663
6494,8.657,2.632
6495,8.607,2.601
6496,8.631,2.583
6497,8.649,2.648
6498,8.564,2.703
6499,8.598,2.689
6500,8.507,2.655
6501,8.446,2.580
6502,8.516,2.601
6503,8.470,2.532
6504,8.331,2.679
6505,8.303,2.585
6506,8.282,2.601
6507,8.432,2.657
6508,8.343,2.619
6509,8.527,2.717
6510,8.397,2.694
6511,8.365,2.686
6512,8.395,2.648
6513,8.387,2.672
6514,8.345,2.709
6515,8.359,2.682
6516,8.311,2.754
6517,8.204,2.656
6518,8.345,2.643
6519,8.173,2.697
6520,8.239,2.612
6521,8.188,2.609
6522,8.141,2.539
6523,8.260,2.707
6524,8.277,2.665
6525,8.018,2.684
6526,8.179,2.679
6527,8.106,2.701
6528,8.003,2.703
6529,7.904,2.754
6530,7.977,2.805
6531,8.169,2.826
6532,8.092,2.804
6533,7.880,2.685
6534,7.922,2.681
6535,8.014,2.724
6536,8.096,2.676
6537,8.008,2.628
6538,8.119,2.681
6539,8.134,2.709
6540,8.159,2.799
6541,8.185,2.626
6542,8.168,2.707
6543,8.233,2.721
6544,8.331,2.748
6545,8.301,2.707
6546,8.306,2.725
6547,8.199,2.697
6548,8.034,2.722
6549,8.166,2.675
6550,8.181,2.676
6551,8.196,2.684
6552,8.111,2.612
6553,8.183,2.625
6554,8.105,2.660
6555,8.245,2.605
6556,8.114,2.680
6557,8.124,2.653
6558,7.933,2.628
6559,8.040,2.645
6560,8.011,2.704
6561,8.120,2.702
6562,8.098,2.692
6563,8.161,2.639
6564,8.115,2.624
6565,8.058,2.652
6566,7.881,2.502
6567,8.062,2.638
6568,8.014,2.552
6569,8.118,2.472
6570,8.188,2.539
6571,8.158,2.492
6572,8.214,2.510
6573,8.062,2.586
6574,8.070,2.500
6575,8.113,2.517
6576,8.125,2.529
6577,8.203,2.568
6578,8.176,2.534
6579,8.121,2.464
6580,8.286,2.594
6581,8.266,2.534
6582,8.180,2.541
6583,8.397,2.520
6584,8.354,2.588
6585,8.414,2.580
6586,8.428,2.599
6587,8.460,2.581
6588,8.386,2.621
6589,8.329,2.716
6590,8.402,2.626
6591,8.357,2.605
6592,8.285,2.611
6593,8.077,2.624
6594,8.163,2.517
6595,8.282,2.600
6596,8.306,2.567
6597,8.374,2.598
6598,8.376,2.654
6599,8.245,2.652
6600,8.516,2.601
6601,8.413,2.575
6602,8.388,2.544
6603,8.337,2.586
6604,8.295,2.664
6605,8.274,2.706
6606,8.225,2.670
6607,8.264,2.640
6608,8.232,2.657
6609,8.224,2.629
6610,8.073,2.580
6611,8.049,2.626
6612,8.100,2.615
6613,8.200,2.702
6614,8.134,2.586
6615,8.074,2.570
6616,8.055,2.588
6617,7.876,2.595
6618,8.060,2.629
6619,8.001,2.600
6620,8.012,2.547
6621,8.085,2.551
6622,8.138,2.589
6623,8.085,2.667
6624,7.977,2.511
6625,8.053,2.596
6626,8.133,2.611
6627,8.079,2.634
6628,7.941,2.665
6629,8.008,2.599
6630,8.044,2.576
6631,8.192,2.614
6632,8.208,2.631
6633,8.261,2.586
6634,8.238,2.700
6635,8.167,2.689
6636,8.238,2.692
6637,8.263,2.660
6638,8.266,2.627
6639,8.151,2.596
6640,8.268,2.573
6641,8.230,2.684
6642,8.224,2.680
6643,8.222,2.628
6644,8.142,2.570
6645,8.135,2.581
6646,8.145,2.660
6647,8.047,2.563
6648,8.153,2.630
6649,8.193,2.614
6650,8.277,2.582
6651,8.145,2.574
6652,8.105,2.567
6653,8.032,2.640
6654,7.965,2.652
6655,7.968,2.626
6656,8.026,2.586
6657,8.053,2.655
6658,8.139,2.637
6659,8.045,2.654
6660,7.988,2.612
6661,8.067,2.677
6662,7.952,2.600
6663,7.893,2.633
6664,7.800,2.638
6665,7.698,2.617
6666,7.583,2.645
6667,7.597,2.543
6668,7.757,2.617
6669,7.798,2.610
6670,7.666,2.519
6671,7.691,2.530
6672,7.677,2.547
6673,7.765,2.571
6674,7.778,2.520
6675,7.775,2.550
6676,7.867,2.604
6677,7.785,2.572
6678,7.808,2.556
6679,7.798,2.509
6680,7.732,2.580
6681,7.700,2.585
6682,7.901,2.638
6683,7.811,2.562
6684,7.779,2.597
6685,7.789,2.670
6686,7.817,2.672
6687,7.733,2.600
6688,7.930,2.459
6689,7.890,2.484
6690,8.007,2.601
6691,7.934,2.496
6692,7.825,2.541
6693,7.877,2.491
6694,7.886,2.610
6695,7.855,2.558
6696,7.931,2.522
6697,7.856,2.575
6698,7.825,2.557
6699,7.945,2.493
6700,7.888,2.459
6701,7.787,2.567
6702,7.984,2.547
6703,7.832,2.480
6704,7.887,2.463
6705,8.023,2.384
6706,7.894,2.442
6707,7.895,2.574
6708,7.967,2.550
6709,8.120,2.591
6710,8.111,2.530
6711,8.084,2.525
6712,8.220,2.517
6713,8.243,2.526
6714,8.103,2.605
6715,8.175,2.596
6716,8.213,2.554
6717,8.265,2.576
6718,8.056,2.600
6719,7.879,2.485
6720,7.930,2.430
6721,8.077,2.519
6722,8.018,2.472
6723,7.936,2.481
6724,8.019,2.541
6725,8.034,2.561
6726,7.972,2.573
6727,7.983,2.567
6728,8.082,2.582
6729,8.112,2.578
6730,8.027,2.594
6731,8.297,2.656
6732,8.069,2.594
6733,7.982,2.596
6734,8.135,2.612
6735,8.194,2.610
6736,8.181,2.599
6737,8.346,2.661
6738,8.198,2.643
6739,8.284,2.655
6740,8.311,2.635
6741,8.338,2.536
6742,8.409,2.652
6743,8.313,2.660
6744,8.379,2.579
6745,8.401,2.648
6746,8.392,2.510
6747,8.437,2.495
6748,8.412,2.578
6749,8.390,2.583
6750,8.327,2.517
6751,8.161,2.475
6752,8.348,2.546
6753,8.179,2.558
6754,8.155,2.545
6755,8.031,2.535
6756,7.996,2.417
6757,8.143,2.460
6758,8.056,2.518
6759,8.189,2.519
6760,8.292,2.663
6761,8.333,2.648
6762,8.382,2.655
6763,8.494,2.766
6764,8.439,2.651
6765,8.585,2.638
6766,8.634,2.635
6767,8.592,2.595
6768,8.576,2.682
6769,8.495,2.610
6770,8.374,2.536
6771,8.443,2.715
6772,8.416,2.660
6773,8.414,2.743
6774,8.439,2.642
6775,8.626,2.658
6776,8.507,2.669
6777,8.436,2.620
6778,8.548,2.621
6779,8.401,2.516
6780,8.504,2.607
6781,8.410,2.615
6782,8.410,2.629
6783,8.270,2.584
6784,8.447,2.521
6785,8.369,2.632
6786,8.200,2.612
6787,8.247,2.587
6788,8.161,2.656
6789,8.137,2.581
6790,8.123,2.548
6791,8.180,2.614
6792,8.181,2.563
6793,8.149,2.577
6794,8.095,2.551
6795,7.995,2.527
6796,8.092,2.626
6797,8.070,2.592
6798,8.011,2.638
6799,7.961,2.613
6800,7.980,2.577
6801,8.031,2.610
6802,8.068,2.558
6803,8.075,2.522
6804,8.174,2.652
6805,8.102,2.626
6806,8.107,2.508
6807,8.284,2.617
6808,8.137,2.645
6809,8.193,2.636
6810,8.231,2.617
6811,8.082,2.642
6812,8.170,2.680
6813,8.338,2.620
6814,8.297,2.615
6815,8.299,2.597
6816,8.401,2.638
6817,8.290,2.574
6818,8.177,2.659
6819,8.202,2.645
6820,8.141,2.660
6821,8.162,2.667
6822,8.221,2.620
6823,8.280,2.724
6824,8.315,2.689
6825,8.414,2.736
6826,8.441,2.728
6827,8.355,2.672
6828,8.522,2.720
6829,8.482,2.652
6830,8.502,2.689
6831,8.496,2.596
6832,8.351,2.577
6833,8.531,2.555
6834,8.503,2.569
6835,8.324,2.655
6836,8.325,2.615
6837,8.361,2.626
6838,8.364,2.702
6839,8.334,2.635
6840,8.326,2.616
6841,8.313,2.646
6842,8.402,2.546
6843,8.513,2.508
6844,8.545,2.637
6845,8.489,2.595
6846,8.505,2.638
6847,8.568,2.500
6848,8.615,2.645
6849,8.396,2.587
6850,8.633,2.651
6851,8.657,2.642
6852,8.579,2.645
6853,8.515,2.633
6854,8.457,2.666
6855,8.405,2.646
6856,8.433,2.700
6857,8.289,2.598
6858,8.467,2.750
6859,8.435,2.854
6860,8.404,2.753
6861,8.249,2.762
6862,8.133,2.695
6863,8.308,2.815
6864,8.202,2.893
6865,8.298,2.755
6866,8.164,2.793
6867,8.071,2.814
6868,8.147,2.812
6869,8.026,2.845
6870,8.182,2.682
6871,8.292,2.706
6872,8.322,2.750
6873,8.249,2.664
6874,8.160,2.659
6875,8.154,2.697
6876,8.104,2.590
6877,8.200,2.648
6878,8.248,2.635
6879,8.312,2.649
6880,8.255,2.656
6881,8.280,2.647
6882,8.395,2.711
6883,8.326,2.607
6884,8.136,2.643
6885,8.087,2.636
6886,8.236,2.676
6887,8.164,2.692
6888,8.231,2.716
6889,8.333,2.743
6890,8.326,2.784
6891,8.479,2.802
6892,8.213,2.733
6893,8.363,2.813
6894,8.476,2.862
6895,8.442,2.781
6896,8.475,2.781
6897,8.608,2.812
6898,8.616,2.912
6899,8.461,2.827
6900,8.568,2.859
6901,8.471,2.785
6902,8.340,2.861
6903,8.348,2.836
6904,8.400,2.918
6905,8.387,2.915
6906,8.285,2.892
6907,8.409,2.743
6908,8.483,2.801
6909,8.329,2.806
6910,8.368,2.859
6911,8.251,2.762
6912,8.252,2.678
6913,8.434,2.752
6914,8.340,2.792
6915,8.401,2.736
6916,8.412,2.739
6917,8.471,2.744
6918,8.389,2.744
6919,8.274,2.764
6920,8.279,2.657
6921,8.370,2.723
6922,8.302,2.716
6923,8.323,2.824
6924,8.365,2.717
6925,8.292,2.559
6926,8.238,2.602
6927,8.361,2.603
6928,8.281,2.505
6929,8.352,2.585
6930,8.506,2.621
6931,8.260,2.605
6932,8.293,2.681
6933,8.295,2.647
6934,8.353,2.645
6935,8.280,2.727
6936,8.255,2.702
6937,8.161,2.669
6938,8.254,2.565
6939,8.232,2.604
6940,8.204,2.604
6941,8.108,2.590
6942,8.147,2.595
6943,8.097,2.639
6944,8.101,2.598
6945,8.254,2.627
6946,8.224,2.591
6947,8.179,2.618
6948,8.355,2.653
6949,8.355,2.630
6950,8.489,2.567
6951,8.306,2.559
6952,8.258,2.588
6953,8.420,2.667
6954,8.378,2.586
6955,8.453,2.583
6956,8.314,2.626
6957,8.357,2.638
6958,8.469,2.589
6959,8.444,2.592
6960,8.260,2.555
6961,8.352,2.591
6962,8.226,2.670
6963,8.409,2.678
6964,8.471,2.557
6965,8.350,2.512
6966,8.321,2.588
6967,8.304,2.617
6968,8.416,2.609
6969,8.233,2.598
6970,8.134,2.566
6971,8.126,2.513
6972,8.215,2.664
6973,8.158,2.609
6974,8.203,2.550
6975,8.406,2.534
6976,8.446,2.579
6977,8.270,2.563
6978,8.381,2.578
6979,8.332,2.652
6980,8.329,2.717
6981,8.378,2.711
6982,8.463,2.683
6983,8.443,2.785
6984,8.377,2.656
6985,8.191,2.640
6986,8.249,2.652
6987,8.418,2.652
6988,8.374,2.653
6989,8.364,2.714
6990,8.290,2.678
6991,8.266,2.665
6992,8.266,2.673
6993,8.168,2.706
6994,8.186,2.653
6995,8.247,2.692
6996,8.619,2.616
6997,8.547,2.641
6998,8.292,2.678
6999,8.488,2.627
7000,8.468,2.663
7001,8.558,2.599
7002,8.612,2.691
7003,8.557,2.637
7004,8.430,2.703
7005,8.538,2.705
7006,8.352,2.657
7007,8.265,2.710
7008,8.295,2.629
7009,8.182,2.603
7010,8.295,2.707
7011,8.455,2.794
7012,8.331,2.741
7013,8.250,2.665
7014,8.394,2.676
7015,8.454,2.690
7016,8.509,2.766
7017,8.366,2.743
7018,8.382,2.686
7019,8.394,2.630
7020,8.343,2.587
7021,8.460,2.680
7022,8.492,2.636
7023,8.324,2.619
7024,8.018,2.704
7025,7.996,2.643
7026,8.023,2.649
7027,8.038,2.579
7028,8.098,2.693
7029,8.028,2.621
7030,8.216,2.692
7031,8.273,2.688
7032,8.248,2.647
7033,8.244,2.679
7034,8.322,2.738
7035,8.201,2.732
7036,8.263,2.628
7037,8.333,2.708
7038,8.240,2.659
7039,8.365,2.810
7040,8.195,2.716
7041,8.178,2.674
7042,8.028,2.672
7043,8.113,2.707
7044,8.244,2.651
7045,8.367,2.829
7046,8.432,2.785
7047,8.369,2.730
7048,8.490,2.723
7049,8.277,2.689
7050,8.568,2.737
7051,8.652,2.728
7052,8.528,2.672
7053,8.519,2.658
7054,8.416,2.637
7055,8.483,2.797
7056,8.467,2.664
7057,8.284,2.678
7058,8.217,2.660
7059,8.267,2.638
7060,8.202,2.779
7061,8.252,2.721
7062,8.190,2.714
7063,8.207,2.623
7064,8.259,2.601
7065,8.089,2.636
7066,8.177,2.708
7067,8.072,2.753
7068,7.965,2.744
7069,8.109,2.909
7070,8.043,2.781
7071,8.005,2.781
7072,7.947,2.716
7073,7.973,2.823
7074,7.953,2.775
7075,8.045,2.834
7076,8.125,2.841
7077,8.128,2.837
7078,7.962,2.875
7079,7.944,2.881
7080,8.010,2.851
7081,8.013,2.836
7082,8.053,2.866
7083,8.003,2.883
7084,8.068,2.876
7085,8.055,2.901
7086,8.109,2.819
7087,8.087,2.930
7088,7.931,2.822
7089,7.980,2.824
7090,8.055,2.883
7091,8.009,2.868
7092,7.905,2.858
7093,7.941,2.821
7094,8.041,2.746
7095,8.293,2.848
7096,8.370,2.790
7097,8.392,2.848
7098,8.262,2.664
7099,8.209,2.745
7100,8.054,2.614
7101,8.169,2.711
7102,8.122,2.652
7103,8.049,2.712
7104,8.083,2.705
7105,7.881,2.732
7106,8.082,2.693
7107,8.300,2.619
7108,8.407,2.705
7109,8.356,2.700
7110,8.325,2.677
7111,8.350,2.664
7112,8.405,2.715
7113,8.276,2.714
7114,8.271,2.798
7115,8.321,2.768
7116,8.415,2.776
7117,8.489,2.837
7118,8.533,2.804
7119,8.417,2.793
7120,8.252,2.768
7121,8.159,2.779
7122,8.183,2.833
7123,8.220,2.820
7124,8.185,2.796
7125,8.394,2.886
7126,8.400,2.938
7127,8.496,2.873
7128,8.504,2.876
7129,8.510,3.022
7130,8.525,2.826
7131,8.621,2.852
7132,8.517,2.911
7133,8.412,2.893
7134,8.490,2.843
7135,8.476,2.887
7136,8.467,2.903
7137,8.353,2.880
7138,8.441,2.777
7139,8.255,2.836
7140,8.324,2.846
7141,8.276,2.809
7142,8.372,2.826
7143,8.407,2.764
7144,8.366,2.671
7145,8.388,2.705
7146,8.464,2.742
7147,8.509,2.816
7148,8.388,2.766
7149,8.300,2.783
7150,8.262,2.728
7151,8.325,2.725
7152,8.199,2.740
7153,8.161,2.819
7154,8.018,2.731
7155,8.226,2.866
7156,8.110,2.810
7157,8.090,2.807
7158,8.159,2.875
7159,7.995,2.813
7160,8.031,2.734
7161,7.907,2.752
7162,7.869,2.801
7163,7.897,2.777
7164,7.937,2.770
7165,7.805,2.856
7166,7.933,2.846
7167,7.973,2.795
7168,8.166,2.830
7169,8.089,2.894
7170,8.232,2.877
7171,8.447,2.865
7172,8.511,2.916
7173,8.426,2.899
7174,8.442,2.887
7175,8.447,2.998
7176,8.333,2.839
7177,8.300,2.771
7178,8.435,2.822
7179,8.266,2.799
7180,8.150,2.746
7181,8.244,2.748
7182,8.099,2.814
7183,8.302,2.719
7184,8.335,2.860
7185,8.400,2.864
7186,8.371,2.900
7187,8.534,2.829
7188,8.662,2.948
7189,8.432,2.869
7190,8.429,2.903
7191,8.515,2.906
7192,8.507,2.994
7193,8.563,2.935
7194,8.391,2.913
7195,8.509,3.006
7196,8.303,2.902
7197,8.272,2.995
7198,8.389,2.889
7199,8.379,2.880
7200,8.166,2.782
7201,8.215,2.888
7202,8.138,2.827
7203,8.092,2.951
7204,8.011,2.973
7205,8.080,2.965
7206,8.122,2.950
7207,8.114,2.931
7208,8.026,2.843
7209,8.005,2.822
7210,8.124,2.868
7211,8.201,2.905
7212,8.211,2.846
7213,8.357,2.905
7214,8.328,2.881
7215,8.265,2.954
7216,8.297,2.980
7217,8.072,2.898
7218,8.132,2.951
7219,8.113,2.912
7220,8.055,2.917
7221,8.146,2.980
7222,8.095,2.922
7223,8.038,2.793
7224,7.901,2.825
7225,8.145,2.989
7226,8.196,3.016
7227,8.230,2.922
7228,8.230,2.881
7229,8.157,2.882
7230,8.155,2.873
7231,8.026,2.885
7232,8.251,2.987
7233,8.109,2.865
7234,8.149,2.896
7235,8.150,2.820
7236,8.057,2.846
7237,7.950,2.779
7238,7.933,2.839
7239,7.871,2.892
7240,7.844,2.868
7241,8.013,2.841
7242,7.982,2.853
7243,7.938,2.947
7244,7.912,2.844
7245,7.917,2.931
7246,7.754,2.865
7247,7.817,2.994
7248,7.796,2.949
7249,7.882,2.958
7250,7.801,2.979
7251,7.961,2.909
7252,7.795,2.876
7253,7.837,2.829
7254,7.783,2.853
7255,7.813,2.871
7256,7.748,2.821
7257,7.705,2.844
7258,7.696,2.896
7259,7.815,2.949
7260,7.834,2.951
7261,7.830,2.809
7262,7.960,2.981
7263,8.100,2.963
7264,8.004,2.959
7265,7.976,2.929
7266,7.977,3.012
7267,8.128,3.023
7268,8.107,3.036
7269,7.972,2.999
7270,8.004,3.045
7271,7.960,3.058
7272,7.979,3.043
7273,7.949,2.927
7274,8.073,3.000
7275,8.249,3.071
7276,8.057,2.984
7277,8.019,2.994
7278,8.042,2.947
7279,7.984,2.964
7280,8.081,2.958
7281,8.063,2.889
7282,8.037,2.950
7283,7.880,2.994
7284,7.895,2.930
7285,8.010,2.905
7286,8.034,2.786
7287,7.940,2.938
7288,7.923,2.875
7289,7.798,2.734
7290,7.972,2.760
7291,8.087,2.897
7292,7.968,2.822
7293,7.804,2.784
7294,7.901,2.720
7295,7.898,2.751
7296,7.673,2.809
7297,7.994,2.774
7298,7.961,2.754
7299,7.934,2.778
7300,7.854,2.677
7301,7.905,2.756
7302,7.839,2.695
7303,7.749,2.742
7304,7.781,2.675
7305,8.090,2.716
7306,8.027,2.770
7307,8.104,2.722
7308,8.138,2.705
7309,7.941,2.653
7310,8.046,2.600
7311,8.006,2.629
7312,8.026,2.630
7313,8.092,2.720
7314,7.916,2.743
7315,7.894,2.761
7316,7.791,2.763
7317,8.012,2.741
7318,7.900,2.749
7319,7.890,2.647
7320,8.004,2.691
7321,7.971,2.668
7322,7.950,2.795
7323,8.048,2.728
7324,8.167,2.689
7325,8.077,2.656
7326,8.066,2.607
7327,7.990,2.595
7328,8.072,2.628
7329,8.185,2.589
7330,8.154,2.614
7331,8.235,2.721
7332,8.047,2.692
7333,8.180,2.849
7334,7.983,2.820
7335,8.060,2.712
7336,8.205,2.778
7337,8.080,2.745
7338,7.950,2.715
7339,7.981,2.623
7340,7.952,2.697
7341,8.015,2.763
7342,7.815,2.633
7343,7.927,2.603
7344,8.003,2.641
7345,7.953,2.655
7346,8.016,2.621
7347,8.021,2.605
7348,8.096,2.637
7349,8.142,2.667
7350,8.093,2.644
7351,8.072,2.739
7352,8.026,2.699
7353,8.078,2.719
7354,7.944,2.741
7355,7.842,2.731
7356,8.007,2.872
7357,7.772,2.741
7358,7.842,2.730
7359,7.853,2.792
7360,7.747,2.776
7361,7.768,2.876
7362,7.783,2.859
7363,7.864,2.826
7364,7.610,2.660
7365,7.837,2.784
7366,7.738,2.747
7367,7.715,2.834
7368,7.683,2.690
7369,7.853,2.819
7370,7.935,2.811
7371,7.861,2.756
7372,7.869,2.775
7373,7.999,2.784
7374,8.172,2.853
7375,8.200,2.790
7376,7.955,2.726
7377,8.157,2.842
7378,7.975,2.690
7379,7.814,2.565
7380,7.819,2.741
7381,7.877,2.694
7382,7.744,2.671
7383,8.036,2.698
7384,8.043,2.675
7385,8.179,2.767
7386,8.208,2.790
7387,8.407,2.843
7388,8.330,2.856
7389,8.240,2.875
7390,8.271,2.826
7391,8.264,2.889
7392,8.353,2.787
7393,8.244,2.796
7394,8.188,2.787
7395,8.163,2.709
7396,8.220,2.777
7397,8.164,2.838
7398,8.170,2.789
7399,8.030,2.791
7400,7.892,2.832
7401,7.868,2.914
7402,7.887,2.892
7403,7.896,2.896
7404,7.949,2.896
7405,8.032,2.979
7406,7.889,3.017
7407,7.950,2.929
7408,7.865,2.818
7409,7.973,2.797
7410,7.998,2.916
7411,8.040,2.976
7412,8.005,3.002
7413,8.036,2.962
7414,7.835,2.944
7415,7.775,2.920
7416,7.815,2.869
7417,7.951,2.855
7418,7.954,2.848
7419,7.962,2.698
7420,7.886,2.745
7421,7.897,2.783
7422,7.846,2.804
7423,8.018,2.868
7424,7.870,2.911
7425,7.862,2.979
7426,7.869,2.876
7427,7.757,2.858
7428,7.543,2.861
7429,7.632,2.879
7430,7.721,2.772
7431,7.834,2.837
7432,7.819,2.780
7433,7.966,2.799
7434,7.988,2.873
7435,8.027,2.943
7436,7.899,2.949
7437,7.984,2.779
7438,7.982,2.794
7439,8.019,2.937
7440,7.849,2.841
7441,8.036,2.832
7442,8.009,2.887
7443,7.962,2.749
7444,7.677,2.803
7445,7.954,2.833
7446,8.153,2.797
7447,8.221,2.965
7448,8.251,2.965
7449,8.224,3.041
7450,8.133,2.968
7451,8.126,2.978
7452,8.306,2.963
7453,8.281,3.060
7454,8.236,2.998
7455,8.196,3.109
7456,8.243,3.048
7457,8.240,2.987
7458,8.228,2.985
7459,8.231,3.062
7460,8.316,3.038
7461,7.943,2.898
7462,8.250,3.015
7463,8.174,3.053
7464,8.091,3.039
7465,8.088,3.097
7466,8.291,3.013
7467,8.304,3.054
7468,8.255,2.981
7469,8.300,2.940
7470,8.264,2.947
7471,8.273,3.022
7472,8.284,2.927
7473,8.267,3.022
7474,8.312,3.035
7475,8.270,3.102
7476,8.394,3.070
7477,8.254,2.915
7478,8.187,3.001
7479,8.029,3.062
7480,8.032,3.081
7481,8.114,2.930
7482,8.186,3.016
7483,8.132,3.087
7484,8.297,3.006
7485,8.515,3.129
7486,8.513,3.026
7487,8.453,2.980
7488,8.531,2.978
7489,8.534,3.034
7490,8.277,2.941
7491,8.316,2.936
7492,8.480,2.944
7493,8.402,2.901
7494,8.480,2.980
7495,8.603,2.946
7496,8.509,2.886
7497,8.326,2.890
7498,8.124,2.963
7499,7.993,2.898
7500,7.969,2.899
7501,7.935,2.887
7502,7.986,2.912
7503,8.204,2.950
7504,8.179,2.843
7505,8.014,2.865
7506,8.239,2.979
7507,8.263,2.935
7508,8.249,2.979
7509,8.147,3.000
7510,8.078,2.953
7511,8.101,3.016
7512,8.018,3.005
7513,8.055,2.892
7514,8.016,2.952
7515,8.091,2.851
7516,8.150,2.971
7517,8.148,2.948
7518,8.042,2.910
7519,8.039,2.834
7520,8.107,2.918
7521,7.966,2.871
7522,7.941,2.869
7523,7.949,2.816
7524,8.032,2.815
7525,8.089,2.761
7526,8.142,2.895
7527,8.126,2.965
7528,8.158,2.913
7529,8.058,2.871
7530,8.089,2.933
7531,7.939,2.785
7532,8.132,2.983
7533,8.292,3.064
7534,8.373,2.926
7535,8.200,2.931
7536,8.250,2.924
7537,8.151,2.888
7538,8.147,2.930
7539,8.291,2.986
7540,8.305,2.845
7541,8.133,2.873
7542,8.397,3.013
7543,8.323,2.976
7544,8.332,2.862
7545,8.231,2.890
7546,8.116,2.894
7547,8.171,2.910
7548,8.207,2.951
7549,8.109,2.973
7550,8.325,2.929
7551,8.211,2.910
7552,8.226,2.865
7553,8.133,2.868
7554,8.302,2.967
7555,8.369,2.997
7556,8.360,2.958
7557,8.230,2.934
7558,8.178,2.976
7559,8.302,3.050
7560,8.092,2.923
7561,8.128,2.803
7562,8.189,2.908
7563,8.267,2.950
7564,8.306,2.912
7565,8.297,2.824
7566,8.333,2.874
7567,8.164,2.893
7568,8.178,2.954
7569,8.042,2.937
7570,8.092,2.951
7571,8.060,2.896
7572,7.949,2.836
7573,7.989,2.954
7574,7.977,2.892
7575,8.067,2.875
7576,7.938,2.842
7577,7.969,2.887
7578,7.941,2.846
7579,7.961,2.873
7580,8.104,2.907
7581,7.986,2.680
7582,7.991,2.743
7583,8.046,2.722
7584,8.086,2.757
7585,8.042,2.769
7586,8.095,2.763
7587,8.194,2.765
7588,8.227,2.733
7589,8.226,2.735
7590,8.210,2.878
7591,8.177,2.789
7592,8.191,2.946
7593,8.093,2.926
7594,8.066,2.880
7595,8.260,2.782
7596,8.215,2.875
7597,8.258,2.862
7598,8.265,2.842
7599,8.295,2.846
7600,8.273,2.755
7601,8.279,2.842
7602,8.270,2.805
7603,8.328,2.769
7604,8.407,2.875
7605,8.288,2.769
7606,8.324,2.801
7607,8.294,2.795
7608,8.274,2.712
7609,8.143,2.648
7610,8.191,2.733
7611,8.135,2.667
7612,8.106,2.747
7613,8.189,2.784
7614,8.166,2.764
7615,8.159,2.830
7616,8.055,2.820
7617,8.020,2.851
7618,8.221,2.807
7619,8.238,2.816
7620,8.157,2.886
7621,8.161,2.843
7622,7.900,2.813
7623,8.033,2.990
7624,8.199,2.838
7625,8.278,2.852
7626,8.056,2.854
7627,8.095,2.878
7628,8.032,2.868
7629,8.193,2.871
7630,8.148,2.848
7631,8.260,2.940
7632,8.270,2.754
7633,8.357,2.830
7634,8.343,2.829
7635,8.292,2.817
7636,8.249,2.757
7637,8.243,2.754
7638,8.189,2.889
7639,8.345,2.881
7640,8.414,2.880
7641,8.391,2.846
7642,8.160,2.811
7643,8.051,2.813
7644,8.066,2.844
7645,8.161,2.812
7646,8.236,2.770
7647,8.215,2.793
7648,8.250,2.844
7649,8.330,2.911
7650,8.284,2.840
7651,8.406,2.887
7652,8.324,2.868
7653,8.264,2.897
7654,8.381,2.851
7655,8.380,2.814
7656,8.144,2.724
7657,8.238,2.742
7658,8.221,2.766
7659,8.426,2.842
7660,8.312,2.762
7661,8.421,2.843
7662,8.341,2.801
7663,8.329,2.892
7664,8.325,2.869
7665,8.233,2.979
7666,8.284,2.906
7667,8.361,2.823
7668,8.359,2.820
7669,8.599,2.894
7670,8.520,2.878
7671,8.463,2.821
7672,8.435,2.844
7673,8.280,2.899
7674,8.212,2.885
7675,8.227,2.987
7676,8.308,2.899
7677,8.405,2.941
7678,8.191,2.944
7679,8.164,2.882
7680,8.288,2.906
7681,8.367,3.062
7682,8.368,2.988
7683,8.352,2.939
7684,8.261,2.910
7685,8.321,3.008
7686,8.357,2.974
7687,8.349,2.957
7688,8.216,3.037
7689,8.266,3.112
7690,8.306,3.070
7691,8.404,3.042
7692,8.268,3.045
7693,8.193,3.043
7694,8.254,3.039
7695,8.296,3.021
7696,8.322,3.019
7697,8.412,2.926
7698,8.222,2.896
7699,8.256,2.968
7700,8.366,2.871
7701,8.364,2.958
7702,8.373,2.999
7703,8.225,2.967
7704,8.351,3.009
7705,8.212,3.003
7706,8.343,2.802
7707,8.289,2.871
7708,8.465,2.911
7709,8.532,2.946
7710,8.443,2.876
7711,8.574,2.900
7712,8.471,2.917
7713,8.328,2.906
7714,8.256,2.858
7715,8.173,3.023
7716,8.152,2.836
7717,8.248,2.840
7718,8.082,2.916
7719,8.464,2.933
7720,8.348,2.990
7721,8.415,2.951
7722,8.542,2.908
7723,8.394,2.875
7724,8.246,2.951
7725,8.273,2.935
7726,8.382,2.985
7727,8.247,2.962
7728,8.157,2.986
7729,8.239,2.949
7730,8.128,2.877
7731,8.175,2.957
7732,8.138,2.916
7733,8.257,2.914
7734,8.077,2.851
7735,8.345,2.984
7736,8.294,2.951
7737,8.363,2.919
7738,8.416,2.952
7739,8.356,2.865
7740,8.303,2.934
7741,8.287,2.933
7742,8.305,2.945
7743,8.349,2.995
7744,8.458,3.029
7745,8.427,2.984
7746,8.341,2.939
7747,8.371,2.985
7748,8.477,2.891
7749,8.502,2.985
7750,8.489,2.953
7751,8.498,3.030
7752,8.417,3.065
7753,8.510,2.962
7754,8.624,2.980
7755,8.458,2.955
7756,8.605,3.008
7757,8.530,2.983
7758,8.665,2.867
7759,8.519,2.924
7760,8.695,2.958
7761,8.642,2.909
7762,8.586,2.985
7763,8.617,2.904
7764,8.519,3.041
7765,8.482,2.932
7766,8.740,3.061
7767,8.595,2.937
7768,8.613,2.933
7769,8.507,2.886
7770,8.432,2.889
7771,8.411,2.949
7772,8.568,2.965
7773,8.596,3.045
7774,8.491,3.027
7775,8.487,2.946
7776,8.462,2.931
7777,8.504,2.884
7778,8.535,2.929
7779,8.570,2.938
7780,8.628,2.987
7781,8.671,3.006
7782,8.625,3.065
7783,8.561,3.092
7784,8.600,2.929
7785,8.598,2.983
7786,8.444,2.855
7787,8.508,2.862
7788,8.594,2.966
7789,8.611,2.911
7790,8.569,2.923
7791,8.386,2.880
7792,8.403,2.841
7793,8.550,2.836
7794,8.488,2.815
7795,8.463,2.866
7796,8.466,2.762
7797,8.440,2.857
7798,8.563,2.893
7799,8.432,2.780
7800,8.444,2.699
7801,8.341,2.830
7802,8.375,2.785
7803,8.464,2.867
7804,8.382,2.889
7805,8.381,2.945
7806,8.266,2.945
7807,8.372,2.930
7808,8.390,2.809
7809,8.609,2.916
7810,8.483,2.886
7811,8.345,3.014
7812,8.208,2.910
7813,8.025,2.891
7814,7.961,2.904
7815,7.957,2.877
7816,7.929,2.819
7817,8.213,2.823
7818,7.989,2.799
7819,7.966,2.744
7820,8.115,2.856
7821,8.056,2.823
7822,8.125,2.848
7823,8.061,2.857
7824,8.045,2.886
7825,8.187,2.954
7826,8.064,2.877
7827,8.034,2.873
7828,8.035,2.889
7829,8.116,2.854
7830,8.231,2.999
7831,8.183,2.950
7832,8.187,2.936
7833,8.137,2.808
7834,8.168,2.857
7835,7.991,2.883
7836,8.145,2.985
7837,8.210,2.926
7838,8.162,2.900
7839,8.213,2.847
7840,8.070,2.864
7841,8.134,2.924
7842,8.003,2.932
7843,8.025,2.976
7844,8.123,3.027
7845,7.955,3.028
7846,7.976,3.021
7847,8.151,3.045
7848,8.009,2.958
7849,8.159,2.958
7850,8.118,2.944
7851,8.128,2.946
7852,8.116,2.873
7853,8.051,2.867
7854,7.961,2.795
7855,8.185,2.698
7856,8.338,2.901
7857,8.244,2.843
7858,8.044,2.727
7859,8.175,2.864
7860,8.331,2.884
7861,8.202,2.864
7862,8.110,2.877
7863,8.044,2.920
7864,7.982,2.890
7865,7.863,2.764
7866,7.965,2.971
7867,7.905,2.828
7868,7.944,2.871
7869,7.860,2.826
7870,8.008,2.754
7871,7.928,2.756
7872,7.992,2.818
7873,7.862,2.718
7874,7.776,2.843
7875,7.924,2.793
7876,7.897,2.777
7877,7.892,2.713
7878,7.950,2.805
7879,7.815,2.716
7880,7.790,2.739
7881,8.011,2.714
7882,7.928,2.771
7883,8.021,2.718
7884,7.966,2.734
7885,8.050,2.780
7886,8.045,2.776
7887,8.185,2.829
7888,8.218,2.743
7889,8.154,2.612
7890,7.986,2.713
7891,7.932,2.781
7892,7.884,2.717
7893,8.011,2.660
7894,8.034,2.785
7895,7.966,2.741
7896,8.116,2.765
7897,8.079,2.658
7898,7.952,2.655
7899,7.981,2.696
7900,7.757,2.760
7901,7.819,2.683
7902,7.784,2.730
7903,7.891,2.728
7904,8.003,2.812
7905,7.980,2.757
7906,7.948,2.773
7907,8.026,2.733
7908,8.032,2.799
7909,7.970,2.808
7910,8.120,2.849
7911,8.183,2.830
7912,7.992,2.820
7913,8.169,2.740
7914,7.886,2.742
7915,7.797,2.847
7916,7.847,2.655
7917,7.866,2.689
7918,7.901,2.661
7919,7.986,2.701
7920,7.849,2.707
7921,7.917,2.758
7922,7.973,2.813
7923,8.052,2.716
7924,7.945,2.809
7925,8.004,2.746
7926,8.041,2.827
7927,7.880,2.730
7928,7.875,2.754
7929,7.984,2.843
7930,8.041,2.877
7931,8.163,2.855
7932,8.097,2.870
7933,8.146,2.834
7934,8.282,2.776
7935,8.310,2.849
7936,8.297,2.938
7937,8.425,2.916
7938,8.387,2.916
7939,8.383,3.006
7940,8.220,3.093
7941,8.448,3.125
7942,8.252,3.073
7943,8.381,3.096
7944,8.403,3.060
7945,8.543,2.995
7946,8.588,2.998
7947,8.585,2.958
7948,8.631,3.034
7949,8.518,3.037
7950,8.500,2.948
7951,8.628,3.085
7952,8.553,2.928
7953,8.197,2.854
7954,8.301,2.865
7955,8.343,2.931
7956,8.349,3.019
7957,8.257,2.919
7958,8.407,3.043
7959,8.373,2.961
7960,8.263,3.033
7961,8.128,2.983
7962,8.237,2.957
7963,8.270,2.979
7964,8.218,2.999
7965,8.071,3.063
7966,7.996,2.981
7967,8.068,2.975
7968,8.095,3.027
7969,8.068,3.023
7970,8.074,2.982
7971,7.960,2.888
7972,7.998,2.890
7973,7.905,2.845
7974,7.841,2.867
7975,7.965,2.992
7976,8.006,2.940
7977,8.160,2.968
7978,8.026,2.994
7979,8.006,2.991
7980,7.928,2.908
7981,7.914,2.812
7982,8.048,2.931
7983,7.994,2.920
7984,8.007,2.919
7985,7.803,2.859
7986,7.878,2.926
7987,7.969,2.936
7988,7.963,2.946
7989,7.851,2.948
7990,7.952,3.026
7991,7.920,2.907
7992,7.973,2.965
7993,7.901,2.909
7994,8.011,2.906
7995,7.891,2.945
7996,7.903,2.915
7997,7.999,2.830
7998,8.118,2.846
7999,8.016,2.864
8000,8.056,2.830
8001,8.025,2.808
8002,8.040,2.893
8003,8.042,2.868
8004,7.954,2.874
8005,8.147,2.912
8006,8.055,3.001
8007,8.060,2.832
8008,8.085,2.877
8009,8.363,2.930
8010,8.399,2.965
8011,8.216,2.896
8012,8.273,2.890
8013,8.245,3.003
8014,8.152,3.012
8015,7.980,3.052
8016,7.999,3.022
8017,8.149,3.075
8018,8.152,3.019
8019,8.103,2.828
8020,8.132,2.900
8021,8.174,2.923
8022,8.183,2.962
8023,8.172,2.848
8024,8.213,2.959
8025,8.331,2.980
8026,8.380,2.955
8027,8.384,2.981
8028,8.267,2.873
8029,8.115,2.927
8030,8.059,2.961
8031,7.964,2.908
8032,7.891,3.053
8033,7.910,3.032
8034,7.856,2.938
8035,7.803,2.886
8036,7.785,2.900
8037,7.933,3.017
8038,7.977,2.852
8039,8.038,2.809
8040,8.179,2.957
8041,8.151,2.937
8042,8.077,2.891
8043,8.004,2.820
8044,7.968,2.836
8045,7.963,2.801
8046,8.011,2.880
8047,7.999,2.933
8048,7.898,2.891
8049,7.990,2.901
8050,8.100,2.962
8051,8.033,2.887
8052,7.884,2.807
8053,7.983,2.851
8054,8.083,2.889
8055,8.105,2.712
8056,8.060,2.780
8057,8.115,2.914
8058,7.958,2.745
8059,7.874,2.743
8060,7.904,2.816
8061,7.891,2.791
8062,8.067,2.875
8063,7.977,2.917
8064,8.029,2.886
8065,8.043,2.755
8066,8.096,2.858
8067,8.123,2.902
8068,8.154,2.757
8069,8.154,2.768
8070,8.183,2.822
8071,8.227,2.844
8072,8.086,2.779
8073,8.155,2.862
8074,7.924,2.812
8075,7.968,2.883
8076,8.033,2.899
8077,7.999,2.907
8078,7.972,2.923
8079,8.101,2.928
8080,8.108,2.892
8081,8.076,2.867
8082,8.134,2.919
8083,8.024,3.024
8084,8.190,2.912
8085,8.368,2.936
8086,8.275,2.928
8087,8.212,2.982
8088,8.235,2.944
8089,8.191,3.021
8090,8.079,2.932
8091,8.156,2.861
8092,8.142,3.027
8093,8.095,3.051
8094,8.181,2.938
8095,8.142,2.799
8096,8.102,2.764
8097,8.192,2.690
8098,8.289,2.892
8099,8.191,2.875
8100,8.047,2.803
8101,7.932,2.734
8102,8.020,2.854
8103,7.975,2.811
8104,7.839,2.817
8105,8.082,2.856
8106,8.180,2.886
8107,8.094,2.959
8108,8.183,3.063
8109,8.034,2.931
8110,7.943,2.922
8111,8.003,2.873
8112,8.177,3.003
8113,8.094,2.925
8114,8.166,2.885
8115,8.267,2.848
8116,8.204,2.803
8117,8.287,2.874
8118,8.538,2.933
8119,8.540,2.843
8120,8.462,2.822
8121,8.358,2.833
8122,8.166,2.808
8123,8.302,2.933
8124,8.149,2.874
8125,8.102,2.852
8126,8.221,2.806
8127,8.287,2.830
8128,8.161,2.913
8129,8.063,2.859
8130,7.988,2.873
8131,8.068,2.922
8132,7.956,2.953
8133,7.961,2.960
8134,8.060,2.868
8135,7.909,2.907
8136,7.982,2.931
8137,7.989,2.853
8138,7.846,2.744
8139,8.047,2.873
8140,7.952,2.854
8141,7.931,2.911
8142,8.148,2.946
8143,8.109,2.897
8144,8.052,2.806
8145,8.133,2.899
8146,8.290,2.819
8147,8.348,2.824
8148,8.128,2.851
8149,8.346,2.976
8150,8.438,2.980
8151,8.493,2.965
8152,8.472,2.958
8153,8.529,3.036
8154,8.503,3.056
8155,8.323,2.992
8156,8.323,3.074
8157,8.242,3.107
8158,8.115,3.020
8159,8.211,3.045
8160,8.195,3.029
8161,8.276,3.046
8162,8.383,3.077
8163,8.254,3.046
8164,8.293,2.964
8165,8.206,3.023
8166,8.168,3.013
8167,8.024,2.898
8168,8.129,2.923
8169,8.290,2.992
8170,8.281,3.048
8171,8.256,3.011
8172,8.287,2.967
8173,8.225,2.981
8174,8.206,2.955
8175,8.245,2.937
8176,8.218,2.869
8177,8.171,2.849
8178,8.169,2.868
8179,8.127,2.820
8180,8.156,2.840
8181,8.241,2.871
8182,8.107,2.876
8183,8.161,2.920
8184,8.166,2.808
8185,8.264,2.922
8186,8.285,2.918
8187,8.400,2.913
8188,8.299,2.877
8189,8.301,2.883
8190,8.288,2.939
8191,8.346,2.934
8192,8.148,3.010
8193,8.316,2.944
8194,8.259,2.865
8195,8.286,2.893
8196,8.299,2.876
8197,8.005,2.918
8198,7.997,2.954
8199,8.066,2.977
8200,8.078,2.899
8201,8.024,2.896
8202,8.107,2.887
8203,8.180,2.960
8204,8.319,3.003
8205,8.099,3.028
8206,8.041,3.015
8207,8.102,2.981
8208,8.190,2.928
8209,8.312,3.008
8210,8.298,2.990
8211,8.374,3.061
8212,8.325,3.002
8213,8.242,2.989
8214,8.201,2.938
8215,8.390,3.026
8216,8.346,2.900
8217,8.326,2.888
8218,8.466,2.968
8219,8.571,3.002
8220,8.463,2.918
8221,8.499,2.996
8222,8.550,2.942
8223,8.521,2.978
8224,8.355,2.959
8225,8.366,2.982
8226,8.448,2.967
8227,8.561,3.009
8228,8.547,3.045
8229,8.590,3.004
8230,8.534,3.027
8231,8.521,3.061
8232,8.405,2.982
8233,8.293,3.005
8234,8.284,3.054
8235,8.633,3.120
8236,8.555,2.964
8237,8.392,2.990
8238,8.510,3.046
8239,8.467,2.898
8240,8.490,2.952
8241,8.603,2.964
8242,8.535,3.041
8243,8.499,2.943
8244,8.449,3.009
8245,8.573,2.990
8246,8.482,2.933
8247,8.491,3.016
8248,8.446,2.998
8249,8.478,3.066
8250,8.428,2.974
8251,8.295,2.854
8252,8.315,2.930
8253,8.418,2.948
8254,8.373,3.011
8255,8.170,2.912
8256,8.162,2.948
8257,8.214,2.760
8258,8.191,2.862
8259,8.175,2.905
8260,8.292,2.945
8261,8.265,2.904
8262,8.186,3.012
8263,8.209,3.021
8264,8.277,2.945
8265,8.139,2.840
8266,8.092,2.866
8267,8.148,2.948
8268,8.138,2.893
8269,8.126,2.941
8270,7.976,2.858
8271,8.028,2.893
8272,8.097,2.908
8273,8.127,2.911
8274,8.412,2.885
8275,8.264,2.904
8276,8.325,2.857
8277,8.335,2.943
8278,8.339,3.024
8279,8.317,2.932
8280,8.090,2.812
8281,8.096,2.889
8282,20.187,2.939
8283,20.252,2.879
8284,8.113,2.937
8285,8.100,2.865
8286,8.130,2.909
8287,8.139,2.935
8288,8.147,2.874
8289,7.987,2.893
8290,7.977,2.987
8291,7.998,2.897
8292,8.007,2.874
8293,7.890,2.867
8294,8.192,2.859
8295,8.117,2.903
8296,8.114,2.840
8297,8.313,2.866
8298,8.190,2.785
8299,8.222,2.918
8300,20.175,2.793
8301,20.129,2.832
8302,20.056,2.721
8303,20.115,2.907
8304,8.358,2.922
8305,20.134,2.863
8306,8.320,2.893
8307,8.393,2.826
8308,8.390,2.784
8309,8.333,2.850
8310,8.276,2.900
8311,8.184,2.881
8312,8.191,2.894
8313,8.165,2.933
8314,8.091,2.920
8315,8.215,2.921
8316,8.178,2.919
8317,8.150,2.863
8318,8.063,2.886
8319,8.085,2.952
8320,8.130,2.887
8321,8.354,2.888
8322,8.214,2.891
8323,8.328,2.875
8324,8.437,2.910
8325,8.346,2.923
8326,8.357,2.879
8327,8.335,2.922
8328,8.344,2.962
8329,8.288,2.941
8330,8.286,2.807
8331,8.304,2.935
8332,8.457,2.839
8333,8.268,2.838
8334,8.304,2.837
8335,8.100,2.832
8336,8.118,2.887
8337,8.189,2.980
8338,8.219,3.001
8339,8.189,2.926
8340,8.061,2.893
8341,8.295,2.929
8342,8.202,2.866
8343,8.254,2.840
8344,8.267,2.998
8345,8.361,2.987
8346,8.330,2.999
8347,8.538,2.954
8348,8.387,2.892
8349,8.452,2.938
8350,8.430,2.961
8351,8.297,3.036
8352,8.221,2.986
8353,8.325,2.868
8354,8.447,2.962
8355,8.455,3.003
8356,8.472,2.777
8357,8.409,2.833
8358,8.376,2.839
8359,8.459,2.868
8360,8.445,2.977
8361,8.394,3.106
8362,8.249,2.941
8363,8.235,2.995
8364,8.195,2.866
8365,8.131,2.912
8366,8.304,2.792
8367,8.492,2.849
8368,8.339,2.915
8369,8.462,2.921
8370,8.392,2.930
8371,8.221,2.884
8372,8.279,3.015
8373,8.307,3.053
8374,8.441,3.022
8375,8.240,3.006
8376,8.284,3.027
8377,8.184,2.963
8378,8.255,3.042
8379,8.433,3.041
8380,8.285,2.929
8381,8.376,3.036
8382,8.260,3.023
8383,8.305,2.967
8384,8.202,2.882
8385,8.192,2.932
8386,8.285,2.874
8387,8.219,2.837
8388,8.137,2.855
8389,8.206,2.858
8390,8.335,2.901
8391,8.337,2.911
8392,8.442,2.972
8393,8.385,3.036
8394,8.233,2.855
8395,8.188,2.849
8396,8.160,2.826
8397,8.109,2.804
8398,8.255,2.773
8399,8.330,2.751
8400,8.131,2.759
8401,8.283,2.782
8402,8.452,2.833
8403,8.443,2.819
8404,8.315,2.802
8405,8.341,2.856
8406,8.403,2.878
8407,8.522,2.899
8408,8.507,2.882
8409,8.550,2.807
8410,8.493,2.899
8411,8.421,2.834
8412,8.406,2.846
8413,8.381,2.911
8414,8.223,2.872
8415,8.420,2.885
8416,8.437,2.847
8417,8.351,2.890
8418,8.412,2.820
8419,8.299,2.872
8420,8.434,2.811
8421,8.496,2.892
8422,8.425,2.876
8423,8.439,2.851
8424,8.491,2.976
8425,8.506,3.019
8426,8.289,2.955
8427,8.226,2.909
8428,8.397,2.877
8429,8.453,2.792
8430,8.390,2.881
8431,8.403,2.928
8432,8.199,2.829
8433,8.248,2.865
8434,8.230,2.888
8435,8.241,2.848
8436,8.421,2.865
8437,8.338,2.881
8438,8.307,2.735
8439,8.313,2.918
8440,8.384,2.839
8441,8.564,2.770
8442,8.595,2.892
8443,8.505,2.878
8444,8.477,2.895
8445,8.469,2.865
8446,8.342,2.886
8447,8.221,2.874
8448,8.434,2.926
8449,8.349,2.847
8450,8.465,2.834
8451,8.487,2.840
8452,8.566,2.862
8453,8.658,2.775
8454,8.515,2.753
8455,8.455,2.806
8456,8.552,2.804
8457,8.456,2.805
8458,8.394,2.684
8459,8.502,2.723
8460,8.420,2.866
8461,8.427,2.875
8462,8.431,2.907
8463,8.346,2.791
8464,8.211,2.819
8465,8.151,2.770
8466,8.071,2.818
8467,8.301,2.794
8468,8.480,2.800
8469,8.430,2.741
8470,8.369,2.743
8471,8.385,2.798
8472,8.299,2.807
8473,8.311,2.661
8474,8.440,2.782
8475,8.289,2.718
8476,8.509,2.799
8477,8.404,2.736
8478,8.316,2.752
8479,8.468,2.826
8480,8.512,2.777
8481,8.571,2.880
8482,8.280,2.847
8483,8.214,2.810
8484,8.134,2.810
8485,8.331,2.817
8486,8.347,2.886
8487,8.237,2.830
8488,8.300,2.792
8489,8.324,2.895
8490,8.444,2.929
8491,8.438,2.736
8492,8.318,2.747
8493,8.306,2.657
8494,8.290,2.714
8495,8.194,2.746
8496,8.307,2.769
8497,8.319,2.784
8498,8.174,2.763
8499,8.091,2.798
8500,8.171,2.778
8501,8.157,2.717
8502,8.283,2.728
8503,8.416,2.731
8504,8.375,2.690
8505,8.335,2.771
8506,8.319,2.777
8507,7.957,2.731
8508,7.947,2.749
8509,7.946,2.730
8510,7.941,2.756
8511,7.784,2.728
8512,7.883,2.821
8513,7.788,2.709
8514,7.890,2.614
8515,7.827,2.710
8516,7.946,2.827
8517,7.954,2.759
8518,7.952,2.798
8519,7.946,2.702
8520,7.982,2.918
8521,7.972,2.755
8522,7.923,2.781
8523,7.893,2.635
8524,7.929,2.799
8525,7.844,2.746
8526,7.749,2.727
8527,7.792,2.751
8528,7.930,2.644
8529,7.995,2.720
8530,7.940,2.629
8531,8.011,2.612
8532,8.102,2.704
8533,8.194,2.719
8534,8.244,2.643
8535,8.396,2.771
8536,8.182,2.766
8537,8.106,2.683
8538,7.960,2.739
8539,8.090,2.708
8540,8.006,2.659
8541,8.155,2.678
8542,8.040,2.653
8543,8.223,2.772
8544,8.215,2.750
8545,8.175,2.690
8546,8.339,2.712
8547,8.526,2.641
8548,8.453,2.675
8549,8.647,2.667
8550,8.586,2.758
8551,8.409,2.798
8552,8.408,2.665
8553,8.558,2.736
8554,8.450,2.775
8555,8.512,2.762
8556,8.529,2.805
8557,8.680,2.783
8558,8.641,2.735
8559,8.476,2.795
8560,8.439,2.872
8561,8.347,2.782
8562,8.337,2.888
8563,8.509,2.745
8564,8.395,2.695
8565,8.422,2.663
8566,8.456,2.618
8567,8.324,2.760
8568,8.500,2.667
8569,8.393,2.697
8570,8.358,2.669
8571,8.487,2.694
8572,8.526,2.734
8573,8.446,2.759
8574,8.548,2.828
8575,8.405,2.918
8576,8.281,2.759
8577,8.345,2.813
8578,8.301,2.743
8579,8.241,2.733
8580,8.355,2.796
8581,8.194,2.758
8582,8.272,2.841
8583,8.145,2.747
8584,8.266,2.890
8585,8.273,2.757
8586,8.427,2.725
8587,8.419,2.713
8588,8.309,2.669
8589,8.381,2.729
8590,8.381,2.727
8591,8.286,2.770
8592,8.427,2.803
8593,8.390,2.734
8594,8.189,2.686
8595,8.244,2.766
8596,8.369,2.760
8597,8.348,2.753
8598,8.178,2.710
8599,8.230,2.698
8600,8.293,2.721
8601,8.214,2.662
8602,8.232,2.651
8603,8.224,2.667
8604,8.041,2.625
8605,8.150,2.634
8606,8.008,2.628
8607,8.182,2.640
8608,8.112,2.521
8609,8.389,2.660
8610,8.504,2.613
8611,8.336,2.637
8612,8.253,2.577
8613,8.294,2.577
8614,8.353,2.555
8615,8.324,2.599
8616,8.257,2.563
8617,8.267,2.603
8618,8.151,2.763
8619,8.054,2.693
8620,7.963,2.724
8621,7.941,2.633
8622,8.056,2.601
8623,8.264,2.617
8624,8.211,2.617
8625,8.324,2.666
8626,8.450,2.548
8627,8.510,2.587
8628,8.506,2.659
8629,8.685,2.743
8630,8.388,2.704
8631,8.412,2.784
8632,8.599,2.760
8633,8.659,2.790
8634,8.517,2.758
8635,8.441,2.789
8636,8.289,2.741
8637,8.355,2.782
8638,8.339,2.678
8639,8.596,2.726
8640,8.446,2.810
8641,8.449,2.781
8642,8.562,2.779
8643,8.511,2.763
8644,8.477,2.781
8645,8.759,2.739
8646,8.701,2.717
8647,8.653,2.640
8648,8.775,2.776
8649,8.712,2.708
8650,8.686,2.754
8651,8.639,2.745
8652,8.700,2.921
8653,8.625,2.923
8654,8.761,2.934
8655,8.548,2.857
8656,8.689,2.857
8657,8.658,2.883
8658,8.568,2.894
8659,8.552,2.915
8660,8.511,2.831
8661,8.582,2.791
8662,8.666,2.750
8663,8.558,2.702
8664,8.621,2.822
8665,8.603,2.765
8666,8.462,2.829
8667,8.416,2.839
8668,8.414,2.865
8669,8.308,2.713
8670,8.326,2.877
8671,8.182,2.755
8672,8.260,2.814
8673,8.307,2.830
8674,8.432,2.836
8675,8.369,2.834
8676,8.129,2.869
8677,8.144,2.868
8678,8.326,2.859
8679,8.210,2.869
8680,8.393,2.784
8681,8.321,2.833
8682,8.396,2.778
8683,8.398,2.791
8684,8.332,2.686
8685,8.397,2.713
8686,8.396,2.843
8687,8.366,2.718
8688,8.442,2.776
8689,8.398,2.781
8690,8.445,2.839
8691,8.262,2.776
8692,8.389,2.831
8693,8.296,2.839
8694,8.480,2.764
8695,8.615,2.808
8696,8.470,2.826
8697,8.344,2.734
8698,8.322,2.761
8699,8.187,2.694
8700,8.227,2.743
8701,8.383,2.714
8702,8.387,2.701
8703,8.337,2.638
8704,8.353,2.757
8705,8.359,2.673
8706,8.281,2.669
8707,8.493,2.705
8708,8.519,2.696
8709,8.592,2.780
8710,8.624,2.774
8711,8.663,2.754
8712,8.491,2.602
8713,8.513,2.625
8714,8.276,2.676
8715,8.362,2.586
8716,8.509,2.757
8717,8.342,2.807
8718,8.276,2.632
8719,8.405,2.726
8720,8.437,2.703
8721,8.427,2.748
8722,8.450,2.715
8723,8.502,2.756
8724,8.608,2.722
8725,8.566,2.628
8726,8.447,2.577
8727,8.485,2.658
8728,8.461,2.715
8729,8.461,2.760
8730,8.256,2.789
8731,8.227,2.740
8732,8.205,2.704
8733,8.187,2.765
8734,8.313,2.673
8735,8.305,2.695
8736,8.319,2.666
8737,8.397,2.745
8738,8.373,2.585
8739,8.358,2.591
8740,8.287,2.662
8741,8.075,2.702
8742,8.070,2.713
8743,8.165,2.710
8744,8.182,2.546
8745,8.210,2.590
8746,8.284,2.532
8747,8.188,2.675
8748,8.300,2.658
8749,8.426,2.594
8750,8.389,2.643
8751,8.415,2.694
8752,8.507,2.717
8753,8.403,2.656
8754,8.378,2.706
8755,8.390,2.672
8756,8.225,2.680
8757,8.243,2.675
8758,8.372,2.586
8759,8.483,2.708
8760,8.342,2.700
8761,8.308,2.625
8762,8.339,2.672
8763,8.323,2.704
8764,8.350,2.675
8765,8.368,2.712
8766,8.262,2.693
8767,8.229,2.813
8768,8.114,2.813
8769,8.059,2.781
8770,8.092,2.798
8771,8.202,2.762
8772,8.069,2.685
8773,8.189,2.786
8774,8.147,2.768
8775,8.246,2.701
8776,8.174,2.810
8777,8.239,2.748
8778,8.203,2.628
8779,8.416,2.701
8780,8.362,2.718
8781,8.225,2.712
8782,8.267,2.667
8783,8.265,2.633
8784,8.346,2.678
8785,8.365,2.730
8786,8.458,2.817
8787,8.675,2.874
8788,8.415,2.822
8789,8.631,2.783
8790,8.653,2.821
8791,8.736,2.855
8792,8.536,2.828
8793,8.561,2.723
8794,8.422,2.655
8795,8.360,2.672
8796,8.304,2.659
8797,8.448,2.731
8798,8.267,2.715
8799,8.274,2.602
8800,8.354,2.689
8801,8.266,2.638
8802,8.242,2.711
8803,8.280,2.716
8804,8.347,2.675
8805,8.364,2.738
8806,8.367,2.673
8807,8.450,2.794
8808,8.514,2.826
8809,8.437,2.736
8810,8.406,2.747
8811,8.376,2.732
8812,8.475,2.805
8813,8.320,2.700
8814,8.562,2.753
8815,8.380,2.719
8816,8.428,2.690
8817,8.383,2.583
8818,8.470,2.686
8819,8.635,2.719
8820,8.608,2.737
8821,8.594,2.658
8822,8.511,2.650
8823,8.478,2.697
8824,8.533,2.751
8825,8.382,2.729
8826,8.171,2.670
8827,8.130,2.623
8828,8.275,2.679
8829,8.217,2.807
8830,8.263,2.863
8831,8.158,2.779
8832,8.428,2.775
8833,8.471,2.832
8834,8.350,2.759
8835,8.241,2.755
8836,8.250,2.774
8837,8.232,2.828
8838,8.358,2.793
8839,8.232,2.833
8840,8.286,2.828
8841,8.277,2.931
8842,8.287,2.855
8843,8.217,2.855
8844,8.252,2.952
8845,8.112,2.790
8846,8.338,2.912
8847,8.101,2.791
8848,8.127,2.734
8849,8.191,2.840
8850,8.220,2.807
8851,8.200,2.784
8852,8.238,2.893
8853,8.218,2.802
8854,8.175,2.913
8855,8.181,2.932
8856,8.248,2.915
8857,8.374,2.905
8858,8.317,2.944
8859,8.224,2.854
8860,8.243,2.825
8861,8.242,2.868
8862,8.258,2.933
8863,7.948,2.988
8864,7.924,2.959
8865,7.966,2.873
8866,8.125,2.774
8867,7.974,2.940
8868,7.901,2.908
8869,7.943,3.000
8870,8.112,2.888
8871,8.070,2.896
8872,8.139,2.981
8873,7.969,2.859
8874,8.107,2.893
8875,8.096,2.893
8876,7.886,2.897
8877,7.843,2.829
8878,7.865,2.807
8879,8.016,2.845
8880,7.989,2.851
8881,7.944,2.893
8882,7.806,2.700
8883,7.793,2.706
8884,8.094,2.705
8885,8.041,2.739
8886,7.983,2.693
8887,7.936,2.792
8888,7.894,2.698
8889,7.903,2.693
8890,7.829,2.686
8891,7.672,2.757
8892,7.730,2.702
8893,7.631,2.875
8894,7.666,2.831
8895,7.734,2.723
8896,7.699,2.872
8897,7.582,2.903
8898,7.517,2.845
8899,7.617,2.863
8900,7.556,2.719
8901,7.730,2.700
8902,7.765,2.695
8903,7.810,2.880
8904,7.519,2.709
8905,7.527,2.819
8906,7.493,2.755
8907,7.563,2.725
8908,7.779,2.731
8909,7.806,2.724
8910,7.658,2.671
8911,7.682,2.619
8912,7.729,2.636
8913,7.878,2.692
8914,7.797,2.710
8915,7.839,2.730
8916,7.814,2.685
8917,7.904,2.738
8918,8.098,2.736
8919,8.130,2.733
8920,8.078,2.738
8921,7.756,2.699
8922,7.821,2.628
8923,7.822,2.622
8924,7.811,2.700
8925,7.795,2.652
8926,7.970,2.688
8927,7.947,2.701
8928,7.983,2.684
8929,7.993,2.696
8930,7.874,2.747
8931,7.907,2.620
8932,7.902,2.748
8933,7.864,2.777
8934,7.868,2.705
8935,7.929,2.752
8936,7.998,2.790
8937,7.858,2.668
8938,7.678,2.731
8939,7.810,2.747
8940,7.919,2.762
8941,7.976,2.799
8942,7.943,2.752
8943,7.845,2.664
8944,7.907,2.805
8945,7.785,2.818
8946,7.800,2.775
8947,8.077,2.809
8948,8.056,2.886
8949,7.931,2.850
8950,8.003,2.919
8951,7.817,2.838
8952,7.714,2.821
8953,7.689,2.811
8954,7.731,2.824
8955,7.767,2.905
8956,7.633,2.903
8957,7.826,2.928
8958,7.799,2.934
8959,8.011,2.973
8960,8.149,2.927
8961,8.162,2.850
8962,8.258,2.919
8963,8.195,2.842
8964,8.240,2.795
8965,8.382,2.876
8966,8.376,2.802
8967,8.145,2.809
8968,8.077,2.756
8969,7.999,2.790
8970,7.990,2.811
8971,8.132,2.827
8972,8.143,2.813
8973,8.015,2.743
8974,7.893,2.855
8975,7.897,2.744
8976,7.854,2.733
8977,8.047,2.724
8978,8.025,2.757
8979,8.109,2.813
8980,7.858,2.801
8981,7.934,2.787
8982,7.904,2.722
8983,7.833,2.779
8984,7.733,2.734
8985,7.838,2.715
8986,7.881,2.776
8987,8.002,2.745
8988,8.004,2.785
8989,7.737,2.768
8990,7.778,2.773
8991,7.746,2.747
8992,7.829,2.823
8993,7.734,2.785
8994,7.699,2.767
8995,7.723,2.832
8996,7.688,2.761
8997,7.730,2.758
8998,7.699,2.732
8999,7.846,2.753
9000,7.941,2.800
9001,7.819,2.823
9002,7.736,2.833
9003,7.895,2.716
9004,7.804,2.830
9005,7.764,2.815
9006,7.613,2.767
9007,7.653,2.782
9008,7.542,2.756
9009,7.552,2.740
9010,7.671,2.824
9011,7.491,2.820
9012,7.655,2.712
9013,7.752,2.752
9014,7.730,2.737
9015,7.820,2.782
9016,7.824,2.781
9017,7.876,2.723
9018,7.816,2.758
9019,7.806,2.688
9020,7.834,2.583
9021,7.812,2.642
9022,7.905,2.668
9023,7.836,2.653
9024,7.848,2.630
9025,7.786,2.699
9026,7.693,2.637
9027,7.726,2.718
9028,7.602,2.664
9029,7.488,2.736
9030,7.830,2.763
9031,7.774,2.724
9032,7.792,2.724
9033,7.743,2.733
9034,7.740,2.822
9035,7.608,2.835
9036,7.613,2.774
9037,7.595,2.853
9038,7.565,2.776
9039,7.707,2.758
9040,7.801,2.782
9041,7.754,2.814
9042,7.624,2.686
9043,7.624,2.781
9044,7.621,2.810
9045,7.628,2.723
9046,7.621,2.771
9047,7.779,2.759
9048,7.816,2.739
9049,7.921,2.814
9050,7.791,2.750
9051,7.895,2.894
9052,7.861,2.875
9053,7.623,2.745
9054,7.712,2.829
9055,7.672,2.818
9056,7.603,2.840
9057,7.594,2.858
9058,7.552,2.835
9059,7.603,2.890
9060,7.510,2.807
9061,7.397,2.784
9062,7.434,2.751
9063,7.571,2.763
9064,7.565,2.834
9065,7.696,2.822
9066,7.796,2.727
9067,7.663,2.754
9068,7.748,2.756
9069,7.583,2.838
9070,7.572,2.779
9071,7.669,2.723
9072,7.704,2.652
9073,7.581,2.618
9074,7.639,2.678
9075,7.494,2.563
9076,7.608,2.698
9077,7.678,2.665
9078,7.649,2.795
9079,7.674,2.740
9080,7.597,2.811
9081,7.549,2.819
9082,7.444,2.821
9083,7.369,2.847
9084,7.500,2.828
9085,7.432,2.669
9086,7.361,2.720
9087,7.487,2.754
9088,7.440,2.800
9089,7.519,2.746
9090,7.531,2.694
9091,7.416,2.773
9092,7.632,2.715
9093,7.730,2.640
9094,7.723,2.715
9095,7.701,2.737
9096,7.843,2.668
9097,7.597,2.644
9098,7.668,2.614
9099,7.645,2.715
9100,7.524,2.494
9101,7.553,2.582
9102,7.683,2.599
9103,7.580,2.638
9104,7.426,2.574
9105,7.439,2.573
9106,7.483,2.574
9107,7.580,2.564
9108,7.599,2.663
9109,7.654,2.651
9110,7.551,2.668
9111,7.596,2.618
9112,7.805,2.623
9113,7.792,2.624
9114,7.733,2.612
9115,7.743,2.597
9116,7.646,2.612
9117,7.594,2.675
9118,7.522,2.689
9119,7.451,2.673
9120,7.472,2.681
9121,7.615,2.650
9122,7.631,2.565
9123,7.717,2.541
9124,7.837,2.643
9125,7.725,2.610
9126,7.912,2.639
9127,7.694,2.680
9128,7.858,2.743
9129,7.692,2.703
9130,7.688,2.705
9131,7.673,2.654
9132,7.583,2.732
9133,7.605,2.722
9134,7.766,2.737
9135,7.725,2.696
9136,7.769,2.690
9137,7.804,2.626
9138,7.804,2.665
9139,7.724,2.648
9140,7.760,2.622
9141,7.895,2.685
9142,8.095,2.712
9143,7.989,2.765
9144,7.973,2.678
9145,7.954,2.640
9146,8.113,2.587
9147,7.860,2.688
9148,7.829,2.644
9149,7.702,2.618
9150,19.737,2.663
9151,7.718,2.606
9152,7.721,2.562
9153,7.568,2.620
9154,19.846,2.630
9155,7.539,2.660
9156,7.587,2.693
9157,7.563,2.649
9158,7.646,2.572
9159,7.848,2.693
9160,19.866,2.648
9161,19.877,2.576
9162,19.847,2.619
9163,7.790,2.712
9164,7.779,2.596
9165,7.730,2.604
9166,7.755,2.678
9167,7.739,2.786
9168,7.839,2.703
9169,7.780,2.683
9170,7.801,2.609
9171,7.699,2.674
9172,7.691,2.657
9173,7.807,2.617
9174,7.749,2.663
9175,7.793,2.767
9176,7.763,2.630
9177,7.762,2.597
9178,7.897,2.772
9179,7.869,2.678
9180,7.743,2.692
9181,7.755,2.695
9182,7.672,2.676
9183,7.726,2.667
9184,7.734,2.684
9185,7.742,2.610
9186,7.771,2.548
9187,7.895,2.639
9188,7.805,2.654
9189,7.816,2.681
9190,7.832,2.598
9191,7.915,2.608
9192,7.875,2.666
9193,8.045,2.610
9194,8.074,2.606
9195,8.050,2.651
9196,8.022,2.634
9197,8.122,2.564
9198,8.115,2.620
9199,8.054,2.606
9200,7.989,2.625
9201,7.862,2.659
9202,7.949,2.714
9203,7.881,2.662
9204,7.850,2.663
9205,7.916,2.607
9206,7.952,2.626
9207,7.948,2.592
9208,8.110,2.735
9209,7.949,2.692
9210,8.150,2.695
9211,8.116,2.823
9212,8.048,2.711
9213,7.962,2.668
9214,7.905,2.604
9215,8.055,2.694
9216,8.058,2.705
9217,8.131,2.637
9218,7.923,2.708
9219,8.082,2.667
9220,8.081,2.680
9221,7.880,2.638
9222,7.855,2.636
9223,7.744,2.687
9224,7.875,2.646
9225,7.887,2.695
9226,7.946,2.686
9227,8.025,2.787
9228,7.884,2.721
9229,7.711,2.719
9230,7.806,2.778
9231,7.683,2.796
9232,7.845,2.832
9233,8.041,2.897
9234,8.058,2.927
9235,8.005,2.845
9236,7.976,2.873
9237,7.864,2.823
9238,8.157,2.865
9239,8.135,2.842
9240,8.015,2.829
9241,8.198,2.736
9242,8.031,2.791
9243,7.934,2.832
9244,7.853,2.750
9245,7.858,2.735
9246,7.833,2.766
9247,7.984,2.789
9248,7.894,2.808
9249,7.945,2.720
9250,7.964,2.660
9251,7.939,2.695
9252,7.887,2.653
9253,8.073,2.644
9254,8.049,2.581
9255,8.077,2.607
9256,8.022,2.589
9257,8.162,2.630
9258,8.239,2.618
9259,8.098,2.634
9260,7.910,2.573
9261,7.894,2.636
9262,7.937,2.598
9263,7.810,2.682
9264,7.735,2.628
9265,7.821,2.552
9266,7.691,2.664
9267,7.621,2.570
9268,7.715,2.619
9269,7.794,2.614
9270,7.639,2.639
9271,7.438,2.661
9272,19.847,2.603
9273,19.918,2.714
9274,19.911,2.760
9275,19.840,2.720
9276,19.786,2.679
9277,19.820,2.592
9278,19.893,2.666
9279,7.744,2.701
9280,19.977,2.815
9281,19.960,2.699
9282,7.714,2.729
9283,7.553,2.712
9284,7.660,2.744
9285,7.823,2.735
9286,7.667,2.738
9287,7.603,2.622
9288,7.695,2.660
9289,7.443,2.721
9290,7.596,2.763
9291,7.659,2.851
9292,7.575,2.860
9293,7.632,2.779
9294,7.559,2.813
9295,7.508,2.862
9296,7.499,2.820
9297,7.488,2.846
9298,7.619,2.877
9299,7.643,2.897
9300,7.499,2.888
9301,19.833,2.822
9302,7.495,2.853
9303,7.688,2.870
9304,7.718,2.835
9305,7.712,2.789
9306,7.769,2.920
9307,20.016,2.899
9308,19.993,2.900
9309,7.751,2.923
9310,7.558,2.887
9311,7.654,2.870
9312,7.725,2.917
9313,7.498,2.890
9314,7.523,2.854
9315,7.477,2.852
9316,7.652,2.850
9317,7.611,2.946
9318,7.614,2.908
9319,7.681,2.856
9320,7.581,2.844
9321,7.737,2.884
9322,7.694,2.765
9323,7.597,2.786
9324,7.532,2.938
9325,7.563,2.894
9326,7.642,2.855
9327,7.542,2.960
9328,7.427,3.003
9329,7.469,3.030
9330,7.550,2.949
9331,7.593,2.934
9332,7.653,2.924
9333,7.584,2.895
9334,7.594,2.848
9335,7.574,2.818
9336,7.654,2.851
9337,7.579,2.818
9338,7.559,2.912
9339,7.575,2.826
9340,7.595,2.911
9341,7.556,3.038
9342,7.659,2.963
9343,7.692,2.818
9344,7.655,2.862
9345,7.813,2.847
9346,7.832,2.778
9347,7.790,2.868
9348,7.686,2.768
9349,7.736,2.794
9350,7.670,2.829
9351,7.645,2.849
9352,7.585,2.790
9353,7.677,2.759
9354,7.563,2.837
9355,7.564,2.856
9356,7.572,2.856
9357,7.491,2.873
9358,7.693,2.821
9359,7.766,2.783
9360,7.784,2.723
9361,7.764,2.790
9362,7.854,2.738
9363,7.870,2.896
9364,7.803,2.801
9365,8.015,2.899
9366,8.144,2.933
9367,8.171,2.932
9368,8.088,2.998
9369,8.018,2.957
9370,7.879,2.886
9371,7.932,2.873
9372,8.041,2.939
9373,7.966,2.950
9374,7.955,3.002
9375,7.977,2.915
9376,7.970,2.931
9377,7.990,2.905
9378,7.914,3.009
9379,7.907,2.957
9380,7.830,2.863
9381,7.792,2.937
9382,7.810,2.840
9383,7.972,2.874
9384,7.913,2.837
9385,7.773,2.748
9386,7.740,2.694
9387,7.677,2.673
9388,7.852,2.701
9389,7.759,2.719
9390,7.823,2.742
9391,7.969,2.714
9392,7.861,2.766
9393,7.893,2.696
9394,8.125,2.782
9395,7.947,2.669
9396,7.899,2.763
9397,7.842,2.776
9398,7.977,2.758
9399,7.816,2.850
9400,7.906,2.808
9401,7.882,2.870
9402,7.901,2.862
9403,7.718,2.856
9404,7.594,2.838
9405,7.592,2.845
9406,7.590,2.830
9407,7.713,2.804
9408,7.745,2.768
9409,7.898,2.810
9410,7.792,2.741
9411,7.815,2.837
9412,7.983,2.801
9413,8.001,2.868
9414,8.056,2.797
9415,8.020,2.770
9416,7.945,2.773
9417,7.841,2.750
9418,7.867,2.784
9419,7.880,2.771
9420,7.917,2.850
9421,8.033,2.812
9422,7.998,2.813
9423,8.029,2.862
9424,8.074,2.896
9425,7.936,2.721
9426,7.951,2.807
9427,8.011,2.862
9428,7.910,2.679
9429,7.799,2.751
9430,7.911,2.769
9431,7.841,2.761
9432,7.981,2.760
9433,8.135,2.748
9434,8.079,2.736
9435,8.023,2.790
9436,8.066,2.713
9437,8.009,2.795
9438,8.127,2.799
9439,7.983,2.866
9440,8.152,2.808
9441,8.032,2.735
9442,7.901,2.692
9443,7.830,2.721
9444,7.756,2.779
9445,7.860,2.705
9446,7.870,2.756
9447,7.876,2.811
9448,7.773,2.747
9449,7.875,2.732
9450,8.036,2.720
9451,8.188,2.751
9452,8.022,2.819
9453,8.000,2.919
9454,8.207,2.813
9455,8.128,2.817
9456,8.088,2.860
9457,8.070,2.850
9458,8.221,2.814
9459,8.042,2.776
9460,8.215,2.879
9461,8.272,2.871
9462,8.232,2.801
9463,8.143,2.722
9464,8.054,2.720
9465,8.208,2.658
9466,8.084,2.593
9467,8.102,2.695
9468,8.126,2.663
9469,8.149,2.608
9470,8.192,2.680
9471,8.318,2.697
9472,8.276,2.799
9473,8.270,2.830
9474,8.126,2.843
9475,8.136,2.875
9476,8.229,2.791
9477,8.179,2.799
9478,8.068,2.761
9479,8.112,2.750
9480,8.020,2.671
9481,8.139,2.662
9482,8.237,2.592
9483,8.330,2.694
9484,8.350,2.687
9485,8.242,2.691
9486,8.214,2.778
9487,8.195,2.654
9488,8.232,2.812
9489,8.281,2.729
9490,8.284,2.641
9491,8.298,2.740
9492,8.480,2.736
9493,8.376,2.824
9494,8.212,2.757
9495,8.230,2.742
9496,8.193,2.657
9497,8.195,2.702
9498,8.282,2.796
9499,8.371,2.723
9500,8.446,2.746
9501,8.300,2.862
9502,8.469,2.775
9503,8.412,2.838
9504,8.388,2.788
9505,8.263,2.734
9506,8.439,2.851
9507,8.434,2.849
9508,8.406,2.759
9509,8.553,2.808
9510,8.514,2.770
9511,8.572,2.857
9512,8.500,2.885
9513,8.506,2.917
9514,8.461,2.746
9515,8.531,2.757
9516,8.587,2.791
9517,8.512,2.745
9518,8.513,2.854
9519,8.493,2.785
9520,8.583,2.739
9521,8.528,2.873
9522,8.503,2.855
9523,8.539,2.910
9524,8.507,2.808
9525,8.394,2.860
9526,8.363,2.854
9527,8.354,2.863
9528,8.442,2.921
9529,8.320,2.855
9530,8.429,2.939
9531,8.322,2.932
9532,8.458,2.887
9533,8.341,2.824
9534,8.316,2.778
9535,8.431,2.848
9536,8.443,2.779
9537,8.461,2.768
9538,8.641,2.811
9539,8.597,2.769
9540,8.780,2.892
9541,8.796,2.858
9542,8.673,2.847
9543,8.806,2.774
9544,8.770,2.714
9545,8.733,2.743
9546,8.807,2.756
9547,8.741,2.790
9548,8.750,2.741
9549,8.665,2.812
9550,8.499,2.748
9551,8.623,2.840
9552,8.577,2.844
9553,8.709,2.777
9554,8.564,2.729
9555,8.643,2.754
9556,8.723,2.829
9557,8.608,2.839
9558,8.624,2.799
9559,8.752,2.783
9560,8.702,2.819
9561,8.479,2.762
9562,8.458,2.771
9563,8.414,2.876
9564,8.464,2.809
9565,8.620,2.815
9566,8.498,2.964
9567,8.516,2.891
9568,8.666,2.771
9569,8.651,2.925
9570,8.384,2.925
9571,8.459,2.879
9572,8.602,2.974
9573,8.447,2.853
9574,8.541,2.803
9575,8.488,2.774
9576,8.510,2.741
9577,8.557,2.774
9578,8.461,2.624
9579,8.518,2.721
9580,8.608,2.803
9581,8.531,2.868
9582,8.541,2.767
9583,8.568,3.000
9584,8.444,2.779
9585,8.469,2.879
9586,8.522,2.760
9587,8.706,2.862
9588,8.638,2.846
9589,8.646,2.781
9590,8.502,2.821
9591,8.508,2.765
9592,8.453,2.749
9593,8.254,2.772
9594,8.360,2.877
9595,8.354,2.802
9596,8.349,2.777
9597,8.232,2.787
9598,8.288,2.797
9599,8.342,2.767
9600,8.382,2.806
9601,8.154,2.707
9602,8.332,2.849
9603,8.412,2.850
9604,8.291,2.856
9605,8.275,2.852
9606,8.213,2.736
9607,8.220,2.752
9608,8.186,2.796
9609,7.997,2.695
9610,8.042,2.759
9611,8.109,2.786
9612,8.067,2.759
9613,8.098,2.617
9614,8.138,2.782
9615,8.238,2.710
9616,8.112,2.634
9617,8.114,2.674
9618,8.283,2.651
9619,8.138,2.598
9620,8.157,2.654
9621,8.259,2.630
9622,8.262,2.727
9623,8.131,2.689
9624,8.257,2.673
9625,8.300,2.765
9626,8.153,2.695
9627,8.198,2.738
9628,8.314,2.627
9629,8.287,2.697
9630,8.255,2.715
9631,8.263,2.788
9632,8.199,2.697
9633,8.172,2.619
9634,8.177,2.564
9635,8.114,2.667
9636,8.055,2.671
9637,8.241,2.690
9638,8.001,2.648
9639,8.036,2.701
9640,8.125,2.675
9641,8.097,2.665
9642,8.033,2.749
9643,8.235,2.725
9644,8.259,2.706
9645,8.175,2.711
9646,8.198,2.704
9647,8.095,2.750
9648,8.037,2.820
9649,7.974,2.792
9650,8.014,2.698
9651,8.091,2.741
9652,7.894,2.595
9653,7.987,2.646
9654,8.040,2.556
9655,8.056,2.678
9656,8.172,2.603
9657,8.103,2.623
9658,8.034,2.527
9659,8.168,2.596
9660,8.132,2.737
9661,8.121,2.718
9662,8.031,2.578
9663,7.941,2.639
9664,8.019,2.679
9665,8.180,2.577
9666,8.115,2.606
9667,7.967,2.625
9668,7.972,2.606
9669,7.990,2.658
9670,7.854,2.676
9671,7.978,2.733
9672,8.097,2.707
9673,8.208,2.723
9674,8.253,2.715
9675,8.335,2.830
9676,8.254,2.711
9677,8.197,2.672
9678,8.247,2.618
9679,8.308,2.622
9680,8.088,2.614
9681,8.223,2.704
9682,8.352,2.612
9683,8.343,2.585
9684,8.208,2.709
9685,8.294,2.715
9686,8.386,2.683
9687,8.292,2.631
9688,8.270,2.705
9689,8.367,2.666
9690,8.330,2.567
9691,8.309,2.681
9692,8.273,2.625
9693,8.351,2.618
9694,8.369,2.646
9695,8.334,2.610
9696,8.403,2.689
9697,8.549,2.671
9698,8.454,2.701
9699,8.364,2.710
9700,8.171,2.661
9701,8.201,2.731
9702,8.370,2.742
9703,8.418,2.745
9704,8.452,2.696
9705,8.380,2.680
9706,8.465,2.690
9707,8.318,2.653
9708,8.334,2.723
9709,8.456,2.703
9710,8.400,2.765
9711,8.217,2.787
9712,8.282,2.772
9713,8.218,2.777
9714,8.239,2.713
9715,8.390,2.884
9716,8.252,2.805
9717,8.222,2.809
9718,8.145,2.742
9719,7.956,2.667
9720,7.775,2.657
9721,7.913,2.773
9722,7.800,2.727
9723,8.088,2.780
9724,7.924,2.735
9725,7.933,2.806
9726,7.927,2.785
9727,7.912,2.728
9728,7.764,2.714
9729,7.815,2.756
9730,7.778,2.802
9731,7.845,2.849
9732,7.648,2.735
9733,7.801,2.845
9734,7.817,2.867
9735,7.717,2.796
9736,7.840,2.865
9737,7.930,2.833
9738,7.949,2.935
9739,7.926,2.998
9740,7.920,2.925
9741,7.915,2.871
9742,7.826,2.783
9743,7.911,2.783
9744,7.794,2.852
9745,7.683,2.867
9746,7.786,2.903
9747,7.770,2.897
9748,7.932,2.898
9749,7.882,2.869
9750,8.124,2.933
9751,8.049,2.852
9752,8.025,2.926
9753,7.996,2.834
9754,8.027,2.928
9755,7.927,2.861
9756,8.005,2.913
9757,8.034,2.947
9758,8.022,2.906
9759,8.221,3.021
9760,8.371,2.953
9761,8.245,2.870
9762,8.178,2.926
9763,8.070,3.023
9764,8.222,2.947
9765,8.088,3.005
9766,8.131,2.963
9767,8.285,2.894
9768,8.206,2.915
9769,8.221,2.825
9770,8.318,2.946
9771,8.463,2.955
9772,8.366,2.864
9773,8.241,3.013
9774,8.255,2.937
9775,8.448,2.942
9776,8.474,2.906
9777,8.557,2.899
9778,8.635,2.893
9779,8.755,2.871
9780,8.639,2.947
9781,8.790,2.959
9782,8.828,2.939
9783,8.683,2.838
9784,8.694,2.883
9785,8.721,2.872
9786,8.550,2.824
9787,8.509,2.771
9788,8.623,2.851
9789,8.870,2.777
9790,8.826,2.812
9791,8.781,2.869
9792,8.760,2.882
9793,8.770,2.762
9794,8.561,2.844
9795,8.641,2.929
9796,8.529,2.834
9797,8.583,2.901
9798,8.510,2.840
9799,8.518,2.873
9800,8.503,2.814
9801,8.680,2.771
9802,8.669,2.859
9803,8.667,2.960
9804,8.767,2.824
9805,8.597,2.892
9806,8.662,2.848
9807,8.746,2.804
9808,8.627,2.883
9809,8.711,2.855
9810,8.670,2.810
9811,8.726,2.798
9812,8.754,2.901
9813,8.907,2.901
9814,8.944,2.884
9815,8.886,2.829
9816,8.904,2.814
9817,8.907,2.822
9818,8.899,2.765
9819,8.859,2.804
9820,8.884,2.811
9821,8.916,2.764
9822,9.063,2.829
9823,8.944,2.882
9824,9.019,2.909
9825,8.800,2.757
9826,8.890,2.780
9827,9.165,2.778
9828,8.868,2.783
9829,8.878,2.764
9830,8.937,2.759
9831,9.078,2.908
9832,8.787,2.883
9833,8.838,2.747
9834,8.874,2.774
9835,8.768,2.656
9836,8.958,2.693
9837,8.746,2.756
9838,8.705,2.746
9839,8.790,2.740
9840,8.863,2.828
9841,8.938,2.831
9842,8.775,2.805
9843,8.631,2.757
9844,8.760,2.749
9845,8.777,2.855
9846,8.842,2.749
9847,8.880,2.745
9848,8.946,2.788
9849,8.855,2.797
9850,8.858,2.870
9851,8.992,2.778
9852,9.127,2.797
9853,8.990,2.734
9854,9.031,2.782
9855,9.047,2.876
9856,9.065,2.776
9857,8.894,2.799
9858,8.912,2.844
9859,8.956,2.825
9860,8.954,2.892
9861,8.886,2.831
9862,8.885,2.813
9863,8.916,2.821
9864,8.762,2.829
9865,8.610,2.766
9866,8.906,2.785
9867,8.842,2.796
9868,8.767,2.821
9869,8.637,2.821
9870,8.736,2.861
9871,8.934,2.903
9872,8.788,2.769
9873,8.738,2.800
9874,8.780,2.898
9875,8.977,2.879
9876,8.942,2.886
9877,9.089,2.878
9878,8.855,2.991
9879,8.830,2.970
9880,8.710,2.900
9881,9.076,2.989
9882,9.136,3.079
9883,8.847,2.939
9884,8.787,2.854
9885,8.881,2.936
9886,8.788,2.897
9887,8.696,2.932
9888,8.798,2.939
9889,8.624,2.936
9890,8.591,2.953
9891,8.585,2.988
9892,8.674,2.893
9893,8.623,2.936
9894,8.882,3.002
9895,9.127,2.861
9896,9.201,2.888
9897,9.217,2.860
9898,9.032,2.793
9899,9.141,2.806
9900,9.015,2.792
9901,9.004,2.805
9902,8.924,2.741
9903,8.883,2.741
9904,8.914,2.876
9905,8.912,2.890
9906,8.947,2.823
9907,8.942,2.799
9908,8.924,2.857
9909,9.004,2.910
9910,8.779,2.896
9911,8.892,2.860
9912,8.703,2.878
9913,8.711,3.050
9914,8.785,3.062
9915,8.730,2.980
9916,8.810,2.958
9917,8.849,3.060
9918,8.846,2.989
9919,8.984,2.978
9920,8.916,2.981
9921,8.986,2.968
9922,9.087,2.937
9923,9.036,2.902
9924,8.929,2.881
9925,8.914,2.990
9926,8.782,2.972
9927,8.731,3.040
9928,8.829,2.900
9929,8.756,2.926
9930,8.731,2.822
9931,8.916,2.935
9932,8.862,2.954
9933,9.000,2.931
9934,9.010,2.927
9935,8.956,2.842
9936,8.891,2.869
9937,8.738,2.858
9938,8.705,2.952
9939,8.633,2.971
9940,8.799,2.905
9941,8.935,2.893
9942,8.918,2.923
9943,8.922,2.984
9944,8.870,2.910
9945,8.905,2.858
9946,8.643,2.916
9947,8.828,2.930
9948,8.882,2.857
9949,8.655,2.856
9950,8.643,2.824
9951,8.852,2.963
9952,8.731,2.961
9953,8.698,2.993
9954,8.659,3.008
9955,8.882,2.825
9956,8.669,2.803
9957,8.837,2.843
9958,8.905,2.853
9959,8.955,2.847
9960,8.936,2.852
9961,8.928,2.917
9962,9.188,2.929
9963,9.114,2.948
9964,9.026,2.894
9965,9.164,2.907
9966,8.952,2.946
9967,8.884,2.783
9968,8.921,2.885
9969,9.000,2.796
9970,9.061,2.724
9971,9.098,2.701
9972,9.066,2.726
9973,9.208,2.778
9974,9.239,2.917
9975,9.268,2.887
9976,9.301,2.870
9977,9.357,3.000
9978,9.402,2.937
9979,9.284,2.938
9980,9.196,2.926
9981,9.367,3.009
9982,9.070,2.944
9983,9.358,2.958
9984,9.295,2.823
9985,9.192,2.845
9986,9.108,2.857
9987,9.236,2.860
9988,9.136,2.862
9989,9.068,2.801
9990,9.163,2.754
9991,9.111,2.803
9992,9.134,2.840
9993,9.057,2.904
9994,9.040,2.944
9995,8.981,2.817
9996,8.931,2.751
9997,9.106,2.805
9998,9.085,2.806
9999,9.086,2.870
