2026-06-24 14:41:42,419 INFO:main.py:246:print_splash_screen:PDB2PQR v3.7.1: biomolecular structure conversion software.
2026-06-24 14:41:42,419 INFO:main.py:248:print_splash_screen:Please cite:  Jurrus E, et al.  Improvements to the APBS biomolecular solvation software suite.  Protein Sci 27 112-128 (2018).
2026-06-24 14:41:42,419 INFO:main.py:248:print_splash_screen:Please cite:  Dolinsky TJ, et al.  PDB2PQR: expanding and upgrading automated preparation of biomolecular structures for molecular simulations. Nucleic Acids Res 35 W522-W525 (2007).
2026-06-24 14:41:42,419 INFO:main.py:770:main_driver:Checking and transforming input arguments.
2026-06-24 14:41:42,419 INFO:main.py:774:main_driver:Loading topology files.
2026-06-24 14:41:42,442 INFO:main.py:776:main_driver:Loading molecule: /home/yagmur/Desktop/bioinformatics_master/07_binding_site_analysis/katman0/electrostatics/apoMutant_prot.pdb
2026-06-24 14:41:42,442 ERROR:pdb.py:2587:read_pdb:Error parsing line: invalid literal for int() with base 10: ''
2026-06-24 14:41:42,442 ERROR:pdb.py:2588:read_pdb:<REMARK     1 CREATED WITH MDTraj 1.10.3, 2026-06-20>
2026-06-24 14:41:42,442 ERROR:pdb.py:2589:read_pdb:Truncating remaining errors for record type:REMARK
2026-06-24 14:41:42,480 WARNING:io.py:474:get_molecule:Warning: /home/yagmur/Desktop/bioinformatics_master/07_binding_site_analysis/katman0/electrostatics/apoMutant_prot.pdb is a non-standard PDB file.

2026-06-24 14:41:42,480 ERROR:io.py:475:get_molecule:['REMARK']
2026-06-24 14:41:42,480 INFO:main.py:781:main_driver:Setting up molecule.
2026-06-24 14:41:42,509 INFO:main.py:423:setup_molecule:Created biomolecule object with 1395 residues and 22598 atoms.
2026-06-24 14:41:42,510 INFO:main.py:785:main_driver:Setting termini states for biomolecule chains.
2026-06-24 14:41:42,526 INFO:main.py:616:non_trivial:Loading forcefield.
2026-06-24 14:41:42,528 INFO:main.py:620:non_trivial:Loading hydrogen topology definitions.
2026-06-24 14:41:42,532 INFO:main.py:474:is_repairable:This biomolecule is clean.  No repair needed.
2026-06-24 14:41:42,532 INFO:main.py:635:non_trivial:Updating disulfide bridges.
2026-06-24 14:41:42,534 INFO:main.py:638:non_trivial:Debumping biomolecule.
2026-06-24 14:41:42,713 INFO:main.py:645:non_trivial:Assigning titration states with PROPKA.
2026-06-24 14:41:42,741 INFO:output.py:74:print_header:
propka3.5.1                                                                                  2026-06-24

-------------------------------------------------------------------------------
--                                                                           --
--  PROPKA: A PROTEIN PKA PREDICTOR                                          --
--                                                                           --
--  VERSION 1.0,  04/25/2004,  IOWA CITY                                     --
--  BY HUI LI                                                                --
--                                                                           --
--  VERSION 2.0,  11/05/2007, IOWA CITY/COPENHAGEN                           --
--  BY DELPHINE C. BAS AND DAVID M. ROGERS                                   --
--                                                                           --
--  VERSION 3.0,  01/06/2011, COPENHAGEN                                     --
--  BY MATS H.M. OLSSON AND CHRESTEN R. SONDERGARD                           --
--                                                                           --
--  VERSION 3.1,  07/01/2011, COPENHAGEN                                     --
--  BY CHRESTEN R. SONDERGARD AND MATS H.M. OLSSON                           --
--                                                                           --
--  VERSION 3.2,  06/17/2020, PLANET EARTH                                   --
--  SEE ABOVE FOR AUTHORS                                                    --
--                                                                           --
-------------------------------------------------------------------------------


-------------------------------------------------------------------------------
References:

Very Fast Empirical Prediction and Rationalization of Protein pKa Values.
Hui Li, Andrew D. Robertson and Jan H. Jensen. PROTEINS: Structure, Function,
and Bioinformatics. 61:704-721 (2005)

Very Fast Prediction and Rationalization of pKa Values for Protein-Ligand
Complexes.  Delphine C. Bas, David M. Rogers and Jan H. Jensen.  PROTEINS:
Structure, Function, and Bioinformatics 73:765-783 (2008)

PROPKA3: Consistent Treatment of Internal and Surface Residues in Empirical
pKa predictions.  Mats H.M. Olsson, Chresten R. Sondergard, Michal Rostkowski,
and Jan H. Jensen.  Journal of Chemical Theory and Computation, 7(2):525-537
(2011)

Improved Treatment of Ligands and Coupling Effects in Empirical Calculation
and Rationalization of pKa Values.  Chresten R. Sondergaard, Mats H.M. Olsson,
Michal Rostkowski, and Jan H. Jensen.  Journal of Chemical Theory and
Computation, (2011)
-------------------------------------------------------------------------------



2026-06-24 14:41:42,915 INFO:conformation_container.py:124:find_covalently_coupled_groups:Coupling map:
Covalent coupling map for Conformation container 1A with 13125 atoms and 3377 groups
            N+  681 C | HIS 681 C | 
N+  681 C             |     X     | 
HIS 681 C       X     |           | 
2026-06-24 14:41:42,915 INFO:conformation_container.py:213:calculate_pka:Calculating pKas for Conformation container 1A with 13125 atoms and 3377 groups
2026-06-24 14:41:45,309 INFO:iterative.py:286:add_determinants:did not converge in 10 iterations
2026-06-24 14:41:45,311 INFO:conformation_container.py:235:calculate_pka:Removing penalised groups!!!
2026-06-24 14:41:45,473 INFO:output.py:225:print_pka_section:pKa determinants:

---------  -----   ------   ---------------------    --------------    --------------    --------------
                            DESOLVATION  EFFECTS       SIDECHAIN          BACKBONE        COULOMBIC
 RESIDUE    pKa    BURIED     REGULAR      RE        HYDROGEN BOND     HYDROGEN BOND      INTERACTION
---------  -----   ------   ---------   ---------    --------------    --------------    --------------

GLU  19 A   4.59     0 %    0.09  138   0.00    0    0.00 XXX   0 X    0.00 XXX   0 X    0.00 XXX   0 X

GLU  25 A   4.58     0 %    0.17  222   0.00    0    0.00 XXX   0 X    0.00 XXX   0 X   -0.05 ARG  18 A
GLU  25 A                                            0.00 XXX   0 X    0.00 XXX   0 X   -0.04 LYS  26 A

GLU  30 A   3.45     0 %    0.22  164   0.00    0   -0.78 LYS  31 A    0.00 XXX   0 X   -0.14 ARG  27 A
GLU  30 A                                            0.00 XXX   0 X    0.00 XXX   0 X    0.02 GLU  50 B
GLU  30 A                                            0.00 XXX   0 X    0.00 XXX   0 X   -0.38 LYS  31 A

C-   37 A   3.26     0 %    0.06   23   0.00    0    0.00 XXX   0 X    0.00 XXX   0 X    0.00 XXX   0 X

LYS  26 A  10.38     0 %   -0.11  133   0.00    0    0.00 XXX   0 X    0.00 XXX   0 X    0.04 GLU  25 A
LYS  26 A                                            0.00 XXX   0 X    0.00 XXX   0 X   -0.05 ARG  27 A

LYS  31 A  11.46     0 %   -0.29  199   0.00    0    0.78 GLU  30 A    0.00 XXX   0 X   -0.06 ARG  27 A
LYS  31 A                                            0.00 XXX   0 X    0.00 XXX   0 X    0.16 GLU  50 B
LYS  31 A                                            0.00 XXX   0 X    0.00 XXX   0 X   -0.00 ARG  53 B
LYS  31 A                                            0.00 XXX   0 X    0.00 XXX   0 X    0.38 GLU  30 A

ARG  14 A  13.32    13 %   -0.51  317   0.00    0    0.78 GLU  78 B    0.00 XXX   0 X    0.14 GLU  81 B
ARG  14 A                                            0.00 XXX   0 X    0.00 XXX   0 X    0.01 ASP  82 B
ARG  14 A                                            0.00 XXX   0 X    0.00 XXX   0 X    0.41 GLU  78 B

ARG  15 A  12.39     0 %   -0.07  117   0.00    0    0.00 XXX   0 X    0.00 XXX   0 X   -0.04 ARG  14 A

ARG  18 A  12.33     0 %   -0.22  178   0.00    0    0.00 XXX   0 X    0.00 XXX   0 X    0.05 GLU  25 A

ARG  27 A  12.57     0 %   -0.18  189   0.00    0    0.00 XXX   0 X    0.00 XXX   0 X    0.14 GLU  30 A
ARG  27 A                                            0.00 XXX   0 X    0.00 XXX   0 X    0.10 TYR  87 B

ARG  34 A  12.44     0 %   -0.06   59   0.00    0    0.00 XXX   0 X    0.00 XXX   0 X    0.00 XXX   0 X

N+   12 A   8.06    43 %   -1.66  401   0.00    0    0.85 GLU  81 B    0.00 XXX   0 X   -0.01 ARG  14 A
N+   12 A                                            0.00 XXX   0 X    0.00 XXX   0 X    0.22 ASP  82 B
N+   12 A                                            0.00 XXX   0 X    0.00 XXX   0 X    0.05 ASP  84 B
N+   12 A                                            0.00 XXX   0 X    0.00 XXX   0 X   -0.02 ARG 122 B
N+   12 A                                            0.00 XXX   0 X    0.00 XXX   0 X    0.62 GLU  81 B

ASP  57 B   2.93     0 %    0.42  202   0.00    0   -0.41 GLN  59 B   -0.47 GLN  59 B   -0.04 LYS  62 B
ASP  57 B                                            0.00 XXX   0 X   -0.33 ALA  60 B   -0.04 ARG 104 B

ASP  66 B   3.84     0 %    0.17  207   0.00    0    0.00 XXX   0 X    0.00 XXX   0 X   -0.03 LYS  63 B
ASP  66 B                                            0.00 XXX   0 X    0.00 XXX   0 X   -0.18 ARG 433 B
ASP  66 B                                            0.00 XXX   0 X    0.00 XXX   0 X    0.08 C-  433 B

ASP  82 B   3.65    26 %    0.70  355   0.00    0   -0.62 TYR  68 B    0.00 XXX   0 X   -0.22 N+   12 A
ASP  82 B                                            0.00 XXX   0 X    0.00 XXX   0 X   -0.01 ARG  14 A

ASP  84 B   4.10    44 %    0.96  404   0.13    0   -0.61 GLN  90 B    0.00 XXX   0 X   -0.05 N+   12 A
ASP  84 B                                            0.00 XXX   0 X    0.00 XXX   0 X   -0.09 ARG  53 B
ASP  84 B                                            0.00 XXX   0 X    0.00 XXX   0 X   -0.04 ARG 104 B

ASP 152 B   2.95    14 %    0.43  320   0.00    0   -0.47 LYS 863 C    0.00 XXX   0 X   -0.35 HIS 151 B
ASP 152 B                                            0.00 XXX   0 X    0.00 XXX   0 X   -0.46 LYS 863 C

ASP 191 B   2.66    55 %    1.60  436   0.27    0   -1.69 ARG 179 B   -0.22 ASP 191 B   -0.18 LYS 175 B
ASP 191 B                                            0.00 XXX   0 X    0.00 XXX   0 X   -0.03 ARG 190 B
ASP 191 B                                            0.00 XXX   0 X    0.00 XXX   0 X   -0.15 LYS 237 B
ASP 191 B                                            0.00 XXX   0 X    0.00 XXX   0 X   -0.73 ARG 179 B

ASP 197 B   5.25*   82 %    2.48  512   0.78    0   -0.85 LYS 228 B    0.00 XXX   0 X    0.02 ASP 191 B
ASP 197 B                                            0.00 XXX   0 X    0.00 XXX   0 X    1.34 GLU 171 B
ASP 197 B                                            0.00 XXX   0 X    0.00 XXX   0 X   -0.97 LYS 175 B
ASP 197 B                                            0.00 XXX   0 X    0.00 XXX   0 X   -1.35 LYS 228 B

ASP 211 B   3.84     0 %    0.20  221   0.00    0    0.00 XXX   0 X    0.00 XXX   0 X   -0.00 LYS 158 B
ASP 211 B                                            0.00 XXX   0 X    0.00 XXX   0 X   -0.16 ARG 222 B

ASP 252 B   4.12     0 %    0.32  281   0.00    0    0.00 XXX   0 X    0.00 XXX   0 X   -0.00 LYS1641 D

ASP 297 B   3.86     0 %    0.12  176   0.00    0    0.00 XXX   0 X    0.00 XXX   0 X   -0.06 ARG 282 B

ASP 305 B   4.03     0 %    0.23  223   0.00    0    0.00 XXX   0 X    0.00 XXX   0 X   -0.00 LYS 279 B

ASP 310 B   3.27     0 %    0.29  219   0.00    0   -0.82 TRP 301 B    0.00 XXX   0 X    0.00 XXX   0 X

ASP 322 B   2.87    24 %    0.76  348   0.09    0   -0.71 ARG 376 B   -0.39 VAL 323 B   -0.14 LYS 317 B
ASP 322 B                                            0.00 XXX   0 X    0.00 XXX   0 X   -0.04 HIS 350 B
ASP 322 B                                            0.00 XXX   0 X    0.00 XXX   0 X   -0.50 ARG 376 B

ASP 331 B   3.85     0 %    0.16  238   0.00    0    0.00 XXX   0 X   -0.00 ASP 331 B   -0.10 LYS 387 B

ASP 349 B   3.07    70 %    2.00  476   0.00    0   -0.85 THR 353 B    0.00 XXX   0 X   -0.17 ARG 376 B
ASP 349 B                                           -0.79 ARG 367 B    0.00 XXX   0 X    0.03 ASP 322 B
ASP 349 B                                            0.00 XXX   0 X    0.00 XXX   0 X   -0.11 HIS 350 B
ASP 349 B                                            0.00 XXX   0 X    0.00 XXX   0 X   -0.84 ARG 367 B

ASP 356 B   3.90    65 %    1.95  462   0.13    0   -0.61 SER 354 B   -0.72 GLY 274 B   -0.27 ARG 277 B
ASP 356 B                                            0.00 XXX   0 X    0.00 XXX   0 X   -0.24 LYS 343 B
ASP 356 B                                            0.00 XXX   0 X    0.00 XXX   0 X   -0.16 LYS 347 B
ASP 356 B                                            0.00 XXX   0 X    0.00 XXX   0 X   -0.03 HIS 278 B
ASP 356 B                                            0.00 XXX   0 X    0.00 XXX   0 X    0.06 ASP1551 D

ASP 372 B   3.78    85 %    2.93  519   0.34    0   -0.24 CYS 373 B   -0.67 CYS 373 B   -0.26 ARG 367 B
ASP 372 B                                            0.00 XXX   0 X   -0.81 TRP 899 C   -0.30 ARG 893 C
ASP 372 B                                            0.00 XXX   0 X   -0.85 ILE 900 C   -0.18 LYS1419 D

GLU  49 B   4.53     0 %    0.03   47   0.00    0    0.00 XXX   0 X    0.00 XXX   0 X    0.00 XXX   0 X

GLU  50 B   3.32     0 %    0.33  233   0.00    0   -0.75 ARG  53 B   -0.19 PHE  86 B   -0.16 LYS  31 A
GLU  50 B                                            0.00 XXX   0 X    0.00 XXX   0 X   -0.10 N+   49 B
GLU  50 B                                            0.00 XXX   0 X    0.00 XXX   0 X   -0.30 ARG  53 B

GLU  74 B   4.58     0 %    0.08  130   0.00    0    0.00 XXX   0 X    0.00 XXX   0 X    0.00 XXX   0 X

GLU  78 B   2.80    18 %    0.76  331   0.16    0   -0.78 ARG  14 A    0.00 XXX   0 X   -0.15 ARG 122 B
GLU  78 B                                           -0.85 LYS 126 B    0.00 XXX   0 X   -0.41 ARG  14 A
GLU  78 B                                            0.00 XXX   0 X    0.00 XXX   0 X   -0.44 LYS 126 B

GLU  81 B   4.49    50 %    1.22  421   0.40    0   -0.85 N+   12 A    0.00 XXX   0 X   -0.14 ARG  14 A
GLU  81 B                                            0.00 XXX   0 X    0.00 XXX   0 X   -0.21 ARG 122 B
GLU  81 B                                            0.00 XXX   0 X    0.00 XXX   0 X    0.02 GLU  78 B
GLU  81 B                                            0.00 XXX   0 X    0.00 XXX   0 X    0.14 ASP  82 B
GLU  81 B                                            0.00 XXX   0 X    0.00 XXX   0 X    0.03 ASP  84 B
GLU  81 B                                            0.00 XXX   0 X    0.00 XXX   0 X   -0.62 N+   12 A

GLU 161 B   3.20    60 %    2.13  449   0.26    0   -1.10 ARG 219 B    0.00 XXX   0 X   -0.02 LYS 158 B
GLU 161 B                                           -0.81 ARG 225 B    0.00 XXX   0 X   -0.21 ARG 222 B
GLU 161 B                                            0.00 XXX   0 X    0.00 XXX   0 X   -0.67 ARG 219 B
GLU 161 B                                            0.00 XXX   0 X    0.00 XXX   0 X   -0.88 ARG 225 B

GLU 171 B   2.58*   96 %    2.81  550   0.33    0   -0.85 LYS 175 B    0.00 XXX   0 X   -1.69 LYS 175 B
GLU 171 B                                           -0.85 LYS 228 B    0.00 XXX   0 X   -1.67 LYS 228 B

GLU 208 B   5.12    19 %    0.83  335   0.11    0    0.00 XXX   0 X    0.00 XXX   0 X   -0.03 LYS 158 B
GLU 208 B                                            0.00 XXX   0 X    0.00 XXX   0 X   -0.08 ARG 219 B
GLU 208 B                                            0.00 XXX   0 X    0.00 XXX   0 X   -0.22 ARG 222 B
GLU 208 B                                            0.00 XXX   0 X    0.00 XXX   0 X   -0.05 ARG 225 B
GLU 208 B                                            0.00 XXX   0 X    0.00 XXX   0 X    0.07 GLU 161 B

GLU 295 B   4.74     0 %    0.24  177   0.00    0    0.00 XXX   0 X    0.00 XXX   0 X    0.00 XXX   0 X

GLU 302 B   4.60     0 %    0.10  157   0.00    0    0.00 XXX   0 X    0.00 XXX   0 X    0.00 XXX   0 X

GLU 312 B   4.60     0 %    0.14  189   0.00    0    0.00 XXX   0 X    0.00 XXX   0 X   -0.09 ARG 282 B
GLU 312 B                                            0.00 XXX   0 X    0.00 XXX   0 X    0.05 ASP 310 B

GLU 337 B   3.91     0 %    0.11  119   0.00    0    0.00 XXX   0 X   -0.70 GLU 337 B    0.00 XXX   0 X

GLU 346 B   4.28     0 %    0.21  253   0.00    0    0.00 XXX   0 X    0.00 XXX   0 X   -0.09 ARG 277 B
GLU 346 B                                            0.00 XXX   0 X    0.00 XXX   0 X   -0.02 LYS 279 B
GLU 346 B                                            0.00 XXX   0 X    0.00 XXX   0 X   -0.31 LYS 347 B

GLU 375 B   4.29    74 %    1.28  489   0.32    0   -0.85 LYS1419 D    0.00 XXX   0 X   -0.02 ARG 376 B
GLU 375 B                                            0.00 XXX   0 X    0.00 XXX   0 X    0.03 ASP 372 B
GLU 375 B                                            0.00 XXX   0 X    0.00 XXX   0 X   -0.97 LYS1419 D

GLU 417 B   4.84     9 %    0.31  307   0.02    0    0.00 XXX   0 X    0.00 XXX   0 X    0.02 GLU 418 B

GLU 418 B   4.06     2 %    0.50  287   0.00    0   -0.85 LYS 249 B    0.00 XXX   0 X    0.31 GLU1780 D
GLU 418 B                                            0.00 XXX   0 X    0.00 XXX   0 X   -0.40 LYS 249 B

GLU 426 B   4.59    14 %    0.35  321   0.07    0    0.00 XXX   0 X    0.00 XXX   0 X   -0.04 LYS  62 B
GLU 426 B                                            0.00 XXX   0 X    0.00 XXX   0 X   -0.35 LYS 430 B
GLU 426 B                                            0.00 XXX   0 X    0.00 XXX   0 X    0.06 GLU 429 B

GLU 428 B   4.71     0 %    0.17  133   0.00    0    0.00 XXX   0 X    0.00 XXX   0 X    0.04 GLU 431 B

GLU 429 B   3.48     0 %    0.38  227   0.00    0   -0.85 LYS  62 B    0.00 XXX   0 X   -0.12 LYS  63 B
GLU 429 B                                            0.00 XXX   0 X    0.00 XXX   0 X   -0.05 LYS 430 B
GLU 429 B                                            0.00 XXX   0 X    0.00 XXX   0 X   -0.38 LYS  62 B

GLU 431 B   3.49     0 %    0.22  215   0.00    0   -0.85 LYS 100 B    0.00 XXX   0 X   -0.38 LYS 100 B

C-  433 B   2.06     0 %    0.19  168   0.00    0   -0.84 LYS  63 B    0.00 XXX   0 X   -0.12 ARG 433 B
C-  433 B                                            0.00 XXX   0 X    0.00 XXX   0 X   -0.38 LYS  63 B

HIS 118 B   6.02     0 %   -0.37  259   0.00    0    0.00 XXX   0 X    0.00 XXX   0 X   -0.11 ARG  18 A

HIS 130 B   6.17     0 %   -0.26  211   0.00    0    0.00 XXX   0 X    0.00 XXX   0 X   -0.07 LYS 126 B

HIS 151 B   4.93    48 %   -1.49  416   0.00    0    0.00 XXX   0 X    0.04 MET 858 C   -0.59 LYS 863 C
HIS 151 B                                            0.00 XXX   0 X    0.00 XXX   0 X    0.35 ASP 152 B
HIS 151 B                                            0.00 XXX   0 X    0.00 XXX   0 X    0.12 ASP 883 C

HIS 184 B   6.29     0 %   -0.12  149   0.00    0    0.00 XXX   0 X    0.00 XXX   0 X   -0.09 ARG 190 B

HIS 278 B   5.01    71 %   -1.68  479   0.00    0    0.00 XXX   0 X    0.05 GLY 274 B   -0.05 ARG 277 B
HIS 278 B                                            0.00 XXX   0 X    0.32 ASN 275 B   -0.21 LYS 343 B
HIS 278 B                                            0.00 XXX   0 X    0.00 XXX   0 X   -0.04 ARG1623 D
HIS 278 B                                            0.00 XXX   0 X    0.00 XXX   0 X    0.03 ASP 356 B
HIS 278 B                                            0.00 XXX   0 X    0.00 XXX   0 X    0.08 ASP1550 D
HIS 278 B                                            0.00 XXX   0 X    0.00 XXX   0 X    0.02 ASP1551 D

HIS 350 B   6.44     1 %   -0.20  283   0.00    0    0.00 XXX   0 X    0.00 XXX   0 X   -0.06 ARG 376 B
HIS 350 B                                            0.00 XXX   0 X    0.00 XXX   0 X    0.04 ASP 322 B
HIS 350 B                                            0.00 XXX   0 X    0.00 XXX   0 X    0.11 ASP 349 B
HIS 350 B                                            0.00 XXX   0 X    0.00 XXX   0 X    0.05 GLU 908 C

CYS 139 B   9.01     0 %    0.25  245   0.00    0   -0.24 THR 143 B    0.00 XXX   0 X    0.00 XXX   0 X

CYS 145 B  11.20    71 %    2.41  480   0.00    0    0.00 XXX   0 X   -0.11 CYS 145 B   -0.10 ARG 225 B

CYS 182 B   9.49     0 %    0.51  236   0.00    0    0.00 XXX   0 X    0.00 XXX   0 X   -0.01 ARG 190 B

CYS 260 B  11.31    76 %    2.31  495   0.00    0    0.00 XXX   0 X    0.00 XXX   0 X    0.00 XXX   0 X

CYS 280 B  14.13    53 %    1.94  430   0.00    0   -0.26 ARG 383 B    0.00 XXX   0 X   -0.38 ARG 383 B
CYS 280 B                                            3.60 CYS 326 B    0.00 XXX   0 X    0.62 CYS 326 B
CYS 280 B                                           -0.39 CYS 335 B    0.00 XXX   0 X    0.00 XXX   0 X

CYS 326 B  12.10    48 %    1.74  417   0.00    0   -3.60 CYS 280 B    0.00 XXX   0 X   -0.32 ARG 383 B
CYS 326 B                                            0.47 CYS 335 B    0.00 XXX   0 X    0.55 CYS 335 B
CYS 326 B                                            3.60 CYS 341 B    0.00 XXX   0 X    0.67 CYS 341 B

CYS 335 B  10.59    27 %    1.24  357   0.00    0    0.39 CYS 280 B    0.00 XXX   0 X   -0.02 ARG 340 B
CYS 335 B                                           -0.47 CYS 326 B    0.00 XXX   0 X   -0.10 ARG 383 B
CYS 335 B                                            0.00 XXX   0 X    0.00 XXX   0 X    0.55 CYS 280 B

CYS 341 B   7.72    56 %    1.87  438   0.00    0   -3.60 CYS 326 B    0.00 XXX   0 X   -0.02 ARG 340 B
CYS 341 B                                            0.00 XXX   0 X    0.00 XXX   0 X   -0.06 ARG 383 B
CYS 341 B                                            0.00 XXX   0 X    0.00 XXX   0 X    0.24 CYS 280 B
CYS 341 B                                            0.00 XXX   0 X    0.00 XXX   0 X    0.29 CYS 335 B

CYS 373 B  12.78    75 %    1.99  492   0.00    0    0.24 ASP 372 B   -0.01 CYS 373 B   -0.50 ARG 367 B
CYS 373 B                                            0.00 XXX   0 X    0.00 XXX   0 X   -0.01 ARG 376 B
CYS 373 B                                            0.00 XXX   0 X    0.00 XXX   0 X   -0.18 ARG 893 C
CYS 373 B                                            0.00 XXX   0 X    0.00 XXX   0 X   -0.23 LYS1419 D
CYS 373 B                                            0.00 XXX   0 X    0.00 XXX   0 X    0.16 ASP 349 B
CYS 373 B                                            0.00 XXX   0 X    0.00 XXX   0 X    0.21 GLU 375 B
CYS 373 B                                            0.00 XXX   0 X    0.00 XXX   0 X    0.42 GLU 898 C
CYS 373 B                                            0.00 XXX   0 X    0.00 XXX   0 X    0.01 ASP 905 C
CYS 373 B                                            0.00 XXX   0 X    0.00 XXX   0 X    1.10 ASP 372 B
CYS 373 B                                            0.00 XXX   0 X    0.00 XXX   0 X    0.58 GLU 901 C

TYR  68 B  12.51    40 %    1.34  394   0.00    0    0.62 ASP  82 B    0.00 XXX   0 X    0.02 GLU  81 B
TYR  68 B                                            0.00 XXX   0 X    0.00 XXX   0 X    0.53 ASP  82 B

TYR  87 B  10.18     0 %    0.23  230   0.00    0    0.00 XXX   0 X    0.00 XXX   0 X   -0.10 ARG  27 A
TYR  87 B                                            0.00 XXX   0 X    0.00 XXX   0 X    0.05 GLU  50 B

TYR 112 B  10.03     0 %    0.03   55   0.00    0    0.00 XXX   0 X    0.00 XXX   0 X    0.00 XXX   0 X

TYR 159 B   9.93     0 %    0.15  165   0.00    0    0.00 XXX   0 X    0.00 XXX   0 X    0.03 GLU 208 B
TYR 159 B                                            0.00 XXX   0 X    0.00 XXX   0 X   -0.26 LYS 158 B

TYR 162 B  10.64     0 %    0.27  227   0.00    0    0.00 XXX   0 X    0.00 XXX   0 X    0.21 GLU 208 B
TYR 162 B                                            0.00 XXX   0 X    0.00 XXX   0 X    0.16 TYR 205 B

TYR 168 B  13.18    80 %    3.06  506   0.00    0    0.00 XXX   0 X    0.00 XXX   0 X    0.32 CYS 145 B
TYR 168 B                                            0.00 XXX   0 X    0.00 XXX   0 X    0.01 GLU 161 B
TYR 168 B                                            0.00 XXX   0 X    0.00 XXX   0 X    0.08 GLU 171 B
TYR 168 B                                            0.00 XXX   0 X    0.00 XXX   0 X    0.03 ASP 197 B
TYR 168 B                                            0.00 XXX   0 X    0.00 XXX   0 X   -0.31 ARG 225 B

TYR 205 B   9.83    10 %    0.64  310   0.00    0   -0.85 THR 169 B    0.00 XXX   0 X    0.04 GLU 208 B

TYR 307 B  11.36    21 %    1.48  340   0.00    0    0.00 XXX   0 X    0.00 XXX   0 X   -0.10 ARG 282 B
TYR 307 B                                            0.00 XXX   0 X    0.00 XXX   0 X    0.04 ASP 297 B
TYR 307 B                                            0.00 XXX   0 X    0.00 XXX   0 X   -0.07 ARG 340 B
TYR 307 B                                            0.00 XXX   0 X    0.00 XXX   0 X    0.02 TYR 339 B

TYR 314 B  10.29     0 %    0.27  279   0.00    0    0.00 XXX   0 X    0.00 XXX   0 X    0.01 ASP 310 B

TYR 339 B   9.58     7 %    0.55  301   0.00    0   -0.65 ARG 282 B    0.00 XXX   0 X    0.05 CYS 280 B
TYR 339 B                                            0.00 XXX   0 X    0.00 XXX   0 X    0.01 GLU 312 B
TYR 339 B                                            0.00 XXX   0 X    0.00 XXX   0 X    0.02 CYS 335 B
TYR 339 B                                            0.00 XXX   0 X    0.00 XXX   0 X   -0.39 ARG 282 B

TYR 352 B  10.25    13 %    0.73  318   0.00    0   -0.74 GLN 912 C    0.00 XXX   0 X    0.00 ASP 349 B
TYR 352 B                                            0.00 XXX   0 X    0.00 XXX   0 X    0.02 ASP 905 C
TYR 352 B                                            0.00 XXX   0 X    0.00 XXX   0 X    0.17 GLU 908 C
TYR 352 B                                            0.00 XXX   0 X    0.00 XXX   0 X    0.07 CYS 915 C

TYR 378 B  12.53    68 %    2.53  472   0.00    0    0.00 XXX   0 X    0.00 XXX   0 X    0.00 CYS1703 D

TYR 389 B  10.16    49 %    1.39  419   0.00    0   -0.42 ARG1623 D    0.00 XXX   0 X   -0.81 ARG1623 D

TYR 403 B  12.93    83 %    2.90  514   0.00    0    0.00 XXX   0 X    0.00 XXX   0 X    0.02 CYS 260 B

TYR 416 B  10.31    50 %    1.13  421   0.00    0   -0.83 ASN 420 B    0.00 XXX   0 X    0.01 GLU 417 B

LYS  62 B  11.41     0 %   -0.35  217   0.00    0    0.85 GLU 429 B    0.00 XXX   0 X    0.04 ASP  57 B
LYS  62 B                                            0.00 XXX   0 X    0.00 XXX   0 X    0.04 GLU 426 B
LYS  62 B                                            0.00 XXX   0 X    0.00 XXX   0 X   -0.05 LYS  63 B
LYS  62 B                                            0.00 XXX   0 X    0.00 XXX   0 X    0.38 GLU 429 B

LYS  63 B  11.48     0 %   -0.38  224   0.00    0    0.84 C-  433 B    0.00 XXX   0 X    0.03 ASP  66 B
LYS  63 B                                            0.00 XXX   0 X    0.00 XXX   0 X    0.12 GLU 429 B
LYS  63 B                                            0.00 XXX   0 X    0.00 XXX   0 X   -0.01 ARG 433 B
LYS  63 B                                            0.00 XXX   0 X    0.00 XXX   0 X    0.38 C-  433 B

LYS  91 B  10.31     0 %   -0.13  275   0.00    0    0.00 XXX   0 X    0.00 XXX   0 X   -0.06 ARG 121 B

LYS  98 B  10.08    17 %   -0.42  329   0.00    0    0.00 XXX   0 X    0.00 XXX   0 X    0.00 XXX   0 X

LYS 100 B  11.28     0 %   -0.45  274   0.00    0    0.85 GLU 431 B    0.00 XXX   0 X    0.38 GLU 431 B

LYS 126 B  10.87    15 %   -0.75  323   0.00    0    0.85 GLU  78 B    0.00 XXX   0 X   -0.13 ARG  14 A
LYS 126 B                                            0.00 XXX   0 X    0.00 XXX   0 X   -0.05 ARG 122 B
LYS 126 B                                            0.00 XXX   0 X    0.00 XXX   0 X    0.44 GLU  78 B

LYS 158 B  10.45     0 %   -0.17  224   0.00    0    0.00 XXX   0 X    0.00 XXX   0 X    0.02 GLU 161 B
LYS 158 B                                            0.00 XXX   0 X    0.00 XXX   0 X    0.03 GLU 208 B
LYS 158 B                                            0.00 XXX   0 X    0.00 XXX   0 X    0.00 ASP 211 B
LYS 158 B                                            0.00 XXX   0 X    0.00 XXX   0 X   -0.14 ARG 219 B
LYS 158 B                                            0.00 XXX   0 X    0.00 XXX   0 X   -0.06 ARG 222 B
LYS 158 B                                            0.00 XXX   0 X    0.00 XXX   0 X    0.26 TYR 159 B

LYS 175 B  10.19    94 %   -2.23  544   0.00    0    0.85 GLU 171 B    0.00 XXX   0 X   -0.18 ARG 179 B
LYS 175 B                                            0.00 XXX   0 X    0.00 XXX   0 X    0.18 ASP 191 B
LYS 175 B                                            0.00 XXX   0 X    0.00 XXX   0 X   -1.60 LYS 228 B
LYS 175 B                                            0.00 XXX   0 X    0.00 XXX   0 X    1.69 GLU 171 B
LYS 175 B                                            0.00 XXX   0 X    0.00 XXX   0 X    0.97 ASP 197 B

LYS 228 B  12.05    93 %   -3.17  542   0.00    0    0.85 GLU 171 B    0.00 XXX   0 X    1.67 GLU 171 B
LYS 228 B                                            0.85 ASP 197 B    0.00 XXX   0 X    1.35 ASP 197 B

LYS 237 B   9.45    58 %   -0.90  444   0.00    0    0.00 XXX   0 X    0.00 XXX   0 X   -0.02 ARG 179 B
LYS 237 B                                            0.00 XXX   0 X    0.00 XXX   0 X    0.15 ASP 191 B
LYS 237 B                                            0.00 XXX   0 X    0.00 XXX   0 X   -0.08 LYS  98 B
LYS 237 B                                            0.00 XXX   0 X    0.00 XXX   0 X   -0.19 LYS 175 B
LYS 237 B                                            0.00 XXX   0 X    0.00 XXX   0 X   -0.02 LYS 228 B

LYS 248 B  10.23     0 %   -0.27  187   0.00    0    0.00 XXX   0 X    0.00 XXX   0 X    0.00 XXX   0 X

LYS 249 B  12.09    10 %   -0.89  308   0.00    0    0.85 GLU 418 B    0.00 XXX   0 X    0.40 GLU 418 B
LYS 249 B                                            0.85 GLU1780 D    0.00 XXX   0 X    0.38 GLU1780 D

LYS 279 B   9.12    53 %   -1.26  430   0.00    0    0.00 XXX   0 X    0.00 XXX   0 X   -0.14 ARG 277 B
LYS 279 B                                            0.00 XXX   0 X    0.00 XXX   0 X    0.00 ASP 305 B
LYS 279 B                                            0.00 XXX   0 X    0.00 XXX   0 X    0.02 GLU 346 B

LYS 317 B  10.52    25 %   -0.48  350   0.00    0    0.00 XXX   0 X    0.00 XXX   0 X    0.14 ASP 322 B
LYS 317 B                                            0.00 XXX   0 X    0.00 XXX   0 X   -0.06 ARG 376 B
LYS 317 B                                            0.00 XXX   0 X    0.00 XXX   0 X   -0.10 ARG 383 B
LYS 317 B                                            0.00 XXX   0 X    0.00 XXX   0 X    0.41 ASP1689 D
LYS 317 B                                            0.00 XXX   0 X    0.00 XXX   0 X    0.11 ASP1690 D

LYS 343 B  11.86    40 %   -1.36  393   0.00    0    0.85 ASP1550 D    0.00 XXX   0 X   -0.32 ARG 277 B
LYS 343 B                                            0.85 ASP1551 D    0.00 XXX   0 X    0.24 ASP 356 B
LYS 343 B                                            0.00 XXX   0 X    0.00 XXX   0 X    0.60 ASP1550 D
LYS 343 B                                            0.00 XXX   0 X    0.00 XXX   0 X    0.50 ASP1551 D

LYS 347 B  10.37    16 %   -0.51  325   0.00    0    0.00 XXX   0 X    0.00 XXX   0 X   -0.10 ARG 277 B
LYS 347 B                                            0.00 XXX   0 X    0.00 XXX   0 X    0.31 GLU 346 B
LYS 347 B                                            0.00 XXX   0 X    0.00 XXX   0 X    0.16 ASP 356 B

LYS 387 B  10.19    24 %   -0.44  348   0.00    0    0.00 XXX   0 X    0.00 XXX   0 X    0.10 ASP 331 B
LYS 387 B                                            0.00 XXX   0 X    0.00 XXX   0 X    0.02 ASP1690 D

LYS 430 B  10.11    16 %   -0.78  325   0.00    0    0.00 XXX   0 X    0.00 XXX   0 X    0.35 GLU 426 B
LYS 430 B                                            0.00 XXX   0 X    0.00 XXX   0 X    0.05 GLU 429 B
LYS 430 B                                            0.00 XXX   0 X    0.00 XXX   0 X   -0.01 LYS  62 B

LYS 432 B  10.37     0 %   -0.08   98   0.00    0    0.00 XXX   0 X    0.00 XXX   0 X   -0.05 LYS  63 B

ARG  53 B  13.09     0 %   -0.55  259   0.00    0    0.75 GLU  50 B    0.00 XXX   0 X    0.09 ASP  84 B
ARG  53 B                                            0.00 XXX   0 X    0.00 XXX   0 X    0.30 GLU  50 B

ARG 104 B  11.72    23 %   -0.86  347   0.00    0    0.00 XXX   0 X    0.00 XXX   0 X    0.04 ASP  57 B
ARG 104 B                                            0.00 XXX   0 X    0.00 XXX   0 X    0.04 ASP  84 B

ARG 121 B  11.31    48 %   -1.19  416   0.00    0    0.00 XXX   0 X    0.00 XXX   0 X    0.00 XXX   0 X

ARG 122 B  11.60    22 %   -0.77  343   0.00    0    0.00 XXX   0 X    0.00 XXX   0 X    0.15 GLU  78 B
ARG 122 B                                            0.00 XXX   0 X    0.00 XXX   0 X    0.21 GLU  81 B
ARG 122 B                                            0.00 XXX   0 X    0.00 XXX   0 X   -0.45 ARG  14 A
ARG 122 B                                            0.00 XXX   0 X    0.00 XXX   0 X   -0.05 ARG  15 A

ARG 179 B  12.96    61 %   -1.96  452   0.00    0    1.69 ASP 191 B    0.00 XXX   0 X    0.73 ASP 191 B

ARG 190 B  12.22     0 %   -0.30  225   0.00    0    0.00 XXX   0 X    0.00 XXX   0 X    0.01 CYS 182 B
ARG 190 B                                            0.00 XXX   0 X    0.00 XXX   0 X    0.03 ASP 191 B
ARG 190 B                                            0.00 XXX   0 X    0.00 XXX   0 X   -0.03 ARG 179 B

ARG 219 B  13.01    45 %   -1.33  406   0.00    0    1.10 GLU 161 B    0.00 XXX   0 X    0.08 GLU 208 B
ARG 219 B                                            0.00 XXX   0 X    0.00 XXX   0 X    0.67 GLU 161 B

ARG 222 B  11.51    45 %   -0.95  406   0.00    0    0.00 XXX   0 X    0.00 XXX   0 X    0.21 GLU 161 B
ARG 222 B                                            0.00 XXX   0 X    0.00 XXX   0 X    0.22 GLU 208 B
ARG 222 B                                            0.00 XXX   0 X    0.00 XXX   0 X    0.16 ASP 211 B
ARG 222 B                                            0.00 XXX   0 X    0.00 XXX   0 X   -0.38 ARG 219 B
ARG 222 B                                            0.00 XXX   0 X    0.00 XXX   0 X   -0.24 ARG 225 B

ARG 225 B  11.99    93 %   -2.37  542   0.00    0    0.81 GLU 161 B    0.00 XXX   0 X    0.10 CYS 145 B
ARG 225 B                                            0.00 XXX   0 X    0.00 XXX   0 X    0.31 TYR 168 B
ARG 225 B                                            0.00 XXX   0 X    0.00 XXX   0 X    0.05 GLU 208 B
ARG 225 B                                            0.00 XXX   0 X    0.00 XXX   0 X   -0.30 ARG 219 B
ARG 225 B                                            0.00 XXX   0 X    0.00 XXX   0 X    0.88 GLU 161 B

ARG 277 B  12.54    27 %   -0.77  356   0.00    0    0.04 ASP1550 D    0.00 XXX   0 X    0.09 GLU 346 B
ARG 277 B                                            0.00 XXX   0 X    0.00 XXX   0 X    0.27 ASP 356 B
ARG 277 B                                            0.00 XXX   0 X    0.00 XXX   0 X    0.28 ASP1550 D
ARG 277 B                                            0.00 XXX   0 X    0.00 XXX   0 X    0.13 ASP1551 D

ARG 282 B  13.47     0 %   -0.32  279   0.00    0    0.65 TYR 339 B    0.00 XXX   0 X    0.06 ASP 297 B
ARG 282 B                                            0.00 XXX   0 X    0.00 XXX   0 X    0.10 TYR 307 B
ARG 282 B                                            0.00 XXX   0 X    0.00 XXX   0 X    0.09 GLU 312 B
ARG 282 B                                            0.00 XXX   0 X    0.00 XXX   0 X    0.39 TYR 339 B

ARG 340 B  11.97    23 %   -0.65  346   0.00    0    0.00 XXX   0 X    0.00 XXX   0 X    0.07 TYR 307 B
ARG 340 B                                            0.00 XXX   0 X    0.00 XXX   0 X    0.02 CYS 335 B
ARG 340 B                                            0.00 XXX   0 X    0.00 XXX   0 X    0.02 CYS 341 B

ARG 367 B  12.53    82 %   -2.42  510   0.00    0    0.79 ASP 349 B    0.00 XXX   0 X    0.26 ASP 372 B
ARG 367 B                                            0.00 XXX   0 X    0.00 XXX   0 X    0.50 CYS 373 B
ARG 367 B                                            0.00 XXX   0 X    0.00 XXX   0 X    0.06 GLU 901 C
ARG 367 B                                            0.00 XXX   0 X    0.00 XXX   0 X   -0.01 ARG 376 B
ARG 367 B                                            0.00 XXX   0 X    0.00 XXX   0 X    0.84 ASP 349 B

ARG 376 B  13.38    32 %   -0.57  371   0.00    0    0.71 ASP 322 B    0.00 XXX   0 X    0.17 ASP 349 B
ARG 376 B                                            0.00 XXX   0 X    0.00 XXX   0 X    0.01 CYS 373 B
ARG 376 B                                            0.00 XXX   0 X    0.00 XXX   0 X    0.02 GLU 375 B
ARG 376 B                                            0.00 XXX   0 X    0.00 XXX   0 X    0.04 GLU 901 C
ARG 376 B                                            0.00 XXX   0 X    0.00 XXX   0 X    0.50 ASP 322 B

ARG 383 B  12.52    53 %   -1.34  431   0.00    0    0.26 CYS 280 B    0.00 XXX   0 X    0.38 CYS 280 B
ARG 383 B                                            0.00 XXX   0 X    0.00 XXX   0 X    0.32 CYS 326 B
ARG 383 B                                            0.00 XXX   0 X    0.00 XXX   0 X    0.10 CYS 335 B
ARG 383 B                                            0.00 XXX   0 X    0.00 XXX   0 X    0.06 CYS 341 B
ARG 383 B                                            0.00 XXX   0 X    0.00 XXX   0 X    0.06 ASP1689 D
ARG 383 B                                            0.00 XXX   0 X    0.00 XXX   0 X    0.19 ASP1690 D

ARG 433 B  12.70     0 %   -0.09  137   0.00    0    0.00 XXX   0 X    0.00 XXX   0 X    0.18 ASP  66 B
ARG 433 B                                            0.00 XXX   0 X    0.00 XXX   0 X    0.12 C-  433 B

N+   49 B   7.94     0 %   -0.11  110   0.00    0    0.00 XXX   0 X    0.00 XXX   0 X   -0.01 LYS  31 A
N+   49 B                                            0.00 XXX   0 X    0.00 XXX   0 X    0.10 GLU  50 B
N+   49 B                                            0.00 XXX   0 X    0.00 XXX   0 X   -0.05 ARG  53 B

ASP 716 C   4.01     9 %    0.33  307   0.03    0    0.00 XXX   0 X   -0.08 ASP 716 C   -0.03 LYS 711 C
ASP 716 C                                            0.00 XXX   0 X    0.00 XXX   0 X   -0.03 LYS 767 C

ASP 720 C   4.16    12 %    0.35  316   0.03    0    0.00 XXX   0 X    0.00 XXX   0 X   -0.03 LYS 767 C
ASP 720 C                                            0.00 XXX   0 X    0.00 XXX   0 X   -0.04 LYS 817 C
ASP 720 C                                            0.00 XXX   0 X    0.00 XXX   0 X    0.06 ASP 716 C

ASP 772 C   2.73     0 %    0.34  281   0.00    0   -0.85 LYS 707 C    0.00 XXX   0 X   -0.19 LYS 711 C
ASP 772 C                                            0.00 XXX   0 X    0.00 XXX   0 X   -0.38 LYS 707 C

ASP 785 C   2.21    63 %    1.92  459   0.24    0   -0.85 LYS 767 C    0.00 XXX   0 X   -0.37 ARG 814 C
ASP 785 C                                           -0.85 LYS 817 C    0.00 XXX   0 X   -0.83 LYS 767 C
ASP 785 C                                            0.00 XXX   0 X    0.00 XXX   0 X   -0.85 LYS 817 C

ASP 870 C   4.07     0 %    0.25  201   0.00    0    0.00 XXX   0 X    0.00 XXX   0 X   -0.00 LYS 863 C
ASP 870 C                                            0.00 XXX   0 X    0.00 XXX   0 X   -0.06 ARG 869 C
ASP 870 C                                            0.00 XXX   0 X    0.00 XXX   0 X    0.03 ASP 152 B
ASP 870 C                                            0.00 XXX   0 X    0.00 XXX   0 X    0.05 ASP 872 C

ASP 872 C   3.95     0 %    0.16   96   0.00    0    0.00 XXX   0 X    0.00 XXX   0 X   -0.01 ARG 869 C

ASP 883 C   1.98    47 %    1.52  413   0.00    0   -1.60 HIS 886 C   -0.81 HIS 886 C   -0.12 HIS 151 B
ASP 883 C                                            0.00 XXX   0 X    0.00 XXX   0 X   -0.14 HIS 880 C
ASP 883 C                                            0.00 XXX   0 X    0.00 XXX   0 X   -0.67 HIS 886 C

ASP 905 C   5.78    60 %    1.21  449   0.69    0    0.00 XXX   0 X    0.00 XXX   0 X   -0.27 ARG 893 C
ASP 905 C                                            0.00 XXX   0 X    0.00 XXX   0 X    0.26 GLU 901 C
ASP 905 C                                            0.00 XXX   0 X    0.00 XXX   0 X    0.09 GLU 908 C

GLU 698 C   4.70     0 %    0.15  182   0.00    0    0.00 XXX   0 X    0.00 XXX   0 X    0.05 ASP 772 C

GLU 737 C   4.26    66 %    1.65  467   0.27    0   -0.11 GLN 750 C    0.00 XXX   0 X   -0.42 ARG 811 C
GLU 737 C                                           -0.73 ARG 808 C    0.00 XXX   0 X   -0.02 HIS 738 C
GLU 737 C                                            0.00 XXX   0 X    0.00 XXX   0 X   -0.87 ARG 808 C

GLU 744 C   4.57     0 %    0.07   89   0.00    0    0.00 XXX   0 X    0.00 XXX   0 X    0.00 XXX   0 X

GLU 746 C   4.83     0 %    0.23  276   0.00    0    0.00 XXX   0 X    0.00 XXX   0 X   -0.07 ARG 808 C
GLU 746 C                                            0.00 XXX   0 X    0.00 XXX   0 X    0.13 GLU 737 C
GLU 746 C                                            0.00 XXX   0 X    0.00 XXX   0 X    0.03 GLU 747 C

GLU 747 C   4.62     0 %    0.12  139   0.00    0    0.00 XXX   0 X    0.00 XXX   0 X    0.00 XXX   0 X

GLU 763 C   4.48    60 %    1.69  449   0.09    0   -0.85 LYS 767 C    0.00 XXX   0 X   -0.12 ARG 814 C
GLU 763 C                                            0.00 XXX   0 X    0.00 XXX   0 X    0.05 ASP 716 C
GLU 763 C                                            0.00 XXX   0 X    0.00 XXX   0 X    0.08 ASP 720 C
GLU 763 C                                            0.00 XXX   0 X    0.00 XXX   0 X    0.42 ASP 785 C
GLU 763 C                                            0.00 XXX   0 X    0.00 XXX   0 X   -0.80 LYS 767 C
GLU 763 C                                            0.00 XXX   0 X    0.00 XXX   0 X   -0.56 LYS 817 C

GLU 795 C   4.48    49 %    1.19  418   0.19    0   -0.69 ARG 811 C    0.00 XXX   0 X   -0.05 ARG 808 C
GLU 795 C                                            0.00 XXX   0 X    0.00 XXX   0 X   -0.07 ARG 814 C
GLU 795 C                                            0.00 XXX   0 X    0.00 XXX   0 X   -0.59 ARG 811 C

GLU 867 C   4.71     0 %    0.15  224   0.00    0    0.00 XXX   0 X    0.00 XXX   0 X    0.06 ASP 870 C

GLU 898 C   6.29    79 %    1.95  503   0.40    0   -0.81 TRP1421 D    0.00 XXX   0 X   -0.43 ARG 893 C
GLU 898 C                                            0.00 XXX   0 X    0.00 XXX   0 X   -0.43 LYS1419 D
GLU 898 C                                            0.00 XXX   0 X    0.00 XXX   0 X    0.12 GLU 375 B
GLU 898 C                                            0.00 XXX   0 X    0.00 XXX   0 X    0.10 GLU 901 C
GLU 898 C                                            0.00 XXX   0 X    0.00 XXX   0 X    0.01 ASP1423 D
GLU 898 C                                            0.00 XXX   0 X    0.00 XXX   0 X    0.89 ASP 372 B

GLU 901 C   5.19    49 %    0.73  419   0.00    0    0.00 XXX   0 X    0.00 XXX   0 X   -0.06 ARG 367 B
GLU 901 C                                            0.00 XXX   0 X    0.00 XXX   0 X   -0.04 ARG 376 B
GLU 901 C                                            0.00 XXX   0 X    0.00 XXX   0 X   -0.26 ARG 893 C
GLU 901 C                                            0.00 XXX   0 X    0.00 XXX   0 X    0.06 ASP 349 B
GLU 901 C                                            0.00 XXX   0 X    0.00 XXX   0 X    0.19 ASP 372 B
GLU 901 C                                            0.00 XXX   0 X    0.00 XXX   0 X    0.03 GLU 375 B
GLU 901 C                                            0.00 XXX   0 X    0.00 XXX   0 X    0.05 ASP1423 D

GLU 908 C   4.65     0 %    0.20  276   0.00    0    0.00 XXX   0 X    0.00 XXX   0 X   -0.05 HIS 350 B

C-  943 C   3.36     0 %    0.19  247   0.00    0    0.00 XXX   0 X   -0.02 SER 943 C   -0.01 LYS1477 D

HIS 738 C   6.81     2 %   -0.45  287   0.00    0    0.00 XXX   0 X    0.75 LEU 736 C    0.02 GLU 737 C

HIS 880 C   6.08    52 %   -1.31  428   0.00    0    0.00 XXX   0 X    0.74 PRO 877 C   -0.10 ARG 869 C
HIS 880 C                                            0.00 XXX   0 X    0.00 XXX   0 X    0.14 ASP 883 C
HIS 880 C                                            0.00 XXX   0 X    0.00 XXX   0 X   -0.26 HIS 886 C
HIS 880 C                                            0.00 XXX   0 X    0.00 XXX   0 X    0.37 GLU1441 D

HIS 886 C   7.34    66 %   -1.74  467   0.00    0    1.60 ASP 883 C    0.00 XXX   0 X    0.31 GLU1441 D
HIS 886 C                                            0.00 XXX   0 X    0.00 XXX   0 X    0.67 ASP 883 C

CYS 683 C   9.35     0 %    0.44  139   0.00    0    0.00 XXX   0 X   -0.08 CYS 683 C    0.00 XXX   0 X

CYS 686 C   8.96     0 %    0.32  101   0.00    0    0.00 XXX   0 X   -0.20 CYS 686 C    0.00 XXX   0 X
CYS 686 C                                            0.00 XXX   0 X   -0.16 TRP 687 C    0.00 XXX   0 X

CYS 699 C   9.82     0 %    0.67  230   0.00    0    0.00 XXX   0 X    0.00 XXX   0 X    0.04 GLU 698 C
CYS 699 C                                            0.00 XXX   0 X    0.00 XXX   0 X    0.11 CYS 700 C

CYS 700 C   8.45*    0 %    0.30  168   0.00    0   -0.85 TYR 694 C    0.00 XXX   0 X    0.00 XXX   0 X

CYS 726 C   9.88    17 %    0.95  330   0.00    0    0.00 XXX   0 X   -0.10 CYS 726 C    0.02 GLU 763 C

CYS 896 C  12.58    97 %    3.37  552   0.00    0    0.00 XXX   0 X    0.00 XXX   0 X   -0.00 ARG 893 C
CYS 896 C                                            0.00 XXX   0 X    0.00 XXX   0 X    0.21 GLU 898 C

CYS 906 C  12.45    85 %    2.94  519   0.00    0   -0.11 TYR 865 C    0.00 XXX   0 X   -0.05 ARG 893 C
CYS 906 C                                            0.00 XXX   0 X    0.00 XXX   0 X    0.27 ASP 905 C
CYS 906 C                                            0.00 XXX   0 X    0.00 XXX   0 X    0.41 CYS 915 C

CYS 915 C  11.00    42 %    2.00  398   0.00    0    0.00 XXX   0 X    0.00 XXX   0 X    0.00 XXX   0 X

TYR 694 C  11.86*    0 %    0.33  194   0.00    0    0.85 CYS 700 C    0.00 XXX   0 X    0.30 CYS 699 C
TYR 694 C                                            0.00 XXX   0 X    0.00 XXX   0 X    0.38 CYS 700 C

TYR 739 C  10.24     0 %    0.24  278   0.00    0    0.00 XXX   0 X    0.00 XXX   0 X    0.01 GLU1385 D
TYR 739 C                                            0.00 XXX   0 X    0.00 XXX   0 X    0.09 ASP1403 D
TYR 739 C                                            0.00 XXX   0 X    0.00 XXX   0 X   -0.10 LYS1381 D

TYR 774 C  10.60     0 %    0.38  195   0.00    0    0.00 XXX   0 X    0.00 XXX   0 X    0.09 GLU 698 C
TYR 774 C                                            0.00 XXX   0 X    0.00 XXX   0 X    0.13 CYS 699 C

TYR 775 C  10.16     0 %    0.16  209   0.00    0    0.00 XXX   0 X    0.00 XXX   0 X    0.01 ASP 716 C

TYR 776 C  10.17    23 %    1.00  346   0.00    0   -0.85 SER 786 C    0.00 XXX   0 X    0.02 GLU 763 C
TYR 776 C                                            0.00 XXX   0 X    0.00 XXX   0 X    0.19 ASP 785 C
TYR 776 C                                            0.00 XXX   0 X    0.00 XXX   0 X   -0.19 LYS 767 C

TYR 865 C  13.75    71 %    2.10  479   0.00    0    0.11 CYS 906 C    0.00 XXX   0 X    0.44 ASP 905 C
TYR 865 C                                            0.00 XXX   0 X    0.00 XXX   0 X    0.90 CYS 906 C
TYR 865 C                                            0.00 XXX   0 X    0.00 XXX   0 X    0.08 GLU 908 C
TYR 865 C                                            0.00 XXX   0 X    0.00 XXX   0 X    0.12 CYS 915 C

LYS 682 C  10.44     0 %   -0.06   94   0.00    0    0.00 XXX   0 X    0.00 XXX   0 X    0.00 XXX   0 X

LYS 707 C  11.15     0 %   -0.58  269   0.00    0    0.85 ASP 772 C    0.00 XXX   0 X    0.38 ASP 772 C

LYS 711 C  10.11     0 %   -0.39  260   0.00    0    0.00 XXX   0 X    0.00 XXX   0 X    0.03 ASP 716 C
LYS 711 C                                            0.00 XXX   0 X    0.00 XXX   0 X    0.19 ASP 772 C
LYS 711 C                                            0.00 XXX   0 X    0.00 XXX   0 X   -0.22 LYS 707 C

LYS 767 C  11.89    68 %   -2.08  472   0.00    0    0.85 GLU 763 C    0.00 XXX   0 X    0.03 ASP 716 C
LYS 767 C                                            0.85 ASP 785 C    0.00 XXX   0 X    0.03 ASP 720 C
LYS 767 C                                            0.00 XXX   0 X    0.00 XXX   0 X   -0.11 ARG 814 C
LYS 767 C                                            0.00 XXX   0 X    0.00 XXX   0 X    0.19 TYR 776 C
LYS 767 C                                            0.00 XXX   0 X    0.00 XXX   0 X    0.80 GLU 763 C
LYS 767 C                                            0.00 XXX   0 X    0.00 XXX   0 X    0.83 ASP 785 C

LYS 817 C   9.52    72 %   -2.09  482   0.00    0    0.85 ASP 785 C    0.00 XXX   0 X    0.04 ASP 720 C
LYS 817 C                                            0.00 XXX   0 X    0.00 XXX   0 X   -0.39 ARG 814 C
LYS 817 C                                            0.00 XXX   0 X    0.00 XXX   0 X   -0.80 LYS 767 C
LYS 817 C                                            0.00 XXX   0 X    0.00 XXX   0 X    0.56 GLU 763 C
LYS 817 C                                            0.00 XXX   0 X    0.00 XXX   0 X    0.85 ASP 785 C

LYS 820 C  10.38     0 %   -0.12  158   0.00    0    0.00 XXX   0 X    0.00 XXX   0 X    0.00 XXX   0 X

LYS 830 C  10.26     0 %   -0.16  236   0.00    0    0.00 XXX   0 X    0.00 XXX   0 X   -0.09 LYS 820 C

LYS 863 C   9.92    39 %   -1.51  391   0.00    0    0.47 ASP 152 B    0.00 XXX   0 X    0.00 ASP 870 C
LYS 863 C                                            0.00 XXX   0 X    0.00 XXX   0 X    0.46 ASP 152 B

ARG 689 C  12.20     0 %   -0.30  103   0.00    0    0.00 XXX   0 X    0.00 XXX   0 X    0.00 XXX   0 X

ARG 693 C  12.36     0 %   -0.14  150   0.00    0    0.00 XXX   0 X    0.00 XXX   0 X    0.00 XXX   0 X

ARG 800 C  12.43     0 %   -0.07   92   0.00    0    0.00 XXX   0 X    0.00 XXX   0 X    0.00 XXX   0 X

ARG 808 C  12.90    71 %   -1.33  479   0.00    0    0.73 GLU 737 C    0.00 XXX   0 X    0.07 GLU 746 C
ARG 808 C                                            0.00 XXX   0 X    0.00 XXX   0 X    0.05 GLU 795 C
ARG 808 C                                            0.00 XXX   0 X    0.00 XXX   0 X    0.01 TYR1434 D
ARG 808 C                                            0.00 XXX   0 X    0.00 XXX   0 X    0.87 GLU 737 C

ARG 811 C  11.86    73 %   -1.73  485   0.00    0    0.69 GLU 795 C    0.00 XXX   0 X    0.42 GLU 737 C
ARG 811 C                                            0.00 XXX   0 X    0.00 XXX   0 X   -0.61 ARG 808 C
ARG 811 C                                            0.00 XXX   0 X    0.00 XXX   0 X    0.59 GLU 795 C

ARG 814 C  10.96    74 %   -2.10  488   0.00    0    0.00 XXX   0 X    0.00 XXX   0 X    0.12 GLU 763 C
ARG 814 C                                            0.00 XXX   0 X    0.00 XXX   0 X    0.37 ASP 785 C
ARG 814 C                                            0.00 XXX   0 X    0.00 XXX   0 X    0.07 GLU 795 C

ARG 869 C  12.42     0 %   -0.17  230   0.00    0    0.00 XXX   0 X    0.00 XXX   0 X    0.06 ASP 870 C
ARG 869 C                                            0.00 XXX   0 X    0.00 XXX   0 X    0.01 ASP 872 C
ARG 869 C                                            0.00 XXX   0 X    0.00 XXX   0 X    0.02 GLU1441 D

ARG 878 C  13.57    61 %   -2.22  452   0.00    0    1.64 ASP1430 D    0.00 XXX   0 X    0.30 TYR1426 D
ARG 878 C                                            0.00 XXX   0 X    0.00 XXX   0 X    0.27 GLU1441 D
ARG 878 C                                            0.00 XXX   0 X    0.00 XXX   0 X    0.32 TYR1447 D
ARG 878 C                                            0.00 XXX   0 X    0.00 XXX   0 X    0.76 ASP1430 D

ARG 893 C  12.50    88 %   -2.19  527   0.00    0    0.00 XXX   0 X    0.00 XXX   0 X    0.30 ASP 372 B
ARG 893 C                                            0.00 XXX   0 X    0.00 XXX   0 X    0.18 CYS 373 B
ARG 893 C                                            0.00 XXX   0 X    0.00 XXX   0 X    0.00 CYS 896 C
ARG 893 C                                            0.00 XXX   0 X    0.00 XXX   0 X    0.43 GLU 898 C
ARG 893 C                                            0.00 XXX   0 X    0.00 XXX   0 X    0.26 GLU 901 C
ARG 893 C                                            0.00 XXX   0 X    0.00 XXX   0 X    0.27 ASP 905 C
ARG 893 C                                            0.00 XXX   0 X    0.00 XXX   0 X    0.05 CYS 906 C
ARG 893 C                                            0.00 XXX   0 X    0.00 XXX   0 X    0.69 TYR1426 D
ARG 893 C                                            0.00 XXX   0 X    0.00 XXX   0 X    0.01 TYR1447 D

N+  681 C   7.90     0 %   -0.10   96   0.00    0    0.00 XXX   0 X    0.00 XXX   0 X    0.00 XXX   0 X

ASP1163 D   3.54     0 %    0.22  175   0.00    0    0.00 XXX   0 X   -0.04 ASP1163 D   -0.13 N+ 1162 D
ASP1163 D                                            0.00 XXX   0 X    0.00 XXX   0 X   -0.28 LYS1162 D
ASP1163 D                                            0.00 XXX   0 X    0.00 XXX   0 X   -0.12 LYS1196 D
ASP1163 D                                            0.00 XXX   0 X    0.00 XXX   0 X    0.10 ASP1166 D

ASP1166 D   3.13    12 %    0.62  315   0.06    0   -0.85 LYS1196 D    0.00 XXX   0 X   -0.02 N+ 1162 D
ASP1166 D                                            0.00 XXX   0 X    0.00 XXX   0 X   -0.01 LYS1162 D
ASP1166 D                                            0.00 XXX   0 X    0.00 XXX   0 X   -0.05 ARG1195 D
ASP1166 D                                            0.00 XXX   0 X    0.00 XXX   0 X   -0.01 HIS1200 D
ASP1166 D                                            0.00 XXX   0 X    0.00 XXX   0 X   -0.41 LYS1196 D

ASP1182 D   2.24     0 %    0.35  164   0.00    0   -0.85 THR1184 D   -0.06 THR1183 D   -0.13 N+ 1162 D
ASP1182 D                                            0.00 XXX   0 X   -0.82 THR1184 D   -0.05 LYS1189 D

ASP1226 D   3.93    15 %    0.61  323   0.10    0    0.00 XXX   0 X   -0.48 ILE1227 D   -0.01 ARG1232 D
ASP1226 D                                            0.00 XXX   0 X   -0.09 TYR1228 D    0.00 XXX   0 X

ASP1243 D   3.13    62 %    1.28  454   0.24    0   -0.73 ARG1309 D    0.00 XXX   0 X   -0.12 LYS1236 D
ASP1243 D                                            0.00 XXX   0 X    0.00 XXX   0 X   -0.22 LYS1244 D
ASP1243 D                                            0.00 XXX   0 X    0.00 XXX   0 X   -0.01 ARG1303 D
ASP1243 D                                            0.00 XXX   0 X    0.00 XXX   0 X   -0.31 ARG1306 D
ASP1243 D                                            0.00 XXX   0 X    0.00 XXX   0 X   -0.81 ARG1309 D

ASP1275 D   1.39    78 %    2.45  500   0.28    0   -0.09 LYS1257 D    0.00 XXX   0 X   -1.18 LYS1257 D
ASP1275 D                                           -0.79 ARG1312 D    0.00 XXX   0 X   -0.88 ARG1312 D
ASP1275 D                                           -1.28 ARG1316 D    0.00 XXX   0 X   -0.92 ARG1316 D

ASP1280 D   4.58    23 %    0.65  346   0.13    0    0.00 XXX   0 X    0.00 XXX   0 X    0.00 XXX   0 X

ASP1370 D   3.58     0 %    0.17  210   0.00    0    0.00 XXX   0 X   -0.40 ASP1370 D    0.00 XXX   0 X

ASP1403 D   4.03    37 %    1.02  384   0.09    0    0.00 XXX   0 X   -0.69 GLY1358 D   -0.00 LYS1359 D
ASP1403 D                                            0.00 XXX   0 X    0.00 XXX   0 X   -0.19 LYS1397 D

ASP1423 D   4.96    60 %    0.94  448   0.20    0    0.00 XXX   0 X    0.00 XXX   0 X   -0.08 LYS1399 D
ASP1423 D                                            0.00 XXX   0 X    0.00 XXX   0 X   -0.01 LYS1419 D
ASP1423 D                                            0.00 XXX   0 X    0.00 XXX   0 X    0.05 GLU 375 B
ASP1423 D                                            0.00 XXX   0 X    0.00 XXX   0 X    0.06 ASP1714 D

ASP1430 D   2.32    61 %    2.50  453   0.70    0   -1.64 ARG 878 C   -0.82 GLU1441 D   -0.76 ARG 878 C
ASP1430 D                                           -0.73 ARG1362 D    0.00 XXX   0 X   -0.74 ARG1362 D

ASP1471 D   4.67    27 %    0.71  357   0.10    0   -0.13 GLN1475 D    0.00 XXX   0 X    0.19 C-  943 C

ASP1484 D   3.03     5 %    0.42  295   0.06    0   -0.85 LYS1492 D    0.00 XXX   0 X   -0.40 LYS1492 D

ASP1523 D   3.73     0 %    0.29  254   0.00    0    0.00 XXX   0 X    0.00 XXX   0 X   -0.03 LYS1508 D
ASP1523 D                                            0.00 XXX   0 X    0.00 XXX   0 X   -0.34 LYS1527 D
ASP1523 D                                            0.00 XXX   0 X    0.00 XXX   0 X    0.01 ASP1802 D

ASP1531 D   4.41    41 %    0.89  396   0.12    0    0.00 XXX   0 X    0.00 XXX   0 X   -0.24 LYS1578 D
ASP1531 D                                            0.00 XXX   0 X    0.00 XXX   0 X   -0.01 ARG1632 D
ASP1531 D                                            0.00 XXX   0 X    0.00 XXX   0 X   -0.39 ARG1635 D
ASP1531 D                                            0.00 XXX   0 X    0.00 XXX   0 X    0.21 GLU1574 D
ASP1531 D                                            0.00 XXX   0 X    0.00 XXX   0 X    0.02 ASP1595 D

ASP1550 D   4.45    48 %    1.50  417   0.00    0   -0.04 ARG 277 B   -0.03 ASP1551 D   -0.28 ARG 277 B
ASP1550 D                                           -0.85 LYS 343 B    0.00 XXX   0 X   -0.08 HIS 278 B
ASP1550 D                                            0.00 XXX   0 X    0.00 XXX   0 X    0.50 ASP 356 B
ASP1550 D                                            0.00 XXX   0 X    0.00 XXX   0 X   -0.60 LYS 343 B
ASP1550 D                                            0.00 XXX   0 X    0.00 XXX   0 X    0.52 ASP1551 D

ASP1551 D   2.80    18 %    0.50  331   0.00    0   -0.85 LYS 343 B    0.00 XXX   0 X   -0.13 ARG 277 B
ASP1551 D                                            0.00 XXX   0 X    0.00 XXX   0 X   -0.00 LYS1614 D
ASP1551 D                                            0.00 XXX   0 X    0.00 XXX   0 X   -0.02 HIS 278 B
ASP1551 D                                            0.00 XXX   0 X    0.00 XXX   0 X   -0.50 LYS 343 B

ASP1595 D   3.79    67 %    2.46  469   0.35    0   -0.83 ASN1592 D    0.00 XXX   0 X   -0.11 LYS1578 D
ASP1595 D                                           -0.81 ARG1635 D    0.00 XXX   0 X    0.38 GLU1574 D
ASP1595 D                                            0.00 XXX   0 X    0.00 XXX   0 X   -0.59 ARG1632 D
ASP1595 D                                            0.00 XXX   0 X    0.00 XXX   0 X   -0.85 ARG1635 D

ASP1610 D   2.80     0 %    0.24  242   0.00    0   -0.85 LYS1614 D    0.00 XXX   0 X   -0.01 ARG1626 D
ASP1610 D                                            0.00 XXX   0 X    0.00 XXX   0 X   -0.38 LYS1614 D

ASP1689 D   3.73    47 %    0.95  412   0.23    0    0.00 XXX   0 X   -0.77 ASP1690 D   -0.41 LYS 317 B
ASP1689 D                                            0.00 XXX   0 X    0.00 XXX   0 X   -0.06 ARG 383 B

ASP1690 D   4.53    34 %    0.63  376   0.00    0    0.00 XXX   0 X    0.00 XXX   0 X   -0.11 LYS 317 B
ASP1690 D                                            0.00 XXX   0 X    0.00 XXX   0 X   -0.19 ARG 383 B
ASP1690 D                                            0.00 XXX   0 X    0.00 XXX   0 X   -0.02 LYS 387 B
ASP1690 D                                            0.00 XXX   0 X    0.00 XXX   0 X    0.04 ASP 331 B
ASP1690 D                                            0.00 XXX   0 X    0.00 XXX   0 X    0.39 ASP1689 D

ASP1714 D   4.57    65 %    1.40  463   0.03    0    0.00 XXX   0 X   -0.11 ASP1714 D   -0.37 LYS1399 D
ASP1714 D                                            0.00 XXX   0 X   -0.23 GLY1715 D   -0.06 LYS1419 D
ASP1714 D                                            0.00 XXX   0 X    0.00 XXX   0 X    0.12 GLU 375 B

ASP1729 D   3.35     0 %    0.14  138   0.00    0    0.00 XXX   0 X   -0.59 ASP1729 D    0.00 XXX   0 X

ASP1741 D   4.00     0 %    0.24  230   0.00    0    0.00 XXX   0 X    0.00 XXX   0 X   -0.04 LYS1683 D
ASP1741 D                                            0.00 XXX   0 X    0.00 XXX   0 X   -0.00 ARG1739 D

ASP1789 D   1.67    30 %    1.07  366   0.00    0   -0.61 LYS1504 D   -0.50 ASP1790 D   -0.09 LYS1500 D
ASP1789 D                                           -0.85 LYS1872 D    0.00 XXX   0 X   -0.11 ARG1826 D
ASP1789 D                                            0.00 XXX   0 X    0.00 XXX   0 X   -0.49 LYS1504 D
ASP1789 D                                            0.00 XXX   0 X    0.00 XXX   0 X   -0.55 LYS1872 D

ASP1790 D   3.56    32 %    1.20  372   0.00    0   -0.84 ARG1826 D   -0.12 ASP1790 D   -0.03 LYS1500 D
ASP1790 D                                            0.00 XXX   0 X    0.00 XXX   0 X   -0.04 LYS1504 D
ASP1790 D                                            0.00 XXX   0 X    0.00 XXX   0 X   -0.40 LYS1872 D
ASP1790 D                                            0.00 XXX   0 X    0.00 XXX   0 X    0.30 ASP1789 D
ASP1790 D                                            0.00 XXX   0 X    0.00 XXX   0 X    0.10 ASP1869 D
ASP1790 D                                            0.00 XXX   0 X    0.00 XXX   0 X   -0.41 ARG1826 D

ASP1792 D   3.93    20 %    0.78  336   0.12    0    0.00 XXX   0 X   -0.84 ASP1789 D   -0.23 LYS1504 D
ASP1792 D                                            0.00 XXX   0 X    0.00 XXX   0 X   -0.03 LYS1505 D
ASP1792 D                                            0.00 XXX   0 X    0.00 XXX   0 X   -0.02 ARG1826 D
ASP1792 D                                            0.00 XXX   0 X    0.00 XXX   0 X   -0.14 LYS1872 D
ASP1792 D                                            0.00 XXX   0 X    0.00 XXX   0 X    0.30 ASP1789 D
ASP1792 D                                            0.00 XXX   0 X    0.00 XXX   0 X    0.05 ASP1790 D
ASP1792 D                                            0.00 XXX   0 X    0.00 XXX   0 X    0.14 GLU1876 D

ASP1802 D   3.19    25 %    0.71  351   0.10    0   -0.79 LYS1508 D    0.00 XXX   0 X   -0.14 ARG1512 D
ASP1802 D                                            0.00 XXX   0 X    0.00 XXX   0 X   -0.49 LYS1508 D

ASP1816 D   4.01     0 %    0.21  175   0.00    0    0.00 XXX   0 X    0.00 XXX   0 X    0.00 XXX   0 X

ASP1819 D   4.10     0 %    0.21  210   0.00    0    0.00 XXX   0 X    0.00 XXX   0 X    0.09 ASP1816 D

ASP1839 D   2.18     0 %    0.35  222   0.00    0   -1.38 ARG1860 D    0.00 XXX   0 X   -0.21 LYS1859 D
ASP1839 D                                            0.00 XXX   0 X    0.00 XXX   0 X   -0.38 ARG1860 D

ASP1846 D   4.01     0 %    0.21  165   0.00    0    0.00 XXX   0 X    0.00 XXX   0 X    0.00 XXX   0 X

ASP1852 D   4.14    14 %    0.53  320   0.04    0    0.00 XXX   0 X    0.00 XXX   0 X    0.01 ASP1839 D
ASP1852 D                                            0.00 XXX   0 X    0.00 XXX   0 X   -0.24 HIS1849 D

ASP1869 D   3.01     0 %    0.28  256   0.00    0    0.00 XXX   0 X   -0.72 GLY1866 D   -0.06 LYS1500 D
ASP1869 D                                            0.00 XXX   0 X   -0.24 ASP1869 D   -0.02 ARG1826 D
ASP1869 D                                            0.00 XXX   0 X    0.00 XXX   0 X   -0.03 LYS1872 D

GLU1165 D   3.55     0 %    0.31  258   0.00    0   -0.85 LYS1264 D    0.00 XXX   0 X   -0.05 ARG1195 D
GLU1165 D                                            0.00 XXX   0 X    0.00 XXX   0 X    0.02 ASP1166 D
GLU1165 D                                            0.00 XXX   0 X    0.00 XXX   0 X   -0.38 LYS1264 D

GLU1170 D   2.15     0 %    0.68  278   0.00    0   -0.66 THR1268 D   -0.64 TYR1266 D   -0.03 ARG1175 D
GLU1170 D                                            0.00 XXX   0 X   -0.73 PHE1267 D   -0.18 LYS1265 D
GLU1170 D                                            0.00 XXX   0 X   -0.79 THR1268 D    0.00 XXX   0 X

GLU1203 D   4.70     0 %    0.31  243   0.00    0    0.00 XXX   0 X    0.00 XXX   0 X   -0.02 LYS1265 D
GLU1203 D                                            0.00 XXX   0 X    0.00 XXX   0 X   -0.08 HIS1200 D

GLU1208 D   4.59    33 %    0.57  374   0.00    0    0.00 XXX   0 X    0.00 XXX   0 X   -0.19 LYS1257 D
GLU1208 D                                            0.00 XXX   0 X    0.00 XXX   0 X   -0.05 ARG1312 D
GLU1208 D                                            0.00 XXX   0 X    0.00 XXX   0 X   -0.49 ARG1316 D
GLU1208 D                                            0.00 XXX   0 X    0.00 XXX   0 X   -0.02 ARG1321 D
GLU1208 D                                            0.00 XXX   0 X    0.00 XXX   0 X    0.08 GLU1253 D
GLU1208 D                                            0.00 XXX   0 X    0.00 XXX   0 X    0.18 ASP1275 D

GLU1225 D   3.85    63 %    1.45  458   0.38    0   -1.37 ARG1306 D    0.00 XXX   0 X   -0.31 LYS1236 D
GLU1225 D                                            0.00 XXX   0 X    0.00 XXX   0 X   -0.08 ARG1309 D
GLU1225 D                                            0.00 XXX   0 X    0.00 XXX   0 X    0.09 ASP1243 D
GLU1225 D                                            0.00 XXX   0 X    0.00 XXX   0 X   -0.81 ARG1306 D

GLU1230 D   4.61     0 %    0.23  276   0.00    0    0.00 XXX   0 X    0.00 XXX   0 X   -0.01 LYS1233 D
GLU1230 D                                            0.00 XXX   0 X    0.00 XXX   0 X   -0.22 LYS1236 D
GLU1230 D                                            0.00 XXX   0 X    0.00 XXX   0 X    0.06 GLU1225 D
GLU1230 D                                            0.00 XXX   0 X    0.00 XXX   0 X    0.04 GLU1240 D
GLU1230 D                                            0.00 XXX   0 X    0.00 XXX   0 X    0.01 ASP1741 D

GLU1231 D   4.82     0 %    0.20  163   0.00    0    0.00 XXX   0 X    0.00 XXX   0 X    0.12 GLU1230 D

GLU1240 D   4.08    31 %    0.70  368   0.08    0   -0.85 LYS1236 D    0.00 XXX   0 X   -0.00 LYS1233 D
GLU1240 D                                            0.00 XXX   0 X    0.00 XXX   0 X   -0.12 LYS1244 D
GLU1240 D                                            0.00 XXX   0 X    0.00 XXX   0 X   -0.02 ARG1303 D
GLU1240 D                                            0.00 XXX   0 X    0.00 XXX   0 X   -0.18 ARG1306 D
GLU1240 D                                            0.00 XXX   0 X    0.00 XXX   0 X   -0.06 ARG1309 D
GLU1240 D                                            0.00 XXX   0 X    0.00 XXX   0 X    0.13 GLU1225 D
GLU1240 D                                            0.00 XXX   0 X    0.00 XXX   0 X    0.40 ASP1243 D
GLU1240 D                                            0.00 XXX   0 X    0.00 XXX   0 X   -0.50 LYS1236 D

GLU1253 D   2.79    88 %    3.16  528   0.18    0   -0.85 LYS1257 D    0.00 XXX   0 X   -0.44 ARG1316 D
GLU1253 D                                           -1.64 ARG1312 D    0.00 XXX   0 X   -1.35 LYS1257 D
GLU1253 D                                            0.00 XXX   0 X    0.00 XXX   0 X    0.64 ASP1275 D
GLU1253 D                                            0.00 XXX   0 X    0.00 XXX   0 X   -1.40 ARG1312 D

GLU1295 D   4.45     0 %    0.12  149   0.00    0    0.00 XXX   0 X    0.00 XXX   0 X   -0.16 ARG1303 D

GLU1318 D   3.82     7 %    0.42  301   0.01    0    0.00 XXX   0 X   -0.84 GLU1489 D   -0.19 ARG1321 D
GLU1318 D                                            0.00 XXX   0 X    0.00 XXX   0 X   -0.08 LYS1492 D
GLU1318 D                                            0.00 XXX   0 X    0.00 XXX   0 X   -0.02 LYS1493 D
GLU1318 D                                            0.00 XXX   0 X    0.00 XXX   0 X    0.02 ASP1484 D

GLU1368 D   4.57     0 %    0.07   98   0.00    0    0.00 XXX   0 X    0.00 XXX   0 X    0.00 XXX   0 X

GLU1385 D   3.61     9 %    0.37  306   0.02    0   -0.85 LYS1381 D    0.00 XXX   0 X   -0.42 LYS1381 D

GLU1392 D   4.64     0 %    0.14  168   0.00    0    0.00 XXX   0 X    0.00 XXX   0 X    0.00 XXX   0 X

GLU1435 D   4.58     0 %    0.11  147   0.00    0    0.00 XXX   0 X    0.00 XXX   0 X   -0.04 LYS1381 D
GLU1435 D                                            0.00 XXX   0 X    0.00 XXX   0 X    0.01 GLU1436 D

GLU1436 D   3.77     0 %    0.32  229   0.00    0   -0.68 ARG1432 D    0.00 XXX   0 X   -0.01 LYS1359 D
GLU1436 D                                            0.00 XXX   0 X    0.00 XXX   0 X   -0.37 ARG1432 D

GLU1441 D   5.02    52 %    1.14  427   0.13    0    0.00 XXX   0 X    0.00 XXX   0 X   -0.02 ARG 869 C
GLU1441 D                                            0.00 XXX   0 X    0.00 XXX   0 X   -0.27 ARG 878 C
GLU1441 D                                            0.00 XXX   0 X    0.00 XXX   0 X   -0.37 HIS 880 C
GLU1441 D                                            0.00 XXX   0 X    0.00 XXX   0 X    0.06 ASP 883 C
GLU1441 D                                            0.00 XXX   0 X    0.00 XXX   0 X   -0.31 HIS 886 C
GLU1441 D                                            0.00 XXX   0 X    0.00 XXX   0 X    0.18 ASP1430 D

GLU1489 D   4.66     0 %    0.15  213   0.00    0    0.00 XXX   0 X    0.00 XXX   0 X   -0.18 LYS1492 D
GLU1489 D                                            0.00 XXX   0 X    0.00 XXX   0 X   -0.25 LYS1493 D
GLU1489 D                                            0.00 XXX   0 X    0.00 XXX   0 X    0.17 GLU1318 D
GLU1489 D                                            0.00 XXX   0 X    0.00 XXX   0 X    0.05 ASP1484 D
GLU1489 D                                            0.00 XXX   0 X    0.00 XXX   0 X    0.09 GLU1490 D
GLU1489 D                                            0.00 XXX   0 X    0.00 XXX   0 X    0.12 GLU1867 D

GLU1490 D   4.52     0 %    0.17  218   0.00    0    0.00 XXX   0 X    0.00 XXX   0 X   -0.20 LYS1493 D
GLU1490 D                                            0.00 XXX   0 X    0.00 XXX   0 X    0.05 GLU1318 D

GLU1548 D   3.39    78 %    2.04  500   0.41    0   -1.60 ARG1629 D    0.00 XXX   0 X   -0.58 ARG1626 D
GLU1548 D                                            0.00 XXX   0 X    0.00 XXX   0 X   -1.37 ARG1629 D

GLU1555 D   4.57     0 %    0.07   73   0.00    0    0.00 XXX   0 X    0.00 XXX   0 X    0.00 XXX   0 X

GLU1574 D   1.61    78 %    2.50  499   0.23    0   -0.85 LYS1578 D    0.00 XXX   0 X   -0.96 LYS1578 D
GLU1574 D                                           -0.72 ARG1632 D    0.00 XXX   0 X   -1.04 ARG1632 D
GLU1574 D                                           -1.00 ARG1635 D    0.00 XXX   0 X   -1.05 ARG1635 D

GLU1685 D   4.75     0 %    0.25  258   0.00    0    0.00 XXX   0 X    0.00 XXX   0 X    0.00 XXX   0 X

GLU1773 D   4.13    61 %    2.01  453   0.00    0   -0.85 TYR1495 D    0.00 XXX   0 X   -0.01 LYS1477 D
GLU1773 D                                           -0.85 LYS1499 D    0.00 XXX   0 X   -0.68 LYS1499 D

GLU1780 D   3.50     0 %    0.23  251   0.00    0   -0.85 LYS 249 B    0.00 XXX   0 X   -0.38 LYS 249 B

GLU1781 D   4.66     0 %    0.10  187   0.00    0    0.00 XXX   0 X    0.00 XXX   0 X    0.06 GLU1780 D

GLU1784 D   4.58     0 %    0.08   70   0.00    0    0.00 XXX   0 X    0.00 XXX   0 X    0.00 XXX   0 X

GLU1788 D   4.31     0 %    0.18  176   0.00    0    0.00 XXX   0 X   -0.40 GLU1788 D   -0.03 ARG1826 D
GLU1788 D                                            0.00 XXX   0 X    0.00 XXX   0 X    0.07 ASP1792 D

GLU1796 D   4.65     0 %    0.22  271   0.00    0    0.00 XXX   0 X    0.00 XXX   0 X   -0.21 LYS1505 D
GLU1796 D                                            0.00 XXX   0 X    0.00 XXX   0 X   -0.18 LYS1800 D
GLU1796 D                                            0.00 XXX   0 X    0.00 XXX   0 X    0.08 ASP1792 D
GLU1796 D                                            0.00 XXX   0 X    0.00 XXX   0 X    0.24 GLU1799 D

GLU1799 D   3.52     0 %    0.36  249   0.00    0   -0.85 LYS1505 D    0.00 XXX   0 X   -0.06 LYS1508 D
GLU1799 D                                            0.00 XXX   0 X    0.00 XXX   0 X   -0.10 LYS1800 D
GLU1799 D                                            0.00 XXX   0 X    0.00 XXX   0 X    0.05 ASP1802 D
GLU1799 D                                            0.00 XXX   0 X    0.00 XXX   0 X   -0.38 LYS1505 D

GLU1804 D   4.69     0 %    0.19  244   0.00    0    0.00 XXX   0 X    0.00 XXX   0 X   -0.02 ARG1847 D
GLU1804 D                                            0.00 XXX   0 X    0.00 XXX   0 X    0.01 GLU1810 D

GLU1810 D   4.63     0 %    0.22  195   0.00    0   -0.05 SER1812 D    0.00 XXX   0 X   -0.13 ARG1847 D
GLU1810 D                                            0.00 XXX   0 X    0.00 XXX   0 X    0.08 ASP1846 D

GLU1823 D   3.03     0 %    0.29  209   0.00    0   -0.53 GLN1832 D    0.00 XXX   0 X   -0.38 LYS1829 D
GLU1823 D                                           -0.85 LYS1829 D    0.00 XXX   0 X    0.00 XXX   0 X

GLU1864 D   4.54     0 %    0.04   77   0.00    0    0.00 XXX   0 X    0.00 XXX   0 X    0.00 XXX   0 X

GLU1867 D   4.39     0 %    0.19  231   0.00    0    0.00 XXX   0 X    0.00 XXX   0 X   -0.19 LYS1492 D
GLU1867 D                                            0.00 XXX   0 X    0.00 XXX   0 X   -0.19 LYS1493 D
GLU1867 D                                            0.00 XXX   0 X    0.00 XXX   0 X    0.07 ASP1484 D

GLU1876 D   3.70    54 %    2.09  433   0.17    0   -0.85 LYS1504 D    0.00 XXX   0 X   -0.05 LYS1500 D
GLU1876 D                                           -0.69 TYR1795 D    0.00 XXX   0 X    0.13 ASP1790 D
GLU1876 D                                           -0.85 LYS1872 D    0.00 XXX   0 X   -0.61 LYS1504 D
GLU1876 D                                            0.00 XXX   0 X    0.00 XXX   0 X    0.51 ASP1789 D
GLU1876 D                                            0.00 XXX   0 X    0.00 XXX   0 X   -0.64 LYS1872 D

GLU1877 D   4.83     2 %    0.33  288   0.01    0    0.00 XXX   0 X    0.00 XXX   0 X   -0.01 LYS1878 D

C- 1882 D   3.58    31 %    0.64  367   0.00    0    0.00 XXX   0 X    0.00 XXX   0 X   -0.26 ARG1512 D

HIS1200 D   6.26     0 %   -0.23  216   0.00    0    0.00 XXX   0 X    0.00 XXX   0 X   -0.01 ARG1193 D
HIS1200 D                                            0.00 XXX   0 X    0.00 XXX   0 X   -0.09 LYS1196 D
HIS1200 D                                            0.00 XXX   0 X    0.00 XXX   0 X    0.01 ASP1166 D
HIS1200 D                                            0.00 XXX   0 X    0.00 XXX   0 X    0.08 GLU1203 D

HIS1204 D   6.20     0 %   -0.30  194   0.00    0    0.00 XXX   0 X    0.00 XXX   0 X    0.00 XXX   0 X

HIS1584 D   5.91     0 %   -0.31  224   0.00    0    0.00 XXX   0 X    0.00 XXX   0 X   -0.29 ARG1583 D

HIS1849 D   5.89    23 %   -0.85  345   0.00    0    0.00 XXX   0 X    0.00 XXX   0 X    0.24 ASP1852 D

CYS1167 D  10.19    35 %    1.53  378   0.00    0    0.00 XXX   0 X   -0.02 PHE1168 D   -0.05 ARG1195 D
CYS1167 D                                            0.00 XXX   0 X    0.00 XXX   0 X   -0.12 LYS1264 D
CYS1167 D                                            0.00 XXX   0 X    0.00 XXX   0 X   -0.33 LYS1265 D
CYS1167 D                                            0.00 XXX   0 X    0.00 XXX   0 X    0.04 GLU1165 D
CYS1167 D                                            0.00 XXX   0 X    0.00 XXX   0 X    0.04 ASP1166 D
CYS1167 D                                            0.00 XXX   0 X    0.00 XXX   0 X    0.04 GLU1170 D
CYS1167 D                                            0.00 XXX   0 X    0.00 XXX   0 X    0.05 CYS1178 D
CYS1167 D                                            0.00 XXX   0 X    0.00 XXX   0 X    0.01 GLU1203 D

CYS1172 D   8.85     0 %    0.25  130   0.00    0   -0.09 ARG1175 D    0.00 XXX   0 X   -0.31 ARG1175 D

CYS1176 D   9.12     0 %    0.13  112   0.00    0    0.00 XXX   0 X   -0.02 CYS1176 D    0.00 XXX   0 X

CYS1178 D   9.59     0 %    0.52  227   0.00    0    0.00 XXX   0 X   -0.13 CYS1178 D   -0.11 LYS1264 D
CYS1178 D                                            0.00 XXX   0 X    0.00 XXX   0 X    0.22 GLU1165 D
CYS1178 D                                            0.00 XXX   0 X    0.00 XXX   0 X    0.05 ASP1166 D
CYS1178 D                                            0.00 XXX   0 X    0.00 XXX   0 X    0.04 CYS1179 D

CYS1179 D   9.32     0 %    0.20  155   0.00    0    0.00 XXX   0 X   -0.02 ALA1180 D   -0.01 N+ 1162 D
CYS1179 D                                            0.00 XXX   0 X    0.00 XXX   0 X   -0.02 LYS1264 D
CYS1179 D                                            0.00 XXX   0 X    0.00 XXX   0 X    0.15 GLU1165 D
CYS1179 D                                            0.00 XXX   0 X    0.00 XXX   0 X    0.01 ASP1182 D

CYS1198 D   9.95    13 %    0.96  317   0.00    0    0.00 XXX   0 X    0.00 XXX   0 X   -0.01 ARG1195 D

CYS1272 D   9.85    30 %    0.83  366   0.00    0   -0.01 ASN1269 D    0.00 XXX   0 X   -0.09 LYS1257 D
CYS1272 D                                            0.00 XXX   0 X    0.00 XXX   0 X   -0.11 LYS1265 D
CYS1272 D                                            0.00 XXX   0 X    0.00 XXX   0 X   -0.11 ARG1316 D
CYS1272 D                                            0.00 XXX   0 X    0.00 XXX   0 X   -0.06 ARG1321 D
CYS1272 D                                            0.00 XXX   0 X    0.00 XXX   0 X    0.14 GLU1170 D
CYS1272 D                                            0.00 XXX   0 X    0.00 XXX   0 X    0.03 GLU1208 D
CYS1272 D                                            0.00 XXX   0 X    0.00 XXX   0 X    0.24 ASP1275 D

CYS1341 D  11.46    93 %    2.89  541   0.00    0   -0.44 THR1461 D    0.00 XXX   0 X    0.00 XXX   0 X

CYS1363 D  11.32*   35 %    1.35  378   0.00    0    0.40 CYS1384 D    0.00 XXX   0 X   -0.02 ARG1362 D
CYS1363 D                                            0.00 XXX   0 X    0.00 XXX   0 X   -0.05 LYS1381 D
CYS1363 D                                            0.00 XXX   0 X    0.00 XXX   0 X    0.13 GLU1385 D
CYS1363 D                                            0.00 XXX   0 X    0.00 XXX   0 X    0.51 CYS1384 D

CYS1384 D   9.53*   31 %    1.26  367   0.00    0   -0.38 GLN1437 D    0.00 XXX   0 X   -0.07 LYS1381 D
CYS1384 D                                           -0.40 CYS1363 D    0.00 XXX   0 X    0.12 GLU1385 D

CYS1539 D   9.73    25 %    0.79  350   0.00    0    0.00 XXX   0 X   -0.05 CYS1539 D    0.00 XXX   0 X

CYS1575 D   9.65*   59 %    2.19  446   0.00    0   -0.44 TYR1586 D    0.00 XXX   0 X   -0.22 LYS1578 D
CYS1575 D                                           -0.73 ARG1632 D    0.00 XXX   0 X   -0.19 ARG1635 D
CYS1575 D                                            0.00 XXX   0 X    0.00 XXX   0 X    0.17 ASP1595 D
CYS1575 D                                            0.00 XXX   0 X    0.00 XXX   0 X    0.54 GLU1574 D
CYS1575 D                                            0.00 XXX   0 X    0.00 XXX   0 X   -0.68 ARG1632 D

CYS1703 D  12.57    93 %    3.67  542   0.00    0    0.00 XXX   0 X   -0.11 CYS1703 D    0.00 XXX   0 X

CYS1728 D   9.56     0 %    0.58  240   0.00    0   -0.19 SER1738 D    0.00 XXX   0 X   -0.02 LYS1683 D
CYS1728 D                                            0.00 XXX   0 X    0.00 XXX   0 X   -0.01 ARG1739 D
CYS1728 D                                            0.00 XXX   0 X    0.00 XXX   0 X    0.12 ASP1729 D
CYS1728 D                                            0.00 XXX   0 X    0.00 XXX   0 X    0.07 ASP1741 D

CYS1742 D  10.61    43 %    1.63  403   0.00    0    0.00 XXX   0 X    0.00 XXX   0 X   -0.10 ARG1739 D
CYS1742 D                                            0.00 XXX   0 X    0.00 XXX   0 X    0.05 CYS1728 D
CYS1742 D                                            0.00 XXX   0 X    0.00 XXX   0 X    0.03 ASP1741 D

CYS1850 D  11.61    72 %    2.70  484   0.00    0    0.00 XXX   0 X    0.00 XXX   0 X   -0.12 ARG1512 D
CYS1850 D                                            0.00 XXX   0 X    0.00 XXX   0 X    0.01 ASP1852 D
CYS1850 D                                            0.00 XXX   0 X    0.00 XXX   0 X    0.03 C- 1882 D

TYR1199 D  10.83     2 %    0.30  288   0.00    0    0.00 XXX   0 X    0.00 XXX   0 X    0.12 ASP1166 D
TYR1199 D                                            0.00 XXX   0 X    0.00 XXX   0 X    0.14 CYS1167 D
TYR1199 D                                            0.00 XXX   0 X    0.00 XXX   0 X    0.35 GLU1203 D
TYR1199 D                                            0.00 XXX   0 X    0.00 XXX   0 X   -0.08 LYS1196 D

TYR1228 D  10.18     0 %    0.16  116   0.00    0    0.00 XXX   0 X    0.00 XXX   0 X    0.02 ASP1226 D

TYR1241 D  10.12     0 %    0.12  129   0.00    0    0.00 XXX   0 X    0.00 XXX   0 X    0.00 XXX   0 X

TYR1248 D  10.08     0 %    0.19  225   0.00    0    0.00 XXX   0 X    0.00 XXX   0 X   -0.11 LYS1244 D

TYR1261 D  11.61    26 %    0.87  354   0.00    0    0.00 XXX   0 X    0.00 XXX   0 X    0.16 CYS1167 D
TYR1261 D                                            0.00 XXX   0 X    0.00 XXX   0 X    0.31 GLU1203 D
TYR1261 D                                            0.00 XXX   0 X    0.00 XXX   0 X    0.01 GLU1208 D
TYR1261 D                                            0.00 XXX   0 X    0.00 XXX   0 X    0.25 TYR1199 D

TYR1266 D  12.97    63 %    1.99  459   0.00    0    0.00 XXX   0 X    0.00 XXX   0 X    0.12 CYS1167 D
TYR1266 D                                            0.00 XXX   0 X    0.00 XXX   0 X    0.07 GLU1170 D
TYR1266 D                                            0.00 XXX   0 X    0.00 XXX   0 X    0.02 GLU1208 D
TYR1266 D                                            0.00 XXX   0 X    0.00 XXX   0 X    0.12 GLU1253 D
TYR1266 D                                            0.00 XXX   0 X    0.00 XXX   0 X    0.18 CYS1272 D
TYR1266 D                                            0.00 XXX   0 X    0.00 XXX   0 X    0.32 ASP1275 D
TYR1266 D                                            0.00 XXX   0 X    0.00 XXX   0 X   -0.08 ARG1316 D
TYR1266 D                                            0.00 XXX   0 X    0.00 XXX   0 X    0.24 TYR1261 D

TYR1375 D  10.16     0 %    0.29  221   0.00    0    0.00 XXX   0 X    0.00 XXX   0 X   -0.37 ARG1432 D
TYR1375 D                                            0.00 XXX   0 X    0.00 XXX   0 X    0.19 GLU1436 D
TYR1375 D                                            0.00 XXX   0 X    0.00 XXX   0 X    0.06 TYR1442 D

TYR1394 D  10.17     0 %    0.14  238   0.00    0    0.00 XXX   0 X    0.00 XXX   0 X    0.03 ASP1370 D

TYR1409 D  12.29    62 %    2.21  455   0.00    0    0.00 XXX   0 X    0.00 XXX   0 X    0.07 CYS1341 D

TYR1426 D  11.26    69 %    2.12  475   0.00    0   -0.43 TRP 879 C    0.00 XXX   0 X   -0.30 ARG 878 C
TYR1426 D                                            0.00 XXX   0 X    0.00 XXX   0 X   -0.69 ARG 893 C
TYR1426 D                                            0.00 XXX   0 X    0.00 XXX   0 X    0.01 GLU 898 C
TYR1426 D                                            0.00 XXX   0 X    0.00 XXX   0 X    0.15 GLU 901 C
TYR1426 D                                            0.00 XXX   0 X    0.00 XXX   0 X    0.21 ASP 905 C
TYR1426 D                                            0.00 XXX   0 X    0.00 XXX   0 X    0.16 ASP1423 D
TYR1426 D                                            0.00 XXX   0 X    0.00 XXX   0 X    0.02 ASP1430 D
TYR1426 D                                            0.00 XXX   0 X    0.00 XXX   0 X    0.01 GLU1441 D

TYR1434 D  11.37    33 %    1.06  373   0.00    0    0.00 XXX   0 X    0.00 XXX   0 X   -0.01 ARG 808 C
TYR1434 D                                            0.00 XXX   0 X    0.00 XXX   0 X    0.08 ASP1403 D
TYR1434 D                                            0.00 XXX   0 X    0.00 XXX   0 X    0.25 TYR 739 C

TYR1442 D  10.07     0 %    0.22  222   0.00    0   -0.01 ARG1432 D    0.00 XXX   0 X   -0.34 ARG1432 D
TYR1442 D                                            0.00 XXX   0 X    0.00 XXX   0 X    0.19 GLU1436 D

TYR1445 D  10.09     0 %    0.09  149   0.00    0    0.00 XXX   0 X    0.00 XXX   0 X    0.00 XXX   0 X

TYR1447 D  12.49    66 %    2.05  465   0.00    0    0.00 XXX   0 X    0.00 XXX   0 X   -0.32 ARG 878 C
TYR1447 D                                            0.00 XXX   0 X    0.00 XXX   0 X    0.02 ASP 883 C
TYR1447 D                                            0.00 XXX   0 X    0.00 XXX   0 X   -0.01 ARG 893 C
TYR1447 D                                            0.00 XXX   0 X    0.00 XXX   0 X    0.16 ASP1430 D
TYR1447 D                                            0.00 XXX   0 X    0.00 XXX   0 X    0.36 GLU1441 D
TYR1447 D                                            0.00 XXX   0 X    0.00 XXX   0 X    0.22 TYR1426 D

TYR1449 D  14.05   100 %    4.05  582   0.00    0    0.00 XXX   0 X    0.00 XXX   0 X    0.00 XXX   0 X

TYR1494 D  10.89    35 %    0.89  380   0.00    0    0.00 XXX   0 X    0.00 XXX   0 X    0.00 XXX   0 X

TYR1495 D  11.72    53 %    1.54  431   0.00    0   -0.75 LYS1499 D    0.00 XXX   0 X   -0.64 LYS1499 D
TYR1495 D                                            0.85 GLU1773 D    0.00 XXX   0 X    0.72 GLU1773 D

TYR1517 D  10.08     0 %    0.08  138   0.00    0    0.00 XXX   0 X    0.00 XXX   0 X    0.00 XXX   0 X

TYR1585 D  10.38    41 %    0.85  395   0.00    0   -0.46 SER1590 D    0.00 XXX   0 X    0.04 ASP1595 D
TYR1585 D                                            0.00 XXX   0 X    0.00 XXX   0 X   -0.02 ARG1635 D
TYR1585 D                                            0.00 XXX   0 X    0.00 XXX   0 X   -0.03 ARG1638 D

TYR1586 D  13.11*   58 %    1.75  443   0.00    0    0.44 CYS1575 D    0.00 XXX   0 X    0.43 GLU1574 D
TYR1586 D                                            0.00 XXX   0 X    0.00 XXX   0 X    0.21 ASP1595 D
TYR1586 D                                            0.00 XXX   0 X    0.00 XXX   0 X   -0.27 ARG1632 D
TYR1586 D                                            0.00 XXX   0 X    0.00 XXX   0 X   -0.21 ARG1635 D
TYR1586 D                                            0.00 XXX   0 X    0.00 XXX   0 X    0.03 TYR1585 D
TYR1586 D                                            0.00 XXX   0 X    0.00 XXX   0 X    0.73 CYS1575 D

TYR1615 D  10.24     0 %    0.24  192   0.00    0    0.00 XXX   0 X    0.00 XXX   0 X    0.00 XXX   0 X

TYR1671 D  10.96    49 %    1.81  419   0.00    0   -0.85 THR1754 D    0.00 XXX   0 X    0.00 XXX   0 X

TYR1681 D  10.87    29 %    0.55  363   0.00    0    0.00 XXX   0 X    0.00 XXX   0 X    0.11 GLU1225 D
TYR1681 D                                            0.00 XXX   0 X    0.00 XXX   0 X    0.18 GLU1230 D
TYR1681 D                                            0.00 XXX   0 X    0.00 XXX   0 X   -0.04 ARG1306 D
TYR1681 D                                            0.00 XXX   0 X    0.00 XXX   0 X    0.09 ASP1741 D
TYR1681 D                                            0.00 XXX   0 X    0.00 XXX   0 X    0.01 CYS1742 D
TYR1681 D                                            0.00 XXX   0 X    0.00 XXX   0 X   -0.04 LYS1236 D

TYR1727 D  10.62     6 %    0.69  298   0.00    0    0.00 XXX   0 X   -0.70 ASP1741 D    0.31 CYS1728 D
TYR1727 D                                            0.00 XXX   0 X   -0.17 CYS1742 D   -0.03 ARG1739 D
TYR1727 D                                            0.00 XXX   0 X    0.00 XXX   0 X    0.31 ASP1741 D
TYR1727 D                                            0.00 XXX   0 X    0.00 XXX   0 X    0.21 CYS1742 D

TYR1755 D  11.73    76 %    2.44  493   0.00    0   -0.85 THR1708 D    0.00 XXX   0 X    0.13 TYR1671 D

TYR1767 D  12.20    94 %    2.48  545   0.00    0   -0.28 ASN 406 B    0.00 XXX   0 X    0.00 XXX   0 X

TYR1795 D  13.76    53 %    2.13  430   0.00    0    0.69 GLU1876 D    0.00 XXX   0 X    0.14 ASP1789 D
TYR1795 D                                            0.00 XXX   0 X    0.00 XXX   0 X    0.10 ASP1792 D
TYR1795 D                                            0.00 XXX   0 X    0.00 XXX   0 X    0.68 GLU1876 D

TYR1811 D  10.40     0 %    0.34  255   0.00    0    0.00 XXX   0 X    0.00 XXX   0 X    0.07 ASP1846 D

LYS1162 D  10.58     0 %   -0.15  166   0.00    0    0.00 XXX   0 X    0.00 XXX   0 X    0.28 ASP1163 D
LYS1162 D                                            0.00 XXX   0 X    0.00 XXX   0 X    0.01 ASP1166 D
LYS1162 D                                            0.00 XXX   0 X    0.00 XXX   0 X   -0.05 LYS1196 D

LYS1189 D  10.23     0 %   -0.31  135   0.00    0    0.00 XXX   0 X    0.00 XXX   0 X    0.05 ASP1182 D
LYS1189 D                                            0.00 XXX   0 X    0.00 XXX   0 X   -0.01 LYS1162 D

LYS1196 D  11.46     2 %   -0.50  288   0.00    0    0.85 ASP1166 D    0.00 XXX   0 X    0.12 ASP1163 D
LYS1196 D                                            0.00 XXX   0 X    0.00 XXX   0 X    0.08 TYR1199 D
LYS1196 D                                            0.00 XXX   0 X    0.00 XXX   0 X    0.41 ASP1166 D

LYS1233 D  10.37     0 %   -0.13  140   0.00    0    0.00 XXX   0 X    0.00 XXX   0 X    0.01 GLU1230 D
LYS1233 D                                            0.00 XXX   0 X    0.00 XXX   0 X    0.00 GLU1240 D
LYS1233 D                                            0.00 XXX   0 X    0.00 XXX   0 X   -0.01 LYS1236 D

LYS1236 D  11.59    25 %   -0.73  352   0.00    0    0.85 GLU1240 D    0.00 XXX   0 X    0.31 GLU1225 D
LYS1236 D                                            0.00 XXX   0 X    0.00 XXX   0 X    0.22 GLU1230 D
LYS1236 D                                            0.00 XXX   0 X    0.00 XXX   0 X    0.12 ASP1243 D
LYS1236 D                                            0.00 XXX   0 X    0.00 XXX   0 X   -0.21 ARG1306 D
LYS1236 D                                            0.00 XXX   0 X    0.00 XXX   0 X    0.04 TYR1681 D
LYS1236 D                                            0.00 XXX   0 X    0.00 XXX   0 X    0.50 GLU1240 D

LYS1244 D  10.49    16 %   -0.43  327   0.00    0    0.00 XXX   0 X    0.00 XXX   0 X    0.12 GLU1240 D
LYS1244 D                                            0.00 XXX   0 X    0.00 XXX   0 X    0.22 ASP1243 D
LYS1244 D                                            0.00 XXX   0 X    0.00 XXX   0 X   -0.02 ARG1303 D
LYS1244 D                                            0.00 XXX   0 X    0.00 XXX   0 X   -0.01 ARG1309 D
LYS1244 D                                            0.00 XXX   0 X    0.00 XXX   0 X    0.11 TYR1248 D

LYS1257 D  10.46    88 %   -2.41  527   0.00    0    0.85 GLU1253 D    0.00 XXX   0 X    0.19 GLU1208 D
LYS1257 D                                            0.09 ASP1275 D    0.00 XXX   0 X    0.09 CYS1272 D
LYS1257 D                                            0.00 XXX   0 X    0.00 XXX   0 X   -0.76 ARG1312 D
LYS1257 D                                            0.00 XXX   0 X    0.00 XXX   0 X   -0.62 ARG1316 D
LYS1257 D                                            0.00 XXX   0 X    0.00 XXX   0 X    1.35 GLU1253 D
LYS1257 D                                            0.00 XXX   0 X    0.00 XXX   0 X    1.18 ASP1275 D

LYS1264 D  11.47     2 %   -0.39  287   0.00    0    0.85 GLU1165 D    0.00 XXX   0 X    0.12 CYS1167 D
LYS1264 D                                            0.00 XXX   0 X    0.00 XXX   0 X   -0.01 ARG1175 D
LYS1264 D                                            0.00 XXX   0 X    0.00 XXX   0 X    0.11 CYS1178 D
LYS1264 D                                            0.00 XXX   0 X    0.00 XXX   0 X    0.02 CYS1179 D
LYS1264 D                                            0.00 XXX   0 X    0.00 XXX   0 X   -0.10 ARG1195 D
LYS1264 D                                            0.00 XXX   0 X    0.00 XXX   0 X    0.38 GLU1165 D

LYS1265 D  10.65    18 %   -0.50  331   0.00    0    0.00 XXX   0 X    0.00 XXX   0 X    0.33 CYS1167 D
LYS1265 D                                            0.00 XXX   0 X    0.00 XXX   0 X    0.18 GLU1170 D
LYS1265 D                                            0.00 XXX   0 X    0.00 XXX   0 X    0.02 GLU1203 D
LYS1265 D                                            0.00 XXX   0 X    0.00 XXX   0 X    0.11 CYS1272 D

LYS1300 D  10.26     0 %   -0.16  130   0.00    0    0.00 XXX   0 X    0.00 XXX   0 X   -0.09 ARG1303 D

LYS1359 D   9.27    52 %   -1.24  426   0.00    0    0.00 XXX   0 X    0.00 XXX   0 X    0.00 ASP1403 D
LYS1359 D                                            0.00 XXX   0 X    0.00 XXX   0 X    0.01 GLU1436 D

LYS1381 D  11.51    15 %   -0.52  323   0.00    0    0.85 GLU1385 D    0.00 XXX   0 X    0.05 CYS1363 D
LYS1381 D                                            0.00 XXX   0 X    0.00 XXX   0 X    0.07 CYS1384 D
LYS1381 D                                            0.00 XXX   0 X    0.00 XXX   0 X    0.04 GLU1435 D
LYS1381 D                                            0.00 XXX   0 X    0.00 XXX   0 X    0.10 TYR 739 C
LYS1381 D                                            0.00 XXX   0 X    0.00 XXX   0 X    0.42 GLU1385 D

LYS1397 D   9.49    42 %   -1.15  399   0.00    0    0.00 XXX   0 X    0.00 XXX   0 X    0.19 ASP1403 D
LYS1397 D                                            0.00 XXX   0 X    0.00 XXX   0 X   -0.04 LYS1399 D

LYS1399 D  10.44    37 %   -0.51  385   0.00    0    0.00 XXX   0 X    0.00 XXX   0 X    0.08 ASP1423 D
LYS1399 D                                            0.00 XXX   0 X    0.00 XXX   0 X    0.37 ASP1714 D

LYS1419 D  11.44    75 %   -1.80  490   0.00    0    0.85 GLU 375 B    0.00 XXX   0 X    0.18 ASP 372 B
LYS1419 D                                            0.00 XXX   0 X    0.00 XXX   0 X    0.23 CYS 373 B
LYS1419 D                                            0.00 XXX   0 X    0.00 XXX   0 X    0.43 GLU 898 C
LYS1419 D                                            0.00 XXX   0 X    0.00 XXX   0 X    0.01 ASP1423 D
LYS1419 D                                            0.00 XXX   0 X    0.00 XXX   0 X    0.06 ASP1714 D
LYS1419 D                                            0.00 XXX   0 X    0.00 XXX   0 X    0.97 GLU 375 B

LYS1477 D   9.95    22 %   -0.51  344   0.00    0    0.00 XXX   0 X    0.00 XXX   0 X    0.01 C-  943 C
LYS1477 D                                            0.00 XXX   0 X    0.00 XXX   0 X    0.01 GLU1773 D
LYS1477 D                                            0.00 XXX   0 X    0.00 XXX   0 X   -0.06 LYS1478 D

LYS1478 D  10.42     0 %   -0.08  132   0.00    0    0.00 XXX   0 X    0.00 XXX   0 X    0.00 XXX   0 X

LYS1479 D  10.44     0 %   -0.06  124   0.00    0    0.00 XXX   0 X    0.00 XXX   0 X    0.00 XXX   0 X

LYS1492 D  11.67     6 %   -0.52  298   0.00    0    0.85 ASP1484 D    0.00 XXX   0 X    0.08 GLU1318 D
LYS1492 D                                            0.00 XXX   0 X    0.00 XXX   0 X    0.18 GLU1489 D
LYS1492 D                                            0.00 XXX   0 X    0.00 XXX   0 X    0.19 GLU1867 D
LYS1492 D                                            0.00 XXX   0 X    0.00 XXX   0 X    0.40 ASP1484 D

LYS1493 D  10.76     0 %   -0.30  247   0.00    0    0.00 XXX   0 X    0.00 XXX   0 X    0.02 GLU1318 D
LYS1493 D                                            0.00 XXX   0 X    0.00 XXX   0 X    0.25 GLU1489 D
LYS1493 D                                            0.00 XXX   0 X    0.00 XXX   0 X    0.20 GLU1490 D
LYS1493 D                                            0.00 XXX   0 X    0.00 XXX   0 X    0.19 GLU1867 D
LYS1493 D                                            0.00 XXX   0 X    0.00 XXX   0 X   -0.09 LYS1492 D

LYS1499 D  11.80    45 %   -1.62  407   0.00    0    0.75 TYR1495 D    0.00 XXX   0 X    0.64 TYR1495 D
LYS1499 D                                            0.85 GLU1773 D    0.00 XXX   0 X    0.68 GLU1773 D

LYS1500 D  10.09    12 %   -0.46  314   0.00    0    0.00 XXX   0 X    0.00 XXX   0 X    0.09 ASP1789 D
LYS1500 D                                            0.00 XXX   0 X    0.00 XXX   0 X    0.03 ASP1790 D
LYS1500 D                                            0.00 XXX   0 X    0.00 XXX   0 X    0.06 ASP1869 D
LYS1500 D                                            0.00 XXX   0 X    0.00 XXX   0 X    0.05 GLU1876 D
LYS1500 D                                            0.00 XXX   0 X    0.00 XXX   0 X   -0.02 LYS1504 D
LYS1500 D                                            0.00 XXX   0 X    0.00 XXX   0 X   -0.15 LYS1872 D

LYS1504 D  11.45    37 %   -1.43  386   0.00    0    0.61 ASP1789 D    0.00 XXX   0 X    0.04 ASP1790 D
LYS1504 D                                            0.85 GLU1876 D    0.00 XXX   0 X    0.23 ASP1792 D
LYS1504 D                                            0.00 XXX   0 X    0.00 XXX   0 X   -0.45 LYS1872 D
LYS1504 D                                            0.00 XXX   0 X    0.00 XXX   0 X    0.49 ASP1789 D
LYS1504 D                                            0.00 XXX   0 X    0.00 XXX   0 X    0.61 GLU1876 D

LYS1505 D  11.66     0 %   -0.31  247   0.00    0    0.85 GLU1799 D    0.00 XXX   0 X    0.03 ASP1792 D
LYS1505 D                                            0.00 XXX   0 X    0.00 XXX   0 X    0.21 GLU1796 D
LYS1505 D                                            0.00 XXX   0 X    0.00 XXX   0 X    0.38 GLU1799 D

LYS1508 D  11.11    28 %   -0.67  359   0.00    0    0.79 ASP1802 D    0.00 XXX   0 X   -0.07 ARG1512 D
LYS1508 D                                            0.00 XXX   0 X    0.00 XXX   0 X    0.03 ASP1523 D
LYS1508 D                                            0.00 XXX   0 X    0.00 XXX   0 X    0.06 GLU1799 D
LYS1508 D                                            0.00 XXX   0 X    0.00 XXX   0 X   -0.02 LYS1505 D
LYS1508 D                                            0.00 XXX   0 X    0.00 XXX   0 X    0.49 ASP1802 D

LYS1516 D  10.22     0 %   -0.24  216   0.00    0    0.00 XXX   0 X    0.00 XXX   0 X   -0.04 ARG1512 D

LYS1527 D  10.64     0 %   -0.20  162   0.00    0    0.00 XXX   0 X    0.00 XXX   0 X    0.34 ASP1523 D

LYS1556 D  10.43     0 %   -0.07  120   0.00    0    0.00 XXX   0 X    0.00 XXX   0 X    0.00 XXX   0 X

LYS1562 D  10.29     0 %   -0.21  135   0.00    0    0.00 XXX   0 X    0.00 XXX   0 X    0.00 XXX   0 X

LYS1578 D  10.06    70 %   -2.06  476   0.00    0    0.85 GLU1574 D    0.00 XXX   0 X    0.24 ASP1531 D
LYS1578 D                                            0.00 XXX   0 X    0.00 XXX   0 X    0.22 CYS1575 D
LYS1578 D                                            0.00 XXX   0 X    0.00 XXX   0 X    0.11 ASP1595 D
LYS1578 D                                            0.00 XXX   0 X    0.00 XXX   0 X   -0.23 ARG1632 D
LYS1578 D                                            0.00 XXX   0 X    0.00 XXX   0 X   -0.54 ARG1635 D
LYS1578 D                                            0.00 XXX   0 X    0.00 XXX   0 X    0.96 GLU1574 D

LYS1614 D  11.46     0 %   -0.27  206   0.00    0    0.85 ASP1610 D    0.00 XXX   0 X    0.00 ASP1551 D
LYS1614 D                                            0.00 XXX   0 X    0.00 XXX   0 X    0.38 ASP1610 D

LYS1641 D  10.41     0 %   -0.09  185   0.00    0    0.00 XXX   0 X    0.00 XXX   0 X    0.00 ASP 252 B

LYS1683 D  10.41     0 %   -0.15  220   0.00    0    0.00 XXX   0 X    0.00 XXX   0 X    0.02 CYS1728 D
LYS1683 D                                            0.00 XXX   0 X    0.00 XXX   0 X    0.04 ASP1741 D

LYS1800 D  10.55     0 %   -0.22  216   0.00    0    0.00 XXX   0 X    0.00 XXX   0 X    0.18 GLU1796 D
LYS1800 D                                            0.00 XXX   0 X    0.00 XXX   0 X    0.10 GLU1799 D
LYS1800 D                                            0.00 XXX   0 X    0.00 XXX   0 X   -0.02 LYS1505 D

LYS1829 D  11.51     0 %   -0.22  138   0.00    0    0.85 GLU1823 D    0.00 XXX   0 X    0.38 GLU1823 D

LYS1859 D  10.27     0 %   -0.24  233   0.00    0    0.00 XXX   0 X    0.00 XXX   0 X    0.21 ASP1839 D
LYS1859 D                                            0.00 XXX   0 X    0.00 XXX   0 X   -0.19 ARG1860 D

LYS1872 D  11.97    45 %   -1.91  407   0.00    0    0.85 ASP1789 D    0.00 XXX   0 X    0.40 ASP1790 D
LYS1872 D                                            0.85 GLU1876 D    0.00 XXX   0 X    0.14 ASP1792 D
LYS1872 D                                            0.00 XXX   0 X    0.00 XXX   0 X   -0.08 ARG1826 D
LYS1872 D                                            0.00 XXX   0 X    0.00 XXX   0 X    0.03 ASP1869 D
LYS1872 D                                            0.00 XXX   0 X    0.00 XXX   0 X    0.55 ASP1789 D
LYS1872 D                                            0.00 XXX   0 X    0.00 XXX   0 X    0.64 GLU1876 D

LYS1878 D  10.33     0 %   -0.18  258   0.00    0    0.00 XXX   0 X    0.00 XXX   0 X    0.01 GLU1877 D

ARG1174 D  12.45     0 %   -0.05   48   0.00    0    0.00 XXX   0 X    0.00 XXX   0 X    0.00 XXX   0 X

ARG1175 D  12.51     0 %   -0.42  173   0.00    0    0.09 CYS1172 D    0.00 XXX   0 X    0.03 GLU1170 D
ARG1175 D                                            0.00 XXX   0 X    0.00 XXX   0 X    0.31 CYS1172 D

ARG1193 D  12.35     0 %   -0.15  179   0.00    0    0.00 XXX   0 X    0.00 XXX   0 X    0.00 XXX   0 X

ARG1195 D  11.78    30 %   -0.87  366   0.00    0    0.00 XXX   0 X    0.00 XXX   0 X    0.05 GLU1165 D
ARG1195 D                                            0.00 XXX   0 X    0.00 XXX   0 X    0.05 ASP1166 D
ARG1195 D                                            0.00 XXX   0 X    0.00 XXX   0 X    0.05 CYS1167 D
ARG1195 D                                            0.00 XXX   0 X    0.00 XXX   0 X    0.01 CYS1198 D

ARG1232 D  12.18     0 %   -0.34  162   0.00    0    0.00 XXX   0 X    0.00 XXX   0 X    0.01 ASP1226 D

ARG1303 D  12.38     0 %   -0.31  249   0.00    0    0.00 XXX   0 X    0.00 XXX   0 X    0.02 GLU1240 D
ARG1303 D                                            0.00 XXX   0 X    0.00 XXX   0 X    0.01 ASP1243 D
ARG1303 D                                            0.00 XXX   0 X    0.00 XXX   0 X    0.16 GLU1295 D

ARG1306 D  13.91    66 %   -1.30  465   0.00    0    1.37 GLU1225 D    0.00 XXX   0 X    0.18 GLU1240 D
ARG1306 D                                            0.00 XXX   0 X    0.00 XXX   0 X    0.31 ASP1243 D
ARG1306 D                                            0.00 XXX   0 X    0.00 XXX   0 X    0.04 TYR1681 D
ARG1306 D                                            0.00 XXX   0 X    0.00 XXX   0 X    0.81 GLU1225 D

ARG1309 D  12.02    80 %   -1.76  505   0.00    0    0.73 ASP1243 D    0.00 XXX   0 X    0.08 GLU1225 D
ARG1309 D                                            0.00 XXX   0 X    0.00 XXX   0 X    0.06 GLU1240 D
ARG1309 D                                            0.00 XXX   0 X    0.00 XXX   0 X   -0.40 ARG1306 D
ARG1309 D                                            0.00 XXX   0 X    0.00 XXX   0 X    0.81 ASP1243 D

ARG1312 D  14.46    90 %   -2.81  534   0.00    0    1.64 GLU1253 D    0.00 XXX   0 X    0.05 GLU1208 D
ARG1312 D                                            0.79 ASP1275 D    0.00 XXX   0 X    1.40 GLU1253 D
ARG1312 D                                            0.00 XXX   0 X    0.00 XXX   0 X    0.88 ASP1275 D

ARG1316 D  13.55    65 %   -1.63  464   0.00    0    1.28 ASP1275 D    0.00 XXX   0 X    0.49 GLU1208 D
ARG1316 D                                            0.00 XXX   0 X    0.00 XXX   0 X    0.44 GLU1253 D
ARG1316 D                                            0.00 XXX   0 X    0.00 XXX   0 X    0.08 TYR1266 D
ARG1316 D                                            0.00 XXX   0 X    0.00 XXX   0 X    0.11 CYS1272 D
ARG1316 D                                            0.00 XXX   0 X    0.00 XXX   0 X   -0.64 ARG1312 D
ARG1316 D                                            0.00 XXX   0 X    0.00 XXX   0 X    0.92 ASP1275 D

ARG1321 D  12.09    17 %   -0.64  330   0.00    0    0.00 XXX   0 X    0.00 XXX   0 X    0.02 GLU1208 D
ARG1321 D                                            0.00 XXX   0 X    0.00 XXX   0 X    0.06 CYS1272 D
ARG1321 D                                            0.00 XXX   0 X    0.00 XXX   0 X    0.19 GLU1318 D
ARG1321 D                                            0.00 XXX   0 X    0.00 XXX   0 X   -0.04 ARG1316 D

ARG1362 D  11.80    74 %   -1.84  489   0.00    0    0.73 ASP1430 D    0.00 XXX   0 X    0.02 CYS1363 D
ARG1362 D                                            0.00 XXX   0 X    0.00 XXX   0 X   -0.35 ARG 878 C
ARG1362 D                                            0.00 XXX   0 X    0.00 XXX   0 X    0.74 ASP1430 D

ARG1432 D  13.67     0 %   -0.59  258   0.00    0    0.01 TYR1442 D    0.00 XXX   0 X    0.37 TYR1375 D
ARG1432 D                                            0.68 GLU1436 D    0.00 XXX   0 X    0.34 TYR1442 D
ARG1432 D                                            0.00 XXX   0 X    0.00 XXX   0 X    0.37 GLU1436 D

ARG1512 D  11.86    37 %   -1.16  385   0.00    0    0.00 XXX   0 X    0.00 XXX   0 X    0.14 ASP1802 D
ARG1512 D                                            0.00 XXX   0 X    0.00 XXX   0 X    0.12 CYS1850 D
ARG1512 D                                            0.00 XXX   0 X    0.00 XXX   0 X    0.26 C- 1882 D

ARG1583 D  12.34     0 %   -0.16  160   0.00    0    0.00 XXX   0 X    0.00 XXX   0 X    0.00 XXX   0 X

ARG1623 D  11.41    80 %   -2.32  505   0.00    0    0.42 TYR 389 B    0.00 XXX   0 X    0.81 TYR 389 B

ARG1626 D  10.30    86 %   -1.63  523   0.00    0    0.00 XXX   0 X    0.00 XXX   0 X    0.01 ASP1610 D
ARG1626 D                                            0.00 XXX   0 X    0.00 XXX   0 X   -1.16 ARG1629 D
ARG1626 D                                            0.00 XXX   0 X    0.00 XXX   0 X    0.58 GLU1548 D

ARG1629 D  12.94    99 %   -2.53  558   0.00    0    1.60 GLU1548 D    0.00 XXX   0 X    1.37 GLU1548 D

ARG1632 D  13.21    77 %   -2.56  497   0.00    0    0.72 GLU1574 D    0.00 XXX   0 X    0.01 ASP1531 D
ARG1632 D                                            0.73 CYS1575 D    0.00 XXX   0 X    0.27 TYR1586 D
ARG1632 D                                            0.00 XXX   0 X    0.00 XXX   0 X   -0.78 ARG1635 D
ARG1632 D                                            0.00 XXX   0 X    0.00 XXX   0 X    1.04 GLU1574 D
ARG1632 D                                            0.00 XXX   0 X    0.00 XXX   0 X    0.68 CYS1575 D
ARG1632 D                                            0.00 XXX   0 X    0.00 XXX   0 X    0.59 ASP1595 D

ARG1635 D  14.79    78 %   -2.23  500   0.00    0    1.00 GLU1574 D    0.00 XXX   0 X    0.39 ASP1531 D
ARG1635 D                                            0.81 ASP1595 D    0.00 XXX   0 X    0.19 CYS1575 D
ARG1635 D                                            0.00 XXX   0 X    0.00 XXX   0 X    0.02 TYR1585 D
ARG1635 D                                            0.00 XXX   0 X    0.00 XXX   0 X    0.21 TYR1586 D
ARG1635 D                                            0.00 XXX   0 X    0.00 XXX   0 X    1.05 GLU1574 D
ARG1635 D                                            0.00 XXX   0 X    0.00 XXX   0 X    0.85 ASP1595 D

ARG1638 D  11.31    25 %   -0.79  351   0.00    0    0.00 XXX   0 X    0.00 XXX   0 X    0.03 TYR1585 D
ARG1638 D                                            0.00 XXX   0 X    0.00 XXX   0 X   -0.44 ARG1644 D

ARG1644 D  12.14     5 %   -0.36  296   0.00    0    0.00 XXX   0 X    0.00 XXX   0 X    0.00 XXX   0 X

ARG1739 D  12.31     0 %   -0.32  258   0.00    0    0.00 XXX   0 X    0.00 XXX   0 X    0.03 TYR1727 D
ARG1739 D                                            0.00 XXX   0 X    0.00 XXX   0 X    0.01 CYS1728 D
ARG1739 D                                            0.00 XXX   0 X    0.00 XXX   0 X    0.00 ASP1741 D
ARG1739 D                                            0.00 XXX   0 X    0.00 XXX   0 X    0.10 CYS1742 D

ARG1826 D  13.58     1 %   -0.36  284   0.00    0    0.84 ASP1790 D    0.00 XXX   0 X    0.03 GLU1788 D
ARG1826 D                                            0.00 XXX   0 X    0.00 XXX   0 X    0.11 ASP1789 D
ARG1826 D                                            0.00 XXX   0 X    0.00 XXX   0 X    0.02 ASP1792 D
ARG1826 D                                            0.00 XXX   0 X    0.00 XXX   0 X    0.02 ASP1869 D
ARG1826 D                                            0.00 XXX   0 X    0.00 XXX   0 X    0.41 ASP1790 D

ARG1847 D  12.48     0 %   -0.17  200   0.00    0    0.00 XXX   0 X    0.00 XXX   0 X    0.02 GLU1804 D
ARG1847 D                                            0.00 XXX   0 X    0.00 XXX   0 X    0.13 GLU1810 D

ARG1860 D  13.84     0 %   -0.42  279   0.00    0    1.38 ASP1839 D    0.00 XXX   0 X    0.38 ASP1839 D

N+ 1162 D   7.60     0 %   -0.47  195   0.00    0    0.00 XXX   0 X    0.00 XXX   0 X   -0.14 LYS1162 D
N+ 1162 D                                            0.00 XXX   0 X    0.00 XXX   0 X    0.13 ASP1163 D
N+ 1162 D                                            0.00 XXX   0 X    0.00 XXX   0 X    0.02 ASP1166 D
N+ 1162 D                                            0.00 XXX   0 X    0.00 XXX   0 X    0.01 CYS1179 D
N+ 1162 D                                            0.00 XXX   0 X    0.00 XXX   0 X    0.13 ASP1182 D
N+ 1162 D                                            0.00 XXX   0 X    0.00 XXX   0 X   -0.06 LYS1189 D
N+ 1162 D                                            0.00 XXX   0 X    0.00 XXX   0 X   -0.02 LYS1196 D

Coupled residues (marked *) were detected.Please rerun PropKa with the --display-coupled-residues 
or -d option for detailed information.

2026-06-24 14:41:45,474 INFO:output.py:227:print_pka_section:pKa summary:
--------------------------------------------------------------------------------------------------------
SUMMARY OF THIS PREDICTION
       Group      pKa  model-pKa   ligand atom-type
   ASP  57 B     2.93       3.80                      
   ASP  66 B     3.84       3.80                      
   ASP  82 B     3.65       3.80                      
   ASP  84 B     4.10       3.80                      
   ASP 152 B     2.95       3.80                      
   ASP 191 B     2.66       3.80                      
   ASP 197 B     5.25       3.80                      
   ASP 211 B     3.84       3.80                      
   ASP 252 B     4.12       3.80                      
   ASP 297 B     3.86       3.80                      
   ASP 305 B     4.03       3.80                      
   ASP 310 B     3.27       3.80                      
   ASP 322 B     2.87       3.80                      
   ASP 331 B     3.85       3.80                      
   ASP 349 B     3.07       3.80                      
   ASP 356 B     3.90       3.80                      
   ASP 372 B     3.78       3.80                      
   ASP 716 C     4.01       3.80                      
   ASP 720 C     4.16       3.80                      
   ASP 772 C     2.73       3.80                      
   ASP 785 C     2.21       3.80                      
   ASP 870 C     4.07       3.80                      
   ASP 872 C     3.95       3.80                      
   ASP 883 C     1.98       3.80                      
   ASP 905 C     5.78       3.80                      
   ASP1163 D     3.54       3.80                      
   ASP1166 D     3.13       3.80                      
   ASP1182 D     2.24       3.80                      
   ASP1226 D     3.93       3.80                      
   ASP1243 D     3.13       3.80                      
   ASP1275 D     1.39       3.80                      
   ASP1280 D     4.58       3.80                      
   ASP1370 D     3.58       3.80                      
   ASP1403 D     4.03       3.80                      
   ASP1423 D     4.96       3.80                      
   ASP1430 D     2.32       3.80                      
   ASP1471 D     4.67       3.80                      
   ASP1484 D     3.03       3.80                      
   ASP1523 D     3.73       3.80                      
   ASP1531 D     4.41       3.80                      
   ASP1550 D     4.45       3.80                      
   ASP1551 D     2.80       3.80                      
   ASP1595 D     3.79       3.80                      
   ASP1610 D     2.80       3.80                      
   ASP1689 D     3.73       3.80                      
   ASP1690 D     4.53       3.80                      
   ASP1714 D     4.57       3.80                      
   ASP1729 D     3.35       3.80                      
   ASP1741 D     4.00       3.80                      
   ASP1789 D     1.67       3.80                      
   ASP1790 D     3.56       3.80                      
   ASP1792 D     3.93       3.80                      
   ASP1802 D     3.19       3.80                      
   ASP1816 D     4.01       3.80                      
   ASP1819 D     4.10       3.80                      
   ASP1839 D     2.18       3.80                      
   ASP1846 D     4.01       3.80                      
   ASP1852 D     4.14       3.80                      
   ASP1869 D     3.01       3.80                      
   GLU  19 A     4.59       4.50                      
   GLU  25 A     4.58       4.50                      
   GLU  30 A     3.45       4.50                      
   GLU  49 B     4.53       4.50                      
   GLU  50 B     3.32       4.50                      
   GLU  74 B     4.58       4.50                      
   GLU  78 B     2.80       4.50                      
   GLU  81 B     4.49       4.50                      
   GLU 161 B     3.20       4.50                      
   GLU 171 B     2.58       4.50                      
   GLU 208 B     5.12       4.50                      
   GLU 295 B     4.74       4.50                      
   GLU 302 B     4.60       4.50                      
   GLU 312 B     4.60       4.50                      
   GLU 337 B     3.91       4.50                      
   GLU 346 B     4.28       4.50                      
   GLU 375 B     4.29       4.50                      
   GLU 417 B     4.84       4.50                      
   GLU 418 B     4.06       4.50                      
   GLU 426 B     4.59       4.50                      
   GLU 428 B     4.71       4.50                      
   GLU 429 B     3.48       4.50                      
   GLU 431 B     3.49       4.50                      
   GLU 698 C     4.70       4.50                      
   GLU 737 C     4.26       4.50                      
   GLU 744 C     4.57       4.50                      
   GLU 746 C     4.83       4.50                      
   GLU 747 C     4.62       4.50                      
   GLU 763 C     4.48       4.50                      
   GLU 795 C     4.48       4.50                      
   GLU 867 C     4.71       4.50                      
   GLU 898 C     6.29       4.50                      
   GLU 901 C     5.19       4.50                      
   GLU 908 C     4.65       4.50                      
   GLU1165 D     3.55       4.50                      
   GLU1170 D     2.15       4.50                      
   GLU1203 D     4.70       4.50                      
   GLU1208 D     4.59       4.50                      
   GLU1225 D     3.85       4.50                      
   GLU1230 D     4.61       4.50                      
   GLU1231 D     4.82       4.50                      
   GLU1240 D     4.08       4.50                      
   GLU1253 D     2.79       4.50                      
   GLU1295 D     4.45       4.50                      
   GLU1318 D     3.82       4.50                      
   GLU1368 D     4.57       4.50                      
   GLU1385 D     3.61       4.50                      
   GLU1392 D     4.64       4.50                      
   GLU1435 D     4.58       4.50                      
   GLU1436 D     3.77       4.50                      
   GLU1441 D     5.02       4.50                      
   GLU1489 D     4.66       4.50                      
   GLU1490 D     4.52       4.50                      
   GLU1548 D     3.39       4.50                      
   GLU1555 D     4.57       4.50                      
   GLU1574 D     1.61       4.50                      
   GLU1685 D     4.75       4.50                      
   GLU1773 D     4.13       4.50                      
   GLU1780 D     3.50       4.50                      
   GLU1781 D     4.66       4.50                      
   GLU1784 D     4.58       4.50                      
   GLU1788 D     4.31       4.50                      
   GLU1796 D     4.65       4.50                      
   GLU1799 D     3.52       4.50                      
   GLU1804 D     4.69       4.50                      
   GLU1810 D     4.63       4.50                      
   GLU1823 D     3.03       4.50                      
   GLU1864 D     4.54       4.50                      
   GLU1867 D     4.39       4.50                      
   GLU1876 D     3.70       4.50                      
   GLU1877 D     4.83       4.50                      
   C-   37 A     3.26       3.20                      
   C-  433 B     2.06       3.20                      
   C-  943 C     3.36       3.20                      
   C- 1882 D     3.58       3.20                      
   HIS 118 B     6.02       6.50                      
   HIS 130 B     6.17       6.50                      
   HIS 151 B     4.93       6.50                      
   HIS 184 B     6.29       6.50                      
   HIS 278 B     5.01       6.50                      
   HIS 350 B     6.44       6.50                      
   HIS 738 C     6.81       6.50                      
   HIS 880 C     6.08       6.50                      
   HIS 886 C     7.34       6.50                      
   HIS1200 D     6.26       6.50                      
   HIS1204 D     6.20       6.50                      
   HIS1584 D     5.91       6.50                      
   HIS1849 D     5.89       6.50                      
   CYS 139 B     9.01       9.00                      
   CYS 145 B    11.20       9.00                      
   CYS 182 B     9.49       9.00                      
   CYS 260 B    11.31       9.00                      
   CYS 280 B    14.13       9.00                      
   CYS 326 B    12.10       9.00                      
   CYS 335 B    10.59       9.00                      
   CYS 341 B     7.72       9.00                      
   CYS 373 B    12.78       9.00                      
   CYS 683 C     9.35       9.00                      
   CYS 686 C     8.96       9.00                      
   CYS 699 C     9.82       9.00                      
   CYS 700 C     8.45       9.00                      
   CYS 726 C     9.88       9.00                      
   CYS 896 C    12.58       9.00                      
   CYS 906 C    12.45       9.00                      
   CYS 915 C    11.00       9.00                      
   CYS1167 D    10.19       9.00                      
   CYS1172 D     8.85       9.00                      
   CYS1176 D     9.12       9.00                      
   CYS1178 D     9.59       9.00                      
   CYS1179 D     9.32       9.00                      
   CYS1198 D     9.95       9.00                      
   CYS1272 D     9.85       9.00                      
   CYS1341 D    11.46       9.00                      
   CYS1363 D    11.32       9.00                      
   CYS1384 D     9.53       9.00                      
   CYS1539 D     9.73       9.00                      
   CYS1575 D     9.65       9.00                      
   CYS1703 D    12.57       9.00                      
   CYS1728 D     9.56       9.00                      
   CYS1742 D    10.61       9.00                      
   CYS1850 D    11.61       9.00                      
   TYR  68 B    12.51      10.00                      
   TYR  87 B    10.18      10.00                      
   TYR 112 B    10.03      10.00                      
   TYR 159 B     9.93      10.00                      
   TYR 162 B    10.64      10.00                      
   TYR 168 B    13.18      10.00                      
   TYR 205 B     9.83      10.00                      
   TYR 307 B    11.36      10.00                      
   TYR 314 B    10.29      10.00                      
   TYR 339 B     9.58      10.00                      
   TYR 352 B    10.25      10.00                      
   TYR 378 B    12.53      10.00                      
   TYR 389 B    10.16      10.00                      
   TYR 403 B    12.93      10.00                      
   TYR 416 B    10.31      10.00                      
   TYR 694 C    11.86      10.00                      
   TYR 739 C    10.24      10.00                      
   TYR 774 C    10.60      10.00                      
   TYR 775 C    10.16      10.00                      
   TYR 776 C    10.17      10.00                      
   TYR 865 C    13.75      10.00                      
   TYR1199 D    10.83      10.00                      
   TYR1228 D    10.18      10.00                      
   TYR1241 D    10.12      10.00                      
   TYR1248 D    10.08      10.00                      
   TYR1261 D    11.61      10.00                      
   TYR1266 D    12.97      10.00                      
   TYR1375 D    10.16      10.00                      
   TYR1394 D    10.17      10.00                      
   TYR1409 D    12.29      10.00                      
   TYR1426 D    11.26      10.00                      
   TYR1434 D    11.37      10.00                      
   TYR1442 D    10.07      10.00                      
   TYR1445 D    10.09      10.00                      
   TYR1447 D    12.49      10.00                      
   TYR1449 D    14.05      10.00                      
   TYR1494 D    10.89      10.00                      
   TYR1495 D    11.72      10.00                      
   TYR1517 D    10.08      10.00                      
   TYR1585 D    10.38      10.00                      
   TYR1586 D    13.11      10.00                      
   TYR1615 D    10.24      10.00                      
   TYR1671 D    10.96      10.00                      
   TYR1681 D    10.87      10.00                      
   TYR1727 D    10.62      10.00                      
   TYR1755 D    11.73      10.00                      
   TYR1767 D    12.20      10.00                      
   TYR1795 D    13.76      10.00                      
   TYR1811 D    10.40      10.00                      
   LYS  26 A    10.38      10.50                      
   LYS  31 A    11.46      10.50                      
   LYS  62 B    11.41      10.50                      
   LYS  63 B    11.48      10.50                      
   LYS  91 B    10.31      10.50                      
   LYS  98 B    10.08      10.50                      
   LYS 100 B    11.28      10.50                      
   LYS 126 B    10.87      10.50                      
   LYS 158 B    10.45      10.50                      
   LYS 175 B    10.19      10.50                      
   LYS 228 B    12.05      10.50                      
   LYS 237 B     9.45      10.50                      
   LYS 248 B    10.23      10.50                      
   LYS 249 B    12.09      10.50                      
   LYS 279 B     9.12      10.50                      
   LYS 317 B    10.52      10.50                      
   LYS 343 B    11.86      10.50                      
   LYS 347 B    10.37      10.50                      
   LYS 387 B    10.19      10.50                      
   LYS 430 B    10.11      10.50                      
   LYS 432 B    10.37      10.50                      
   LYS 682 C    10.44      10.50                      
   LYS 707 C    11.15      10.50                      
   LYS 711 C    10.11      10.50                      
   LYS 767 C    11.89      10.50                      
   LYS 817 C     9.52      10.50                      
   LYS 820 C    10.38      10.50                      
   LYS 830 C    10.26      10.50                      
   LYS 863 C     9.92      10.50                      
   LYS1162 D    10.58      10.50                      
   LYS1189 D    10.23      10.50                      
   LYS1196 D    11.46      10.50                      
   LYS1233 D    10.37      10.50                      
   LYS1236 D    11.59      10.50                      
   LYS1244 D    10.49      10.50                      
   LYS1257 D    10.46      10.50                      
   LYS1264 D    11.47      10.50                      
   LYS1265 D    10.65      10.50                      
   LYS1300 D    10.26      10.50                      
   LYS1359 D     9.27      10.50                      
   LYS1381 D    11.51      10.50                      
   LYS1397 D     9.49      10.50                      
   LYS1399 D    10.44      10.50                      
   LYS1419 D    11.44      10.50                      
   LYS1477 D     9.95      10.50                      
   LYS1478 D    10.42      10.50                      
   LYS1479 D    10.44      10.50                      
   LYS1492 D    11.67      10.50                      
   LYS1493 D    10.76      10.50                      
   LYS1499 D    11.80      10.50                      
   LYS1500 D    10.09      10.50                      
   LYS1504 D    11.45      10.50                      
   LYS1505 D    11.66      10.50                      
   LYS1508 D    11.11      10.50                      
   LYS1516 D    10.22      10.50                      
   LYS1527 D    10.64      10.50                      
   LYS1556 D    10.43      10.50                      
   LYS1562 D    10.29      10.50                      
   LYS1578 D    10.06      10.50                      
   LYS1614 D    11.46      10.50                      
   LYS1641 D    10.41      10.50                      
   LYS1683 D    10.41      10.50                      
   LYS1800 D    10.55      10.50                      
   LYS1829 D    11.51      10.50                      
   LYS1859 D    10.27      10.50                      
   LYS1872 D    11.97      10.50                      
   LYS1878 D    10.33      10.50                      
   ARG  14 A    13.32      12.50                      
   ARG  15 A    12.39      12.50                      
   ARG  18 A    12.33      12.50                      
   ARG  27 A    12.57      12.50                      
   ARG  34 A    12.44      12.50                      
   ARG  53 B    13.09      12.50                      
   ARG 104 B    11.72      12.50                      
   ARG 121 B    11.31      12.50                      
   ARG 122 B    11.60      12.50                      
   ARG 179 B    12.96      12.50                      
   ARG 190 B    12.22      12.50                      
   ARG 219 B    13.01      12.50                      
   ARG 222 B    11.51      12.50                      
   ARG 225 B    11.99      12.50                      
   ARG 277 B    12.54      12.50                      
   ARG 282 B    13.47      12.50                      
   ARG 340 B    11.97      12.50                      
   ARG 367 B    12.53      12.50                      
   ARG 376 B    13.38      12.50                      
   ARG 383 B    12.52      12.50                      
   ARG 433 B    12.70      12.50                      
   ARG 689 C    12.20      12.50                      
   ARG 693 C    12.36      12.50                      
   ARG 800 C    12.43      12.50                      
   ARG 808 C    12.90      12.50                      
   ARG 811 C    11.86      12.50                      
   ARG 814 C    10.96      12.50                      
   ARG 869 C    12.42      12.50                      
   ARG 878 C    13.57      12.50                      
   ARG 893 C    12.50      12.50                      
   ARG1174 D    12.45      12.50                      
   ARG1175 D    12.51      12.50                      
   ARG1193 D    12.35      12.50                      
   ARG1195 D    11.78      12.50                      
   ARG1232 D    12.18      12.50                      
   ARG1303 D    12.38      12.50                      
   ARG1306 D    13.91      12.50                      
   ARG1309 D    12.02      12.50                      
   ARG1312 D    14.46      12.50                      
   ARG1316 D    13.55      12.50                      
   ARG1321 D    12.09      12.50                      
   ARG1362 D    11.80      12.50                      
   ARG1432 D    13.67      12.50                      
   ARG1512 D    11.86      12.50                      
   ARG1583 D    12.34      12.50                      
   ARG1623 D    11.41      12.50                      
   ARG1626 D    10.30      12.50                      
   ARG1629 D    12.94      12.50                      
   ARG1632 D    13.21      12.50                      
   ARG1635 D    14.79      12.50                      
   ARG1638 D    11.31      12.50                      
   ARG1644 D    12.14      12.50                      
   ARG1739 D    12.31      12.50                      
   ARG1826 D    13.58      12.50                      
   ARG1847 D    12.48      12.50                      
   ARG1860 D    13.84      12.50                      
   N+   12 A     8.06       8.00                      
   N+   49 B     7.94       8.00                      
   N+  681 C     7.90       8.00                      
   N+ 1162 D     7.60       8.00                      

2026-06-24 14:41:45,501 INFO:main.py:648:non_trivial:PROPKA information:
--------------------------------------------------------------------------------------------------------
Free energy of   folding (kcal/mol) as a function of pH (using neutral reference)
  0.00     96.38
  1.00     95.62
  2.00     90.79
  3.00     74.93
  4.00     53.42
  5.00     47.04
  6.00     46.53
  7.00     44.69
  8.00     44.75
  9.00     51.90
 10.00     77.58
 11.00    121.79
 12.00    159.15
 13.00    179.79
 14.00    193.79

The pH of optimum stability is  7.5 for which the free energy is   44.4 kcal/mol at 298K
Could not determine pH values where the free energy is within 80 % of minimum
Could not determine the pH-range where the free energy is negative


Protein charge of folded and unfolded state as a function of pH
    pH  unfolded  folded
  0.00    140.99  140.83
  0.10    140.98  140.79
  0.20    140.98  140.74
  0.30    140.97  140.67
  0.40    140.96  140.59
  0.50    140.96  140.49
  0.60    140.94  140.36
  0.70    140.93  140.21
  0.80    140.91  140.03
  0.90    140.89  139.80
  1.00    140.86  139.53
  1.10    140.82  139.21
  1.20    140.78  138.83
  1.30    140.72  138.38
  1.40    140.65  137.86
  1.50    140.56  137.26
  1.60    140.44  136.57
  1.70    140.30  135.79
  1.80    140.12  134.91
  1.90    139.90  133.91
  2.00    139.62  132.80
  2.10    139.27  131.55
  2.20    138.84  130.18
  2.30    138.30  128.65
  2.40    137.63  126.97
  2.50    136.81  125.12
  2.60    135.81  123.08
  2.70    134.59  120.86
  2.80    133.11  118.43
  2.90    131.32  115.79
  3.00    129.20  112.94
  3.10    126.69  109.86
  3.20    123.76  106.55
  3.30    120.37  103.02
  3.40    116.51   99.28
  3.50    112.17   95.31
  3.60    107.36   91.15
  3.70    102.11   86.79
  3.80     96.46   82.26
  3.90     90.49   77.59
  4.00     84.27   72.79
  4.10     77.87   67.91
  4.20     71.39   62.97
  4.30     64.91   58.02
  4.40     58.54   53.11
  4.50     52.36   48.27
  4.60     46.48   43.58
  4.70     40.96   39.07
  4.80     35.89   34.79
  4.90     31.29   30.79
  5.00     27.18   27.09
  5.10     23.57   23.70
  5.20     20.43   20.62
  5.30     17.71   17.85
  5.40     15.36   15.36
  5.50     13.33   13.12
  5.60     11.56   11.11
  5.70     10.00    9.29
  5.80      8.60    7.64
  5.90      7.32    6.12
  6.00      6.11    4.72
  6.10      4.95    3.42
  6.20      3.83    2.21
  6.30      2.72    1.08
  6.40      1.64    0.03
  6.50      0.57   -0.94
  6.60     -0.46   -1.84
  6.70     -1.45   -2.67
  6.80     -2.40   -3.44
  6.90     -3.29   -4.17
  7.00     -4.14   -4.84
  7.10     -4.93   -5.48
  7.20     -5.68   -6.10
  7.30     -6.40   -6.70
  7.40     -7.12   -7.29
  7.50     -7.84   -7.88
  7.60     -8.59   -8.48
  7.70     -9.38   -9.09
  7.80    -10.24   -9.72
  7.90    -11.19  -10.38
  8.00    -12.24  -11.06
  8.10    -13.43  -11.78
  8.20    -14.78  -12.55
  8.30    -16.30  -13.38
  8.40    -18.03  -14.28
  8.50    -19.99  -15.27
  8.60    -22.19  -16.37
  8.70    -24.65  -17.60
  8.80    -27.38  -18.99
  8.90    -30.36  -20.55
  9.00    -33.62  -22.31
  9.10    -37.13  -24.31
  9.20    -40.90  -26.55
  9.30    -44.93  -29.06
  9.40    -49.24  -31.86
  9.50    -53.85  -34.97
  9.60    -58.78  -38.40
  9.70    -64.04  -42.15
  9.80    -69.63  -46.21
  9.90    -75.54  -50.57
 10.00    -81.73  -55.21
 10.10    -88.14  -60.07
 10.20    -94.71  -65.12
 10.30   -101.31  -70.30
 10.40   -107.87  -75.54
 10.50   -114.26  -80.79
 10.60   -120.38  -86.01
 10.70   -126.15  -91.17
 10.80   -131.50  -96.24
 10.90   -136.40 -101.21
 11.00   -140.83 -106.09
 11.10   -144.82 -110.89
 11.20   -148.41 -115.63
 11.30   -151.65 -120.32
 11.40   -154.62 -124.96
 11.50   -157.39 -129.58
 11.60   -160.05 -134.16
 11.70   -162.66 -138.70
 11.80   -165.30 -143.21
 11.90   -168.03 -147.66
 12.00   -170.88 -152.06
 12.10   -173.89 -156.37
 12.20   -177.06 -160.59
 12.30   -180.36 -164.69
 12.40   -183.75 -168.67
 12.50   -187.17 -172.49
 12.60   -190.55 -176.15
 12.70   -193.81 -179.62
 12.80   -196.89 -182.89
 12.90   -199.72 -185.96
 13.00   -202.28 -188.84
 13.10   -204.55 -191.51
 13.20   -206.52 -193.99
 13.30   -208.21 -196.28
 13.40   -209.63 -198.40
 13.50   -210.83 -200.35
 13.60   -211.81 -202.14
 13.70   -212.62 -203.78
 13.80   -213.29 -205.27
 13.90   -213.82 -206.63
 14.00   -214.26 -207.85
The pI is  6.40 (folded) and  6.56 (unfolded)

--------------------------------------------------------------------------------------------------------
2026-06-24 14:41:45,501 INFO:biomolecule.py:797:apply_pka_values:Applying pKa values at a pH of 7.40:
2026-06-24 14:41:45,503 INFO:main.py:661:non_trivial:Adding hydrogens to biomolecule.
2026-06-24 14:41:46,009 INFO:main.py:664:non_trivial:Debumping biomolecule (again).
2026-06-24 14:41:46,586 INFO:main.py:666:non_trivial:Optimizing hydrogen bonds
2026-06-24 14:41:47,703 INFO:main.py:678:non_trivial:Applying force field to biomolecule states.
2026-06-24 14:41:47,710 INFO:main.py:725:non_trivial:Regenerating headers.
2026-06-24 14:41:47,711 INFO:main.py:750:non_trivial:Regenerating PDB lines.
2026-06-24 14:41:47,755 WARNING:main.py:326:print_pqr:Ignoring 466 header lines in output.
2026-06-24 15:26:38,156 INFO:main.py:246:print_splash_screen:PDB2PQR v3.7.1: biomolecular structure conversion software.
2026-06-24 15:26:38,160 INFO:main.py:248:print_splash_screen:Please cite:  Jurrus E, et al.  Improvements to the APBS biomolecular solvation software suite.  Protein Sci 27 112-128 (2018).
2026-06-24 15:26:38,160 INFO:main.py:248:print_splash_screen:Please cite:  Dolinsky TJ, et al.  PDB2PQR: expanding and upgrading automated preparation of biomolecular structures for molecular simulations. Nucleic Acids Res 35 W522-W525 (2007).
2026-06-24 15:26:38,160 INFO:main.py:770:main_driver:Checking and transforming input arguments.
2026-06-24 15:26:38,160 INFO:main.py:774:main_driver:Loading topology files.
2026-06-24 15:26:38,182 INFO:main.py:776:main_driver:Loading molecule: /home/yagmur/Desktop/bioinformatics_master/07_binding_site_analysis/katman0/electrostatics/apoMutant_prot.pdb
2026-06-24 15:26:38,182 ERROR:pdb.py:2587:read_pdb:Error parsing line: invalid literal for int() with base 10: ''
2026-06-24 15:26:38,182 ERROR:pdb.py:2588:read_pdb:<REMARK     1 CREATED WITH MDTraj 1.10.3, 2026-06-20>
2026-06-24 15:26:38,182 ERROR:pdb.py:2589:read_pdb:Truncating remaining errors for record type:REMARK
2026-06-24 15:26:38,221 WARNING:io.py:474:get_molecule:Warning: /home/yagmur/Desktop/bioinformatics_master/07_binding_site_analysis/katman0/electrostatics/apoMutant_prot.pdb is a non-standard PDB file.

2026-06-24 15:26:38,221 ERROR:io.py:475:get_molecule:['REMARK']
2026-06-24 15:26:38,221 INFO:main.py:781:main_driver:Setting up molecule.
2026-06-24 15:26:38,250 INFO:main.py:423:setup_molecule:Created biomolecule object with 1395 residues and 22598 atoms.
2026-06-24 15:26:38,251 INFO:main.py:785:main_driver:Setting termini states for biomolecule chains.
2026-06-24 15:26:38,267 INFO:main.py:616:non_trivial:Loading forcefield.
2026-06-24 15:26:38,270 INFO:main.py:620:non_trivial:Loading hydrogen topology definitions.
2026-06-24 15:26:38,273 INFO:main.py:474:is_repairable:This biomolecule is clean.  No repair needed.
2026-06-24 15:26:38,273 INFO:main.py:635:non_trivial:Updating disulfide bridges.
2026-06-24 15:26:38,275 INFO:main.py:638:non_trivial:Debumping biomolecule.
2026-06-24 15:26:38,455 INFO:main.py:645:non_trivial:Assigning titration states with PROPKA.
2026-06-24 15:26:38,483 INFO:output.py:74:print_header:
propka3.5.1                                                                                  2026-06-24

-------------------------------------------------------------------------------
--                                                                           --
--  PROPKA: A PROTEIN PKA PREDICTOR                                          --
--                                                                           --
--  VERSION 1.0,  04/25/2004,  IOWA CITY                                     --
--  BY HUI LI                                                                --
--                                                                           --
--  VERSION 2.0,  11/05/2007, IOWA CITY/COPENHAGEN                           --
--  BY DELPHINE C. BAS AND DAVID M. ROGERS                                   --
--                                                                           --
--  VERSION 3.0,  01/06/2011, COPENHAGEN                                     --
--  BY MATS H.M. OLSSON AND CHRESTEN R. SONDERGARD                           --
--                                                                           --
--  VERSION 3.1,  07/01/2011, COPENHAGEN                                     --
--  BY CHRESTEN R. SONDERGARD AND MATS H.M. OLSSON                           --
--                                                                           --
--  VERSION 3.2,  06/17/2020, PLANET EARTH                                   --
--  SEE ABOVE FOR AUTHORS                                                    --
--                                                                           --
-------------------------------------------------------------------------------


-------------------------------------------------------------------------------
References:

Very Fast Empirical Prediction and Rationalization of Protein pKa Values.
Hui Li, Andrew D. Robertson and Jan H. Jensen. PROTEINS: Structure, Function,
and Bioinformatics. 61:704-721 (2005)

Very Fast Prediction and Rationalization of pKa Values for Protein-Ligand
Complexes.  Delphine C. Bas, David M. Rogers and Jan H. Jensen.  PROTEINS:
Structure, Function, and Bioinformatics 73:765-783 (2008)

PROPKA3: Consistent Treatment of Internal and Surface Residues in Empirical
pKa predictions.  Mats H.M. Olsson, Chresten R. Sondergard, Michal Rostkowski,
and Jan H. Jensen.  Journal of Chemical Theory and Computation, 7(2):525-537
(2011)

Improved Treatment of Ligands and Coupling Effects in Empirical Calculation
and Rationalization of pKa Values.  Chresten R. Sondergaard, Mats H.M. Olsson,
Michal Rostkowski, and Jan H. Jensen.  Journal of Chemical Theory and
Computation, (2011)
-------------------------------------------------------------------------------



2026-06-24 15:26:38,663 INFO:conformation_container.py:124:find_covalently_coupled_groups:Coupling map:
Covalent coupling map for Conformation container 1A with 13125 atoms and 3377 groups
            N+  681 C | HIS 681 C | 
N+  681 C             |     X     | 
HIS 681 C       X     |           | 
2026-06-24 15:26:38,663 INFO:conformation_container.py:213:calculate_pka:Calculating pKas for Conformation container 1A with 13125 atoms and 3377 groups
2026-06-24 15:26:41,163 INFO:iterative.py:286:add_determinants:did not converge in 10 iterations
2026-06-24 15:26:41,165 INFO:conformation_container.py:235:calculate_pka:Removing penalised groups!!!
2026-06-24 15:26:41,329 INFO:output.py:225:print_pka_section:pKa determinants:

---------  -----   ------   ---------------------    --------------    --------------    --------------
                            DESOLVATION  EFFECTS       SIDECHAIN          BACKBONE        COULOMBIC
 RESIDUE    pKa    BURIED     REGULAR      RE        HYDROGEN BOND     HYDROGEN BOND      INTERACTION
---------  -----   ------   ---------   ---------    --------------    --------------    --------------

GLU  19 A   4.59     0 %    0.09  138   0.00    0    0.00 XXX   0 X    0.00 XXX   0 X    0.00 XXX   0 X

GLU  25 A   4.58     0 %    0.17  222   0.00    0    0.00 XXX   0 X    0.00 XXX   0 X   -0.05 ARG  18 A
GLU  25 A                                            0.00 XXX   0 X    0.00 XXX   0 X   -0.04 LYS  26 A

GLU  30 A   3.45     0 %    0.22  164   0.00    0   -0.78 LYS  31 A    0.00 XXX   0 X   -0.14 ARG  27 A
GLU  30 A                                            0.00 XXX   0 X    0.00 XXX   0 X    0.02 GLU  50 B
GLU  30 A                                            0.00 XXX   0 X    0.00 XXX   0 X   -0.38 LYS  31 A

C-   37 A   3.26     0 %    0.06   23   0.00    0    0.00 XXX   0 X    0.00 XXX   0 X    0.00 XXX   0 X

LYS  26 A  10.38     0 %   -0.11  133   0.00    0    0.00 XXX   0 X    0.00 XXX   0 X    0.04 GLU  25 A
LYS  26 A                                            0.00 XXX   0 X    0.00 XXX   0 X   -0.05 ARG  27 A

LYS  31 A  11.46     0 %   -0.29  199   0.00    0    0.78 GLU  30 A    0.00 XXX   0 X   -0.06 ARG  27 A
LYS  31 A                                            0.00 XXX   0 X    0.00 XXX   0 X    0.16 GLU  50 B
LYS  31 A                                            0.00 XXX   0 X    0.00 XXX   0 X   -0.00 ARG  53 B
LYS  31 A                                            0.00 XXX   0 X    0.00 XXX   0 X    0.38 GLU  30 A

ARG  14 A  13.32    13 %   -0.51  317   0.00    0    0.78 GLU  78 B    0.00 XXX   0 X    0.14 GLU  81 B
ARG  14 A                                            0.00 XXX   0 X    0.00 XXX   0 X    0.01 ASP  82 B
ARG  14 A                                            0.00 XXX   0 X    0.00 XXX   0 X    0.41 GLU  78 B

ARG  15 A  12.39     0 %   -0.07  117   0.00    0    0.00 XXX   0 X    0.00 XXX   0 X   -0.04 ARG  14 A

ARG  18 A  12.33     0 %   -0.22  178   0.00    0    0.00 XXX   0 X    0.00 XXX   0 X    0.05 GLU  25 A

ARG  27 A  12.57     0 %   -0.18  189   0.00    0    0.00 XXX   0 X    0.00 XXX   0 X    0.14 GLU  30 A
ARG  27 A                                            0.00 XXX   0 X    0.00 XXX   0 X    0.10 TYR  87 B

ARG  34 A  12.44     0 %   -0.06   59   0.00    0    0.00 XXX   0 X    0.00 XXX   0 X    0.00 XXX   0 X

N+   12 A   8.06    43 %   -1.66  401   0.00    0    0.85 GLU  81 B    0.00 XXX   0 X   -0.01 ARG  14 A
N+   12 A                                            0.00 XXX   0 X    0.00 XXX   0 X    0.22 ASP  82 B
N+   12 A                                            0.00 XXX   0 X    0.00 XXX   0 X    0.05 ASP  84 B
N+   12 A                                            0.00 XXX   0 X    0.00 XXX   0 X   -0.02 ARG 122 B
N+   12 A                                            0.00 XXX   0 X    0.00 XXX   0 X    0.62 GLU  81 B

ASP  57 B   2.93     0 %    0.42  202   0.00    0   -0.41 GLN  59 B   -0.47 GLN  59 B   -0.04 LYS  62 B
ASP  57 B                                            0.00 XXX   0 X   -0.33 ALA  60 B   -0.04 ARG 104 B

ASP  66 B   3.84     0 %    0.17  207   0.00    0    0.00 XXX   0 X    0.00 XXX   0 X   -0.03 LYS  63 B
ASP  66 B                                            0.00 XXX   0 X    0.00 XXX   0 X   -0.18 ARG 433 B
ASP  66 B                                            0.00 XXX   0 X    0.00 XXX   0 X    0.08 C-  433 B

ASP  82 B   3.65    26 %    0.70  355   0.00    0   -0.62 TYR  68 B    0.00 XXX   0 X   -0.22 N+   12 A
ASP  82 B                                            0.00 XXX   0 X    0.00 XXX   0 X   -0.01 ARG  14 A

ASP  84 B   4.10    44 %    0.96  404   0.13    0   -0.61 GLN  90 B    0.00 XXX   0 X   -0.05 N+   12 A
ASP  84 B                                            0.00 XXX   0 X    0.00 XXX   0 X   -0.09 ARG  53 B
ASP  84 B                                            0.00 XXX   0 X    0.00 XXX   0 X   -0.04 ARG 104 B

ASP 152 B   2.95    14 %    0.43  320   0.00    0   -0.47 LYS 863 C    0.00 XXX   0 X   -0.35 HIS 151 B
ASP 152 B                                            0.00 XXX   0 X    0.00 XXX   0 X   -0.46 LYS 863 C

ASP 191 B   2.66    55 %    1.60  436   0.27    0   -1.69 ARG 179 B   -0.22 ASP 191 B   -0.18 LYS 175 B
ASP 191 B                                            0.00 XXX   0 X    0.00 XXX   0 X   -0.03 ARG 190 B
ASP 191 B                                            0.00 XXX   0 X    0.00 XXX   0 X   -0.15 LYS 237 B
ASP 191 B                                            0.00 XXX   0 X    0.00 XXX   0 X   -0.73 ARG 179 B

ASP 197 B   5.25*   82 %    2.48  512   0.78    0   -0.85 LYS 228 B    0.00 XXX   0 X    0.02 ASP 191 B
ASP 197 B                                            0.00 XXX   0 X    0.00 XXX   0 X    1.34 GLU 171 B
ASP 197 B                                            0.00 XXX   0 X    0.00 XXX   0 X   -0.97 LYS 175 B
ASP 197 B                                            0.00 XXX   0 X    0.00 XXX   0 X   -1.35 LYS 228 B

ASP 211 B   3.84     0 %    0.20  221   0.00    0    0.00 XXX   0 X    0.00 XXX   0 X   -0.00 LYS 158 B
ASP 211 B                                            0.00 XXX   0 X    0.00 XXX   0 X   -0.16 ARG 222 B

ASP 252 B   4.12     0 %    0.32  281   0.00    0    0.00 XXX   0 X    0.00 XXX   0 X   -0.00 LYS1641 D

ASP 297 B   3.86     0 %    0.12  176   0.00    0    0.00 XXX   0 X    0.00 XXX   0 X   -0.06 ARG 282 B

ASP 305 B   4.03     0 %    0.23  223   0.00    0    0.00 XXX   0 X    0.00 XXX   0 X   -0.00 LYS 279 B

ASP 310 B   3.27     0 %    0.29  219   0.00    0   -0.82 TRP 301 B    0.00 XXX   0 X    0.00 XXX   0 X

ASP 322 B   2.87    24 %    0.76  348   0.09    0   -0.71 ARG 376 B   -0.39 VAL 323 B   -0.14 LYS 317 B
ASP 322 B                                            0.00 XXX   0 X    0.00 XXX   0 X   -0.04 HIS 350 B
ASP 322 B                                            0.00 XXX   0 X    0.00 XXX   0 X   -0.50 ARG 376 B

ASP 331 B   3.85     0 %    0.16  238   0.00    0    0.00 XXX   0 X   -0.00 ASP 331 B   -0.10 LYS 387 B

ASP 349 B   3.07    70 %    2.00  476   0.00    0   -0.85 THR 353 B    0.00 XXX   0 X   -0.17 ARG 376 B
ASP 349 B                                           -0.79 ARG 367 B    0.00 XXX   0 X    0.03 ASP 322 B
ASP 349 B                                            0.00 XXX   0 X    0.00 XXX   0 X   -0.11 HIS 350 B
ASP 349 B                                            0.00 XXX   0 X    0.00 XXX   0 X   -0.84 ARG 367 B

ASP 356 B   3.90    65 %    1.95  462   0.13    0   -0.61 SER 354 B   -0.72 GLY 274 B   -0.27 ARG 277 B
ASP 356 B                                            0.00 XXX   0 X    0.00 XXX   0 X   -0.24 LYS 343 B
ASP 356 B                                            0.00 XXX   0 X    0.00 XXX   0 X   -0.16 LYS 347 B
ASP 356 B                                            0.00 XXX   0 X    0.00 XXX   0 X   -0.03 HIS 278 B
ASP 356 B                                            0.00 XXX   0 X    0.00 XXX   0 X    0.06 ASP1551 D

ASP 372 B   3.78    85 %    2.93  519   0.34    0   -0.24 CYS 373 B   -0.67 CYS 373 B   -0.26 ARG 367 B
ASP 372 B                                            0.00 XXX   0 X   -0.81 TRP 899 C   -0.30 ARG 893 C
ASP 372 B                                            0.00 XXX   0 X   -0.85 ILE 900 C   -0.18 LYS1419 D

GLU  49 B   4.53     0 %    0.03   47   0.00    0    0.00 XXX   0 X    0.00 XXX   0 X    0.00 XXX   0 X

GLU  50 B   3.32     0 %    0.33  233   0.00    0   -0.75 ARG  53 B   -0.19 PHE  86 B   -0.16 LYS  31 A
GLU  50 B                                            0.00 XXX   0 X    0.00 XXX   0 X   -0.10 N+   49 B
GLU  50 B                                            0.00 XXX   0 X    0.00 XXX   0 X   -0.30 ARG  53 B

GLU  74 B   4.58     0 %    0.08  130   0.00    0    0.00 XXX   0 X    0.00 XXX   0 X    0.00 XXX   0 X

GLU  78 B   2.80    18 %    0.76  331   0.16    0   -0.78 ARG  14 A    0.00 XXX   0 X   -0.15 ARG 122 B
GLU  78 B                                           -0.85 LYS 126 B    0.00 XXX   0 X   -0.41 ARG  14 A
GLU  78 B                                            0.00 XXX   0 X    0.00 XXX   0 X   -0.44 LYS 126 B

GLU  81 B   4.49    50 %    1.22  421   0.40    0   -0.85 N+   12 A    0.00 XXX   0 X   -0.14 ARG  14 A
GLU  81 B                                            0.00 XXX   0 X    0.00 XXX   0 X   -0.21 ARG 122 B
GLU  81 B                                            0.00 XXX   0 X    0.00 XXX   0 X    0.02 GLU  78 B
GLU  81 B                                            0.00 XXX   0 X    0.00 XXX   0 X    0.14 ASP  82 B
GLU  81 B                                            0.00 XXX   0 X    0.00 XXX   0 X    0.03 ASP  84 B
GLU  81 B                                            0.00 XXX   0 X    0.00 XXX   0 X   -0.62 N+   12 A

GLU 161 B   3.20    60 %    2.13  449   0.26    0   -1.10 ARG 219 B    0.00 XXX   0 X   -0.02 LYS 158 B
GLU 161 B                                           -0.81 ARG 225 B    0.00 XXX   0 X   -0.21 ARG 222 B
GLU 161 B                                            0.00 XXX   0 X    0.00 XXX   0 X   -0.67 ARG 219 B
GLU 161 B                                            0.00 XXX   0 X    0.00 XXX   0 X   -0.88 ARG 225 B

GLU 171 B   2.58*   96 %    2.81  550   0.33    0   -0.85 LYS 175 B    0.00 XXX   0 X   -1.69 LYS 175 B
GLU 171 B                                           -0.85 LYS 228 B    0.00 XXX   0 X   -1.67 LYS 228 B

GLU 208 B   5.12    19 %    0.83  335   0.11    0    0.00 XXX   0 X    0.00 XXX   0 X   -0.03 LYS 158 B
GLU 208 B                                            0.00 XXX   0 X    0.00 XXX   0 X   -0.08 ARG 219 B
GLU 208 B                                            0.00 XXX   0 X    0.00 XXX   0 X   -0.22 ARG 222 B
GLU 208 B                                            0.00 XXX   0 X    0.00 XXX   0 X   -0.05 ARG 225 B
GLU 208 B                                            0.00 XXX   0 X    0.00 XXX   0 X    0.07 GLU 161 B

GLU 295 B   4.74     0 %    0.24  177   0.00    0    0.00 XXX   0 X    0.00 XXX   0 X    0.00 XXX   0 X

GLU 302 B   4.60     0 %    0.10  157   0.00    0    0.00 XXX   0 X    0.00 XXX   0 X    0.00 XXX   0 X

GLU 312 B   4.60     0 %    0.14  189   0.00    0    0.00 XXX   0 X    0.00 XXX   0 X   -0.09 ARG 282 B
GLU 312 B                                            0.00 XXX   0 X    0.00 XXX   0 X    0.05 ASP 310 B

GLU 337 B   3.91     0 %    0.11  119   0.00    0    0.00 XXX   0 X   -0.70 GLU 337 B    0.00 XXX   0 X

GLU 346 B   4.28     0 %    0.21  253   0.00    0    0.00 XXX   0 X    0.00 XXX   0 X   -0.09 ARG 277 B
GLU 346 B                                            0.00 XXX   0 X    0.00 XXX   0 X   -0.02 LYS 279 B
GLU 346 B                                            0.00 XXX   0 X    0.00 XXX   0 X   -0.31 LYS 347 B

GLU 375 B   4.29    74 %    1.28  489   0.32    0   -0.85 LYS1419 D    0.00 XXX   0 X   -0.02 ARG 376 B
GLU 375 B                                            0.00 XXX   0 X    0.00 XXX   0 X    0.03 ASP 372 B
GLU 375 B                                            0.00 XXX   0 X    0.00 XXX   0 X   -0.97 LYS1419 D

GLU 417 B   4.84     9 %    0.31  307   0.02    0    0.00 XXX   0 X    0.00 XXX   0 X    0.02 GLU 418 B

GLU 418 B   4.06     2 %    0.50  287   0.00    0   -0.85 LYS 249 B    0.00 XXX   0 X    0.31 GLU1780 D
GLU 418 B                                            0.00 XXX   0 X    0.00 XXX   0 X   -0.40 LYS 249 B

GLU 426 B   4.59    14 %    0.35  321   0.07    0    0.00 XXX   0 X    0.00 XXX   0 X   -0.04 LYS  62 B
GLU 426 B                                            0.00 XXX   0 X    0.00 XXX   0 X   -0.35 LYS 430 B
GLU 426 B                                            0.00 XXX   0 X    0.00 XXX   0 X    0.06 GLU 429 B

GLU 428 B   4.71     0 %    0.17  133   0.00    0    0.00 XXX   0 X    0.00 XXX   0 X    0.04 GLU 431 B

GLU 429 B   3.48     0 %    0.38  227   0.00    0   -0.85 LYS  62 B    0.00 XXX   0 X   -0.12 LYS  63 B
GLU 429 B                                            0.00 XXX   0 X    0.00 XXX   0 X   -0.05 LYS 430 B
GLU 429 B                                            0.00 XXX   0 X    0.00 XXX   0 X   -0.38 LYS  62 B

GLU 431 B   3.49     0 %    0.22  215   0.00    0   -0.85 LYS 100 B    0.00 XXX   0 X   -0.38 LYS 100 B

C-  433 B   2.06     0 %    0.19  168   0.00    0   -0.84 LYS  63 B    0.00 XXX   0 X   -0.12 ARG 433 B
C-  433 B                                            0.00 XXX   0 X    0.00 XXX   0 X   -0.38 LYS  63 B

HIS 118 B   6.02     0 %   -0.37  259   0.00    0    0.00 XXX   0 X    0.00 XXX   0 X   -0.11 ARG  18 A

HIS 130 B   6.17     0 %   -0.26  211   0.00    0    0.00 XXX   0 X    0.00 XXX   0 X   -0.07 LYS 126 B

HIS 151 B   4.93    48 %   -1.49  416   0.00    0    0.00 XXX   0 X    0.04 MET 858 C   -0.59 LYS 863 C
HIS 151 B                                            0.00 XXX   0 X    0.00 XXX   0 X    0.35 ASP 152 B
HIS 151 B                                            0.00 XXX   0 X    0.00 XXX   0 X    0.12 ASP 883 C

HIS 184 B   6.29     0 %   -0.12  149   0.00    0    0.00 XXX   0 X    0.00 XXX   0 X   -0.09 ARG 190 B

HIS 278 B   5.01    71 %   -1.68  479   0.00    0    0.00 XXX   0 X    0.05 GLY 274 B   -0.05 ARG 277 B
HIS 278 B                                            0.00 XXX   0 X    0.32 ASN 275 B   -0.21 LYS 343 B
HIS 278 B                                            0.00 XXX   0 X    0.00 XXX   0 X   -0.04 ARG1623 D
HIS 278 B                                            0.00 XXX   0 X    0.00 XXX   0 X    0.03 ASP 356 B
HIS 278 B                                            0.00 XXX   0 X    0.00 XXX   0 X    0.08 ASP1550 D
HIS 278 B                                            0.00 XXX   0 X    0.00 XXX   0 X    0.02 ASP1551 D

HIS 350 B   6.44     1 %   -0.20  283   0.00    0    0.00 XXX   0 X    0.00 XXX   0 X   -0.06 ARG 376 B
HIS 350 B                                            0.00 XXX   0 X    0.00 XXX   0 X    0.04 ASP 322 B
HIS 350 B                                            0.00 XXX   0 X    0.00 XXX   0 X    0.11 ASP 349 B
HIS 350 B                                            0.00 XXX   0 X    0.00 XXX   0 X    0.05 GLU 908 C

CYS 139 B   9.01     0 %    0.25  245   0.00    0   -0.24 THR 143 B    0.00 XXX   0 X    0.00 XXX   0 X

CYS 145 B  11.20    71 %    2.41  480   0.00    0    0.00 XXX   0 X   -0.11 CYS 145 B   -0.10 ARG 225 B

CYS 182 B   9.49     0 %    0.51  236   0.00    0    0.00 XXX   0 X    0.00 XXX   0 X   -0.01 ARG 190 B

CYS 260 B  11.31    76 %    2.31  495   0.00    0    0.00 XXX   0 X    0.00 XXX   0 X    0.00 XXX   0 X

CYS 280 B  14.13    53 %    1.94  430   0.00    0   -0.26 ARG 383 B    0.00 XXX   0 X   -0.38 ARG 383 B
CYS 280 B                                            3.60 CYS 326 B    0.00 XXX   0 X    0.62 CYS 326 B
CYS 280 B                                           -0.39 CYS 335 B    0.00 XXX   0 X    0.00 XXX   0 X

CYS 326 B  12.10    48 %    1.74  417   0.00    0   -3.60 CYS 280 B    0.00 XXX   0 X   -0.32 ARG 383 B
CYS 326 B                                            0.47 CYS 335 B    0.00 XXX   0 X    0.55 CYS 335 B
CYS 326 B                                            3.60 CYS 341 B    0.00 XXX   0 X    0.67 CYS 341 B

CYS 335 B  10.59    27 %    1.24  357   0.00    0    0.39 CYS 280 B    0.00 XXX   0 X   -0.02 ARG 340 B
CYS 335 B                                           -0.47 CYS 326 B    0.00 XXX   0 X   -0.10 ARG 383 B
CYS 335 B                                            0.00 XXX   0 X    0.00 XXX   0 X    0.55 CYS 280 B

CYS 341 B   7.72    56 %    1.87  438   0.00    0   -3.60 CYS 326 B    0.00 XXX   0 X   -0.02 ARG 340 B
CYS 341 B                                            0.00 XXX   0 X    0.00 XXX   0 X   -0.06 ARG 383 B
CYS 341 B                                            0.00 XXX   0 X    0.00 XXX   0 X    0.24 CYS 280 B
CYS 341 B                                            0.00 XXX   0 X    0.00 XXX   0 X    0.29 CYS 335 B

CYS 373 B  12.78    75 %    1.99  492   0.00    0    0.24 ASP 372 B   -0.01 CYS 373 B   -0.50 ARG 367 B
CYS 373 B                                            0.00 XXX   0 X    0.00 XXX   0 X   -0.01 ARG 376 B
CYS 373 B                                            0.00 XXX   0 X    0.00 XXX   0 X   -0.18 ARG 893 C
CYS 373 B                                            0.00 XXX   0 X    0.00 XXX   0 X   -0.23 LYS1419 D
CYS 373 B                                            0.00 XXX   0 X    0.00 XXX   0 X    0.16 ASP 349 B
CYS 373 B                                            0.00 XXX   0 X    0.00 XXX   0 X    0.21 GLU 375 B
CYS 373 B                                            0.00 XXX   0 X    0.00 XXX   0 X    0.42 GLU 898 C
CYS 373 B                                            0.00 XXX   0 X    0.00 XXX   0 X    0.01 ASP 905 C
CYS 373 B                                            0.00 XXX   0 X    0.00 XXX   0 X    1.10 ASP 372 B
CYS 373 B                                            0.00 XXX   0 X    0.00 XXX   0 X    0.58 GLU 901 C

TYR  68 B  12.51    40 %    1.34  394   0.00    0    0.62 ASP  82 B    0.00 XXX   0 X    0.02 GLU  81 B
TYR  68 B                                            0.00 XXX   0 X    0.00 XXX   0 X    0.53 ASP  82 B

TYR  87 B  10.18     0 %    0.23  230   0.00    0    0.00 XXX   0 X    0.00 XXX   0 X   -0.10 ARG  27 A
TYR  87 B                                            0.00 XXX   0 X    0.00 XXX   0 X    0.05 GLU  50 B

TYR 112 B  10.03     0 %    0.03   55   0.00    0    0.00 XXX   0 X    0.00 XXX   0 X    0.00 XXX   0 X

TYR 159 B   9.93     0 %    0.15  165   0.00    0    0.00 XXX   0 X    0.00 XXX   0 X    0.03 GLU 208 B
TYR 159 B                                            0.00 XXX   0 X    0.00 XXX   0 X   -0.26 LYS 158 B

TYR 162 B  10.64     0 %    0.27  227   0.00    0    0.00 XXX   0 X    0.00 XXX   0 X    0.21 GLU 208 B
TYR 162 B                                            0.00 XXX   0 X    0.00 XXX   0 X    0.16 TYR 205 B

TYR 168 B  13.18    80 %    3.06  506   0.00    0    0.00 XXX   0 X    0.00 XXX   0 X    0.32 CYS 145 B
TYR 168 B                                            0.00 XXX   0 X    0.00 XXX   0 X    0.01 GLU 161 B
TYR 168 B                                            0.00 XXX   0 X    0.00 XXX   0 X    0.08 GLU 171 B
TYR 168 B                                            0.00 XXX   0 X    0.00 XXX   0 X    0.03 ASP 197 B
TYR 168 B                                            0.00 XXX   0 X    0.00 XXX   0 X   -0.31 ARG 225 B

TYR 205 B   9.83    10 %    0.64  310   0.00    0   -0.85 THR 169 B    0.00 XXX   0 X    0.04 GLU 208 B

TYR 307 B  11.36    21 %    1.48  340   0.00    0    0.00 XXX   0 X    0.00 XXX   0 X   -0.10 ARG 282 B
TYR 307 B                                            0.00 XXX   0 X    0.00 XXX   0 X    0.04 ASP 297 B
TYR 307 B                                            0.00 XXX   0 X    0.00 XXX   0 X   -0.07 ARG 340 B
TYR 307 B                                            0.00 XXX   0 X    0.00 XXX   0 X    0.02 TYR 339 B

TYR 314 B  10.29     0 %    0.27  279   0.00    0    0.00 XXX   0 X    0.00 XXX   0 X    0.01 ASP 310 B

TYR 339 B   9.58     7 %    0.55  301   0.00    0   -0.65 ARG 282 B    0.00 XXX   0 X    0.05 CYS 280 B
TYR 339 B                                            0.00 XXX   0 X    0.00 XXX   0 X    0.01 GLU 312 B
TYR 339 B                                            0.00 XXX   0 X    0.00 XXX   0 X    0.02 CYS 335 B
TYR 339 B                                            0.00 XXX   0 X    0.00 XXX   0 X   -0.39 ARG 282 B

TYR 352 B  10.25    13 %    0.73  318   0.00    0   -0.74 GLN 912 C    0.00 XXX   0 X    0.00 ASP 349 B
TYR 352 B                                            0.00 XXX   0 X    0.00 XXX   0 X    0.02 ASP 905 C
TYR 352 B                                            0.00 XXX   0 X    0.00 XXX   0 X    0.17 GLU 908 C
TYR 352 B                                            0.00 XXX   0 X    0.00 XXX   0 X    0.07 CYS 915 C

TYR 378 B  12.53    68 %    2.53  472   0.00    0    0.00 XXX   0 X    0.00 XXX   0 X    0.00 CYS1703 D

TYR 389 B  10.16    49 %    1.39  419   0.00    0   -0.42 ARG1623 D    0.00 XXX   0 X   -0.81 ARG1623 D

TYR 403 B  12.93    83 %    2.90  514   0.00    0    0.00 XXX   0 X    0.00 XXX   0 X    0.02 CYS 260 B

TYR 416 B  10.31    50 %    1.13  421   0.00    0   -0.83 ASN 420 B    0.00 XXX   0 X    0.01 GLU 417 B

LYS  62 B  11.41     0 %   -0.35  217   0.00    0    0.85 GLU 429 B    0.00 XXX   0 X    0.04 ASP  57 B
LYS  62 B                                            0.00 XXX   0 X    0.00 XXX   0 X    0.04 GLU 426 B
LYS  62 B                                            0.00 XXX   0 X    0.00 XXX   0 X   -0.05 LYS  63 B
LYS  62 B                                            0.00 XXX   0 X    0.00 XXX   0 X    0.38 GLU 429 B

LYS  63 B  11.48     0 %   -0.38  224   0.00    0    0.84 C-  433 B    0.00 XXX   0 X    0.03 ASP  66 B
LYS  63 B                                            0.00 XXX   0 X    0.00 XXX   0 X    0.12 GLU 429 B
LYS  63 B                                            0.00 XXX   0 X    0.00 XXX   0 X   -0.01 ARG 433 B
LYS  63 B                                            0.00 XXX   0 X    0.00 XXX   0 X    0.38 C-  433 B

LYS  91 B  10.31     0 %   -0.13  275   0.00    0    0.00 XXX   0 X    0.00 XXX   0 X   -0.06 ARG 121 B

LYS  98 B  10.08    17 %   -0.42  329   0.00    0    0.00 XXX   0 X    0.00 XXX   0 X    0.00 XXX   0 X

LYS 100 B  11.28     0 %   -0.45  274   0.00    0    0.85 GLU 431 B    0.00 XXX   0 X    0.38 GLU 431 B

LYS 126 B  10.87    15 %   -0.75  323   0.00    0    0.85 GLU  78 B    0.00 XXX   0 X   -0.13 ARG  14 A
LYS 126 B                                            0.00 XXX   0 X    0.00 XXX   0 X   -0.05 ARG 122 B
LYS 126 B                                            0.00 XXX   0 X    0.00 XXX   0 X    0.44 GLU  78 B

LYS 158 B  10.45     0 %   -0.17  224   0.00    0    0.00 XXX   0 X    0.00 XXX   0 X    0.02 GLU 161 B
LYS 158 B                                            0.00 XXX   0 X    0.00 XXX   0 X    0.03 GLU 208 B
LYS 158 B                                            0.00 XXX   0 X    0.00 XXX   0 X    0.00 ASP 211 B
LYS 158 B                                            0.00 XXX   0 X    0.00 XXX   0 X   -0.14 ARG 219 B
LYS 158 B                                            0.00 XXX   0 X    0.00 XXX   0 X   -0.06 ARG 222 B
LYS 158 B                                            0.00 XXX   0 X    0.00 XXX   0 X    0.26 TYR 159 B

LYS 175 B  10.19    94 %   -2.23  544   0.00    0    0.85 GLU 171 B    0.00 XXX   0 X   -0.18 ARG 179 B
LYS 175 B                                            0.00 XXX   0 X    0.00 XXX   0 X    0.18 ASP 191 B
LYS 175 B                                            0.00 XXX   0 X    0.00 XXX   0 X   -1.60 LYS 228 B
LYS 175 B                                            0.00 XXX   0 X    0.00 XXX   0 X    1.69 GLU 171 B
LYS 175 B                                            0.00 XXX   0 X    0.00 XXX   0 X    0.97 ASP 197 B

LYS 228 B  12.05    93 %   -3.17  542   0.00    0    0.85 GLU 171 B    0.00 XXX   0 X    1.67 GLU 171 B
LYS 228 B                                            0.85 ASP 197 B    0.00 XXX   0 X    1.35 ASP 197 B

LYS 237 B   9.45    58 %   -0.90  444   0.00    0    0.00 XXX   0 X    0.00 XXX   0 X   -0.02 ARG 179 B
LYS 237 B                                            0.00 XXX   0 X    0.00 XXX   0 X    0.15 ASP 191 B
LYS 237 B                                            0.00 XXX   0 X    0.00 XXX   0 X   -0.08 LYS  98 B
LYS 237 B                                            0.00 XXX   0 X    0.00 XXX   0 X   -0.19 LYS 175 B
LYS 237 B                                            0.00 XXX   0 X    0.00 XXX   0 X   -0.02 LYS 228 B

LYS 248 B  10.23     0 %   -0.27  187   0.00    0    0.00 XXX   0 X    0.00 XXX   0 X    0.00 XXX   0 X

LYS 249 B  12.09    10 %   -0.89  308   0.00    0    0.85 GLU 418 B    0.00 XXX   0 X    0.40 GLU 418 B
LYS 249 B                                            0.85 GLU1780 D    0.00 XXX   0 X    0.38 GLU1780 D

LYS 279 B   9.12    53 %   -1.26  430   0.00    0    0.00 XXX   0 X    0.00 XXX   0 X   -0.14 ARG 277 B
LYS 279 B                                            0.00 XXX   0 X    0.00 XXX   0 X    0.00 ASP 305 B
LYS 279 B                                            0.00 XXX   0 X    0.00 XXX   0 X    0.02 GLU 346 B

LYS 317 B  10.52    25 %   -0.48  350   0.00    0    0.00 XXX   0 X    0.00 XXX   0 X    0.14 ASP 322 B
LYS 317 B                                            0.00 XXX   0 X    0.00 XXX   0 X   -0.06 ARG 376 B
LYS 317 B                                            0.00 XXX   0 X    0.00 XXX   0 X   -0.10 ARG 383 B
LYS 317 B                                            0.00 XXX   0 X    0.00 XXX   0 X    0.41 ASP1689 D
LYS 317 B                                            0.00 XXX   0 X    0.00 XXX   0 X    0.11 ASP1690 D

LYS 343 B  11.86    40 %   -1.36  393   0.00    0    0.85 ASP1550 D    0.00 XXX   0 X   -0.32 ARG 277 B
LYS 343 B                                            0.85 ASP1551 D    0.00 XXX   0 X    0.24 ASP 356 B
LYS 343 B                                            0.00 XXX   0 X    0.00 XXX   0 X    0.60 ASP1550 D
LYS 343 B                                            0.00 XXX   0 X    0.00 XXX   0 X    0.50 ASP1551 D

LYS 347 B  10.37    16 %   -0.51  325   0.00    0    0.00 XXX   0 X    0.00 XXX   0 X   -0.10 ARG 277 B
LYS 347 B                                            0.00 XXX   0 X    0.00 XXX   0 X    0.31 GLU 346 B
LYS 347 B                                            0.00 XXX   0 X    0.00 XXX   0 X    0.16 ASP 356 B

LYS 387 B  10.19    24 %   -0.44  348   0.00    0    0.00 XXX   0 X    0.00 XXX   0 X    0.10 ASP 331 B
LYS 387 B                                            0.00 XXX   0 X    0.00 XXX   0 X    0.02 ASP1690 D

LYS 430 B  10.11    16 %   -0.78  325   0.00    0    0.00 XXX   0 X    0.00 XXX   0 X    0.35 GLU 426 B
LYS 430 B                                            0.00 XXX   0 X    0.00 XXX   0 X    0.05 GLU 429 B
LYS 430 B                                            0.00 XXX   0 X    0.00 XXX   0 X   -0.01 LYS  62 B

LYS 432 B  10.37     0 %   -0.08   98   0.00    0    0.00 XXX   0 X    0.00 XXX   0 X   -0.05 LYS  63 B

ARG  53 B  13.09     0 %   -0.55  259   0.00    0    0.75 GLU  50 B    0.00 XXX   0 X    0.09 ASP  84 B
ARG  53 B                                            0.00 XXX   0 X    0.00 XXX   0 X    0.30 GLU  50 B

ARG 104 B  11.72    23 %   -0.86  347   0.00    0    0.00 XXX   0 X    0.00 XXX   0 X    0.04 ASP  57 B
ARG 104 B                                            0.00 XXX   0 X    0.00 XXX   0 X    0.04 ASP  84 B

ARG 121 B  11.31    48 %   -1.19  416   0.00    0    0.00 XXX   0 X    0.00 XXX   0 X    0.00 XXX   0 X

ARG 122 B  11.60    22 %   -0.77  343   0.00    0    0.00 XXX   0 X    0.00 XXX   0 X    0.15 GLU  78 B
ARG 122 B                                            0.00 XXX   0 X    0.00 XXX   0 X    0.21 GLU  81 B
ARG 122 B                                            0.00 XXX   0 X    0.00 XXX   0 X   -0.45 ARG  14 A
ARG 122 B                                            0.00 XXX   0 X    0.00 XXX   0 X   -0.05 ARG  15 A

ARG 179 B  12.96    61 %   -1.96  452   0.00    0    1.69 ASP 191 B    0.00 XXX   0 X    0.73 ASP 191 B

ARG 190 B  12.22     0 %   -0.30  225   0.00    0    0.00 XXX   0 X    0.00 XXX   0 X    0.01 CYS 182 B
ARG 190 B                                            0.00 XXX   0 X    0.00 XXX   0 X    0.03 ASP 191 B
ARG 190 B                                            0.00 XXX   0 X    0.00 XXX   0 X   -0.03 ARG 179 B

ARG 219 B  13.01    45 %   -1.33  406   0.00    0    1.10 GLU 161 B    0.00 XXX   0 X    0.08 GLU 208 B
ARG 219 B                                            0.00 XXX   0 X    0.00 XXX   0 X    0.67 GLU 161 B

ARG 222 B  11.51    45 %   -0.95  406   0.00    0    0.00 XXX   0 X    0.00 XXX   0 X    0.21 GLU 161 B
ARG 222 B                                            0.00 XXX   0 X    0.00 XXX   0 X    0.22 GLU 208 B
ARG 222 B                                            0.00 XXX   0 X    0.00 XXX   0 X    0.16 ASP 211 B
ARG 222 B                                            0.00 XXX   0 X    0.00 XXX   0 X   -0.38 ARG 219 B
ARG 222 B                                            0.00 XXX   0 X    0.00 XXX   0 X   -0.24 ARG 225 B

ARG 225 B  11.99    93 %   -2.37  542   0.00    0    0.81 GLU 161 B    0.00 XXX   0 X    0.10 CYS 145 B
ARG 225 B                                            0.00 XXX   0 X    0.00 XXX   0 X    0.31 TYR 168 B
ARG 225 B                                            0.00 XXX   0 X    0.00 XXX   0 X    0.05 GLU 208 B
ARG 225 B                                            0.00 XXX   0 X    0.00 XXX   0 X   -0.30 ARG 219 B
ARG 225 B                                            0.00 XXX   0 X    0.00 XXX   0 X    0.88 GLU 161 B

ARG 277 B  12.54    27 %   -0.77  356   0.00    0    0.04 ASP1550 D    0.00 XXX   0 X    0.09 GLU 346 B
ARG 277 B                                            0.00 XXX   0 X    0.00 XXX   0 X    0.27 ASP 356 B
ARG 277 B                                            0.00 XXX   0 X    0.00 XXX   0 X    0.28 ASP1550 D
ARG 277 B                                            0.00 XXX   0 X    0.00 XXX   0 X    0.13 ASP1551 D

ARG 282 B  13.47     0 %   -0.32  279   0.00    0    0.65 TYR 339 B    0.00 XXX   0 X    0.06 ASP 297 B
ARG 282 B                                            0.00 XXX   0 X    0.00 XXX   0 X    0.10 TYR 307 B
ARG 282 B                                            0.00 XXX   0 X    0.00 XXX   0 X    0.09 GLU 312 B
ARG 282 B                                            0.00 XXX   0 X    0.00 XXX   0 X    0.39 TYR 339 B

ARG 340 B  11.97    23 %   -0.65  346   0.00    0    0.00 XXX   0 X    0.00 XXX   0 X    0.07 TYR 307 B
ARG 340 B                                            0.00 XXX   0 X    0.00 XXX   0 X    0.02 CYS 335 B
ARG 340 B                                            0.00 XXX   0 X    0.00 XXX   0 X    0.02 CYS 341 B

ARG 367 B  12.53    82 %   -2.42  510   0.00    0    0.79 ASP 349 B    0.00 XXX   0 X    0.26 ASP 372 B
ARG 367 B                                            0.00 XXX   0 X    0.00 XXX   0 X    0.50 CYS 373 B
ARG 367 B                                            0.00 XXX   0 X    0.00 XXX   0 X    0.06 GLU 901 C
ARG 367 B                                            0.00 XXX   0 X    0.00 XXX   0 X   -0.01 ARG 376 B
ARG 367 B                                            0.00 XXX   0 X    0.00 XXX   0 X    0.84 ASP 349 B

ARG 376 B  13.38    32 %   -0.57  371   0.00    0    0.71 ASP 322 B    0.00 XXX   0 X    0.17 ASP 349 B
ARG 376 B                                            0.00 XXX   0 X    0.00 XXX   0 X    0.01 CYS 373 B
ARG 376 B                                            0.00 XXX   0 X    0.00 XXX   0 X    0.02 GLU 375 B
ARG 376 B                                            0.00 XXX   0 X    0.00 XXX   0 X    0.04 GLU 901 C
ARG 376 B                                            0.00 XXX   0 X    0.00 XXX   0 X    0.50 ASP 322 B

ARG 383 B  12.52    53 %   -1.34  431   0.00    0    0.26 CYS 280 B    0.00 XXX   0 X    0.38 CYS 280 B
ARG 383 B                                            0.00 XXX   0 X    0.00 XXX   0 X    0.32 CYS 326 B
ARG 383 B                                            0.00 XXX   0 X    0.00 XXX   0 X    0.10 CYS 335 B
ARG 383 B                                            0.00 XXX   0 X    0.00 XXX   0 X    0.06 CYS 341 B
ARG 383 B                                            0.00 XXX   0 X    0.00 XXX   0 X    0.06 ASP1689 D
ARG 383 B                                            0.00 XXX   0 X    0.00 XXX   0 X    0.19 ASP1690 D

ARG 433 B  12.70     0 %   -0.09  137   0.00    0    0.00 XXX   0 X    0.00 XXX   0 X    0.18 ASP  66 B
ARG 433 B                                            0.00 XXX   0 X    0.00 XXX   0 X    0.12 C-  433 B

N+   49 B   7.94     0 %   -0.11  110   0.00    0    0.00 XXX   0 X    0.00 XXX   0 X   -0.01 LYS  31 A
N+   49 B                                            0.00 XXX   0 X    0.00 XXX   0 X    0.10 GLU  50 B
N+   49 B                                            0.00 XXX   0 X    0.00 XXX   0 X   -0.05 ARG  53 B

ASP 716 C   4.01     9 %    0.33  307   0.03    0    0.00 XXX   0 X   -0.08 ASP 716 C   -0.03 LYS 711 C
ASP 716 C                                            0.00 XXX   0 X    0.00 XXX   0 X   -0.03 LYS 767 C

ASP 720 C   4.16    12 %    0.35  316   0.03    0    0.00 XXX   0 X    0.00 XXX   0 X   -0.03 LYS 767 C
ASP 720 C                                            0.00 XXX   0 X    0.00 XXX   0 X   -0.04 LYS 817 C
ASP 720 C                                            0.00 XXX   0 X    0.00 XXX   0 X    0.06 ASP 716 C

ASP 772 C   2.73     0 %    0.34  281   0.00    0   -0.85 LYS 707 C    0.00 XXX   0 X   -0.19 LYS 711 C
ASP 772 C                                            0.00 XXX   0 X    0.00 XXX   0 X   -0.38 LYS 707 C

ASP 785 C   2.21    63 %    1.92  459   0.24    0   -0.85 LYS 767 C    0.00 XXX   0 X   -0.37 ARG 814 C
ASP 785 C                                           -0.85 LYS 817 C    0.00 XXX   0 X   -0.83 LYS 767 C
ASP 785 C                                            0.00 XXX   0 X    0.00 XXX   0 X   -0.85 LYS 817 C

ASP 870 C   4.07     0 %    0.25  201   0.00    0    0.00 XXX   0 X    0.00 XXX   0 X   -0.00 LYS 863 C
ASP 870 C                                            0.00 XXX   0 X    0.00 XXX   0 X   -0.06 ARG 869 C
ASP 870 C                                            0.00 XXX   0 X    0.00 XXX   0 X    0.03 ASP 152 B
ASP 870 C                                            0.00 XXX   0 X    0.00 XXX   0 X    0.05 ASP 872 C

ASP 872 C   3.95     0 %    0.16   96   0.00    0    0.00 XXX   0 X    0.00 XXX   0 X   -0.01 ARG 869 C

ASP 883 C   1.98    47 %    1.52  413   0.00    0   -1.60 HIS 886 C   -0.81 HIS 886 C   -0.12 HIS 151 B
ASP 883 C                                            0.00 XXX   0 X    0.00 XXX   0 X   -0.14 HIS 880 C
ASP 883 C                                            0.00 XXX   0 X    0.00 XXX   0 X   -0.67 HIS 886 C

ASP 905 C   5.78    60 %    1.21  449   0.69    0    0.00 XXX   0 X    0.00 XXX   0 X   -0.27 ARG 893 C
ASP 905 C                                            0.00 XXX   0 X    0.00 XXX   0 X    0.26 GLU 901 C
ASP 905 C                                            0.00 XXX   0 X    0.00 XXX   0 X    0.09 GLU 908 C

GLU 698 C   4.70     0 %    0.15  182   0.00    0    0.00 XXX   0 X    0.00 XXX   0 X    0.05 ASP 772 C

GLU 737 C   4.26    66 %    1.65  467   0.27    0   -0.11 GLN 750 C    0.00 XXX   0 X   -0.42 ARG 811 C
GLU 737 C                                           -0.73 ARG 808 C    0.00 XXX   0 X   -0.02 HIS 738 C
GLU 737 C                                            0.00 XXX   0 X    0.00 XXX   0 X   -0.87 ARG 808 C

GLU 744 C   4.57     0 %    0.07   89   0.00    0    0.00 XXX   0 X    0.00 XXX   0 X    0.00 XXX   0 X

GLU 746 C   4.83     0 %    0.23  276   0.00    0    0.00 XXX   0 X    0.00 XXX   0 X   -0.07 ARG 808 C
GLU 746 C                                            0.00 XXX   0 X    0.00 XXX   0 X    0.13 GLU 737 C
GLU 746 C                                            0.00 XXX   0 X    0.00 XXX   0 X    0.03 GLU 747 C

GLU 747 C   4.62     0 %    0.12  139   0.00    0    0.00 XXX   0 X    0.00 XXX   0 X    0.00 XXX   0 X

GLU 763 C   4.48    60 %    1.69  449   0.09    0   -0.85 LYS 767 C    0.00 XXX   0 X   -0.12 ARG 814 C
GLU 763 C                                            0.00 XXX   0 X    0.00 XXX   0 X    0.05 ASP 716 C
GLU 763 C                                            0.00 XXX   0 X    0.00 XXX   0 X    0.08 ASP 720 C
GLU 763 C                                            0.00 XXX   0 X    0.00 XXX   0 X    0.42 ASP 785 C
GLU 763 C                                            0.00 XXX   0 X    0.00 XXX   0 X   -0.80 LYS 767 C
GLU 763 C                                            0.00 XXX   0 X    0.00 XXX   0 X   -0.56 LYS 817 C

GLU 795 C   4.48    49 %    1.19  418   0.19    0   -0.69 ARG 811 C    0.00 XXX   0 X   -0.05 ARG 808 C
GLU 795 C                                            0.00 XXX   0 X    0.00 XXX   0 X   -0.07 ARG 814 C
GLU 795 C                                            0.00 XXX   0 X    0.00 XXX   0 X   -0.59 ARG 811 C

GLU 867 C   4.71     0 %    0.15  224   0.00    0    0.00 XXX   0 X    0.00 XXX   0 X    0.06 ASP 870 C

GLU 898 C   6.29    79 %    1.95  503   0.40    0   -0.81 TRP1421 D    0.00 XXX   0 X   -0.43 ARG 893 C
GLU 898 C                                            0.00 XXX   0 X    0.00 XXX   0 X   -0.43 LYS1419 D
GLU 898 C                                            0.00 XXX   0 X    0.00 XXX   0 X    0.12 GLU 375 B
GLU 898 C                                            0.00 XXX   0 X    0.00 XXX   0 X    0.10 GLU 901 C
GLU 898 C                                            0.00 XXX   0 X    0.00 XXX   0 X    0.01 ASP1423 D
GLU 898 C                                            0.00 XXX   0 X    0.00 XXX   0 X    0.89 ASP 372 B

GLU 901 C   5.19    49 %    0.73  419   0.00    0    0.00 XXX   0 X    0.00 XXX   0 X   -0.06 ARG 367 B
GLU 901 C                                            0.00 XXX   0 X    0.00 XXX   0 X   -0.04 ARG 376 B
GLU 901 C                                            0.00 XXX   0 X    0.00 XXX   0 X   -0.26 ARG 893 C
GLU 901 C                                            0.00 XXX   0 X    0.00 XXX   0 X    0.06 ASP 349 B
GLU 901 C                                            0.00 XXX   0 X    0.00 XXX   0 X    0.19 ASP 372 B
GLU 901 C                                            0.00 XXX   0 X    0.00 XXX   0 X    0.03 GLU 375 B
GLU 901 C                                            0.00 XXX   0 X    0.00 XXX   0 X    0.05 ASP1423 D

GLU 908 C   4.65     0 %    0.20  276   0.00    0    0.00 XXX   0 X    0.00 XXX   0 X   -0.05 HIS 350 B

C-  943 C   3.36     0 %    0.19  247   0.00    0    0.00 XXX   0 X   -0.02 SER 943 C   -0.01 LYS1477 D

HIS 738 C   6.81     2 %   -0.45  287   0.00    0    0.00 XXX   0 X    0.75 LEU 736 C    0.02 GLU 737 C

HIS 880 C   6.08    52 %   -1.31  428   0.00    0    0.00 XXX   0 X    0.74 PRO 877 C   -0.10 ARG 869 C
HIS 880 C                                            0.00 XXX   0 X    0.00 XXX   0 X    0.14 ASP 883 C
HIS 880 C                                            0.00 XXX   0 X    0.00 XXX   0 X   -0.26 HIS 886 C
HIS 880 C                                            0.00 XXX   0 X    0.00 XXX   0 X    0.37 GLU1441 D

HIS 886 C   7.34    66 %   -1.74  467   0.00    0    1.60 ASP 883 C    0.00 XXX   0 X    0.31 GLU1441 D
HIS 886 C                                            0.00 XXX   0 X    0.00 XXX   0 X    0.67 ASP 883 C

CYS 683 C   9.35     0 %    0.44  139   0.00    0    0.00 XXX   0 X   -0.08 CYS 683 C    0.00 XXX   0 X

CYS 686 C   8.96     0 %    0.32  101   0.00    0    0.00 XXX   0 X   -0.20 CYS 686 C    0.00 XXX   0 X
CYS 686 C                                            0.00 XXX   0 X   -0.16 TRP 687 C    0.00 XXX   0 X

CYS 699 C   9.82     0 %    0.67  230   0.00    0    0.00 XXX   0 X    0.00 XXX   0 X    0.04 GLU 698 C
CYS 699 C                                            0.00 XXX   0 X    0.00 XXX   0 X    0.11 CYS 700 C

CYS 700 C   8.45*    0 %    0.30  168   0.00    0   -0.85 TYR 694 C    0.00 XXX   0 X    0.00 XXX   0 X

CYS 726 C   9.88    17 %    0.95  330   0.00    0    0.00 XXX   0 X   -0.10 CYS 726 C    0.02 GLU 763 C

CYS 896 C  12.58    97 %    3.37  552   0.00    0    0.00 XXX   0 X    0.00 XXX   0 X   -0.00 ARG 893 C
CYS 896 C                                            0.00 XXX   0 X    0.00 XXX   0 X    0.21 GLU 898 C

CYS 906 C  12.45    85 %    2.94  519   0.00    0   -0.11 TYR 865 C    0.00 XXX   0 X   -0.05 ARG 893 C
CYS 906 C                                            0.00 XXX   0 X    0.00 XXX   0 X    0.27 ASP 905 C
CYS 906 C                                            0.00 XXX   0 X    0.00 XXX   0 X    0.41 CYS 915 C

CYS 915 C  11.00    42 %    2.00  398   0.00    0    0.00 XXX   0 X    0.00 XXX   0 X    0.00 XXX   0 X

TYR 694 C  11.86*    0 %    0.33  194   0.00    0    0.85 CYS 700 C    0.00 XXX   0 X    0.30 CYS 699 C
TYR 694 C                                            0.00 XXX   0 X    0.00 XXX   0 X    0.38 CYS 700 C

TYR 739 C  10.24     0 %    0.24  278   0.00    0    0.00 XXX   0 X    0.00 XXX   0 X    0.01 GLU1385 D
TYR 739 C                                            0.00 XXX   0 X    0.00 XXX   0 X    0.09 ASP1403 D
TYR 739 C                                            0.00 XXX   0 X    0.00 XXX   0 X   -0.10 LYS1381 D

TYR 774 C  10.60     0 %    0.38  195   0.00    0    0.00 XXX   0 X    0.00 XXX   0 X    0.09 GLU 698 C
TYR 774 C                                            0.00 XXX   0 X    0.00 XXX   0 X    0.13 CYS 699 C

TYR 775 C  10.16     0 %    0.16  209   0.00    0    0.00 XXX   0 X    0.00 XXX   0 X    0.01 ASP 716 C

TYR 776 C  10.17    23 %    1.00  346   0.00    0   -0.85 SER 786 C    0.00 XXX   0 X    0.02 GLU 763 C
TYR 776 C                                            0.00 XXX   0 X    0.00 XXX   0 X    0.19 ASP 785 C
TYR 776 C                                            0.00 XXX   0 X    0.00 XXX   0 X   -0.19 LYS 767 C

TYR 865 C  13.75    71 %    2.10  479   0.00    0    0.11 CYS 906 C    0.00 XXX   0 X    0.44 ASP 905 C
TYR 865 C                                            0.00 XXX   0 X    0.00 XXX   0 X    0.90 CYS 906 C
TYR 865 C                                            0.00 XXX   0 X    0.00 XXX   0 X    0.08 GLU 908 C
TYR 865 C                                            0.00 XXX   0 X    0.00 XXX   0 X    0.12 CYS 915 C

LYS 682 C  10.44     0 %   -0.06   94   0.00    0    0.00 XXX   0 X    0.00 XXX   0 X    0.00 XXX   0 X

LYS 707 C  11.15     0 %   -0.58  269   0.00    0    0.85 ASP 772 C    0.00 XXX   0 X    0.38 ASP 772 C

LYS 711 C  10.11     0 %   -0.39  260   0.00    0    0.00 XXX   0 X    0.00 XXX   0 X    0.03 ASP 716 C
LYS 711 C                                            0.00 XXX   0 X    0.00 XXX   0 X    0.19 ASP 772 C
LYS 711 C                                            0.00 XXX   0 X    0.00 XXX   0 X   -0.22 LYS 707 C

LYS 767 C  11.89    68 %   -2.08  472   0.00    0    0.85 GLU 763 C    0.00 XXX   0 X    0.03 ASP 716 C
LYS 767 C                                            0.85 ASP 785 C    0.00 XXX   0 X    0.03 ASP 720 C
LYS 767 C                                            0.00 XXX   0 X    0.00 XXX   0 X   -0.11 ARG 814 C
LYS 767 C                                            0.00 XXX   0 X    0.00 XXX   0 X    0.19 TYR 776 C
LYS 767 C                                            0.00 XXX   0 X    0.00 XXX   0 X    0.80 GLU 763 C
LYS 767 C                                            0.00 XXX   0 X    0.00 XXX   0 X    0.83 ASP 785 C

LYS 817 C   9.52    72 %   -2.09  482   0.00    0    0.85 ASP 785 C    0.00 XXX   0 X    0.04 ASP 720 C
LYS 817 C                                            0.00 XXX   0 X    0.00 XXX   0 X   -0.39 ARG 814 C
LYS 817 C                                            0.00 XXX   0 X    0.00 XXX   0 X   -0.80 LYS 767 C
LYS 817 C                                            0.00 XXX   0 X    0.00 XXX   0 X    0.56 GLU 763 C
LYS 817 C                                            0.00 XXX   0 X    0.00 XXX   0 X    0.85 ASP 785 C

LYS 820 C  10.38     0 %   -0.12  158   0.00    0    0.00 XXX   0 X    0.00 XXX   0 X    0.00 XXX   0 X

LYS 830 C  10.26     0 %   -0.16  236   0.00    0    0.00 XXX   0 X    0.00 XXX   0 X   -0.09 LYS 820 C

LYS 863 C   9.92    39 %   -1.51  391   0.00    0    0.47 ASP 152 B    0.00 XXX   0 X    0.00 ASP 870 C
LYS 863 C                                            0.00 XXX   0 X    0.00 XXX   0 X    0.46 ASP 152 B

ARG 689 C  12.20     0 %   -0.30  103   0.00    0    0.00 XXX   0 X    0.00 XXX   0 X    0.00 XXX   0 X

ARG 693 C  12.36     0 %   -0.14  150   0.00    0    0.00 XXX   0 X    0.00 XXX   0 X    0.00 XXX   0 X

ARG 800 C  12.43     0 %   -0.07   92   0.00    0    0.00 XXX   0 X    0.00 XXX   0 X    0.00 XXX   0 X

ARG 808 C  12.90    71 %   -1.33  479   0.00    0    0.73 GLU 737 C    0.00 XXX   0 X    0.07 GLU 746 C
ARG 808 C                                            0.00 XXX   0 X    0.00 XXX   0 X    0.05 GLU 795 C
ARG 808 C                                            0.00 XXX   0 X    0.00 XXX   0 X    0.01 TYR1434 D
ARG 808 C                                            0.00 XXX   0 X    0.00 XXX   0 X    0.87 GLU 737 C

ARG 811 C  11.86    73 %   -1.73  485   0.00    0    0.69 GLU 795 C    0.00 XXX   0 X    0.42 GLU 737 C
ARG 811 C                                            0.00 XXX   0 X    0.00 XXX   0 X   -0.61 ARG 808 C
ARG 811 C                                            0.00 XXX   0 X    0.00 XXX   0 X    0.59 GLU 795 C

ARG 814 C  10.96    74 %   -2.10  488   0.00    0    0.00 XXX   0 X    0.00 XXX   0 X    0.12 GLU 763 C
ARG 814 C                                            0.00 XXX   0 X    0.00 XXX   0 X    0.37 ASP 785 C
ARG 814 C                                            0.00 XXX   0 X    0.00 XXX   0 X    0.07 GLU 795 C

ARG 869 C  12.42     0 %   -0.17  230   0.00    0    0.00 XXX   0 X    0.00 XXX   0 X    0.06 ASP 870 C
ARG 869 C                                            0.00 XXX   0 X    0.00 XXX   0 X    0.01 ASP 872 C
ARG 869 C                                            0.00 XXX   0 X    0.00 XXX   0 X    0.02 GLU1441 D

ARG 878 C  13.57    61 %   -2.22  452   0.00    0    1.64 ASP1430 D    0.00 XXX   0 X    0.30 TYR1426 D
ARG 878 C                                            0.00 XXX   0 X    0.00 XXX   0 X    0.27 GLU1441 D
ARG 878 C                                            0.00 XXX   0 X    0.00 XXX   0 X    0.32 TYR1447 D
ARG 878 C                                            0.00 XXX   0 X    0.00 XXX   0 X    0.76 ASP1430 D

ARG 893 C  12.50    88 %   -2.19  527   0.00    0    0.00 XXX   0 X    0.00 XXX   0 X    0.30 ASP 372 B
ARG 893 C                                            0.00 XXX   0 X    0.00 XXX   0 X    0.18 CYS 373 B
ARG 893 C                                            0.00 XXX   0 X    0.00 XXX   0 X    0.00 CYS 896 C
ARG 893 C                                            0.00 XXX   0 X    0.00 XXX   0 X    0.43 GLU 898 C
ARG 893 C                                            0.00 XXX   0 X    0.00 XXX   0 X    0.26 GLU 901 C
ARG 893 C                                            0.00 XXX   0 X    0.00 XXX   0 X    0.27 ASP 905 C
ARG 893 C                                            0.00 XXX   0 X    0.00 XXX   0 X    0.05 CYS 906 C
ARG 893 C                                            0.00 XXX   0 X    0.00 XXX   0 X    0.69 TYR1426 D
ARG 893 C                                            0.00 XXX   0 X    0.00 XXX   0 X    0.01 TYR1447 D

N+  681 C   7.90     0 %   -0.10   96   0.00    0    0.00 XXX   0 X    0.00 XXX   0 X    0.00 XXX   0 X

ASP1163 D   3.54     0 %    0.22  175   0.00    0    0.00 XXX   0 X   -0.04 ASP1163 D   -0.13 N+ 1162 D
ASP1163 D                                            0.00 XXX   0 X    0.00 XXX   0 X   -0.28 LYS1162 D
ASP1163 D                                            0.00 XXX   0 X    0.00 XXX   0 X   -0.12 LYS1196 D
ASP1163 D                                            0.00 XXX   0 X    0.00 XXX   0 X    0.10 ASP1166 D

ASP1166 D   3.13    12 %    0.62  315   0.06    0   -0.85 LYS1196 D    0.00 XXX   0 X   -0.02 N+ 1162 D
ASP1166 D                                            0.00 XXX   0 X    0.00 XXX   0 X   -0.01 LYS1162 D
ASP1166 D                                            0.00 XXX   0 X    0.00 XXX   0 X   -0.05 ARG1195 D
ASP1166 D                                            0.00 XXX   0 X    0.00 XXX   0 X   -0.01 HIS1200 D
ASP1166 D                                            0.00 XXX   0 X    0.00 XXX   0 X   -0.41 LYS1196 D

ASP1182 D   2.24     0 %    0.35  164   0.00    0   -0.85 THR1184 D   -0.06 THR1183 D   -0.13 N+ 1162 D
ASP1182 D                                            0.00 XXX   0 X   -0.82 THR1184 D   -0.05 LYS1189 D

ASP1226 D   3.93    15 %    0.61  323   0.10    0    0.00 XXX   0 X   -0.48 ILE1227 D   -0.01 ARG1232 D
ASP1226 D                                            0.00 XXX   0 X   -0.09 TYR1228 D    0.00 XXX   0 X

ASP1243 D   3.13    62 %    1.28  454   0.24    0   -0.73 ARG1309 D    0.00 XXX   0 X   -0.12 LYS1236 D
ASP1243 D                                            0.00 XXX   0 X    0.00 XXX   0 X   -0.22 LYS1244 D
ASP1243 D                                            0.00 XXX   0 X    0.00 XXX   0 X   -0.01 ARG1303 D
ASP1243 D                                            0.00 XXX   0 X    0.00 XXX   0 X   -0.31 ARG1306 D
ASP1243 D                                            0.00 XXX   0 X    0.00 XXX   0 X   -0.81 ARG1309 D

ASP1275 D   1.39    78 %    2.45  500   0.28    0   -0.09 LYS1257 D    0.00 XXX   0 X   -1.18 LYS1257 D
ASP1275 D                                           -0.79 ARG1312 D    0.00 XXX   0 X   -0.88 ARG1312 D
ASP1275 D                                           -1.28 ARG1316 D    0.00 XXX   0 X   -0.92 ARG1316 D

ASP1280 D   4.58    23 %    0.65  346   0.13    0    0.00 XXX   0 X    0.00 XXX   0 X    0.00 XXX   0 X

ASP1370 D   3.58     0 %    0.17  210   0.00    0    0.00 XXX   0 X   -0.40 ASP1370 D    0.00 XXX   0 X

ASP1403 D   4.03    37 %    1.02  384   0.09    0    0.00 XXX   0 X   -0.69 GLY1358 D   -0.00 LYS1359 D
ASP1403 D                                            0.00 XXX   0 X    0.00 XXX   0 X   -0.19 LYS1397 D

ASP1423 D   4.96    60 %    0.94  448   0.20    0    0.00 XXX   0 X    0.00 XXX   0 X   -0.08 LYS1399 D
ASP1423 D                                            0.00 XXX   0 X    0.00 XXX   0 X   -0.01 LYS1419 D
ASP1423 D                                            0.00 XXX   0 X    0.00 XXX   0 X    0.05 GLU 375 B
ASP1423 D                                            0.00 XXX   0 X    0.00 XXX   0 X    0.06 ASP1714 D

ASP1430 D   2.32    61 %    2.50  453   0.70    0   -1.64 ARG 878 C   -0.82 GLU1441 D   -0.76 ARG 878 C
ASP1430 D                                           -0.73 ARG1362 D    0.00 XXX   0 X   -0.74 ARG1362 D

ASP1471 D   4.67    27 %    0.71  357   0.10    0   -0.13 GLN1475 D    0.00 XXX   0 X    0.19 C-  943 C

ASP1484 D   3.03     5 %    0.42  295   0.06    0   -0.85 LYS1492 D    0.00 XXX   0 X   -0.40 LYS1492 D

ASP1523 D   3.73     0 %    0.29  254   0.00    0    0.00 XXX   0 X    0.00 XXX   0 X   -0.03 LYS1508 D
ASP1523 D                                            0.00 XXX   0 X    0.00 XXX   0 X   -0.34 LYS1527 D
ASP1523 D                                            0.00 XXX   0 X    0.00 XXX   0 X    0.01 ASP1802 D

ASP1531 D   4.41    41 %    0.89  396   0.12    0    0.00 XXX   0 X    0.00 XXX   0 X   -0.24 LYS1578 D
ASP1531 D                                            0.00 XXX   0 X    0.00 XXX   0 X   -0.01 ARG1632 D
ASP1531 D                                            0.00 XXX   0 X    0.00 XXX   0 X   -0.39 ARG1635 D
ASP1531 D                                            0.00 XXX   0 X    0.00 XXX   0 X    0.21 GLU1574 D
ASP1531 D                                            0.00 XXX   0 X    0.00 XXX   0 X    0.02 ASP1595 D

ASP1550 D   4.45    48 %    1.50  417   0.00    0   -0.04 ARG 277 B   -0.03 ASP1551 D   -0.28 ARG 277 B
ASP1550 D                                           -0.85 LYS 343 B    0.00 XXX   0 X   -0.08 HIS 278 B
ASP1550 D                                            0.00 XXX   0 X    0.00 XXX   0 X    0.50 ASP 356 B
ASP1550 D                                            0.00 XXX   0 X    0.00 XXX   0 X   -0.60 LYS 343 B
ASP1550 D                                            0.00 XXX   0 X    0.00 XXX   0 X    0.52 ASP1551 D

ASP1551 D   2.80    18 %    0.50  331   0.00    0   -0.85 LYS 343 B    0.00 XXX   0 X   -0.13 ARG 277 B
ASP1551 D                                            0.00 XXX   0 X    0.00 XXX   0 X   -0.00 LYS1614 D
ASP1551 D                                            0.00 XXX   0 X    0.00 XXX   0 X   -0.02 HIS 278 B
ASP1551 D                                            0.00 XXX   0 X    0.00 XXX   0 X   -0.50 LYS 343 B

ASP1595 D   3.79    67 %    2.46  469   0.35    0   -0.83 ASN1592 D    0.00 XXX   0 X   -0.11 LYS1578 D
ASP1595 D                                           -0.81 ARG1635 D    0.00 XXX   0 X    0.38 GLU1574 D
ASP1595 D                                            0.00 XXX   0 X    0.00 XXX   0 X   -0.59 ARG1632 D
ASP1595 D                                            0.00 XXX   0 X    0.00 XXX   0 X   -0.85 ARG1635 D

ASP1610 D   2.80     0 %    0.24  242   0.00    0   -0.85 LYS1614 D    0.00 XXX   0 X   -0.01 ARG1626 D
ASP1610 D                                            0.00 XXX   0 X    0.00 XXX   0 X   -0.38 LYS1614 D

ASP1689 D   3.73    47 %    0.95  412   0.23    0    0.00 XXX   0 X   -0.77 ASP1690 D   -0.41 LYS 317 B
ASP1689 D                                            0.00 XXX   0 X    0.00 XXX   0 X   -0.06 ARG 383 B

ASP1690 D   4.53    34 %    0.63  376   0.00    0    0.00 XXX   0 X    0.00 XXX   0 X   -0.11 LYS 317 B
ASP1690 D                                            0.00 XXX   0 X    0.00 XXX   0 X   -0.19 ARG 383 B
ASP1690 D                                            0.00 XXX   0 X    0.00 XXX   0 X   -0.02 LYS 387 B
ASP1690 D                                            0.00 XXX   0 X    0.00 XXX   0 X    0.04 ASP 331 B
ASP1690 D                                            0.00 XXX   0 X    0.00 XXX   0 X    0.39 ASP1689 D

ASP1714 D   4.57    65 %    1.40  463   0.03    0    0.00 XXX   0 X   -0.11 ASP1714 D   -0.37 LYS1399 D
ASP1714 D                                            0.00 XXX   0 X   -0.23 GLY1715 D   -0.06 LYS1419 D
ASP1714 D                                            0.00 XXX   0 X    0.00 XXX   0 X    0.12 GLU 375 B

ASP1729 D   3.35     0 %    0.14  138   0.00    0    0.00 XXX   0 X   -0.59 ASP1729 D    0.00 XXX   0 X

ASP1741 D   4.00     0 %    0.24  230   0.00    0    0.00 XXX   0 X    0.00 XXX   0 X   -0.04 LYS1683 D
ASP1741 D                                            0.00 XXX   0 X    0.00 XXX   0 X   -0.00 ARG1739 D

ASP1789 D   1.67    30 %    1.07  366   0.00    0   -0.61 LYS1504 D   -0.50 ASP1790 D   -0.09 LYS1500 D
ASP1789 D                                           -0.85 LYS1872 D    0.00 XXX   0 X   -0.11 ARG1826 D
ASP1789 D                                            0.00 XXX   0 X    0.00 XXX   0 X   -0.49 LYS1504 D
ASP1789 D                                            0.00 XXX   0 X    0.00 XXX   0 X   -0.55 LYS1872 D

ASP1790 D   3.56    32 %    1.20  372   0.00    0   -0.84 ARG1826 D   -0.12 ASP1790 D   -0.03 LYS1500 D
ASP1790 D                                            0.00 XXX   0 X    0.00 XXX   0 X   -0.04 LYS1504 D
ASP1790 D                                            0.00 XXX   0 X    0.00 XXX   0 X   -0.40 LYS1872 D
ASP1790 D                                            0.00 XXX   0 X    0.00 XXX   0 X    0.30 ASP1789 D
ASP1790 D                                            0.00 XXX   0 X    0.00 XXX   0 X    0.10 ASP1869 D
ASP1790 D                                            0.00 XXX   0 X    0.00 XXX   0 X   -0.41 ARG1826 D

ASP1792 D   3.93    20 %    0.78  336   0.12    0    0.00 XXX   0 X   -0.84 ASP1789 D   -0.23 LYS1504 D
ASP1792 D                                            0.00 XXX   0 X    0.00 XXX   0 X   -0.03 LYS1505 D
ASP1792 D                                            0.00 XXX   0 X    0.00 XXX   0 X   -0.02 ARG1826 D
ASP1792 D                                            0.00 XXX   0 X    0.00 XXX   0 X   -0.14 LYS1872 D
ASP1792 D                                            0.00 XXX   0 X    0.00 XXX   0 X    0.30 ASP1789 D
ASP1792 D                                            0.00 XXX   0 X    0.00 XXX   0 X    0.05 ASP1790 D
ASP1792 D                                            0.00 XXX   0 X    0.00 XXX   0 X    0.14 GLU1876 D

ASP1802 D   3.19    25 %    0.71  351   0.10    0   -0.79 LYS1508 D    0.00 XXX   0 X   -0.14 ARG1512 D
ASP1802 D                                            0.00 XXX   0 X    0.00 XXX   0 X   -0.49 LYS1508 D

ASP1816 D   4.01     0 %    0.21  175   0.00    0    0.00 XXX   0 X    0.00 XXX   0 X    0.00 XXX   0 X

ASP1819 D   4.10     0 %    0.21  210   0.00    0    0.00 XXX   0 X    0.00 XXX   0 X    0.09 ASP1816 D

ASP1839 D   2.18     0 %    0.35  222   0.00    0   -1.38 ARG1860 D    0.00 XXX   0 X   -0.21 LYS1859 D
ASP1839 D                                            0.00 XXX   0 X    0.00 XXX   0 X   -0.38 ARG1860 D

ASP1846 D   4.01     0 %    0.21  165   0.00    0    0.00 XXX   0 X    0.00 XXX   0 X    0.00 XXX   0 X

ASP1852 D   4.14    14 %    0.53  320   0.04    0    0.00 XXX   0 X    0.00 XXX   0 X    0.01 ASP1839 D
ASP1852 D                                            0.00 XXX   0 X    0.00 XXX   0 X   -0.24 HIS1849 D

ASP1869 D   3.01     0 %    0.28  256   0.00    0    0.00 XXX   0 X   -0.72 GLY1866 D   -0.06 LYS1500 D
ASP1869 D                                            0.00 XXX   0 X   -0.24 ASP1869 D   -0.02 ARG1826 D
ASP1869 D                                            0.00 XXX   0 X    0.00 XXX   0 X   -0.03 LYS1872 D

GLU1165 D   3.55     0 %    0.31  258   0.00    0   -0.85 LYS1264 D    0.00 XXX   0 X   -0.05 ARG1195 D
GLU1165 D                                            0.00 XXX   0 X    0.00 XXX   0 X    0.02 ASP1166 D
GLU1165 D                                            0.00 XXX   0 X    0.00 XXX   0 X   -0.38 LYS1264 D

GLU1170 D   2.15     0 %    0.68  278   0.00    0   -0.66 THR1268 D   -0.64 TYR1266 D   -0.03 ARG1175 D
GLU1170 D                                            0.00 XXX   0 X   -0.73 PHE1267 D   -0.18 LYS1265 D
GLU1170 D                                            0.00 XXX   0 X   -0.79 THR1268 D    0.00 XXX   0 X

GLU1203 D   4.70     0 %    0.31  243   0.00    0    0.00 XXX   0 X    0.00 XXX   0 X   -0.02 LYS1265 D
GLU1203 D                                            0.00 XXX   0 X    0.00 XXX   0 X   -0.08 HIS1200 D

GLU1208 D   4.59    33 %    0.57  374   0.00    0    0.00 XXX   0 X    0.00 XXX   0 X   -0.19 LYS1257 D
GLU1208 D                                            0.00 XXX   0 X    0.00 XXX   0 X   -0.05 ARG1312 D
GLU1208 D                                            0.00 XXX   0 X    0.00 XXX   0 X   -0.49 ARG1316 D
GLU1208 D                                            0.00 XXX   0 X    0.00 XXX   0 X   -0.02 ARG1321 D
GLU1208 D                                            0.00 XXX   0 X    0.00 XXX   0 X    0.08 GLU1253 D
GLU1208 D                                            0.00 XXX   0 X    0.00 XXX   0 X    0.18 ASP1275 D

GLU1225 D   3.85    63 %    1.45  458   0.38    0   -1.37 ARG1306 D    0.00 XXX   0 X   -0.31 LYS1236 D
GLU1225 D                                            0.00 XXX   0 X    0.00 XXX   0 X   -0.08 ARG1309 D
GLU1225 D                                            0.00 XXX   0 X    0.00 XXX   0 X    0.09 ASP1243 D
GLU1225 D                                            0.00 XXX   0 X    0.00 XXX   0 X   -0.81 ARG1306 D

GLU1230 D   4.61     0 %    0.23  276   0.00    0    0.00 XXX   0 X    0.00 XXX   0 X   -0.01 LYS1233 D
GLU1230 D                                            0.00 XXX   0 X    0.00 XXX   0 X   -0.22 LYS1236 D
GLU1230 D                                            0.00 XXX   0 X    0.00 XXX   0 X    0.06 GLU1225 D
GLU1230 D                                            0.00 XXX   0 X    0.00 XXX   0 X    0.04 GLU1240 D
GLU1230 D                                            0.00 XXX   0 X    0.00 XXX   0 X    0.01 ASP1741 D

GLU1231 D   4.82     0 %    0.20  163   0.00    0    0.00 XXX   0 X    0.00 XXX   0 X    0.12 GLU1230 D

GLU1240 D   4.08    31 %    0.70  368   0.08    0   -0.85 LYS1236 D    0.00 XXX   0 X   -0.00 LYS1233 D
GLU1240 D                                            0.00 XXX   0 X    0.00 XXX   0 X   -0.12 LYS1244 D
GLU1240 D                                            0.00 XXX   0 X    0.00 XXX   0 X   -0.02 ARG1303 D
GLU1240 D                                            0.00 XXX   0 X    0.00 XXX   0 X   -0.18 ARG1306 D
GLU1240 D                                            0.00 XXX   0 X    0.00 XXX   0 X   -0.06 ARG1309 D
GLU1240 D                                            0.00 XXX   0 X    0.00 XXX   0 X    0.13 GLU1225 D
GLU1240 D                                            0.00 XXX   0 X    0.00 XXX   0 X    0.40 ASP1243 D
GLU1240 D                                            0.00 XXX   0 X    0.00 XXX   0 X   -0.50 LYS1236 D

GLU1253 D   2.79    88 %    3.16  528   0.18    0   -0.85 LYS1257 D    0.00 XXX   0 X   -0.44 ARG1316 D
GLU1253 D                                           -1.64 ARG1312 D    0.00 XXX   0 X   -1.35 LYS1257 D
GLU1253 D                                            0.00 XXX   0 X    0.00 XXX   0 X    0.64 ASP1275 D
GLU1253 D                                            0.00 XXX   0 X    0.00 XXX   0 X   -1.40 ARG1312 D

GLU1295 D   4.45     0 %    0.12  149   0.00    0    0.00 XXX   0 X    0.00 XXX   0 X   -0.16 ARG1303 D

GLU1318 D   3.82     7 %    0.42  301   0.01    0    0.00 XXX   0 X   -0.84 GLU1489 D   -0.19 ARG1321 D
GLU1318 D                                            0.00 XXX   0 X    0.00 XXX   0 X   -0.08 LYS1492 D
GLU1318 D                                            0.00 XXX   0 X    0.00 XXX   0 X   -0.02 LYS1493 D
GLU1318 D                                            0.00 XXX   0 X    0.00 XXX   0 X    0.02 ASP1484 D

GLU1368 D   4.57     0 %    0.07   98   0.00    0    0.00 XXX   0 X    0.00 XXX   0 X    0.00 XXX   0 X

GLU1385 D   3.61     9 %    0.37  306   0.02    0   -0.85 LYS1381 D    0.00 XXX   0 X   -0.42 LYS1381 D

GLU1392 D   4.64     0 %    0.14  168   0.00    0    0.00 XXX   0 X    0.00 XXX   0 X    0.00 XXX   0 X

GLU1435 D   4.58     0 %    0.11  147   0.00    0    0.00 XXX   0 X    0.00 XXX   0 X   -0.04 LYS1381 D
GLU1435 D                                            0.00 XXX   0 X    0.00 XXX   0 X    0.01 GLU1436 D

GLU1436 D   3.77     0 %    0.32  229   0.00    0   -0.68 ARG1432 D    0.00 XXX   0 X   -0.01 LYS1359 D
GLU1436 D                                            0.00 XXX   0 X    0.00 XXX   0 X   -0.37 ARG1432 D

GLU1441 D   5.02    52 %    1.14  427   0.13    0    0.00 XXX   0 X    0.00 XXX   0 X   -0.02 ARG 869 C
GLU1441 D                                            0.00 XXX   0 X    0.00 XXX   0 X   -0.27 ARG 878 C
GLU1441 D                                            0.00 XXX   0 X    0.00 XXX   0 X   -0.37 HIS 880 C
GLU1441 D                                            0.00 XXX   0 X    0.00 XXX   0 X    0.06 ASP 883 C
GLU1441 D                                            0.00 XXX   0 X    0.00 XXX   0 X   -0.31 HIS 886 C
GLU1441 D                                            0.00 XXX   0 X    0.00 XXX   0 X    0.18 ASP1430 D

GLU1489 D   4.66     0 %    0.15  213   0.00    0    0.00 XXX   0 X    0.00 XXX   0 X   -0.18 LYS1492 D
GLU1489 D                                            0.00 XXX   0 X    0.00 XXX   0 X   -0.25 LYS1493 D
GLU1489 D                                            0.00 XXX   0 X    0.00 XXX   0 X    0.17 GLU1318 D
GLU1489 D                                            0.00 XXX   0 X    0.00 XXX   0 X    0.05 ASP1484 D
GLU1489 D                                            0.00 XXX   0 X    0.00 XXX   0 X    0.09 GLU1490 D
GLU1489 D                                            0.00 XXX   0 X    0.00 XXX   0 X    0.12 GLU1867 D

GLU1490 D   4.52     0 %    0.17  218   0.00    0    0.00 XXX   0 X    0.00 XXX   0 X   -0.20 LYS1493 D
GLU1490 D                                            0.00 XXX   0 X    0.00 XXX   0 X    0.05 GLU1318 D

GLU1548 D   3.39    78 %    2.04  500   0.41    0   -1.60 ARG1629 D    0.00 XXX   0 X   -0.58 ARG1626 D
GLU1548 D                                            0.00 XXX   0 X    0.00 XXX   0 X   -1.37 ARG1629 D

GLU1555 D   4.57     0 %    0.07   73   0.00    0    0.00 XXX   0 X    0.00 XXX   0 X    0.00 XXX   0 X

GLU1574 D   1.61    78 %    2.50  499   0.23    0   -0.85 LYS1578 D    0.00 XXX   0 X   -0.96 LYS1578 D
GLU1574 D                                           -0.72 ARG1632 D    0.00 XXX   0 X   -1.04 ARG1632 D
GLU1574 D                                           -1.00 ARG1635 D    0.00 XXX   0 X   -1.05 ARG1635 D

GLU1685 D   4.75     0 %    0.25  258   0.00    0    0.00 XXX   0 X    0.00 XXX   0 X    0.00 XXX   0 X

GLU1773 D   4.13    61 %    2.01  453   0.00    0   -0.85 TYR1495 D    0.00 XXX   0 X   -0.01 LYS1477 D
GLU1773 D                                           -0.85 LYS1499 D    0.00 XXX   0 X   -0.68 LYS1499 D

GLU1780 D   3.50     0 %    0.23  251   0.00    0   -0.85 LYS 249 B    0.00 XXX   0 X   -0.38 LYS 249 B

GLU1781 D   4.66     0 %    0.10  187   0.00    0    0.00 XXX   0 X    0.00 XXX   0 X    0.06 GLU1780 D

GLU1784 D   4.58     0 %    0.08   70   0.00    0    0.00 XXX   0 X    0.00 XXX   0 X    0.00 XXX   0 X

GLU1788 D   4.31     0 %    0.18  176   0.00    0    0.00 XXX   0 X   -0.40 GLU1788 D   -0.03 ARG1826 D
GLU1788 D                                            0.00 XXX   0 X    0.00 XXX   0 X    0.07 ASP1792 D

GLU1796 D   4.65     0 %    0.22  271   0.00    0    0.00 XXX   0 X    0.00 XXX   0 X   -0.21 LYS1505 D
GLU1796 D                                            0.00 XXX   0 X    0.00 XXX   0 X   -0.18 LYS1800 D
GLU1796 D                                            0.00 XXX   0 X    0.00 XXX   0 X    0.08 ASP1792 D
GLU1796 D                                            0.00 XXX   0 X    0.00 XXX   0 X    0.24 GLU1799 D

GLU1799 D   3.52     0 %    0.36  249   0.00    0   -0.85 LYS1505 D    0.00 XXX   0 X   -0.06 LYS1508 D
GLU1799 D                                            0.00 XXX   0 X    0.00 XXX   0 X   -0.10 LYS1800 D
GLU1799 D                                            0.00 XXX   0 X    0.00 XXX   0 X    0.05 ASP1802 D
GLU1799 D                                            0.00 XXX   0 X    0.00 XXX   0 X   -0.38 LYS1505 D

GLU1804 D   4.69     0 %    0.19  244   0.00    0    0.00 XXX   0 X    0.00 XXX   0 X   -0.02 ARG1847 D
GLU1804 D                                            0.00 XXX   0 X    0.00 XXX   0 X    0.01 GLU1810 D

GLU1810 D   4.63     0 %    0.22  195   0.00    0   -0.05 SER1812 D    0.00 XXX   0 X   -0.13 ARG1847 D
GLU1810 D                                            0.00 XXX   0 X    0.00 XXX   0 X    0.08 ASP1846 D

GLU1823 D   3.03     0 %    0.29  209   0.00    0   -0.53 GLN1832 D    0.00 XXX   0 X   -0.38 LYS1829 D
GLU1823 D                                           -0.85 LYS1829 D    0.00 XXX   0 X    0.00 XXX   0 X

GLU1864 D   4.54     0 %    0.04   77   0.00    0    0.00 XXX   0 X    0.00 XXX   0 X    0.00 XXX   0 X

GLU1867 D   4.39     0 %    0.19  231   0.00    0    0.00 XXX   0 X    0.00 XXX   0 X   -0.19 LYS1492 D
GLU1867 D                                            0.00 XXX   0 X    0.00 XXX   0 X   -0.19 LYS1493 D
GLU1867 D                                            0.00 XXX   0 X    0.00 XXX   0 X    0.07 ASP1484 D

GLU1876 D   3.70    54 %    2.09  433   0.17    0   -0.85 LYS1504 D    0.00 XXX   0 X   -0.05 LYS1500 D
GLU1876 D                                           -0.69 TYR1795 D    0.00 XXX   0 X    0.13 ASP1790 D
GLU1876 D                                           -0.85 LYS1872 D    0.00 XXX   0 X   -0.61 LYS1504 D
GLU1876 D                                            0.00 XXX   0 X    0.00 XXX   0 X    0.51 ASP1789 D
GLU1876 D                                            0.00 XXX   0 X    0.00 XXX   0 X   -0.64 LYS1872 D

GLU1877 D   4.83     2 %    0.33  288   0.01    0    0.00 XXX   0 X    0.00 XXX   0 X   -0.01 LYS1878 D

C- 1882 D   3.58    31 %    0.64  367   0.00    0    0.00 XXX   0 X    0.00 XXX   0 X   -0.26 ARG1512 D

HIS1200 D   6.26     0 %   -0.23  216   0.00    0    0.00 XXX   0 X    0.00 XXX   0 X   -0.01 ARG1193 D
HIS1200 D                                            0.00 XXX   0 X    0.00 XXX   0 X   -0.09 LYS1196 D
HIS1200 D                                            0.00 XXX   0 X    0.00 XXX   0 X    0.01 ASP1166 D
HIS1200 D                                            0.00 XXX   0 X    0.00 XXX   0 X    0.08 GLU1203 D

HIS1204 D   6.20     0 %   -0.30  194   0.00    0    0.00 XXX   0 X    0.00 XXX   0 X    0.00 XXX   0 X

HIS1584 D   5.91     0 %   -0.31  224   0.00    0    0.00 XXX   0 X    0.00 XXX   0 X   -0.29 ARG1583 D

HIS1849 D   5.89    23 %   -0.85  345   0.00    0    0.00 XXX   0 X    0.00 XXX   0 X    0.24 ASP1852 D

CYS1167 D  10.19    35 %    1.53  378   0.00    0    0.00 XXX   0 X   -0.02 PHE1168 D   -0.05 ARG1195 D
CYS1167 D                                            0.00 XXX   0 X    0.00 XXX   0 X   -0.12 LYS1264 D
CYS1167 D                                            0.00 XXX   0 X    0.00 XXX   0 X   -0.33 LYS1265 D
CYS1167 D                                            0.00 XXX   0 X    0.00 XXX   0 X    0.04 GLU1165 D
CYS1167 D                                            0.00 XXX   0 X    0.00 XXX   0 X    0.04 ASP1166 D
CYS1167 D                                            0.00 XXX   0 X    0.00 XXX   0 X    0.04 GLU1170 D
CYS1167 D                                            0.00 XXX   0 X    0.00 XXX   0 X    0.05 CYS1178 D
CYS1167 D                                            0.00 XXX   0 X    0.00 XXX   0 X    0.01 GLU1203 D

CYS1172 D   8.85     0 %    0.25  130   0.00    0   -0.09 ARG1175 D    0.00 XXX   0 X   -0.31 ARG1175 D

CYS1176 D   9.12     0 %    0.13  112   0.00    0    0.00 XXX   0 X   -0.02 CYS1176 D    0.00 XXX   0 X

CYS1178 D   9.59     0 %    0.52  227   0.00    0    0.00 XXX   0 X   -0.13 CYS1178 D   -0.11 LYS1264 D
CYS1178 D                                            0.00 XXX   0 X    0.00 XXX   0 X    0.22 GLU1165 D
CYS1178 D                                            0.00 XXX   0 X    0.00 XXX   0 X    0.05 ASP1166 D
CYS1178 D                                            0.00 XXX   0 X    0.00 XXX   0 X    0.04 CYS1179 D

CYS1179 D   9.32     0 %    0.20  155   0.00    0    0.00 XXX   0 X   -0.02 ALA1180 D   -0.01 N+ 1162 D
CYS1179 D                                            0.00 XXX   0 X    0.00 XXX   0 X   -0.02 LYS1264 D
CYS1179 D                                            0.00 XXX   0 X    0.00 XXX   0 X    0.15 GLU1165 D
CYS1179 D                                            0.00 XXX   0 X    0.00 XXX   0 X    0.01 ASP1182 D

CYS1198 D   9.95    13 %    0.96  317   0.00    0    0.00 XXX   0 X    0.00 XXX   0 X   -0.01 ARG1195 D

CYS1272 D   9.85    30 %    0.83  366   0.00    0   -0.01 ASN1269 D    0.00 XXX   0 X   -0.09 LYS1257 D
CYS1272 D                                            0.00 XXX   0 X    0.00 XXX   0 X   -0.11 LYS1265 D
CYS1272 D                                            0.00 XXX   0 X    0.00 XXX   0 X   -0.11 ARG1316 D
CYS1272 D                                            0.00 XXX   0 X    0.00 XXX   0 X   -0.06 ARG1321 D
CYS1272 D                                            0.00 XXX   0 X    0.00 XXX   0 X    0.14 GLU1170 D
CYS1272 D                                            0.00 XXX   0 X    0.00 XXX   0 X    0.03 GLU1208 D
CYS1272 D                                            0.00 XXX   0 X    0.00 XXX   0 X    0.24 ASP1275 D

CYS1341 D  11.46    93 %    2.89  541   0.00    0   -0.44 THR1461 D    0.00 XXX   0 X    0.00 XXX   0 X

CYS1363 D  11.32*   35 %    1.35  378   0.00    0    0.40 CYS1384 D    0.00 XXX   0 X   -0.02 ARG1362 D
CYS1363 D                                            0.00 XXX   0 X    0.00 XXX   0 X   -0.05 LYS1381 D
CYS1363 D                                            0.00 XXX   0 X    0.00 XXX   0 X    0.13 GLU1385 D
CYS1363 D                                            0.00 XXX   0 X    0.00 XXX   0 X    0.51 CYS1384 D

CYS1384 D   9.53*   31 %    1.26  367   0.00    0   -0.38 GLN1437 D    0.00 XXX   0 X   -0.07 LYS1381 D
CYS1384 D                                           -0.40 CYS1363 D    0.00 XXX   0 X    0.12 GLU1385 D

CYS1539 D   9.73    25 %    0.79  350   0.00    0    0.00 XXX   0 X   -0.05 CYS1539 D    0.00 XXX   0 X

CYS1575 D   9.65*   59 %    2.19  446   0.00    0   -0.44 TYR1586 D    0.00 XXX   0 X   -0.22 LYS1578 D
CYS1575 D                                           -0.73 ARG1632 D    0.00 XXX   0 X   -0.19 ARG1635 D
CYS1575 D                                            0.00 XXX   0 X    0.00 XXX   0 X    0.17 ASP1595 D
CYS1575 D                                            0.00 XXX   0 X    0.00 XXX   0 X    0.54 GLU1574 D
CYS1575 D                                            0.00 XXX   0 X    0.00 XXX   0 X   -0.68 ARG1632 D

CYS1703 D  12.57    93 %    3.67  542   0.00    0    0.00 XXX   0 X   -0.11 CYS1703 D    0.00 XXX   0 X

CYS1728 D   9.56     0 %    0.58  240   0.00    0   -0.19 SER1738 D    0.00 XXX   0 X   -0.02 LYS1683 D
CYS1728 D                                            0.00 XXX   0 X    0.00 XXX   0 X   -0.01 ARG1739 D
CYS1728 D                                            0.00 XXX   0 X    0.00 XXX   0 X    0.12 ASP1729 D
CYS1728 D                                            0.00 XXX   0 X    0.00 XXX   0 X    0.07 ASP1741 D

CYS1742 D  10.61    43 %    1.63  403   0.00    0    0.00 XXX   0 X    0.00 XXX   0 X   -0.10 ARG1739 D
CYS1742 D                                            0.00 XXX   0 X    0.00 XXX   0 X    0.05 CYS1728 D
CYS1742 D                                            0.00 XXX   0 X    0.00 XXX   0 X    0.03 ASP1741 D

CYS1850 D  11.61    72 %    2.70  484   0.00    0    0.00 XXX   0 X    0.00 XXX   0 X   -0.12 ARG1512 D
CYS1850 D                                            0.00 XXX   0 X    0.00 XXX   0 X    0.01 ASP1852 D
CYS1850 D                                            0.00 XXX   0 X    0.00 XXX   0 X    0.03 C- 1882 D

TYR1199 D  10.83     2 %    0.30  288   0.00    0    0.00 XXX   0 X    0.00 XXX   0 X    0.12 ASP1166 D
TYR1199 D                                            0.00 XXX   0 X    0.00 XXX   0 X    0.14 CYS1167 D
TYR1199 D                                            0.00 XXX   0 X    0.00 XXX   0 X    0.35 GLU1203 D
TYR1199 D                                            0.00 XXX   0 X    0.00 XXX   0 X   -0.08 LYS1196 D

TYR1228 D  10.18     0 %    0.16  116   0.00    0    0.00 XXX   0 X    0.00 XXX   0 X    0.02 ASP1226 D

TYR1241 D  10.12     0 %    0.12  129   0.00    0    0.00 XXX   0 X    0.00 XXX   0 X    0.00 XXX   0 X

TYR1248 D  10.08     0 %    0.19  225   0.00    0    0.00 XXX   0 X    0.00 XXX   0 X   -0.11 LYS1244 D

TYR1261 D  11.61    26 %    0.87  354   0.00    0    0.00 XXX   0 X    0.00 XXX   0 X    0.16 CYS1167 D
TYR1261 D                                            0.00 XXX   0 X    0.00 XXX   0 X    0.31 GLU1203 D
TYR1261 D                                            0.00 XXX   0 X    0.00 XXX   0 X    0.01 GLU1208 D
TYR1261 D                                            0.00 XXX   0 X    0.00 XXX   0 X    0.25 TYR1199 D

TYR1266 D  12.97    63 %    1.99  459   0.00    0    0.00 XXX   0 X    0.00 XXX   0 X    0.12 CYS1167 D
TYR1266 D                                            0.00 XXX   0 X    0.00 XXX   0 X    0.07 GLU1170 D
TYR1266 D                                            0.00 XXX   0 X    0.00 XXX   0 X    0.02 GLU1208 D
TYR1266 D                                            0.00 XXX   0 X    0.00 XXX   0 X    0.12 GLU1253 D
TYR1266 D                                            0.00 XXX   0 X    0.00 XXX   0 X    0.18 CYS1272 D
TYR1266 D                                            0.00 XXX   0 X    0.00 XXX   0 X    0.32 ASP1275 D
TYR1266 D                                            0.00 XXX   0 X    0.00 XXX   0 X   -0.08 ARG1316 D
TYR1266 D                                            0.00 XXX   0 X    0.00 XXX   0 X    0.24 TYR1261 D

TYR1375 D  10.16     0 %    0.29  221   0.00    0    0.00 XXX   0 X    0.00 XXX   0 X   -0.37 ARG1432 D
TYR1375 D                                            0.00 XXX   0 X    0.00 XXX   0 X    0.19 GLU1436 D
TYR1375 D                                            0.00 XXX   0 X    0.00 XXX   0 X    0.06 TYR1442 D

TYR1394 D  10.17     0 %    0.14  238   0.00    0    0.00 XXX   0 X    0.00 XXX   0 X    0.03 ASP1370 D

TYR1409 D  12.29    62 %    2.21  455   0.00    0    0.00 XXX   0 X    0.00 XXX   0 X    0.07 CYS1341 D

TYR1426 D  11.26    69 %    2.12  475   0.00    0   -0.43 TRP 879 C    0.00 XXX   0 X   -0.30 ARG 878 C
TYR1426 D                                            0.00 XXX   0 X    0.00 XXX   0 X   -0.69 ARG 893 C
TYR1426 D                                            0.00 XXX   0 X    0.00 XXX   0 X    0.01 GLU 898 C
TYR1426 D                                            0.00 XXX   0 X    0.00 XXX   0 X    0.15 GLU 901 C
TYR1426 D                                            0.00 XXX   0 X    0.00 XXX   0 X    0.21 ASP 905 C
TYR1426 D                                            0.00 XXX   0 X    0.00 XXX   0 X    0.16 ASP1423 D
TYR1426 D                                            0.00 XXX   0 X    0.00 XXX   0 X    0.02 ASP1430 D
TYR1426 D                                            0.00 XXX   0 X    0.00 XXX   0 X    0.01 GLU1441 D

TYR1434 D  11.37    33 %    1.06  373   0.00    0    0.00 XXX   0 X    0.00 XXX   0 X   -0.01 ARG 808 C
TYR1434 D                                            0.00 XXX   0 X    0.00 XXX   0 X    0.08 ASP1403 D
TYR1434 D                                            0.00 XXX   0 X    0.00 XXX   0 X    0.25 TYR 739 C

TYR1442 D  10.07     0 %    0.22  222   0.00    0   -0.01 ARG1432 D    0.00 XXX   0 X   -0.34 ARG1432 D
TYR1442 D                                            0.00 XXX   0 X    0.00 XXX   0 X    0.19 GLU1436 D

TYR1445 D  10.09     0 %    0.09  149   0.00    0    0.00 XXX   0 X    0.00 XXX   0 X    0.00 XXX   0 X

TYR1447 D  12.49    66 %    2.05  465   0.00    0    0.00 XXX   0 X    0.00 XXX   0 X   -0.32 ARG 878 C
TYR1447 D                                            0.00 XXX   0 X    0.00 XXX   0 X    0.02 ASP 883 C
TYR1447 D                                            0.00 XXX   0 X    0.00 XXX   0 X   -0.01 ARG 893 C
TYR1447 D                                            0.00 XXX   0 X    0.00 XXX   0 X    0.16 ASP1430 D
TYR1447 D                                            0.00 XXX   0 X    0.00 XXX   0 X    0.36 GLU1441 D
TYR1447 D                                            0.00 XXX   0 X    0.00 XXX   0 X    0.22 TYR1426 D

TYR1449 D  14.05   100 %    4.05  582   0.00    0    0.00 XXX   0 X    0.00 XXX   0 X    0.00 XXX   0 X

TYR1494 D  10.89    35 %    0.89  380   0.00    0    0.00 XXX   0 X    0.00 XXX   0 X    0.00 XXX   0 X

TYR1495 D  11.72    53 %    1.54  431   0.00    0   -0.75 LYS1499 D    0.00 XXX   0 X   -0.64 LYS1499 D
TYR1495 D                                            0.85 GLU1773 D    0.00 XXX   0 X    0.72 GLU1773 D

TYR1517 D  10.08     0 %    0.08  138   0.00    0    0.00 XXX   0 X    0.00 XXX   0 X    0.00 XXX   0 X

TYR1585 D  10.38    41 %    0.85  395   0.00    0   -0.46 SER1590 D    0.00 XXX   0 X    0.04 ASP1595 D
TYR1585 D                                            0.00 XXX   0 X    0.00 XXX   0 X   -0.02 ARG1635 D
TYR1585 D                                            0.00 XXX   0 X    0.00 XXX   0 X   -0.03 ARG1638 D

TYR1586 D  13.11*   58 %    1.75  443   0.00    0    0.44 CYS1575 D    0.00 XXX   0 X    0.43 GLU1574 D
TYR1586 D                                            0.00 XXX   0 X    0.00 XXX   0 X    0.21 ASP1595 D
TYR1586 D                                            0.00 XXX   0 X    0.00 XXX   0 X   -0.27 ARG1632 D
TYR1586 D                                            0.00 XXX   0 X    0.00 XXX   0 X   -0.21 ARG1635 D
TYR1586 D                                            0.00 XXX   0 X    0.00 XXX   0 X    0.03 TYR1585 D
TYR1586 D                                            0.00 XXX   0 X    0.00 XXX   0 X    0.73 CYS1575 D

TYR1615 D  10.24     0 %    0.24  192   0.00    0    0.00 XXX   0 X    0.00 XXX   0 X    0.00 XXX   0 X

TYR1671 D  10.96    49 %    1.81  419   0.00    0   -0.85 THR1754 D    0.00 XXX   0 X    0.00 XXX   0 X

TYR1681 D  10.87    29 %    0.55  363   0.00    0    0.00 XXX   0 X    0.00 XXX   0 X    0.11 GLU1225 D
TYR1681 D                                            0.00 XXX   0 X    0.00 XXX   0 X    0.18 GLU1230 D
TYR1681 D                                            0.00 XXX   0 X    0.00 XXX   0 X   -0.04 ARG1306 D
TYR1681 D                                            0.00 XXX   0 X    0.00 XXX   0 X    0.09 ASP1741 D
TYR1681 D                                            0.00 XXX   0 X    0.00 XXX   0 X    0.01 CYS1742 D
TYR1681 D                                            0.00 XXX   0 X    0.00 XXX   0 X   -0.04 LYS1236 D

TYR1727 D  10.62     6 %    0.69  298   0.00    0    0.00 XXX   0 X   -0.70 ASP1741 D    0.31 CYS1728 D
TYR1727 D                                            0.00 XXX   0 X   -0.17 CYS1742 D   -0.03 ARG1739 D
TYR1727 D                                            0.00 XXX   0 X    0.00 XXX   0 X    0.31 ASP1741 D
TYR1727 D                                            0.00 XXX   0 X    0.00 XXX   0 X    0.21 CYS1742 D

TYR1755 D  11.73    76 %    2.44  493   0.00    0   -0.85 THR1708 D    0.00 XXX   0 X    0.13 TYR1671 D

TYR1767 D  12.20    94 %    2.48  545   0.00    0   -0.28 ASN 406 B    0.00 XXX   0 X    0.00 XXX   0 X

TYR1795 D  13.76    53 %    2.13  430   0.00    0    0.69 GLU1876 D    0.00 XXX   0 X    0.14 ASP1789 D
TYR1795 D                                            0.00 XXX   0 X    0.00 XXX   0 X    0.10 ASP1792 D
TYR1795 D                                            0.00 XXX   0 X    0.00 XXX   0 X    0.68 GLU1876 D

TYR1811 D  10.40     0 %    0.34  255   0.00    0    0.00 XXX   0 X    0.00 XXX   0 X    0.07 ASP1846 D

LYS1162 D  10.58     0 %   -0.15  166   0.00    0    0.00 XXX   0 X    0.00 XXX   0 X    0.28 ASP1163 D
LYS1162 D                                            0.00 XXX   0 X    0.00 XXX   0 X    0.01 ASP1166 D
LYS1162 D                                            0.00 XXX   0 X    0.00 XXX   0 X   -0.05 LYS1196 D

LYS1189 D  10.23     0 %   -0.31  135   0.00    0    0.00 XXX   0 X    0.00 XXX   0 X    0.05 ASP1182 D
LYS1189 D                                            0.00 XXX   0 X    0.00 XXX   0 X   -0.01 LYS1162 D

LYS1196 D  11.46     2 %   -0.50  288   0.00    0    0.85 ASP1166 D    0.00 XXX   0 X    0.12 ASP1163 D
LYS1196 D                                            0.00 XXX   0 X    0.00 XXX   0 X    0.08 TYR1199 D
LYS1196 D                                            0.00 XXX   0 X    0.00 XXX   0 X    0.41 ASP1166 D

LYS1233 D  10.37     0 %   -0.13  140   0.00    0    0.00 XXX   0 X    0.00 XXX   0 X    0.01 GLU1230 D
LYS1233 D                                            0.00 XXX   0 X    0.00 XXX   0 X    0.00 GLU1240 D
LYS1233 D                                            0.00 XXX   0 X    0.00 XXX   0 X   -0.01 LYS1236 D

LYS1236 D  11.59    25 %   -0.73  352   0.00    0    0.85 GLU1240 D    0.00 XXX   0 X    0.31 GLU1225 D
LYS1236 D                                            0.00 XXX   0 X    0.00 XXX   0 X    0.22 GLU1230 D
LYS1236 D                                            0.00 XXX   0 X    0.00 XXX   0 X    0.12 ASP1243 D
LYS1236 D                                            0.00 XXX   0 X    0.00 XXX   0 X   -0.21 ARG1306 D
LYS1236 D                                            0.00 XXX   0 X    0.00 XXX   0 X    0.04 TYR1681 D
LYS1236 D                                            0.00 XXX   0 X    0.00 XXX   0 X    0.50 GLU1240 D

LYS1244 D  10.49    16 %   -0.43  327   0.00    0    0.00 XXX   0 X    0.00 XXX   0 X    0.12 GLU1240 D
LYS1244 D                                            0.00 XXX   0 X    0.00 XXX   0 X    0.22 ASP1243 D
LYS1244 D                                            0.00 XXX   0 X    0.00 XXX   0 X   -0.02 ARG1303 D
LYS1244 D                                            0.00 XXX   0 X    0.00 XXX   0 X   -0.01 ARG1309 D
LYS1244 D                                            0.00 XXX   0 X    0.00 XXX   0 X    0.11 TYR1248 D

LYS1257 D  10.46    88 %   -2.41  527   0.00    0    0.85 GLU1253 D    0.00 XXX   0 X    0.19 GLU1208 D
LYS1257 D                                            0.09 ASP1275 D    0.00 XXX   0 X    0.09 CYS1272 D
LYS1257 D                                            0.00 XXX   0 X    0.00 XXX   0 X   -0.76 ARG1312 D
LYS1257 D                                            0.00 XXX   0 X    0.00 XXX   0 X   -0.62 ARG1316 D
LYS1257 D                                            0.00 XXX   0 X    0.00 XXX   0 X    1.35 GLU1253 D
LYS1257 D                                            0.00 XXX   0 X    0.00 XXX   0 X    1.18 ASP1275 D

LYS1264 D  11.47     2 %   -0.39  287   0.00    0    0.85 GLU1165 D    0.00 XXX   0 X    0.12 CYS1167 D
LYS1264 D                                            0.00 XXX   0 X    0.00 XXX   0 X   -0.01 ARG1175 D
LYS1264 D                                            0.00 XXX   0 X    0.00 XXX   0 X    0.11 CYS1178 D
LYS1264 D                                            0.00 XXX   0 X    0.00 XXX   0 X    0.02 CYS1179 D
LYS1264 D                                            0.00 XXX   0 X    0.00 XXX   0 X   -0.10 ARG1195 D
LYS1264 D                                            0.00 XXX   0 X    0.00 XXX   0 X    0.38 GLU1165 D

LYS1265 D  10.65    18 %   -0.50  331   0.00    0    0.00 XXX   0 X    0.00 XXX   0 X    0.33 CYS1167 D
LYS1265 D                                            0.00 XXX   0 X    0.00 XXX   0 X    0.18 GLU1170 D
LYS1265 D                                            0.00 XXX   0 X    0.00 XXX   0 X    0.02 GLU1203 D
LYS1265 D                                            0.00 XXX   0 X    0.00 XXX   0 X    0.11 CYS1272 D

LYS1300 D  10.26     0 %   -0.16  130   0.00    0    0.00 XXX   0 X    0.00 XXX   0 X   -0.09 ARG1303 D

LYS1359 D   9.27    52 %   -1.24  426   0.00    0    0.00 XXX   0 X    0.00 XXX   0 X    0.00 ASP1403 D
LYS1359 D                                            0.00 XXX   0 X    0.00 XXX   0 X    0.01 GLU1436 D

LYS1381 D  11.51    15 %   -0.52  323   0.00    0    0.85 GLU1385 D    0.00 XXX   0 X    0.05 CYS1363 D
LYS1381 D                                            0.00 XXX   0 X    0.00 XXX   0 X    0.07 CYS1384 D
LYS1381 D                                            0.00 XXX   0 X    0.00 XXX   0 X    0.04 GLU1435 D
LYS1381 D                                            0.00 XXX   0 X    0.00 XXX   0 X    0.10 TYR 739 C
LYS1381 D                                            0.00 XXX   0 X    0.00 XXX   0 X    0.42 GLU1385 D

LYS1397 D   9.49    42 %   -1.15  399   0.00    0    0.00 XXX   0 X    0.00 XXX   0 X    0.19 ASP1403 D
LYS1397 D                                            0.00 XXX   0 X    0.00 XXX   0 X   -0.04 LYS1399 D

LYS1399 D  10.44    37 %   -0.51  385   0.00    0    0.00 XXX   0 X    0.00 XXX   0 X    0.08 ASP1423 D
LYS1399 D                                            0.00 XXX   0 X    0.00 XXX   0 X    0.37 ASP1714 D

LYS1419 D  11.44    75 %   -1.80  490   0.00    0    0.85 GLU 375 B    0.00 XXX   0 X    0.18 ASP 372 B
LYS1419 D                                            0.00 XXX   0 X    0.00 XXX   0 X    0.23 CYS 373 B
LYS1419 D                                            0.00 XXX   0 X    0.00 XXX   0 X    0.43 GLU 898 C
LYS1419 D                                            0.00 XXX   0 X    0.00 XXX   0 X    0.01 ASP1423 D
LYS1419 D                                            0.00 XXX   0 X    0.00 XXX   0 X    0.06 ASP1714 D
LYS1419 D                                            0.00 XXX   0 X    0.00 XXX   0 X    0.97 GLU 375 B

LYS1477 D   9.95    22 %   -0.51  344   0.00    0    0.00 XXX   0 X    0.00 XXX   0 X    0.01 C-  943 C
LYS1477 D                                            0.00 XXX   0 X    0.00 XXX   0 X    0.01 GLU1773 D
LYS1477 D                                            0.00 XXX   0 X    0.00 XXX   0 X   -0.06 LYS1478 D

LYS1478 D  10.42     0 %   -0.08  132   0.00    0    0.00 XXX   0 X    0.00 XXX   0 X    0.00 XXX   0 X

LYS1479 D  10.44     0 %   -0.06  124   0.00    0    0.00 XXX   0 X    0.00 XXX   0 X    0.00 XXX   0 X

LYS1492 D  11.67     6 %   -0.52  298   0.00    0    0.85 ASP1484 D    0.00 XXX   0 X    0.08 GLU1318 D
LYS1492 D                                            0.00 XXX   0 X    0.00 XXX   0 X    0.18 GLU1489 D
LYS1492 D                                            0.00 XXX   0 X    0.00 XXX   0 X    0.19 GLU1867 D
LYS1492 D                                            0.00 XXX   0 X    0.00 XXX   0 X    0.40 ASP1484 D

LYS1493 D  10.76     0 %   -0.30  247   0.00    0    0.00 XXX   0 X    0.00 XXX   0 X    0.02 GLU1318 D
LYS1493 D                                            0.00 XXX   0 X    0.00 XXX   0 X    0.25 GLU1489 D
LYS1493 D                                            0.00 XXX   0 X    0.00 XXX   0 X    0.20 GLU1490 D
LYS1493 D                                            0.00 XXX   0 X    0.00 XXX   0 X    0.19 GLU1867 D
LYS1493 D                                            0.00 XXX   0 X    0.00 XXX   0 X   -0.09 LYS1492 D

LYS1499 D  11.80    45 %   -1.62  407   0.00    0    0.75 TYR1495 D    0.00 XXX   0 X    0.64 TYR1495 D
LYS1499 D                                            0.85 GLU1773 D    0.00 XXX   0 X    0.68 GLU1773 D

LYS1500 D  10.09    12 %   -0.46  314   0.00    0    0.00 XXX   0 X    0.00 XXX   0 X    0.09 ASP1789 D
LYS1500 D                                            0.00 XXX   0 X    0.00 XXX   0 X    0.03 ASP1790 D
LYS1500 D                                            0.00 XXX   0 X    0.00 XXX   0 X    0.06 ASP1869 D
LYS1500 D                                            0.00 XXX   0 X    0.00 XXX   0 X    0.05 GLU1876 D
LYS1500 D                                            0.00 XXX   0 X    0.00 XXX   0 X   -0.02 LYS1504 D
LYS1500 D                                            0.00 XXX   0 X    0.00 XXX   0 X   -0.15 LYS1872 D

LYS1504 D  11.45    37 %   -1.43  386   0.00    0    0.61 ASP1789 D    0.00 XXX   0 X    0.04 ASP1790 D
LYS1504 D                                            0.85 GLU1876 D    0.00 XXX   0 X    0.23 ASP1792 D
LYS1504 D                                            0.00 XXX   0 X    0.00 XXX   0 X   -0.45 LYS1872 D
LYS1504 D                                            0.00 XXX   0 X    0.00 XXX   0 X    0.49 ASP1789 D
LYS1504 D                                            0.00 XXX   0 X    0.00 XXX   0 X    0.61 GLU1876 D

LYS1505 D  11.66     0 %   -0.31  247   0.00    0    0.85 GLU1799 D    0.00 XXX   0 X    0.03 ASP1792 D
LYS1505 D                                            0.00 XXX   0 X    0.00 XXX   0 X    0.21 GLU1796 D
LYS1505 D                                            0.00 XXX   0 X    0.00 XXX   0 X    0.38 GLU1799 D

LYS1508 D  11.11    28 %   -0.67  359   0.00    0    0.79 ASP1802 D    0.00 XXX   0 X   -0.07 ARG1512 D
LYS1508 D                                            0.00 XXX   0 X    0.00 XXX   0 X    0.03 ASP1523 D
LYS1508 D                                            0.00 XXX   0 X    0.00 XXX   0 X    0.06 GLU1799 D
LYS1508 D                                            0.00 XXX   0 X    0.00 XXX   0 X   -0.02 LYS1505 D
LYS1508 D                                            0.00 XXX   0 X    0.00 XXX   0 X    0.49 ASP1802 D

LYS1516 D  10.22     0 %   -0.24  216   0.00    0    0.00 XXX   0 X    0.00 XXX   0 X   -0.04 ARG1512 D

LYS1527 D  10.64     0 %   -0.20  162   0.00    0    0.00 XXX   0 X    0.00 XXX   0 X    0.34 ASP1523 D

LYS1556 D  10.43     0 %   -0.07  120   0.00    0    0.00 XXX   0 X    0.00 XXX   0 X    0.00 XXX   0 X

LYS1562 D  10.29     0 %   -0.21  135   0.00    0    0.00 XXX   0 X    0.00 XXX   0 X    0.00 XXX   0 X

LYS1578 D  10.06    70 %   -2.06  476   0.00    0    0.85 GLU1574 D    0.00 XXX   0 X    0.24 ASP1531 D
LYS1578 D                                            0.00 XXX   0 X    0.00 XXX   0 X    0.22 CYS1575 D
LYS1578 D                                            0.00 XXX   0 X    0.00 XXX   0 X    0.11 ASP1595 D
LYS1578 D                                            0.00 XXX   0 X    0.00 XXX   0 X   -0.23 ARG1632 D
LYS1578 D                                            0.00 XXX   0 X    0.00 XXX   0 X   -0.54 ARG1635 D
LYS1578 D                                            0.00 XXX   0 X    0.00 XXX   0 X    0.96 GLU1574 D

LYS1614 D  11.46     0 %   -0.27  206   0.00    0    0.85 ASP1610 D    0.00 XXX   0 X    0.00 ASP1551 D
LYS1614 D                                            0.00 XXX   0 X    0.00 XXX   0 X    0.38 ASP1610 D

LYS1641 D  10.41     0 %   -0.09  185   0.00    0    0.00 XXX   0 X    0.00 XXX   0 X    0.00 ASP 252 B

LYS1683 D  10.41     0 %   -0.15  220   0.00    0    0.00 XXX   0 X    0.00 XXX   0 X    0.02 CYS1728 D
LYS1683 D                                            0.00 XXX   0 X    0.00 XXX   0 X    0.04 ASP1741 D

LYS1800 D  10.55     0 %   -0.22  216   0.00    0    0.00 XXX   0 X    0.00 XXX   0 X    0.18 GLU1796 D
LYS1800 D                                            0.00 XXX   0 X    0.00 XXX   0 X    0.10 GLU1799 D
LYS1800 D                                            0.00 XXX   0 X    0.00 XXX   0 X   -0.02 LYS1505 D

LYS1829 D  11.51     0 %   -0.22  138   0.00    0    0.85 GLU1823 D    0.00 XXX   0 X    0.38 GLU1823 D

LYS1859 D  10.27     0 %   -0.24  233   0.00    0    0.00 XXX   0 X    0.00 XXX   0 X    0.21 ASP1839 D
LYS1859 D                                            0.00 XXX   0 X    0.00 XXX   0 X   -0.19 ARG1860 D

LYS1872 D  11.97    45 %   -1.91  407   0.00    0    0.85 ASP1789 D    0.00 XXX   0 X    0.40 ASP1790 D
LYS1872 D                                            0.85 GLU1876 D    0.00 XXX   0 X    0.14 ASP1792 D
LYS1872 D                                            0.00 XXX   0 X    0.00 XXX   0 X   -0.08 ARG1826 D
LYS1872 D                                            0.00 XXX   0 X    0.00 XXX   0 X    0.03 ASP1869 D
LYS1872 D                                            0.00 XXX   0 X    0.00 XXX   0 X    0.55 ASP1789 D
LYS1872 D                                            0.00 XXX   0 X    0.00 XXX   0 X    0.64 GLU1876 D

LYS1878 D  10.33     0 %   -0.18  258   0.00    0    0.00 XXX   0 X    0.00 XXX   0 X    0.01 GLU1877 D

ARG1174 D  12.45     0 %   -0.05   48   0.00    0    0.00 XXX   0 X    0.00 XXX   0 X    0.00 XXX   0 X

ARG1175 D  12.51     0 %   -0.42  173   0.00    0    0.09 CYS1172 D    0.00 XXX   0 X    0.03 GLU1170 D
ARG1175 D                                            0.00 XXX   0 X    0.00 XXX   0 X    0.31 CYS1172 D

ARG1193 D  12.35     0 %   -0.15  179   0.00    0    0.00 XXX   0 X    0.00 XXX   0 X    0.00 XXX   0 X

ARG1195 D  11.78    30 %   -0.87  366   0.00    0    0.00 XXX   0 X    0.00 XXX   0 X    0.05 GLU1165 D
ARG1195 D                                            0.00 XXX   0 X    0.00 XXX   0 X    0.05 ASP1166 D
ARG1195 D                                            0.00 XXX   0 X    0.00 XXX   0 X    0.05 CYS1167 D
ARG1195 D                                            0.00 XXX   0 X    0.00 XXX   0 X    0.01 CYS1198 D

ARG1232 D  12.18     0 %   -0.34  162   0.00    0    0.00 XXX   0 X    0.00 XXX   0 X    0.01 ASP1226 D

ARG1303 D  12.38     0 %   -0.31  249   0.00    0    0.00 XXX   0 X    0.00 XXX   0 X    0.02 GLU1240 D
ARG1303 D                                            0.00 XXX   0 X    0.00 XXX   0 X    0.01 ASP1243 D
ARG1303 D                                            0.00 XXX   0 X    0.00 XXX   0 X    0.16 GLU1295 D

ARG1306 D  13.91    66 %   -1.30  465   0.00    0    1.37 GLU1225 D    0.00 XXX   0 X    0.18 GLU1240 D
ARG1306 D                                            0.00 XXX   0 X    0.00 XXX   0 X    0.31 ASP1243 D
ARG1306 D                                            0.00 XXX   0 X    0.00 XXX   0 X    0.04 TYR1681 D
ARG1306 D                                            0.00 XXX   0 X    0.00 XXX   0 X    0.81 GLU1225 D

ARG1309 D  12.02    80 %   -1.76  505   0.00    0    0.73 ASP1243 D    0.00 XXX   0 X    0.08 GLU1225 D
ARG1309 D                                            0.00 XXX   0 X    0.00 XXX   0 X    0.06 GLU1240 D
ARG1309 D                                            0.00 XXX   0 X    0.00 XXX   0 X   -0.40 ARG1306 D
ARG1309 D                                            0.00 XXX   0 X    0.00 XXX   0 X    0.81 ASP1243 D

ARG1312 D  14.46    90 %   -2.81  534   0.00    0    1.64 GLU1253 D    0.00 XXX   0 X    0.05 GLU1208 D
ARG1312 D                                            0.79 ASP1275 D    0.00 XXX   0 X    1.40 GLU1253 D
ARG1312 D                                            0.00 XXX   0 X    0.00 XXX   0 X    0.88 ASP1275 D

ARG1316 D  13.55    65 %   -1.63  464   0.00    0    1.28 ASP1275 D    0.00 XXX   0 X    0.49 GLU1208 D
ARG1316 D                                            0.00 XXX   0 X    0.00 XXX   0 X    0.44 GLU1253 D
ARG1316 D                                            0.00 XXX   0 X    0.00 XXX   0 X    0.08 TYR1266 D
ARG1316 D                                            0.00 XXX   0 X    0.00 XXX   0 X    0.11 CYS1272 D
ARG1316 D                                            0.00 XXX   0 X    0.00 XXX   0 X   -0.64 ARG1312 D
ARG1316 D                                            0.00 XXX   0 X    0.00 XXX   0 X    0.92 ASP1275 D

ARG1321 D  12.09    17 %   -0.64  330   0.00    0    0.00 XXX   0 X    0.00 XXX   0 X    0.02 GLU1208 D
ARG1321 D                                            0.00 XXX   0 X    0.00 XXX   0 X    0.06 CYS1272 D
ARG1321 D                                            0.00 XXX   0 X    0.00 XXX   0 X    0.19 GLU1318 D
ARG1321 D                                            0.00 XXX   0 X    0.00 XXX   0 X   -0.04 ARG1316 D

ARG1362 D  11.80    74 %   -1.84  489   0.00    0    0.73 ASP1430 D    0.00 XXX   0 X    0.02 CYS1363 D
ARG1362 D                                            0.00 XXX   0 X    0.00 XXX   0 X   -0.35 ARG 878 C
ARG1362 D                                            0.00 XXX   0 X    0.00 XXX   0 X    0.74 ASP1430 D

ARG1432 D  13.67     0 %   -0.59  258   0.00    0    0.01 TYR1442 D    0.00 XXX   0 X    0.37 TYR1375 D
ARG1432 D                                            0.68 GLU1436 D    0.00 XXX   0 X    0.34 TYR1442 D
ARG1432 D                                            0.00 XXX   0 X    0.00 XXX   0 X    0.37 GLU1436 D

ARG1512 D  11.86    37 %   -1.16  385   0.00    0    0.00 XXX   0 X    0.00 XXX   0 X    0.14 ASP1802 D
ARG1512 D                                            0.00 XXX   0 X    0.00 XXX   0 X    0.12 CYS1850 D
ARG1512 D                                            0.00 XXX   0 X    0.00 XXX   0 X    0.26 C- 1882 D

ARG1583 D  12.34     0 %   -0.16  160   0.00    0    0.00 XXX   0 X    0.00 XXX   0 X    0.00 XXX   0 X

ARG1623 D  11.41    80 %   -2.32  505   0.00    0    0.42 TYR 389 B    0.00 XXX   0 X    0.81 TYR 389 B

ARG1626 D  10.30    86 %   -1.63  523   0.00    0    0.00 XXX   0 X    0.00 XXX   0 X    0.01 ASP1610 D
ARG1626 D                                            0.00 XXX   0 X    0.00 XXX   0 X   -1.16 ARG1629 D
ARG1626 D                                            0.00 XXX   0 X    0.00 XXX   0 X    0.58 GLU1548 D

ARG1629 D  12.94    99 %   -2.53  558   0.00    0    1.60 GLU1548 D    0.00 XXX   0 X    1.37 GLU1548 D

ARG1632 D  13.21    77 %   -2.56  497   0.00    0    0.72 GLU1574 D    0.00 XXX   0 X    0.01 ASP1531 D
ARG1632 D                                            0.73 CYS1575 D    0.00 XXX   0 X    0.27 TYR1586 D
ARG1632 D                                            0.00 XXX   0 X    0.00 XXX   0 X   -0.78 ARG1635 D
ARG1632 D                                            0.00 XXX   0 X    0.00 XXX   0 X    1.04 GLU1574 D
ARG1632 D                                            0.00 XXX   0 X    0.00 XXX   0 X    0.68 CYS1575 D
ARG1632 D                                            0.00 XXX   0 X    0.00 XXX   0 X    0.59 ASP1595 D

ARG1635 D  14.79    78 %   -2.23  500   0.00    0    1.00 GLU1574 D    0.00 XXX   0 X    0.39 ASP1531 D
ARG1635 D                                            0.81 ASP1595 D    0.00 XXX   0 X    0.19 CYS1575 D
ARG1635 D                                            0.00 XXX   0 X    0.00 XXX   0 X    0.02 TYR1585 D
ARG1635 D                                            0.00 XXX   0 X    0.00 XXX   0 X    0.21 TYR1586 D
ARG1635 D                                            0.00 XXX   0 X    0.00 XXX   0 X    1.05 GLU1574 D
ARG1635 D                                            0.00 XXX   0 X    0.00 XXX   0 X    0.85 ASP1595 D

ARG1638 D  11.31    25 %   -0.79  351   0.00    0    0.00 XXX   0 X    0.00 XXX   0 X    0.03 TYR1585 D
ARG1638 D                                            0.00 XXX   0 X    0.00 XXX   0 X   -0.44 ARG1644 D

ARG1644 D  12.14     5 %   -0.36  296   0.00    0    0.00 XXX   0 X    0.00 XXX   0 X    0.00 XXX   0 X

ARG1739 D  12.31     0 %   -0.32  258   0.00    0    0.00 XXX   0 X    0.00 XXX   0 X    0.03 TYR1727 D
ARG1739 D                                            0.00 XXX   0 X    0.00 XXX   0 X    0.01 CYS1728 D
ARG1739 D                                            0.00 XXX   0 X    0.00 XXX   0 X    0.00 ASP1741 D
ARG1739 D                                            0.00 XXX   0 X    0.00 XXX   0 X    0.10 CYS1742 D

ARG1826 D  13.58     1 %   -0.36  284   0.00    0    0.84 ASP1790 D    0.00 XXX   0 X    0.03 GLU1788 D
ARG1826 D                                            0.00 XXX   0 X    0.00 XXX   0 X    0.11 ASP1789 D
ARG1826 D                                            0.00 XXX   0 X    0.00 XXX   0 X    0.02 ASP1792 D
ARG1826 D                                            0.00 XXX   0 X    0.00 XXX   0 X    0.02 ASP1869 D
ARG1826 D                                            0.00 XXX   0 X    0.00 XXX   0 X    0.41 ASP1790 D

ARG1847 D  12.48     0 %   -0.17  200   0.00    0    0.00 XXX   0 X    0.00 XXX   0 X    0.02 GLU1804 D
ARG1847 D                                            0.00 XXX   0 X    0.00 XXX   0 X    0.13 GLU1810 D

ARG1860 D  13.84     0 %   -0.42  279   0.00    0    1.38 ASP1839 D    0.00 XXX   0 X    0.38 ASP1839 D

N+ 1162 D   7.60     0 %   -0.47  195   0.00    0    0.00 XXX   0 X    0.00 XXX   0 X   -0.14 LYS1162 D
N+ 1162 D                                            0.00 XXX   0 X    0.00 XXX   0 X    0.13 ASP1163 D
N+ 1162 D                                            0.00 XXX   0 X    0.00 XXX   0 X    0.02 ASP1166 D
N+ 1162 D                                            0.00 XXX   0 X    0.00 XXX   0 X    0.01 CYS1179 D
N+ 1162 D                                            0.00 XXX   0 X    0.00 XXX   0 X    0.13 ASP1182 D
N+ 1162 D                                            0.00 XXX   0 X    0.00 XXX   0 X   -0.06 LYS1189 D
N+ 1162 D                                            0.00 XXX   0 X    0.00 XXX   0 X   -0.02 LYS1196 D

Coupled residues (marked *) were detected.Please rerun PropKa with the --display-coupled-residues 
or -d option for detailed information.

2026-06-24 15:26:41,330 INFO:output.py:227:print_pka_section:pKa summary:
--------------------------------------------------------------------------------------------------------
SUMMARY OF THIS PREDICTION
       Group      pKa  model-pKa   ligand atom-type
   ASP  57 B     2.93       3.80                      
   ASP  66 B     3.84       3.80                      
   ASP  82 B     3.65       3.80                      
   ASP  84 B     4.10       3.80                      
   ASP 152 B     2.95       3.80                      
   ASP 191 B     2.66       3.80                      
   ASP 197 B     5.25       3.80                      
   ASP 211 B     3.84       3.80                      
   ASP 252 B     4.12       3.80                      
   ASP 297 B     3.86       3.80                      
   ASP 305 B     4.03       3.80                      
   ASP 310 B     3.27       3.80                      
   ASP 322 B     2.87       3.80                      
   ASP 331 B     3.85       3.80                      
   ASP 349 B     3.07       3.80                      
   ASP 356 B     3.90       3.80                      
   ASP 372 B     3.78       3.80                      
   ASP 716 C     4.01       3.80                      
   ASP 720 C     4.16       3.80                      
   ASP 772 C     2.73       3.80                      
   ASP 785 C     2.21       3.80                      
   ASP 870 C     4.07       3.80                      
   ASP 872 C     3.95       3.80                      
   ASP 883 C     1.98       3.80                      
   ASP 905 C     5.78       3.80                      
   ASP1163 D     3.54       3.80                      
   ASP1166 D     3.13       3.80                      
   ASP1182 D     2.24       3.80                      
   ASP1226 D     3.93       3.80                      
   ASP1243 D     3.13       3.80                      
   ASP1275 D     1.39       3.80                      
   ASP1280 D     4.58       3.80                      
   ASP1370 D     3.58       3.80                      
   ASP1403 D     4.03       3.80                      
   ASP1423 D     4.96       3.80                      
   ASP1430 D     2.32       3.80                      
   ASP1471 D     4.67       3.80                      
   ASP1484 D     3.03       3.80                      
   ASP1523 D     3.73       3.80                      
   ASP1531 D     4.41       3.80                      
   ASP1550 D     4.45       3.80                      
   ASP1551 D     2.80       3.80                      
   ASP1595 D     3.79       3.80                      
   ASP1610 D     2.80       3.80                      
   ASP1689 D     3.73       3.80                      
   ASP1690 D     4.53       3.80                      
   ASP1714 D     4.57       3.80                      
   ASP1729 D     3.35       3.80                      
   ASP1741 D     4.00       3.80                      
   ASP1789 D     1.67       3.80                      
   ASP1790 D     3.56       3.80                      
   ASP1792 D     3.93       3.80                      
   ASP1802 D     3.19       3.80                      
   ASP1816 D     4.01       3.80                      
   ASP1819 D     4.10       3.80                      
   ASP1839 D     2.18       3.80                      
   ASP1846 D     4.01       3.80                      
   ASP1852 D     4.14       3.80                      
   ASP1869 D     3.01       3.80                      
   GLU  19 A     4.59       4.50                      
   GLU  25 A     4.58       4.50                      
   GLU  30 A     3.45       4.50                      
   GLU  49 B     4.53       4.50                      
   GLU  50 B     3.32       4.50                      
   GLU  74 B     4.58       4.50                      
   GLU  78 B     2.80       4.50                      
   GLU  81 B     4.49       4.50                      
   GLU 161 B     3.20       4.50                      
   GLU 171 B     2.58       4.50                      
   GLU 208 B     5.12       4.50                      
   GLU 295 B     4.74       4.50                      
   GLU 302 B     4.60       4.50                      
   GLU 312 B     4.60       4.50                      
   GLU 337 B     3.91       4.50                      
   GLU 346 B     4.28       4.50                      
   GLU 375 B     4.29       4.50                      
   GLU 417 B     4.84       4.50                      
   GLU 418 B     4.06       4.50                      
   GLU 426 B     4.59       4.50                      
   GLU 428 B     4.71       4.50                      
   GLU 429 B     3.48       4.50                      
   GLU 431 B     3.49       4.50                      
   GLU 698 C     4.70       4.50                      
   GLU 737 C     4.26       4.50                      
   GLU 744 C     4.57       4.50                      
   GLU 746 C     4.83       4.50                      
   GLU 747 C     4.62       4.50                      
   GLU 763 C     4.48       4.50                      
   GLU 795 C     4.48       4.50                      
   GLU 867 C     4.71       4.50                      
   GLU 898 C     6.29       4.50                      
   GLU 901 C     5.19       4.50                      
   GLU 908 C     4.65       4.50                      
   GLU1165 D     3.55       4.50                      
   GLU1170 D     2.15       4.50                      
   GLU1203 D     4.70       4.50                      
   GLU1208 D     4.59       4.50                      
   GLU1225 D     3.85       4.50                      
   GLU1230 D     4.61       4.50                      
   GLU1231 D     4.82       4.50                      
   GLU1240 D     4.08       4.50                      
   GLU1253 D     2.79       4.50                      
   GLU1295 D     4.45       4.50                      
   GLU1318 D     3.82       4.50                      
   GLU1368 D     4.57       4.50                      
   GLU1385 D     3.61       4.50                      
   GLU1392 D     4.64       4.50                      
   GLU1435 D     4.58       4.50                      
   GLU1436 D     3.77       4.50                      
   GLU1441 D     5.02       4.50                      
   GLU1489 D     4.66       4.50                      
   GLU1490 D     4.52       4.50                      
   GLU1548 D     3.39       4.50                      
   GLU1555 D     4.57       4.50                      
   GLU1574 D     1.61       4.50                      
   GLU1685 D     4.75       4.50                      
   GLU1773 D     4.13       4.50                      
   GLU1780 D     3.50       4.50                      
   GLU1781 D     4.66       4.50                      
   GLU1784 D     4.58       4.50                      
   GLU1788 D     4.31       4.50                      
   GLU1796 D     4.65       4.50                      
   GLU1799 D     3.52       4.50                      
   GLU1804 D     4.69       4.50                      
   GLU1810 D     4.63       4.50                      
   GLU1823 D     3.03       4.50                      
   GLU1864 D     4.54       4.50                      
   GLU1867 D     4.39       4.50                      
   GLU1876 D     3.70       4.50                      
   GLU1877 D     4.83       4.50                      
   C-   37 A     3.26       3.20                      
   C-  433 B     2.06       3.20                      
   C-  943 C     3.36       3.20                      
   C- 1882 D     3.58       3.20                      
   HIS 118 B     6.02       6.50                      
   HIS 130 B     6.17       6.50                      
   HIS 151 B     4.93       6.50                      
   HIS 184 B     6.29       6.50                      
   HIS 278 B     5.01       6.50                      
   HIS 350 B     6.44       6.50                      
   HIS 738 C     6.81       6.50                      
   HIS 880 C     6.08       6.50                      
   HIS 886 C     7.34       6.50                      
   HIS1200 D     6.26       6.50                      
   HIS1204 D     6.20       6.50                      
   HIS1584 D     5.91       6.50                      
   HIS1849 D     5.89       6.50                      
   CYS 139 B     9.01       9.00                      
   CYS 145 B    11.20       9.00                      
   CYS 182 B     9.49       9.00                      
   CYS 260 B    11.31       9.00                      
   CYS 280 B    14.13       9.00                      
   CYS 326 B    12.10       9.00                      
   CYS 335 B    10.59       9.00                      
   CYS 341 B     7.72       9.00                      
   CYS 373 B    12.78       9.00                      
   CYS 683 C     9.35       9.00                      
   CYS 686 C     8.96       9.00                      
   CYS 699 C     9.82       9.00                      
   CYS 700 C     8.45       9.00                      
   CYS 726 C     9.88       9.00                      
   CYS 896 C    12.58       9.00                      
   CYS 906 C    12.45       9.00                      
   CYS 915 C    11.00       9.00                      
   CYS1167 D    10.19       9.00                      
   CYS1172 D     8.85       9.00                      
   CYS1176 D     9.12       9.00                      
   CYS1178 D     9.59       9.00                      
   CYS1179 D     9.32       9.00                      
   CYS1198 D     9.95       9.00                      
   CYS1272 D     9.85       9.00                      
   CYS1341 D    11.46       9.00                      
   CYS1363 D    11.32       9.00                      
   CYS1384 D     9.53       9.00                      
   CYS1539 D     9.73       9.00                      
   CYS1575 D     9.65       9.00                      
   CYS1703 D    12.57       9.00                      
   CYS1728 D     9.56       9.00                      
   CYS1742 D    10.61       9.00                      
   CYS1850 D    11.61       9.00                      
   TYR  68 B    12.51      10.00                      
   TYR  87 B    10.18      10.00                      
   TYR 112 B    10.03      10.00                      
   TYR 159 B     9.93      10.00                      
   TYR 162 B    10.64      10.00                      
   TYR 168 B    13.18      10.00                      
   TYR 205 B     9.83      10.00                      
   TYR 307 B    11.36      10.00                      
   TYR 314 B    10.29      10.00                      
   TYR 339 B     9.58      10.00                      
   TYR 352 B    10.25      10.00                      
   TYR 378 B    12.53      10.00                      
   TYR 389 B    10.16      10.00                      
   TYR 403 B    12.93      10.00                      
   TYR 416 B    10.31      10.00                      
   TYR 694 C    11.86      10.00                      
   TYR 739 C    10.24      10.00                      
   TYR 774 C    10.60      10.00                      
   TYR 775 C    10.16      10.00                      
   TYR 776 C    10.17      10.00                      
   TYR 865 C    13.75      10.00                      
   TYR1199 D    10.83      10.00                      
   TYR1228 D    10.18      10.00                      
   TYR1241 D    10.12      10.00                      
   TYR1248 D    10.08      10.00                      
   TYR1261 D    11.61      10.00                      
   TYR1266 D    12.97      10.00                      
   TYR1375 D    10.16      10.00                      
   TYR1394 D    10.17      10.00                      
   TYR1409 D    12.29      10.00                      
   TYR1426 D    11.26      10.00                      
   TYR1434 D    11.37      10.00                      
   TYR1442 D    10.07      10.00                      
   TYR1445 D    10.09      10.00                      
   TYR1447 D    12.49      10.00                      
   TYR1449 D    14.05      10.00                      
   TYR1494 D    10.89      10.00                      
   TYR1495 D    11.72      10.00                      
   TYR1517 D    10.08      10.00                      
   TYR1585 D    10.38      10.00                      
   TYR1586 D    13.11      10.00                      
   TYR1615 D    10.24      10.00                      
   TYR1671 D    10.96      10.00                      
   TYR1681 D    10.87      10.00                      
   TYR1727 D    10.62      10.00                      
   TYR1755 D    11.73      10.00                      
   TYR1767 D    12.20      10.00                      
   TYR1795 D    13.76      10.00                      
   TYR1811 D    10.40      10.00                      
   LYS  26 A    10.38      10.50                      
   LYS  31 A    11.46      10.50                      
   LYS  62 B    11.41      10.50                      
   LYS  63 B    11.48      10.50                      
   LYS  91 B    10.31      10.50                      
   LYS  98 B    10.08      10.50                      
   LYS 100 B    11.28      10.50                      
   LYS 126 B    10.87      10.50                      
   LYS 158 B    10.45      10.50                      
   LYS 175 B    10.19      10.50                      
   LYS 228 B    12.05      10.50                      
   LYS 237 B     9.45      10.50                      
   LYS 248 B    10.23      10.50                      
   LYS 249 B    12.09      10.50                      
   LYS 279 B     9.12      10.50                      
   LYS 317 B    10.52      10.50                      
   LYS 343 B    11.86      10.50                      
   LYS 347 B    10.37      10.50                      
   LYS 387 B    10.19      10.50                      
   LYS 430 B    10.11      10.50                      
   LYS 432 B    10.37      10.50                      
   LYS 682 C    10.44      10.50                      
   LYS 707 C    11.15      10.50                      
   LYS 711 C    10.11      10.50                      
   LYS 767 C    11.89      10.50                      
   LYS 817 C     9.52      10.50                      
   LYS 820 C    10.38      10.50                      
   LYS 830 C    10.26      10.50                      
   LYS 863 C     9.92      10.50                      
   LYS1162 D    10.58      10.50                      
   LYS1189 D    10.23      10.50                      
   LYS1196 D    11.46      10.50                      
   LYS1233 D    10.37      10.50                      
   LYS1236 D    11.59      10.50                      
   LYS1244 D    10.49      10.50                      
   LYS1257 D    10.46      10.50                      
   LYS1264 D    11.47      10.50                      
   LYS1265 D    10.65      10.50                      
   LYS1300 D    10.26      10.50                      
   LYS1359 D     9.27      10.50                      
   LYS1381 D    11.51      10.50                      
   LYS1397 D     9.49      10.50                      
   LYS1399 D    10.44      10.50                      
   LYS1419 D    11.44      10.50                      
   LYS1477 D     9.95      10.50                      
   LYS1478 D    10.42      10.50                      
   LYS1479 D    10.44      10.50                      
   LYS1492 D    11.67      10.50                      
   LYS1493 D    10.76      10.50                      
   LYS1499 D    11.80      10.50                      
   LYS1500 D    10.09      10.50                      
   LYS1504 D    11.45      10.50                      
   LYS1505 D    11.66      10.50                      
   LYS1508 D    11.11      10.50                      
   LYS1516 D    10.22      10.50                      
   LYS1527 D    10.64      10.50                      
   LYS1556 D    10.43      10.50                      
   LYS1562 D    10.29      10.50                      
   LYS1578 D    10.06      10.50                      
   LYS1614 D    11.46      10.50                      
   LYS1641 D    10.41      10.50                      
   LYS1683 D    10.41      10.50                      
   LYS1800 D    10.55      10.50                      
   LYS1829 D    11.51      10.50                      
   LYS1859 D    10.27      10.50                      
   LYS1872 D    11.97      10.50                      
   LYS1878 D    10.33      10.50                      
   ARG  14 A    13.32      12.50                      
   ARG  15 A    12.39      12.50                      
   ARG  18 A    12.33      12.50                      
   ARG  27 A    12.57      12.50                      
   ARG  34 A    12.44      12.50                      
   ARG  53 B    13.09      12.50                      
   ARG 104 B    11.72      12.50                      
   ARG 121 B    11.31      12.50                      
   ARG 122 B    11.60      12.50                      
   ARG 179 B    12.96      12.50                      
   ARG 190 B    12.22      12.50                      
   ARG 219 B    13.01      12.50                      
   ARG 222 B    11.51      12.50                      
   ARG 225 B    11.99      12.50                      
   ARG 277 B    12.54      12.50                      
   ARG 282 B    13.47      12.50                      
   ARG 340 B    11.97      12.50                      
   ARG 367 B    12.53      12.50                      
   ARG 376 B    13.38      12.50                      
   ARG 383 B    12.52      12.50                      
   ARG 433 B    12.70      12.50                      
   ARG 689 C    12.20      12.50                      
   ARG 693 C    12.36      12.50                      
   ARG 800 C    12.43      12.50                      
   ARG 808 C    12.90      12.50                      
   ARG 811 C    11.86      12.50                      
   ARG 814 C    10.96      12.50                      
   ARG 869 C    12.42      12.50                      
   ARG 878 C    13.57      12.50                      
   ARG 893 C    12.50      12.50                      
   ARG1174 D    12.45      12.50                      
   ARG1175 D    12.51      12.50                      
   ARG1193 D    12.35      12.50                      
   ARG1195 D    11.78      12.50                      
   ARG1232 D    12.18      12.50                      
   ARG1303 D    12.38      12.50                      
   ARG1306 D    13.91      12.50                      
   ARG1309 D    12.02      12.50                      
   ARG1312 D    14.46      12.50                      
   ARG1316 D    13.55      12.50                      
   ARG1321 D    12.09      12.50                      
   ARG1362 D    11.80      12.50                      
   ARG1432 D    13.67      12.50                      
   ARG1512 D    11.86      12.50                      
   ARG1583 D    12.34      12.50                      
   ARG1623 D    11.41      12.50                      
   ARG1626 D    10.30      12.50                      
   ARG1629 D    12.94      12.50                      
   ARG1632 D    13.21      12.50                      
   ARG1635 D    14.79      12.50                      
   ARG1638 D    11.31      12.50                      
   ARG1644 D    12.14      12.50                      
   ARG1739 D    12.31      12.50                      
   ARG1826 D    13.58      12.50                      
   ARG1847 D    12.48      12.50                      
   ARG1860 D    13.84      12.50                      
   N+   12 A     8.06       8.00                      
   N+   49 B     7.94       8.00                      
   N+  681 C     7.90       8.00                      
   N+ 1162 D     7.60       8.00                      

2026-06-24 15:26:41,357 INFO:main.py:648:non_trivial:PROPKA information:
--------------------------------------------------------------------------------------------------------
Free energy of   folding (kcal/mol) as a function of pH (using neutral reference)
  0.00     96.38
  1.00     95.62
  2.00     90.79
  3.00     74.93
  4.00     53.42
  5.00     47.04
  6.00     46.53
  7.00     44.69
  8.00     44.75
  9.00     51.90
 10.00     77.58
 11.00    121.79
 12.00    159.15
 13.00    179.79
 14.00    193.79

The pH of optimum stability is  7.5 for which the free energy is   44.4 kcal/mol at 298K
Could not determine pH values where the free energy is within 80 % of minimum
Could not determine the pH-range where the free energy is negative


Protein charge of folded and unfolded state as a function of pH
    pH  unfolded  folded
  0.00    140.99  140.83
  0.10    140.98  140.79
  0.20    140.98  140.74
  0.30    140.97  140.67
  0.40    140.96  140.59
  0.50    140.96  140.49
  0.60    140.94  140.36
  0.70    140.93  140.21
  0.80    140.91  140.03
  0.90    140.89  139.80
  1.00    140.86  139.53
  1.10    140.82  139.21
  1.20    140.78  138.83
  1.30    140.72  138.38
  1.40    140.65  137.86
  1.50    140.56  137.26
  1.60    140.44  136.57
  1.70    140.30  135.79
  1.80    140.12  134.91
  1.90    139.90  133.91
  2.00    139.62  132.80
  2.10    139.27  131.55
  2.20    138.84  130.18
  2.30    138.30  128.65
  2.40    137.63  126.97
  2.50    136.81  125.12
  2.60    135.81  123.08
  2.70    134.59  120.86
  2.80    133.11  118.43
  2.90    131.32  115.79
  3.00    129.20  112.94
  3.10    126.69  109.86
  3.20    123.76  106.55
  3.30    120.37  103.02
  3.40    116.51   99.28
  3.50    112.17   95.31
  3.60    107.36   91.15
  3.70    102.11   86.79
  3.80     96.46   82.26
  3.90     90.49   77.59
  4.00     84.27   72.79
  4.10     77.87   67.91
  4.20     71.39   62.97
  4.30     64.91   58.02
  4.40     58.54   53.11
  4.50     52.36   48.27
  4.60     46.48   43.58
  4.70     40.96   39.07
  4.80     35.89   34.79
  4.90     31.29   30.79
  5.00     27.18   27.09
  5.10     23.57   23.70
  5.20     20.43   20.62
  5.30     17.71   17.85
  5.40     15.36   15.36
  5.50     13.33   13.12
  5.60     11.56   11.11
  5.70     10.00    9.29
  5.80      8.60    7.64
  5.90      7.32    6.12
  6.00      6.11    4.72
  6.10      4.95    3.42
  6.20      3.83    2.21
  6.30      2.72    1.08
  6.40      1.64    0.03
  6.50      0.57   -0.94
  6.60     -0.46   -1.84
  6.70     -1.45   -2.67
  6.80     -2.40   -3.44
  6.90     -3.29   -4.17
  7.00     -4.14   -4.84
  7.10     -4.93   -5.48
  7.20     -5.68   -6.10
  7.30     -6.40   -6.70
  7.40     -7.12   -7.29
  7.50     -7.84   -7.88
  7.60     -8.59   -8.48
  7.70     -9.38   -9.09
  7.80    -10.24   -9.72
  7.90    -11.19  -10.38
  8.00    -12.24  -11.06
  8.10    -13.43  -11.78
  8.20    -14.78  -12.55
  8.30    -16.30  -13.38
  8.40    -18.03  -14.28
  8.50    -19.99  -15.27
  8.60    -22.19  -16.37
  8.70    -24.65  -17.60
  8.80    -27.38  -18.99
  8.90    -30.36  -20.55
  9.00    -33.62  -22.31
  9.10    -37.13  -24.31
  9.20    -40.90  -26.55
  9.30    -44.93  -29.06
  9.40    -49.24  -31.86
  9.50    -53.85  -34.97
  9.60    -58.78  -38.40
  9.70    -64.04  -42.15
  9.80    -69.63  -46.21
  9.90    -75.54  -50.57
 10.00    -81.73  -55.21
 10.10    -88.14  -60.07
 10.20    -94.71  -65.12
 10.30   -101.31  -70.30
 10.40   -107.87  -75.54
 10.50   -114.26  -80.79
 10.60   -120.38  -86.01
 10.70   -126.15  -91.17
 10.80   -131.50  -96.24
 10.90   -136.40 -101.21
 11.00   -140.83 -106.09
 11.10   -144.82 -110.89
 11.20   -148.41 -115.63
 11.30   -151.65 -120.32
 11.40   -154.62 -124.96
 11.50   -157.39 -129.58
 11.60   -160.05 -134.16
 11.70   -162.66 -138.70
 11.80   -165.30 -143.21
 11.90   -168.03 -147.66
 12.00   -170.88 -152.06
 12.10   -173.89 -156.37
 12.20   -177.06 -160.59
 12.30   -180.36 -164.69
 12.40   -183.75 -168.67
 12.50   -187.17 -172.49
 12.60   -190.55 -176.15
 12.70   -193.81 -179.62
 12.80   -196.89 -182.89
 12.90   -199.72 -185.96
 13.00   -202.28 -188.84
 13.10   -204.55 -191.51
 13.20   -206.52 -193.99
 13.30   -208.21 -196.28
 13.40   -209.63 -198.40
 13.50   -210.83 -200.35
 13.60   -211.81 -202.14
 13.70   -212.62 -203.78
 13.80   -213.29 -205.27
 13.90   -213.82 -206.63
 14.00   -214.26 -207.85
The pI is  6.40 (folded) and  6.56 (unfolded)

--------------------------------------------------------------------------------------------------------
2026-06-24 15:26:41,357 INFO:biomolecule.py:797:apply_pka_values:Applying pKa values at a pH of 7.40:
2026-06-24 15:26:41,359 INFO:main.py:661:non_trivial:Adding hydrogens to biomolecule.
2026-06-24 15:26:41,867 INFO:main.py:664:non_trivial:Debumping biomolecule (again).
2026-06-24 15:26:42,441 INFO:main.py:666:non_trivial:Optimizing hydrogen bonds
2026-06-24 15:26:43,547 INFO:main.py:678:non_trivial:Applying force field to biomolecule states.
2026-06-24 15:26:43,554 INFO:main.py:725:non_trivial:Regenerating headers.
2026-06-24 15:26:43,556 INFO:main.py:750:non_trivial:Regenerating PDB lines.
2026-06-24 15:26:43,600 WARNING:main.py:326:print_pqr:Ignoring 466 header lines in output.
