2026-06-24 14:41:28,517 INFO:main.py:246:print_splash_screen:PDB2PQR v3.7.1: biomolecular structure conversion software.
2026-06-24 14:41:28,517 INFO:main.py:248:print_splash_screen:Please cite:  Jurrus E, et al.  Improvements to the APBS biomolecular solvation software suite.  Protein Sci 27 112-128 (2018).
2026-06-24 14:41:28,517 INFO:main.py:248:print_splash_screen:Please cite:  Dolinsky TJ, et al.  PDB2PQR: expanding and upgrading automated preparation of biomolecular structures for molecular simulations. Nucleic Acids Res 35 W522-W525 (2007).
2026-06-24 14:41:28,517 INFO:main.py:770:main_driver:Checking and transforming input arguments.
2026-06-24 14:41:28,517 INFO:main.py:774:main_driver:Loading topology files.
2026-06-24 14:41:28,537 INFO:main.py:776:main_driver:Loading molecule: /home/yagmur/Desktop/bioinformatics_master/07_binding_site_analysis/katman0/electrostatics/apoWT_prot.pdb
2026-06-24 14:41:28,537 ERROR:pdb.py:2587:read_pdb:Error parsing line: invalid literal for int() with base 10: ''
2026-06-24 14:41:28,537 ERROR:pdb.py:2588:read_pdb:<REMARK     1 CREATED WITH MDTraj 1.10.3, 2026-06-15>
2026-06-24 14:41:28,537 ERROR:pdb.py:2589:read_pdb:Truncating remaining errors for record type:REMARK
2026-06-24 14:41:28,575 WARNING:io.py:474:get_molecule:Warning: /home/yagmur/Desktop/bioinformatics_master/07_binding_site_analysis/katman0/electrostatics/apoWT_prot.pdb is a non-standard PDB file.

2026-06-24 14:41:28,575 ERROR:io.py:475:get_molecule:['REMARK']
2026-06-24 14:41:28,575 INFO:main.py:781:main_driver:Setting up molecule.
2026-06-24 14:41:28,603 INFO:main.py:423:setup_molecule:Created biomolecule object with 1395 residues and 22590 atoms.
2026-06-24 14:41:28,603 INFO:main.py:785:main_driver:Setting termini states for biomolecule chains.
2026-06-24 14:41:28,619 INFO:main.py:616:non_trivial:Loading forcefield.
2026-06-24 14:41:28,621 INFO:main.py:620:non_trivial:Loading hydrogen topology definitions.
2026-06-24 14:41:28,625 INFO:main.py:474:is_repairable:This biomolecule is clean.  No repair needed.
2026-06-24 14:41:28,625 INFO:main.py:635:non_trivial:Updating disulfide bridges.
2026-06-24 14:41:28,627 INFO:main.py:638:non_trivial:Debumping biomolecule.
2026-06-24 14:41:28,803 INFO:main.py:645:non_trivial:Assigning titration states with PROPKA.
2026-06-24 14:41:28,830 INFO:output.py:74:print_header:
propka3.5.1                                                                                  2026-06-24

-------------------------------------------------------------------------------
--                                                                           --
--  PROPKA: A PROTEIN PKA PREDICTOR                                          --
--                                                                           --
--  VERSION 1.0,  04/25/2004,  IOWA CITY                                     --
--  BY HUI LI                                                                --
--                                                                           --
--  VERSION 2.0,  11/05/2007, IOWA CITY/COPENHAGEN                           --
--  BY DELPHINE C. BAS AND DAVID M. ROGERS                                   --
--                                                                           --
--  VERSION 3.0,  01/06/2011, COPENHAGEN                                     --
--  BY MATS H.M. OLSSON AND CHRESTEN R. SONDERGARD                           --
--                                                                           --
--  VERSION 3.1,  07/01/2011, COPENHAGEN                                     --
--  BY CHRESTEN R. SONDERGARD AND MATS H.M. OLSSON                           --
--                                                                           --
--  VERSION 3.2,  06/17/2020, PLANET EARTH                                   --
--  SEE ABOVE FOR AUTHORS                                                    --
--                                                                           --
-------------------------------------------------------------------------------


-------------------------------------------------------------------------------
References:

Very Fast Empirical Prediction and Rationalization of Protein pKa Values.
Hui Li, Andrew D. Robertson and Jan H. Jensen. PROTEINS: Structure, Function,
and Bioinformatics. 61:704-721 (2005)

Very Fast Prediction and Rationalization of pKa Values for Protein-Ligand
Complexes.  Delphine C. Bas, David M. Rogers and Jan H. Jensen.  PROTEINS:
Structure, Function, and Bioinformatics 73:765-783 (2008)

PROPKA3: Consistent Treatment of Internal and Surface Residues in Empirical
pKa predictions.  Mats H.M. Olsson, Chresten R. Sondergard, Michal Rostkowski,
and Jan H. Jensen.  Journal of Chemical Theory and Computation, 7(2):525-537
(2011)

Improved Treatment of Ligands and Coupling Effects in Empirical Calculation
and Rationalization of pKa Values.  Chresten R. Sondergaard, Mats H.M. Olsson,
Michal Rostkowski, and Jan H. Jensen.  Journal of Chemical Theory and
Computation, (2011)
-------------------------------------------------------------------------------



2026-06-24 14:41:29,006 INFO:conformation_container.py:124:find_covalently_coupled_groups:Coupling map:
Covalent coupling map for Conformation container 1A with 13126 atoms and 3377 groups
            N+  681 C | HIS 681 C | 
N+  681 C             |     X     | 
HIS 681 C       X     |           | 
2026-06-24 14:41:29,006 INFO:conformation_container.py:213:calculate_pka:Calculating pKas for Conformation container 1A with 13126 atoms and 3377 groups
2026-06-24 14:41:31,331 INFO:conformation_container.py:235:calculate_pka:Removing penalised groups!!!
2026-06-24 14:41:31,490 INFO:output.py:225:print_pka_section:pKa determinants:

---------  -----   ------   ---------------------    --------------    --------------    --------------
                            DESOLVATION  EFFECTS       SIDECHAIN          BACKBONE        COULOMBIC
 RESIDUE    pKa    BURIED     REGULAR      RE        HYDROGEN BOND     HYDROGEN BOND      INTERACTION
---------  -----   ------   ---------   ---------    --------------    --------------    --------------

GLU  19 A   4.56     0 %    0.07  109   0.00    0    0.00 XXX   0 X    0.00 XXX   0 X   -0.01 ARG  18 A

GLU  25 A   2.61    33 %    1.12  374   0.08    0   -0.80 ASN 109 B    0.00 XXX   0 X   -0.07 ARG  14 A
GLU  25 A                                           -1.67 ARG  34 A    0.00 XXX   0 X   -0.05 ARG 122 B
GLU  25 A                                            0.00 XXX   0 X    0.00 XXX   0 X   -0.50 ARG  34 A

GLU  30 A   3.81     0 %    0.16  129   0.00    0   -0.85 LYS  26 A    0.00 XXX   0 X    0.00 XXX   0 X

C-   37 A   3.28     0 %    0.08   58   0.00    0    0.00 XXX   0 X    0.00 XXX   0 X    0.00 XXX   0 X

LYS  26 A  11.15     0 %   -0.20  138   0.00    0    0.85 GLU  30 A    0.00 XXX   0 X    0.00 XXX   0 X

LYS  31 A  10.37     0 %   -0.09  111   0.00    0    0.00 XXX   0 X    0.00 XXX   0 X   -0.04 ARG  27 A

ARG  14 A  11.30    31 %   -0.92  368   0.00    0    0.00 XXX   0 X    0.00 XXX   0 X    0.07 GLU  25 A
ARG  14 A                                            0.00 XXX   0 X    0.00 XXX   0 X    0.00 GLU  78 B
ARG  14 A                                            0.00 XXX   0 X    0.00 XXX   0 X    0.19 GLU  81 B
ARG  14 A                                            0.00 XXX   0 X    0.00 XXX   0 X   -0.03 ARG  15 A
ARG  14 A                                            0.00 XXX   0 X    0.00 XXX   0 X   -0.52 ARG 122 B

ARG  15 A  12.30     0 %   -0.26  227   0.00    0    0.00 XXX   0 X    0.00 XXX   0 X    0.06 GLU  78 B

ARG  18 A  12.26     0 %   -0.26  179   0.00    0    0.00 XXX   0 X    0.00 XXX   0 X    0.01 GLU  19 A

ARG  27 A  12.28     0 %   -0.26  212   0.00    0    0.00 XXX   0 X    0.00 XXX   0 X    0.07 ASP  82 B
ARG  27 A                                            0.00 XXX   0 X    0.00 XXX   0 X    0.00 TYR  87 B
ARG  27 A                                            0.00 XXX   0 X    0.00 XXX   0 X   -0.04 ARG  34 A

ARG  34 A  13.67    24 %   -1.00  348   0.00    0    1.67 GLU  25 A    0.00 XXX   0 X    0.00 ASP  82 B
ARG  34 A                                            0.00 XXX   0 X    0.00 XXX   0 X    0.50 GLU  25 A

N+   12 A   8.56     0 %   -0.51  264   0.00    0    0.85 GLU  78 B    0.00 XXX   0 X   -0.06 ARG  15 A
N+   12 A                                            0.00 XXX   0 X    0.00 XXX   0 X    0.06 GLU  74 B
N+   12 A                                            0.00 XXX   0 X    0.00 XXX   0 X    0.10 GLU  81 B
N+   12 A                                            0.00 XXX   0 X    0.00 XXX   0 X   -0.00 ARG 122 B
N+   12 A                                            0.00 XXX   0 X    0.00 XXX   0 X   -0.28 LYS 126 B
N+   12 A                                            0.00 XXX   0 X    0.00 XXX   0 X    0.39 GLU  78 B

ASP  57 B   2.17     8 %    0.59  305   0.01    0   -0.62 ARG  53 B    0.00 XXX   0 X   -0.08 ARG 104 B
ASP  57 B                                           -0.85 LYS  91 B    0.00 XXX   0 X   -0.27 ARG  53 B
ASP  57 B                                            0.00 XXX   0 X    0.00 XXX   0 X   -0.41 LYS  91 B

ASP  66 B   2.68     0 %    0.32  201   0.00    0   -0.85 LYS 430 B    0.00 XXX   0 X   -0.03 LYS  63 B
ASP  66 B                                            0.00 XXX   0 X    0.00 XXX   0 X   -0.17 LYS 100 B
ASP  66 B                                            0.00 XXX   0 X    0.00 XXX   0 X   -0.38 LYS 430 B

ASP  82 B   4.10    14 %    0.37  321   0.00    0    0.00 XXX   0 X    0.00 XXX   0 X   -0.07 ARG  27 A
ASP  82 B                                            0.00 XXX   0 X    0.00 XXX   0 X   -0.00 ARG  34 A
ASP  82 B                                            0.00 XXX   0 X    0.00 XXX   0 X   -0.01 ARG 122 B
ASP  82 B                                            0.00 XXX   0 X    0.00 XXX   0 X    0.01 ASP  84 B

ASP  84 B   3.22    48 %    1.64  417   0.23    0   -1.64 ARG 104 B    0.00 XXX   0 X   -0.03 LYS  91 B
ASP  84 B                                            0.00 XXX   0 X    0.00 XXX   0 X   -0.15 ARG 433 B
ASP  84 B                                            0.00 XXX   0 X    0.00 XXX   0 X    0.04 ASP  57 B
ASP  84 B                                            0.00 XXX   0 X    0.00 XXX   0 X   -0.68 ARG 104 B

ASP 152 B   3.67     0 %    0.18  236   0.00    0    0.00 XXX   0 X    0.00 XXX   0 X   -0.04 ARG 219 B
ASP 152 B                                            0.00 XXX   0 X    0.00 XXX   0 X   -0.20 LYS 863 C
ASP 152 B                                            0.00 XXX   0 X    0.00 XXX   0 X   -0.07 HIS 151 B

ASP 191 B   4.83    26 %    0.85  355   0.37    0    0.00 XXX   0 X    0.00 XXX   0 X   -0.05 LYS 175 B
ASP 191 B                                            0.00 XXX   0 X    0.00 XXX   0 X   -0.14 ARG 179 B
ASP 191 B                                            0.00 XXX   0 X    0.00 XXX   0 X   -0.00 ARG 190 B

ASP 197 B   4.83    80 %    2.28  506   0.73    0   -0.85 LYS 228 B    0.00 XXX   0 X   -0.01 ARG 225 B
ASP 197 B                                            0.00 XXX   0 X    0.00 XXX   0 X    0.96 GLU 171 B
ASP 197 B                                            0.00 XXX   0 X    0.00 XXX   0 X   -0.78 LYS 175 B
ASP 197 B                                            0.00 XXX   0 X    0.00 XXX   0 X   -1.29 LYS 228 B

ASP 211 B   3.90     0 %    0.12  125   0.00    0    0.00 XXX   0 X    0.00 XXX   0 X   -0.02 LYS 158 B

ASP 252 B   4.10    10 %    0.48  309   0.04    0    0.00 XXX   0 X    0.00 XXX   0 X   -0.19 LYS1641 D
ASP 252 B                                            0.00 XXX   0 X    0.00 XXX   0 X   -0.02 ARG1644 D

ASP 297 B   3.40     0 %    0.26  239   0.00    0   -0.38 ARG 282 B   -0.04 ASP 297 B   -0.24 ARG 282 B

ASP 305 B   3.99     0 %    0.19  254   0.00    0    0.00 XXX   0 X    0.00 XXX   0 X    0.00 XXX   0 X

ASP 310 B   4.03     0 %    0.45  273   0.00    0    0.00 XXX   0 X   -0.22 GLU 312 B    0.00 XXX   0 X

ASP 322 B   1.25    25 %    1.03  351   0.10    0   -0.85 LYS 317 B   -0.20 VAL 323 B   -0.03 LYS 279 B
ASP 322 B                                           -1.60 ARG 376 B    0.00 XXX   0 X   -0.46 LYS 317 B
ASP 322 B                                            0.00 XXX   0 X    0.00 XXX   0 X   -0.54 ARG 376 B

ASP 331 B   3.98     0 %    0.18  227   0.00    0    0.00 XXX   0 X   -0.00 ASP 331 B    0.00 XXX   0 X

ASP 349 B   2.87    70 %    1.70  478   0.00    0   -0.80 THR 353 B    0.00 XXX   0 X   -0.19 ARG 376 B
ASP 349 B                                           -0.73 ARG 367 B    0.00 XXX   0 X   -0.11 HIS 350 B
ASP 349 B                                            0.00 XXX   0 X    0.00 XXX   0 X   -0.79 ARG 367 B

ASP 356 B   4.98    62 %    1.84  455   0.08    0    0.00 XXX   0 X   -0.77 GLY 274 B   -0.19 ARG 277 B
ASP 356 B                                            0.00 XXX   0 X    0.00 XXX   0 X   -0.16 LYS 343 B
ASP 356 B                                            0.00 XXX   0 X    0.00 XXX   0 X   -0.05 ARG1623 D
ASP 356 B                                            0.00 XXX   0 X    0.00 XXX   0 X   -0.06 HIS 278 B
ASP 356 B                                            0.00 XXX   0 X    0.00 XXX   0 X    0.42 ASP1550 D
ASP 356 B                                            0.00 XXX   0 X    0.00 XXX   0 X    0.07 ASP1551 D

ASP 372 B   4.23    88 %    3.21  528   0.47    0   -0.55 CYS 373 B   -0.22 CYS 373 B   -0.32 ARG 367 B
ASP 372 B                                            0.00 XXX   0 X   -0.83 TRP 899 C   -0.45 ARG 893 C
ASP 372 B                                            0.00 XXX   0 X   -0.77 ILE 900 C   -0.11 LYS1419 D
ASP 372 B                                            0.00 XXX   0 X    0.00 XXX   0 X    0.02 GLU 375 B

GLU  49 B   4.54     0 %    0.04   87   0.00    0    0.00 XXX   0 X    0.00 XXX   0 X    0.00 XXX   0 X

GLU  50 B   4.54     0 %    0.04   46   0.00    0    0.00 XXX   0 X    0.00 XXX   0 X    0.00 XXX   0 X

GLU  74 B   4.53     0 %    0.09  116   0.00    0    0.00 XXX   0 X    0.00 XXX   0 X   -0.06 N+   12 A
GLU  74 B                                            0.00 XXX   0 X    0.00 XXX   0 X   -0.00 LYS 126 B

GLU  78 B   2.91    13 %    0.98  318   0.08    0   -0.85 N+   12 A    0.00 XXX   0 X   -0.00 ARG  14 A
GLU  78 B                                           -0.85 LYS 126 B    0.00 XXX   0 X   -0.06 ARG  15 A
GLU  78 B                                            0.00 XXX   0 X    0.00 XXX   0 X   -0.08 ARG 122 B
GLU  78 B                                            0.00 XXX   0 X    0.00 XXX   0 X   -0.39 N+   12 A
GLU  78 B                                            0.00 XXX   0 X    0.00 XXX   0 X   -0.42 LYS 126 B

GLU  81 B   4.65    42 %    0.67  399   0.09    0   -0.18 ARG 122 B    0.00 XXX   0 X   -0.10 N+   12 A
GLU  81 B                                            0.00 XXX   0 X    0.00 XXX   0 X   -0.19 ARG  14 A
GLU  81 B                                            0.00 XXX   0 X    0.00 XXX   0 X    0.14 GLU  78 B
GLU  81 B                                            0.00 XXX   0 X    0.00 XXX   0 X    0.16 ASP  82 B
GLU  81 B                                            0.00 XXX   0 X    0.00 XXX   0 X   -0.43 ARG 122 B

GLU 161 B   4.14    50 %    1.34  422   0.31    0   -0.76 ARG 222 B    0.00 XXX   0 X   -0.24 LYS 158 B
GLU 161 B                                            0.00 XXX   0 X    0.00 XXX   0 X   -0.23 ARG 219 B
GLU 161 B                                            0.00 XXX   0 X    0.00 XXX   0 X   -0.23 ARG 225 B
GLU 161 B                                            0.00 XXX   0 X    0.00 XXX   0 X    0.19 GLU 208 B
GLU 161 B                                            0.00 XXX   0 X    0.00 XXX   0 X   -0.73 ARG 222 B

GLU 171 B   2.82    92 %    2.74  540   0.30    0   -0.85 LYS 175 B    0.00 XXX   0 X   -1.48 LYS 175 B
GLU 171 B                                           -0.85 LYS 228 B    0.00 XXX   0 X   -1.55 LYS 228 B

GLU 208 B   3.23     2 %    0.57  288   0.01    0   -0.85 LYS 158 B    0.00 XXX   0 X   -0.05 ARG 222 B
GLU 208 B                                           -0.56 TYR 162 B    0.00 XXX   0 X   -0.39 LYS 158 B

GLU 295 B   4.77     0 %    0.25  167   0.00    0    0.00 XXX   0 X    0.00 XXX   0 X    0.02 ASP 297 B

GLU 302 B   4.57     0 %    0.07  139   0.00    0    0.00 XXX   0 X    0.00 XXX   0 X    0.00 XXX   0 X

GLU 312 B   4.79     0 %    0.12  182   0.00    0    0.00 XXX   0 X    0.00 XXX   0 X   -0.01 ARG 282 B
GLU 312 B                                            0.00 XXX   0 X    0.00 XXX   0 X    0.17 ASP 310 B

GLU 337 B   4.30     0 %    0.14  138   0.00    0    0.00 XXX   0 X   -0.34 GLU 337 B    0.00 XXX   0 X

GLU 346 B   4.56     0 %    0.12  226   0.00    0    0.00 XXX   0 X    0.00 XXX   0 X   -0.01 ARG 277 B
GLU 346 B                                            0.00 XXX   0 X    0.00 XXX   0 X   -0.02 LYS 279 B
GLU 346 B                                            0.00 XXX   0 X    0.00 XXX   0 X   -0.03 HIS 350 B

GLU 375 B   4.17    68 %    1.42  472   0.00    0   -0.85 LYS1419 D    0.00 XXX   0 X   -0.90 LYS1419 D

GLU 417 B   4.80     5 %    0.25  295   0.02    0    0.00 XXX   0 X    0.00 XXX   0 X   -0.00 LYS 249 B
GLU 417 B                                            0.00 XXX   0 X    0.00 XXX   0 X    0.03 GLU 418 B

GLU 418 B   3.63     4 %    0.39  292   0.01    0   -0.85 LYS 249 B    0.00 XXX   0 X   -0.42 LYS 249 B

GLU 426 B   3.94     0 %    0.39  271   0.00    0   -0.85 LYS  62 B    0.00 XXX   0 X   -0.04 LYS  63 B
GLU 426 B                                            0.00 XXX   0 X    0.00 XXX   0 X    0.32 GLU 429 B
GLU 426 B                                            0.00 XXX   0 X    0.00 XXX   0 X   -0.38 LYS  62 B

GLU 428 B   4.49     0 %    0.11  145   0.00    0    0.00 XXX   0 X    0.00 XXX   0 X   -0.04 LYS  63 B
GLU 428 B                                            0.00 XXX   0 X    0.00 XXX   0 X   -0.12 LYS 430 B
GLU 428 B                                            0.00 XXX   0 X    0.00 XXX   0 X    0.05 ASP  66 B

GLU 429 B   3.55     0 %    0.28  207   0.00    0   -0.85 LYS  62 B    0.00 XXX   0 X   -0.00 LYS 430 B
GLU 429 B                                            0.00 XXX   0 X    0.00 XXX   0 X   -0.38 LYS  62 B

GLU 431 B   4.05    47 %    1.45  414   0.10    0   -1.49 ARG 104 B    0.00 XXX   0 X   -0.03 ARG  53 B
GLU 431 B                                            0.00 XXX   0 X    0.00 XXX   0 X   -0.14 ARG 433 B
GLU 431 B                                            0.00 XXX   0 X    0.00 XXX   0 X    0.02 ASP  57 B
GLU 431 B                                            0.00 XXX   0 X    0.00 XXX   0 X    0.28 ASP  84 B
GLU 431 B                                            0.00 XXX   0 X    0.00 XXX   0 X    0.03 C-  433 B
GLU 431 B                                            0.00 XXX   0 X    0.00 XXX   0 X   -0.67 ARG 104 B

C-  433 B   2.03     0 %    0.30  195   0.00    0   -0.85 LYS 432 B    0.00 XXX   0 X   -0.24 ARG 433 B
C-  433 B                                            0.00 XXX   0 X    0.00 XXX   0 X   -0.38 LYS 432 B

HIS 118 B   5.88     0 %   -0.35  230   0.00    0    0.00 XXX   0 X    0.00 XXX   0 X   -0.01 ARG  14 A
HIS 118 B                                            0.00 XXX   0 X    0.00 XXX   0 X   -0.26 ARG  18 A

HIS 130 B   6.40    12 %   -0.43  314   0.00    0    0.00 XXX   0 X    0.43 LYS 126 B   -0.10 LYS 126 B

HIS 151 B   6.38     0 %   -0.14  188   0.00    0    0.00 XXX   0 X    0.00 XXX   0 X   -0.05 LYS 863 C
HIS 151 B                                            0.00 XXX   0 X    0.00 XXX   0 X    0.07 ASP 152 B

HIS 184 B   6.14    15 %   -0.68  323   0.00    0    0.00 XXX   0 X    0.43 ALA 185 B   -0.03 ARG 121 B
HIS 184 B                                            0.00 XXX   0 X    0.00 XXX   0 X   -0.08 ARG 190 B

HIS 278 B   5.18    54 %   -1.71  433   0.00    0    0.00 XXX   0 X    0.11 GLY 274 B   -0.06 ARG 277 B
HIS 278 B                                            0.00 XXX   0 X    0.40 ASN 275 B   -0.05 LYS 279 B
HIS 278 B                                            0.00 XXX   0 X    0.00 XXX   0 X   -0.25 LYS 343 B
HIS 278 B                                            0.00 XXX   0 X    0.00 XXX   0 X   -0.01 ARG1623 D
HIS 278 B                                            0.00 XXX   0 X    0.00 XXX   0 X    0.06 ASP 356 B
HIS 278 B                                            0.00 XXX   0 X    0.00 XXX   0 X    0.14 ASP1550 D
HIS 278 B                                            0.00 XXX   0 X    0.00 XXX   0 X    0.05 ASP1551 D

HIS 350 B   6.45     8 %   -0.36  303   0.00    0    0.00 XXX   0 X    0.00 XXX   0 X    0.03 GLU 346 B
HIS 350 B                                            0.00 XXX   0 X    0.00 XXX   0 X    0.11 ASP 349 B
HIS 350 B                                            0.00 XXX   0 X    0.00 XXX   0 X    0.04 ASP 905 C
HIS 350 B                                            0.00 XXX   0 X    0.00 XXX   0 X    0.12 GLU 908 C

CYS 139 B   8.93     0 %    0.28  248   0.00    0   -0.35 THR 143 B    0.00 XXX   0 X    0.00 XXX   0 X

CYS 145 B  11.73    80 %    2.92  504   0.00    0    0.00 XXX   0 X   -0.07 CYS 145 B   -0.12 ARG 225 B

CYS 182 B   9.22     0 %    0.42  227   0.00    0   -0.02 ARG 190 B    0.00 XXX   0 X   -0.18 ARG 190 B

CYS 260 B  11.60    88 %    2.60  527   0.00    0    0.00 XXX   0 X    0.00 XXX   0 X    0.00 XXX   0 X

CYS 280 B  12.40*   40 %    1.81  394   0.00    0    0.16 CYS 326 B   -0.01 VAL 281 B    0.44 CYS 326 B
CYS 280 B                                            0.34 CYS 335 B    0.00 XXX   0 X    0.18 CYS 341 B
CYS 280 B                                            0.00 XXX   0 X    0.00 XXX   0 X    0.48 CYS 335 B

CYS 326 B  11.27*   38 %    1.26  389   0.00    0   -0.16 CYS 280 B    0.00 XXX   0 X   -0.11 ARG 383 B
CYS 326 B                                            0.42 CYS 335 B    0.00 XXX   0 X    0.34 CYS 341 B
CYS 326 B                                            0.00 XXX   0 X    0.00 XXX   0 X    0.51 CYS 335 B

CYS 335 B   9.25*   24 %    1.09  348   0.00    0   -0.02 SER 330 B   -0.03 CYS 341 B   -0.04 ARG 340 B
CYS 335 B                                           -0.34 CYS 280 B    0.00 XXX   0 X    0.01 GLU 337 B
CYS 335 B                                           -0.42 CYS 326 B    0.00 XXX   0 X    0.00 XXX   0 X

CYS 341 B  10.85    52 %    2.15  428   0.00    0   -0.56 SER 330 B    0.00 XXX   0 X   -0.02 LYS 279 B
CYS 341 B                                            0.00 XXX   0 X    0.00 XXX   0 X   -0.04 ARG 340 B
CYS 341 B                                            0.00 XXX   0 X    0.00 XXX   0 X   -0.01 LYS 343 B
CYS 341 B                                            0.00 XXX   0 X    0.00 XXX   0 X    0.32 CYS 335 B

CYS 373 B  13.22    82 %    2.22  510   0.00    0    0.55 ASP 372 B   -0.03 GLU 901 C   -0.64 ARG 367 B
CYS 373 B                                            0.00 XXX   0 X    0.00 XXX   0 X   -0.34 ARG 893 C
CYS 373 B                                            0.00 XXX   0 X    0.00 XXX   0 X   -0.13 LYS1419 D
CYS 373 B                                            0.00 XXX   0 X    0.00 XXX   0 X    0.18 ASP 349 B
CYS 373 B                                            0.00 XXX   0 X    0.00 XXX   0 X    0.16 GLU 375 B
CYS 373 B                                            0.00 XXX   0 X    0.00 XXX   0 X    0.36 GLU 898 C
CYS 373 B                                            0.00 XXX   0 X    0.00 XXX   0 X    1.24 ASP 372 B
CYS 373 B                                            0.00 XXX   0 X    0.00 XXX   0 X    0.63 GLU 901 C

TYR  68 B  10.16     0 %    0.20  199   0.00    0    0.00 XXX   0 X    0.00 XXX   0 X   -0.17 ARG 433 B
TYR  68 B                                            0.00 XXX   0 X    0.00 XXX   0 X    0.15 C-  433 B
TYR  68 B                                            0.00 XXX   0 X    0.00 XXX   0 X   -0.02 LYS 432 B

TYR  87 B  10.35     0 %    0.35  164   0.00    0    0.00 XXX   0 X    0.00 XXX   0 X   -0.00 ARG  27 A

TYR 112 B  10.04     0 %    0.04   49   0.00    0    0.00 XXX   0 X    0.00 XXX   0 X    0.00 XXX   0 X

TYR 159 B  10.09     0 %    0.09  119   0.00    0    0.00 XXX   0 X    0.00 XXX   0 X    0.00 XXX   0 X

TYR 162 B  11.27     0 %    0.42  233   0.00    0    0.56 GLU 208 B    0.00 XXX   0 X    0.08 GLU 161 B
TYR 162 B                                            0.00 XXX   0 X    0.00 XXX   0 X   -0.29 LYS 158 B
TYR 162 B                                            0.00 XXX   0 X    0.00 XXX   0 X    0.13 TYR 159 B
TYR 162 B                                            0.00 XXX   0 X    0.00 XXX   0 X    0.38 GLU 208 B

TYR 168 B  12.94    80 %    2.77  504   0.00    0    0.00 XXX   0 X    0.00 XXX   0 X    0.44 CYS 145 B
TYR 168 B                                            0.00 XXX   0 X    0.00 XXX   0 X    0.16 GLU 171 B
TYR 168 B                                            0.00 XXX   0 X    0.00 XXX   0 X    0.14 ASP 197 B
TYR 168 B                                            0.00 XXX   0 X    0.00 XXX   0 X   -0.57 ARG 225 B

TYR 205 B   9.65     8 %    0.50  305   0.00    0   -0.85 THR 169 B    0.00 XXX   0 X    0.00 XXX   0 X

TYR 307 B  11.46    23 %    1.43  345   0.00    0    0.00 XXX   0 X    0.00 XXX   0 X   -0.14 ARG 282 B
TYR 307 B                                            0.00 XXX   0 X    0.00 XXX   0 X    0.14 ASP 297 B
TYR 307 B                                            0.00 XXX   0 X    0.00 XXX   0 X    0.02 ASP 310 B
TYR 307 B                                            0.00 XXX   0 X    0.00 XXX   0 X   -0.05 ARG 340 B
TYR 307 B                                            0.00 XXX   0 X    0.00 XXX   0 X    0.05 TYR 339 B

TYR 314 B  11.28    33 %    1.28  375   0.00    0    0.00 XXX   0 X    0.00 XXX   0 X   -0.05 ARG 277 B
TYR 314 B                                            0.00 XXX   0 X    0.00 XXX   0 X    0.04 ASP 310 B
TYR 314 B                                            0.00 XXX   0 X    0.00 XXX   0 X    0.02 GLU 346 B

TYR 339 B  10.25     2 %    0.46  288   0.00    0    0.00 XXX   0 X    0.00 XXX   0 X    0.07 CYS 280 B
TYR 339 B                                            0.00 XXX   0 X    0.00 XXX   0 X   -0.34 ARG 282 B
TYR 339 B                                            0.00 XXX   0 X    0.00 XXX   0 X    0.05 ASP 297 B
TYR 339 B                                            0.00 XXX   0 X    0.00 XXX   0 X    0.01 GLU 312 B

TYR 352 B  10.77     8 %    0.59  303   0.00    0    0.00 XXX   0 X    0.00 XXX   0 X    0.00 ASP 905 C
TYR 352 B                                            0.00 XXX   0 X    0.00 XXX   0 X    0.09 GLU 908 C
TYR 352 B                                            0.00 XXX   0 X    0.00 XXX   0 X    0.08 CYS 915 C

TYR 378 B  13.03    77 %    2.95  497   0.00    0   -0.00 GLN1706 D    0.00 XXX   0 X    0.07 CYS1703 D

TYR 389 B  10.52    40 %    1.55  393   0.00    0   -0.85 THR1620 D    0.00 XXX   0 X   -0.19 ARG1623 D

TYR 403 B  13.41    88 %    3.16  529   0.00    0    0.00 XXX   0 X    0.00 XXX   0 X    0.26 CYS 260 B

TYR 416 B  11.31    58 %    1.31  445   0.00    0    0.00 XXX   0 X    0.00 XXX   0 X    0.00 XXX   0 X

LYS  62 B  12.41     0 %   -0.55  265   0.00    0    0.85 GLU 426 B    0.00 XXX   0 X    0.38 GLU 426 B
LYS  62 B                                            0.85 GLU 429 B    0.00 XXX   0 X    0.38 GLU 429 B

LYS  63 B  10.13     0 %   -0.39  244   0.00    0    0.00 XXX   0 X    0.00 XXX   0 X    0.03 ASP  66 B
LYS  63 B                                            0.00 XXX   0 X    0.00 XXX   0 X    0.04 GLU 426 B
LYS  63 B                                            0.00 XXX   0 X    0.00 XXX   0 X    0.04 GLU 428 B
LYS  63 B                                            0.00 XXX   0 X    0.00 XXX   0 X   -0.01 LYS  62 B
LYS  63 B                                            0.00 XXX   0 X    0.00 XXX   0 X   -0.03 LYS 100 B
LYS  63 B                                            0.00 XXX   0 X    0.00 XXX   0 X   -0.05 LYS 430 B

LYS  91 B  11.03     8 %   -0.51  305   0.00    0    0.85 ASP  57 B    0.00 XXX   0 X   -0.23 ARG  53 B
LYS  91 B                                            0.00 XXX   0 X    0.00 XXX   0 X    0.03 ASP  84 B
LYS  91 B                                            0.00 XXX   0 X    0.00 XXX   0 X   -0.02 ARG 104 B
LYS  91 B                                            0.00 XXX   0 X    0.00 XXX   0 X   -0.00 ARG 433 B
LYS  91 B                                            0.00 XXX   0 X    0.00 XXX   0 X    0.41 ASP  57 B

LYS  98 B  10.42     0 %   -0.08  196   0.00    0    0.00 XXX   0 X    0.00 XXX   0 X    0.00 XXX   0 X

LYS 100 B  10.38     0 %   -0.25  229   0.00    0    0.00 XXX   0 X    0.00 XXX   0 X    0.17 ASP  66 B
LYS 100 B                                            0.00 XXX   0 X    0.00 XXX   0 X   -0.04 LYS 430 B

LYS 126 B  11.07     7 %   -0.60  301   0.00    0    0.85 GLU  78 B    0.00 XXX   0 X   -0.09 ARG  15 A
LYS 126 B                                            0.00 XXX   0 X    0.00 XXX   0 X    0.00 GLU  74 B
LYS 126 B                                            0.00 XXX   0 X    0.00 XXX   0 X    0.42 GLU  78 B

LYS 158 B  11.72     5 %   -0.49  294   0.00    0    0.85 GLU 208 B    0.00 XXX   0 X    0.24 GLU 161 B
LYS 158 B                                            0.00 XXX   0 X    0.00 XXX   0 X    0.02 ASP 211 B
LYS 158 B                                            0.00 XXX   0 X    0.00 XXX   0 X   -0.08 ARG 222 B
LYS 158 B                                            0.00 XXX   0 X    0.00 XXX   0 X    0.29 TYR 162 B
LYS 158 B                                            0.00 XXX   0 X    0.00 XXX   0 X    0.39 GLU 208 B

LYS 175 B   9.87    89 %   -2.55  531   0.00    0    0.85 GLU 171 B    0.00 XXX   0 X   -0.04 ARG 179 B
LYS 175 B                                            0.00 XXX   0 X    0.00 XXX   0 X    0.05 ASP 191 B
LYS 175 B                                            0.00 XXX   0 X    0.00 XXX   0 X   -1.20 LYS 228 B
LYS 175 B                                            0.00 XXX   0 X    0.00 XXX   0 X    1.48 GLU 171 B
LYS 175 B                                            0.00 XXX   0 X    0.00 XXX   0 X    0.78 ASP 197 B

LYS 228 B  12.09    92 %   -2.96  540   0.00    0    0.85 GLU 171 B    0.00 XXX   0 X    1.55 GLU 171 B
LYS 228 B                                            0.85 ASP 197 B    0.00 XXX   0 X    1.29 ASP 197 B

LYS 237 B  10.13    16 %   -0.37  326   0.00    0    0.00 XXX   0 X    0.00 XXX   0 X    0.00 XXX   0 X

LYS 248 B  10.36     0 %   -0.14  162   0.00    0    0.00 XXX   0 X    0.00 XXX   0 X    0.00 XXX   0 X

LYS 249 B  11.07    16 %   -0.76  326   0.00    0    0.85 GLU 418 B    0.00 XXX   0 X    0.00 GLU 417 B
LYS 249 B                                            0.00 XXX   0 X    0.00 XXX   0 X    0.05 GLU1781 D
LYS 249 B                                            0.00 XXX   0 X    0.00 XXX   0 X    0.42 GLU 418 B

LYS 279 B   8.85    58 %   -1.54  443   0.00    0    0.00 XXX   0 X    0.00 XXX   0 X   -0.17 ARG 277 B
LYS 279 B                                            0.00 XXX   0 X    0.00 XXX   0 X    0.03 ASP 322 B
LYS 279 B                                            0.00 XXX   0 X    0.00 XXX   0 X    0.02 CYS 341 B
LYS 279 B                                            0.00 XXX   0 X    0.00 XXX   0 X    0.02 GLU 346 B
LYS 279 B                                            0.00 XXX   0 X    0.00 XXX   0 X   -0.01 ARG 376 B

LYS 317 B  10.92    17 %   -0.62  328   0.00    0    0.85 ASP 322 B    0.00 XXX   0 X   -0.31 ARG 376 B
LYS 317 B                                            0.00 XXX   0 X    0.00 XXX   0 X   -0.09 ARG 383 B
LYS 317 B                                            0.00 XXX   0 X    0.00 XXX   0 X    0.12 ASP1689 D
LYS 317 B                                            0.00 XXX   0 X    0.00 XXX   0 X    0.00 ASP1690 D
LYS 317 B                                            0.00 XXX   0 X    0.00 XXX   0 X    0.46 ASP 322 B

LYS 343 B  11.97    26 %   -1.13  354   0.00    0    0.83 ASP1550 D    0.00 XXX   0 X   -0.16 ARG 277 B
LYS 343 B                                            0.83 ASP1551 D    0.00 XXX   0 X    0.01 CYS 341 B
LYS 343 B                                            0.00 XXX   0 X    0.00 XXX   0 X    0.16 ASP 356 B
LYS 343 B                                            0.00 XXX   0 X    0.00 XXX   0 X   -0.02 ARG1623 D
LYS 343 B                                            0.00 XXX   0 X    0.00 XXX   0 X    0.51 ASP1550 D
LYS 343 B                                            0.00 XXX   0 X    0.00 XXX   0 X    0.44 ASP1551 D

LYS 387 B  10.28    10 %   -0.23  309   0.00    0    0.00 XXX   0 X    0.00 XXX   0 X    0.01 ASP1226 D

LYS 430 B  11.51     0 %   -0.34  202   0.00    0    0.85 ASP  66 B    0.00 XXX   0 X    0.12 GLU 428 B
LYS 430 B                                            0.00 XXX   0 X    0.00 XXX   0 X    0.00 GLU 429 B
LYS 430 B                                            0.00 XXX   0 X    0.00 XXX   0 X    0.38 ASP  66 B

LYS 432 B  11.46     0 %   -0.20  163   0.00    0    0.85 C-  433 B    0.00 XXX   0 X   -0.01 ARG  53 B
LYS 432 B                                            0.00 XXX   0 X    0.00 XXX   0 X   -0.09 ARG 433 B
LYS 432 B                                            0.00 XXX   0 X    0.00 XXX   0 X    0.02 TYR  68 B
LYS 432 B                                            0.00 XXX   0 X    0.00 XXX   0 X    0.38 C-  433 B

ARG  53 B  13.14     0 %   -0.26  237   0.00    0    0.62 ASP  57 B    0.00 XXX   0 X    0.03 GLU 431 B
ARG  53 B                                            0.00 XXX   0 X    0.00 XXX   0 X   -0.02 ARG 104 B
ARG  53 B                                            0.00 XXX   0 X    0.00 XXX   0 X    0.27 ASP  57 B

ARG 104 B  15.31    58 %   -1.74  444   0.00    0    1.64 ASP  84 B    0.00 XXX   0 X    0.08 ASP  57 B
ARG 104 B                                            1.49 GLU 431 B    0.00 XXX   0 X    0.68 ASP  84 B
ARG 104 B                                            0.00 XXX   0 X    0.00 XXX   0 X    0.67 GLU 431 B

ARG 121 B  11.59    38 %   -0.91  387   0.00    0    0.00 XXX   0 X    0.00 XXX   0 X    0.00 XXX   0 X

ARG 122 B  11.87    68 %   -1.36  471   0.00    0    0.18 GLU  81 B    0.00 XXX   0 X    0.05 GLU  25 A
ARG 122 B                                            0.00 XXX   0 X    0.00 XXX   0 X    0.08 GLU  78 B
ARG 122 B                                            0.00 XXX   0 X    0.00 XXX   0 X    0.01 ASP  82 B
ARG 122 B                                            0.00 XXX   0 X    0.00 XXX   0 X   -0.02 ARG  34 A
ARG 122 B                                            0.00 XXX   0 X    0.00 XXX   0 X    0.43 GLU  81 B

ARG 179 B  11.06    79 %   -1.58  502   0.00    0    0.00 XXX   0 X    0.00 XXX   0 X    0.14 ASP 191 B

ARG 190 B  12.42     0 %   -0.28  188   0.00    0    0.02 CYS 182 B    0.00 XXX   0 X    0.18 CYS 182 B
ARG 190 B                                            0.00 XXX   0 X    0.00 XXX   0 X    0.00 ASP 191 B

ARG 219 B  11.27    38 %   -1.21  387   0.00    0    0.00 XXX   0 X    0.00 XXX   0 X    0.04 ASP 152 B
ARG 219 B                                            0.00 XXX   0 X    0.00 XXX   0 X    0.23 GLU 161 B
ARG 219 B                                            0.00 XXX   0 X    0.00 XXX   0 X   -0.29 ARG 222 B
ARG 219 B                                            0.00 XXX   0 X    0.00 XXX   0 X   -0.01 ARG 225 B

ARG 222 B  12.60    67 %   -1.44  468   0.00    0    0.76 GLU 161 B    0.00 XXX   0 X    0.05 GLU 208 B
ARG 222 B                                            0.00 XXX   0 X    0.00 XXX   0 X    0.73 GLU 161 B

ARG 225 B  11.35    74 %   -1.64  488   0.00    0    0.00 XXX   0 X    0.00 XXX   0 X    0.12 CYS 145 B
ARG 225 B                                            0.00 XXX   0 X    0.00 XXX   0 X    0.23 GLU 161 B
ARG 225 B                                            0.00 XXX   0 X    0.00 XXX   0 X    0.57 TYR 168 B
ARG 225 B                                            0.00 XXX   0 X    0.00 XXX   0 X    0.01 ASP 197 B
ARG 225 B                                            0.00 XXX   0 X    0.00 XXX   0 X   -0.44 ARG 222 B

ARG 277 B  12.41    26 %   -0.65  353   0.00    0    0.00 XXX   0 X    0.00 XXX   0 X    0.05 TYR 314 B
ARG 277 B                                            0.00 XXX   0 X    0.00 XXX   0 X    0.01 GLU 346 B
ARG 277 B                                            0.00 XXX   0 X    0.00 XXX   0 X    0.19 ASP 356 B
ARG 277 B                                            0.00 XXX   0 X    0.00 XXX   0 X    0.18 ASP1550 D
ARG 277 B                                            0.00 XXX   0 X    0.00 XXX   0 X    0.12 ASP1551 D

ARG 282 B  13.37     0 %   -0.24  267   0.00    0    0.38 ASP 297 B    0.00 XXX   0 X    0.14 TYR 307 B
ARG 282 B                                            0.00 XXX   0 X    0.00 XXX   0 X    0.01 GLU 312 B
ARG 282 B                                            0.00 XXX   0 X    0.00 XXX   0 X    0.34 TYR 339 B
ARG 282 B                                            0.00 XXX   0 X    0.00 XXX   0 X    0.24 ASP 297 B

ARG 340 B  12.06    23 %   -0.57  346   0.00    0    0.00 XXX   0 X    0.00 XXX   0 X    0.05 TYR 307 B
ARG 340 B                                            0.00 XXX   0 X    0.00 XXX   0 X    0.04 CYS 335 B
ARG 340 B                                            0.00 XXX   0 X    0.00 XXX   0 X    0.04 CYS 341 B

ARG 367 B  12.74    78 %   -2.25  500   0.00    0    0.73 ASP 349 B    0.00 XXX   0 X    0.32 ASP 372 B
ARG 367 B                                            0.00 XXX   0 X    0.00 XXX   0 X    0.64 CYS 373 B
ARG 367 B                                            0.00 XXX   0 X    0.00 XXX   0 X    0.02 GLU 901 C
ARG 367 B                                            0.00 XXX   0 X    0.00 XXX   0 X    0.79 ASP 349 B

ARG 376 B  13.73    48 %   -1.10  415   0.00    0    1.60 ASP 322 B    0.00 XXX   0 X    0.19 ASP 349 B
ARG 376 B                                            0.00 XXX   0 X    0.00 XXX   0 X    0.54 ASP 322 B

ARG 383 B  13.72    45 %   -1.00  408   0.00    0    1.38 ASP1690 D    0.00 XXX   0 X    0.11 CYS 326 B
ARG 383 B                                            0.00 XXX   0 X    0.00 XXX   0 X    0.17 ASP1689 D
ARG 383 B                                            0.00 XXX   0 X    0.00 XXX   0 X    0.57 ASP1690 D

ARG 433 B  12.71     2 %   -0.33  288   0.00    0    0.00 XXX   0 X    0.00 XXX   0 X    0.17 TYR  68 B
ARG 433 B                                            0.00 XXX   0 X    0.00 XXX   0 X    0.15 ASP  84 B
ARG 433 B                                            0.00 XXX   0 X    0.00 XXX   0 X    0.14 GLU 431 B
ARG 433 B                                            0.00 XXX   0 X    0.00 XXX   0 X    0.24 C-  433 B
ARG 433 B                                            0.00 XXX   0 X    0.00 XXX   0 X   -0.06 ARG  53 B
ARG 433 B                                            0.00 XXX   0 X    0.00 XXX   0 X   -0.10 ARG 104 B

N+   49 B   7.92     0 %   -0.08   53   0.00    0    0.00 XXX   0 X    0.00 XXX   0 X    0.00 XXX   0 X

ASP 716 C   3.91     0 %    0.14  141   0.00    0    0.00 XXX   0 X   -0.03 ASP 716 C    0.00 XXX   0 X

ASP 720 C   3.93     2 %    0.31  287   0.01    0    0.00 XXX   0 X    0.00 XXX   0 X   -0.03 LYS 767 C
ASP 720 C                                            0.00 XXX   0 X    0.00 XXX   0 X   -0.01 LYS 817 C
ASP 720 C                                            0.00 XXX   0 X    0.00 XXX   0 X   -0.16 LYS 820 C
ASP 720 C                                            0.00 XXX   0 X    0.00 XXX   0 X    0.01 ASP 716 C

ASP 772 C   2.79     0 %    0.34  279   0.00    0   -0.85 LYS 707 C    0.00 XXX   0 X   -0.06 N+  681 C
ASP 772 C                                            0.00 XXX   0 X    0.00 XXX   0 X   -0.05 LYS 711 C
ASP 772 C                                            0.00 XXX   0 X    0.00 XXX   0 X   -0.39 LYS 707 C

ASP 785 C   2.91    64 %    2.13  461   0.58    0   -0.85 LYS 767 C    0.00 XXX   0 X   -0.05 ARG 814 C
ASP 785 C                                           -0.85 LYS 817 C    0.00 XXX   0 X   -0.23 LYS 820 C
ASP 785 C                                            0.00 XXX   0 X    0.00 XXX   0 X   -0.77 LYS 767 C
ASP 785 C                                            0.00 XXX   0 X    0.00 XXX   0 X   -0.86 LYS 817 C

ASP 870 C   3.93     0 %    0.13   89   0.00    0    0.00 XXX   0 X    0.00 XXX   0 X    0.00 XXX   0 X

ASP 872 C   3.76     0 %    0.14  117   0.00    0    0.00 XXX   0 X   -0.18 ASP 872 C    0.00 XXX   0 X

ASP 883 C   3.72    38 %    1.06  388   0.00    0   -0.55 GLN 150 B   -0.31 PHE 884 C   -0.03 LYS 863 C
ASP 883 C                                            0.00 XXX   0 X   -0.04 PHE 885 C   -0.22 HIS 886 C

ASP 905 C   3.82    63 %    1.63  458   0.77    0   -1.60 HIS 880 C    0.00 XXX   0 X   -0.01 ARG 893 C
ASP 905 C                                            0.00 XXX   0 X    0.00 XXX   0 X   -0.04 HIS 350 B
ASP 905 C                                            0.00 XXX   0 X    0.00 XXX   0 X   -0.72 HIS 880 C

GLU 698 C   4.04     0 %    0.28  185   0.00    0    0.00 XXX   0 X   -0.10 LYS 682 C   -0.34 N+  681 C
GLU 698 C                                            0.00 XXX   0 X    0.00 XXX   0 X   -0.29 LYS 682 C

GLU 737 C   3.67    60 %    1.17  450   0.20    0   -1.10 ARG 811 C    0.00 XXX   0 X   -0.22 ARG 808 C
GLU 737 C                                            0.00 XXX   0 X    0.00 XXX   0 X   -0.03 HIS 738 C
GLU 737 C                                            0.00 XXX   0 X    0.00 XXX   0 X   -0.85 ARG 811 C

GLU 744 C   4.60     0 %    0.10   96   0.00    0    0.00 XXX   0 X    0.00 XXX   0 X    0.00 XXX   0 X

GLU 746 C   4.87     0 %    0.17  168   0.00    0    0.00 XXX   0 X    0.00 XXX   0 X    0.20 GLU 747 C

GLU 747 C   4.66     0 %    0.16  129   0.00    0    0.00 XXX   0 X    0.00 XXX   0 X    0.00 XXX   0 X

GLU 763 C   4.38    62 %    2.30  456   0.37    0   -0.85 LYS 767 C    0.00 XXX   0 X   -0.29 LYS 820 C
GLU 763 C                                           -0.85 LYS 817 C    0.00 XXX   0 X    0.06 ASP 720 C
GLU 763 C                                            0.00 XXX   0 X    0.00 XXX   0 X   -0.76 LYS 767 C
GLU 763 C                                            0.00 XXX   0 X    0.00 XXX   0 X    0.74 ASP 785 C
GLU 763 C                                            0.00 XXX   0 X    0.00 XXX   0 X   -0.84 LYS 817 C

GLU 795 C   4.13    21 %    0.75  341   0.11    0   -0.61 ARG 808 C    0.00 XXX   0 X   -0.16 ARG 811 C
GLU 795 C                                            0.00 XXX   0 X    0.00 XXX   0 X   -0.03 ARG 814 C
GLU 795 C                                            0.00 XXX   0 X    0.00 XXX   0 X   -0.44 ARG 808 C

GLU 867 C   4.59     0 %    0.09  120   0.00    0    0.00 XXX   0 X    0.00 XXX   0 X    0.00 XXX   0 X

GLU 898 C   5.54    81 %    2.57  507   0.37    0   -0.82 TRP1421 D    0.00 XXX   0 X   -0.29 LYS1419 D
GLU 898 C                                           -0.86 ARG 893 C    0.00 XXX   0 X    0.08 GLU 375 B
GLU 898 C                                            0.00 XXX   0 X    0.00 XXX   0 X    0.33 GLU 901 C
GLU 898 C                                            0.00 XXX   0 X    0.00 XXX   0 X    0.70 ASP 372 B
GLU 898 C                                            0.00 XXX   0 X    0.00 XXX   0 X   -1.04 ARG 893 C

GLU 901 C   4.55    63 %    1.00  457   0.00    0   -0.64 ARG 893 C    0.00 XXX   0 X   -0.02 ARG 367 B
GLU 901 C                                            0.00 XXX   0 X    0.00 XXX   0 X    0.28 ASP 372 B
GLU 901 C                                            0.00 XXX   0 X    0.00 XXX   0 X    0.02 GLU 375 B
GLU 901 C                                            0.00 XXX   0 X    0.00 XXX   0 X    0.13 ASP 905 C
GLU 901 C                                            0.00 XXX   0 X    0.00 XXX   0 X   -0.72 ARG 893 C

GLU 908 C   4.96    16 %    0.37  325   0.08    0    0.00 XXX   0 X    0.00 XXX   0 X   -0.12 HIS 350 B
GLU 908 C                                            0.00 XXX   0 X    0.00 XXX   0 X   -0.15 HIS 880 C
GLU 908 C                                            0.00 XXX   0 X    0.00 XXX   0 X    0.28 ASP 905 C

C-  943 C   3.18     1 %    0.28  284   0.00    0    0.00 XXX   0 X    0.00 XXX   0 X   -0.00 LYS1477 D
C-  943 C                                            0.00 XXX   0 X    0.00 XXX   0 X   -0.29 LYS1478 D

HIS 738 C   6.69    14 %   -0.70  321   0.00    0    0.00 XXX   0 X    0.80 TYR 739 C   -0.00 LYS1397 D
HIS 738 C                                            0.00 XXX   0 X    0.00 XXX   0 X    0.03 GLU 737 C
HIS 738 C                                            0.00 XXX   0 X    0.00 XXX   0 X    0.06 ASP1403 D

HIS 880 C   7.64    56 %   -1.38  437   0.00    0    1.60 ASP 905 C    0.00 XXX   0 X    0.15 GLU 908 C
HIS 880 C                                            0.00 XXX   0 X    0.00 XXX   0 X    0.05 GLU1441 D
HIS 880 C                                            0.00 XXX   0 X    0.00 XXX   0 X    0.72 ASP 905 C

HIS 886 C   4.65    71 %   -1.94  481   0.00    0    0.00 XXX   0 X    0.00 XXX   0 X   -0.07 ARG 878 C
HIS 886 C                                            0.00 XXX   0 X    0.00 XXX   0 X   -0.06 HIS 880 C
HIS 886 C                                            0.00 XXX   0 X    0.00 XXX   0 X    0.22 ASP 883 C

CYS 683 C   9.33     0 %    0.26  231   0.00    0    0.00 XXX   0 X   -0.00 CYS 683 C   -0.07 N+  681 C
CYS 683 C                                            0.00 XXX   0 X    0.00 XXX   0 X   -0.02 LYS 682 C
CYS 683 C                                            0.00 XXX   0 X    0.00 XXX   0 X   -0.07 LYS 707 C
CYS 683 C                                            0.00 XXX   0 X    0.00 XXX   0 X    0.13 CYS 686 C
CYS 683 C                                            0.00 XXX   0 X    0.00 XXX   0 X    0.09 ASP 772 C

CYS 686 C   9.16     0 %    0.24  182   0.00    0    0.00 XXX   0 X   -0.01 CYS 686 C   -0.04 LYS 682 C
CYS 686 C                                            0.00 XXX   0 X    0.00 XXX   0 X   -0.03 ARG 689 C

CYS 699 C   9.23     0 %    0.21  199   0.00    0    0.00 XXX   0 X    0.00 XXX   0 X    0.02 GLU 698 C

CYS 700 C   9.80     0 %    0.66  244   0.00    0    0.00 XXX   0 X    0.00 XXX   0 X    0.02 CYS 683 C
CYS 700 C                                            0.00 XXX   0 X    0.00 XXX   0 X    0.11 CYS 699 C

CYS 726 C  10.18    22 %    1.18  342   0.00    0    0.00 XXX   0 X    0.00 XXX   0 X    0.00 XXX   0 X

CYS 896 C  12.57   100 %    3.43  586   0.00    0    0.00 XXX   0 X   -0.14 CYS 896 C   -0.15 ARG 893 C
CYS 896 C                                            0.00 XXX   0 X    0.00 XXX   0 X    0.43 GLU 898 C

CYS 906 C  12.42    82 %    2.95  510   0.00    0   -0.23 TYR 865 C    0.00 XXX   0 X    0.31 ASP 905 C
CYS 906 C                                            0.00 XXX   0 X    0.00 XXX   0 X    0.02 GLU 908 C
CYS 906 C                                            0.00 XXX   0 X    0.00 XXX   0 X    0.37 CYS 915 C

CYS 915 C  10.87    38 %    2.01  388   0.00    0   -0.14 SER 910 C    0.00 XXX   0 X    0.00 XXX   0 X

TYR 694 C  10.08     0 %    0.08   91   0.00    0    0.00 XXX   0 X    0.00 XXX   0 X    0.00 XXX   0 X

TYR 739 C  10.59    11 %    0.39  311   0.00    0    0.00 XXX   0 X    0.00 XXX   0 X    0.08 ASP1403 D
TYR 739 C                                            0.00 XXX   0 X    0.00 XXX   0 X    0.25 GLU1435 D
TYR 739 C                                            0.00 XXX   0 X    0.00 XXX   0 X   -0.02 LYS1381 D
TYR 739 C                                            0.00 XXX   0 X    0.00 XXX   0 X   -0.11 LYS1397 D

TYR 774 C  10.16     0 %    0.16  102   0.00    0    0.00 XXX   0 X    0.00 XXX   0 X    0.00 XXX   0 X

TYR 775 C  10.22     0 %    0.20  221   0.00    0    0.00 XXX   0 X    0.00 XXX   0 X    0.02 ASP 772 C

TYR 776 C  10.40    23 %    1.20  346   0.00    0   -0.85 SER 786 C    0.00 XXX   0 X    0.09 GLU 763 C
TYR 776 C                                            0.00 XXX   0 X    0.00 XXX   0 X    0.19 ASP 785 C
TYR 776 C                                            0.00 XXX   0 X    0.00 XXX   0 X   -0.22 LYS 767 C

TYR 865 C  13.72    61 %    2.02  451   0.00    0    0.23 CYS 906 C    0.00 XXX   0 X    0.40 ASP 905 C
TYR 865 C                                            0.00 XXX   0 X    0.00 XXX   0 X    0.83 CYS 906 C
TYR 865 C                                            0.00 XXX   0 X    0.00 XXX   0 X    0.14 GLU 908 C
TYR 865 C                                            0.00 XXX   0 X    0.00 XXX   0 X    0.11 CYS 915 C

LYS 682 C  10.69     0 %   -0.16  169   0.00    0    0.00 XXX   0 X    0.00 XXX   0 X    0.02 CYS 683 C
LYS 682 C                                            0.00 XXX   0 X    0.00 XXX   0 X    0.04 CYS 686 C
LYS 682 C                                            0.00 XXX   0 X    0.00 XXX   0 X    0.29 GLU 698 C

LYS 707 C  11.18     6 %   -0.63  299   0.00    0    0.85 ASP 772 C    0.00 XXX   0 X    0.07 CYS 683 C
LYS 707 C                                            0.00 XXX   0 X    0.00 XXX   0 X    0.39 ASP 772 C

LYS 711 C  10.21     0 %   -0.19  252   0.00    0    0.00 XXX   0 X    0.00 XXX   0 X    0.05 ASP 772 C
LYS 711 C                                            0.00 XXX   0 X    0.00 XXX   0 X   -0.16 LYS 707 C

LYS 767 C  11.89    59 %   -2.17  446   0.00    0    0.09 LYS 817 C    0.00 XXX   0 X    0.03 ASP 720 C
LYS 767 C                                            0.85 GLU 763 C    0.00 XXX   0 X    0.22 TYR 776 C
LYS 767 C                                            0.85 ASP 785 C    0.00 XXX   0 X    0.76 GLU 763 C
LYS 767 C                                            0.00 XXX   0 X    0.00 XXX   0 X    0.77 ASP 785 C

LYS 817 C  10.12    71 %   -2.79  481   0.00    0   -0.09 LYS 767 C    0.00 XXX   0 X    0.01 ASP 720 C
LYS 817 C                                            0.85 GLU 763 C    0.00 XXX   0 X   -0.09 ARG 814 C
LYS 817 C                                            0.85 ASP 785 C    0.00 XXX   0 X   -0.82 LYS 767 C
LYS 817 C                                            0.00 XXX   0 X    0.00 XXX   0 X    0.84 GLU 763 C
LYS 817 C                                            0.00 XXX   0 X    0.00 XXX   0 X    0.86 ASP 785 C

LYS 820 C   9.36    48 %   -1.13  417   0.00    0    0.00 XXX   0 X    0.00 XXX   0 X    0.16 ASP 720 C
LYS 820 C                                            0.00 XXX   0 X    0.00 XXX   0 X    0.29 GLU 763 C
LYS 820 C                                            0.00 XXX   0 X    0.00 XXX   0 X    0.23 ASP 785 C
LYS 820 C                                            0.00 XXX   0 X    0.00 XXX   0 X   -0.25 LYS 767 C
LYS 820 C                                            0.00 XXX   0 X    0.00 XXX   0 X   -0.43 LYS 817 C

LYS 830 C  10.27     0 %   -0.23  279   0.00    0    0.00 XXX   0 X    0.00 XXX   0 X    0.00 XXX   0 X

LYS 863 C   9.76    28 %   -0.82  361   0.00    0    0.00 XXX   0 X    0.00 XXX   0 X    0.20 ASP 152 B
LYS 863 C                                            0.00 XXX   0 X    0.00 XXX   0 X   -0.16 ARG 219 B
LYS 863 C                                            0.00 XXX   0 X    0.00 XXX   0 X    0.03 ASP 883 C

ARG 689 C  12.44     0 %   -0.09  118   0.00    0    0.00 XXX   0 X    0.00 XXX   0 X    0.03 CYS 686 C

ARG 693 C  12.30     0 %   -0.20  115   0.00    0    0.00 XXX   0 X    0.00 XXX   0 X    0.00 XXX   0 X

ARG 800 C  12.40     0 %   -0.10   92   0.00    0    0.00 XXX   0 X    0.00 XXX   0 X    0.00 XXX   0 X

ARG 808 C  13.03    35 %   -0.74  380   0.00    0    0.61 GLU 795 C    0.00 XXX   0 X    0.22 GLU 737 C
ARG 808 C                                            0.00 XXX   0 X    0.00 XXX   0 X    0.44 GLU 795 C

ARG 811 C  12.32    75 %   -1.71  490   0.00    0    1.10 GLU 737 C    0.00 XXX   0 X    0.16 GLU 795 C
ARG 811 C                                            0.00 XXX   0 X    0.00 XXX   0 X   -0.58 ARG 808 C
ARG 811 C                                            0.00 XXX   0 X    0.00 XXX   0 X    0.85 GLU 737 C

ARG 814 C  10.80    71 %   -1.78  481   0.00    0    0.00 XXX   0 X    0.00 XXX   0 X    0.05 ASP 785 C
ARG 814 C                                            0.00 XXX   0 X    0.00 XXX   0 X    0.03 GLU 795 C

ARG 869 C  12.36     0 %   -0.14   86   0.00    0    0.00 XXX   0 X    0.00 XXX   0 X    0.00 XXX   0 X

ARG 878 C  13.39    58 %   -2.31  443   0.00    0    1.57 ASP1430 D    0.00 XXX   0 X    0.05 ASP1423 D
ARG 878 C                                            0.00 XXX   0 X    0.00 XXX   0 X    0.26 TYR1426 D
ARG 878 C                                            0.00 XXX   0 X    0.00 XXX   0 X    0.28 GLU1441 D
ARG 878 C                                            0.00 XXX   0 X    0.00 XXX   0 X    0.30 TYR1447 D
ARG 878 C                                            0.00 XXX   0 X    0.00 XXX   0 X    0.74 ASP1430 D

ARG 893 C  14.86    75 %   -2.27  490   0.00    0    0.86 GLU 898 C    0.00 XXX   0 X    0.45 ASP 372 B
ARG 893 C                                            0.64 GLU 901 C    0.00 XXX   0 X    0.34 CYS 373 B
ARG 893 C                                            0.00 XXX   0 X    0.00 XXX   0 X    0.15 CYS 896 C
ARG 893 C                                            0.00 XXX   0 X    0.00 XXX   0 X    0.01 ASP 905 C
ARG 893 C                                            0.00 XXX   0 X    0.00 XXX   0 X    0.03 ASP1423 D
ARG 893 C                                            0.00 XXX   0 X    0.00 XXX   0 X    0.38 TYR1426 D
ARG 893 C                                            0.00 XXX   0 X    0.00 XXX   0 X    1.04 GLU 898 C
ARG 893 C                                            0.00 XXX   0 X    0.00 XXX   0 X    0.72 GLU 901 C

N+  681 C   8.03     0 %   -0.21  201   0.00    0    0.00 XXX   0 X    0.00 XXX   0 X   -0.23 LYS 682 C
N+  681 C                                            0.00 XXX   0 X    0.00 XXX   0 X    0.07 CYS 683 C
N+  681 C                                            0.00 XXX   0 X    0.00 XXX   0 X    0.34 GLU 698 C
N+  681 C                                            0.00 XXX   0 X    0.00 XXX   0 X    0.06 ASP 772 C

ASP1163 D   2.46     0 %    0.30  199   0.00    0   -0.85 LYS1196 D    0.00 XXX   0 X   -0.14 N+ 1162 D
ASP1163 D                                            0.00 XXX   0 X    0.00 XXX   0 X   -0.19 LYS1162 D
ASP1163 D                                            0.00 XXX   0 X    0.00 XXX   0 X   -0.03 ARG1193 D
ASP1163 D                                            0.00 XXX   0 X    0.00 XXX   0 X   -0.06 HIS1200 D
ASP1163 D                                            0.00 XXX   0 X    0.00 XXX   0 X   -0.38 LYS1196 D

ASP1166 D   3.38     7 %    0.53  302   0.05    0    0.00 XXX   0 X   -0.09 CYS1167 D   -0.08 ARG1195 D
ASP1166 D                                            0.00 XXX   0 X   -0.73 PHE1168 D   -0.13 LYS1264 D
ASP1166 D                                            0.00 XXX   0 X    0.00 XXX   0 X    0.02 GLU1165 D

ASP1182 D   2.63     0 %    0.28  110   0.00    0   -0.85 THR1184 D   -0.60 THR1184 D    0.00 XXX   0 X

ASP1226 D   3.75    19 %    0.69  334   0.12    0   -0.85 THR1696 D    0.00 XXX   0 X   -0.01 LYS 387 B

ASP1243 D   2.83    48 %    1.40  417   0.06    0   -1.18 ARG1306 D    0.00 XXX   0 X   -0.08 LYS1244 D
ASP1243 D                                            0.00 XXX   0 X    0.00 XXX   0 X   -0.44 ARG1309 D
ASP1243 D                                            0.00 XXX   0 X    0.00 XXX   0 X   -0.72 ARG1306 D

ASP1275 D   3.79    60 %    1.32  448   0.34    0   -0.75 ARG1312 D    0.00 XXX   0 X   -0.27 LYS1257 D
ASP1275 D                                            0.00 XXX   0 X    0.00 XXX   0 X   -0.07 ARG1316 D
ASP1275 D                                            0.00 XXX   0 X    0.00 XXX   0 X    0.32 ASP1280 D
ASP1275 D                                            0.00 XXX   0 X    0.00 XXX   0 X   -0.91 ARG1312 D

ASP1280 D   3.29    86 %    2.48  521   0.40    0   -1.29 ARG1312 D    0.00 XXX   0 X   -0.83 LYS1257 D
ASP1280 D                                            0.00 XXX   0 X    0.00 XXX   0 X   -1.28 ARG1312 D

ASP1370 D   3.88     0 %    0.25  282   0.00    0    0.00 XXX   0 X   -0.24 ASP1370 D   -0.01 ARG1362 D
ASP1370 D                                            0.00 XXX   0 X    0.00 XXX   0 X   -0.02 LYS1399 D
ASP1370 D                                            0.00 XXX   0 X    0.00 XXX   0 X    0.09 ASP1729 D

ASP1403 D   2.80    65 %    1.99  463   0.16    0   -0.85 LYS1397 D   -0.72 GLY1358 D   -0.01 LYS1359 D
ASP1403 D                                           -0.83 TYR1727 D    0.00 XXX   0 X   -0.06 HIS 738 C
ASP1403 D                                            0.00 XXX   0 X    0.00 XXX   0 X   -0.70 LYS1397 D

ASP1423 D   4.80    56 %    0.86  439   0.15    0    0.00 XXX   0 X    0.00 XXX   0 X   -0.05 ARG 878 C
ASP1423 D                                            0.00 XXX   0 X    0.00 XXX   0 X   -0.03 ARG 893 C
ASP1423 D                                            0.00 XXX   0 X    0.00 XXX   0 X   -0.02 ARG1362 D
ASP1423 D                                            0.00 XXX   0 X    0.00 XXX   0 X    0.08 GLU 901 C

ASP1430 D   4.16    61 %    2.62  451   0.77    0   -1.57 ARG 878 C   -0.72 GLU1441 D   -0.74 ARG 878 C

ASP1471 D   4.73    31 %    0.70  369   0.12    0    0.00 XXX   0 X    0.00 XXX   0 X   -0.15 LYS1478 D
ASP1471 D                                            0.00 XXX   0 X    0.00 XXX   0 X    0.26 C-  943 C

ASP1484 D   3.95     1 %    0.27  284   0.00    0    0.00 XXX   0 X    0.00 XXX   0 X   -0.12 LYS1492 D

ASP1523 D   2.39     0 %    0.47  231   0.00    0   -1.43 ARG1512 D    0.00 XXX   0 X   -0.07 LYS1527 D
ASP1523 D                                            0.00 XXX   0 X    0.00 XXX   0 X   -0.38 ARG1512 D

ASP1531 D   4.32    34 %    0.78  377   0.36    0    0.00 XXX   0 X    0.00 XXX   0 X   -0.44 LYS1578 D
ASP1531 D                                            0.00 XXX   0 X    0.00 XXX   0 X   -0.27 ARG1635 D
ASP1531 D                                            0.00 XXX   0 X    0.00 XXX   0 X   -0.06 ARG1638 D
ASP1531 D                                            0.00 XXX   0 X    0.00 XXX   0 X    0.14 GLU1574 D

ASP1550 D   3.79    33 %    1.26  375   0.00    0   -0.83 LYS 343 B    0.00 XXX   0 X   -0.18 ARG 277 B
ASP1550 D                                            0.00 XXX   0 X    0.00 XXX   0 X   -0.07 ARG1623 D
ASP1550 D                                            0.00 XXX   0 X    0.00 XXX   0 X   -0.14 HIS 278 B
ASP1550 D                                            0.00 XXX   0 X    0.00 XXX   0 X    0.46 ASP1551 D
ASP1550 D                                            0.00 XXX   0 X    0.00 XXX   0 X   -0.51 LYS 343 B

ASP1551 D   2.83     7 %    0.48  300   0.00    0   -0.83 LYS 343 B    0.00 XXX   0 X   -0.12 ARG 277 B
ASP1551 D                                            0.00 XXX   0 X    0.00 XXX   0 X   -0.05 HIS 278 B
ASP1551 D                                            0.00 XXX   0 X    0.00 XXX   0 X   -0.44 LYS 343 B

ASP1595 D   5.12    65 %    1.92  464   0.60    0   -0.31 ARG1638 D    0.00 XXX   0 X   -0.13 LYS1578 D
ASP1595 D                                            0.00 XXX   0 X    0.00 XXX   0 X   -0.49 ARG1635 D
ASP1595 D                                            0.00 XXX   0 X    0.00 XXX   0 X    0.29 GLU1574 D
ASP1595 D                                            0.00 XXX   0 X    0.00 XXX   0 X   -0.56 ARG1638 D

ASP1610 D   3.85     0 %    0.20  201   0.00    0    0.00 XXX   0 X    0.00 XXX   0 X   -0.15 LYS1614 D

ASP1689 D   4.66    52 %    0.87  428   0.07    0    0.00 XXX   0 X    0.00 XXX   0 X   -0.12 LYS 317 B
ASP1689 D                                            0.00 XXX   0 X    0.00 XXX   0 X   -0.17 ARG 383 B
ASP1689 D                                            0.00 XXX   0 X    0.00 XXX   0 X    0.21 ASP1690 D

ASP1690 D   2.20    35 %    0.98  378   0.00    0   -1.38 ARG 383 B   -0.27 ASP1690 D   -0.00 LYS 317 B
ASP1690 D                                            0.00 XXX   0 X   -0.34 MET1691 D   -0.57 ARG 383 B

ASP1714 D   4.96    60 %    0.92  450   0.00    0    0.00 XXX   0 X   -0.01 ASP1714 D   -0.20 LYS1419 D
ASP1714 D                                            0.00 XXX   0 X   -0.01 GLY1715 D    0.44 GLU 375 B
ASP1714 D                                            0.00 XXX   0 X    0.00 XXX   0 X    0.02 ASP1423 D
ASP1714 D                                            0.00 XXX   0 X    0.00 XXX   0 X    0.01 ASP1689 D

ASP1729 D   2.93    31 %    0.67  368   0.03    0   -0.16 ASN1722 D    0.00 XXX   0 X   -0.00 ARG1362 D
ASP1729 D                                           -0.85 LYS1399 D    0.00 XXX   0 X   -0.05 ARG1739 D
ASP1729 D                                            0.00 XXX   0 X    0.00 XXX   0 X   -0.51 LYS1399 D

ASP1741 D   2.72     0 %    0.26  208   0.00    0   -0.85 LYS1683 D    0.00 XXX   0 X   -0.11 ARG1739 D
ASP1741 D                                            0.00 XXX   0 X    0.00 XXX   0 X   -0.38 LYS1683 D

ASP1789 D   2.35     0 %    0.32  254   0.00    0   -0.85 SER1787 D   -0.04 ASP1789 D   -0.05 LYS1505 D
ASP1789 D                                           -0.55 ARG1826 D    0.00 XXX   0 X   -0.01 LYS1872 D
ASP1789 D                                            0.00 XXX   0 X    0.00 XXX   0 X   -0.26 ARG1826 D

ASP1790 D   3.72    53 %    1.69  431   0.15    0   -0.85 LYS1872 D   -0.25 ASP1790 D   -0.01 LYS1500 D
ASP1790 D                                            0.00 XXX   0 X   -0.35 PHE1791 D   -0.01 LYS1505 D
ASP1790 D                                            0.00 XXX   0 X    0.00 XXX   0 X   -0.04 ARG1826 D
ASP1790 D                                            0.00 XXX   0 X    0.00 XXX   0 X    0.04 GLU1788 D
ASP1790 D                                            0.00 XXX   0 X    0.00 XXX   0 X    0.09 ASP1789 D
ASP1790 D                                            0.00 XXX   0 X    0.00 XXX   0 X    0.02 ASP1792 D
ASP1790 D                                            0.00 XXX   0 X    0.00 XXX   0 X    0.07 ASP1869 D
ASP1790 D                                            0.00 XXX   0 X    0.00 XXX   0 X   -0.62 LYS1872 D

ASP1792 D   3.20     0 %    0.39  279   0.00    0   -0.63 ARG1826 D    0.00 XXX   0 X   -0.18 LYS1505 D
ASP1792 D                                            0.00 XXX   0 X    0.00 XXX   0 X    0.20 ASP1789 D
ASP1792 D                                            0.00 XXX   0 X    0.00 XXX   0 X   -0.39 ARG1826 D

ASP1802 D   2.92     0 %    0.36  263   0.00    0   -0.85 LYS1508 D    0.00 XXX   0 X   -0.39 LYS1508 D

ASP1816 D   3.93     0 %    0.25  192   0.00    0    0.00 XXX   0 X    0.00 XXX   0 X   -0.15 LYS1829 D
ASP1816 D                                            0.00 XXX   0 X    0.00 XXX   0 X    0.03 ASP1819 D

ASP1819 D   3.39     0 %    0.19  162   0.00    0    0.00 XXX   0 X   -0.41 ALA1820 D   -0.19 LYS1829 D

ASP1839 D   4.00     0 %    0.20  153   0.00    0    0.00 XXX   0 X    0.00 XXX   0 X   -0.00 ARG1860 D

ASP1846 D   3.98     0 %    0.19  215   0.00    0    0.00 XXX   0 X   -0.01 ASP1846 D    0.00 XXX   0 X

ASP1852 D   4.43    31 %    0.88  367   0.15    0    0.00 XXX   0 X   -0.02 ASP1852 D   -0.40 HIS1849 D
ASP1852 D                                            0.00 XXX   0 X    0.00 XXX   0 X    0.03 GLU1877 D

ASP1869 D   2.88    11 %    0.59  313   0.00    0   -0.85 LYS1500 D    0.00 XXX   0 X   -0.02 LYS1859 D
ASP1869 D                                            0.00 XXX   0 X    0.00 XXX   0 X   -0.22 LYS1872 D
ASP1869 D                                            0.00 XXX   0 X    0.00 XXX   0 X   -0.43 LYS1500 D

GLU1165 D   3.34     7 %    0.30  300   0.00    0   -0.85 LYS1264 D    0.00 XXX   0 X   -0.09 LYS1162 D
GLU1165 D                                            0.00 XXX   0 X    0.00 XXX   0 X   -0.03 ARG1195 D
GLU1165 D                                            0.00 XXX   0 X    0.00 XXX   0 X   -0.09 LYS1265 D
GLU1165 D                                            0.00 XXX   0 X    0.00 XXX   0 X   -0.39 LYS1264 D

GLU1170 D   4.58     0 %    0.12  138   0.00    0    0.00 XXX   0 X    0.00 XXX   0 X   -0.04 LYS1264 D

GLU1203 D   4.44     0 %    0.28  237   0.00    0    0.00 XXX   0 X    0.00 XXX   0 X   -0.23 N+ 1162 D
GLU1203 D                                            0.00 XXX   0 X    0.00 XXX   0 X   -0.01 LYS1162 D
GLU1203 D                                            0.00 XXX   0 X    0.00 XXX   0 X   -0.03 LYS1265 D
GLU1203 D                                            0.00 XXX   0 X    0.00 XXX   0 X   -0.10 HIS1200 D
GLU1203 D                                            0.00 XXX   0 X    0.00 XXX   0 X    0.03 GLU1208 D

GLU1208 D   3.20    32 %    0.83  372   0.22    0   -1.66 ARG1316 D    0.00 XXX   0 X   -0.15 LYS1257 D
GLU1208 D                                            0.00 XXX   0 X    0.00 XXX   0 X   -0.02 LYS1265 D
GLU1208 D                                            0.00 XXX   0 X    0.00 XXX   0 X   -0.53 ARG1316 D

GLU1225 D   5.20    23 %    0.54  347   0.06    0    0.00 XXX   0 X    0.00 XXX   0 X   -0.10 LYS1236 D
GLU1225 D                                            0.00 XXX   0 X    0.00 XXX   0 X   -0.03 ARG1306 D
GLU1225 D                                            0.00 XXX   0 X    0.00 XXX   0 X    0.01 ASP1226 D
GLU1225 D                                            0.00 XXX   0 X    0.00 XXX   0 X    0.03 GLU1230 D
GLU1225 D                                            0.00 XXX   0 X    0.00 XXX   0 X    0.09 GLU1231 D
GLU1225 D                                            0.00 XXX   0 X    0.00 XXX   0 X    0.08 GLU1240 D
GLU1225 D                                            0.00 XXX   0 X    0.00 XXX   0 X    0.02 ASP1243 D

GLU1230 D   4.51     0 %    0.19  156   0.00    0    0.00 XXX   0 X    0.00 XXX   0 X   -0.23 LYS1236 D
GLU1230 D                                            0.00 XXX   0 X    0.00 XXX   0 X    0.04 GLU1240 D

GLU1231 D   4.98     0 %    0.36  222   0.00    0    0.00 XXX   0 X    0.00 XXX   0 X   -0.01 ARG1232 D
GLU1231 D                                            0.00 XXX   0 X    0.00 XXX   0 X    0.10 ASP1226 D
GLU1231 D                                            0.00 XXX   0 X    0.00 XXX   0 X    0.02 GLU1230 D

GLU1240 D   3.37     0 %    0.24  226   0.00    0   -0.85 LYS1236 D    0.00 XXX   0 X   -0.04 LYS1233 D
GLU1240 D                                            0.00 XXX   0 X    0.00 XXX   0 X   -0.12 LYS1244 D
GLU1240 D                                            0.00 XXX   0 X    0.00 XXX   0 X    0.02 ASP1243 D
GLU1240 D                                            0.00 XXX   0 X    0.00 XXX   0 X   -0.38 LYS1236 D

GLU1253 D   5.05    77 %    2.29  497   0.10    0   -0.79 LYS1257 D    0.00 XXX   0 X   -0.49 ARG1312 D
GLU1253 D                                            0.00 XXX   0 X    0.00 XXX   0 X   -0.11 ARG1316 D
GLU1253 D                                            0.00 XXX   0 X    0.00 XXX   0 X    0.13 GLU1208 D
GLU1253 D                                            0.00 XXX   0 X    0.00 XXX   0 X    0.07 ASP1275 D
GLU1253 D                                            0.00 XXX   0 X    0.00 XXX   0 X    0.43 ASP1280 D
GLU1253 D                                            0.00 XXX   0 X    0.00 XXX   0 X   -1.10 LYS1257 D

GLU1295 D   3.44     0 %    0.23  157   0.00    0   -0.85 LYS1300 D    0.00 XXX   0 X   -0.06 ARG1303 D
GLU1295 D                                            0.00 XXX   0 X    0.00 XXX   0 X   -0.38 LYS1300 D

GLU1318 D   3.82     0 %    0.32  255   0.00    0    0.00 XXX   0 X   -0.71 GLU1489 D   -0.19 ARG1321 D
GLU1318 D                                            0.00 XXX   0 X    0.00 XXX   0 X   -0.13 LYS1492 D
GLU1318 D                                            0.00 XXX   0 X    0.00 XXX   0 X   -0.02 LYS1493 D
GLU1318 D                                            0.00 XXX   0 X    0.00 XXX   0 X    0.04 GLU1490 D

GLU1368 D   4.66     0 %    0.21  212   0.00    0   -0.04 ASN1365 D    0.00 XXX   0 X    0.00 XXX   0 X

GLU1385 D   3.52     0 %    0.25  235   0.00    0   -0.85 LYS1381 D    0.00 XXX   0 X   -0.38 LYS1381 D

GLU1392 D   4.18     0 %    0.21  171   0.00    0   -0.53 THR1390 D    0.00 XXX   0 X    0.00 XXX   0 X

GLU1435 D   4.79    10 %    0.45  308   0.03    0    0.00 XXX   0 X    0.00 XXX   0 X   -0.24 LYS1381 D
GLU1435 D                                            0.00 XXX   0 X    0.00 XXX   0 X   -0.04 LYS1397 D
GLU1435 D                                            0.00 XXX   0 X    0.00 XXX   0 X    0.09 GLU1385 D

GLU1436 D   3.17     0 %    0.56  273   0.00    0   -0.79 TYR1375 D    0.00 XXX   0 X   -0.38 ARG1432 D
GLU1436 D                                           -0.72 ARG1432 D    0.00 XXX   0 X    0.00 XXX   0 X

GLU1441 D   5.45    37 %    0.90  386   0.24    0    0.00 XXX   0 X    0.00 XXX   0 X   -0.28 ARG 878 C
GLU1441 D                                            0.00 XXX   0 X    0.00 XXX   0 X   -0.05 HIS 880 C
GLU1441 D                                            0.00 XXX   0 X    0.00 XXX   0 X    0.15 ASP1430 D

GLU1489 D   4.57     0 %    0.17  161   0.00    0    0.00 XXX   0 X    0.00 XXX   0 X   -0.15 LYS1492 D
GLU1489 D                                            0.00 XXX   0 X    0.00 XXX   0 X   -0.24 LYS1493 D
GLU1489 D                                            0.00 XXX   0 X    0.00 XXX   0 X    0.12 GLU1318 D
GLU1489 D                                            0.00 XXX   0 X    0.00 XXX   0 X    0.13 GLU1490 D
GLU1489 D                                            0.00 XXX   0 X    0.00 XXX   0 X    0.04 GLU1867 D

GLU1490 D   3.58     0 %    0.32  153   0.00    0   -0.85 LYS1493 D    0.00 XXX   0 X   -0.38 LYS1493 D

GLU1548 D   3.61    66 %    1.64  465   0.28    0   -1.46 ARG1629 D    0.00 XXX   0 X   -0.43 ARG1626 D
GLU1548 D                                            0.00 XXX   0 X    0.00 XXX   0 X   -0.92 ARG1629 D

GLU1555 D   4.58     0 %    0.08   75   0.00    0    0.00 XXX   0 X    0.00 XXX   0 X    0.00 XXX   0 X

GLU1574 D   3.21    79 %    2.38  503   0.12    0   -0.85 LYS1578 D    0.00 XXX   0 X   -0.14 ARG1638 D
GLU1574 D                                           -0.78 ARG1635 D    0.00 XXX   0 X   -0.95 LYS1578 D
GLU1574 D                                            0.00 XXX   0 X    0.00 XXX   0 X   -1.07 ARG1635 D

GLU1685 D   3.23     0 %    0.20  144   0.00    0   -0.62 SER1738 D   -0.85 SER1738 D    0.00 XXX   0 X

GLU1773 D   4.22    59 %    1.92  447   0.18    0   -0.85 TYR1495 D    0.00 XXX   0 X   -0.68 LYS1499 D
GLU1773 D                                           -0.85 LYS1499 D    0.00 XXX   0 X    0.00 XXX   0 X

GLU1780 D   5.12    25 %    0.47  351   0.05    0    0.00 XXX   0 X    0.00 XXX   0 X   -0.01 LYS1499 D
GLU1780 D                                            0.00 XXX   0 X    0.00 XXX   0 X   -0.01 ARG1644 D
GLU1780 D                                            0.00 XXX   0 X    0.00 XXX   0 X    0.04 ASP 252 B
GLU1780 D                                            0.00 XXX   0 X    0.00 XXX   0 X    0.08 GLU1781 D

GLU1781 D   4.82     0 %    0.21  280   0.00    0    0.00 XXX   0 X    0.00 XXX   0 X   -0.05 LYS 249 B
GLU1781 D                                            0.00 XXX   0 X    0.00 XXX   0 X   -0.03 LYS1641 D
GLU1781 D                                            0.00 XXX   0 X    0.00 XXX   0 X    0.19 ASP 252 B

GLU1784 D   4.02     0 %    0.15  124   0.00    0    0.00 XXX   0 X   -0.64 GLU1784 D    0.01 GLU 418 B

GLU1788 D   3.39     0 %    0.40  278   0.00    0   -0.85 LYS1505 D   -0.30 SER1503 D   -0.03 LYS1872 D
GLU1788 D                                            0.00 XXX   0 X    0.00 XXX   0 X    0.02 ASP1789 D
GLU1788 D                                            0.00 XXX   0 X    0.00 XXX   0 X    0.04 ASP1792 D
GLU1788 D                                            0.00 XXX   0 X    0.00 XXX   0 X   -0.38 LYS1505 D

GLU1796 D   4.83    13 %    0.39  317   0.02    0    0.00 XXX   0 X    0.00 XXX   0 X   -0.03 LYS1800 D
GLU1796 D                                            0.00 XXX   0 X    0.00 XXX   0 X   -0.15 ARG1826 D
GLU1796 D                                            0.00 XXX   0 X    0.00 XXX   0 X    0.09 ASP1792 D

GLU1799 D   4.92     0 %    0.32  252   0.00    0    0.00 XXX   0 X    0.00 XXX   0 X   -0.05 LYS1508 D
GLU1799 D                                            0.00 XXX   0 X    0.00 XXX   0 X    0.15 ASP1802 D

GLU1804 D   4.60     0 %    0.25  239   0.00    0    0.00 XXX   0 X    0.00 XXX   0 X   -0.14 ARG1847 D

GLU1810 D   4.90     0 %    0.30  256   0.00    0    0.00 XXX   0 X   -0.03 GLU1810 D   -0.13 ARG1847 D
GLU1810 D                                            0.00 XXX   0 X    0.00 XXX   0 X    0.26 GLU1804 D

GLU1823 D   4.70     0 %    0.15  171   0.00    0    0.00 XXX   0 X    0.00 XXX   0 X   -0.14 ARG1826 D
GLU1823 D                                            0.00 XXX   0 X    0.00 XXX   0 X    0.17 ASP1789 D
GLU1823 D                                            0.00 XXX   0 X    0.00 XXX   0 X    0.02 ASP1792 D

GLU1864 D   3.46     0 %    0.22  163   0.00    0   -0.85 LYS1859 D    0.00 XXX   0 X   -0.03 ARG1860 D
GLU1864 D                                            0.00 XXX   0 X    0.00 XXX   0 X   -0.38 LYS1859 D

GLU1867 D   4.47     0 %    0.12  200   0.00    0    0.00 XXX   0 X    0.00 XXX   0 X   -0.02 LYS1493 D
GLU1867 D                                            0.00 XXX   0 X    0.00 XXX   0 X   -0.18 LYS1859 D
GLU1867 D                                            0.00 XXX   0 X    0.00 XXX   0 X    0.05 GLU1864 D

GLU1876 D   4.37    40 %    1.22  393   0.04    0   -0.85 LYS1504 D    0.00 XXX   0 X   -0.54 LYS1504 D

GLU1877 D   3.26     0 %    0.29  282   0.00    0   -0.37 GLN1874 D    0.00 XXX   0 X   -0.03 HIS1849 D
GLU1877 D                                           -0.75 LYS1878 D    0.00 XXX   0 X   -0.38 LYS1878 D

C- 1882 D   3.42     3 %    0.27  291   0.00    0    0.00 XXX   0 X    0.00 XXX   0 X   -0.00 LYS1508 D
C- 1882 D                                            0.00 XXX   0 X    0.00 XXX   0 X   -0.01 ARG1583 D
C- 1882 D                                            0.00 XXX   0 X    0.00 XXX   0 X   -0.03 HIS1849 D

HIS1200 D   5.96     0 %   -0.40  241   0.00    0    0.00 XXX   0 X    0.30 LYS1162 D   -0.37 N+ 1162 D
HIS1200 D                                            0.00 XXX   0 X    0.00 XXX   0 X   -0.06 ARG1193 D
HIS1200 D                                            0.00 XXX   0 X    0.00 XXX   0 X   -0.17 LYS1196 D
HIS1200 D                                            0.00 XXX   0 X    0.00 XXX   0 X    0.06 ASP1163 D
HIS1200 D                                            0.00 XXX   0 X    0.00 XXX   0 X    0.10 GLU1203 D

HIS1204 D   6.26     0 %   -0.24  189   0.00    0    0.00 XXX   0 X    0.00 XXX   0 X    0.00 XXX   0 X

HIS1584 D   6.28     0 %   -0.13  200   0.00    0    0.00 XXX   0 X    0.00 XXX   0 X   -0.09 ARG1583 D

HIS1849 D   5.96    50 %   -1.45  422   0.00    0    0.00 XXX   0 X    0.01 ALA1805 D    0.40 ASP1852 D
HIS1849 D                                            0.00 XXX   0 X    0.43 GLN1807 D    0.03 GLU1877 D
HIS1849 D                                            0.00 XXX   0 X    0.00 XXX   0 X    0.03 C- 1882 D

CYS1167 D   9.77    26 %    1.15  353   0.00    0    0.00 XXX   0 X   -0.19 PHE1263 D   -0.37 ARG1195 D
CYS1167 D                                            0.00 XXX   0 X    0.00 XXX   0 X   -0.00 LYS1264 D
CYS1167 D                                            0.00 XXX   0 X    0.00 XXX   0 X    0.13 ASP1166 D
CYS1167 D                                            0.00 XXX   0 X    0.00 XXX   0 X    0.05 CYS1178 D

CYS1172 D  11.06*    0 %    0.53  213   0.00    0    0.45 CYS1176 D    0.00 XXX   0 X    0.04 ASP1166 D
CYS1172 D                                            0.29 CYS1178 D    0.00 XXX   0 X    0.03 CYS1167 D
CYS1172 D                                            0.00 XXX   0 X    0.00 XXX   0 X    0.38 CYS1176 D
CYS1172 D                                            0.00 XXX   0 X    0.00 XXX   0 X    0.34 CYS1178 D

CYS1176 D   8.89*    0 %    0.37  150   0.00    0   -0.02 CYS1178 D    0.00 XXX   0 X    0.00 XXX   0 X
CYS1176 D                                           -0.45 CYS1172 D    0.00 XXX   0 X    0.00 XXX   0 X

CYS1178 D   9.46     0 %    0.62  198   0.00    0    0.02 CYS1176 D   -0.29 CYS1178 D    0.12 ASP1166 D
CYS1178 D                                           -0.29 CYS1172 D    0.00 XXX   0 X    0.26 CYS1176 D
CYS1178 D                                            0.00 XXX   0 X    0.00 XXX   0 X    0.02 CYS1179 D

CYS1179 D   9.21     0 %    0.19  166   0.00    0    0.00 XXX   0 X    0.00 XXX   0 X    0.02 ASP1166 D

CYS1198 D  10.03    17 %    1.07  329   0.00    0    0.00 XXX   0 X   -0.02 CYS1198 D   -0.02 ARG1195 D

CYS1272 D   9.85    25 %    0.97  352   0.00    0    0.00 XXX   0 X    0.00 XXX   0 X   -0.03 LYS1257 D
CYS1272 D                                            0.00 XXX   0 X    0.00 XXX   0 X   -0.28 LYS1265 D
CYS1272 D                                            0.00 XXX   0 X    0.00 XXX   0 X   -0.03 ARG1312 D
CYS1272 D                                            0.00 XXX   0 X    0.00 XXX   0 X    0.22 ASP1275 D

CYS1341 D  11.90    88 %    2.90  529   0.00    0    0.00 XXX   0 X    0.00 XXX   0 X    0.00 XXX   0 X

CYS1363 D  12.14*   42 %    1.92  399   0.00    0    0.68 CYS1384 D    0.00 XXX   0 X   -0.00 LYS1381 D
CYS1363 D                                            0.00 XXX   0 X    0.00 XXX   0 X    0.55 CYS1384 D

CYS1384 D   9.82*   33 %    1.47  373   0.00    0   -0.68 CYS1363 D    0.00 XXX   0 X   -0.12 LYS1381 D
CYS1384 D                                            0.00 XXX   0 X    0.00 XXX   0 X    0.14 GLU1385 D

CYS1539 D   9.78    23 %    0.78  345   0.00    0    0.00 XXX   0 X    0.00 XXX   0 X    0.00 XXX   0 X

CYS1575 D   9.72*   33 %    1.33  373   0.00    0   -0.85 TYR1586 D    0.00 XXX   0 X   -0.03 LYS1578 D
CYS1575 D                                            0.00 XXX   0 X    0.00 XXX   0 X   -0.01 ARG1635 D
CYS1575 D                                            0.00 XXX   0 X    0.00 XXX   0 X    0.18 GLU1574 D
CYS1575 D                                            0.00 XXX   0 X    0.00 XXX   0 X    0.09 ASP1595 D

CYS1703 D  12.64    96 %    3.66  549   0.00    0    0.00 XXX   0 X   -0.05 ASN1693 D    0.05 ASP1689 D
CYS1703 D                                            0.00 XXX   0 X   -0.02 CYS1703 D    0.00 XXX   0 X

CYS1728 D   9.52    13 %    0.57  317   0.00    0    0.00 XXX   0 X    0.00 XXX   0 X   -0.16 LYS1399 D
CYS1728 D                                            0.00 XXX   0 X    0.00 XXX   0 X   -0.09 ARG1739 D
CYS1728 D                                            0.00 XXX   0 X    0.00 XXX   0 X    0.19 ASP1729 D

CYS1742 D  10.42    52 %    1.50  427   0.00    0    0.00 XXX   0 X    0.00 XXX   0 X   -0.02 LYS1683 D
CYS1742 D                                            0.00 XXX   0 X    0.00 XXX   0 X   -0.11 ARG1739 D
CYS1742 D                                            0.00 XXX   0 X    0.00 XXX   0 X    0.06 ASP1741 D

CYS1850 D  12.21   100 %    3.19  560   0.00    0    0.00 XXX   0 X    0.00 XXX   0 X    0.02 ASP1852 D

TYR1199 D  10.89     0 %    0.36  282   0.00    0    0.00 XXX   0 X    0.00 XXX   0 X    0.01 ASP1163 D
TYR1199 D                                            0.00 XXX   0 X    0.00 XXX   0 X    0.15 GLU1165 D
TYR1199 D                                            0.00 XXX   0 X    0.00 XXX   0 X    0.36 GLU1203 D

TYR1228 D  10.66    21 %    1.46  339   0.00    0   -0.83 GLN1695 D    0.00 XXX   0 X    0.00 ASP1226 D
TYR1228 D                                            0.00 XXX   0 X    0.00 XXX   0 X    0.08 CYS1742 D
TYR1228 D                                            0.00 XXX   0 X    0.00 XXX   0 X   -0.06 LYS1683 D

TYR1241 D  10.10     0 %    0.10  129   0.00    0    0.00 XXX   0 X    0.00 XXX   0 X    0.00 XXX   0 X

TYR1248 D  10.07     0 %    0.26  220   0.00    0    0.00 XXX   0 X    0.00 XXX   0 X    0.02 ASP1243 D
TYR1248 D                                            0.00 XXX   0 X    0.00 XXX   0 X   -0.22 LYS1244 D

TYR1261 D  11.77    41 %    1.04  395   0.00    0    0.00 XXX   0 X    0.00 XXX   0 X    0.04 GLU1165 D
TYR1261 D                                            0.00 XXX   0 X    0.00 XXX   0 X    0.22 GLU1203 D
TYR1261 D                                            0.00 XXX   0 X    0.00 XXX   0 X    0.15 GLU1208 D
TYR1261 D                                            0.00 XXX   0 X    0.00 XXX   0 X    0.04 CYS1272 D
TYR1261 D                                            0.00 XXX   0 X    0.00 XXX   0 X    0.28 TYR1199 D

TYR1266 D  12.22    56 %    1.66  439   0.00    0    0.00 XXX   0 X    0.00 XXX   0 X    0.09 GLU1253 D
TYR1266 D                                            0.00 XXX   0 X    0.00 XXX   0 X    0.10 CYS1272 D
TYR1266 D                                            0.00 XXX   0 X    0.00 XXX   0 X    0.10 ASP1275 D
TYR1266 D                                            0.00 XXX   0 X    0.00 XXX   0 X    0.47 ASP1280 D
TYR1266 D                                            0.00 XXX   0 X    0.00 XXX   0 X   -0.19 ARG1312 D

TYR1375 D  11.41     0 %    0.52  249   0.00    0    0.79 GLU1436 D    0.00 XXX   0 X   -0.38 ARG1432 D
TYR1375 D                                            0.00 XXX   0 X    0.00 XXX   0 X    0.10 TYR1442 D
TYR1375 D                                            0.00 XXX   0 X    0.00 XXX   0 X    0.38 GLU1436 D

TYR1394 D  10.75    12 %    0.53  316   0.00    0    0.00 XXX   0 X    0.00 XXX   0 X    0.21 CYS1728 D
TYR1394 D                                            0.00 XXX   0 X    0.00 XXX   0 X    0.01 ASP1729 D

TYR1409 D  12.37    62 %    2.37  454   0.00    0    0.00 XXX   0 X    0.00 XXX   0 X    0.00 XXX   0 X

TYR1426 D  12.57    72 %    2.48  484   0.00    0    0.00 XXX   0 X    0.00 XXX   0 X   -0.26 ARG 878 C
TYR1426 D                                            0.00 XXX   0 X    0.00 XXX   0 X   -0.38 ARG 893 C
TYR1426 D                                            0.00 XXX   0 X    0.00 XXX   0 X    0.07 GLU 898 C
TYR1426 D                                            0.00 XXX   0 X    0.00 XXX   0 X    0.30 GLU 901 C
TYR1426 D                                            0.00 XXX   0 X    0.00 XXX   0 X    0.10 ASP 905 C
TYR1426 D                                            0.00 XXX   0 X    0.00 XXX   0 X    0.24 ASP1423 D
TYR1426 D                                            0.00 XXX   0 X    0.00 XXX   0 X    0.02 ASP1430 D
TYR1426 D                                            0.00 XXX   0 X    0.00 XXX   0 X    0.01 GLU1441 D

TYR1434 D  10.09     0 %    0.08  175   0.00    0    0.00 XXX   0 X    0.00 XXX   0 X    0.01 GLU1436 D

TYR1442 D  10.01     0 %    0.25  254   0.00    0   -0.00 ARG1432 D    0.00 XXX   0 X   -0.38 ARG1432 D
TYR1442 D                                            0.00 XXX   0 X    0.00 XXX   0 X    0.14 GLU1436 D

TYR1445 D  10.33     0 %    0.21  235   0.00    0    0.00 XXX   0 X    0.00 XXX   0 X    0.12 ASP 883 C

TYR1447 D  12.91    66 %    2.53  467   0.00    0    0.00 XXX   0 X    0.00 XXX   0 X   -0.30 ARG 878 C
TYR1447 D                                            0.00 XXX   0 X    0.00 XXX   0 X    0.14 ASP1430 D
TYR1447 D                                            0.00 XXX   0 X    0.00 XXX   0 X    0.27 GLU1441 D
TYR1447 D                                            0.00 XXX   0 X    0.00 XXX   0 X    0.28 TYR1426 D

TYR1449 D  13.77   100 %    3.82  571   0.00    0    0.00 XXX   0 X   -0.05 GLY1352 D    0.00 XXX   0 X

TYR1494 D  10.75    23 %    0.75  345   0.00    0    0.00 XXX   0 X    0.00 XXX   0 X    0.00 XXX   0 X

TYR1495 D  12.82    52 %    1.27  426   0.00    0    0.85 GLU1773 D    0.00 XXX   0 X    0.70 GLU1773 D

TYR1517 D  10.06     0 %    0.06   77   0.00    0    0.00 XXX   0 X    0.00 XXX   0 X    0.00 XXX   0 X

TYR1585 D  10.84    40 %    0.87  393   0.00    0    0.00 XXX   0 X    0.00 XXX   0 X    0.08 GLU1876 D
TYR1585 D                                            0.00 XXX   0 X    0.00 XXX   0 X   -0.11 LYS1504 D

TYR1586 D  13.55*   45 %    1.69  408   0.00    0    0.85 CYS1575 D    0.00 XXX   0 X    0.38 GLU1574 D
TYR1586 D                                            0.00 XXX   0 X    0.00 XXX   0 X    0.26 ASP1595 D
TYR1586 D                                            0.00 XXX   0 X    0.00 XXX   0 X   -0.15 ARG1635 D
TYR1586 D                                            0.00 XXX   0 X    0.00 XXX   0 X   -0.05 ARG1638 D
TYR1586 D                                            0.00 XXX   0 X    0.00 XXX   0 X    0.56 CYS1575 D

TYR1615 D  10.11     0 %    0.11   89   0.00    0    0.00 XXX   0 X    0.00 XXX   0 X    0.00 XXX   0 X

TYR1671 D  11.01    56 %    1.86  437   0.00    0   -0.85 THR1754 D    0.00 XXX   0 X    0.00 XXX   0 X

TYR1681 D  10.09     0 %    0.10  183   0.00    0    0.00 XXX   0 X    0.00 XXX   0 X   -0.01 LYS1683 D

TYR1727 D  11.69    44 %    1.35  404   0.00    0   -0.57 LYS1397 D    0.00 XXX   0 X   -0.61 LYS1397 D
TYR1727 D                                            0.83 ASP1403 D    0.00 XXX   0 X    0.69 ASP1403 D

TYR1755 D  12.49    86 %    3.44  522   0.00    0   -0.85 THR1708 D    0.00 XXX   0 X    0.11 TYR1671 D
TYR1755 D                                           -0.21 SER1759 D    0.00 XXX   0 X    0.00 XXX   0 X

TYR1767 D  12.19    86 %    2.19  523   0.00    0    0.00 XXX   0 X    0.00 XXX   0 X    0.00 XXX   0 X

TYR1795 D  10.48     0 %    0.26  212   0.00    0    0.00 XXX   0 X    0.00 XXX   0 X    0.05 ASP1792 D
TYR1795 D                                            0.00 XXX   0 X    0.00 XXX   0 X    0.00 GLU1796 D
TYR1795 D                                            0.00 XXX   0 X    0.00 XXX   0 X    0.23 GLU1799 D
TYR1795 D                                            0.00 XXX   0 X    0.00 XXX   0 X   -0.05 LYS1505 D

TYR1811 D  11.49    32 %    1.82  370   0.00    0   -0.26 GLN1832 D   -0.02 ILE1836 D    0.00 ASP1839 D
TYR1811 D                                            0.00 XXX   0 X    0.00 XXX   0 X    0.00 ASP1846 D
TYR1811 D                                            0.00 XXX   0 X    0.00 XXX   0 X   -0.06 ARG1860 D

LYS1162 D  10.61     0 %   -0.14  157   0.00    0    0.00 XXX   0 X    0.00 XXX   0 X    0.19 ASP1163 D
LYS1162 D                                            0.00 XXX   0 X    0.00 XXX   0 X    0.09 GLU1165 D
LYS1162 D                                            0.00 XXX   0 X    0.00 XXX   0 X    0.01 GLU1203 D
LYS1162 D                                            0.00 XXX   0 X    0.00 XXX   0 X   -0.04 LYS1196 D

LYS1189 D  10.30     0 %   -0.20  122   0.00    0    0.00 XXX   0 X    0.00 XXX   0 X    0.00 XXX   0 X

LYS1196 D  11.10     0 %   -0.43  204   0.00    0    0.85 ASP1163 D    0.00 XXX   0 X   -0.20 ARG1193 D
LYS1196 D                                            0.00 XXX   0 X    0.00 XXX   0 X    0.38 ASP1163 D

LYS1233 D  10.34     0 %   -0.10  109   0.00    0    0.00 XXX   0 X    0.00 XXX   0 X    0.04 GLU1240 D
LYS1233 D                                            0.00 XXX   0 X    0.00 XXX   0 X   -0.11 LYS1236 D

LYS1236 D  11.75     0 %   -0.30  193   0.00    0    0.85 GLU1240 D    0.00 XXX   0 X    0.10 GLU1225 D
LYS1236 D                                            0.00 XXX   0 X    0.00 XXX   0 X    0.23 GLU1230 D
LYS1236 D                                            0.00 XXX   0 X    0.00 XXX   0 X    0.38 GLU1240 D

LYS1244 D  10.74     0 %   -0.18  240   0.00    0    0.00 XXX   0 X    0.00 XXX   0 X    0.12 GLU1240 D
LYS1244 D                                            0.00 XXX   0 X    0.00 XXX   0 X    0.08 ASP1243 D
LYS1244 D                                            0.00 XXX   0 X    0.00 XXX   0 X    0.22 TYR1248 D

LYS1257 D  10.44    83 %   -2.21  513   0.00    0    0.79 GLU1253 D    0.00 XXX   0 X    0.15 GLU1208 D
LYS1257 D                                            0.00 XXX   0 X    0.00 XXX   0 X    0.03 CYS1272 D
LYS1257 D                                            0.00 XXX   0 X    0.00 XXX   0 X    0.27 ASP1275 D
LYS1257 D                                            0.00 XXX   0 X    0.00 XXX   0 X   -0.90 ARG1312 D
LYS1257 D                                            0.00 XXX   0 X    0.00 XXX   0 X   -0.11 ARG1316 D
LYS1257 D                                            0.00 XXX   0 X    0.00 XXX   0 X    1.10 GLU1253 D
LYS1257 D                                            0.00 XXX   0 X    0.00 XXX   0 X    0.83 ASP1280 D

LYS1264 D  11.51     0 %   -0.39  282   0.00    0    0.85 GLU1165 D    0.00 XXX   0 X    0.13 ASP1166 D
LYS1264 D                                            0.00 XXX   0 X    0.00 XXX   0 X    0.00 CYS1167 D
LYS1264 D                                            0.00 XXX   0 X    0.00 XXX   0 X    0.04 GLU1170 D
LYS1264 D                                            0.00 XXX   0 X    0.00 XXX   0 X   -0.02 ARG1195 D
LYS1264 D                                            0.00 XXX   0 X    0.00 XXX   0 X    0.39 GLU1165 D

LYS1265 D  10.26    30 %   -0.65  365   0.00    0    0.00 XXX   0 X    0.00 XXX   0 X    0.09 GLU1165 D
LYS1265 D                                            0.00 XXX   0 X    0.00 XXX   0 X    0.03 GLU1203 D
LYS1265 D                                            0.00 XXX   0 X    0.00 XXX   0 X    0.02 GLU1208 D
LYS1265 D                                            0.00 XXX   0 X    0.00 XXX   0 X    0.28 CYS1272 D
LYS1265 D                                            0.00 XXX   0 X    0.00 XXX   0 X   -0.02 LYS1264 D

LYS1300 D  11.19     0 %   -0.38  178   0.00    0    0.85 GLU1295 D    0.00 XXX   0 X   -0.17 ARG1303 D
LYS1300 D                                            0.00 XXX   0 X    0.00 XXX   0 X    0.38 GLU1295 D

LYS1359 D   9.19    61 %   -1.31  451   0.00    0    0.00 XXX   0 X    0.00 XXX   0 X    0.01 ASP1403 D

LYS1381 D  11.65     8 %   -0.43  303   0.00    0    0.85 GLU1385 D    0.00 XXX   0 X    0.00 CYS1363 D
LYS1381 D                                            0.00 XXX   0 X    0.00 XXX   0 X    0.12 CYS1384 D
LYS1381 D                                            0.00 XXX   0 X    0.00 XXX   0 X    0.24 GLU1435 D
LYS1381 D                                            0.00 XXX   0 X    0.00 XXX   0 X    0.02 TYR 739 C
LYS1381 D                                            0.00 XXX   0 X    0.00 XXX   0 X   -0.04 LYS1397 D
LYS1381 D                                            0.00 XXX   0 X    0.00 XXX   0 X    0.38 GLU1385 D

LYS1397 D  12.09    47 %   -1.29  412   0.00    0    0.57 TYR1727 D    0.00 XXX   0 X    0.04 GLU1435 D
LYS1397 D                                            0.85 ASP1403 D    0.00 XXX   0 X    0.11 TYR 739 C
LYS1397 D                                            0.00 XXX   0 X    0.00 XXX   0 X    0.61 TYR1727 D
LYS1397 D                                            0.00 XXX   0 X    0.00 XXX   0 X    0.70 ASP1403 D

LYS1399 D  10.59    30 %   -1.29  364   0.00    0    0.85 ASP1729 D    0.00 XXX   0 X   -0.15 ARG1362 D
LYS1399 D                                            0.00 XXX   0 X    0.00 XXX   0 X    0.02 ASP1370 D
LYS1399 D                                            0.00 XXX   0 X    0.00 XXX   0 X    0.16 CYS1728 D
LYS1399 D                                            0.00 XXX   0 X    0.00 XXX   0 X    0.51 ASP1729 D

LYS1419 D  11.13    73 %   -1.83  486   0.00    0    0.85 GLU 375 B    0.00 XXX   0 X    0.11 ASP 372 B
LYS1419 D                                            0.00 XXX   0 X    0.00 XXX   0 X    0.13 CYS 373 B
LYS1419 D                                            0.00 XXX   0 X    0.00 XXX   0 X   -0.03 ARG 893 C
LYS1419 D                                            0.00 XXX   0 X    0.00 XXX   0 X    0.29 GLU 898 C
LYS1419 D                                            0.00 XXX   0 X    0.00 XXX   0 X    0.20 ASP1714 D
LYS1419 D                                            0.00 XXX   0 X    0.00 XXX   0 X    0.90 GLU 375 B

LYS1477 D   9.98    17 %   -0.44  329   0.00    0    0.00 XXX   0 X    0.00 XXX   0 X    0.00 C-  943 C
LYS1477 D                                            0.00 XXX   0 X    0.00 XXX   0 X   -0.09 LYS1478 D

LYS1478 D  10.60     0 %   -0.34  204   0.00    0    0.00 XXX   0 X    0.00 XXX   0 X    0.29 C-  943 C
LYS1478 D                                            0.00 XXX   0 X    0.00 XXX   0 X    0.15 ASP1471 D

LYS1479 D  10.23     0 %   -0.27  208   0.00    0    0.00 XXX   0 X    0.00 XXX   0 X    0.00 XXX   0 X

LYS1492 D  10.60     0 %   -0.28  270   0.00    0    0.00 XXX   0 X    0.00 XXX   0 X    0.13 GLU1318 D
LYS1492 D                                            0.00 XXX   0 X    0.00 XXX   0 X   -0.02 ARG1321 D
LYS1492 D                                            0.00 XXX   0 X    0.00 XXX   0 X    0.12 ASP1484 D
LYS1492 D                                            0.00 XXX   0 X    0.00 XXX   0 X    0.15 GLU1489 D

LYS1493 D  11.63     0 %   -0.39  163   0.00    0    0.85 GLU1490 D    0.00 XXX   0 X    0.02 GLU1318 D
LYS1493 D                                            0.00 XXX   0 X    0.00 XXX   0 X    0.24 GLU1489 D
LYS1493 D                                            0.00 XXX   0 X    0.00 XXX   0 X    0.02 GLU1867 D
LYS1493 D                                            0.00 XXX   0 X    0.00 XXX   0 X    0.38 GLU1490 D

LYS1499 D  10.66    48 %   -1.38  416   0.00    0    0.85 GLU1773 D    0.00 XXX   0 X    0.01 GLU1780 D
LYS1499 D                                            0.00 XXX   0 X    0.00 XXX   0 X    0.68 GLU1773 D

LYS1500 D  11.13    13 %   -0.65  319   0.00    0    0.85 ASP1869 D    0.00 XXX   0 X    0.01 ASP1790 D
LYS1500 D                                            0.00 XXX   0 X    0.00 XXX   0 X    0.43 ASP1869 D

LYS1504 D  11.11    31 %   -0.89  367   0.00    0    0.85 GLU1876 D    0.00 XXX   0 X    0.11 TYR1585 D
LYS1504 D                                            0.00 XXX   0 X    0.00 XXX   0 X    0.54 GLU1876 D

LYS1505 D  11.60     0 %   -0.41  245   0.00    0    0.85 GLU1788 D    0.00 XXX   0 X    0.05 ASP1789 D
LYS1505 D                                            0.00 XXX   0 X    0.00 XXX   0 X    0.01 ASP1790 D
LYS1505 D                                            0.00 XXX   0 X    0.00 XXX   0 X    0.18 ASP1792 D
LYS1505 D                                            0.00 XXX   0 X    0.00 XXX   0 X   -0.01 ARG1826 D
LYS1505 D                                            0.00 XXX   0 X    0.00 XXX   0 X    0.05 TYR1795 D
LYS1505 D                                            0.00 XXX   0 X    0.00 XXX   0 X    0.38 GLU1788 D

LYS1508 D  11.01    11 %   -0.78  313   0.00    0    0.85 ASP1802 D    0.00 XXX   0 X    0.05 GLU1799 D
LYS1508 D                                            0.00 XXX   0 X    0.00 XXX   0 X    0.00 C- 1882 D
LYS1508 D                                            0.00 XXX   0 X    0.00 XXX   0 X    0.39 ASP1802 D

LYS1516 D  10.41     0 %   -0.07  104   0.00    0    0.00 XXX   0 X    0.00 XXX   0 X   -0.02 ARG1512 D

LYS1527 D  10.48     0 %   -0.10  139   0.00    0    0.00 XXX   0 X    0.00 XXX   0 X    0.07 ASP1523 D

LYS1556 D  10.38     0 %   -0.12  106   0.00    0    0.00 XXX   0 X    0.00 XXX   0 X    0.00 XXX   0 X

LYS1562 D  10.42     0 %   -0.08  106   0.00    0    0.00 XXX   0 X    0.00 XXX   0 X    0.00 XXX   0 X

LYS1578 D   9.87    67 %   -1.89  469   0.00    0    0.85 GLU1574 D    0.00 XXX   0 X    0.44 ASP1531 D
LYS1578 D                                            0.00 XXX   0 X    0.00 XXX   0 X    0.03 CYS1575 D
LYS1578 D                                            0.00 XXX   0 X    0.00 XXX   0 X    0.13 ASP1595 D
LYS1578 D                                            0.00 XXX   0 X    0.00 XXX   0 X   -0.94 ARG1635 D
LYS1578 D                                            0.00 XXX   0 X    0.00 XXX   0 X   -0.19 ARG1638 D
LYS1578 D                                            0.00 XXX   0 X    0.00 XXX   0 X    0.95 GLU1574 D

LYS1614 D  10.55     0 %   -0.10  102   0.00    0    0.00 XXX   0 X    0.00 XXX   0 X    0.15 ASP1610 D

LYS1641 D  10.55     0 %   -0.11  172   0.00    0    0.00 XXX   0 X    0.00 XXX   0 X    0.19 ASP 252 B
LYS1641 D                                            0.00 XXX   0 X    0.00 XXX   0 X   -0.07 ARG1644 D
LYS1641 D                                            0.00 XXX   0 X    0.00 XXX   0 X    0.03 GLU1781 D

LYS1683 D  11.36     0 %   -0.45  198   0.00    0    0.85 ASP1741 D    0.00 XXX   0 X   -0.01 ARG1739 D
LYS1683 D                                            0.00 XXX   0 X    0.00 XXX   0 X    0.02 CYS1742 D
LYS1683 D                                            0.00 XXX   0 X    0.00 XXX   0 X    0.06 TYR1228 D
LYS1683 D                                            0.00 XXX   0 X    0.00 XXX   0 X    0.01 TYR1681 D
LYS1683 D                                            0.00 XXX   0 X    0.00 XXX   0 X    0.38 ASP1741 D

LYS1800 D  10.41     0 %   -0.13  184   0.00    0    0.00 XXX   0 X    0.00 XXX   0 X    0.03 GLU1796 D

LYS1829 D  10.67     0 %   -0.17  166   0.00    0    0.00 XXX   0 X    0.00 XXX   0 X    0.15 ASP1816 D
LYS1829 D                                            0.00 XXX   0 X    0.00 XXX   0 X    0.19 ASP1819 D

LYS1859 D  11.42     0 %   -0.51  203   0.00    0    0.85 GLU1864 D    0.00 XXX   0 X   -0.00 ARG1860 D
LYS1859 D                                            0.00 XXX   0 X    0.00 XXX   0 X    0.18 GLU1867 D
LYS1859 D                                            0.00 XXX   0 X    0.00 XXX   0 X    0.02 ASP1869 D
LYS1859 D                                            0.00 XXX   0 X    0.00 XXX   0 X    0.38 GLU1864 D

LYS1872 D  10.70    41 %   -1.38  396   0.00    0    0.85 ASP1790 D    0.00 XXX   0 X    0.03 GLU1788 D
LYS1872 D                                            0.00 XXX   0 X    0.00 XXX   0 X    0.01 ASP1789 D
LYS1872 D                                            0.00 XXX   0 X    0.00 XXX   0 X    0.22 ASP1869 D
LYS1872 D                                            0.00 XXX   0 X    0.00 XXX   0 X   -0.14 LYS1500 D
LYS1872 D                                            0.00 XXX   0 X    0.00 XXX   0 X    0.62 ASP1790 D

LYS1878 D  11.36     0 %   -0.27  247   0.00    0    0.75 GLU1877 D    0.00 XXX   0 X    0.38 GLU1877 D

ARG1174 D  12.40     0 %   -0.10   92   0.00    0    0.00 XXX   0 X    0.00 XXX   0 X    0.00 XXX   0 X

ARG1175 D  12.43     0 %   -0.07   80   0.00    0    0.00 XXX   0 X    0.00 XXX   0 X    0.00 XXX   0 X

ARG1193 D  12.39     0 %   -0.14  174   0.00    0    0.00 XXX   0 X    0.00 XXX   0 X    0.03 ASP1163 D

ARG1195 D  11.76    38 %   -1.25  388   0.00    0    0.00 XXX   0 X    0.00 XXX   0 X    0.03 GLU1165 D
ARG1195 D                                            0.00 XXX   0 X    0.00 XXX   0 X    0.08 ASP1166 D
ARG1195 D                                            0.00 XXX   0 X    0.00 XXX   0 X    0.37 CYS1167 D
ARG1195 D                                            0.00 XXX   0 X    0.00 XXX   0 X    0.02 CYS1198 D

ARG1232 D  12.31     0 %   -0.20  106   0.00    0    0.00 XXX   0 X    0.00 XXX   0 X    0.01 GLU1231 D

ARG1303 D  11.97     8 %   -0.53  304   0.00    0    0.00 XXX   0 X    0.00 XXX   0 X    0.06 GLU1295 D
ARG1303 D                                            0.00 XXX   0 X    0.00 XXX   0 X   -0.06 ARG1306 D

ARG1306 D  12.94    67 %   -1.50  469   0.00    0    1.18 ASP1243 D    0.00 XXX   0 X    0.03 GLU1225 D
ARG1306 D                                            0.00 XXX   0 X    0.00 XXX   0 X    0.72 ASP1243 D

ARG1309 D   9.95    80 %   -2.04  505   0.00    0    0.00 XXX   0 X    0.00 XXX   0 X    0.44 ASP1243 D
ARG1309 D                                            0.00 XXX   0 X    0.00 XXX   0 X   -0.96 ARG1306 D

ARG1312 D  15.25    86 %   -2.19  523   0.00    0    0.75 ASP1275 D    0.00 XXX   0 X    0.49 GLU1253 D
ARG1312 D                                            1.29 ASP1280 D    0.00 XXX   0 X    0.19 TYR1266 D
ARG1312 D                                            0.00 XXX   0 X    0.00 XXX   0 X    0.03 CYS1272 D
ARG1312 D                                            0.00 XXX   0 X    0.00 XXX   0 X    0.91 ASP1275 D
ARG1312 D                                            0.00 XXX   0 X    0.00 XXX   0 X    1.28 ASP1280 D

ARG1316 D  13.94    34 %   -0.86  377   0.00    0    1.66 GLU1208 D    0.00 XXX   0 X    0.11 GLU1253 D
ARG1316 D                                            0.00 XXX   0 X    0.00 XXX   0 X    0.07 ASP1275 D
ARG1316 D                                            0.00 XXX   0 X    0.00 XXX   0 X   -0.05 ARG1312 D
ARG1316 D                                            0.00 XXX   0 X    0.00 XXX   0 X    0.53 GLU1208 D

ARG1321 D  12.27     5 %   -0.39  294   0.00    0    0.00 XXX   0 X    0.00 XXX   0 X    0.19 GLU1318 D
ARG1321 D                                            0.00 XXX   0 X    0.00 XXX   0 X   -0.02 ARG1316 D

ARG1362 D  10.95    75 %   -1.58  491   0.00    0    0.00 XXX   0 X    0.00 XXX   0 X    0.01 ASP1370 D
ARG1362 D                                            0.00 XXX   0 X    0.00 XXX   0 X    0.02 ASP1423 D
ARG1362 D                                            0.00 XXX   0 X    0.00 XXX   0 X    0.00 ASP1729 D

ARG1432 D  13.65     2 %   -0.71  288   0.00    0    0.00 TYR1442 D    0.00 XXX   0 X    0.38 TYR1375 D
ARG1432 D                                            0.72 GLU1436 D    0.00 XXX   0 X    0.38 TYR1442 D
ARG1432 D                                            0.00 XXX   0 X    0.00 XXX   0 X    0.38 GLU1436 D

ARG1512 D  13.95     0 %   -0.36  217   0.00    0    1.43 ASP1523 D    0.00 XXX   0 X    0.38 ASP1523 D

ARG1583 D  12.22     0 %   -0.29  262   0.00    0    0.00 XXX   0 X    0.00 XXX   0 X    0.01 C- 1882 D

ARG1623 D  11.20    70 %   -1.60  478   0.00    0    0.00 XXX   0 X    0.00 XXX   0 X    0.05 ASP 356 B
ARG1623 D                                            0.00 XXX   0 X    0.00 XXX   0 X    0.19 TYR 389 B
ARG1623 D                                            0.00 XXX   0 X    0.00 XXX   0 X    0.07 ASP1550 D

ARG1626 D  10.77    77 %   -1.14  496   0.00    0    0.00 XXX   0 X    0.00 XXX   0 X    0.43 GLU1548 D
ARG1626 D                                            0.00 XXX   0 X    0.00 XXX   0 X   -0.18 ARG1623 D
ARG1626 D                                            0.00 XXX   0 X    0.00 XXX   0 X   -0.84 ARG1629 D

ARG1629 D  13.04    77 %   -1.84  498   0.00    0    1.46 GLU1548 D    0.00 XXX   0 X    0.92 GLU1548 D

ARG1632 D  10.18    82 %   -2.18  511   0.00    0    0.00 XXX   0 X    0.00 XXX   0 X   -0.14 ARG1629 D

ARG1635 D  13.51    78 %   -1.76  500   0.00    0    0.78 GLU1574 D    0.00 XXX   0 X    0.27 ASP1531 D
ARG1635 D                                            0.00 XXX   0 X    0.00 XXX   0 X    0.01 CYS1575 D
ARG1635 D                                            0.00 XXX   0 X    0.00 XXX   0 X    0.15 TYR1586 D
ARG1635 D                                            0.00 XXX   0 X    0.00 XXX   0 X    0.49 ASP1595 D
ARG1635 D                                            0.00 XXX   0 X    0.00 XXX   0 X    1.07 GLU1574 D

ARG1638 D  11.46    61 %   -1.63  453   0.00    0    0.31 ASP1595 D    0.00 XXX   0 X    0.06 ASP1531 D
ARG1638 D                                            0.00 XXX   0 X    0.00 XXX   0 X    0.14 GLU1574 D
ARG1638 D                                            0.00 XXX   0 X    0.00 XXX   0 X    0.05 TYR1586 D
ARG1638 D                                            0.00 XXX   0 X    0.00 XXX   0 X   -0.53 ARG1635 D
ARG1638 D                                            0.00 XXX   0 X    0.00 XXX   0 X    0.56 ASP1595 D

ARG1644 D  12.25     0 %   -0.29  276   0.00    0    0.00 XXX   0 X    0.00 XXX   0 X    0.02 ASP 252 B
ARG1644 D                                            0.00 XXX   0 X    0.00 XXX   0 X    0.01 GLU1780 D

ARG1739 D  12.51    13 %   -0.34  319   0.00    0    0.00 XXX   0 X    0.00 XXX   0 X    0.09 CYS1728 D
ARG1739 D                                            0.00 XXX   0 X    0.00 XXX   0 X    0.05 ASP1729 D
ARG1739 D                                            0.00 XXX   0 X    0.00 XXX   0 X    0.11 ASP1741 D
ARG1739 D                                            0.00 XXX   0 X    0.00 XXX   0 X    0.11 CYS1742 D

ARG1826 D  13.97    14 %   -0.69  321   0.00    0    0.55 ASP1789 D    0.00 XXX   0 X    0.04 ASP1790 D
ARG1826 D                                            0.63 ASP1792 D    0.00 XXX   0 X    0.15 GLU1796 D
ARG1826 D                                            0.00 XXX   0 X    0.00 XXX   0 X    0.14 GLU1823 D
ARG1826 D                                            0.00 XXX   0 X    0.00 XXX   0 X    0.26 ASP1789 D
ARG1826 D                                            0.00 XXX   0 X    0.00 XXX   0 X    0.39 ASP1792 D

ARG1847 D  12.48     0 %   -0.30  205   0.00    0    0.00 XXX   0 X    0.00 XXX   0 X    0.14 GLU1804 D
ARG1847 D                                            0.00 XXX   0 X    0.00 XXX   0 X    0.13 GLU1810 D

ARG1860 D  12.11     6 %   -0.48  298   0.00    0    0.00 XXX   0 X    0.00 XXX   0 X    0.06 TYR1811 D
ARG1860 D                                            0.00 XXX   0 X    0.00 XXX   0 X    0.00 ASP1839 D
ARG1860 D                                            0.00 XXX   0 X    0.00 XXX   0 X    0.03 GLU1864 D

N+ 1162 D   7.62     0 %   -0.48  213   0.00    0    0.00 XXX   0 X    0.00 XXX   0 X   -0.12 LYS1162 D
N+ 1162 D                                            0.00 XXX   0 X    0.00 XXX   0 X    0.14 ASP1163 D
N+ 1162 D                                            0.00 XXX   0 X    0.00 XXX   0 X   -0.15 LYS1196 D
N+ 1162 D                                            0.00 XXX   0 X    0.00 XXX   0 X    0.23 GLU1203 D

Coupled residues (marked *) were detected.Please rerun PropKa with the --display-coupled-residues 
or -d option for detailed information.

2026-06-24 14:41:31,491 INFO:output.py:227:print_pka_section:pKa summary:
--------------------------------------------------------------------------------------------------------
SUMMARY OF THIS PREDICTION
       Group      pKa  model-pKa   ligand atom-type
   ASP  57 B     2.17       3.80                      
   ASP  66 B     2.68       3.80                      
   ASP  82 B     4.10       3.80                      
   ASP  84 B     3.22       3.80                      
   ASP 152 B     3.67       3.80                      
   ASP 191 B     4.83       3.80                      
   ASP 197 B     4.83       3.80                      
   ASP 211 B     3.90       3.80                      
   ASP 252 B     4.10       3.80                      
   ASP 297 B     3.40       3.80                      
   ASP 305 B     3.99       3.80                      
   ASP 310 B     4.03       3.80                      
   ASP 322 B     1.25       3.80                      
   ASP 331 B     3.98       3.80                      
   ASP 349 B     2.87       3.80                      
   ASP 356 B     4.98       3.80                      
   ASP 372 B     4.23       3.80                      
   ASP 716 C     3.91       3.80                      
   ASP 720 C     3.93       3.80                      
   ASP 772 C     2.79       3.80                      
   ASP 785 C     2.91       3.80                      
   ASP 870 C     3.93       3.80                      
   ASP 872 C     3.76       3.80                      
   ASP 883 C     3.72       3.80                      
   ASP 905 C     3.82       3.80                      
   ASP1163 D     2.46       3.80                      
   ASP1166 D     3.38       3.80                      
   ASP1182 D     2.63       3.80                      
   ASP1226 D     3.75       3.80                      
   ASP1243 D     2.83       3.80                      
   ASP1275 D     3.79       3.80                      
   ASP1280 D     3.29       3.80                      
   ASP1370 D     3.88       3.80                      
   ASP1403 D     2.80       3.80                      
   ASP1423 D     4.80       3.80                      
   ASP1430 D     4.16       3.80                      
   ASP1471 D     4.73       3.80                      
   ASP1484 D     3.95       3.80                      
   ASP1523 D     2.39       3.80                      
   ASP1531 D     4.32       3.80                      
   ASP1550 D     3.79       3.80                      
   ASP1551 D     2.83       3.80                      
   ASP1595 D     5.12       3.80                      
   ASP1610 D     3.85       3.80                      
   ASP1689 D     4.66       3.80                      
   ASP1690 D     2.20       3.80                      
   ASP1714 D     4.96       3.80                      
   ASP1729 D     2.93       3.80                      
   ASP1741 D     2.72       3.80                      
   ASP1789 D     2.35       3.80                      
   ASP1790 D     3.72       3.80                      
   ASP1792 D     3.20       3.80                      
   ASP1802 D     2.92       3.80                      
   ASP1816 D     3.93       3.80                      
   ASP1819 D     3.39       3.80                      
   ASP1839 D     4.00       3.80                      
   ASP1846 D     3.98       3.80                      
   ASP1852 D     4.43       3.80                      
   ASP1869 D     2.88       3.80                      
   GLU  19 A     4.56       4.50                      
   GLU  25 A     2.61       4.50                      
   GLU  30 A     3.81       4.50                      
   GLU  49 B     4.54       4.50                      
   GLU  50 B     4.54       4.50                      
   GLU  74 B     4.53       4.50                      
   GLU  78 B     2.91       4.50                      
   GLU  81 B     4.65       4.50                      
   GLU 161 B     4.14       4.50                      
   GLU 171 B     2.82       4.50                      
   GLU 208 B     3.23       4.50                      
   GLU 295 B     4.77       4.50                      
   GLU 302 B     4.57       4.50                      
   GLU 312 B     4.79       4.50                      
   GLU 337 B     4.30       4.50                      
   GLU 346 B     4.56       4.50                      
   GLU 375 B     4.17       4.50                      
   GLU 417 B     4.80       4.50                      
   GLU 418 B     3.63       4.50                      
   GLU 426 B     3.94       4.50                      
   GLU 428 B     4.49       4.50                      
   GLU 429 B     3.55       4.50                      
   GLU 431 B     4.05       4.50                      
   GLU 698 C     4.04       4.50                      
   GLU 737 C     3.67       4.50                      
   GLU 744 C     4.60       4.50                      
   GLU 746 C     4.87       4.50                      
   GLU 747 C     4.66       4.50                      
   GLU 763 C     4.38       4.50                      
   GLU 795 C     4.13       4.50                      
   GLU 867 C     4.59       4.50                      
   GLU 898 C     5.54       4.50                      
   GLU 901 C     4.55       4.50                      
   GLU 908 C     4.96       4.50                      
   GLU1165 D     3.34       4.50                      
   GLU1170 D     4.58       4.50                      
   GLU1203 D     4.44       4.50                      
   GLU1208 D     3.20       4.50                      
   GLU1225 D     5.20       4.50                      
   GLU1230 D     4.51       4.50                      
   GLU1231 D     4.98       4.50                      
   GLU1240 D     3.37       4.50                      
   GLU1253 D     5.05       4.50                      
   GLU1295 D     3.44       4.50                      
   GLU1318 D     3.82       4.50                      
   GLU1368 D     4.66       4.50                      
   GLU1385 D     3.52       4.50                      
   GLU1392 D     4.18       4.50                      
   GLU1435 D     4.79       4.50                      
   GLU1436 D     3.17       4.50                      
   GLU1441 D     5.45       4.50                      
   GLU1489 D     4.57       4.50                      
   GLU1490 D     3.58       4.50                      
   GLU1548 D     3.61       4.50                      
   GLU1555 D     4.58       4.50                      
   GLU1574 D     3.21       4.50                      
   GLU1685 D     3.23       4.50                      
   GLU1773 D     4.22       4.50                      
   GLU1780 D     5.12       4.50                      
   GLU1781 D     4.82       4.50                      
   GLU1784 D     4.02       4.50                      
   GLU1788 D     3.39       4.50                      
   GLU1796 D     4.83       4.50                      
   GLU1799 D     4.92       4.50                      
   GLU1804 D     4.60       4.50                      
   GLU1810 D     4.90       4.50                      
   GLU1823 D     4.70       4.50                      
   GLU1864 D     3.46       4.50                      
   GLU1867 D     4.47       4.50                      
   GLU1876 D     4.37       4.50                      
   GLU1877 D     3.26       4.50                      
   C-   37 A     3.28       3.20                      
   C-  433 B     2.03       3.20                      
   C-  943 C     3.18       3.20                      
   C- 1882 D     3.42       3.20                      
   HIS 118 B     5.88       6.50                      
   HIS 130 B     6.40       6.50                      
   HIS 151 B     6.38       6.50                      
   HIS 184 B     6.14       6.50                      
   HIS 278 B     5.18       6.50                      
   HIS 350 B     6.45       6.50                      
   HIS 738 C     6.69       6.50                      
   HIS 880 C     7.64       6.50                      
   HIS 886 C     4.65       6.50                      
   HIS1200 D     5.96       6.50                      
   HIS1204 D     6.26       6.50                      
   HIS1584 D     6.28       6.50                      
   HIS1849 D     5.96       6.50                      
   CYS 139 B     8.93       9.00                      
   CYS 145 B    11.73       9.00                      
   CYS 182 B     9.22       9.00                      
   CYS 260 B    11.60       9.00                      
   CYS 280 B    12.40       9.00                      
   CYS 326 B    11.27       9.00                      
   CYS 335 B     9.25       9.00                      
   CYS 341 B    10.85       9.00                      
   CYS 373 B    13.22       9.00                      
   CYS 683 C     9.33       9.00                      
   CYS 686 C     9.16       9.00                      
   CYS 699 C     9.23       9.00                      
   CYS 700 C     9.80       9.00                      
   CYS 726 C    10.18       9.00                      
   CYS 896 C    12.57       9.00                      
   CYS 906 C    12.42       9.00                      
   CYS 915 C    10.87       9.00                      
   CYS1167 D     9.77       9.00                      
   CYS1172 D    11.06       9.00                      
   CYS1176 D     8.89       9.00                      
   CYS1178 D     9.46       9.00                      
   CYS1179 D     9.21       9.00                      
   CYS1198 D    10.03       9.00                      
   CYS1272 D     9.85       9.00                      
   CYS1341 D    11.90       9.00                      
   CYS1363 D    12.14       9.00                      
   CYS1384 D     9.82       9.00                      
   CYS1539 D     9.78       9.00                      
   CYS1575 D     9.72       9.00                      
   CYS1703 D    12.64       9.00                      
   CYS1728 D     9.52       9.00                      
   CYS1742 D    10.42       9.00                      
   CYS1850 D    12.21       9.00                      
   TYR  68 B    10.16      10.00                      
   TYR  87 B    10.35      10.00                      
   TYR 112 B    10.04      10.00                      
   TYR 159 B    10.09      10.00                      
   TYR 162 B    11.27      10.00                      
   TYR 168 B    12.94      10.00                      
   TYR 205 B     9.65      10.00                      
   TYR 307 B    11.46      10.00                      
   TYR 314 B    11.28      10.00                      
   TYR 339 B    10.25      10.00                      
   TYR 352 B    10.77      10.00                      
   TYR 378 B    13.03      10.00                      
   TYR 389 B    10.52      10.00                      
   TYR 403 B    13.41      10.00                      
   TYR 416 B    11.31      10.00                      
   TYR 694 C    10.08      10.00                      
   TYR 739 C    10.59      10.00                      
   TYR 774 C    10.16      10.00                      
   TYR 775 C    10.22      10.00                      
   TYR 776 C    10.40      10.00                      
   TYR 865 C    13.72      10.00                      
   TYR1199 D    10.89      10.00                      
   TYR1228 D    10.66      10.00                      
   TYR1241 D    10.10      10.00                      
   TYR1248 D    10.07      10.00                      
   TYR1261 D    11.77      10.00                      
   TYR1266 D    12.22      10.00                      
   TYR1375 D    11.41      10.00                      
   TYR1394 D    10.75      10.00                      
   TYR1409 D    12.37      10.00                      
   TYR1426 D    12.57      10.00                      
   TYR1434 D    10.09      10.00                      
   TYR1442 D    10.01      10.00                      
   TYR1445 D    10.33      10.00                      
   TYR1447 D    12.91      10.00                      
   TYR1449 D    13.77      10.00                      
   TYR1494 D    10.75      10.00                      
   TYR1495 D    12.82      10.00                      
   TYR1517 D    10.06      10.00                      
   TYR1585 D    10.84      10.00                      
   TYR1586 D    13.55      10.00                      
   TYR1615 D    10.11      10.00                      
   TYR1671 D    11.01      10.00                      
   TYR1681 D    10.09      10.00                      
   TYR1727 D    11.69      10.00                      
   TYR1755 D    12.49      10.00                      
   TYR1767 D    12.19      10.00                      
   TYR1795 D    10.48      10.00                      
   TYR1811 D    11.49      10.00                      
   LYS  26 A    11.15      10.50                      
   LYS  31 A    10.37      10.50                      
   LYS  62 B    12.41      10.50                      
   LYS  63 B    10.13      10.50                      
   LYS  91 B    11.03      10.50                      
   LYS  98 B    10.42      10.50                      
   LYS 100 B    10.38      10.50                      
   LYS 126 B    11.07      10.50                      
   LYS 158 B    11.72      10.50                      
   LYS 175 B     9.87      10.50                      
   LYS 228 B    12.09      10.50                      
   LYS 237 B    10.13      10.50                      
   LYS 248 B    10.36      10.50                      
   LYS 249 B    11.07      10.50                      
   LYS 279 B     8.85      10.50                      
   LYS 317 B    10.92      10.50                      
   LYS 343 B    11.97      10.50                      
   LYS 387 B    10.28      10.50                      
   LYS 430 B    11.51      10.50                      
   LYS 432 B    11.46      10.50                      
   LYS 682 C    10.69      10.50                      
   LYS 707 C    11.18      10.50                      
   LYS 711 C    10.21      10.50                      
   LYS 767 C    11.89      10.50                      
   LYS 817 C    10.12      10.50                      
   LYS 820 C     9.36      10.50                      
   LYS 830 C    10.27      10.50                      
   LYS 863 C     9.76      10.50                      
   LYS1162 D    10.61      10.50                      
   LYS1189 D    10.30      10.50                      
   LYS1196 D    11.10      10.50                      
   LYS1233 D    10.34      10.50                      
   LYS1236 D    11.75      10.50                      
   LYS1244 D    10.74      10.50                      
   LYS1257 D    10.44      10.50                      
   LYS1264 D    11.51      10.50                      
   LYS1265 D    10.26      10.50                      
   LYS1300 D    11.19      10.50                      
   LYS1359 D     9.19      10.50                      
   LYS1381 D    11.65      10.50                      
   LYS1397 D    12.09      10.50                      
   LYS1399 D    10.59      10.50                      
   LYS1419 D    11.13      10.50                      
   LYS1477 D     9.98      10.50                      
   LYS1478 D    10.60      10.50                      
   LYS1479 D    10.23      10.50                      
   LYS1492 D    10.60      10.50                      
   LYS1493 D    11.63      10.50                      
   LYS1499 D    10.66      10.50                      
   LYS1500 D    11.13      10.50                      
   LYS1504 D    11.11      10.50                      
   LYS1505 D    11.60      10.50                      
   LYS1508 D    11.01      10.50                      
   LYS1516 D    10.41      10.50                      
   LYS1527 D    10.48      10.50                      
   LYS1556 D    10.38      10.50                      
   LYS1562 D    10.42      10.50                      
   LYS1578 D     9.87      10.50                      
   LYS1614 D    10.55      10.50                      
   LYS1641 D    10.55      10.50                      
   LYS1683 D    11.36      10.50                      
   LYS1800 D    10.41      10.50                      
   LYS1829 D    10.67      10.50                      
   LYS1859 D    11.42      10.50                      
   LYS1872 D    10.70      10.50                      
   LYS1878 D    11.36      10.50                      
   ARG  14 A    11.30      12.50                      
   ARG  15 A    12.30      12.50                      
   ARG  18 A    12.26      12.50                      
   ARG  27 A    12.28      12.50                      
   ARG  34 A    13.67      12.50                      
   ARG  53 B    13.14      12.50                      
   ARG 104 B    15.31      12.50                      
   ARG 121 B    11.59      12.50                      
   ARG 122 B    11.87      12.50                      
   ARG 179 B    11.06      12.50                      
   ARG 190 B    12.42      12.50                      
   ARG 219 B    11.27      12.50                      
   ARG 222 B    12.60      12.50                      
   ARG 225 B    11.35      12.50                      
   ARG 277 B    12.41      12.50                      
   ARG 282 B    13.37      12.50                      
   ARG 340 B    12.06      12.50                      
   ARG 367 B    12.74      12.50                      
   ARG 376 B    13.73      12.50                      
   ARG 383 B    13.72      12.50                      
   ARG 433 B    12.71      12.50                      
   ARG 689 C    12.44      12.50                      
   ARG 693 C    12.30      12.50                      
   ARG 800 C    12.40      12.50                      
   ARG 808 C    13.03      12.50                      
   ARG 811 C    12.32      12.50                      
   ARG 814 C    10.80      12.50                      
   ARG 869 C    12.36      12.50                      
   ARG 878 C    13.39      12.50                      
   ARG 893 C    14.86      12.50                      
   ARG1174 D    12.40      12.50                      
   ARG1175 D    12.43      12.50                      
   ARG1193 D    12.39      12.50                      
   ARG1195 D    11.76      12.50                      
   ARG1232 D    12.31      12.50                      
   ARG1303 D    11.97      12.50                      
   ARG1306 D    12.94      12.50                      
   ARG1309 D     9.95      12.50                      
   ARG1312 D    15.25      12.50                      
   ARG1316 D    13.94      12.50                      
   ARG1321 D    12.27      12.50                      
   ARG1362 D    10.95      12.50                      
   ARG1432 D    13.65      12.50                      
   ARG1512 D    13.95      12.50                      
   ARG1583 D    12.22      12.50                      
   ARG1623 D    11.20      12.50                      
   ARG1626 D    10.77      12.50                      
   ARG1629 D    13.04      12.50                      
   ARG1632 D    10.18      12.50                      
   ARG1635 D    13.51      12.50                      
   ARG1638 D    11.46      12.50                      
   ARG1644 D    12.25      12.50                      
   ARG1739 D    12.51      12.50                      
   ARG1826 D    13.97      12.50                      
   ARG1847 D    12.48      12.50                      
   ARG1860 D    12.11      12.50                      
   N+   12 A     8.56       8.00                      
   N+   49 B     7.92       8.00                      
   N+  681 C     8.03       8.00                      
   N+ 1162 D     7.62       8.00                      

2026-06-24 14:41:31,517 INFO:main.py:648:non_trivial:PROPKA information:
--------------------------------------------------------------------------------------------------------
Free energy of   folding (kcal/mol) as a function of pH (using neutral reference)
  0.00     79.74
  1.00     79.19
  2.00     75.64
  3.00     61.40
  4.00     38.62
  5.00     31.17
  6.00     30.47
  7.00     28.67
  8.00     29.84
  9.00     39.30
 10.00     68.82
 11.00    118.21
 12.00    156.73
 13.00    178.05
 14.00    193.46

The pH of optimum stability is  7.2 for which the free energy is   28.6 kcal/mol at 298K
Could not determine pH values where the free energy is within 80 % of minimum
Could not determine the pH-range where the free energy is negative


Protein charge of folded and unfolded state as a function of pH
    pH  unfolded  folded
  0.00    139.99  139.87
  0.10    139.98  139.84
  0.20    139.98  139.80
  0.30    139.97  139.75
  0.40    139.96  139.69
  0.50    139.96  139.61
  0.60    139.94  139.52
  0.70    139.93  139.41
  0.80    139.91  139.27
  0.90    139.89  139.11
  1.00    139.86  138.91
  1.10    139.82  138.68
  1.20    139.78  138.39
  1.30    139.72  138.06
  1.40    139.65  137.67
  1.50    139.56  137.20
  1.60    139.44  136.65
  1.70    139.30  136.00
  1.80    139.12  135.25
  1.90    138.90  134.36
  2.00    138.62  133.33
  2.10    138.27  132.14
  2.20    137.84  130.77
  2.30    137.30  129.21
  2.40    136.63  127.45
  2.50    135.81  125.48
  2.60    134.81  123.28
  2.70    133.59  120.84
  2.80    132.11  118.18
  2.90    130.32  115.27
  3.00    128.20  112.14
  3.10    125.69  108.78
  3.20    122.76  105.19
  3.30    119.37  101.40
  3.40    115.51   97.40
  3.50    111.17   93.23
  3.60    106.36   88.88
  3.70    101.11   84.40
  3.80     95.46   79.79
  3.90     89.49   75.08
  4.00     83.27   70.31
  4.10     76.87   65.49
  4.20     70.39   60.67
  4.30     63.91   55.87
  4.40     57.54   51.13
  4.50     51.36   46.49
  4.60     45.48   41.98
  4.70     39.96   37.64
  4.80     34.89   33.51
  4.90     30.29   29.62
  5.00     26.18   25.99
  5.10     22.57   22.63
  5.20     19.43   19.57
  5.30     16.71   16.78
  5.40     14.36   14.26
  5.50     12.33   11.99
  5.60     10.56    9.94
  5.70      9.00    8.10
  5.80      7.60    6.43
  5.90      6.32    4.91
  6.00      5.11    3.53
  6.10      3.95    2.25
  6.20      2.83    1.08
  6.30      1.72   -0.01
  6.40      0.64   -1.01
  6.50     -0.43   -1.93
  6.60     -1.46   -2.77
  6.70     -2.45   -3.55
  6.80     -3.40   -4.26
  6.90     -4.29   -4.91
  7.00     -5.14   -5.51
  7.10     -5.93   -6.07
  7.20     -6.68   -6.59
  7.30     -7.40   -7.10
  7.40     -8.12   -7.59
  7.50     -8.84   -8.07
  7.60     -9.58   -8.56
  7.70    -10.38   -9.07
  7.80    -11.24   -9.59
  7.90    -12.18  -10.14
  8.00    -13.24  -10.73
  8.10    -14.43  -11.35
  8.20    -15.77  -12.04
  8.30    -17.30  -12.78
  8.40    -19.03  -13.61
  8.50    -20.98  -14.54
  8.60    -23.18  -15.58
  8.70    -25.64  -16.75
  8.80    -28.36  -18.07
  8.90    -31.34  -19.57
  9.00    -34.58  -21.25
  9.10    -38.09  -23.14
  9.20    -41.85  -25.26
  9.30    -45.87  -27.62
  9.40    -50.17  -30.24
  9.50    -54.76  -33.15
  9.60    -59.67  -36.34
  9.70    -64.90  -39.84
  9.80    -70.46  -43.63
  9.90    -76.34  -47.73
 10.00    -82.49  -52.10
 10.10    -88.86  -56.73
 10.20    -95.37  -61.59
 10.30   -101.93  -66.64
 10.40   -108.42  -71.83
 10.50   -114.76  -77.13
 10.60   -120.82  -82.48
 10.70   -126.54  -87.87
 10.80   -131.84  -93.24
 10.90   -136.68  -98.59
 11.00   -141.07 -103.87
 11.10   -145.02 -109.09
 11.20   -148.58 -114.23
 11.30   -151.79 -119.27
 11.40   -154.73 -124.22
 11.50   -157.48 -129.07
 11.60   -160.12 -133.82
 11.70   -162.72 -138.48
 11.80   -165.35 -143.04
 11.90   -168.06 -147.50
 12.00   -170.91 -151.88
 12.10   -173.92 -156.15
 12.20   -177.08 -160.32
 12.30   -180.37 -164.36
 12.40   -183.76 -168.27
 12.50   -187.18 -172.02
 12.60   -190.56 -175.60
 12.70   -193.82 -179.00
 12.80   -196.89 -182.20
 12.90   -199.73 -185.20
 13.00   -202.29 -188.00
 13.10   -204.55 -190.61
 13.20   -206.52 -193.03
 13.30   -208.21 -195.28
 13.40   -209.63 -197.36
 13.50   -210.83 -199.28
 13.60   -211.81 -201.05
 13.70   -212.62 -202.68
 13.80   -213.29 -204.16
 13.90   -213.82 -205.50
 14.00   -214.26 -206.72
The pI is  6.30 (folded) and  6.46 (unfolded)

--------------------------------------------------------------------------------------------------------
2026-06-24 14:41:31,517 INFO:biomolecule.py:797:apply_pka_values:Applying pKa values at a pH of 7.40:
2026-06-24 14:41:31,519 INFO:main.py:661:non_trivial:Adding hydrogens to biomolecule.
2026-06-24 14:41:32,021 INFO:main.py:664:non_trivial:Debumping biomolecule (again).
2026-06-24 14:41:32,603 INFO:main.py:666:non_trivial:Optimizing hydrogen bonds
2026-06-24 14:41:33,712 INFO:main.py:678:non_trivial:Applying force field to biomolecule states.
2026-06-24 14:41:33,719 INFO:main.py:725:non_trivial:Regenerating headers.
2026-06-24 14:41:33,720 INFO:main.py:750:non_trivial:Regenerating PDB lines.
2026-06-24 14:41:33,763 WARNING:main.py:326:print_pqr:Ignoring 466 header lines in output.
2026-06-24 15:26:53,248 INFO:main.py:246:print_splash_screen:PDB2PQR v3.7.1: biomolecular structure conversion software.
2026-06-24 15:26:53,251 INFO:main.py:248:print_splash_screen:Please cite:  Jurrus E, et al.  Improvements to the APBS biomolecular solvation software suite.  Protein Sci 27 112-128 (2018).
2026-06-24 15:26:53,251 INFO:main.py:248:print_splash_screen:Please cite:  Dolinsky TJ, et al.  PDB2PQR: expanding and upgrading automated preparation of biomolecular structures for molecular simulations. Nucleic Acids Res 35 W522-W525 (2007).
2026-06-24 15:26:53,251 INFO:main.py:770:main_driver:Checking and transforming input arguments.
2026-06-24 15:26:53,251 INFO:main.py:774:main_driver:Loading topology files.
2026-06-24 15:26:53,272 INFO:main.py:776:main_driver:Loading molecule: /home/yagmur/Desktop/bioinformatics_master/07_binding_site_analysis/katman0/electrostatics/apoWT_prot.pdb
2026-06-24 15:26:53,273 ERROR:pdb.py:2587:read_pdb:Error parsing line: invalid literal for int() with base 10: ''
2026-06-24 15:26:53,273 ERROR:pdb.py:2588:read_pdb:<REMARK     1 CREATED WITH MDTraj 1.10.3, 2026-06-15>
2026-06-24 15:26:53,273 ERROR:pdb.py:2589:read_pdb:Truncating remaining errors for record type:REMARK
2026-06-24 15:26:53,312 WARNING:io.py:474:get_molecule:Warning: /home/yagmur/Desktop/bioinformatics_master/07_binding_site_analysis/katman0/electrostatics/apoWT_prot.pdb is a non-standard PDB file.

2026-06-24 15:26:53,312 ERROR:io.py:475:get_molecule:['REMARK']
2026-06-24 15:26:53,312 INFO:main.py:781:main_driver:Setting up molecule.
2026-06-24 15:26:53,341 INFO:main.py:423:setup_molecule:Created biomolecule object with 1395 residues and 22590 atoms.
2026-06-24 15:26:53,342 INFO:main.py:785:main_driver:Setting termini states for biomolecule chains.
2026-06-24 15:26:53,358 INFO:main.py:616:non_trivial:Loading forcefield.
2026-06-24 15:26:53,360 INFO:main.py:620:non_trivial:Loading hydrogen topology definitions.
2026-06-24 15:26:53,364 INFO:main.py:474:is_repairable:This biomolecule is clean.  No repair needed.
2026-06-24 15:26:53,364 INFO:main.py:635:non_trivial:Updating disulfide bridges.
2026-06-24 15:26:53,366 INFO:main.py:638:non_trivial:Debumping biomolecule.
2026-06-24 15:26:53,543 INFO:main.py:645:non_trivial:Assigning titration states with PROPKA.
2026-06-24 15:26:53,571 INFO:output.py:74:print_header:
propka3.5.1                                                                                  2026-06-24

-------------------------------------------------------------------------------
--                                                                           --
--  PROPKA: A PROTEIN PKA PREDICTOR                                          --
--                                                                           --
--  VERSION 1.0,  04/25/2004,  IOWA CITY                                     --
--  BY HUI LI                                                                --
--                                                                           --
--  VERSION 2.0,  11/05/2007, IOWA CITY/COPENHAGEN                           --
--  BY DELPHINE C. BAS AND DAVID M. ROGERS                                   --
--                                                                           --
--  VERSION 3.0,  01/06/2011, COPENHAGEN                                     --
--  BY MATS H.M. OLSSON AND CHRESTEN R. SONDERGARD                           --
--                                                                           --
--  VERSION 3.1,  07/01/2011, COPENHAGEN                                     --
--  BY CHRESTEN R. SONDERGARD AND MATS H.M. OLSSON                           --
--                                                                           --
--  VERSION 3.2,  06/17/2020, PLANET EARTH                                   --
--  SEE ABOVE FOR AUTHORS                                                    --
--                                                                           --
-------------------------------------------------------------------------------


-------------------------------------------------------------------------------
References:

Very Fast Empirical Prediction and Rationalization of Protein pKa Values.
Hui Li, Andrew D. Robertson and Jan H. Jensen. PROTEINS: Structure, Function,
and Bioinformatics. 61:704-721 (2005)

Very Fast Prediction and Rationalization of pKa Values for Protein-Ligand
Complexes.  Delphine C. Bas, David M. Rogers and Jan H. Jensen.  PROTEINS:
Structure, Function, and Bioinformatics 73:765-783 (2008)

PROPKA3: Consistent Treatment of Internal and Surface Residues in Empirical
pKa predictions.  Mats H.M. Olsson, Chresten R. Sondergard, Michal Rostkowski,
and Jan H. Jensen.  Journal of Chemical Theory and Computation, 7(2):525-537
(2011)

Improved Treatment of Ligands and Coupling Effects in Empirical Calculation
and Rationalization of pKa Values.  Chresten R. Sondergaard, Mats H.M. Olsson,
Michal Rostkowski, and Jan H. Jensen.  Journal of Chemical Theory and
Computation, (2011)
-------------------------------------------------------------------------------



2026-06-24 15:26:53,752 INFO:conformation_container.py:124:find_covalently_coupled_groups:Coupling map:
Covalent coupling map for Conformation container 1A with 13126 atoms and 3377 groups
            N+  681 C | HIS 681 C | 
N+  681 C             |     X     | 
HIS 681 C       X     |           | 
2026-06-24 15:26:53,752 INFO:conformation_container.py:213:calculate_pka:Calculating pKas for Conformation container 1A with 13126 atoms and 3377 groups
2026-06-24 15:26:56,232 INFO:conformation_container.py:235:calculate_pka:Removing penalised groups!!!
2026-06-24 15:26:56,396 INFO:output.py:225:print_pka_section:pKa determinants:

---------  -----   ------   ---------------------    --------------    --------------    --------------
                            DESOLVATION  EFFECTS       SIDECHAIN          BACKBONE        COULOMBIC
 RESIDUE    pKa    BURIED     REGULAR      RE        HYDROGEN BOND     HYDROGEN BOND      INTERACTION
---------  -----   ------   ---------   ---------    --------------    --------------    --------------

GLU  19 A   4.56     0 %    0.07  109   0.00    0    0.00 XXX   0 X    0.00 XXX   0 X   -0.01 ARG  18 A

GLU  25 A   2.61    33 %    1.12  374   0.08    0   -0.80 ASN 109 B    0.00 XXX   0 X   -0.07 ARG  14 A
GLU  25 A                                           -1.67 ARG  34 A    0.00 XXX   0 X   -0.05 ARG 122 B
GLU  25 A                                            0.00 XXX   0 X    0.00 XXX   0 X   -0.50 ARG  34 A

GLU  30 A   3.81     0 %    0.16  129   0.00    0   -0.85 LYS  26 A    0.00 XXX   0 X    0.00 XXX   0 X

C-   37 A   3.28     0 %    0.08   58   0.00    0    0.00 XXX   0 X    0.00 XXX   0 X    0.00 XXX   0 X

LYS  26 A  11.15     0 %   -0.20  138   0.00    0    0.85 GLU  30 A    0.00 XXX   0 X    0.00 XXX   0 X

LYS  31 A  10.37     0 %   -0.09  111   0.00    0    0.00 XXX   0 X    0.00 XXX   0 X   -0.04 ARG  27 A

ARG  14 A  11.30    31 %   -0.92  368   0.00    0    0.00 XXX   0 X    0.00 XXX   0 X    0.07 GLU  25 A
ARG  14 A                                            0.00 XXX   0 X    0.00 XXX   0 X    0.00 GLU  78 B
ARG  14 A                                            0.00 XXX   0 X    0.00 XXX   0 X    0.19 GLU  81 B
ARG  14 A                                            0.00 XXX   0 X    0.00 XXX   0 X   -0.03 ARG  15 A
ARG  14 A                                            0.00 XXX   0 X    0.00 XXX   0 X   -0.52 ARG 122 B

ARG  15 A  12.30     0 %   -0.26  227   0.00    0    0.00 XXX   0 X    0.00 XXX   0 X    0.06 GLU  78 B

ARG  18 A  12.26     0 %   -0.26  179   0.00    0    0.00 XXX   0 X    0.00 XXX   0 X    0.01 GLU  19 A

ARG  27 A  12.28     0 %   -0.26  212   0.00    0    0.00 XXX   0 X    0.00 XXX   0 X    0.07 ASP  82 B
ARG  27 A                                            0.00 XXX   0 X    0.00 XXX   0 X    0.00 TYR  87 B
ARG  27 A                                            0.00 XXX   0 X    0.00 XXX   0 X   -0.04 ARG  34 A

ARG  34 A  13.67    24 %   -1.00  348   0.00    0    1.67 GLU  25 A    0.00 XXX   0 X    0.00 ASP  82 B
ARG  34 A                                            0.00 XXX   0 X    0.00 XXX   0 X    0.50 GLU  25 A

N+   12 A   8.56     0 %   -0.51  264   0.00    0    0.85 GLU  78 B    0.00 XXX   0 X   -0.06 ARG  15 A
N+   12 A                                            0.00 XXX   0 X    0.00 XXX   0 X    0.06 GLU  74 B
N+   12 A                                            0.00 XXX   0 X    0.00 XXX   0 X    0.10 GLU  81 B
N+   12 A                                            0.00 XXX   0 X    0.00 XXX   0 X   -0.00 ARG 122 B
N+   12 A                                            0.00 XXX   0 X    0.00 XXX   0 X   -0.28 LYS 126 B
N+   12 A                                            0.00 XXX   0 X    0.00 XXX   0 X    0.39 GLU  78 B

ASP  57 B   2.17     8 %    0.59  305   0.01    0   -0.62 ARG  53 B    0.00 XXX   0 X   -0.08 ARG 104 B
ASP  57 B                                           -0.85 LYS  91 B    0.00 XXX   0 X   -0.27 ARG  53 B
ASP  57 B                                            0.00 XXX   0 X    0.00 XXX   0 X   -0.41 LYS  91 B

ASP  66 B   2.68     0 %    0.32  201   0.00    0   -0.85 LYS 430 B    0.00 XXX   0 X   -0.03 LYS  63 B
ASP  66 B                                            0.00 XXX   0 X    0.00 XXX   0 X   -0.17 LYS 100 B
ASP  66 B                                            0.00 XXX   0 X    0.00 XXX   0 X   -0.38 LYS 430 B

ASP  82 B   4.10    14 %    0.37  321   0.00    0    0.00 XXX   0 X    0.00 XXX   0 X   -0.07 ARG  27 A
ASP  82 B                                            0.00 XXX   0 X    0.00 XXX   0 X   -0.00 ARG  34 A
ASP  82 B                                            0.00 XXX   0 X    0.00 XXX   0 X   -0.01 ARG 122 B
ASP  82 B                                            0.00 XXX   0 X    0.00 XXX   0 X    0.01 ASP  84 B

ASP  84 B   3.22    48 %    1.64  417   0.23    0   -1.64 ARG 104 B    0.00 XXX   0 X   -0.03 LYS  91 B
ASP  84 B                                            0.00 XXX   0 X    0.00 XXX   0 X   -0.15 ARG 433 B
ASP  84 B                                            0.00 XXX   0 X    0.00 XXX   0 X    0.04 ASP  57 B
ASP  84 B                                            0.00 XXX   0 X    0.00 XXX   0 X   -0.68 ARG 104 B

ASP 152 B   3.67     0 %    0.18  236   0.00    0    0.00 XXX   0 X    0.00 XXX   0 X   -0.04 ARG 219 B
ASP 152 B                                            0.00 XXX   0 X    0.00 XXX   0 X   -0.20 LYS 863 C
ASP 152 B                                            0.00 XXX   0 X    0.00 XXX   0 X   -0.07 HIS 151 B

ASP 191 B   4.83    26 %    0.85  355   0.37    0    0.00 XXX   0 X    0.00 XXX   0 X   -0.05 LYS 175 B
ASP 191 B                                            0.00 XXX   0 X    0.00 XXX   0 X   -0.14 ARG 179 B
ASP 191 B                                            0.00 XXX   0 X    0.00 XXX   0 X   -0.00 ARG 190 B

ASP 197 B   4.83    80 %    2.28  506   0.73    0   -0.85 LYS 228 B    0.00 XXX   0 X   -0.01 ARG 225 B
ASP 197 B                                            0.00 XXX   0 X    0.00 XXX   0 X    0.96 GLU 171 B
ASP 197 B                                            0.00 XXX   0 X    0.00 XXX   0 X   -0.78 LYS 175 B
ASP 197 B                                            0.00 XXX   0 X    0.00 XXX   0 X   -1.29 LYS 228 B

ASP 211 B   3.90     0 %    0.12  125   0.00    0    0.00 XXX   0 X    0.00 XXX   0 X   -0.02 LYS 158 B

ASP 252 B   4.10    10 %    0.48  309   0.04    0    0.00 XXX   0 X    0.00 XXX   0 X   -0.19 LYS1641 D
ASP 252 B                                            0.00 XXX   0 X    0.00 XXX   0 X   -0.02 ARG1644 D

ASP 297 B   3.40     0 %    0.26  239   0.00    0   -0.38 ARG 282 B   -0.04 ASP 297 B   -0.24 ARG 282 B

ASP 305 B   3.99     0 %    0.19  254   0.00    0    0.00 XXX   0 X    0.00 XXX   0 X    0.00 XXX   0 X

ASP 310 B   4.03     0 %    0.45  273   0.00    0    0.00 XXX   0 X   -0.22 GLU 312 B    0.00 XXX   0 X

ASP 322 B   1.25    25 %    1.03  351   0.10    0   -0.85 LYS 317 B   -0.20 VAL 323 B   -0.03 LYS 279 B
ASP 322 B                                           -1.60 ARG 376 B    0.00 XXX   0 X   -0.46 LYS 317 B
ASP 322 B                                            0.00 XXX   0 X    0.00 XXX   0 X   -0.54 ARG 376 B

ASP 331 B   3.98     0 %    0.18  227   0.00    0    0.00 XXX   0 X   -0.00 ASP 331 B    0.00 XXX   0 X

ASP 349 B   2.87    70 %    1.70  478   0.00    0   -0.80 THR 353 B    0.00 XXX   0 X   -0.19 ARG 376 B
ASP 349 B                                           -0.73 ARG 367 B    0.00 XXX   0 X   -0.11 HIS 350 B
ASP 349 B                                            0.00 XXX   0 X    0.00 XXX   0 X   -0.79 ARG 367 B

ASP 356 B   4.98    62 %    1.84  455   0.08    0    0.00 XXX   0 X   -0.77 GLY 274 B   -0.19 ARG 277 B
ASP 356 B                                            0.00 XXX   0 X    0.00 XXX   0 X   -0.16 LYS 343 B
ASP 356 B                                            0.00 XXX   0 X    0.00 XXX   0 X   -0.05 ARG1623 D
ASP 356 B                                            0.00 XXX   0 X    0.00 XXX   0 X   -0.06 HIS 278 B
ASP 356 B                                            0.00 XXX   0 X    0.00 XXX   0 X    0.42 ASP1550 D
ASP 356 B                                            0.00 XXX   0 X    0.00 XXX   0 X    0.07 ASP1551 D

ASP 372 B   4.23    88 %    3.21  528   0.47    0   -0.55 CYS 373 B   -0.22 CYS 373 B   -0.32 ARG 367 B
ASP 372 B                                            0.00 XXX   0 X   -0.83 TRP 899 C   -0.45 ARG 893 C
ASP 372 B                                            0.00 XXX   0 X   -0.77 ILE 900 C   -0.11 LYS1419 D
ASP 372 B                                            0.00 XXX   0 X    0.00 XXX   0 X    0.02 GLU 375 B

GLU  49 B   4.54     0 %    0.04   87   0.00    0    0.00 XXX   0 X    0.00 XXX   0 X    0.00 XXX   0 X

GLU  50 B   4.54     0 %    0.04   46   0.00    0    0.00 XXX   0 X    0.00 XXX   0 X    0.00 XXX   0 X

GLU  74 B   4.53     0 %    0.09  116   0.00    0    0.00 XXX   0 X    0.00 XXX   0 X   -0.06 N+   12 A
GLU  74 B                                            0.00 XXX   0 X    0.00 XXX   0 X   -0.00 LYS 126 B

GLU  78 B   2.91    13 %    0.98  318   0.08    0   -0.85 N+   12 A    0.00 XXX   0 X   -0.00 ARG  14 A
GLU  78 B                                           -0.85 LYS 126 B    0.00 XXX   0 X   -0.06 ARG  15 A
GLU  78 B                                            0.00 XXX   0 X    0.00 XXX   0 X   -0.08 ARG 122 B
GLU  78 B                                            0.00 XXX   0 X    0.00 XXX   0 X   -0.39 N+   12 A
GLU  78 B                                            0.00 XXX   0 X    0.00 XXX   0 X   -0.42 LYS 126 B

GLU  81 B   4.65    42 %    0.67  399   0.09    0   -0.18 ARG 122 B    0.00 XXX   0 X   -0.10 N+   12 A
GLU  81 B                                            0.00 XXX   0 X    0.00 XXX   0 X   -0.19 ARG  14 A
GLU  81 B                                            0.00 XXX   0 X    0.00 XXX   0 X    0.14 GLU  78 B
GLU  81 B                                            0.00 XXX   0 X    0.00 XXX   0 X    0.16 ASP  82 B
GLU  81 B                                            0.00 XXX   0 X    0.00 XXX   0 X   -0.43 ARG 122 B

GLU 161 B   4.14    50 %    1.34  422   0.31    0   -0.76 ARG 222 B    0.00 XXX   0 X   -0.24 LYS 158 B
GLU 161 B                                            0.00 XXX   0 X    0.00 XXX   0 X   -0.23 ARG 219 B
GLU 161 B                                            0.00 XXX   0 X    0.00 XXX   0 X   -0.23 ARG 225 B
GLU 161 B                                            0.00 XXX   0 X    0.00 XXX   0 X    0.19 GLU 208 B
GLU 161 B                                            0.00 XXX   0 X    0.00 XXX   0 X   -0.73 ARG 222 B

GLU 171 B   2.82    92 %    2.74  540   0.30    0   -0.85 LYS 175 B    0.00 XXX   0 X   -1.48 LYS 175 B
GLU 171 B                                           -0.85 LYS 228 B    0.00 XXX   0 X   -1.55 LYS 228 B

GLU 208 B   3.23     2 %    0.57  288   0.01    0   -0.85 LYS 158 B    0.00 XXX   0 X   -0.05 ARG 222 B
GLU 208 B                                           -0.56 TYR 162 B    0.00 XXX   0 X   -0.39 LYS 158 B

GLU 295 B   4.77     0 %    0.25  167   0.00    0    0.00 XXX   0 X    0.00 XXX   0 X    0.02 ASP 297 B

GLU 302 B   4.57     0 %    0.07  139   0.00    0    0.00 XXX   0 X    0.00 XXX   0 X    0.00 XXX   0 X

GLU 312 B   4.79     0 %    0.12  182   0.00    0    0.00 XXX   0 X    0.00 XXX   0 X   -0.01 ARG 282 B
GLU 312 B                                            0.00 XXX   0 X    0.00 XXX   0 X    0.17 ASP 310 B

GLU 337 B   4.30     0 %    0.14  138   0.00    0    0.00 XXX   0 X   -0.34 GLU 337 B    0.00 XXX   0 X

GLU 346 B   4.56     0 %    0.12  226   0.00    0    0.00 XXX   0 X    0.00 XXX   0 X   -0.01 ARG 277 B
GLU 346 B                                            0.00 XXX   0 X    0.00 XXX   0 X   -0.02 LYS 279 B
GLU 346 B                                            0.00 XXX   0 X    0.00 XXX   0 X   -0.03 HIS 350 B

GLU 375 B   4.17    68 %    1.42  472   0.00    0   -0.85 LYS1419 D    0.00 XXX   0 X   -0.90 LYS1419 D

GLU 417 B   4.80     5 %    0.25  295   0.02    0    0.00 XXX   0 X    0.00 XXX   0 X   -0.00 LYS 249 B
GLU 417 B                                            0.00 XXX   0 X    0.00 XXX   0 X    0.03 GLU 418 B

GLU 418 B   3.63     4 %    0.39  292   0.01    0   -0.85 LYS 249 B    0.00 XXX   0 X   -0.42 LYS 249 B

GLU 426 B   3.94     0 %    0.39  271   0.00    0   -0.85 LYS  62 B    0.00 XXX   0 X   -0.04 LYS  63 B
GLU 426 B                                            0.00 XXX   0 X    0.00 XXX   0 X    0.32 GLU 429 B
GLU 426 B                                            0.00 XXX   0 X    0.00 XXX   0 X   -0.38 LYS  62 B

GLU 428 B   4.49     0 %    0.11  145   0.00    0    0.00 XXX   0 X    0.00 XXX   0 X   -0.04 LYS  63 B
GLU 428 B                                            0.00 XXX   0 X    0.00 XXX   0 X   -0.12 LYS 430 B
GLU 428 B                                            0.00 XXX   0 X    0.00 XXX   0 X    0.05 ASP  66 B

GLU 429 B   3.55     0 %    0.28  207   0.00    0   -0.85 LYS  62 B    0.00 XXX   0 X   -0.00 LYS 430 B
GLU 429 B                                            0.00 XXX   0 X    0.00 XXX   0 X   -0.38 LYS  62 B

GLU 431 B   4.05    47 %    1.45  414   0.10    0   -1.49 ARG 104 B    0.00 XXX   0 X   -0.03 ARG  53 B
GLU 431 B                                            0.00 XXX   0 X    0.00 XXX   0 X   -0.14 ARG 433 B
GLU 431 B                                            0.00 XXX   0 X    0.00 XXX   0 X    0.02 ASP  57 B
GLU 431 B                                            0.00 XXX   0 X    0.00 XXX   0 X    0.28 ASP  84 B
GLU 431 B                                            0.00 XXX   0 X    0.00 XXX   0 X    0.03 C-  433 B
GLU 431 B                                            0.00 XXX   0 X    0.00 XXX   0 X   -0.67 ARG 104 B

C-  433 B   2.03     0 %    0.30  195   0.00    0   -0.85 LYS 432 B    0.00 XXX   0 X   -0.24 ARG 433 B
C-  433 B                                            0.00 XXX   0 X    0.00 XXX   0 X   -0.38 LYS 432 B

HIS 118 B   5.88     0 %   -0.35  230   0.00    0    0.00 XXX   0 X    0.00 XXX   0 X   -0.01 ARG  14 A
HIS 118 B                                            0.00 XXX   0 X    0.00 XXX   0 X   -0.26 ARG  18 A

HIS 130 B   6.40    12 %   -0.43  314   0.00    0    0.00 XXX   0 X    0.43 LYS 126 B   -0.10 LYS 126 B

HIS 151 B   6.38     0 %   -0.14  188   0.00    0    0.00 XXX   0 X    0.00 XXX   0 X   -0.05 LYS 863 C
HIS 151 B                                            0.00 XXX   0 X    0.00 XXX   0 X    0.07 ASP 152 B

HIS 184 B   6.14    15 %   -0.68  323   0.00    0    0.00 XXX   0 X    0.43 ALA 185 B   -0.03 ARG 121 B
HIS 184 B                                            0.00 XXX   0 X    0.00 XXX   0 X   -0.08 ARG 190 B

HIS 278 B   5.18    54 %   -1.71  433   0.00    0    0.00 XXX   0 X    0.11 GLY 274 B   -0.06 ARG 277 B
HIS 278 B                                            0.00 XXX   0 X    0.40 ASN 275 B   -0.05 LYS 279 B
HIS 278 B                                            0.00 XXX   0 X    0.00 XXX   0 X   -0.25 LYS 343 B
HIS 278 B                                            0.00 XXX   0 X    0.00 XXX   0 X   -0.01 ARG1623 D
HIS 278 B                                            0.00 XXX   0 X    0.00 XXX   0 X    0.06 ASP 356 B
HIS 278 B                                            0.00 XXX   0 X    0.00 XXX   0 X    0.14 ASP1550 D
HIS 278 B                                            0.00 XXX   0 X    0.00 XXX   0 X    0.05 ASP1551 D

HIS 350 B   6.45     8 %   -0.36  303   0.00    0    0.00 XXX   0 X    0.00 XXX   0 X    0.03 GLU 346 B
HIS 350 B                                            0.00 XXX   0 X    0.00 XXX   0 X    0.11 ASP 349 B
HIS 350 B                                            0.00 XXX   0 X    0.00 XXX   0 X    0.04 ASP 905 C
HIS 350 B                                            0.00 XXX   0 X    0.00 XXX   0 X    0.12 GLU 908 C

CYS 139 B   8.93     0 %    0.28  248   0.00    0   -0.35 THR 143 B    0.00 XXX   0 X    0.00 XXX   0 X

CYS 145 B  11.73    80 %    2.92  504   0.00    0    0.00 XXX   0 X   -0.07 CYS 145 B   -0.12 ARG 225 B

CYS 182 B   9.22     0 %    0.42  227   0.00    0   -0.02 ARG 190 B    0.00 XXX   0 X   -0.18 ARG 190 B

CYS 260 B  11.60    88 %    2.60  527   0.00    0    0.00 XXX   0 X    0.00 XXX   0 X    0.00 XXX   0 X

CYS 280 B  12.40*   40 %    1.81  394   0.00    0    0.16 CYS 326 B   -0.01 VAL 281 B    0.44 CYS 326 B
CYS 280 B                                            0.34 CYS 335 B    0.00 XXX   0 X    0.18 CYS 341 B
CYS 280 B                                            0.00 XXX   0 X    0.00 XXX   0 X    0.48 CYS 335 B

CYS 326 B  11.27*   38 %    1.26  389   0.00    0   -0.16 CYS 280 B    0.00 XXX   0 X   -0.11 ARG 383 B
CYS 326 B                                            0.42 CYS 335 B    0.00 XXX   0 X    0.34 CYS 341 B
CYS 326 B                                            0.00 XXX   0 X    0.00 XXX   0 X    0.51 CYS 335 B

CYS 335 B   9.25*   24 %    1.09  348   0.00    0   -0.02 SER 330 B   -0.03 CYS 341 B   -0.04 ARG 340 B
CYS 335 B                                           -0.34 CYS 280 B    0.00 XXX   0 X    0.01 GLU 337 B
CYS 335 B                                           -0.42 CYS 326 B    0.00 XXX   0 X    0.00 XXX   0 X

CYS 341 B  10.85    52 %    2.15  428   0.00    0   -0.56 SER 330 B    0.00 XXX   0 X   -0.02 LYS 279 B
CYS 341 B                                            0.00 XXX   0 X    0.00 XXX   0 X   -0.04 ARG 340 B
CYS 341 B                                            0.00 XXX   0 X    0.00 XXX   0 X   -0.01 LYS 343 B
CYS 341 B                                            0.00 XXX   0 X    0.00 XXX   0 X    0.32 CYS 335 B

CYS 373 B  13.22    82 %    2.22  510   0.00    0    0.55 ASP 372 B   -0.03 GLU 901 C   -0.64 ARG 367 B
CYS 373 B                                            0.00 XXX   0 X    0.00 XXX   0 X   -0.34 ARG 893 C
CYS 373 B                                            0.00 XXX   0 X    0.00 XXX   0 X   -0.13 LYS1419 D
CYS 373 B                                            0.00 XXX   0 X    0.00 XXX   0 X    0.18 ASP 349 B
CYS 373 B                                            0.00 XXX   0 X    0.00 XXX   0 X    0.16 GLU 375 B
CYS 373 B                                            0.00 XXX   0 X    0.00 XXX   0 X    0.36 GLU 898 C
CYS 373 B                                            0.00 XXX   0 X    0.00 XXX   0 X    1.24 ASP 372 B
CYS 373 B                                            0.00 XXX   0 X    0.00 XXX   0 X    0.63 GLU 901 C

TYR  68 B  10.16     0 %    0.20  199   0.00    0    0.00 XXX   0 X    0.00 XXX   0 X   -0.17 ARG 433 B
TYR  68 B                                            0.00 XXX   0 X    0.00 XXX   0 X    0.15 C-  433 B
TYR  68 B                                            0.00 XXX   0 X    0.00 XXX   0 X   -0.02 LYS 432 B

TYR  87 B  10.35     0 %    0.35  164   0.00    0    0.00 XXX   0 X    0.00 XXX   0 X   -0.00 ARG  27 A

TYR 112 B  10.04     0 %    0.04   49   0.00    0    0.00 XXX   0 X    0.00 XXX   0 X    0.00 XXX   0 X

TYR 159 B  10.09     0 %    0.09  119   0.00    0    0.00 XXX   0 X    0.00 XXX   0 X    0.00 XXX   0 X

TYR 162 B  11.27     0 %    0.42  233   0.00    0    0.56 GLU 208 B    0.00 XXX   0 X    0.08 GLU 161 B
TYR 162 B                                            0.00 XXX   0 X    0.00 XXX   0 X   -0.29 LYS 158 B
TYR 162 B                                            0.00 XXX   0 X    0.00 XXX   0 X    0.13 TYR 159 B
TYR 162 B                                            0.00 XXX   0 X    0.00 XXX   0 X    0.38 GLU 208 B

TYR 168 B  12.94    80 %    2.77  504   0.00    0    0.00 XXX   0 X    0.00 XXX   0 X    0.44 CYS 145 B
TYR 168 B                                            0.00 XXX   0 X    0.00 XXX   0 X    0.16 GLU 171 B
TYR 168 B                                            0.00 XXX   0 X    0.00 XXX   0 X    0.14 ASP 197 B
TYR 168 B                                            0.00 XXX   0 X    0.00 XXX   0 X   -0.57 ARG 225 B

TYR 205 B   9.65     8 %    0.50  305   0.00    0   -0.85 THR 169 B    0.00 XXX   0 X    0.00 XXX   0 X

TYR 307 B  11.46    23 %    1.43  345   0.00    0    0.00 XXX   0 X    0.00 XXX   0 X   -0.14 ARG 282 B
TYR 307 B                                            0.00 XXX   0 X    0.00 XXX   0 X    0.14 ASP 297 B
TYR 307 B                                            0.00 XXX   0 X    0.00 XXX   0 X    0.02 ASP 310 B
TYR 307 B                                            0.00 XXX   0 X    0.00 XXX   0 X   -0.05 ARG 340 B
TYR 307 B                                            0.00 XXX   0 X    0.00 XXX   0 X    0.05 TYR 339 B

TYR 314 B  11.28    33 %    1.28  375   0.00    0    0.00 XXX   0 X    0.00 XXX   0 X   -0.05 ARG 277 B
TYR 314 B                                            0.00 XXX   0 X    0.00 XXX   0 X    0.04 ASP 310 B
TYR 314 B                                            0.00 XXX   0 X    0.00 XXX   0 X    0.02 GLU 346 B

TYR 339 B  10.25     2 %    0.46  288   0.00    0    0.00 XXX   0 X    0.00 XXX   0 X    0.07 CYS 280 B
TYR 339 B                                            0.00 XXX   0 X    0.00 XXX   0 X   -0.34 ARG 282 B
TYR 339 B                                            0.00 XXX   0 X    0.00 XXX   0 X    0.05 ASP 297 B
TYR 339 B                                            0.00 XXX   0 X    0.00 XXX   0 X    0.01 GLU 312 B

TYR 352 B  10.77     8 %    0.59  303   0.00    0    0.00 XXX   0 X    0.00 XXX   0 X    0.00 ASP 905 C
TYR 352 B                                            0.00 XXX   0 X    0.00 XXX   0 X    0.09 GLU 908 C
TYR 352 B                                            0.00 XXX   0 X    0.00 XXX   0 X    0.08 CYS 915 C

TYR 378 B  13.03    77 %    2.95  497   0.00    0   -0.00 GLN1706 D    0.00 XXX   0 X    0.07 CYS1703 D

TYR 389 B  10.52    40 %    1.55  393   0.00    0   -0.85 THR1620 D    0.00 XXX   0 X   -0.19 ARG1623 D

TYR 403 B  13.41    88 %    3.16  529   0.00    0    0.00 XXX   0 X    0.00 XXX   0 X    0.26 CYS 260 B

TYR 416 B  11.31    58 %    1.31  445   0.00    0    0.00 XXX   0 X    0.00 XXX   0 X    0.00 XXX   0 X

LYS  62 B  12.41     0 %   -0.55  265   0.00    0    0.85 GLU 426 B    0.00 XXX   0 X    0.38 GLU 426 B
LYS  62 B                                            0.85 GLU 429 B    0.00 XXX   0 X    0.38 GLU 429 B

LYS  63 B  10.13     0 %   -0.39  244   0.00    0    0.00 XXX   0 X    0.00 XXX   0 X    0.03 ASP  66 B
LYS  63 B                                            0.00 XXX   0 X    0.00 XXX   0 X    0.04 GLU 426 B
LYS  63 B                                            0.00 XXX   0 X    0.00 XXX   0 X    0.04 GLU 428 B
LYS  63 B                                            0.00 XXX   0 X    0.00 XXX   0 X   -0.01 LYS  62 B
LYS  63 B                                            0.00 XXX   0 X    0.00 XXX   0 X   -0.03 LYS 100 B
LYS  63 B                                            0.00 XXX   0 X    0.00 XXX   0 X   -0.05 LYS 430 B

LYS  91 B  11.03     8 %   -0.51  305   0.00    0    0.85 ASP  57 B    0.00 XXX   0 X   -0.23 ARG  53 B
LYS  91 B                                            0.00 XXX   0 X    0.00 XXX   0 X    0.03 ASP  84 B
LYS  91 B                                            0.00 XXX   0 X    0.00 XXX   0 X   -0.02 ARG 104 B
LYS  91 B                                            0.00 XXX   0 X    0.00 XXX   0 X   -0.00 ARG 433 B
LYS  91 B                                            0.00 XXX   0 X    0.00 XXX   0 X    0.41 ASP  57 B

LYS  98 B  10.42     0 %   -0.08  196   0.00    0    0.00 XXX   0 X    0.00 XXX   0 X    0.00 XXX   0 X

LYS 100 B  10.38     0 %   -0.25  229   0.00    0    0.00 XXX   0 X    0.00 XXX   0 X    0.17 ASP  66 B
LYS 100 B                                            0.00 XXX   0 X    0.00 XXX   0 X   -0.04 LYS 430 B

LYS 126 B  11.07     7 %   -0.60  301   0.00    0    0.85 GLU  78 B    0.00 XXX   0 X   -0.09 ARG  15 A
LYS 126 B                                            0.00 XXX   0 X    0.00 XXX   0 X    0.00 GLU  74 B
LYS 126 B                                            0.00 XXX   0 X    0.00 XXX   0 X    0.42 GLU  78 B

LYS 158 B  11.72     5 %   -0.49  294   0.00    0    0.85 GLU 208 B    0.00 XXX   0 X    0.24 GLU 161 B
LYS 158 B                                            0.00 XXX   0 X    0.00 XXX   0 X    0.02 ASP 211 B
LYS 158 B                                            0.00 XXX   0 X    0.00 XXX   0 X   -0.08 ARG 222 B
LYS 158 B                                            0.00 XXX   0 X    0.00 XXX   0 X    0.29 TYR 162 B
LYS 158 B                                            0.00 XXX   0 X    0.00 XXX   0 X    0.39 GLU 208 B

LYS 175 B   9.87    89 %   -2.55  531   0.00    0    0.85 GLU 171 B    0.00 XXX   0 X   -0.04 ARG 179 B
LYS 175 B                                            0.00 XXX   0 X    0.00 XXX   0 X    0.05 ASP 191 B
LYS 175 B                                            0.00 XXX   0 X    0.00 XXX   0 X   -1.20 LYS 228 B
LYS 175 B                                            0.00 XXX   0 X    0.00 XXX   0 X    1.48 GLU 171 B
LYS 175 B                                            0.00 XXX   0 X    0.00 XXX   0 X    0.78 ASP 197 B

LYS 228 B  12.09    92 %   -2.96  540   0.00    0    0.85 GLU 171 B    0.00 XXX   0 X    1.55 GLU 171 B
LYS 228 B                                            0.85 ASP 197 B    0.00 XXX   0 X    1.29 ASP 197 B

LYS 237 B  10.13    16 %   -0.37  326   0.00    0    0.00 XXX   0 X    0.00 XXX   0 X    0.00 XXX   0 X

LYS 248 B  10.36     0 %   -0.14  162   0.00    0    0.00 XXX   0 X    0.00 XXX   0 X    0.00 XXX   0 X

LYS 249 B  11.07    16 %   -0.76  326   0.00    0    0.85 GLU 418 B    0.00 XXX   0 X    0.00 GLU 417 B
LYS 249 B                                            0.00 XXX   0 X    0.00 XXX   0 X    0.05 GLU1781 D
LYS 249 B                                            0.00 XXX   0 X    0.00 XXX   0 X    0.42 GLU 418 B

LYS 279 B   8.85    58 %   -1.54  443   0.00    0    0.00 XXX   0 X    0.00 XXX   0 X   -0.17 ARG 277 B
LYS 279 B                                            0.00 XXX   0 X    0.00 XXX   0 X    0.03 ASP 322 B
LYS 279 B                                            0.00 XXX   0 X    0.00 XXX   0 X    0.02 CYS 341 B
LYS 279 B                                            0.00 XXX   0 X    0.00 XXX   0 X    0.02 GLU 346 B
LYS 279 B                                            0.00 XXX   0 X    0.00 XXX   0 X   -0.01 ARG 376 B

LYS 317 B  10.92    17 %   -0.62  328   0.00    0    0.85 ASP 322 B    0.00 XXX   0 X   -0.31 ARG 376 B
LYS 317 B                                            0.00 XXX   0 X    0.00 XXX   0 X   -0.09 ARG 383 B
LYS 317 B                                            0.00 XXX   0 X    0.00 XXX   0 X    0.12 ASP1689 D
LYS 317 B                                            0.00 XXX   0 X    0.00 XXX   0 X    0.00 ASP1690 D
LYS 317 B                                            0.00 XXX   0 X    0.00 XXX   0 X    0.46 ASP 322 B

LYS 343 B  11.97    26 %   -1.13  354   0.00    0    0.83 ASP1550 D    0.00 XXX   0 X   -0.16 ARG 277 B
LYS 343 B                                            0.83 ASP1551 D    0.00 XXX   0 X    0.01 CYS 341 B
LYS 343 B                                            0.00 XXX   0 X    0.00 XXX   0 X    0.16 ASP 356 B
LYS 343 B                                            0.00 XXX   0 X    0.00 XXX   0 X   -0.02 ARG1623 D
LYS 343 B                                            0.00 XXX   0 X    0.00 XXX   0 X    0.51 ASP1550 D
LYS 343 B                                            0.00 XXX   0 X    0.00 XXX   0 X    0.44 ASP1551 D

LYS 387 B  10.28    10 %   -0.23  309   0.00    0    0.00 XXX   0 X    0.00 XXX   0 X    0.01 ASP1226 D

LYS 430 B  11.51     0 %   -0.34  202   0.00    0    0.85 ASP  66 B    0.00 XXX   0 X    0.12 GLU 428 B
LYS 430 B                                            0.00 XXX   0 X    0.00 XXX   0 X    0.00 GLU 429 B
LYS 430 B                                            0.00 XXX   0 X    0.00 XXX   0 X    0.38 ASP  66 B

LYS 432 B  11.46     0 %   -0.20  163   0.00    0    0.85 C-  433 B    0.00 XXX   0 X   -0.01 ARG  53 B
LYS 432 B                                            0.00 XXX   0 X    0.00 XXX   0 X   -0.09 ARG 433 B
LYS 432 B                                            0.00 XXX   0 X    0.00 XXX   0 X    0.02 TYR  68 B
LYS 432 B                                            0.00 XXX   0 X    0.00 XXX   0 X    0.38 C-  433 B

ARG  53 B  13.14     0 %   -0.26  237   0.00    0    0.62 ASP  57 B    0.00 XXX   0 X    0.03 GLU 431 B
ARG  53 B                                            0.00 XXX   0 X    0.00 XXX   0 X   -0.02 ARG 104 B
ARG  53 B                                            0.00 XXX   0 X    0.00 XXX   0 X    0.27 ASP  57 B

ARG 104 B  15.31    58 %   -1.74  444   0.00    0    1.64 ASP  84 B    0.00 XXX   0 X    0.08 ASP  57 B
ARG 104 B                                            1.49 GLU 431 B    0.00 XXX   0 X    0.68 ASP  84 B
ARG 104 B                                            0.00 XXX   0 X    0.00 XXX   0 X    0.67 GLU 431 B

ARG 121 B  11.59    38 %   -0.91  387   0.00    0    0.00 XXX   0 X    0.00 XXX   0 X    0.00 XXX   0 X

ARG 122 B  11.87    68 %   -1.36  471   0.00    0    0.18 GLU  81 B    0.00 XXX   0 X    0.05 GLU  25 A
ARG 122 B                                            0.00 XXX   0 X    0.00 XXX   0 X    0.08 GLU  78 B
ARG 122 B                                            0.00 XXX   0 X    0.00 XXX   0 X    0.01 ASP  82 B
ARG 122 B                                            0.00 XXX   0 X    0.00 XXX   0 X   -0.02 ARG  34 A
ARG 122 B                                            0.00 XXX   0 X    0.00 XXX   0 X    0.43 GLU  81 B

ARG 179 B  11.06    79 %   -1.58  502   0.00    0    0.00 XXX   0 X    0.00 XXX   0 X    0.14 ASP 191 B

ARG 190 B  12.42     0 %   -0.28  188   0.00    0    0.02 CYS 182 B    0.00 XXX   0 X    0.18 CYS 182 B
ARG 190 B                                            0.00 XXX   0 X    0.00 XXX   0 X    0.00 ASP 191 B

ARG 219 B  11.27    38 %   -1.21  387   0.00    0    0.00 XXX   0 X    0.00 XXX   0 X    0.04 ASP 152 B
ARG 219 B                                            0.00 XXX   0 X    0.00 XXX   0 X    0.23 GLU 161 B
ARG 219 B                                            0.00 XXX   0 X    0.00 XXX   0 X   -0.29 ARG 222 B
ARG 219 B                                            0.00 XXX   0 X    0.00 XXX   0 X   -0.01 ARG 225 B

ARG 222 B  12.60    67 %   -1.44  468   0.00    0    0.76 GLU 161 B    0.00 XXX   0 X    0.05 GLU 208 B
ARG 222 B                                            0.00 XXX   0 X    0.00 XXX   0 X    0.73 GLU 161 B

ARG 225 B  11.35    74 %   -1.64  488   0.00    0    0.00 XXX   0 X    0.00 XXX   0 X    0.12 CYS 145 B
ARG 225 B                                            0.00 XXX   0 X    0.00 XXX   0 X    0.23 GLU 161 B
ARG 225 B                                            0.00 XXX   0 X    0.00 XXX   0 X    0.57 TYR 168 B
ARG 225 B                                            0.00 XXX   0 X    0.00 XXX   0 X    0.01 ASP 197 B
ARG 225 B                                            0.00 XXX   0 X    0.00 XXX   0 X   -0.44 ARG 222 B

ARG 277 B  12.41    26 %   -0.65  353   0.00    0    0.00 XXX   0 X    0.00 XXX   0 X    0.05 TYR 314 B
ARG 277 B                                            0.00 XXX   0 X    0.00 XXX   0 X    0.01 GLU 346 B
ARG 277 B                                            0.00 XXX   0 X    0.00 XXX   0 X    0.19 ASP 356 B
ARG 277 B                                            0.00 XXX   0 X    0.00 XXX   0 X    0.18 ASP1550 D
ARG 277 B                                            0.00 XXX   0 X    0.00 XXX   0 X    0.12 ASP1551 D

ARG 282 B  13.37     0 %   -0.24  267   0.00    0    0.38 ASP 297 B    0.00 XXX   0 X    0.14 TYR 307 B
ARG 282 B                                            0.00 XXX   0 X    0.00 XXX   0 X    0.01 GLU 312 B
ARG 282 B                                            0.00 XXX   0 X    0.00 XXX   0 X    0.34 TYR 339 B
ARG 282 B                                            0.00 XXX   0 X    0.00 XXX   0 X    0.24 ASP 297 B

ARG 340 B  12.06    23 %   -0.57  346   0.00    0    0.00 XXX   0 X    0.00 XXX   0 X    0.05 TYR 307 B
ARG 340 B                                            0.00 XXX   0 X    0.00 XXX   0 X    0.04 CYS 335 B
ARG 340 B                                            0.00 XXX   0 X    0.00 XXX   0 X    0.04 CYS 341 B

ARG 367 B  12.74    78 %   -2.25  500   0.00    0    0.73 ASP 349 B    0.00 XXX   0 X    0.32 ASP 372 B
ARG 367 B                                            0.00 XXX   0 X    0.00 XXX   0 X    0.64 CYS 373 B
ARG 367 B                                            0.00 XXX   0 X    0.00 XXX   0 X    0.02 GLU 901 C
ARG 367 B                                            0.00 XXX   0 X    0.00 XXX   0 X    0.79 ASP 349 B

ARG 376 B  13.73    48 %   -1.10  415   0.00    0    1.60 ASP 322 B    0.00 XXX   0 X    0.19 ASP 349 B
ARG 376 B                                            0.00 XXX   0 X    0.00 XXX   0 X    0.54 ASP 322 B

ARG 383 B  13.72    45 %   -1.00  408   0.00    0    1.38 ASP1690 D    0.00 XXX   0 X    0.11 CYS 326 B
ARG 383 B                                            0.00 XXX   0 X    0.00 XXX   0 X    0.17 ASP1689 D
ARG 383 B                                            0.00 XXX   0 X    0.00 XXX   0 X    0.57 ASP1690 D

ARG 433 B  12.71     2 %   -0.33  288   0.00    0    0.00 XXX   0 X    0.00 XXX   0 X    0.17 TYR  68 B
ARG 433 B                                            0.00 XXX   0 X    0.00 XXX   0 X    0.15 ASP  84 B
ARG 433 B                                            0.00 XXX   0 X    0.00 XXX   0 X    0.14 GLU 431 B
ARG 433 B                                            0.00 XXX   0 X    0.00 XXX   0 X    0.24 C-  433 B
ARG 433 B                                            0.00 XXX   0 X    0.00 XXX   0 X   -0.06 ARG  53 B
ARG 433 B                                            0.00 XXX   0 X    0.00 XXX   0 X   -0.10 ARG 104 B

N+   49 B   7.92     0 %   -0.08   53   0.00    0    0.00 XXX   0 X    0.00 XXX   0 X    0.00 XXX   0 X

ASP 716 C   3.91     0 %    0.14  141   0.00    0    0.00 XXX   0 X   -0.03 ASP 716 C    0.00 XXX   0 X

ASP 720 C   3.93     2 %    0.31  287   0.01    0    0.00 XXX   0 X    0.00 XXX   0 X   -0.03 LYS 767 C
ASP 720 C                                            0.00 XXX   0 X    0.00 XXX   0 X   -0.01 LYS 817 C
ASP 720 C                                            0.00 XXX   0 X    0.00 XXX   0 X   -0.16 LYS 820 C
ASP 720 C                                            0.00 XXX   0 X    0.00 XXX   0 X    0.01 ASP 716 C

ASP 772 C   2.79     0 %    0.34  279   0.00    0   -0.85 LYS 707 C    0.00 XXX   0 X   -0.06 N+  681 C
ASP 772 C                                            0.00 XXX   0 X    0.00 XXX   0 X   -0.05 LYS 711 C
ASP 772 C                                            0.00 XXX   0 X    0.00 XXX   0 X   -0.39 LYS 707 C

ASP 785 C   2.91    64 %    2.13  461   0.58    0   -0.85 LYS 767 C    0.00 XXX   0 X   -0.05 ARG 814 C
ASP 785 C                                           -0.85 LYS 817 C    0.00 XXX   0 X   -0.23 LYS 820 C
ASP 785 C                                            0.00 XXX   0 X    0.00 XXX   0 X   -0.77 LYS 767 C
ASP 785 C                                            0.00 XXX   0 X    0.00 XXX   0 X   -0.86 LYS 817 C

ASP 870 C   3.93     0 %    0.13   89   0.00    0    0.00 XXX   0 X    0.00 XXX   0 X    0.00 XXX   0 X

ASP 872 C   3.76     0 %    0.14  117   0.00    0    0.00 XXX   0 X   -0.18 ASP 872 C    0.00 XXX   0 X

ASP 883 C   3.72    38 %    1.06  388   0.00    0   -0.55 GLN 150 B   -0.31 PHE 884 C   -0.03 LYS 863 C
ASP 883 C                                            0.00 XXX   0 X   -0.04 PHE 885 C   -0.22 HIS 886 C

ASP 905 C   3.82    63 %    1.63  458   0.77    0   -1.60 HIS 880 C    0.00 XXX   0 X   -0.01 ARG 893 C
ASP 905 C                                            0.00 XXX   0 X    0.00 XXX   0 X   -0.04 HIS 350 B
ASP 905 C                                            0.00 XXX   0 X    0.00 XXX   0 X   -0.72 HIS 880 C

GLU 698 C   4.04     0 %    0.28  185   0.00    0    0.00 XXX   0 X   -0.10 LYS 682 C   -0.34 N+  681 C
GLU 698 C                                            0.00 XXX   0 X    0.00 XXX   0 X   -0.29 LYS 682 C

GLU 737 C   3.67    60 %    1.17  450   0.20    0   -1.10 ARG 811 C    0.00 XXX   0 X   -0.22 ARG 808 C
GLU 737 C                                            0.00 XXX   0 X    0.00 XXX   0 X   -0.03 HIS 738 C
GLU 737 C                                            0.00 XXX   0 X    0.00 XXX   0 X   -0.85 ARG 811 C

GLU 744 C   4.60     0 %    0.10   96   0.00    0    0.00 XXX   0 X    0.00 XXX   0 X    0.00 XXX   0 X

GLU 746 C   4.87     0 %    0.17  168   0.00    0    0.00 XXX   0 X    0.00 XXX   0 X    0.20 GLU 747 C

GLU 747 C   4.66     0 %    0.16  129   0.00    0    0.00 XXX   0 X    0.00 XXX   0 X    0.00 XXX   0 X

GLU 763 C   4.38    62 %    2.30  456   0.37    0   -0.85 LYS 767 C    0.00 XXX   0 X   -0.29 LYS 820 C
GLU 763 C                                           -0.85 LYS 817 C    0.00 XXX   0 X    0.06 ASP 720 C
GLU 763 C                                            0.00 XXX   0 X    0.00 XXX   0 X   -0.76 LYS 767 C
GLU 763 C                                            0.00 XXX   0 X    0.00 XXX   0 X    0.74 ASP 785 C
GLU 763 C                                            0.00 XXX   0 X    0.00 XXX   0 X   -0.84 LYS 817 C

GLU 795 C   4.13    21 %    0.75  341   0.11    0   -0.61 ARG 808 C    0.00 XXX   0 X   -0.16 ARG 811 C
GLU 795 C                                            0.00 XXX   0 X    0.00 XXX   0 X   -0.03 ARG 814 C
GLU 795 C                                            0.00 XXX   0 X    0.00 XXX   0 X   -0.44 ARG 808 C

GLU 867 C   4.59     0 %    0.09  120   0.00    0    0.00 XXX   0 X    0.00 XXX   0 X    0.00 XXX   0 X

GLU 898 C   5.54    81 %    2.57  507   0.37    0   -0.82 TRP1421 D    0.00 XXX   0 X   -0.29 LYS1419 D
GLU 898 C                                           -0.86 ARG 893 C    0.00 XXX   0 X    0.08 GLU 375 B
GLU 898 C                                            0.00 XXX   0 X    0.00 XXX   0 X    0.33 GLU 901 C
GLU 898 C                                            0.00 XXX   0 X    0.00 XXX   0 X    0.70 ASP 372 B
GLU 898 C                                            0.00 XXX   0 X    0.00 XXX   0 X   -1.04 ARG 893 C

GLU 901 C   4.55    63 %    1.00  457   0.00    0   -0.64 ARG 893 C    0.00 XXX   0 X   -0.02 ARG 367 B
GLU 901 C                                            0.00 XXX   0 X    0.00 XXX   0 X    0.28 ASP 372 B
GLU 901 C                                            0.00 XXX   0 X    0.00 XXX   0 X    0.02 GLU 375 B
GLU 901 C                                            0.00 XXX   0 X    0.00 XXX   0 X    0.13 ASP 905 C
GLU 901 C                                            0.00 XXX   0 X    0.00 XXX   0 X   -0.72 ARG 893 C

GLU 908 C   4.96    16 %    0.37  325   0.08    0    0.00 XXX   0 X    0.00 XXX   0 X   -0.12 HIS 350 B
GLU 908 C                                            0.00 XXX   0 X    0.00 XXX   0 X   -0.15 HIS 880 C
GLU 908 C                                            0.00 XXX   0 X    0.00 XXX   0 X    0.28 ASP 905 C

C-  943 C   3.18     1 %    0.28  284   0.00    0    0.00 XXX   0 X    0.00 XXX   0 X   -0.00 LYS1477 D
C-  943 C                                            0.00 XXX   0 X    0.00 XXX   0 X   -0.29 LYS1478 D

HIS 738 C   6.69    14 %   -0.70  321   0.00    0    0.00 XXX   0 X    0.80 TYR 739 C   -0.00 LYS1397 D
HIS 738 C                                            0.00 XXX   0 X    0.00 XXX   0 X    0.03 GLU 737 C
HIS 738 C                                            0.00 XXX   0 X    0.00 XXX   0 X    0.06 ASP1403 D

HIS 880 C   7.64    56 %   -1.38  437   0.00    0    1.60 ASP 905 C    0.00 XXX   0 X    0.15 GLU 908 C
HIS 880 C                                            0.00 XXX   0 X    0.00 XXX   0 X    0.05 GLU1441 D
HIS 880 C                                            0.00 XXX   0 X    0.00 XXX   0 X    0.72 ASP 905 C

HIS 886 C   4.65    71 %   -1.94  481   0.00    0    0.00 XXX   0 X    0.00 XXX   0 X   -0.07 ARG 878 C
HIS 886 C                                            0.00 XXX   0 X    0.00 XXX   0 X   -0.06 HIS 880 C
HIS 886 C                                            0.00 XXX   0 X    0.00 XXX   0 X    0.22 ASP 883 C

CYS 683 C   9.33     0 %    0.26  231   0.00    0    0.00 XXX   0 X   -0.00 CYS 683 C   -0.07 N+  681 C
CYS 683 C                                            0.00 XXX   0 X    0.00 XXX   0 X   -0.02 LYS 682 C
CYS 683 C                                            0.00 XXX   0 X    0.00 XXX   0 X   -0.07 LYS 707 C
CYS 683 C                                            0.00 XXX   0 X    0.00 XXX   0 X    0.13 CYS 686 C
CYS 683 C                                            0.00 XXX   0 X    0.00 XXX   0 X    0.09 ASP 772 C

CYS 686 C   9.16     0 %    0.24  182   0.00    0    0.00 XXX   0 X   -0.01 CYS 686 C   -0.04 LYS 682 C
CYS 686 C                                            0.00 XXX   0 X    0.00 XXX   0 X   -0.03 ARG 689 C

CYS 699 C   9.23     0 %    0.21  199   0.00    0    0.00 XXX   0 X    0.00 XXX   0 X    0.02 GLU 698 C

CYS 700 C   9.80     0 %    0.66  244   0.00    0    0.00 XXX   0 X    0.00 XXX   0 X    0.02 CYS 683 C
CYS 700 C                                            0.00 XXX   0 X    0.00 XXX   0 X    0.11 CYS 699 C

CYS 726 C  10.18    22 %    1.18  342   0.00    0    0.00 XXX   0 X    0.00 XXX   0 X    0.00 XXX   0 X

CYS 896 C  12.57   100 %    3.43  586   0.00    0    0.00 XXX   0 X   -0.14 CYS 896 C   -0.15 ARG 893 C
CYS 896 C                                            0.00 XXX   0 X    0.00 XXX   0 X    0.43 GLU 898 C

CYS 906 C  12.42    82 %    2.95  510   0.00    0   -0.23 TYR 865 C    0.00 XXX   0 X    0.31 ASP 905 C
CYS 906 C                                            0.00 XXX   0 X    0.00 XXX   0 X    0.02 GLU 908 C
CYS 906 C                                            0.00 XXX   0 X    0.00 XXX   0 X    0.37 CYS 915 C

CYS 915 C  10.87    38 %    2.01  388   0.00    0   -0.14 SER 910 C    0.00 XXX   0 X    0.00 XXX   0 X

TYR 694 C  10.08     0 %    0.08   91   0.00    0    0.00 XXX   0 X    0.00 XXX   0 X    0.00 XXX   0 X

TYR 739 C  10.59    11 %    0.39  311   0.00    0    0.00 XXX   0 X    0.00 XXX   0 X    0.08 ASP1403 D
TYR 739 C                                            0.00 XXX   0 X    0.00 XXX   0 X    0.25 GLU1435 D
TYR 739 C                                            0.00 XXX   0 X    0.00 XXX   0 X   -0.02 LYS1381 D
TYR 739 C                                            0.00 XXX   0 X    0.00 XXX   0 X   -0.11 LYS1397 D

TYR 774 C  10.16     0 %    0.16  102   0.00    0    0.00 XXX   0 X    0.00 XXX   0 X    0.00 XXX   0 X

TYR 775 C  10.22     0 %    0.20  221   0.00    0    0.00 XXX   0 X    0.00 XXX   0 X    0.02 ASP 772 C

TYR 776 C  10.40    23 %    1.20  346   0.00    0   -0.85 SER 786 C    0.00 XXX   0 X    0.09 GLU 763 C
TYR 776 C                                            0.00 XXX   0 X    0.00 XXX   0 X    0.19 ASP 785 C
TYR 776 C                                            0.00 XXX   0 X    0.00 XXX   0 X   -0.22 LYS 767 C

TYR 865 C  13.72    61 %    2.02  451   0.00    0    0.23 CYS 906 C    0.00 XXX   0 X    0.40 ASP 905 C
TYR 865 C                                            0.00 XXX   0 X    0.00 XXX   0 X    0.83 CYS 906 C
TYR 865 C                                            0.00 XXX   0 X    0.00 XXX   0 X    0.14 GLU 908 C
TYR 865 C                                            0.00 XXX   0 X    0.00 XXX   0 X    0.11 CYS 915 C

LYS 682 C  10.69     0 %   -0.16  169   0.00    0    0.00 XXX   0 X    0.00 XXX   0 X    0.02 CYS 683 C
LYS 682 C                                            0.00 XXX   0 X    0.00 XXX   0 X    0.04 CYS 686 C
LYS 682 C                                            0.00 XXX   0 X    0.00 XXX   0 X    0.29 GLU 698 C

LYS 707 C  11.18     6 %   -0.63  299   0.00    0    0.85 ASP 772 C    0.00 XXX   0 X    0.07 CYS 683 C
LYS 707 C                                            0.00 XXX   0 X    0.00 XXX   0 X    0.39 ASP 772 C

LYS 711 C  10.21     0 %   -0.19  252   0.00    0    0.00 XXX   0 X    0.00 XXX   0 X    0.05 ASP 772 C
LYS 711 C                                            0.00 XXX   0 X    0.00 XXX   0 X   -0.16 LYS 707 C

LYS 767 C  11.89    59 %   -2.17  446   0.00    0    0.09 LYS 817 C    0.00 XXX   0 X    0.03 ASP 720 C
LYS 767 C                                            0.85 GLU 763 C    0.00 XXX   0 X    0.22 TYR 776 C
LYS 767 C                                            0.85 ASP 785 C    0.00 XXX   0 X    0.76 GLU 763 C
LYS 767 C                                            0.00 XXX   0 X    0.00 XXX   0 X    0.77 ASP 785 C

LYS 817 C  10.12    71 %   -2.79  481   0.00    0   -0.09 LYS 767 C    0.00 XXX   0 X    0.01 ASP 720 C
LYS 817 C                                            0.85 GLU 763 C    0.00 XXX   0 X   -0.09 ARG 814 C
LYS 817 C                                            0.85 ASP 785 C    0.00 XXX   0 X   -0.82 LYS 767 C
LYS 817 C                                            0.00 XXX   0 X    0.00 XXX   0 X    0.84 GLU 763 C
LYS 817 C                                            0.00 XXX   0 X    0.00 XXX   0 X    0.86 ASP 785 C

LYS 820 C   9.36    48 %   -1.13  417   0.00    0    0.00 XXX   0 X    0.00 XXX   0 X    0.16 ASP 720 C
LYS 820 C                                            0.00 XXX   0 X    0.00 XXX   0 X    0.29 GLU 763 C
LYS 820 C                                            0.00 XXX   0 X    0.00 XXX   0 X    0.23 ASP 785 C
LYS 820 C                                            0.00 XXX   0 X    0.00 XXX   0 X   -0.25 LYS 767 C
LYS 820 C                                            0.00 XXX   0 X    0.00 XXX   0 X   -0.43 LYS 817 C

LYS 830 C  10.27     0 %   -0.23  279   0.00    0    0.00 XXX   0 X    0.00 XXX   0 X    0.00 XXX   0 X

LYS 863 C   9.76    28 %   -0.82  361   0.00    0    0.00 XXX   0 X    0.00 XXX   0 X    0.20 ASP 152 B
LYS 863 C                                            0.00 XXX   0 X    0.00 XXX   0 X   -0.16 ARG 219 B
LYS 863 C                                            0.00 XXX   0 X    0.00 XXX   0 X    0.03 ASP 883 C

ARG 689 C  12.44     0 %   -0.09  118   0.00    0    0.00 XXX   0 X    0.00 XXX   0 X    0.03 CYS 686 C

ARG 693 C  12.30     0 %   -0.20  115   0.00    0    0.00 XXX   0 X    0.00 XXX   0 X    0.00 XXX   0 X

ARG 800 C  12.40     0 %   -0.10   92   0.00    0    0.00 XXX   0 X    0.00 XXX   0 X    0.00 XXX   0 X

ARG 808 C  13.03    35 %   -0.74  380   0.00    0    0.61 GLU 795 C    0.00 XXX   0 X    0.22 GLU 737 C
ARG 808 C                                            0.00 XXX   0 X    0.00 XXX   0 X    0.44 GLU 795 C

ARG 811 C  12.32    75 %   -1.71  490   0.00    0    1.10 GLU 737 C    0.00 XXX   0 X    0.16 GLU 795 C
ARG 811 C                                            0.00 XXX   0 X    0.00 XXX   0 X   -0.58 ARG 808 C
ARG 811 C                                            0.00 XXX   0 X    0.00 XXX   0 X    0.85 GLU 737 C

ARG 814 C  10.80    71 %   -1.78  481   0.00    0    0.00 XXX   0 X    0.00 XXX   0 X    0.05 ASP 785 C
ARG 814 C                                            0.00 XXX   0 X    0.00 XXX   0 X    0.03 GLU 795 C

ARG 869 C  12.36     0 %   -0.14   86   0.00    0    0.00 XXX   0 X    0.00 XXX   0 X    0.00 XXX   0 X

ARG 878 C  13.39    58 %   -2.31  443   0.00    0    1.57 ASP1430 D    0.00 XXX   0 X    0.05 ASP1423 D
ARG 878 C                                            0.00 XXX   0 X    0.00 XXX   0 X    0.26 TYR1426 D
ARG 878 C                                            0.00 XXX   0 X    0.00 XXX   0 X    0.28 GLU1441 D
ARG 878 C                                            0.00 XXX   0 X    0.00 XXX   0 X    0.30 TYR1447 D
ARG 878 C                                            0.00 XXX   0 X    0.00 XXX   0 X    0.74 ASP1430 D

ARG 893 C  14.86    75 %   -2.27  490   0.00    0    0.86 GLU 898 C    0.00 XXX   0 X    0.45 ASP 372 B
ARG 893 C                                            0.64 GLU 901 C    0.00 XXX   0 X    0.34 CYS 373 B
ARG 893 C                                            0.00 XXX   0 X    0.00 XXX   0 X    0.15 CYS 896 C
ARG 893 C                                            0.00 XXX   0 X    0.00 XXX   0 X    0.01 ASP 905 C
ARG 893 C                                            0.00 XXX   0 X    0.00 XXX   0 X    0.03 ASP1423 D
ARG 893 C                                            0.00 XXX   0 X    0.00 XXX   0 X    0.38 TYR1426 D
ARG 893 C                                            0.00 XXX   0 X    0.00 XXX   0 X    1.04 GLU 898 C
ARG 893 C                                            0.00 XXX   0 X    0.00 XXX   0 X    0.72 GLU 901 C

N+  681 C   8.03     0 %   -0.21  201   0.00    0    0.00 XXX   0 X    0.00 XXX   0 X   -0.23 LYS 682 C
N+  681 C                                            0.00 XXX   0 X    0.00 XXX   0 X    0.07 CYS 683 C
N+  681 C                                            0.00 XXX   0 X    0.00 XXX   0 X    0.34 GLU 698 C
N+  681 C                                            0.00 XXX   0 X    0.00 XXX   0 X    0.06 ASP 772 C

ASP1163 D   2.46     0 %    0.30  199   0.00    0   -0.85 LYS1196 D    0.00 XXX   0 X   -0.14 N+ 1162 D
ASP1163 D                                            0.00 XXX   0 X    0.00 XXX   0 X   -0.19 LYS1162 D
ASP1163 D                                            0.00 XXX   0 X    0.00 XXX   0 X   -0.03 ARG1193 D
ASP1163 D                                            0.00 XXX   0 X    0.00 XXX   0 X   -0.06 HIS1200 D
ASP1163 D                                            0.00 XXX   0 X    0.00 XXX   0 X   -0.38 LYS1196 D

ASP1166 D   3.38     7 %    0.53  302   0.05    0    0.00 XXX   0 X   -0.09 CYS1167 D   -0.08 ARG1195 D
ASP1166 D                                            0.00 XXX   0 X   -0.73 PHE1168 D   -0.13 LYS1264 D
ASP1166 D                                            0.00 XXX   0 X    0.00 XXX   0 X    0.02 GLU1165 D

ASP1182 D   2.63     0 %    0.28  110   0.00    0   -0.85 THR1184 D   -0.60 THR1184 D    0.00 XXX   0 X

ASP1226 D   3.75    19 %    0.69  334   0.12    0   -0.85 THR1696 D    0.00 XXX   0 X   -0.01 LYS 387 B

ASP1243 D   2.83    48 %    1.40  417   0.06    0   -1.18 ARG1306 D    0.00 XXX   0 X   -0.08 LYS1244 D
ASP1243 D                                            0.00 XXX   0 X    0.00 XXX   0 X   -0.44 ARG1309 D
ASP1243 D                                            0.00 XXX   0 X    0.00 XXX   0 X   -0.72 ARG1306 D

ASP1275 D   3.79    60 %    1.32  448   0.34    0   -0.75 ARG1312 D    0.00 XXX   0 X   -0.27 LYS1257 D
ASP1275 D                                            0.00 XXX   0 X    0.00 XXX   0 X   -0.07 ARG1316 D
ASP1275 D                                            0.00 XXX   0 X    0.00 XXX   0 X    0.32 ASP1280 D
ASP1275 D                                            0.00 XXX   0 X    0.00 XXX   0 X   -0.91 ARG1312 D

ASP1280 D   3.29    86 %    2.48  521   0.40    0   -1.29 ARG1312 D    0.00 XXX   0 X   -0.83 LYS1257 D
ASP1280 D                                            0.00 XXX   0 X    0.00 XXX   0 X   -1.28 ARG1312 D

ASP1370 D   3.88     0 %    0.25  282   0.00    0    0.00 XXX   0 X   -0.24 ASP1370 D   -0.01 ARG1362 D
ASP1370 D                                            0.00 XXX   0 X    0.00 XXX   0 X   -0.02 LYS1399 D
ASP1370 D                                            0.00 XXX   0 X    0.00 XXX   0 X    0.09 ASP1729 D

ASP1403 D   2.80    65 %    1.99  463   0.16    0   -0.85 LYS1397 D   -0.72 GLY1358 D   -0.01 LYS1359 D
ASP1403 D                                           -0.83 TYR1727 D    0.00 XXX   0 X   -0.06 HIS 738 C
ASP1403 D                                            0.00 XXX   0 X    0.00 XXX   0 X   -0.70 LYS1397 D

ASP1423 D   4.80    56 %    0.86  439   0.15    0    0.00 XXX   0 X    0.00 XXX   0 X   -0.05 ARG 878 C
ASP1423 D                                            0.00 XXX   0 X    0.00 XXX   0 X   -0.03 ARG 893 C
ASP1423 D                                            0.00 XXX   0 X    0.00 XXX   0 X   -0.02 ARG1362 D
ASP1423 D                                            0.00 XXX   0 X    0.00 XXX   0 X    0.08 GLU 901 C

ASP1430 D   4.16    61 %    2.62  451   0.77    0   -1.57 ARG 878 C   -0.72 GLU1441 D   -0.74 ARG 878 C

ASP1471 D   4.73    31 %    0.70  369   0.12    0    0.00 XXX   0 X    0.00 XXX   0 X   -0.15 LYS1478 D
ASP1471 D                                            0.00 XXX   0 X    0.00 XXX   0 X    0.26 C-  943 C

ASP1484 D   3.95     1 %    0.27  284   0.00    0    0.00 XXX   0 X    0.00 XXX   0 X   -0.12 LYS1492 D

ASP1523 D   2.39     0 %    0.47  231   0.00    0   -1.43 ARG1512 D    0.00 XXX   0 X   -0.07 LYS1527 D
ASP1523 D                                            0.00 XXX   0 X    0.00 XXX   0 X   -0.38 ARG1512 D

ASP1531 D   4.32    34 %    0.78  377   0.36    0    0.00 XXX   0 X    0.00 XXX   0 X   -0.44 LYS1578 D
ASP1531 D                                            0.00 XXX   0 X    0.00 XXX   0 X   -0.27 ARG1635 D
ASP1531 D                                            0.00 XXX   0 X    0.00 XXX   0 X   -0.06 ARG1638 D
ASP1531 D                                            0.00 XXX   0 X    0.00 XXX   0 X    0.14 GLU1574 D

ASP1550 D   3.79    33 %    1.26  375   0.00    0   -0.83 LYS 343 B    0.00 XXX   0 X   -0.18 ARG 277 B
ASP1550 D                                            0.00 XXX   0 X    0.00 XXX   0 X   -0.07 ARG1623 D
ASP1550 D                                            0.00 XXX   0 X    0.00 XXX   0 X   -0.14 HIS 278 B
ASP1550 D                                            0.00 XXX   0 X    0.00 XXX   0 X    0.46 ASP1551 D
ASP1550 D                                            0.00 XXX   0 X    0.00 XXX   0 X   -0.51 LYS 343 B

ASP1551 D   2.83     7 %    0.48  300   0.00    0   -0.83 LYS 343 B    0.00 XXX   0 X   -0.12 ARG 277 B
ASP1551 D                                            0.00 XXX   0 X    0.00 XXX   0 X   -0.05 HIS 278 B
ASP1551 D                                            0.00 XXX   0 X    0.00 XXX   0 X   -0.44 LYS 343 B

ASP1595 D   5.12    65 %    1.92  464   0.60    0   -0.31 ARG1638 D    0.00 XXX   0 X   -0.13 LYS1578 D
ASP1595 D                                            0.00 XXX   0 X    0.00 XXX   0 X   -0.49 ARG1635 D
ASP1595 D                                            0.00 XXX   0 X    0.00 XXX   0 X    0.29 GLU1574 D
ASP1595 D                                            0.00 XXX   0 X    0.00 XXX   0 X   -0.56 ARG1638 D

ASP1610 D   3.85     0 %    0.20  201   0.00    0    0.00 XXX   0 X    0.00 XXX   0 X   -0.15 LYS1614 D

ASP1689 D   4.66    52 %    0.87  428   0.07    0    0.00 XXX   0 X    0.00 XXX   0 X   -0.12 LYS 317 B
ASP1689 D                                            0.00 XXX   0 X    0.00 XXX   0 X   -0.17 ARG 383 B
ASP1689 D                                            0.00 XXX   0 X    0.00 XXX   0 X    0.21 ASP1690 D

ASP1690 D   2.20    35 %    0.98  378   0.00    0   -1.38 ARG 383 B   -0.27 ASP1690 D   -0.00 LYS 317 B
ASP1690 D                                            0.00 XXX   0 X   -0.34 MET1691 D   -0.57 ARG 383 B

ASP1714 D   4.96    60 %    0.92  450   0.00    0    0.00 XXX   0 X   -0.01 ASP1714 D   -0.20 LYS1419 D
ASP1714 D                                            0.00 XXX   0 X   -0.01 GLY1715 D    0.44 GLU 375 B
ASP1714 D                                            0.00 XXX   0 X    0.00 XXX   0 X    0.02 ASP1423 D
ASP1714 D                                            0.00 XXX   0 X    0.00 XXX   0 X    0.01 ASP1689 D

ASP1729 D   2.93    31 %    0.67  368   0.03    0   -0.16 ASN1722 D    0.00 XXX   0 X   -0.00 ARG1362 D
ASP1729 D                                           -0.85 LYS1399 D    0.00 XXX   0 X   -0.05 ARG1739 D
ASP1729 D                                            0.00 XXX   0 X    0.00 XXX   0 X   -0.51 LYS1399 D

ASP1741 D   2.72     0 %    0.26  208   0.00    0   -0.85 LYS1683 D    0.00 XXX   0 X   -0.11 ARG1739 D
ASP1741 D                                            0.00 XXX   0 X    0.00 XXX   0 X   -0.38 LYS1683 D

ASP1789 D   2.35     0 %    0.32  254   0.00    0   -0.85 SER1787 D   -0.04 ASP1789 D   -0.05 LYS1505 D
ASP1789 D                                           -0.55 ARG1826 D    0.00 XXX   0 X   -0.01 LYS1872 D
ASP1789 D                                            0.00 XXX   0 X    0.00 XXX   0 X   -0.26 ARG1826 D

ASP1790 D   3.72    53 %    1.69  431   0.15    0   -0.85 LYS1872 D   -0.25 ASP1790 D   -0.01 LYS1500 D
ASP1790 D                                            0.00 XXX   0 X   -0.35 PHE1791 D   -0.01 LYS1505 D
ASP1790 D                                            0.00 XXX   0 X    0.00 XXX   0 X   -0.04 ARG1826 D
ASP1790 D                                            0.00 XXX   0 X    0.00 XXX   0 X    0.04 GLU1788 D
ASP1790 D                                            0.00 XXX   0 X    0.00 XXX   0 X    0.09 ASP1789 D
ASP1790 D                                            0.00 XXX   0 X    0.00 XXX   0 X    0.02 ASP1792 D
ASP1790 D                                            0.00 XXX   0 X    0.00 XXX   0 X    0.07 ASP1869 D
ASP1790 D                                            0.00 XXX   0 X    0.00 XXX   0 X   -0.62 LYS1872 D

ASP1792 D   3.20     0 %    0.39  279   0.00    0   -0.63 ARG1826 D    0.00 XXX   0 X   -0.18 LYS1505 D
ASP1792 D                                            0.00 XXX   0 X    0.00 XXX   0 X    0.20 ASP1789 D
ASP1792 D                                            0.00 XXX   0 X    0.00 XXX   0 X   -0.39 ARG1826 D

ASP1802 D   2.92     0 %    0.36  263   0.00    0   -0.85 LYS1508 D    0.00 XXX   0 X   -0.39 LYS1508 D

ASP1816 D   3.93     0 %    0.25  192   0.00    0    0.00 XXX   0 X    0.00 XXX   0 X   -0.15 LYS1829 D
ASP1816 D                                            0.00 XXX   0 X    0.00 XXX   0 X    0.03 ASP1819 D

ASP1819 D   3.39     0 %    0.19  162   0.00    0    0.00 XXX   0 X   -0.41 ALA1820 D   -0.19 LYS1829 D

ASP1839 D   4.00     0 %    0.20  153   0.00    0    0.00 XXX   0 X    0.00 XXX   0 X   -0.00 ARG1860 D

ASP1846 D   3.98     0 %    0.19  215   0.00    0    0.00 XXX   0 X   -0.01 ASP1846 D    0.00 XXX   0 X

ASP1852 D   4.43    31 %    0.88  367   0.15    0    0.00 XXX   0 X   -0.02 ASP1852 D   -0.40 HIS1849 D
ASP1852 D                                            0.00 XXX   0 X    0.00 XXX   0 X    0.03 GLU1877 D

ASP1869 D   2.88    11 %    0.59  313   0.00    0   -0.85 LYS1500 D    0.00 XXX   0 X   -0.02 LYS1859 D
ASP1869 D                                            0.00 XXX   0 X    0.00 XXX   0 X   -0.22 LYS1872 D
ASP1869 D                                            0.00 XXX   0 X    0.00 XXX   0 X   -0.43 LYS1500 D

GLU1165 D   3.34     7 %    0.30  300   0.00    0   -0.85 LYS1264 D    0.00 XXX   0 X   -0.09 LYS1162 D
GLU1165 D                                            0.00 XXX   0 X    0.00 XXX   0 X   -0.03 ARG1195 D
GLU1165 D                                            0.00 XXX   0 X    0.00 XXX   0 X   -0.09 LYS1265 D
GLU1165 D                                            0.00 XXX   0 X    0.00 XXX   0 X   -0.39 LYS1264 D

GLU1170 D   4.58     0 %    0.12  138   0.00    0    0.00 XXX   0 X    0.00 XXX   0 X   -0.04 LYS1264 D

GLU1203 D   4.44     0 %    0.28  237   0.00    0    0.00 XXX   0 X    0.00 XXX   0 X   -0.23 N+ 1162 D
GLU1203 D                                            0.00 XXX   0 X    0.00 XXX   0 X   -0.01 LYS1162 D
GLU1203 D                                            0.00 XXX   0 X    0.00 XXX   0 X   -0.03 LYS1265 D
GLU1203 D                                            0.00 XXX   0 X    0.00 XXX   0 X   -0.10 HIS1200 D
GLU1203 D                                            0.00 XXX   0 X    0.00 XXX   0 X    0.03 GLU1208 D

GLU1208 D   3.20    32 %    0.83  372   0.22    0   -1.66 ARG1316 D    0.00 XXX   0 X   -0.15 LYS1257 D
GLU1208 D                                            0.00 XXX   0 X    0.00 XXX   0 X   -0.02 LYS1265 D
GLU1208 D                                            0.00 XXX   0 X    0.00 XXX   0 X   -0.53 ARG1316 D

GLU1225 D   5.20    23 %    0.54  347   0.06    0    0.00 XXX   0 X    0.00 XXX   0 X   -0.10 LYS1236 D
GLU1225 D                                            0.00 XXX   0 X    0.00 XXX   0 X   -0.03 ARG1306 D
GLU1225 D                                            0.00 XXX   0 X    0.00 XXX   0 X    0.01 ASP1226 D
GLU1225 D                                            0.00 XXX   0 X    0.00 XXX   0 X    0.03 GLU1230 D
GLU1225 D                                            0.00 XXX   0 X    0.00 XXX   0 X    0.09 GLU1231 D
GLU1225 D                                            0.00 XXX   0 X    0.00 XXX   0 X    0.08 GLU1240 D
GLU1225 D                                            0.00 XXX   0 X    0.00 XXX   0 X    0.02 ASP1243 D

GLU1230 D   4.51     0 %    0.19  156   0.00    0    0.00 XXX   0 X    0.00 XXX   0 X   -0.23 LYS1236 D
GLU1230 D                                            0.00 XXX   0 X    0.00 XXX   0 X    0.04 GLU1240 D

GLU1231 D   4.98     0 %    0.36  222   0.00    0    0.00 XXX   0 X    0.00 XXX   0 X   -0.01 ARG1232 D
GLU1231 D                                            0.00 XXX   0 X    0.00 XXX   0 X    0.10 ASP1226 D
GLU1231 D                                            0.00 XXX   0 X    0.00 XXX   0 X    0.02 GLU1230 D

GLU1240 D   3.37     0 %    0.24  226   0.00    0   -0.85 LYS1236 D    0.00 XXX   0 X   -0.04 LYS1233 D
GLU1240 D                                            0.00 XXX   0 X    0.00 XXX   0 X   -0.12 LYS1244 D
GLU1240 D                                            0.00 XXX   0 X    0.00 XXX   0 X    0.02 ASP1243 D
GLU1240 D                                            0.00 XXX   0 X    0.00 XXX   0 X   -0.38 LYS1236 D

GLU1253 D   5.05    77 %    2.29  497   0.10    0   -0.79 LYS1257 D    0.00 XXX   0 X   -0.49 ARG1312 D
GLU1253 D                                            0.00 XXX   0 X    0.00 XXX   0 X   -0.11 ARG1316 D
GLU1253 D                                            0.00 XXX   0 X    0.00 XXX   0 X    0.13 GLU1208 D
GLU1253 D                                            0.00 XXX   0 X    0.00 XXX   0 X    0.07 ASP1275 D
GLU1253 D                                            0.00 XXX   0 X    0.00 XXX   0 X    0.43 ASP1280 D
GLU1253 D                                            0.00 XXX   0 X    0.00 XXX   0 X   -1.10 LYS1257 D

GLU1295 D   3.44     0 %    0.23  157   0.00    0   -0.85 LYS1300 D    0.00 XXX   0 X   -0.06 ARG1303 D
GLU1295 D                                            0.00 XXX   0 X    0.00 XXX   0 X   -0.38 LYS1300 D

GLU1318 D   3.82     0 %    0.32  255   0.00    0    0.00 XXX   0 X   -0.71 GLU1489 D   -0.19 ARG1321 D
GLU1318 D                                            0.00 XXX   0 X    0.00 XXX   0 X   -0.13 LYS1492 D
GLU1318 D                                            0.00 XXX   0 X    0.00 XXX   0 X   -0.02 LYS1493 D
GLU1318 D                                            0.00 XXX   0 X    0.00 XXX   0 X    0.04 GLU1490 D

GLU1368 D   4.66     0 %    0.21  212   0.00    0   -0.04 ASN1365 D    0.00 XXX   0 X    0.00 XXX   0 X

GLU1385 D   3.52     0 %    0.25  235   0.00    0   -0.85 LYS1381 D    0.00 XXX   0 X   -0.38 LYS1381 D

GLU1392 D   4.18     0 %    0.21  171   0.00    0   -0.53 THR1390 D    0.00 XXX   0 X    0.00 XXX   0 X

GLU1435 D   4.79    10 %    0.45  308   0.03    0    0.00 XXX   0 X    0.00 XXX   0 X   -0.24 LYS1381 D
GLU1435 D                                            0.00 XXX   0 X    0.00 XXX   0 X   -0.04 LYS1397 D
GLU1435 D                                            0.00 XXX   0 X    0.00 XXX   0 X    0.09 GLU1385 D

GLU1436 D   3.17     0 %    0.56  273   0.00    0   -0.79 TYR1375 D    0.00 XXX   0 X   -0.38 ARG1432 D
GLU1436 D                                           -0.72 ARG1432 D    0.00 XXX   0 X    0.00 XXX   0 X

GLU1441 D   5.45    37 %    0.90  386   0.24    0    0.00 XXX   0 X    0.00 XXX   0 X   -0.28 ARG 878 C
GLU1441 D                                            0.00 XXX   0 X    0.00 XXX   0 X   -0.05 HIS 880 C
GLU1441 D                                            0.00 XXX   0 X    0.00 XXX   0 X    0.15 ASP1430 D

GLU1489 D   4.57     0 %    0.17  161   0.00    0    0.00 XXX   0 X    0.00 XXX   0 X   -0.15 LYS1492 D
GLU1489 D                                            0.00 XXX   0 X    0.00 XXX   0 X   -0.24 LYS1493 D
GLU1489 D                                            0.00 XXX   0 X    0.00 XXX   0 X    0.12 GLU1318 D
GLU1489 D                                            0.00 XXX   0 X    0.00 XXX   0 X    0.13 GLU1490 D
GLU1489 D                                            0.00 XXX   0 X    0.00 XXX   0 X    0.04 GLU1867 D

GLU1490 D   3.58     0 %    0.32  153   0.00    0   -0.85 LYS1493 D    0.00 XXX   0 X   -0.38 LYS1493 D

GLU1548 D   3.61    66 %    1.64  465   0.28    0   -1.46 ARG1629 D    0.00 XXX   0 X   -0.43 ARG1626 D
GLU1548 D                                            0.00 XXX   0 X    0.00 XXX   0 X   -0.92 ARG1629 D

GLU1555 D   4.58     0 %    0.08   75   0.00    0    0.00 XXX   0 X    0.00 XXX   0 X    0.00 XXX   0 X

GLU1574 D   3.21    79 %    2.38  503   0.12    0   -0.85 LYS1578 D    0.00 XXX   0 X   -0.14 ARG1638 D
GLU1574 D                                           -0.78 ARG1635 D    0.00 XXX   0 X   -0.95 LYS1578 D
GLU1574 D                                            0.00 XXX   0 X    0.00 XXX   0 X   -1.07 ARG1635 D

GLU1685 D   3.23     0 %    0.20  144   0.00    0   -0.62 SER1738 D   -0.85 SER1738 D    0.00 XXX   0 X

GLU1773 D   4.22    59 %    1.92  447   0.18    0   -0.85 TYR1495 D    0.00 XXX   0 X   -0.68 LYS1499 D
GLU1773 D                                           -0.85 LYS1499 D    0.00 XXX   0 X    0.00 XXX   0 X

GLU1780 D   5.12    25 %    0.47  351   0.05    0    0.00 XXX   0 X    0.00 XXX   0 X   -0.01 LYS1499 D
GLU1780 D                                            0.00 XXX   0 X    0.00 XXX   0 X   -0.01 ARG1644 D
GLU1780 D                                            0.00 XXX   0 X    0.00 XXX   0 X    0.04 ASP 252 B
GLU1780 D                                            0.00 XXX   0 X    0.00 XXX   0 X    0.08 GLU1781 D

GLU1781 D   4.82     0 %    0.21  280   0.00    0    0.00 XXX   0 X    0.00 XXX   0 X   -0.05 LYS 249 B
GLU1781 D                                            0.00 XXX   0 X    0.00 XXX   0 X   -0.03 LYS1641 D
GLU1781 D                                            0.00 XXX   0 X    0.00 XXX   0 X    0.19 ASP 252 B

GLU1784 D   4.02     0 %    0.15  124   0.00    0    0.00 XXX   0 X   -0.64 GLU1784 D    0.01 GLU 418 B

GLU1788 D   3.39     0 %    0.40  278   0.00    0   -0.85 LYS1505 D   -0.30 SER1503 D   -0.03 LYS1872 D
GLU1788 D                                            0.00 XXX   0 X    0.00 XXX   0 X    0.02 ASP1789 D
GLU1788 D                                            0.00 XXX   0 X    0.00 XXX   0 X    0.04 ASP1792 D
GLU1788 D                                            0.00 XXX   0 X    0.00 XXX   0 X   -0.38 LYS1505 D

GLU1796 D   4.83    13 %    0.39  317   0.02    0    0.00 XXX   0 X    0.00 XXX   0 X   -0.03 LYS1800 D
GLU1796 D                                            0.00 XXX   0 X    0.00 XXX   0 X   -0.15 ARG1826 D
GLU1796 D                                            0.00 XXX   0 X    0.00 XXX   0 X    0.09 ASP1792 D

GLU1799 D   4.92     0 %    0.32  252   0.00    0    0.00 XXX   0 X    0.00 XXX   0 X   -0.05 LYS1508 D
GLU1799 D                                            0.00 XXX   0 X    0.00 XXX   0 X    0.15 ASP1802 D

GLU1804 D   4.60     0 %    0.25  239   0.00    0    0.00 XXX   0 X    0.00 XXX   0 X   -0.14 ARG1847 D

GLU1810 D   4.90     0 %    0.30  256   0.00    0    0.00 XXX   0 X   -0.03 GLU1810 D   -0.13 ARG1847 D
GLU1810 D                                            0.00 XXX   0 X    0.00 XXX   0 X    0.26 GLU1804 D

GLU1823 D   4.70     0 %    0.15  171   0.00    0    0.00 XXX   0 X    0.00 XXX   0 X   -0.14 ARG1826 D
GLU1823 D                                            0.00 XXX   0 X    0.00 XXX   0 X    0.17 ASP1789 D
GLU1823 D                                            0.00 XXX   0 X    0.00 XXX   0 X    0.02 ASP1792 D

GLU1864 D   3.46     0 %    0.22  163   0.00    0   -0.85 LYS1859 D    0.00 XXX   0 X   -0.03 ARG1860 D
GLU1864 D                                            0.00 XXX   0 X    0.00 XXX   0 X   -0.38 LYS1859 D

GLU1867 D   4.47     0 %    0.12  200   0.00    0    0.00 XXX   0 X    0.00 XXX   0 X   -0.02 LYS1493 D
GLU1867 D                                            0.00 XXX   0 X    0.00 XXX   0 X   -0.18 LYS1859 D
GLU1867 D                                            0.00 XXX   0 X    0.00 XXX   0 X    0.05 GLU1864 D

GLU1876 D   4.37    40 %    1.22  393   0.04    0   -0.85 LYS1504 D    0.00 XXX   0 X   -0.54 LYS1504 D

GLU1877 D   3.26     0 %    0.29  282   0.00    0   -0.37 GLN1874 D    0.00 XXX   0 X   -0.03 HIS1849 D
GLU1877 D                                           -0.75 LYS1878 D    0.00 XXX   0 X   -0.38 LYS1878 D

C- 1882 D   3.42     3 %    0.27  291   0.00    0    0.00 XXX   0 X    0.00 XXX   0 X   -0.00 LYS1508 D
C- 1882 D                                            0.00 XXX   0 X    0.00 XXX   0 X   -0.01 ARG1583 D
C- 1882 D                                            0.00 XXX   0 X    0.00 XXX   0 X   -0.03 HIS1849 D

HIS1200 D   5.96     0 %   -0.40  241   0.00    0    0.00 XXX   0 X    0.30 LYS1162 D   -0.37 N+ 1162 D
HIS1200 D                                            0.00 XXX   0 X    0.00 XXX   0 X   -0.06 ARG1193 D
HIS1200 D                                            0.00 XXX   0 X    0.00 XXX   0 X   -0.17 LYS1196 D
HIS1200 D                                            0.00 XXX   0 X    0.00 XXX   0 X    0.06 ASP1163 D
HIS1200 D                                            0.00 XXX   0 X    0.00 XXX   0 X    0.10 GLU1203 D

HIS1204 D   6.26     0 %   -0.24  189   0.00    0    0.00 XXX   0 X    0.00 XXX   0 X    0.00 XXX   0 X

HIS1584 D   6.28     0 %   -0.13  200   0.00    0    0.00 XXX   0 X    0.00 XXX   0 X   -0.09 ARG1583 D

HIS1849 D   5.96    50 %   -1.45  422   0.00    0    0.00 XXX   0 X    0.01 ALA1805 D    0.40 ASP1852 D
HIS1849 D                                            0.00 XXX   0 X    0.43 GLN1807 D    0.03 GLU1877 D
HIS1849 D                                            0.00 XXX   0 X    0.00 XXX   0 X    0.03 C- 1882 D

CYS1167 D   9.77    26 %    1.15  353   0.00    0    0.00 XXX   0 X   -0.19 PHE1263 D   -0.37 ARG1195 D
CYS1167 D                                            0.00 XXX   0 X    0.00 XXX   0 X   -0.00 LYS1264 D
CYS1167 D                                            0.00 XXX   0 X    0.00 XXX   0 X    0.13 ASP1166 D
CYS1167 D                                            0.00 XXX   0 X    0.00 XXX   0 X    0.05 CYS1178 D

CYS1172 D  11.06*    0 %    0.53  213   0.00    0    0.45 CYS1176 D    0.00 XXX   0 X    0.04 ASP1166 D
CYS1172 D                                            0.29 CYS1178 D    0.00 XXX   0 X    0.03 CYS1167 D
CYS1172 D                                            0.00 XXX   0 X    0.00 XXX   0 X    0.38 CYS1176 D
CYS1172 D                                            0.00 XXX   0 X    0.00 XXX   0 X    0.34 CYS1178 D

CYS1176 D   8.89*    0 %    0.37  150   0.00    0   -0.02 CYS1178 D    0.00 XXX   0 X    0.00 XXX   0 X
CYS1176 D                                           -0.45 CYS1172 D    0.00 XXX   0 X    0.00 XXX   0 X

CYS1178 D   9.46     0 %    0.62  198   0.00    0    0.02 CYS1176 D   -0.29 CYS1178 D    0.12 ASP1166 D
CYS1178 D                                           -0.29 CYS1172 D    0.00 XXX   0 X    0.26 CYS1176 D
CYS1178 D                                            0.00 XXX   0 X    0.00 XXX   0 X    0.02 CYS1179 D

CYS1179 D   9.21     0 %    0.19  166   0.00    0    0.00 XXX   0 X    0.00 XXX   0 X    0.02 ASP1166 D

CYS1198 D  10.03    17 %    1.07  329   0.00    0    0.00 XXX   0 X   -0.02 CYS1198 D   -0.02 ARG1195 D

CYS1272 D   9.85    25 %    0.97  352   0.00    0    0.00 XXX   0 X    0.00 XXX   0 X   -0.03 LYS1257 D
CYS1272 D                                            0.00 XXX   0 X    0.00 XXX   0 X   -0.28 LYS1265 D
CYS1272 D                                            0.00 XXX   0 X    0.00 XXX   0 X   -0.03 ARG1312 D
CYS1272 D                                            0.00 XXX   0 X    0.00 XXX   0 X    0.22 ASP1275 D

CYS1341 D  11.90    88 %    2.90  529   0.00    0    0.00 XXX   0 X    0.00 XXX   0 X    0.00 XXX   0 X

CYS1363 D  12.14*   42 %    1.92  399   0.00    0    0.68 CYS1384 D    0.00 XXX   0 X   -0.00 LYS1381 D
CYS1363 D                                            0.00 XXX   0 X    0.00 XXX   0 X    0.55 CYS1384 D

CYS1384 D   9.82*   33 %    1.47  373   0.00    0   -0.68 CYS1363 D    0.00 XXX   0 X   -0.12 LYS1381 D
CYS1384 D                                            0.00 XXX   0 X    0.00 XXX   0 X    0.14 GLU1385 D

CYS1539 D   9.78    23 %    0.78  345   0.00    0    0.00 XXX   0 X    0.00 XXX   0 X    0.00 XXX   0 X

CYS1575 D   9.72*   33 %    1.33  373   0.00    0   -0.85 TYR1586 D    0.00 XXX   0 X   -0.03 LYS1578 D
CYS1575 D                                            0.00 XXX   0 X    0.00 XXX   0 X   -0.01 ARG1635 D
CYS1575 D                                            0.00 XXX   0 X    0.00 XXX   0 X    0.18 GLU1574 D
CYS1575 D                                            0.00 XXX   0 X    0.00 XXX   0 X    0.09 ASP1595 D

CYS1703 D  12.64    96 %    3.66  549   0.00    0    0.00 XXX   0 X   -0.05 ASN1693 D    0.05 ASP1689 D
CYS1703 D                                            0.00 XXX   0 X   -0.02 CYS1703 D    0.00 XXX   0 X

CYS1728 D   9.52    13 %    0.57  317   0.00    0    0.00 XXX   0 X    0.00 XXX   0 X   -0.16 LYS1399 D
CYS1728 D                                            0.00 XXX   0 X    0.00 XXX   0 X   -0.09 ARG1739 D
CYS1728 D                                            0.00 XXX   0 X    0.00 XXX   0 X    0.19 ASP1729 D

CYS1742 D  10.42    52 %    1.50  427   0.00    0    0.00 XXX   0 X    0.00 XXX   0 X   -0.02 LYS1683 D
CYS1742 D                                            0.00 XXX   0 X    0.00 XXX   0 X   -0.11 ARG1739 D
CYS1742 D                                            0.00 XXX   0 X    0.00 XXX   0 X    0.06 ASP1741 D

CYS1850 D  12.21   100 %    3.19  560   0.00    0    0.00 XXX   0 X    0.00 XXX   0 X    0.02 ASP1852 D

TYR1199 D  10.89     0 %    0.36  282   0.00    0    0.00 XXX   0 X    0.00 XXX   0 X    0.01 ASP1163 D
TYR1199 D                                            0.00 XXX   0 X    0.00 XXX   0 X    0.15 GLU1165 D
TYR1199 D                                            0.00 XXX   0 X    0.00 XXX   0 X    0.36 GLU1203 D

TYR1228 D  10.66    21 %    1.46  339   0.00    0   -0.83 GLN1695 D    0.00 XXX   0 X    0.00 ASP1226 D
TYR1228 D                                            0.00 XXX   0 X    0.00 XXX   0 X    0.08 CYS1742 D
TYR1228 D                                            0.00 XXX   0 X    0.00 XXX   0 X   -0.06 LYS1683 D

TYR1241 D  10.10     0 %    0.10  129   0.00    0    0.00 XXX   0 X    0.00 XXX   0 X    0.00 XXX   0 X

TYR1248 D  10.07     0 %    0.26  220   0.00    0    0.00 XXX   0 X    0.00 XXX   0 X    0.02 ASP1243 D
TYR1248 D                                            0.00 XXX   0 X    0.00 XXX   0 X   -0.22 LYS1244 D

TYR1261 D  11.77    41 %    1.04  395   0.00    0    0.00 XXX   0 X    0.00 XXX   0 X    0.04 GLU1165 D
TYR1261 D                                            0.00 XXX   0 X    0.00 XXX   0 X    0.22 GLU1203 D
TYR1261 D                                            0.00 XXX   0 X    0.00 XXX   0 X    0.15 GLU1208 D
TYR1261 D                                            0.00 XXX   0 X    0.00 XXX   0 X    0.04 CYS1272 D
TYR1261 D                                            0.00 XXX   0 X    0.00 XXX   0 X    0.28 TYR1199 D

TYR1266 D  12.22    56 %    1.66  439   0.00    0    0.00 XXX   0 X    0.00 XXX   0 X    0.09 GLU1253 D
TYR1266 D                                            0.00 XXX   0 X    0.00 XXX   0 X    0.10 CYS1272 D
TYR1266 D                                            0.00 XXX   0 X    0.00 XXX   0 X    0.10 ASP1275 D
TYR1266 D                                            0.00 XXX   0 X    0.00 XXX   0 X    0.47 ASP1280 D
TYR1266 D                                            0.00 XXX   0 X    0.00 XXX   0 X   -0.19 ARG1312 D

TYR1375 D  11.41     0 %    0.52  249   0.00    0    0.79 GLU1436 D    0.00 XXX   0 X   -0.38 ARG1432 D
TYR1375 D                                            0.00 XXX   0 X    0.00 XXX   0 X    0.10 TYR1442 D
TYR1375 D                                            0.00 XXX   0 X    0.00 XXX   0 X    0.38 GLU1436 D

TYR1394 D  10.75    12 %    0.53  316   0.00    0    0.00 XXX   0 X    0.00 XXX   0 X    0.21 CYS1728 D
TYR1394 D                                            0.00 XXX   0 X    0.00 XXX   0 X    0.01 ASP1729 D

TYR1409 D  12.37    62 %    2.37  454   0.00    0    0.00 XXX   0 X    0.00 XXX   0 X    0.00 XXX   0 X

TYR1426 D  12.57    72 %    2.48  484   0.00    0    0.00 XXX   0 X    0.00 XXX   0 X   -0.26 ARG 878 C
TYR1426 D                                            0.00 XXX   0 X    0.00 XXX   0 X   -0.38 ARG 893 C
TYR1426 D                                            0.00 XXX   0 X    0.00 XXX   0 X    0.07 GLU 898 C
TYR1426 D                                            0.00 XXX   0 X    0.00 XXX   0 X    0.30 GLU 901 C
TYR1426 D                                            0.00 XXX   0 X    0.00 XXX   0 X    0.10 ASP 905 C
TYR1426 D                                            0.00 XXX   0 X    0.00 XXX   0 X    0.24 ASP1423 D
TYR1426 D                                            0.00 XXX   0 X    0.00 XXX   0 X    0.02 ASP1430 D
TYR1426 D                                            0.00 XXX   0 X    0.00 XXX   0 X    0.01 GLU1441 D

TYR1434 D  10.09     0 %    0.08  175   0.00    0    0.00 XXX   0 X    0.00 XXX   0 X    0.01 GLU1436 D

TYR1442 D  10.01     0 %    0.25  254   0.00    0   -0.00 ARG1432 D    0.00 XXX   0 X   -0.38 ARG1432 D
TYR1442 D                                            0.00 XXX   0 X    0.00 XXX   0 X    0.14 GLU1436 D

TYR1445 D  10.33     0 %    0.21  235   0.00    0    0.00 XXX   0 X    0.00 XXX   0 X    0.12 ASP 883 C

TYR1447 D  12.91    66 %    2.53  467   0.00    0    0.00 XXX   0 X    0.00 XXX   0 X   -0.30 ARG 878 C
TYR1447 D                                            0.00 XXX   0 X    0.00 XXX   0 X    0.14 ASP1430 D
TYR1447 D                                            0.00 XXX   0 X    0.00 XXX   0 X    0.27 GLU1441 D
TYR1447 D                                            0.00 XXX   0 X    0.00 XXX   0 X    0.28 TYR1426 D

TYR1449 D  13.77   100 %    3.82  571   0.00    0    0.00 XXX   0 X   -0.05 GLY1352 D    0.00 XXX   0 X

TYR1494 D  10.75    23 %    0.75  345   0.00    0    0.00 XXX   0 X    0.00 XXX   0 X    0.00 XXX   0 X

TYR1495 D  12.82    52 %    1.27  426   0.00    0    0.85 GLU1773 D    0.00 XXX   0 X    0.70 GLU1773 D

TYR1517 D  10.06     0 %    0.06   77   0.00    0    0.00 XXX   0 X    0.00 XXX   0 X    0.00 XXX   0 X

TYR1585 D  10.84    40 %    0.87  393   0.00    0    0.00 XXX   0 X    0.00 XXX   0 X    0.08 GLU1876 D
TYR1585 D                                            0.00 XXX   0 X    0.00 XXX   0 X   -0.11 LYS1504 D

TYR1586 D  13.55*   45 %    1.69  408   0.00    0    0.85 CYS1575 D    0.00 XXX   0 X    0.38 GLU1574 D
TYR1586 D                                            0.00 XXX   0 X    0.00 XXX   0 X    0.26 ASP1595 D
TYR1586 D                                            0.00 XXX   0 X    0.00 XXX   0 X   -0.15 ARG1635 D
TYR1586 D                                            0.00 XXX   0 X    0.00 XXX   0 X   -0.05 ARG1638 D
TYR1586 D                                            0.00 XXX   0 X    0.00 XXX   0 X    0.56 CYS1575 D

TYR1615 D  10.11     0 %    0.11   89   0.00    0    0.00 XXX   0 X    0.00 XXX   0 X    0.00 XXX   0 X

TYR1671 D  11.01    56 %    1.86  437   0.00    0   -0.85 THR1754 D    0.00 XXX   0 X    0.00 XXX   0 X

TYR1681 D  10.09     0 %    0.10  183   0.00    0    0.00 XXX   0 X    0.00 XXX   0 X   -0.01 LYS1683 D

TYR1727 D  11.69    44 %    1.35  404   0.00    0   -0.57 LYS1397 D    0.00 XXX   0 X   -0.61 LYS1397 D
TYR1727 D                                            0.83 ASP1403 D    0.00 XXX   0 X    0.69 ASP1403 D

TYR1755 D  12.49    86 %    3.44  522   0.00    0   -0.85 THR1708 D    0.00 XXX   0 X    0.11 TYR1671 D
TYR1755 D                                           -0.21 SER1759 D    0.00 XXX   0 X    0.00 XXX   0 X

TYR1767 D  12.19    86 %    2.19  523   0.00    0    0.00 XXX   0 X    0.00 XXX   0 X    0.00 XXX   0 X

TYR1795 D  10.48     0 %    0.26  212   0.00    0    0.00 XXX   0 X    0.00 XXX   0 X    0.05 ASP1792 D
TYR1795 D                                            0.00 XXX   0 X    0.00 XXX   0 X    0.00 GLU1796 D
TYR1795 D                                            0.00 XXX   0 X    0.00 XXX   0 X    0.23 GLU1799 D
TYR1795 D                                            0.00 XXX   0 X    0.00 XXX   0 X   -0.05 LYS1505 D

TYR1811 D  11.49    32 %    1.82  370   0.00    0   -0.26 GLN1832 D   -0.02 ILE1836 D    0.00 ASP1839 D
TYR1811 D                                            0.00 XXX   0 X    0.00 XXX   0 X    0.00 ASP1846 D
TYR1811 D                                            0.00 XXX   0 X    0.00 XXX   0 X   -0.06 ARG1860 D

LYS1162 D  10.61     0 %   -0.14  157   0.00    0    0.00 XXX   0 X    0.00 XXX   0 X    0.19 ASP1163 D
LYS1162 D                                            0.00 XXX   0 X    0.00 XXX   0 X    0.09 GLU1165 D
LYS1162 D                                            0.00 XXX   0 X    0.00 XXX   0 X    0.01 GLU1203 D
LYS1162 D                                            0.00 XXX   0 X    0.00 XXX   0 X   -0.04 LYS1196 D

LYS1189 D  10.30     0 %   -0.20  122   0.00    0    0.00 XXX   0 X    0.00 XXX   0 X    0.00 XXX   0 X

LYS1196 D  11.10     0 %   -0.43  204   0.00    0    0.85 ASP1163 D    0.00 XXX   0 X   -0.20 ARG1193 D
LYS1196 D                                            0.00 XXX   0 X    0.00 XXX   0 X    0.38 ASP1163 D

LYS1233 D  10.34     0 %   -0.10  109   0.00    0    0.00 XXX   0 X    0.00 XXX   0 X    0.04 GLU1240 D
LYS1233 D                                            0.00 XXX   0 X    0.00 XXX   0 X   -0.11 LYS1236 D

LYS1236 D  11.75     0 %   -0.30  193   0.00    0    0.85 GLU1240 D    0.00 XXX   0 X    0.10 GLU1225 D
LYS1236 D                                            0.00 XXX   0 X    0.00 XXX   0 X    0.23 GLU1230 D
LYS1236 D                                            0.00 XXX   0 X    0.00 XXX   0 X    0.38 GLU1240 D

LYS1244 D  10.74     0 %   -0.18  240   0.00    0    0.00 XXX   0 X    0.00 XXX   0 X    0.12 GLU1240 D
LYS1244 D                                            0.00 XXX   0 X    0.00 XXX   0 X    0.08 ASP1243 D
LYS1244 D                                            0.00 XXX   0 X    0.00 XXX   0 X    0.22 TYR1248 D

LYS1257 D  10.44    83 %   -2.21  513   0.00    0    0.79 GLU1253 D    0.00 XXX   0 X    0.15 GLU1208 D
LYS1257 D                                            0.00 XXX   0 X    0.00 XXX   0 X    0.03 CYS1272 D
LYS1257 D                                            0.00 XXX   0 X    0.00 XXX   0 X    0.27 ASP1275 D
LYS1257 D                                            0.00 XXX   0 X    0.00 XXX   0 X   -0.90 ARG1312 D
LYS1257 D                                            0.00 XXX   0 X    0.00 XXX   0 X   -0.11 ARG1316 D
LYS1257 D                                            0.00 XXX   0 X    0.00 XXX   0 X    1.10 GLU1253 D
LYS1257 D                                            0.00 XXX   0 X    0.00 XXX   0 X    0.83 ASP1280 D

LYS1264 D  11.51     0 %   -0.39  282   0.00    0    0.85 GLU1165 D    0.00 XXX   0 X    0.13 ASP1166 D
LYS1264 D                                            0.00 XXX   0 X    0.00 XXX   0 X    0.00 CYS1167 D
LYS1264 D                                            0.00 XXX   0 X    0.00 XXX   0 X    0.04 GLU1170 D
LYS1264 D                                            0.00 XXX   0 X    0.00 XXX   0 X   -0.02 ARG1195 D
LYS1264 D                                            0.00 XXX   0 X    0.00 XXX   0 X    0.39 GLU1165 D

LYS1265 D  10.26    30 %   -0.65  365   0.00    0    0.00 XXX   0 X    0.00 XXX   0 X    0.09 GLU1165 D
LYS1265 D                                            0.00 XXX   0 X    0.00 XXX   0 X    0.03 GLU1203 D
LYS1265 D                                            0.00 XXX   0 X    0.00 XXX   0 X    0.02 GLU1208 D
LYS1265 D                                            0.00 XXX   0 X    0.00 XXX   0 X    0.28 CYS1272 D
LYS1265 D                                            0.00 XXX   0 X    0.00 XXX   0 X   -0.02 LYS1264 D

LYS1300 D  11.19     0 %   -0.38  178   0.00    0    0.85 GLU1295 D    0.00 XXX   0 X   -0.17 ARG1303 D
LYS1300 D                                            0.00 XXX   0 X    0.00 XXX   0 X    0.38 GLU1295 D

LYS1359 D   9.19    61 %   -1.31  451   0.00    0    0.00 XXX   0 X    0.00 XXX   0 X    0.01 ASP1403 D

LYS1381 D  11.65     8 %   -0.43  303   0.00    0    0.85 GLU1385 D    0.00 XXX   0 X    0.00 CYS1363 D
LYS1381 D                                            0.00 XXX   0 X    0.00 XXX   0 X    0.12 CYS1384 D
LYS1381 D                                            0.00 XXX   0 X    0.00 XXX   0 X    0.24 GLU1435 D
LYS1381 D                                            0.00 XXX   0 X    0.00 XXX   0 X    0.02 TYR 739 C
LYS1381 D                                            0.00 XXX   0 X    0.00 XXX   0 X   -0.04 LYS1397 D
LYS1381 D                                            0.00 XXX   0 X    0.00 XXX   0 X    0.38 GLU1385 D

LYS1397 D  12.09    47 %   -1.29  412   0.00    0    0.57 TYR1727 D    0.00 XXX   0 X    0.04 GLU1435 D
LYS1397 D                                            0.85 ASP1403 D    0.00 XXX   0 X    0.11 TYR 739 C
LYS1397 D                                            0.00 XXX   0 X    0.00 XXX   0 X    0.61 TYR1727 D
LYS1397 D                                            0.00 XXX   0 X    0.00 XXX   0 X    0.70 ASP1403 D

LYS1399 D  10.59    30 %   -1.29  364   0.00    0    0.85 ASP1729 D    0.00 XXX   0 X   -0.15 ARG1362 D
LYS1399 D                                            0.00 XXX   0 X    0.00 XXX   0 X    0.02 ASP1370 D
LYS1399 D                                            0.00 XXX   0 X    0.00 XXX   0 X    0.16 CYS1728 D
LYS1399 D                                            0.00 XXX   0 X    0.00 XXX   0 X    0.51 ASP1729 D

LYS1419 D  11.13    73 %   -1.83  486   0.00    0    0.85 GLU 375 B    0.00 XXX   0 X    0.11 ASP 372 B
LYS1419 D                                            0.00 XXX   0 X    0.00 XXX   0 X    0.13 CYS 373 B
LYS1419 D                                            0.00 XXX   0 X    0.00 XXX   0 X   -0.03 ARG 893 C
LYS1419 D                                            0.00 XXX   0 X    0.00 XXX   0 X    0.29 GLU 898 C
LYS1419 D                                            0.00 XXX   0 X    0.00 XXX   0 X    0.20 ASP1714 D
LYS1419 D                                            0.00 XXX   0 X    0.00 XXX   0 X    0.90 GLU 375 B

LYS1477 D   9.98    17 %   -0.44  329   0.00    0    0.00 XXX   0 X    0.00 XXX   0 X    0.00 C-  943 C
LYS1477 D                                            0.00 XXX   0 X    0.00 XXX   0 X   -0.09 LYS1478 D

LYS1478 D  10.60     0 %   -0.34  204   0.00    0    0.00 XXX   0 X    0.00 XXX   0 X    0.29 C-  943 C
LYS1478 D                                            0.00 XXX   0 X    0.00 XXX   0 X    0.15 ASP1471 D

LYS1479 D  10.23     0 %   -0.27  208   0.00    0    0.00 XXX   0 X    0.00 XXX   0 X    0.00 XXX   0 X

LYS1492 D  10.60     0 %   -0.28  270   0.00    0    0.00 XXX   0 X    0.00 XXX   0 X    0.13 GLU1318 D
LYS1492 D                                            0.00 XXX   0 X    0.00 XXX   0 X   -0.02 ARG1321 D
LYS1492 D                                            0.00 XXX   0 X    0.00 XXX   0 X    0.12 ASP1484 D
LYS1492 D                                            0.00 XXX   0 X    0.00 XXX   0 X    0.15 GLU1489 D

LYS1493 D  11.63     0 %   -0.39  163   0.00    0    0.85 GLU1490 D    0.00 XXX   0 X    0.02 GLU1318 D
LYS1493 D                                            0.00 XXX   0 X    0.00 XXX   0 X    0.24 GLU1489 D
LYS1493 D                                            0.00 XXX   0 X    0.00 XXX   0 X    0.02 GLU1867 D
LYS1493 D                                            0.00 XXX   0 X    0.00 XXX   0 X    0.38 GLU1490 D

LYS1499 D  10.66    48 %   -1.38  416   0.00    0    0.85 GLU1773 D    0.00 XXX   0 X    0.01 GLU1780 D
LYS1499 D                                            0.00 XXX   0 X    0.00 XXX   0 X    0.68 GLU1773 D

LYS1500 D  11.13    13 %   -0.65  319   0.00    0    0.85 ASP1869 D    0.00 XXX   0 X    0.01 ASP1790 D
LYS1500 D                                            0.00 XXX   0 X    0.00 XXX   0 X    0.43 ASP1869 D

LYS1504 D  11.11    31 %   -0.89  367   0.00    0    0.85 GLU1876 D    0.00 XXX   0 X    0.11 TYR1585 D
LYS1504 D                                            0.00 XXX   0 X    0.00 XXX   0 X    0.54 GLU1876 D

LYS1505 D  11.60     0 %   -0.41  245   0.00    0    0.85 GLU1788 D    0.00 XXX   0 X    0.05 ASP1789 D
LYS1505 D                                            0.00 XXX   0 X    0.00 XXX   0 X    0.01 ASP1790 D
LYS1505 D                                            0.00 XXX   0 X    0.00 XXX   0 X    0.18 ASP1792 D
LYS1505 D                                            0.00 XXX   0 X    0.00 XXX   0 X   -0.01 ARG1826 D
LYS1505 D                                            0.00 XXX   0 X    0.00 XXX   0 X    0.05 TYR1795 D
LYS1505 D                                            0.00 XXX   0 X    0.00 XXX   0 X    0.38 GLU1788 D

LYS1508 D  11.01    11 %   -0.78  313   0.00    0    0.85 ASP1802 D    0.00 XXX   0 X    0.05 GLU1799 D
LYS1508 D                                            0.00 XXX   0 X    0.00 XXX   0 X    0.00 C- 1882 D
LYS1508 D                                            0.00 XXX   0 X    0.00 XXX   0 X    0.39 ASP1802 D

LYS1516 D  10.41     0 %   -0.07  104   0.00    0    0.00 XXX   0 X    0.00 XXX   0 X   -0.02 ARG1512 D

LYS1527 D  10.48     0 %   -0.10  139   0.00    0    0.00 XXX   0 X    0.00 XXX   0 X    0.07 ASP1523 D

LYS1556 D  10.38     0 %   -0.12  106   0.00    0    0.00 XXX   0 X    0.00 XXX   0 X    0.00 XXX   0 X

LYS1562 D  10.42     0 %   -0.08  106   0.00    0    0.00 XXX   0 X    0.00 XXX   0 X    0.00 XXX   0 X

LYS1578 D   9.87    67 %   -1.89  469   0.00    0    0.85 GLU1574 D    0.00 XXX   0 X    0.44 ASP1531 D
LYS1578 D                                            0.00 XXX   0 X    0.00 XXX   0 X    0.03 CYS1575 D
LYS1578 D                                            0.00 XXX   0 X    0.00 XXX   0 X    0.13 ASP1595 D
LYS1578 D                                            0.00 XXX   0 X    0.00 XXX   0 X   -0.94 ARG1635 D
LYS1578 D                                            0.00 XXX   0 X    0.00 XXX   0 X   -0.19 ARG1638 D
LYS1578 D                                            0.00 XXX   0 X    0.00 XXX   0 X    0.95 GLU1574 D

LYS1614 D  10.55     0 %   -0.10  102   0.00    0    0.00 XXX   0 X    0.00 XXX   0 X    0.15 ASP1610 D

LYS1641 D  10.55     0 %   -0.11  172   0.00    0    0.00 XXX   0 X    0.00 XXX   0 X    0.19 ASP 252 B
LYS1641 D                                            0.00 XXX   0 X    0.00 XXX   0 X   -0.07 ARG1644 D
LYS1641 D                                            0.00 XXX   0 X    0.00 XXX   0 X    0.03 GLU1781 D

LYS1683 D  11.36     0 %   -0.45  198   0.00    0    0.85 ASP1741 D    0.00 XXX   0 X   -0.01 ARG1739 D
LYS1683 D                                            0.00 XXX   0 X    0.00 XXX   0 X    0.02 CYS1742 D
LYS1683 D                                            0.00 XXX   0 X    0.00 XXX   0 X    0.06 TYR1228 D
LYS1683 D                                            0.00 XXX   0 X    0.00 XXX   0 X    0.01 TYR1681 D
LYS1683 D                                            0.00 XXX   0 X    0.00 XXX   0 X    0.38 ASP1741 D

LYS1800 D  10.41     0 %   -0.13  184   0.00    0    0.00 XXX   0 X    0.00 XXX   0 X    0.03 GLU1796 D

LYS1829 D  10.67     0 %   -0.17  166   0.00    0    0.00 XXX   0 X    0.00 XXX   0 X    0.15 ASP1816 D
LYS1829 D                                            0.00 XXX   0 X    0.00 XXX   0 X    0.19 ASP1819 D

LYS1859 D  11.42     0 %   -0.51  203   0.00    0    0.85 GLU1864 D    0.00 XXX   0 X   -0.00 ARG1860 D
LYS1859 D                                            0.00 XXX   0 X    0.00 XXX   0 X    0.18 GLU1867 D
LYS1859 D                                            0.00 XXX   0 X    0.00 XXX   0 X    0.02 ASP1869 D
LYS1859 D                                            0.00 XXX   0 X    0.00 XXX   0 X    0.38 GLU1864 D

LYS1872 D  10.70    41 %   -1.38  396   0.00    0    0.85 ASP1790 D    0.00 XXX   0 X    0.03 GLU1788 D
LYS1872 D                                            0.00 XXX   0 X    0.00 XXX   0 X    0.01 ASP1789 D
LYS1872 D                                            0.00 XXX   0 X    0.00 XXX   0 X    0.22 ASP1869 D
LYS1872 D                                            0.00 XXX   0 X    0.00 XXX   0 X   -0.14 LYS1500 D
LYS1872 D                                            0.00 XXX   0 X    0.00 XXX   0 X    0.62 ASP1790 D

LYS1878 D  11.36     0 %   -0.27  247   0.00    0    0.75 GLU1877 D    0.00 XXX   0 X    0.38 GLU1877 D

ARG1174 D  12.40     0 %   -0.10   92   0.00    0    0.00 XXX   0 X    0.00 XXX   0 X    0.00 XXX   0 X

ARG1175 D  12.43     0 %   -0.07   80   0.00    0    0.00 XXX   0 X    0.00 XXX   0 X    0.00 XXX   0 X

ARG1193 D  12.39     0 %   -0.14  174   0.00    0    0.00 XXX   0 X    0.00 XXX   0 X    0.03 ASP1163 D

ARG1195 D  11.76    38 %   -1.25  388   0.00    0    0.00 XXX   0 X    0.00 XXX   0 X    0.03 GLU1165 D
ARG1195 D                                            0.00 XXX   0 X    0.00 XXX   0 X    0.08 ASP1166 D
ARG1195 D                                            0.00 XXX   0 X    0.00 XXX   0 X    0.37 CYS1167 D
ARG1195 D                                            0.00 XXX   0 X    0.00 XXX   0 X    0.02 CYS1198 D

ARG1232 D  12.31     0 %   -0.20  106   0.00    0    0.00 XXX   0 X    0.00 XXX   0 X    0.01 GLU1231 D

ARG1303 D  11.97     8 %   -0.53  304   0.00    0    0.00 XXX   0 X    0.00 XXX   0 X    0.06 GLU1295 D
ARG1303 D                                            0.00 XXX   0 X    0.00 XXX   0 X   -0.06 ARG1306 D

ARG1306 D  12.94    67 %   -1.50  469   0.00    0    1.18 ASP1243 D    0.00 XXX   0 X    0.03 GLU1225 D
ARG1306 D                                            0.00 XXX   0 X    0.00 XXX   0 X    0.72 ASP1243 D

ARG1309 D   9.95    80 %   -2.04  505   0.00    0    0.00 XXX   0 X    0.00 XXX   0 X    0.44 ASP1243 D
ARG1309 D                                            0.00 XXX   0 X    0.00 XXX   0 X   -0.96 ARG1306 D

ARG1312 D  15.25    86 %   -2.19  523   0.00    0    0.75 ASP1275 D    0.00 XXX   0 X    0.49 GLU1253 D
ARG1312 D                                            1.29 ASP1280 D    0.00 XXX   0 X    0.19 TYR1266 D
ARG1312 D                                            0.00 XXX   0 X    0.00 XXX   0 X    0.03 CYS1272 D
ARG1312 D                                            0.00 XXX   0 X    0.00 XXX   0 X    0.91 ASP1275 D
ARG1312 D                                            0.00 XXX   0 X    0.00 XXX   0 X    1.28 ASP1280 D

ARG1316 D  13.94    34 %   -0.86  377   0.00    0    1.66 GLU1208 D    0.00 XXX   0 X    0.11 GLU1253 D
ARG1316 D                                            0.00 XXX   0 X    0.00 XXX   0 X    0.07 ASP1275 D
ARG1316 D                                            0.00 XXX   0 X    0.00 XXX   0 X   -0.05 ARG1312 D
ARG1316 D                                            0.00 XXX   0 X    0.00 XXX   0 X    0.53 GLU1208 D

ARG1321 D  12.27     5 %   -0.39  294   0.00    0    0.00 XXX   0 X    0.00 XXX   0 X    0.19 GLU1318 D
ARG1321 D                                            0.00 XXX   0 X    0.00 XXX   0 X   -0.02 ARG1316 D

ARG1362 D  10.95    75 %   -1.58  491   0.00    0    0.00 XXX   0 X    0.00 XXX   0 X    0.01 ASP1370 D
ARG1362 D                                            0.00 XXX   0 X    0.00 XXX   0 X    0.02 ASP1423 D
ARG1362 D                                            0.00 XXX   0 X    0.00 XXX   0 X    0.00 ASP1729 D

ARG1432 D  13.65     2 %   -0.71  288   0.00    0    0.00 TYR1442 D    0.00 XXX   0 X    0.38 TYR1375 D
ARG1432 D                                            0.72 GLU1436 D    0.00 XXX   0 X    0.38 TYR1442 D
ARG1432 D                                            0.00 XXX   0 X    0.00 XXX   0 X    0.38 GLU1436 D

ARG1512 D  13.95     0 %   -0.36  217   0.00    0    1.43 ASP1523 D    0.00 XXX   0 X    0.38 ASP1523 D

ARG1583 D  12.22     0 %   -0.29  262   0.00    0    0.00 XXX   0 X    0.00 XXX   0 X    0.01 C- 1882 D

ARG1623 D  11.20    70 %   -1.60  478   0.00    0    0.00 XXX   0 X    0.00 XXX   0 X    0.05 ASP 356 B
ARG1623 D                                            0.00 XXX   0 X    0.00 XXX   0 X    0.19 TYR 389 B
ARG1623 D                                            0.00 XXX   0 X    0.00 XXX   0 X    0.07 ASP1550 D

ARG1626 D  10.77    77 %   -1.14  496   0.00    0    0.00 XXX   0 X    0.00 XXX   0 X    0.43 GLU1548 D
ARG1626 D                                            0.00 XXX   0 X    0.00 XXX   0 X   -0.18 ARG1623 D
ARG1626 D                                            0.00 XXX   0 X    0.00 XXX   0 X   -0.84 ARG1629 D

ARG1629 D  13.04    77 %   -1.84  498   0.00    0    1.46 GLU1548 D    0.00 XXX   0 X    0.92 GLU1548 D

ARG1632 D  10.18    82 %   -2.18  511   0.00    0    0.00 XXX   0 X    0.00 XXX   0 X   -0.14 ARG1629 D

ARG1635 D  13.51    78 %   -1.76  500   0.00    0    0.78 GLU1574 D    0.00 XXX   0 X    0.27 ASP1531 D
ARG1635 D                                            0.00 XXX   0 X    0.00 XXX   0 X    0.01 CYS1575 D
ARG1635 D                                            0.00 XXX   0 X    0.00 XXX   0 X    0.15 TYR1586 D
ARG1635 D                                            0.00 XXX   0 X    0.00 XXX   0 X    0.49 ASP1595 D
ARG1635 D                                            0.00 XXX   0 X    0.00 XXX   0 X    1.07 GLU1574 D

ARG1638 D  11.46    61 %   -1.63  453   0.00    0    0.31 ASP1595 D    0.00 XXX   0 X    0.06 ASP1531 D
ARG1638 D                                            0.00 XXX   0 X    0.00 XXX   0 X    0.14 GLU1574 D
ARG1638 D                                            0.00 XXX   0 X    0.00 XXX   0 X    0.05 TYR1586 D
ARG1638 D                                            0.00 XXX   0 X    0.00 XXX   0 X   -0.53 ARG1635 D
ARG1638 D                                            0.00 XXX   0 X    0.00 XXX   0 X    0.56 ASP1595 D

ARG1644 D  12.25     0 %   -0.29  276   0.00    0    0.00 XXX   0 X    0.00 XXX   0 X    0.02 ASP 252 B
ARG1644 D                                            0.00 XXX   0 X    0.00 XXX   0 X    0.01 GLU1780 D

ARG1739 D  12.51    13 %   -0.34  319   0.00    0    0.00 XXX   0 X    0.00 XXX   0 X    0.09 CYS1728 D
ARG1739 D                                            0.00 XXX   0 X    0.00 XXX   0 X    0.05 ASP1729 D
ARG1739 D                                            0.00 XXX   0 X    0.00 XXX   0 X    0.11 ASP1741 D
ARG1739 D                                            0.00 XXX   0 X    0.00 XXX   0 X    0.11 CYS1742 D

ARG1826 D  13.97    14 %   -0.69  321   0.00    0    0.55 ASP1789 D    0.00 XXX   0 X    0.04 ASP1790 D
ARG1826 D                                            0.63 ASP1792 D    0.00 XXX   0 X    0.15 GLU1796 D
ARG1826 D                                            0.00 XXX   0 X    0.00 XXX   0 X    0.14 GLU1823 D
ARG1826 D                                            0.00 XXX   0 X    0.00 XXX   0 X    0.26 ASP1789 D
ARG1826 D                                            0.00 XXX   0 X    0.00 XXX   0 X    0.39 ASP1792 D

ARG1847 D  12.48     0 %   -0.30  205   0.00    0    0.00 XXX   0 X    0.00 XXX   0 X    0.14 GLU1804 D
ARG1847 D                                            0.00 XXX   0 X    0.00 XXX   0 X    0.13 GLU1810 D

ARG1860 D  12.11     6 %   -0.48  298   0.00    0    0.00 XXX   0 X    0.00 XXX   0 X    0.06 TYR1811 D
ARG1860 D                                            0.00 XXX   0 X    0.00 XXX   0 X    0.00 ASP1839 D
ARG1860 D                                            0.00 XXX   0 X    0.00 XXX   0 X    0.03 GLU1864 D

N+ 1162 D   7.62     0 %   -0.48  213   0.00    0    0.00 XXX   0 X    0.00 XXX   0 X   -0.12 LYS1162 D
N+ 1162 D                                            0.00 XXX   0 X    0.00 XXX   0 X    0.14 ASP1163 D
N+ 1162 D                                            0.00 XXX   0 X    0.00 XXX   0 X   -0.15 LYS1196 D
N+ 1162 D                                            0.00 XXX   0 X    0.00 XXX   0 X    0.23 GLU1203 D

Coupled residues (marked *) were detected.Please rerun PropKa with the --display-coupled-residues 
or -d option for detailed information.

2026-06-24 15:26:56,397 INFO:output.py:227:print_pka_section:pKa summary:
--------------------------------------------------------------------------------------------------------
SUMMARY OF THIS PREDICTION
       Group      pKa  model-pKa   ligand atom-type
   ASP  57 B     2.17       3.80                      
   ASP  66 B     2.68       3.80                      
   ASP  82 B     4.10       3.80                      
   ASP  84 B     3.22       3.80                      
   ASP 152 B     3.67       3.80                      
   ASP 191 B     4.83       3.80                      
   ASP 197 B     4.83       3.80                      
   ASP 211 B     3.90       3.80                      
   ASP 252 B     4.10       3.80                      
   ASP 297 B     3.40       3.80                      
   ASP 305 B     3.99       3.80                      
   ASP 310 B     4.03       3.80                      
   ASP 322 B     1.25       3.80                      
   ASP 331 B     3.98       3.80                      
   ASP 349 B     2.87       3.80                      
   ASP 356 B     4.98       3.80                      
   ASP 372 B     4.23       3.80                      
   ASP 716 C     3.91       3.80                      
   ASP 720 C     3.93       3.80                      
   ASP 772 C     2.79       3.80                      
   ASP 785 C     2.91       3.80                      
   ASP 870 C     3.93       3.80                      
   ASP 872 C     3.76       3.80                      
   ASP 883 C     3.72       3.80                      
   ASP 905 C     3.82       3.80                      
   ASP1163 D     2.46       3.80                      
   ASP1166 D     3.38       3.80                      
   ASP1182 D     2.63       3.80                      
   ASP1226 D     3.75       3.80                      
   ASP1243 D     2.83       3.80                      
   ASP1275 D     3.79       3.80                      
   ASP1280 D     3.29       3.80                      
   ASP1370 D     3.88       3.80                      
   ASP1403 D     2.80       3.80                      
   ASP1423 D     4.80       3.80                      
   ASP1430 D     4.16       3.80                      
   ASP1471 D     4.73       3.80                      
   ASP1484 D     3.95       3.80                      
   ASP1523 D     2.39       3.80                      
   ASP1531 D     4.32       3.80                      
   ASP1550 D     3.79       3.80                      
   ASP1551 D     2.83       3.80                      
   ASP1595 D     5.12       3.80                      
   ASP1610 D     3.85       3.80                      
   ASP1689 D     4.66       3.80                      
   ASP1690 D     2.20       3.80                      
   ASP1714 D     4.96       3.80                      
   ASP1729 D     2.93       3.80                      
   ASP1741 D     2.72       3.80                      
   ASP1789 D     2.35       3.80                      
   ASP1790 D     3.72       3.80                      
   ASP1792 D     3.20       3.80                      
   ASP1802 D     2.92       3.80                      
   ASP1816 D     3.93       3.80                      
   ASP1819 D     3.39       3.80                      
   ASP1839 D     4.00       3.80                      
   ASP1846 D     3.98       3.80                      
   ASP1852 D     4.43       3.80                      
   ASP1869 D     2.88       3.80                      
   GLU  19 A     4.56       4.50                      
   GLU  25 A     2.61       4.50                      
   GLU  30 A     3.81       4.50                      
   GLU  49 B     4.54       4.50                      
   GLU  50 B     4.54       4.50                      
   GLU  74 B     4.53       4.50                      
   GLU  78 B     2.91       4.50                      
   GLU  81 B     4.65       4.50                      
   GLU 161 B     4.14       4.50                      
   GLU 171 B     2.82       4.50                      
   GLU 208 B     3.23       4.50                      
   GLU 295 B     4.77       4.50                      
   GLU 302 B     4.57       4.50                      
   GLU 312 B     4.79       4.50                      
   GLU 337 B     4.30       4.50                      
   GLU 346 B     4.56       4.50                      
   GLU 375 B     4.17       4.50                      
   GLU 417 B     4.80       4.50                      
   GLU 418 B     3.63       4.50                      
   GLU 426 B     3.94       4.50                      
   GLU 428 B     4.49       4.50                      
   GLU 429 B     3.55       4.50                      
   GLU 431 B     4.05       4.50                      
   GLU 698 C     4.04       4.50                      
   GLU 737 C     3.67       4.50                      
   GLU 744 C     4.60       4.50                      
   GLU 746 C     4.87       4.50                      
   GLU 747 C     4.66       4.50                      
   GLU 763 C     4.38       4.50                      
   GLU 795 C     4.13       4.50                      
   GLU 867 C     4.59       4.50                      
   GLU 898 C     5.54       4.50                      
   GLU 901 C     4.55       4.50                      
   GLU 908 C     4.96       4.50                      
   GLU1165 D     3.34       4.50                      
   GLU1170 D     4.58       4.50                      
   GLU1203 D     4.44       4.50                      
   GLU1208 D     3.20       4.50                      
   GLU1225 D     5.20       4.50                      
   GLU1230 D     4.51       4.50                      
   GLU1231 D     4.98       4.50                      
   GLU1240 D     3.37       4.50                      
   GLU1253 D     5.05       4.50                      
   GLU1295 D     3.44       4.50                      
   GLU1318 D     3.82       4.50                      
   GLU1368 D     4.66       4.50                      
   GLU1385 D     3.52       4.50                      
   GLU1392 D     4.18       4.50                      
   GLU1435 D     4.79       4.50                      
   GLU1436 D     3.17       4.50                      
   GLU1441 D     5.45       4.50                      
   GLU1489 D     4.57       4.50                      
   GLU1490 D     3.58       4.50                      
   GLU1548 D     3.61       4.50                      
   GLU1555 D     4.58       4.50                      
   GLU1574 D     3.21       4.50                      
   GLU1685 D     3.23       4.50                      
   GLU1773 D     4.22       4.50                      
   GLU1780 D     5.12       4.50                      
   GLU1781 D     4.82       4.50                      
   GLU1784 D     4.02       4.50                      
   GLU1788 D     3.39       4.50                      
   GLU1796 D     4.83       4.50                      
   GLU1799 D     4.92       4.50                      
   GLU1804 D     4.60       4.50                      
   GLU1810 D     4.90       4.50                      
   GLU1823 D     4.70       4.50                      
   GLU1864 D     3.46       4.50                      
   GLU1867 D     4.47       4.50                      
   GLU1876 D     4.37       4.50                      
   GLU1877 D     3.26       4.50                      
   C-   37 A     3.28       3.20                      
   C-  433 B     2.03       3.20                      
   C-  943 C     3.18       3.20                      
   C- 1882 D     3.42       3.20                      
   HIS 118 B     5.88       6.50                      
   HIS 130 B     6.40       6.50                      
   HIS 151 B     6.38       6.50                      
   HIS 184 B     6.14       6.50                      
   HIS 278 B     5.18       6.50                      
   HIS 350 B     6.45       6.50                      
   HIS 738 C     6.69       6.50                      
   HIS 880 C     7.64       6.50                      
   HIS 886 C     4.65       6.50                      
   HIS1200 D     5.96       6.50                      
   HIS1204 D     6.26       6.50                      
   HIS1584 D     6.28       6.50                      
   HIS1849 D     5.96       6.50                      
   CYS 139 B     8.93       9.00                      
   CYS 145 B    11.73       9.00                      
   CYS 182 B     9.22       9.00                      
   CYS 260 B    11.60       9.00                      
   CYS 280 B    12.40       9.00                      
   CYS 326 B    11.27       9.00                      
   CYS 335 B     9.25       9.00                      
   CYS 341 B    10.85       9.00                      
   CYS 373 B    13.22       9.00                      
   CYS 683 C     9.33       9.00                      
   CYS 686 C     9.16       9.00                      
   CYS 699 C     9.23       9.00                      
   CYS 700 C     9.80       9.00                      
   CYS 726 C    10.18       9.00                      
   CYS 896 C    12.57       9.00                      
   CYS 906 C    12.42       9.00                      
   CYS 915 C    10.87       9.00                      
   CYS1167 D     9.77       9.00                      
   CYS1172 D    11.06       9.00                      
   CYS1176 D     8.89       9.00                      
   CYS1178 D     9.46       9.00                      
   CYS1179 D     9.21       9.00                      
   CYS1198 D    10.03       9.00                      
   CYS1272 D     9.85       9.00                      
   CYS1341 D    11.90       9.00                      
   CYS1363 D    12.14       9.00                      
   CYS1384 D     9.82       9.00                      
   CYS1539 D     9.78       9.00                      
   CYS1575 D     9.72       9.00                      
   CYS1703 D    12.64       9.00                      
   CYS1728 D     9.52       9.00                      
   CYS1742 D    10.42       9.00                      
   CYS1850 D    12.21       9.00                      
   TYR  68 B    10.16      10.00                      
   TYR  87 B    10.35      10.00                      
   TYR 112 B    10.04      10.00                      
   TYR 159 B    10.09      10.00                      
   TYR 162 B    11.27      10.00                      
   TYR 168 B    12.94      10.00                      
   TYR 205 B     9.65      10.00                      
   TYR 307 B    11.46      10.00                      
   TYR 314 B    11.28      10.00                      
   TYR 339 B    10.25      10.00                      
   TYR 352 B    10.77      10.00                      
   TYR 378 B    13.03      10.00                      
   TYR 389 B    10.52      10.00                      
   TYR 403 B    13.41      10.00                      
   TYR 416 B    11.31      10.00                      
   TYR 694 C    10.08      10.00                      
   TYR 739 C    10.59      10.00                      
   TYR 774 C    10.16      10.00                      
   TYR 775 C    10.22      10.00                      
   TYR 776 C    10.40      10.00                      
   TYR 865 C    13.72      10.00                      
   TYR1199 D    10.89      10.00                      
   TYR1228 D    10.66      10.00                      
   TYR1241 D    10.10      10.00                      
   TYR1248 D    10.07      10.00                      
   TYR1261 D    11.77      10.00                      
   TYR1266 D    12.22      10.00                      
   TYR1375 D    11.41      10.00                      
   TYR1394 D    10.75      10.00                      
   TYR1409 D    12.37      10.00                      
   TYR1426 D    12.57      10.00                      
   TYR1434 D    10.09      10.00                      
   TYR1442 D    10.01      10.00                      
   TYR1445 D    10.33      10.00                      
   TYR1447 D    12.91      10.00                      
   TYR1449 D    13.77      10.00                      
   TYR1494 D    10.75      10.00                      
   TYR1495 D    12.82      10.00                      
   TYR1517 D    10.06      10.00                      
   TYR1585 D    10.84      10.00                      
   TYR1586 D    13.55      10.00                      
   TYR1615 D    10.11      10.00                      
   TYR1671 D    11.01      10.00                      
   TYR1681 D    10.09      10.00                      
   TYR1727 D    11.69      10.00                      
   TYR1755 D    12.49      10.00                      
   TYR1767 D    12.19      10.00                      
   TYR1795 D    10.48      10.00                      
   TYR1811 D    11.49      10.00                      
   LYS  26 A    11.15      10.50                      
   LYS  31 A    10.37      10.50                      
   LYS  62 B    12.41      10.50                      
   LYS  63 B    10.13      10.50                      
   LYS  91 B    11.03      10.50                      
   LYS  98 B    10.42      10.50                      
   LYS 100 B    10.38      10.50                      
   LYS 126 B    11.07      10.50                      
   LYS 158 B    11.72      10.50                      
   LYS 175 B     9.87      10.50                      
   LYS 228 B    12.09      10.50                      
   LYS 237 B    10.13      10.50                      
   LYS 248 B    10.36      10.50                      
   LYS 249 B    11.07      10.50                      
   LYS 279 B     8.85      10.50                      
   LYS 317 B    10.92      10.50                      
   LYS 343 B    11.97      10.50                      
   LYS 387 B    10.28      10.50                      
   LYS 430 B    11.51      10.50                      
   LYS 432 B    11.46      10.50                      
   LYS 682 C    10.69      10.50                      
   LYS 707 C    11.18      10.50                      
   LYS 711 C    10.21      10.50                      
   LYS 767 C    11.89      10.50                      
   LYS 817 C    10.12      10.50                      
   LYS 820 C     9.36      10.50                      
   LYS 830 C    10.27      10.50                      
   LYS 863 C     9.76      10.50                      
   LYS1162 D    10.61      10.50                      
   LYS1189 D    10.30      10.50                      
   LYS1196 D    11.10      10.50                      
   LYS1233 D    10.34      10.50                      
   LYS1236 D    11.75      10.50                      
   LYS1244 D    10.74      10.50                      
   LYS1257 D    10.44      10.50                      
   LYS1264 D    11.51      10.50                      
   LYS1265 D    10.26      10.50                      
   LYS1300 D    11.19      10.50                      
   LYS1359 D     9.19      10.50                      
   LYS1381 D    11.65      10.50                      
   LYS1397 D    12.09      10.50                      
   LYS1399 D    10.59      10.50                      
   LYS1419 D    11.13      10.50                      
   LYS1477 D     9.98      10.50                      
   LYS1478 D    10.60      10.50                      
   LYS1479 D    10.23      10.50                      
   LYS1492 D    10.60      10.50                      
   LYS1493 D    11.63      10.50                      
   LYS1499 D    10.66      10.50                      
   LYS1500 D    11.13      10.50                      
   LYS1504 D    11.11      10.50                      
   LYS1505 D    11.60      10.50                      
   LYS1508 D    11.01      10.50                      
   LYS1516 D    10.41      10.50                      
   LYS1527 D    10.48      10.50                      
   LYS1556 D    10.38      10.50                      
   LYS1562 D    10.42      10.50                      
   LYS1578 D     9.87      10.50                      
   LYS1614 D    10.55      10.50                      
   LYS1641 D    10.55      10.50                      
   LYS1683 D    11.36      10.50                      
   LYS1800 D    10.41      10.50                      
   LYS1829 D    10.67      10.50                      
   LYS1859 D    11.42      10.50                      
   LYS1872 D    10.70      10.50                      
   LYS1878 D    11.36      10.50                      
   ARG  14 A    11.30      12.50                      
   ARG  15 A    12.30      12.50                      
   ARG  18 A    12.26      12.50                      
   ARG  27 A    12.28      12.50                      
   ARG  34 A    13.67      12.50                      
   ARG  53 B    13.14      12.50                      
   ARG 104 B    15.31      12.50                      
   ARG 121 B    11.59      12.50                      
   ARG 122 B    11.87      12.50                      
   ARG 179 B    11.06      12.50                      
   ARG 190 B    12.42      12.50                      
   ARG 219 B    11.27      12.50                      
   ARG 222 B    12.60      12.50                      
   ARG 225 B    11.35      12.50                      
   ARG 277 B    12.41      12.50                      
   ARG 282 B    13.37      12.50                      
   ARG 340 B    12.06      12.50                      
   ARG 367 B    12.74      12.50                      
   ARG 376 B    13.73      12.50                      
   ARG 383 B    13.72      12.50                      
   ARG 433 B    12.71      12.50                      
   ARG 689 C    12.44      12.50                      
   ARG 693 C    12.30      12.50                      
   ARG 800 C    12.40      12.50                      
   ARG 808 C    13.03      12.50                      
   ARG 811 C    12.32      12.50                      
   ARG 814 C    10.80      12.50                      
   ARG 869 C    12.36      12.50                      
   ARG 878 C    13.39      12.50                      
   ARG 893 C    14.86      12.50                      
   ARG1174 D    12.40      12.50                      
   ARG1175 D    12.43      12.50                      
   ARG1193 D    12.39      12.50                      
   ARG1195 D    11.76      12.50                      
   ARG1232 D    12.31      12.50                      
   ARG1303 D    11.97      12.50                      
   ARG1306 D    12.94      12.50                      
   ARG1309 D     9.95      12.50                      
   ARG1312 D    15.25      12.50                      
   ARG1316 D    13.94      12.50                      
   ARG1321 D    12.27      12.50                      
   ARG1362 D    10.95      12.50                      
   ARG1432 D    13.65      12.50                      
   ARG1512 D    13.95      12.50                      
   ARG1583 D    12.22      12.50                      
   ARG1623 D    11.20      12.50                      
   ARG1626 D    10.77      12.50                      
   ARG1629 D    13.04      12.50                      
   ARG1632 D    10.18      12.50                      
   ARG1635 D    13.51      12.50                      
   ARG1638 D    11.46      12.50                      
   ARG1644 D    12.25      12.50                      
   ARG1739 D    12.51      12.50                      
   ARG1826 D    13.97      12.50                      
   ARG1847 D    12.48      12.50                      
   ARG1860 D    12.11      12.50                      
   N+   12 A     8.56       8.00                      
   N+   49 B     7.92       8.00                      
   N+  681 C     8.03       8.00                      
   N+ 1162 D     7.62       8.00                      

2026-06-24 15:26:56,424 INFO:main.py:648:non_trivial:PROPKA information:
--------------------------------------------------------------------------------------------------------
Free energy of   folding (kcal/mol) as a function of pH (using neutral reference)
  0.00     79.74
  1.00     79.19
  2.00     75.64
  3.00     61.40
  4.00     38.62
  5.00     31.17
  6.00     30.47
  7.00     28.67
  8.00     29.84
  9.00     39.30
 10.00     68.82
 11.00    118.21
 12.00    156.73
 13.00    178.05
 14.00    193.46

The pH of optimum stability is  7.2 for which the free energy is   28.6 kcal/mol at 298K
Could not determine pH values where the free energy is within 80 % of minimum
Could not determine the pH-range where the free energy is negative


Protein charge of folded and unfolded state as a function of pH
    pH  unfolded  folded
  0.00    139.99  139.87
  0.10    139.98  139.84
  0.20    139.98  139.80
  0.30    139.97  139.75
  0.40    139.96  139.69
  0.50    139.96  139.61
  0.60    139.94  139.52
  0.70    139.93  139.41
  0.80    139.91  139.27
  0.90    139.89  139.11
  1.00    139.86  138.91
  1.10    139.82  138.68
  1.20    139.78  138.39
  1.30    139.72  138.06
  1.40    139.65  137.67
  1.50    139.56  137.20
  1.60    139.44  136.65
  1.70    139.30  136.00
  1.80    139.12  135.25
  1.90    138.90  134.36
  2.00    138.62  133.33
  2.10    138.27  132.14
  2.20    137.84  130.77
  2.30    137.30  129.21
  2.40    136.63  127.45
  2.50    135.81  125.48
  2.60    134.81  123.28
  2.70    133.59  120.84
  2.80    132.11  118.18
  2.90    130.32  115.27
  3.00    128.20  112.14
  3.10    125.69  108.78
  3.20    122.76  105.19
  3.30    119.37  101.40
  3.40    115.51   97.40
  3.50    111.17   93.23
  3.60    106.36   88.88
  3.70    101.11   84.40
  3.80     95.46   79.79
  3.90     89.49   75.08
  4.00     83.27   70.31
  4.10     76.87   65.49
  4.20     70.39   60.67
  4.30     63.91   55.87
  4.40     57.54   51.13
  4.50     51.36   46.49
  4.60     45.48   41.98
  4.70     39.96   37.64
  4.80     34.89   33.51
  4.90     30.29   29.62
  5.00     26.18   25.99
  5.10     22.57   22.63
  5.20     19.43   19.57
  5.30     16.71   16.78
  5.40     14.36   14.26
  5.50     12.33   11.99
  5.60     10.56    9.94
  5.70      9.00    8.10
  5.80      7.60    6.43
  5.90      6.32    4.91
  6.00      5.11    3.53
  6.10      3.95    2.25
  6.20      2.83    1.08
  6.30      1.72   -0.01
  6.40      0.64   -1.01
  6.50     -0.43   -1.93
  6.60     -1.46   -2.77
  6.70     -2.45   -3.55
  6.80     -3.40   -4.26
  6.90     -4.29   -4.91
  7.00     -5.14   -5.51
  7.10     -5.93   -6.07
  7.20     -6.68   -6.59
  7.30     -7.40   -7.10
  7.40     -8.12   -7.59
  7.50     -8.84   -8.07
  7.60     -9.58   -8.56
  7.70    -10.38   -9.07
  7.80    -11.24   -9.59
  7.90    -12.18  -10.14
  8.00    -13.24  -10.73
  8.10    -14.43  -11.35
  8.20    -15.77  -12.04
  8.30    -17.30  -12.78
  8.40    -19.03  -13.61
  8.50    -20.98  -14.54
  8.60    -23.18  -15.58
  8.70    -25.64  -16.75
  8.80    -28.36  -18.07
  8.90    -31.34  -19.57
  9.00    -34.58  -21.25
  9.10    -38.09  -23.14
  9.20    -41.85  -25.26
  9.30    -45.87  -27.62
  9.40    -50.17  -30.24
  9.50    -54.76  -33.15
  9.60    -59.67  -36.34
  9.70    -64.90  -39.84
  9.80    -70.46  -43.63
  9.90    -76.34  -47.73
 10.00    -82.49  -52.10
 10.10    -88.86  -56.73
 10.20    -95.37  -61.59
 10.30   -101.93  -66.64
 10.40   -108.42  -71.83
 10.50   -114.76  -77.13
 10.60   -120.82  -82.48
 10.70   -126.54  -87.87
 10.80   -131.84  -93.24
 10.90   -136.68  -98.59
 11.00   -141.07 -103.87
 11.10   -145.02 -109.09
 11.20   -148.58 -114.23
 11.30   -151.79 -119.27
 11.40   -154.73 -124.22
 11.50   -157.48 -129.07
 11.60   -160.12 -133.82
 11.70   -162.72 -138.48
 11.80   -165.35 -143.04
 11.90   -168.06 -147.50
 12.00   -170.91 -151.88
 12.10   -173.92 -156.15
 12.20   -177.08 -160.32
 12.30   -180.37 -164.36
 12.40   -183.76 -168.27
 12.50   -187.18 -172.02
 12.60   -190.56 -175.60
 12.70   -193.82 -179.00
 12.80   -196.89 -182.20
 12.90   -199.73 -185.20
 13.00   -202.29 -188.00
 13.10   -204.55 -190.61
 13.20   -206.52 -193.03
 13.30   -208.21 -195.28
 13.40   -209.63 -197.36
 13.50   -210.83 -199.28
 13.60   -211.81 -201.05
 13.70   -212.62 -202.68
 13.80   -213.29 -204.16
 13.90   -213.82 -205.50
 14.00   -214.26 -206.72
The pI is  6.30 (folded) and  6.46 (unfolded)

--------------------------------------------------------------------------------------------------------
2026-06-24 15:26:56,424 INFO:biomolecule.py:797:apply_pka_values:Applying pKa values at a pH of 7.40:
2026-06-24 15:26:56,426 INFO:main.py:661:non_trivial:Adding hydrogens to biomolecule.
2026-06-24 15:26:56,934 INFO:main.py:664:non_trivial:Debumping biomolecule (again).
2026-06-24 15:26:57,512 INFO:main.py:666:non_trivial:Optimizing hydrogen bonds
2026-06-24 15:26:58,619 INFO:main.py:678:non_trivial:Applying force field to biomolecule states.
2026-06-24 15:26:58,626 INFO:main.py:725:non_trivial:Regenerating headers.
2026-06-24 15:26:58,628 INFO:main.py:750:non_trivial:Regenerating PDB lines.
2026-06-24 15:26:58,674 WARNING:main.py:326:print_pqr:Ignoring 466 header lines in output.
