2026-06-24 14:42:09,776 INFO:main.py:246:print_splash_screen:PDB2PQR v3.7.1: biomolecular structure conversion software.
2026-06-24 14:42:09,776 INFO:main.py:248:print_splash_screen:Please cite:  Jurrus E, et al.  Improvements to the APBS biomolecular solvation software suite.  Protein Sci 27 112-128 (2018).
2026-06-24 14:42:09,776 INFO:main.py:248:print_splash_screen:Please cite:  Dolinsky TJ, et al.  PDB2PQR: expanding and upgrading automated preparation of biomolecular structures for molecular simulations. Nucleic Acids Res 35 W522-W525 (2007).
2026-06-24 14:42:09,776 INFO:main.py:770:main_driver:Checking and transforming input arguments.
2026-06-24 14:42:09,776 INFO:main.py:774:main_driver:Loading topology files.
2026-06-24 14:42:09,799 INFO:main.py:776:main_driver:Loading molecule: /home/yagmur/Desktop/bioinformatics_master/07_binding_site_analysis/katman0/electrostatics/holoWT_prot_prot.pdb
2026-06-24 14:42:09,799 ERROR:pdb.py:2587:read_pdb:Error parsing line: invalid literal for int() with base 10: ''
2026-06-24 14:42:09,799 ERROR:pdb.py:2588:read_pdb:<REMARK     1 CREATED WITH MDTraj 1.10.3, 2026-06-19>
2026-06-24 14:42:09,799 ERROR:pdb.py:2589:read_pdb:Truncating remaining errors for record type:REMARK
2026-06-24 14:42:09,836 WARNING:io.py:474:get_molecule:Warning: /home/yagmur/Desktop/bioinformatics_master/07_binding_site_analysis/katman0/electrostatics/holoWT_prot_prot.pdb is a non-standard PDB file.

2026-06-24 14:42:09,836 ERROR:io.py:475:get_molecule:['REMARK']
2026-06-24 14:42:09,836 INFO:main.py:781:main_driver:Setting up molecule.
2026-06-24 14:42:09,864 INFO:main.py:423:setup_molecule:Created biomolecule object with 1395 residues and 22590 atoms.
2026-06-24 14:42:09,864 INFO:main.py:785:main_driver:Setting termini states for biomolecule chains.
2026-06-24 14:42:09,879 INFO:main.py:616:non_trivial:Loading forcefield.
2026-06-24 14:42:09,882 INFO:main.py:620:non_trivial:Loading hydrogen topology definitions.
2026-06-24 14:42:09,885 INFO:main.py:474:is_repairable:This biomolecule is clean.  No repair needed.
2026-06-24 14:42:09,885 INFO:main.py:635:non_trivial:Updating disulfide bridges.
2026-06-24 14:42:09,887 INFO:main.py:638:non_trivial:Debumping biomolecule.
2026-06-24 14:42:10,062 INFO:main.py:645:non_trivial:Assigning titration states with PROPKA.
2026-06-24 14:42:10,089 INFO:output.py:74:print_header:
propka3.5.1                                                                                  2026-06-24

-------------------------------------------------------------------------------
--                                                                           --
--  PROPKA: A PROTEIN PKA PREDICTOR                                          --
--                                                                           --
--  VERSION 1.0,  04/25/2004,  IOWA CITY                                     --
--  BY HUI LI                                                                --
--                                                                           --
--  VERSION 2.0,  11/05/2007, IOWA CITY/COPENHAGEN                           --
--  BY DELPHINE C. BAS AND DAVID M. ROGERS                                   --
--                                                                           --
--  VERSION 3.0,  01/06/2011, COPENHAGEN                                     --
--  BY MATS H.M. OLSSON AND CHRESTEN R. SONDERGARD                           --
--                                                                           --
--  VERSION 3.1,  07/01/2011, COPENHAGEN                                     --
--  BY CHRESTEN R. SONDERGARD AND MATS H.M. OLSSON                           --
--                                                                           --
--  VERSION 3.2,  06/17/2020, PLANET EARTH                                   --
--  SEE ABOVE FOR AUTHORS                                                    --
--                                                                           --
-------------------------------------------------------------------------------


-------------------------------------------------------------------------------
References:

Very Fast Empirical Prediction and Rationalization of Protein pKa Values.
Hui Li, Andrew D. Robertson and Jan H. Jensen. PROTEINS: Structure, Function,
and Bioinformatics. 61:704-721 (2005)

Very Fast Prediction and Rationalization of pKa Values for Protein-Ligand
Complexes.  Delphine C. Bas, David M. Rogers and Jan H. Jensen.  PROTEINS:
Structure, Function, and Bioinformatics 73:765-783 (2008)

PROPKA3: Consistent Treatment of Internal and Surface Residues in Empirical
pKa predictions.  Mats H.M. Olsson, Chresten R. Sondergard, Michal Rostkowski,
and Jan H. Jensen.  Journal of Chemical Theory and Computation, 7(2):525-537
(2011)

Improved Treatment of Ligands and Coupling Effects in Empirical Calculation
and Rationalization of pKa Values.  Chresten R. Sondergaard, Mats H.M. Olsson,
Michal Rostkowski, and Jan H. Jensen.  Journal of Chemical Theory and
Computation, (2011)
-------------------------------------------------------------------------------



2026-06-24 14:42:10,261 INFO:conformation_container.py:124:find_covalently_coupled_groups:Coupling map:
Covalent coupling map for Conformation container 1A with 13126 atoms and 3377 groups
            N+  681 C | HIS 681 C | 
N+  681 C             |     X     | 
HIS 681 C       X     |           | 
2026-06-24 14:42:10,261 INFO:conformation_container.py:213:calculate_pka:Calculating pKas for Conformation container 1A with 13126 atoms and 3377 groups
2026-06-24 14:42:12,611 INFO:iterative.py:286:add_determinants:did not converge in 10 iterations
2026-06-24 14:42:12,613 INFO:conformation_container.py:235:calculate_pka:Removing penalised groups!!!
2026-06-24 14:42:12,768 INFO:output.py:225:print_pka_section:pKa determinants:

---------  -----   ------   ---------------------    --------------    --------------    --------------
                            DESOLVATION  EFFECTS       SIDECHAIN          BACKBONE        COULOMBIC
 RESIDUE    pKa    BURIED     REGULAR      RE        HYDROGEN BOND     HYDROGEN BOND      INTERACTION
---------  -----   ------   ---------   ---------    --------------    --------------    --------------

GLU  19 A   4.54     0 %    0.07   99   0.00    0    0.00 XXX   0 X    0.00 XXX   0 X   -0.03 ARG  18 A

GLU  25 A   4.62     0 %    0.25  254   0.00    0    0.00 XXX   0 X    0.00 XXX   0 X   -0.11 ARG  15 A
GLU  25 A                                            0.00 XXX   0 X    0.00 XXX   0 X   -0.02 LYS  26 A

GLU  30 A   4.64     0 %    0.14  110   0.00    0    0.00 XXX   0 X    0.00 XXX   0 X    0.00 XXX   0 X

C-   37 A   3.30     0 %    0.10  100   0.00    0    0.00 XXX   0 X    0.00 XXX   0 X    0.00 XXX   0 X

LYS  26 A  10.43     0 %   -0.09  126   0.00    0    0.00 XXX   0 X    0.00 XXX   0 X    0.02 GLU  25 A

LYS  31 A  10.49     0 %   -0.11  109   0.00    0    0.00 XXX   0 X    0.00 XXX   0 X    0.09 TYR  87 B

ARG  14 A  12.31     0 %   -0.18  179   0.00    0    0.00 XXX   0 X    0.00 XXX   0 X   -0.01 ARG  53 B

ARG  15 A  12.28     8 %   -0.61  305   0.00    0    0.00 XXX   0 X    0.00 XXX   0 X    0.11 GLU  25 A
ARG  15 A                                            0.00 XXX   0 X    0.00 XXX   0 X    0.22 ASP  82 B
ARG  15 A                                            0.00 XXX   0 X    0.00 XXX   0 X    0.07 ASP  84 B
ARG  15 A                                            0.00 XXX   0 X    0.00 XXX   0 X    0.01 TYR  87 B

ARG  18 A  12.28     0 %   -0.35  225   0.00    0    0.00 XXX   0 X    0.00 XXX   0 X    0.03 GLU  19 A
ARG  18 A                                            0.00 XXX   0 X    0.00 XXX   0 X    0.10 ASP  57 B

ARG  27 A  12.33     0 %   -0.17  149   0.00    0    0.00 XXX   0 X    0.00 XXX   0 X    0.00 XXX   0 X

ARG  34 A  12.35     0 %   -0.15  101   0.00    0    0.00 XXX   0 X    0.00 XXX   0 X    0.00 XXX   0 X

N+   12 A   7.91     0 %   -0.20  222   0.00    0    0.00 XXX   0 X    0.00 XXX   0 X   -0.04 ARG  14 A
N+   12 A                                            0.00 XXX   0 X    0.00 XXX   0 X   -0.09 ARG  15 A
N+   12 A                                            0.00 XXX   0 X    0.00 XXX   0 X    0.17 GLU  50 B
N+   12 A                                            0.00 XXX   0 X    0.00 XXX   0 X   -0.04 ARG  53 B
N+   12 A                                            0.00 XXX   0 X    0.00 XXX   0 X    0.11 ASP  82 B

ASP  57 B   3.11    18 %    0.70  331   0.02    0   -0.85 LYS 432 B   -0.04 ASP  57 B   -0.10 ARG  18 A
ASP  57 B                                            0.00 XXX   0 X    0.00 XXX   0 X   -0.41 LYS 432 B

ASP  66 B   1.67     0 %    0.34  227   0.00    0   -0.85 LYS 100 B    0.00 XXX   0 X   -0.00 LYS  63 B
ASP  66 B                                           -0.85 LYS 430 B    0.00 XXX   0 X   -0.38 LYS 100 B
ASP  66 B                                            0.00 XXX   0 X    0.00 XXX   0 X   -0.38 LYS 430 B

ASP  82 B   3.63     1 %    0.31  283   0.00    0    0.00 XXX   0 X    0.00 XXX   0 X   -0.11 N+   12 A
ASP  82 B                                            0.00 XXX   0 X    0.00 XXX   0 X   -0.22 ARG  15 A
ASP  82 B                                            0.00 XXX   0 X    0.00 XXX   0 X   -0.19 LYS  91 B
ASP  82 B                                            0.00 XXX   0 X    0.00 XXX   0 X   -0.02 ARG 122 B
ASP  82 B                                            0.00 XXX   0 X    0.00 XXX   0 X    0.06 ASP  84 B

ASP  84 B   2.94    45 %    1.88  408   0.41    0   -0.80 THR  92 B   -0.12 ASP  84 B   -0.07 ARG  15 A
ASP  84 B                                           -0.69 ARG 104 B   -0.81 THR  92 B   -0.19 LYS  91 B
ASP  84 B                                            0.00 XXX   0 X    0.00 XXX   0 X   -0.47 ARG 104 B

ASP 152 B   2.68     7 %    0.47  300   0.04    0   -0.85 LYS 863 C    0.00 XXX   0 X   -0.03 ARG 219 B
ASP 152 B                                            0.00 XXX   0 X    0.00 XXX   0 X   -0.02 ARG 222 B
ASP 152 B                                            0.00 XXX   0 X    0.00 XXX   0 X   -0.32 HIS 151 B
ASP 152 B                                            0.00 XXX   0 X    0.00 XXX   0 X   -0.41 LYS 863 C

ASP 191 B   3.56    43 %    1.36  403   0.07    0    0.00 XXX   0 X   -0.18 TRP 193 B   -0.03 LYS 175 B
ASP 191 B                                            0.00 XXX   0 X   -0.68 ASN 194 B   -0.33 ARG 179 B
ASP 191 B                                            0.00 XXX   0 X    0.00 XXX   0 X   -0.45 LYS 237 B

ASP 197 B   1.36*   81 %    2.24  509   0.20    0   -0.85 LYS 175 B    0.00 XXX   0 X   -0.01 LYS 237 B
ASP 197 B                                           -0.85 LYS 228 B    0.00 XXX   0 X   -1.29 LYS 175 B
ASP 197 B                                            0.00 XXX   0 X    0.00 XXX   0 X   -0.53 ARG 225 B
ASP 197 B                                            0.00 XXX   0 X    0.00 XXX   0 X   -1.34 LYS 228 B

ASP 211 B   3.93     0 %    0.13  109   0.00    0    0.00 XXX   0 X    0.00 XXX   0 X    0.00 XXX   0 X

ASP 252 B   4.15     0 %    0.35  253   0.00    0    0.00 XXX   0 X    0.00 XXX   0 X    0.00 XXX   0 X

ASP 297 B   3.92     0 %    0.21  235   0.00    0    0.00 XXX   0 X    0.00 XXX   0 X   -0.10 ARG 282 B

ASP 305 B   2.93     0 %    0.25  217   0.00    0   -0.85 SER 303 B   -0.20 ASP 305 B    0.00 XXX   0 X
ASP 305 B                                            0.00 XXX   0 X   -0.07 LEU 306 B    0.00 XXX   0 X

ASP 310 B   3.31     0 %    0.33  246   0.00    0   -0.82 TRP 301 B    0.00 XXX   0 X    0.00 XXX   0 X

ASP 322 B   2.87    27 %    0.73  357   0.13    0   -0.85 LYS 317 B   -0.17 VAL 323 B   -0.11 LYS 279 B
ASP 322 B                                            0.00 XXX   0 X    0.00 XXX   0 X   -0.22 ARG 376 B
ASP 322 B                                            0.00 XXX   0 X    0.00 XXX   0 X    0.07 ASP 349 B
ASP 322 B                                            0.00 XXX   0 X    0.00 XXX   0 X   -0.52 LYS 317 B

ASP 331 B   3.95     0 %    0.17  221   0.00    0    0.00 XXX   0 X    0.00 XXX   0 X   -0.02 ARG 340 B

ASP 349 B   2.19    43 %    1.13  402   0.00    0   -0.70 THR 353 B    0.00 XXX   0 X   -0.06 LYS 317 B
ASP 349 B                                           -1.15 ARG 376 B    0.00 XXX   0 X   -0.23 ARG 367 B
ASP 349 B                                            0.00 XXX   0 X    0.00 XXX   0 X   -0.05 HIS 350 B
ASP 349 B                                            0.00 XXX   0 X    0.00 XXX   0 X   -0.56 ARG 376 B

ASP 356 B   4.02    69 %    2.17  475   0.13    0   -0.75 ASN 347 B   -0.84 GLY 274 B   -0.29 ARG 277 B
ASP 356 B                                            0.00 XXX   0 X    0.00 XXX   0 X   -0.18 LYS 343 B
ASP 356 B                                            0.00 XXX   0 X    0.00 XXX   0 X   -0.08 ARG1623 D
ASP 356 B                                            0.00 XXX   0 X    0.00 XXX   0 X    0.06 ASP1551 D

ASP 372 B   3.37    60 %    2.11  449   0.22    0   -0.53 CYS 373 B   -0.03 CYS 373 B   -0.28 ARG 367 B
ASP 372 B                                            0.00 XXX   0 X   -0.80 TRP 899 C   -0.31 ARG 893 C
ASP 372 B                                            0.00 XXX   0 X   -0.80 ILE 900 C   -0.01 LYS1419 D

GLU  49 B   4.52     0 %    0.02   38   0.00    0    0.00 XXX   0 X    0.00 XXX   0 X    0.00 XXX   0 X

GLU  50 B   3.57     0 %    0.25  186   0.00    0   -0.66 ARG  53 B    0.00 XXX   0 X   -0.17 N+   12 A
GLU  50 B                                            0.00 XXX   0 X    0.00 XXX   0 X   -0.34 ARG  53 B

GLU  74 B   4.62     0 %    0.24  195   0.00    0    0.00 XXX   0 X    0.00 XXX   0 X   -0.22 ARG  53 B
GLU  74 B                                            0.00 XXX   0 X    0.00 XXX   0 X    0.10 GLU  50 B

GLU  78 B   3.59     2 %    0.54  287   0.01    0   -0.85 LYS 126 B    0.00 XXX   0 X   -0.13 ARG 122 B
GLU  78 B                                            0.00 XXX   0 X    0.00 XXX   0 X   -0.09 HIS 130 B
GLU  78 B                                            0.00 XXX   0 X    0.00 XXX   0 X   -0.38 LYS 126 B

GLU  81 B   4.31    39 %    0.88  391   0.08    0   -0.85 ARG 122 B    0.00 XXX   0 X   -0.07 LYS  91 B
GLU  81 B                                            0.00 XXX   0 X    0.00 XXX   0 X    0.17 ASP  82 B
GLU  81 B                                            0.00 XXX   0 X    0.00 XXX   0 X    0.05 ASP  84 B
GLU  81 B                                            0.00 XXX   0 X    0.00 XXX   0 X   -0.45 ARG 122 B

GLU 161 B   4.24    48 %    1.32  416   0.15    0   -0.72 ARG 219 B    0.00 XXX   0 X   -0.03 LYS 158 B
GLU 161 B                                            0.00 XXX   0 X    0.00 XXX   0 X   -0.34 ARG 222 B
GLU 161 B                                            0.00 XXX   0 X    0.00 XXX   0 X   -0.64 ARG 219 B

GLU 171 B   4.16*   92 %    3.08  539   0.43    0   -0.85 LYS 175 B    0.00 XXX   0 X   -0.38 ARG 225 B
GLU 171 B                                           -0.85 LYS 228 B    0.00 XXX   0 X   -1.51 LYS 175 B
GLU 171 B                                            0.00 XXX   0 X    0.00 XXX   0 X    1.31 ASP 197 B
GLU 171 B                                            0.00 XXX   0 X    0.00 XXX   0 X   -1.58 LYS 228 B

GLU 208 B   4.75     0 %    0.25  265   0.00    0    0.00 XXX   0 X    0.00 XXX   0 X    0.00 XXX   0 X

GLU 295 B   4.76     0 %    0.23  161   0.00    0    0.00 XXX   0 X    0.00 XXX   0 X    0.03 ASP 297 B

GLU 302 B   4.65     0 %    0.15  174   0.00    0    0.00 XXX   0 X   -0.00 GLU 302 B    0.00 XXX   0 X

GLU 312 B   4.65     0 %    0.12  198   0.00    0    0.00 XXX   0 X    0.00 XXX   0 X   -0.05 ARG 282 B
GLU 312 B                                            0.00 XXX   0 X    0.00 XXX   0 X    0.08 ASP 310 B

GLU 337 B   4.51     0 %    0.08  108   0.00    0    0.00 XXX   0 X   -0.06 GLY 338 B    0.00 XXX   0 X

GLU 346 B   4.08     0 %    0.25  267   0.00    0   -0.15 ARG 277 B    0.00 XXX   0 X   -0.10 LYS 279 B
GLU 346 B                                            0.00 XXX   0 X    0.00 XXX   0 X   -0.07 HIS 350 B
GLU 346 B                                            0.00 XXX   0 X    0.00 XXX   0 X    0.02 ASP 356 B
GLU 346 B                                            0.00 XXX   0 X    0.00 XXX   0 X   -0.37 ARG 277 B

GLU 375 B   5.17    68 %    1.02  472   0.01    0    0.00 XXX   0 X    0.00 XXX   0 X   -0.05 LYS1399 D
GLU 375 B                                            0.00 XXX   0 X    0.00 XXX   0 X   -0.46 LYS1419 D
GLU 375 B                                            0.00 XXX   0 X    0.00 XXX   0 X    0.15 ASP1714 D

GLU 417 B   4.35    12 %    0.58  314   0.07    0   -0.77 SER1776 D    0.00 XXX   0 X   -0.04 LYS 249 B
GLU 417 B                                            0.00 XXX   0 X    0.00 XXX   0 X    0.02 GLU 418 B

GLU 418 B   3.64     0 %    0.37  232   0.00    0   -0.85 LYS 249 B    0.00 XXX   0 X   -0.38 LYS 249 B

GLU 426 B   3.68    17 %    0.50  328   0.07    0   -0.85 LYS  62 B    0.00 XXX   0 X   -0.09 LYS  63 B
GLU 426 B                                            0.00 XXX   0 X    0.00 XXX   0 X   -0.01 LYS 430 B
GLU 426 B                                            0.00 XXX   0 X    0.00 XXX   0 X   -0.44 LYS  62 B

GLU 428 B   3.93     0 %    0.19  132   0.00    0   -0.77 ARG 433 B    0.00 XXX   0 X    0.00 XXX   0 X

GLU 429 B   4.67     0 %    0.18  221   0.00    0    0.00 XXX   0 X    0.00 XXX   0 X   -0.09 LYS  62 B
GLU 429 B                                            0.00 XXX   0 X    0.00 XXX   0 X   -0.04 LYS 432 B
GLU 429 B                                            0.00 XXX   0 X    0.00 XXX   0 X    0.05 ASP  57 B
GLU 429 B                                            0.00 XXX   0 X    0.00 XXX   0 X    0.05 GLU 426 B
GLU 429 B                                            0.00 XXX   0 X    0.00 XXX   0 X    0.02 GLU 428 B

GLU 431 B   4.54     0 %    0.21  173   0.00    0    0.00 XXX   0 X    0.00 XXX   0 X   -0.02 LYS 100 B
GLU 431 B                                            0.00 XXX   0 X    0.00 XXX   0 X   -0.16 LYS 430 B
GLU 431 B                                            0.00 XXX   0 X    0.00 XXX   0 X   -0.16 ARG 433 B
GLU 431 B                                            0.00 XXX   0 X    0.00 XXX   0 X    0.17 ASP  66 B

C-  433 B   3.23     0 %    0.12  133   0.00    0    0.00 XXX   0 X    0.00 XXX   0 X   -0.09 LYS 432 B

HIS 118 B   6.33     0 %   -0.17  121   0.00    0    0.00 XXX   0 X    0.00 XXX   0 X    0.00 XXX   0 X

HIS 130 B   6.97     0 %   -0.26  260   0.00    0    0.00 XXX   0 X    0.73 LYS 126 B   -0.10 LYS 126 B
HIS 130 B                                            0.00 XXX   0 X    0.00 XXX   0 X    0.09 GLU  78 B

HIS 151 B   5.78    30 %   -0.86  365   0.00    0    0.00 XXX   0 X    0.00 XXX   0 X   -0.24 LYS 863 C
HIS 151 B                                            0.00 XXX   0 X    0.00 XXX   0 X    0.32 ASP 152 B
HIS 151 B                                            0.00 XXX   0 X    0.00 XXX   0 X    0.05 ASP 883 C

HIS 184 B   6.19     0 %   -0.27  219   0.00    0    0.00 XXX   0 X    0.00 XXX   0 X   -0.04 ARG 190 B

HIS 278 B   5.05    55 %   -1.62  435   0.00    0    0.00 XXX   0 X    0.42 GLY 274 B   -0.32 LYS 343 B
HIS 278 B                                            0.00 XXX   0 X    0.00 XXX   0 X   -0.15 ARG1623 D
HIS 278 B                                            0.00 XXX   0 X    0.00 XXX   0 X    0.14 ASP1550 D
HIS 278 B                                            0.00 XXX   0 X    0.00 XXX   0 X    0.08 ASP1551 D

HIS 350 B   6.46     0 %   -0.16  218   0.00    0    0.00 XXX   0 X    0.00 XXX   0 X    0.07 GLU 346 B
HIS 350 B                                            0.00 XXX   0 X    0.00 XXX   0 X    0.05 ASP 349 B

CYS 139 B   9.16     0 %    0.41  265   0.00    0    0.00 XXX   0 X   -0.16 CYS 139 B    0.00 XXX   0 X
CYS 139 B                                            0.00 XXX   0 X   -0.08 THR 140 B    0.00 XXX   0 X

CYS 145 B  10.98    63 %    2.02  457   0.00    0   -0.03 ASN 144 B    0.00 XXX   0 X   -0.02 ARG 222 B

CYS 182 B   9.35     0 %    0.53  232   0.00    0    0.00 XXX   0 X    0.00 XXX   0 X   -0.18 ARG 190 B

CYS 260 B  11.28    72 %    2.28  484   0.00    0    0.00 XXX   0 X    0.00 XXX   0 X    0.00 XXX   0 X

CYS 280 B  12.08    30 %    1.43  366   0.00    0    0.47 CYS 335 B    0.00 XXX   0 X   -0.01 ARG 282 B
CYS 280 B                                            0.25 CYS 326 B    0.00 XXX   0 X    0.46 CYS 335 B
CYS 280 B                                            0.00 XXX   0 X    0.00 XXX   0 X    0.47 CYS 326 B

CYS 326 B   6.13*   47 %    1.47  413   0.00    0   -0.25 CYS 280 B   -0.24 GLY 327 B    0.00 XXX   0 X
CYS 326 B                                           -0.25 CYS 335 B    0.00 XXX   0 X    0.00 XXX   0 X
CYS 326 B                                           -3.60 CYS 341 B    0.00 XXX   0 X    0.00 XXX   0 X

CYS 335 B  10.00    11 %    0.81  313   0.00    0   -0.47 CYS 280 B   -0.00 THR 334 B   -0.02 ARG 340 B
CYS 335 B                                            0.25 CYS 326 B    0.00 XXX   0 X    0.43 CYS 326 B

CYS 341 B  15.51*   46 %    1.95  409   0.00    0    3.60 CYS 326 B   -0.10 LYS 279 B   -0.03 ARG 340 B
CYS 341 B                                            0.00 XXX   0 X    0.00 XXX   0 X   -0.02 LYS 343 B
CYS 341 B                                            0.00 XXX   0 X    0.00 XXX   0 X    0.22 CYS 280 B
CYS 341 B                                            0.00 XXX   0 X    0.00 XXX   0 X    0.27 CYS 335 B
CYS 341 B                                            0.00 XXX   0 X    0.00 XXX   0 X    0.62 CYS 326 B

CYS 373 B  11.38    53 %    1.16  431   0.00    0    0.53 ASP 372 B    0.00 XXX   0 X   -0.38 ARG 367 B
CYS 373 B                                            0.00 XXX   0 X    0.00 XXX   0 X   -0.10 ARG 376 B
CYS 373 B                                            0.00 XXX   0 X    0.00 XXX   0 X   -0.13 ARG 893 C
CYS 373 B                                            0.00 XXX   0 X    0.00 XXX   0 X   -0.00 LYS1419 D
CYS 373 B                                            0.00 XXX   0 X    0.00 XXX   0 X    0.13 ASP 349 B
CYS 373 B                                            0.00 XXX   0 X    0.00 XXX   0 X    0.07 GLU 375 B
CYS 373 B                                            0.00 XXX   0 X    0.00 XXX   0 X    0.24 GLU 898 C
CYS 373 B                                            0.00 XXX   0 X    0.00 XXX   0 X    0.15 GLU 901 C
CYS 373 B                                            0.00 XXX   0 X    0.00 XXX   0 X    0.70 ASP 372 B

TYR  68 B  10.20     0 %    0.24  232   0.00    0    0.00 XXX   0 X    0.00 XXX   0 X    0.07 ASP  57 B
TYR  68 B                                            0.00 XXX   0 X    0.00 XXX   0 X    0.03 C-  433 B
TYR  68 B                                            0.00 XXX   0 X    0.00 XXX   0 X   -0.14 LYS 432 B

TYR  87 B  10.38     0 %    0.36  184   0.00    0    0.00 XXX   0 X    0.00 XXX   0 X   -0.01 ARG  15 A
TYR  87 B                                            0.00 XXX   0 X    0.00 XXX   0 X    0.12 GLU  25 A
TYR  87 B                                            0.00 XXX   0 X    0.00 XXX   0 X   -0.09 LYS  31 A

TYR 112 B  10.06     0 %    0.06   71   0.00    0    0.00 XXX   0 X    0.00 XXX   0 X    0.00 XXX   0 X

TYR 159 B  10.18     0 %    0.18  117   0.00    0    0.00 XXX   0 X    0.00 XXX   0 X    0.00 XXX   0 X

TYR 162 B  10.61     0 %    0.27  221   0.00    0    0.00 XXX   0 X    0.00 XXX   0 X    0.05 GLU 161 B
TYR 162 B                                            0.00 XXX   0 X    0.00 XXX   0 X    0.09 GLU 208 B
TYR 162 B                                            0.00 XXX   0 X    0.00 XXX   0 X   -0.00 ARG 219 B
TYR 162 B                                            0.00 XXX   0 X    0.00 XXX   0 X    0.20 TYR 159 B

TYR 168 B  12.32    74 %    2.45  488   0.00    0    0.00 XXX   0 X    0.00 XXX   0 X    0.14 CYS 145 B
TYR 168 B                                            0.00 XXX   0 X    0.00 XXX   0 X    0.05 GLU 161 B
TYR 168 B                                            0.00 XXX   0 X    0.00 XXX   0 X    0.24 GLU 171 B
TYR 168 B                                            0.00 XXX   0 X    0.00 XXX   0 X    0.08 ASP 197 B
TYR 168 B                                            0.00 XXX   0 X    0.00 XXX   0 X   -0.65 ARG 225 B

TYR 205 B   9.77     6 %    0.58  297   0.00    0   -0.85 THR 169 B    0.00 XXX   0 X    0.05 GLU 208 B

TYR 307 B  11.61    30 %    1.50  365   0.00    0    0.00 XXX   0 X    0.00 XXX   0 X   -0.10 ARG 282 B
TYR 307 B                                            0.00 XXX   0 X    0.00 XXX   0 X    0.10 ASP 297 B
TYR 307 B                                            0.00 XXX   0 X    0.00 XXX   0 X    0.00 ASP 310 B
TYR 307 B                                            0.00 XXX   0 X    0.00 XXX   0 X   -0.01 ARG 340 B
TYR 307 B                                            0.00 XXX   0 X    0.00 XXX   0 X    0.06 TYR 314 B
TYR 307 B                                            0.00 XXX   0 X    0.00 XXX   0 X    0.06 TYR 339 B

TYR 314 B  11.50    41 %    1.50  397   0.00    0    0.00 XXX   0 X    0.00 XXX   0 X    0.00 ASP 305 B
TYR 314 B                                            0.00 XXX   0 X    0.00 XXX   0 X    0.00 ASP 310 B

TYR 339 B   9.90    11 %    0.83  312   0.00    0   -0.67 ARG 282 B    0.00 XXX   0 X    0.14 CYS 280 B
TYR 339 B                                            0.00 XXX   0 X    0.00 XXX   0 X    0.01 ASP 297 B
TYR 339 B                                            0.00 XXX   0 X    0.00 XXX   0 X   -0.41 ARG 282 B

TYR 352 B  10.20     0 %    0.20  265   0.00    0    0.00 XXX   0 X    0.00 XXX   0 X    0.00 XXX   0 X

TYR 378 B  13.24    81 %    3.06  507   0.00    0    0.00 XXX   0 X    0.00 XXX   0 X    0.18 CYS1703 D

TYR 389 B  10.38    53 %    1.75  431   0.00    0   -0.25 ASN 328 B    0.00 XXX   0 X   -0.36 ARG1623 D
TYR 389 B                                           -0.76 THR1620 D    0.00 XXX   0 X    0.00 XXX   0 X

TYR 403 B  12.77    75 %    2.45  490   0.00    0    0.00 XXX   0 X    0.00 XXX   0 X    0.32 CYS 260 B

TYR 416 B  10.86    57 %    1.15  440   0.00    0   -0.29 SER 940 C    0.00 XXX   0 X    0.00 XXX   0 X

LYS  62 B  11.37    15 %   -0.51  324   0.00    0    0.85 GLU 426 B    0.00 XXX   0 X    0.09 GLU 429 B
LYS  62 B                                            0.00 XXX   0 X    0.00 XXX   0 X    0.44 GLU 426 B

LYS  63 B  10.22    13 %   -0.29  318   0.00    0    0.00 XXX   0 X    0.00 XXX   0 X    0.00 ASP  66 B
LYS  63 B                                            0.00 XXX   0 X    0.00 XXX   0 X    0.09 GLU 426 B
LYS  63 B                                            0.00 XXX   0 X    0.00 XXX   0 X   -0.02 LYS 100 B
LYS  63 B                                            0.00 XXX   0 X    0.00 XXX   0 X   -0.07 LYS 430 B

LYS  91 B  10.45     2 %   -0.35  288   0.00    0    0.00 XXX   0 X    0.00 XXX   0 X   -0.15 ARG  15 A
LYS  91 B                                            0.00 XXX   0 X    0.00 XXX   0 X    0.07 GLU  81 B
LYS  91 B                                            0.00 XXX   0 X    0.00 XXX   0 X    0.19 ASP  82 B
LYS  91 B                                            0.00 XXX   0 X    0.00 XXX   0 X    0.19 ASP  84 B

LYS  98 B  10.36     0 %   -0.14  266   0.00    0    0.00 XXX   0 X    0.00 XXX   0 X    0.00 XXX   0 X

LYS 100 B  11.07     0 %   -0.42  241   0.00    0    0.85 ASP  66 B    0.00 XXX   0 X    0.02 GLU 431 B
LYS 100 B                                            0.00 XXX   0 X    0.00 XXX   0 X   -0.26 LYS 430 B
LYS 100 B                                            0.00 XXX   0 X    0.00 XXX   0 X    0.38 ASP  66 B

LYS 126 B  11.25     0 %   -0.38  255   0.00    0    0.85 GLU  78 B    0.00 XXX   0 X   -0.10 ARG 122 B
LYS 126 B                                            0.00 XXX   0 X    0.00 XXX   0 X    0.38 GLU  78 B

LYS 158 B  10.24     0 %   -0.26  157   0.00    0    0.00 XXX   0 X    0.00 XXX   0 X    0.03 GLU 161 B
LYS 158 B                                            0.00 XXX   0 X    0.00 XXX   0 X   -0.02 ARG 219 B

LYS 175 B  11.76    91 %   -2.97  536   0.00    0    0.85 GLU 171 B    0.00 XXX   0 X   -0.15 ARG 179 B
LYS 175 B                                            0.85 ASP 197 B    0.00 XXX   0 X    0.03 ASP 191 B
LYS 175 B                                            0.00 XXX   0 X    0.00 XXX   0 X   -0.14 ARG 225 B
LYS 175 B                                            0.00 XXX   0 X    0.00 XXX   0 X    1.51 GLU 171 B
LYS 175 B                                            0.00 XXX   0 X    0.00 XXX   0 X    1.29 ASP 197 B

LYS 228 B   9.60    94 %   -3.33  544   0.00    0    0.85 GLU 171 B    0.00 XXX   0 X   -0.70 ARG 225 B
LYS 228 B                                            0.85 ASP 197 B    0.00 XXX   0 X   -1.49 LYS 175 B
LYS 228 B                                            0.00 XXX   0 X    0.00 XXX   0 X    1.58 GLU 171 B
LYS 228 B                                            0.00 XXX   0 X    0.00 XXX   0 X    1.34 ASP 197 B

LYS 237 B   9.36    65 %   -1.24  464   0.00    0    0.00 XXX   0 X    0.00 XXX   0 X   -0.24 ARG 179 B
LYS 237 B                                            0.00 XXX   0 X    0.00 XXX   0 X    0.45 ASP 191 B
LYS 237 B                                            0.00 XXX   0 X    0.00 XXX   0 X    0.01 ASP 197 B
LYS 237 B                                            0.00 XXX   0 X    0.00 XXX   0 X   -0.11 LYS 175 B

LYS 248 B  10.23     0 %   -0.27  167   0.00    0    0.00 XXX   0 X    0.00 XXX   0 X    0.00 XXX   0 X

LYS 249 B  11.36     0 %   -0.41  258   0.00    0    0.85 GLU 418 B    0.00 XXX   0 X    0.04 GLU 417 B
LYS 249 B                                            0.00 XXX   0 X    0.00 XXX   0 X    0.38 GLU 418 B

LYS 279 B   8.85    59 %   -1.71  447   0.00    0    0.00 XXX   0 X    0.00 XXX   0 X   -0.13 ARG 277 B
LYS 279 B                                            0.00 XXX   0 X    0.00 XXX   0 X    0.11 ASP 322 B
LYS 279 B                                            0.00 XXX   0 X    0.00 XXX   0 X    0.10 GLU 346 B
LYS 279 B                                            0.00 XXX   0 X    0.00 XXX   0 X   -0.02 LYS 317 B

LYS 317 B  10.32    38 %   -1.24  389   0.00    0    0.85 ASP 322 B    0.00 XXX   0 X    0.06 ASP 349 B
LYS 317 B                                            0.00 XXX   0 X    0.00 XXX   0 X   -0.29 ARG 376 B
LYS 317 B                                            0.00 XXX   0 X    0.00 XXX   0 X   -0.08 ARG 383 B
LYS 317 B                                            0.00 XXX   0 X    0.00 XXX   0 X    0.52 ASP 322 B

LYS 343 B  11.60    46 %   -1.68  411   0.00    0    0.85 ASP1550 D    0.00 XXX   0 X   -0.07 ARG 277 B
LYS 343 B                                            0.85 ASP1551 D    0.00 XXX   0 X    0.02 CYS 341 B
LYS 343 B                                            0.00 XXX   0 X    0.00 XXX   0 X    0.18 ASP 356 B
LYS 343 B                                            0.00 XXX   0 X    0.00 XXX   0 X   -0.25 ARG1623 D
LYS 343 B                                            0.00 XXX   0 X    0.00 XXX   0 X    0.65 ASP1550 D
LYS 343 B                                            0.00 XXX   0 X    0.00 XXX   0 X    0.54 ASP1551 D

LYS 387 B  10.15    22 %   -0.39  343   0.00    0    0.00 XXX   0 X    0.00 XXX   0 X   -0.02 ARG 383 B
LYS 387 B                                            0.00 XXX   0 X    0.00 XXX   0 X    0.06 ASP1690 D

LYS 430 B  11.40     0 %   -0.51  271   0.00    0    0.85 ASP  66 B    0.00 XXX   0 X    0.01 GLU 426 B
LYS 430 B                                            0.00 XXX   0 X    0.00 XXX   0 X    0.16 GLU 431 B
LYS 430 B                                            0.00 XXX   0 X    0.00 XXX   0 X    0.38 ASP  66 B

LYS 432 B  11.59     0 %   -0.38  276   0.00    0    0.85 ASP  57 B    0.00 XXX   0 X   -0.06 ARG  18 A
LYS 432 B                                            0.00 XXX   0 X    0.00 XXX   0 X    0.04 GLU 429 B
LYS 432 B                                            0.00 XXX   0 X    0.00 XXX   0 X    0.09 C-  433 B
LYS 432 B                                            0.00 XXX   0 X    0.00 XXX   0 X    0.14 TYR  68 B
LYS 432 B                                            0.00 XXX   0 X    0.00 XXX   0 X    0.41 ASP  57 B

ARG  53 B  13.22     0 %   -0.50  251   0.00    0    0.66 GLU  50 B    0.00 XXX   0 X    0.22 GLU  74 B
ARG  53 B                                            0.00 XXX   0 X    0.00 XXX   0 X    0.34 GLU  50 B

ARG 104 B  12.33    45 %   -1.33  408   0.00    0    0.69 ASP  84 B    0.00 XXX   0 X    0.47 ASP  84 B

ARG 121 B  10.84    57 %   -1.66  440   0.00    0    0.00 XXX   0 X    0.00 XXX   0 X    0.00 XXX   0 X

ARG 122 B  12.99    31 %   -0.96  367   0.00    0    0.85 GLU  81 B    0.00 XXX   0 X    0.13 GLU  78 B
ARG 122 B                                            0.00 XXX   0 X    0.00 XXX   0 X    0.02 ASP  82 B
ARG 122 B                                            0.00 XXX   0 X    0.00 XXX   0 X    0.45 GLU  81 B

ARG 179 B  10.75    84 %   -2.08  517   0.00    0    0.00 XXX   0 X    0.00 XXX   0 X    0.33 ASP 191 B

ARG 190 B  12.41     0 %   -0.27  210   0.00    0    0.00 XXX   0 X    0.00 XXX   0 X    0.18 CYS 182 B

ARG 219 B  12.83    51 %   -1.07  424   0.00    0    0.72 GLU 161 B    0.00 XXX   0 X    0.03 ASP 152 B
ARG 219 B                                            0.00 XXX   0 X    0.00 XXX   0 X    0.00 TYR 162 B
ARG 219 B                                            0.00 XXX   0 X    0.00 XXX   0 X    0.64 GLU 161 B

ARG 222 B  10.30    65 %   -1.86  462   0.00    0    0.00 XXX   0 X    0.00 XXX   0 X    0.02 CYS 145 B
ARG 222 B                                            0.00 XXX   0 X    0.00 XXX   0 X    0.02 ASP 152 B
ARG 222 B                                            0.00 XXX   0 X    0.00 XXX   0 X    0.34 GLU 161 B
ARG 222 B                                            0.00 XXX   0 X    0.00 XXX   0 X   -0.72 ARG 219 B

ARG 225 B  11.64    85 %   -2.42  518   0.00    0    0.00 XXX   0 X    0.00 XXX   0 X    0.65 TYR 168 B
ARG 225 B                                            0.00 XXX   0 X    0.00 XXX   0 X    0.38 GLU 171 B
ARG 225 B                                            0.00 XXX   0 X    0.00 XXX   0 X    0.53 ASP 197 B

ARG 277 B  12.88    20 %   -0.61  337   0.00    0    0.15 GLU 346 B    0.00 XXX   0 X    0.29 ASP 356 B
ARG 277 B                                            0.00 XXX   0 X    0.00 XXX   0 X    0.15 ASP1550 D
ARG 277 B                                            0.00 XXX   0 X    0.00 XXX   0 X    0.03 ASP1551 D
ARG 277 B                                            0.00 XXX   0 X    0.00 XXX   0 X    0.37 GLU 346 B

ARG 282 B  13.48     4 %   -0.35  293   0.00    0    0.67 TYR 339 B    0.00 XXX   0 X    0.01 CYS 280 B
ARG 282 B                                            0.00 XXX   0 X    0.00 XXX   0 X    0.10 ASP 297 B
ARG 282 B                                            0.00 XXX   0 X    0.00 XXX   0 X    0.10 TYR 307 B
ARG 282 B                                            0.00 XXX   0 X    0.00 XXX   0 X    0.05 GLU 312 B
ARG 282 B                                            0.00 XXX   0 X    0.00 XXX   0 X    0.41 TYR 339 B

ARG 340 B  12.20    10 %   -0.38  308   0.00    0    0.00 XXX   0 X    0.00 XXX   0 X    0.01 TYR 307 B
ARG 340 B                                            0.00 XXX   0 X    0.00 XXX   0 X    0.02 ASP 331 B
ARG 340 B                                            0.00 XXX   0 X    0.00 XXX   0 X    0.02 CYS 335 B
ARG 340 B                                            0.00 XXX   0 X    0.00 XXX   0 X    0.03 CYS 341 B

ARG 367 B  11.38    73 %   -1.92  485   0.00    0    0.00 XXX   0 X    0.00 XXX   0 X    0.23 ASP 349 B
ARG 367 B                                            0.00 XXX   0 X    0.00 XXX   0 X    0.28 ASP 372 B
ARG 367 B                                            0.00 XXX   0 X    0.00 XXX   0 X    0.38 CYS 373 B
ARG 367 B                                            0.00 XXX   0 X    0.00 XXX   0 X   -0.08 ARG 376 B

ARG 376 B  13.87    34 %   -0.65  377   0.00    0    1.15 ASP 349 B    0.00 XXX   0 X    0.22 ASP 322 B
ARG 376 B                                            0.00 XXX   0 X    0.00 XXX   0 X    0.10 CYS 373 B
ARG 376 B                                            0.00 XXX   0 X    0.00 XXX   0 X    0.56 ASP 349 B

ARG 383 B  13.74    50 %   -1.22  420   0.00    0    1.66 ASP1690 D    0.00 XXX   0 X    0.21 ASP1689 D
ARG 383 B                                            0.00 XXX   0 X    0.00 XXX   0 X    0.59 ASP1690 D

ARG 433 B  13.14     0 %   -0.28  140   0.00    0    0.77 GLU 428 B    0.00 XXX   0 X    0.16 GLU 431 B

N+   49 B   7.86     0 %   -0.11   78   0.00    0    0.00 XXX   0 X    0.00 XXX   0 X   -0.03 ARG  53 B

ASP 716 C   3.95    16 %    0.38  327   0.00    0    0.00 XXX   0 X    0.00 XXX   0 X   -0.14 LYS 767 C
ASP 716 C                                            0.00 XXX   0 X    0.00 XXX   0 X   -0.06 LYS 817 C
ASP 716 C                                            0.00 XXX   0 X    0.00 XXX   0 X   -0.26 LYS 820 C
ASP 716 C                                            0.00 XXX   0 X    0.00 XXX   0 X    0.20 ASP 720 C
ASP 716 C                                            0.00 XXX   0 X    0.00 XXX   0 X    0.04 ASP 785 C

ASP 720 C   1.92    20 %    0.74  337   0.13    0   -0.77 LYS 817 C    0.00 XXX   0 X   -0.15 LYS 767 C
ASP 720 C                                           -0.85 LYS 820 C    0.00 XXX   0 X   -0.03 ARG 814 C
ASP 720 C                                            0.00 XXX   0 X    0.00 XXX   0 X   -0.53 LYS 817 C
ASP 720 C                                            0.00 XXX   0 X    0.00 XXX   0 X   -0.42 LYS 820 C

ASP 772 C   2.86     9 %    0.52  307   0.03    0   -0.85 LYS 707 C   -0.00 ASP 772 C   -0.24 LYS 711 C
ASP 772 C                                            0.00 XXX   0 X    0.00 XXX   0 X   -0.40 LYS 707 C

ASP 785 C   3.06    62 %    1.92  456   0.39    0   -0.85 LYS 767 C    0.00 XXX   0 X   -0.24 LYS 817 C
ASP 785 C                                           -0.60 ARG 814 C    0.00 XXX   0 X    0.07 ASP 720 C
ASP 785 C                                            0.00 XXX   0 X    0.00 XXX   0 X   -0.78 LYS 767 C
ASP 785 C                                            0.00 XXX   0 X    0.00 XXX   0 X   -0.64 ARG 814 C

ASP 870 C   3.91     0 %    0.15  129   0.00    0    0.00 XXX   0 X    0.00 XXX   0 X   -0.03 ARG 869 C

ASP 872 C   3.88     0 %    0.08   57   0.00    0    0.00 XXX   0 X   -0.00 ASP 872 C    0.00 XXX   0 X

ASP 883 C   2.94    56 %    1.70  439   0.00    0   -1.60 HIS 886 C    0.00 XXX   0 X   -0.13 ARG 878 C
ASP 883 C                                            0.00 XXX   0 X    0.00 XXX   0 X   -0.05 HIS 151 B
ASP 883 C                                            0.00 XXX   0 X    0.00 XXX   0 X   -0.78 HIS 886 C

ASP 905 C   4.79*   41 %    1.06  396   0.32    0    0.00 XXX   0 X    0.00 XXX   0 X   -0.04 ARG 893 C
ASP 905 C                                            0.00 XXX   0 X    0.00 XXX   0 X    0.13 GLU 901 C
ASP 905 C                                            0.00 XXX   0 X    0.00 XXX   0 X    0.06 GLU 908 C
ASP 905 C                                            0.00 XXX   0 X    0.00 XXX   0 X   -0.55 HIS 880 C

GLU 698 C   4.57     0 %    0.07  107   0.00    0    0.00 XXX   0 X    0.00 XXX   0 X    0.00 XXX   0 X

GLU 737 C   5.04    21 %    0.45  339   0.04    0    0.00 XXX   0 X    0.00 XXX   0 X   -0.00 ARG 808 C
GLU 737 C                                            0.00 XXX   0 X    0.00 XXX   0 X   -0.03 HIS 738 C
GLU 737 C                                            0.00 XXX   0 X    0.00 XXX   0 X    0.08 GLU 746 C

GLU 744 C   4.58     0 %    0.08   82   0.00    0    0.00 XXX   0 X    0.00 XXX   0 X    0.00 XXX   0 X

GLU 746 C   4.84     0 %    0.21  167   0.00    0    0.00 XXX   0 X    0.00 XXX   0 X    0.13 GLU 747 C

GLU 747 C   4.70     0 %    0.20  139   0.00    0    0.00 XXX   0 X    0.00 XXX   0 X    0.00 XXX   0 X

GLU 763 C   3.87    70 %    2.63  477   0.40    0   -0.85 LYS 767 C    0.00 XXX   0 X   -0.21 LYS 817 C
GLU 763 C                                           -1.50 ARG 814 C    0.00 XXX   0 X    0.06 ASP 720 C
GLU 763 C                                            0.00 XXX   0 X    0.00 XXX   0 X   -0.84 LYS 767 C
GLU 763 C                                            0.00 XXX   0 X    0.00 XXX   0 X    0.58 ASP 785 C
GLU 763 C                                            0.00 XXX   0 X    0.00 XXX   0 X   -0.90 ARG 814 C

GLU 795 C   3.88    40 %    1.25  392   0.33    0   -1.35 ARG 811 C    0.00 XXX   0 X   -0.18 ARG 808 C
GLU 795 C                                            0.00 XXX   0 X    0.00 XXX   0 X   -0.67 ARG 811 C

GLU 867 C   4.56     0 %    0.18  221   0.00    0    0.00 XXX   0 X    0.00 XXX   0 X   -0.15 LYS 863 C
GLU 867 C                                            0.00 XXX   0 X    0.00 XXX   0 X    0.03 ASP 152 B

GLU 898 C   5.71    62 %    1.68  454   0.26    0   -0.70 ARG 893 C    0.00 XXX   0 X   -0.14 LYS1419 D
GLU 898 C                                            0.00 XXX   0 X    0.00 XXX   0 X    0.49 ASP 372 B
GLU 898 C                                            0.00 XXX   0 X    0.00 XXX   0 X    0.27 GLU 901 C
GLU 898 C                                            0.00 XXX   0 X    0.00 XXX   0 X    0.08 ASP1423 D
GLU 898 C                                            0.00 XXX   0 X    0.00 XXX   0 X   -0.74 ARG 893 C

GLU 901 C   3.92    39 %    0.77  391   0.00    0   -0.87 ARG 893 C    0.00 XXX   0 X    0.16 ASP 372 B
GLU 901 C                                            0.00 XXX   0 X    0.00 XXX   0 X   -0.63 ARG 893 C

GLU 908 C   4.68     0 %    0.18  236   0.00    0    0.00 XXX   0 X    0.00 XXX   0 X    0.00 XXX   0 X

C-  943 C   3.30     0 %    0.19  227   0.00    0    0.00 XXX   0 X   -0.02 SER 943 C   -0.06 LYS 830 C

HIS 738 C   7.07     0 %   -0.29  182   0.00    0    0.00 XXX   0 X    0.66 TYR 739 C    0.03 GLU 737 C
HIS 738 C                                            0.00 XXX   0 X    0.17 ASN 740 C    0.00 XXX   0 X

HIS 880 C   5.82*   42 %   -1.19  400   0.00    0    0.00 XXX   0 X    0.00 XXX   0 X   -0.02 ARG 869 C
HIS 880 C                                            0.00 XXX   0 X    0.00 XXX   0 X   -0.02 HIS 886 C
HIS 880 C                                            0.00 XXX   0 X    0.00 XXX   0 X    0.55 ASP 905 C

HIS 886 C   6.37    68 %   -2.24  473   0.00    0    1.60 ASP 883 C    0.00 XXX   0 X   -0.26 ARG 878 C
HIS 886 C                                            0.00 XXX   0 X    0.00 XXX   0 X    0.78 ASP 883 C

CYS 683 C   9.45     0 %    0.45  136   0.00    0    0.00 XXX   0 X    0.00 XXX   0 X    0.00 XXX   0 X

CYS 686 C   8.44     0 %    0.52  117   0.00    0    0.00 XXX   0 X   -0.31 ASN 688 C    0.00 XXX   0 X
CYS 686 C                                            0.00 XXX   0 X   -0.77 ARG 689 C    0.00 XXX   0 X

CYS 699 C   9.57     0 %    0.58  220   0.00    0    0.00 XXX   0 X    0.00 XXX   0 X   -0.24 LYS 707 C
CYS 699 C                                            0.00 XXX   0 X    0.00 XXX   0 X   -0.01 LYS 711 C
CYS 699 C                                            0.00 XXX   0 X    0.00 XXX   0 X    0.14 CYS 700 C
CYS 699 C                                            0.00 XXX   0 X    0.00 XXX   0 X    0.08 ASP 772 C

CYS 700 C   8.93     0 %    0.34  125   0.00    0    0.00 XXX   0 X   -0.42 TRP 703 C    0.00 XXX   0 X

CYS 726 C  10.43    47 %    1.52  413   0.00    0    0.00 XXX   0 X    0.00 XXX   0 X   -0.00 ARG 811 C
CYS 726 C                                            0.00 XXX   0 X    0.00 XXX   0 X   -0.18 ARG 814 C
CYS 726 C                                            0.00 XXX   0 X    0.00 XXX   0 X    0.10 GLU 763 C

CYS 896 C  12.54    95 %    3.43  546   0.00    0    0.00 XXX   0 X    0.00 XXX   0 X   -0.06 ARG 893 C
CYS 896 C                                            0.00 XXX   0 X    0.00 XXX   0 X    0.17 GLU 898 C

CYS 906 C  12.27    82 %    2.59  511   0.00    0    0.00 XXX   0 X    0.00 XXX   0 X    0.26 ASP 905 C
CYS 906 C                                            0.00 XXX   0 X    0.00 XXX   0 X    0.42 CYS 915 C

CYS 915 C  10.66    39 %    1.66  390   0.00    0    0.00 XXX   0 X    0.00 XXX   0 X    0.00 XXX   0 X

TYR 694 C  10.40     0 %    0.23  261   0.00    0    0.00 XXX   0 X    0.00 XXX   0 X    0.06 CYS 699 C
TYR 694 C                                            0.00 XXX   0 X    0.00 XXX   0 X    0.20 ASP 772 C
TYR 694 C                                            0.00 XXX   0 X    0.00 XXX   0 X   -0.14 LYS 707 C
TYR 694 C                                            0.00 XXX   0 X    0.00 XXX   0 X    0.07 TYR 775 C

TYR 739 C  10.19     0 %    0.15  128   0.00    0   -0.02 ASN 740 C    0.00 XXX   0 X    0.06 GLU1435 D
TYR 739 C                                            0.00 XXX   0 X    0.00 XXX   0 X   -0.01 LYS1381 D

TYR 774 C  10.07     0 %    0.13  162   0.00    0   -0.06 GLN 778 C    0.00 XXX   0 X    0.00 XXX   0 X

TYR 775 C  10.31     0 %    0.21  220   0.00    0    0.00 XXX   0 X    0.00 XXX   0 X    0.09 ASP 772 C
TYR 775 C                                            0.00 XXX   0 X    0.00 XXX   0 X    0.02 TYR 774 C

TYR 776 C  10.82    32 %    1.27  371   0.00    0   -0.60 SER 786 C    0.00 XXX   0 X    0.10 GLU 763 C
TYR 776 C                                            0.00 XXX   0 X    0.00 XXX   0 X    0.36 ASP 785 C
TYR 776 C                                            0.00 XXX   0 X    0.00 XXX   0 X   -0.05 ARG 814 C
TYR 776 C                                            0.00 XXX   0 X    0.00 XXX   0 X   -0.26 LYS 767 C

TYR 865 C  10.85    15 %    0.95  322   0.00    0    0.00 XXX   0 X    0.00 XXX   0 X   -0.20 ARG 869 C
TYR 865 C                                            0.00 XXX   0 X    0.00 XXX   0 X    0.10 ASP 905 C

LYS 682 C  10.47     0 %   -0.03   54   0.00    0    0.00 XXX   0 X    0.00 XXX   0 X    0.00 XXX   0 X

LYS 707 C  11.64     1 %   -0.49  284   0.00    0    0.85 ASP 772 C    0.00 XXX   0 X    0.24 CYS 699 C
LYS 707 C                                            0.00 XXX   0 X    0.00 XXX   0 X    0.14 TYR 694 C
LYS 707 C                                            0.00 XXX   0 X    0.00 XXX   0 X    0.40 ASP 772 C

LYS 711 C  10.17     5 %   -0.41  294   0.00    0    0.00 XXX   0 X    0.00 XXX   0 X    0.01 CYS 699 C
LYS 711 C                                            0.00 XXX   0 X    0.00 XXX   0 X    0.24 ASP 772 C
LYS 711 C                                            0.00 XXX   0 X    0.00 XXX   0 X   -0.17 LYS 707 C

LYS 767 C  11.72    63 %   -2.13  458   0.00    0    0.85 GLU 763 C    0.00 XXX   0 X    0.14 ASP 716 C
LYS 767 C                                            0.85 ASP 785 C    0.00 XXX   0 X    0.15 ASP 720 C
LYS 767 C                                            0.00 XXX   0 X    0.00 XXX   0 X   -0.52 ARG 814 C
LYS 767 C                                            0.00 XXX   0 X    0.00 XXX   0 X    0.26 TYR 776 C
LYS 767 C                                            0.00 XXX   0 X    0.00 XXX   0 X    0.84 GLU 763 C
LYS 767 C                                            0.00 XXX   0 X    0.00 XXX   0 X    0.78 ASP 785 C

LYS 817 C  10.22    48 %   -1.35  417   0.00    0    0.77 ASP 720 C    0.00 XXX   0 X    0.06 ASP 716 C
LYS 817 C                                            0.00 XXX   0 X    0.00 XXX   0 X    0.21 GLU 763 C
LYS 817 C                                            0.00 XXX   0 X    0.00 XXX   0 X    0.24 ASP 785 C
LYS 817 C                                            0.00 XXX   0 X    0.00 XXX   0 X   -0.29 ARG 814 C
LYS 817 C                                            0.00 XXX   0 X    0.00 XXX   0 X   -0.29 LYS 767 C
LYS 817 C                                            0.00 XXX   0 X    0.00 XXX   0 X   -0.18 LYS 820 C
LYS 817 C                                            0.00 XXX   0 X    0.00 XXX   0 X    0.53 ASP 720 C

LYS 820 C  11.62     0 %   -0.36  279   0.00    0    0.85 ASP 720 C    0.00 XXX   0 X    0.26 ASP 716 C
LYS 820 C                                            0.00 XXX   0 X    0.00 XXX   0 X   -0.04 LYS 767 C
LYS 820 C                                            0.00 XXX   0 X    0.00 XXX   0 X    0.42 ASP 720 C

LYS 830 C  10.27     5 %   -0.31  294   0.00    0    0.00 XXX   0 X    0.00 XXX   0 X    0.06 C-  943 C
LYS 830 C                                            0.00 XXX   0 X    0.00 XXX   0 X    0.02 ASP1471 D

LYS 863 C  11.33    10 %   -0.51  309   0.00    0    0.85 ASP 152 B    0.00 XXX   0 X   -0.04 ARG 219 B
LYS 863 C                                            0.00 XXX   0 X    0.00 XXX   0 X   -0.02 ARG 222 B
LYS 863 C                                            0.00 XXX   0 X    0.00 XXX   0 X    0.15 GLU 867 C
LYS 863 C                                            0.00 XXX   0 X    0.00 XXX   0 X    0.41 ASP 152 B

ARG 689 C  12.43     0 %   -0.07  106   0.00    0    0.00 XXX   0 X    0.00 XXX   0 X    0.00 XXX   0 X

ARG 693 C  12.40     0 %   -0.10  132   0.00    0    0.00 XXX   0 X    0.00 XXX   0 X    0.00 XXX   0 X

ARG 800 C  12.46     0 %   -0.04   75   0.00    0    0.00 XXX   0 X    0.00 XXX   0 X    0.00 XXX   0 X

ARG 808 C  12.15     5 %   -0.38  295   0.00    0    0.00 XXX   0 X    0.00 XXX   0 X    0.00 GLU 737 C
ARG 808 C                                            0.00 XXX   0 X    0.00 XXX   0 X    0.18 GLU 795 C
ARG 808 C                                            0.00 XXX   0 X    0.00 XXX   0 X   -0.14 ARG 811 C

ARG 811 C  13.32    65 %   -1.20  464   0.00    0    1.35 GLU 795 C    0.00 XXX   0 X    0.00 CYS 726 C
ARG 811 C                                            0.00 XXX   0 X    0.00 XXX   0 X    0.67 GLU 795 C

ARG 814 C  14.24    71 %   -2.16  480   0.00    0    1.50 GLU 763 C    0.00 XXX   0 X    0.03 ASP 720 C
ARG 814 C                                            0.60 ASP 785 C    0.00 XXX   0 X    0.18 CYS 726 C
ARG 814 C                                            0.00 XXX   0 X    0.00 XXX   0 X    0.05 TYR 776 C
ARG 814 C                                            0.00 XXX   0 X    0.00 XXX   0 X    0.90 GLU 763 C
ARG 814 C                                            0.00 XXX   0 X    0.00 XXX   0 X    0.64 ASP 785 C

ARG 869 C  12.22     0 %   -0.51  220   0.00    0    0.00 XXX   0 X    0.00 XXX   0 X    0.20 TYR 865 C
ARG 869 C                                            0.00 XXX   0 X    0.00 XXX   0 X    0.03 ASP 870 C

ARG 878 C  12.44    26 %   -0.76  353   0.00    0    0.00 XXX   0 X    0.00 XXX   0 X    0.13 ASP 883 C
ARG 878 C                                            0.00 XXX   0 X    0.00 XXX   0 X    0.01 TYR1426 D
ARG 878 C                                            0.00 XXX   0 X    0.00 XXX   0 X    0.21 ASP1430 D
ARG 878 C                                            0.00 XXX   0 X    0.00 XXX   0 X    0.06 GLU1441 D
ARG 878 C                                            0.00 XXX   0 X    0.00 XXX   0 X    0.28 TYR1447 D

ARG 893 C  14.33    57 %   -1.77  442   0.00    0    0.70 GLU 898 C    0.00 XXX   0 X    0.31 ASP 372 B
ARG 893 C                                            0.87 GLU 901 C    0.00 XXX   0 X    0.13 CYS 373 B
ARG 893 C                                            0.00 XXX   0 X    0.00 XXX   0 X    0.06 CYS 896 C
ARG 893 C                                            0.00 XXX   0 X    0.00 XXX   0 X    0.04 ASP 905 C
ARG 893 C                                            0.00 XXX   0 X    0.00 XXX   0 X    0.12 ASP1423 D
ARG 893 C                                            0.00 XXX   0 X    0.00 XXX   0 X    0.74 GLU 898 C
ARG 893 C                                            0.00 XXX   0 X    0.00 XXX   0 X    0.63 GLU 901 C

N+  681 C   7.87     0 %   -0.13   79   0.00    0    0.00 XXX   0 X    0.00 XXX   0 X    0.00 XXX   0 X

ASP1163 D   3.91     0 %    0.11  115   0.00    0    0.00 XXX   0 X    0.00 XXX   0 X    0.00 XXX   0 X

ASP1166 D   1.94    15 %    0.86  323   0.00    0   -0.23 CYS1167 D   -0.35 ASP1166 D   -0.03 LYS1196 D
ASP1166 D                                           -1.56 ARG1195 D   -0.11 CYS1167 D   -0.44 ARG1195 D

ASP1182 D   3.88     0 %    0.15  166   0.00    0    0.00 XXX   0 X    0.00 XXX   0 X   -0.06 LYS1189 D

ASP1226 D   3.03    30 %    1.22  365   0.04    0    0.00 XXX   0 X   -0.63 ILE1227 D   -0.09 ARG1232 D
ASP1226 D                                            0.00 XXX   0 X   -0.48 TYR1228 D   -0.02 ARG1303 D
ASP1226 D                                            0.00 XXX   0 X   -0.76 LEU1229 D    0.00 XXX   0 X
ASP1226 D                                            0.00 XXX   0 X   -0.06 GLU1230 D    0.00 XXX   0 X

ASP1243 D   4.31    52 %    0.91  427   0.14    0    0.00 XXX   0 X    0.00 XXX   0 X   -0.06 LYS1236 D
ASP1243 D                                            0.00 XXX   0 X    0.00 XXX   0 X   -0.20 LYS1244 D
ASP1243 D                                            0.00 XXX   0 X    0.00 XXX   0 X   -0.29 ARG1306 D
ASP1243 D                                            0.00 XXX   0 X    0.00 XXX   0 X   -0.06 ARG1309 D
ASP1243 D                                            0.00 XXX   0 X    0.00 XXX   0 X    0.07 GLU1240 D

ASP1275 D   5.10    78 %    2.33  501   0.44    0   -0.14 ARG1316 D    0.00 XXX   0 X   -0.10 LYS1257 D
ASP1275 D                                            0.00 XXX   0 X    0.00 XXX   0 X   -0.02 LYS1265 D
ASP1275 D                                            0.00 XXX   0 X    0.00 XXX   0 X   -0.02 ARG1321 D
ASP1275 D                                            0.00 XXX   0 X    0.00 XXX   0 X    0.83 GLU1253 D
ASP1275 D                                            0.00 XXX   0 X    0.00 XXX   0 X   -0.94 ARG1312 D
ASP1275 D                                            0.00 XXX   0 X    0.00 XXX   0 X   -1.07 ARG1316 D

ASP1280 D   2.05    35 %    1.41  379   0.00    0   -1.59 ARG1309 D   -0.14 ASP1280 D   -0.02 ARG1312 D
ASP1280 D                                            0.00 XXX   0 X   -0.77 VAL1281 D   -0.63 ARG1309 D

ASP1370 D   3.91     0 %    0.11  145   0.00    0    0.00 XXX   0 X    0.00 XXX   0 X    0.00 XXX   0 X

ASP1403 D   3.41    32 %    1.07  372   0.00    0   -0.85 LYS1397 D    0.00 XXX   0 X   -0.09 LYS1381 D
ASP1403 D                                            0.00 XXX   0 X    0.00 XXX   0 X   -0.52 LYS1397 D

ASP1423 D   4.63    42 %    0.64  400   0.10    0    0.00 XXX   0 X    0.00 XXX   0 X   -0.12 ARG 893 C
ASP1423 D                                            0.00 XXX   0 X    0.00 XXX   0 X    0.21 GLU 901 C

ASP1430 D   5.56    48 %    1.26  415   0.78    0    0.00 XXX   0 X    0.00 XXX   0 X   -0.21 ARG 878 C
ASP1430 D                                            0.00 XXX   0 X    0.00 XXX   0 X   -0.11 ARG1362 D
ASP1430 D                                            0.00 XXX   0 X    0.00 XXX   0 X    0.04 GLU1441 D

ASP1471 D   4.43    22 %    0.56  342   0.09    0    0.00 XXX   0 X    0.00 XXX   0 X   -0.02 LYS 830 C

ASP1484 D   2.97     1 %    0.38  284   0.01    0   -0.85 LYS1492 D    0.00 XXX   0 X   -0.38 LYS1492 D

ASP1523 D   1.93    10 %    0.65  309   0.03    0   -0.85 LYS1527 D    0.00 XXX   0 X   -0.39 LYS1527 D
ASP1523 D                                           -0.85 LYS1800 D    0.00 XXX   0 X   -0.46 LYS1800 D

ASP1531 D   2.79    33 %    1.16  375   0.38    0   -1.58 ARG1638 D    0.00 XXX   0 X   -0.32 LYS1578 D
ASP1531 D                                            0.00 XXX   0 X    0.00 XXX   0 X   -0.06 ARG1635 D
ASP1531 D                                            0.00 XXX   0 X    0.00 XXX   0 X   -0.01 LYS1800 D
ASP1531 D                                            0.00 XXX   0 X    0.00 XXX   0 X   -0.59 ARG1638 D

ASP1550 D   4.81    55 %    1.88  436   0.00    0   -0.85 LYS 343 B    0.00 XXX   0 X   -0.15 ARG 277 B
ASP1550 D                                            0.15 ASP1551 D    0.00 XXX   0 X   -0.26 ARG1623 D
ASP1550 D                                            0.00 XXX   0 X    0.00 XXX   0 X   -0.02 ARG1626 D
ASP1550 D                                            0.00 XXX   0 X    0.00 XXX   0 X   -0.14 HIS 278 B
ASP1550 D                                            0.00 XXX   0 X    0.00 XXX   0 X    0.49 ASP 356 B
ASP1550 D                                            0.00 XXX   0 X    0.00 XXX   0 X   -0.65 LYS 343 B
ASP1550 D                                            0.00 XXX   0 X    0.00 XXX   0 X    0.57 ASP1551 D

ASP1551 D   2.79    24 %    0.73  349   0.00    0   -0.85 LYS 343 B    0.00 XXX   0 X   -0.03 ARG 277 B
ASP1551 D                                           -0.15 ASP1550 D    0.00 XXX   0 X   -0.08 ARG1623 D
ASP1551 D                                            0.00 XXX   0 X    0.00 XXX   0 X   -0.08 HIS 278 B
ASP1551 D                                            0.00 XXX   0 X    0.00 XXX   0 X   -0.54 LYS 343 B

ASP1595 D   4.17    66 %    2.08  466   0.31    0   -0.87 ARG1635 D    0.00 XXX   0 X   -0.45 LYS1578 D
ASP1595 D                                            0.00 XXX   0 X    0.00 XXX   0 X   -0.21 ARG1638 D
ASP1595 D                                            0.00 XXX   0 X    0.00 XXX   0 X    0.01 ASP1531 D
ASP1595 D                                            0.00 XXX   0 X    0.00 XXX   0 X    0.43 GLU1574 D
ASP1595 D                                            0.00 XXX   0 X    0.00 XXX   0 X   -0.94 ARG1635 D

ASP1610 D   3.89     0 %    0.21  235   0.00    0    0.00 XXX   0 X    0.00 XXX   0 X   -0.08 LYS1562 D
ASP1610 D                                            0.00 XXX   0 X    0.00 XXX   0 X   -0.04 LYS1614 D

ASP1689 D   4.28    35 %    0.85  379   0.12    0    0.00 XXX   0 X   -0.65 ASP1690 D   -0.21 ARG 383 B
ASP1689 D                                            0.00 XXX   0 X    0.00 XXX   0 X    0.37 ASP1690 D

ASP1690 D   2.55    35 %    1.10  380   0.00    0   -1.66 ARG 383 B   -0.04 ASP1690 D   -0.06 LYS 387 B
ASP1690 D                                            0.00 XXX   0 X    0.00 XXX   0 X   -0.59 ARG 383 B

ASP1714 D   2.77    54 %    1.18  432   0.00    0   -0.85 LYS1399 D   -0.44 ASP1714 D   -0.04 LYS1419 D
ASP1714 D                                            0.00 XXX   0 X   -0.28 GLY1715 D   -0.60 LYS1399 D

ASP1729 D   3.84     0 %    0.16  170   0.00    0    0.00 XXX   0 X   -0.06 ASP1729 D   -0.06 LYS1683 D

ASP1741 D   4.10     6 %    0.27  298   0.00    0    0.00 XXX   0 X    0.00 XXX   0 X   -0.01 ARG1303 D
ASP1741 D                                            0.00 XXX   0 X    0.00 XXX   0 X   -0.01 ARG1739 D
ASP1741 D                                            0.00 XXX   0 X    0.00 XXX   0 X    0.05 ASP1729 D

ASP1789 D   3.37     0 %    0.39  260   0.00    0   -0.69 SER1787 D   -0.02 ASP1789 D   -0.09 LYS1500 D
ASP1789 D                                            0.00 XXX   0 X    0.00 XXX   0 X   -0.02 LYS1505 D

ASP1790 D   4.17    12 %    0.43  315   0.00    0    0.00 XXX   0 X   -0.19 ASP1790 D    0.14 ASP1789 D

ASP1792 D   3.56    30 %    0.87  365   0.14    0   -0.85 LYS1505 D    0.00 XXX   0 X   -0.01 LYS1508 D
ASP1792 D                                            0.00 XXX   0 X    0.00 XXX   0 X    0.09 ASP1789 D
ASP1792 D                                            0.00 XXX   0 X    0.00 XXX   0 X   -0.49 LYS1505 D

ASP1802 D   3.09    60 %    2.37  449   0.63    0   -0.70 ASN1515 D    0.00 XXX   0 X   -0.00 LYS1508 D
ASP1802 D                                           -0.82 ARG1512 D    0.00 XXX   0 X   -0.02 LYS1516 D
ASP1802 D                                           -0.84 LYS1878 D    0.00 XXX   0 X   -0.57 ARG1512 D
ASP1802 D                                            0.00 XXX   0 X    0.00 XXX   0 X   -0.75 LYS1878 D

ASP1816 D   4.06     0 %    0.25  211   0.00    0    0.00 XXX   0 X    0.00 XXX   0 X   -0.15 LYS1829 D
ASP1816 D                                            0.00 XXX   0 X    0.00 XXX   0 X    0.15 ASP1819 D

ASP1819 D   3.21     0 %    0.52  242   0.00    0   -0.73 LYS1829 D    0.00 XXX   0 X   -0.38 LYS1829 D

ASP1839 D   2.86    13 %    0.71  318   0.10    0   -1.33 ARG1860 D    0.00 XXX   0 X   -0.03 LYS1859 D
ASP1839 D                                            0.00 XXX   0 X    0.00 XXX   0 X   -0.39 ARG1860 D

ASP1846 D   3.91     0 %    0.13  126   0.00    0    0.00 XXX   0 X    0.00 XXX   0 X   -0.02 HIS1849 D

ASP1852 D   3.20    19 %    0.85  335   0.13    0   -0.77 HIS1849 D   -0.35 HIS1849 D   -0.09 LYS1872 D
ASP1852 D                                            0.00 XXX   0 X    0.00 XXX   0 X   -0.35 HIS1849 D

ASP1869 D   3.95     0 %    0.17  155   0.00    0    0.00 XXX   0 X    0.00 XXX   0 X   -0.02 LYS1859 D
ASP1869 D                                            0.00 XXX   0 X    0.00 XXX   0 X   -0.00 LYS1872 D

GLU1165 D   4.49     0 %    0.26  207   0.00    0    0.00 XXX   0 X    0.00 XXX   0 X   -0.28 LYS1162 D
GLU1165 D                                            0.00 XXX   0 X    0.00 XXX   0 X   -0.01 LYS1196 D
GLU1165 D                                            0.00 XXX   0 X    0.00 XXX   0 X    0.02 ASP1166 D

GLU1170 D   4.81     0 %    0.15  143   0.00    0    0.00 XXX   0 X    0.00 XXX   0 X    0.17 GLU1165 D

GLU1203 D   4.01    10 %    0.51  310   0.02    0   -0.78 TYR1261 D    0.00 XXX   0 X   -0.24 LYS1257 D

GLU1208 D   4.75    25 %    0.38  351   0.00    0    0.00 XXX   0 X    0.00 XXX   0 X   -0.18 LYS1257 D
GLU1208 D                                            0.00 XXX   0 X    0.00 XXX   0 X   -0.02 LYS1265 D
GLU1208 D                                            0.00 XXX   0 X    0.00 XXX   0 X   -0.16 ARG1316 D
GLU1208 D                                            0.00 XXX   0 X    0.00 XXX   0 X    0.03 GLU1203 D
GLU1208 D                                            0.00 XXX   0 X    0.00 XXX   0 X    0.10 GLU1253 D
GLU1208 D                                            0.00 XXX   0 X    0.00 XXX   0 X    0.11 GLU1318 D

GLU1225 D   5.40    55 %    1.15  434   0.28    0    0.00 XXX   0 X    0.00 XXX   0 X   -0.36 LYS1236 D
GLU1225 D                                            0.00 XXX   0 X    0.00 XXX   0 X    0.04 ASP1226 D
GLU1225 D                                            0.00 XXX   0 X    0.00 XXX   0 X    0.09 GLU1240 D
GLU1225 D                                            0.00 XXX   0 X    0.00 XXX   0 X    0.20 ASP1243 D
GLU1225 D                                            0.00 XXX   0 X    0.00 XXX   0 X   -0.51 ARG1306 D

GLU1230 D   4.64     0 %    0.18  191   0.00    0    0.00 XXX   0 X    0.00 XXX   0 X   -0.14 LYS1233 D
GLU1230 D                                            0.00 XXX   0 X    0.00 XXX   0 X    0.07 ASP1226 D
GLU1230 D                                            0.00 XXX   0 X    0.00 XXX   0 X    0.03 GLU1231 D

GLU1231 D   4.50     0 %    0.10  124   0.00    0    0.00 XXX   0 X    0.00 XXX   0 X   -0.11 ARG1232 D
GLU1231 D                                            0.00 XXX   0 X    0.00 XXX   0 X    0.01 ASP1226 D

GLU1240 D   3.39     0 %    0.23  278   0.00    0   -0.71 LYS1236 D    0.00 XXX   0 X   -0.19 LYS1244 D
GLU1240 D                                            0.00 XXX   0 X    0.00 XXX   0 X   -0.04 ARG1306 D
GLU1240 D                                            0.00 XXX   0 X    0.00 XXX   0 X   -0.41 LYS1236 D

GLU1253 D   3.33    85 %    2.48  519   0.15    0   -1.62 ARG1316 D    0.00 XXX   0 X   -0.49 LYS1257 D
GLU1253 D                                            0.00 XXX   0 X    0.00 XXX   0 X   -0.52 ARG1312 D
GLU1253 D                                            0.00 XXX   0 X    0.00 XXX   0 X   -1.16 ARG1316 D

GLU1295 D   3.39     0 %    0.12  121   0.00    0   -0.85 LYS1300 D    0.00 XXX   0 X   -0.38 LYS1300 D

GLU1318 D   4.59    18 %    0.39  332   0.04    0    0.00 XXX   0 X    0.00 XXX   0 X   -0.05 LYS1265 D
GLU1318 D                                            0.00 XXX   0 X    0.00 XXX   0 X   -0.32 ARG1321 D
GLU1318 D                                            0.00 XXX   0 X    0.00 XXX   0 X    0.03 GLU1489 D

GLU1368 D   4.66     0 %    0.13  219   0.00    0    0.00 XXX   0 X    0.00 XXX   0 X    0.03 ASP1370 D

GLU1385 D   4.61     0 %    0.14  203   0.00    0    0.00 XXX   0 X    0.00 XXX   0 X   -0.06 LYS1381 D
GLU1385 D                                            0.00 XXX   0 X    0.00 XXX   0 X    0.03 GLU1435 D

GLU1392 D   3.82     0 %    0.15  142   0.00    0   -0.82 TYR1394 D    0.00 XXX   0 X    0.00 XXX   0 X

GLU1435 D   3.67     3 %    0.48  291   0.00    0   -0.85 LYS1381 D    0.00 XXX   0 X   -0.05 LYS1397 D
GLU1435 D                                            0.00 XXX   0 X    0.00 XXX   0 X   -0.41 LYS1381 D

GLU1436 D   3.90     5 %    0.46  295   0.01    0   -0.85 TYR1375 D    0.00 XXX   0 X   -0.02 LYS1359 D
GLU1436 D                                            0.00 XXX   0 X    0.00 XXX   0 X   -0.20 ARG1432 D

GLU1441 D   4.68     0 %    0.24  221   0.00    0    0.00 XXX   0 X    0.00 XXX   0 X   -0.06 ARG 878 C

GLU1489 D   3.85     0 %    0.41  235   0.00    0   -0.85 LYS1492 D    0.00 XXX   0 X   -0.09 LYS1493 D
GLU1489 D                                            0.00 XXX   0 X    0.00 XXX   0 X    0.26 ASP1484 D
GLU1489 D                                            0.00 XXX   0 X    0.00 XXX   0 X   -0.38 LYS1492 D

GLU1490 D   4.45     0 %    0.18  193   0.00    0    0.00 XXX   0 X    0.00 XXX   0 X   -0.25 LYS1493 D
GLU1490 D                                            0.00 XXX   0 X    0.00 XXX   0 X    0.01 GLU1489 D

GLU1548 D   3.43    81 %    2.43  508   0.53    0   -0.68 ARG1626 D    0.00 XXX   0 X   -0.00 ARG1623 D
GLU1548 D                                           -0.82 ARG1629 D    0.00 XXX   0 X   -1.20 ARG1626 D
GLU1548 D                                            0.00 XXX   0 X    0.00 XXX   0 X   -1.33 ARG1629 D

GLU1555 D   4.59     0 %    0.09   77   0.00    0    0.00 XXX   0 X    0.00 XXX   0 X    0.00 XXX   0 X

GLU1574 D   2.96    80 %    2.60  504   0.36    0   -0.85 LYS1578 D    0.00 XXX   0 X   -0.17 ARG1638 D
GLU1574 D                                           -1.52 ARG1635 D    0.00 XXX   0 X    0.11 ASP1531 D
GLU1574 D                                            0.00 XXX   0 X    0.00 XXX   0 X   -0.98 LYS1578 D
GLU1574 D                                            0.00 XXX   0 X    0.00 XXX   0 X   -1.09 ARG1635 D

GLU1685 D   4.85    13 %    0.43  319   0.03    0    0.00 XXX   0 X    0.00 XXX   0 X   -0.11 LYS1683 D

GLU1773 D   5.36    53 %    1.54  431   0.19    0   -0.71 TYR1495 D    0.00 XXX   0 X   -0.04 LYS1477 D
GLU1773 D                                            0.00 XXX   0 X    0.00 XXX   0 X   -0.12 LYS1499 D

GLU1780 D   4.55     0 %    0.05   70   0.00    0    0.00 XXX   0 X    0.00 XXX   0 X    0.00 XXX   0 X

GLU1781 D   4.56     0 %    0.06   82   0.00    0    0.00 XXX   0 X    0.00 XXX   0 X    0.00 XXX   0 X

GLU1784 D   4.64     0 %    0.12  164   0.00    0    0.00 XXX   0 X    0.00 XXX   0 X   -0.03 LYS1500 D
GLU1784 D                                            0.00 XXX   0 X    0.00 XXX   0 X    0.04 ASP1789 D

GLU1788 D   3.91    10 %    0.78  310   0.06    0   -0.85 LYS1504 D   -0.47 LYS1504 D   -0.01 LYS1505 D
GLU1788 D                                            0.00 XXX   0 X    0.00 XXX   0 X    0.02 ASP1789 D
GLU1788 D                                            0.00 XXX   0 X    0.00 XXX   0 X    0.02 ASP1792 D
GLU1788 D                                            0.00 XXX   0 X    0.00 XXX   0 X    0.30 GLU1867 D
GLU1788 D                                            0.00 XXX   0 X    0.00 XXX   0 X   -0.43 LYS1504 D

GLU1796 D   5.23    40 %    0.57  394   0.19    0    0.00 XXX   0 X    0.00 XXX   0 X   -0.05 LYS1505 D
GLU1796 D                                            0.00 XXX   0 X    0.00 XXX   0 X   -0.14 LYS1800 D
GLU1796 D                                            0.00 XXX   0 X    0.00 XXX   0 X    0.17 ASP1792 D

GLU1799 D   5.00    78 %    2.49  501   0.21    0   -0.85 LYS1508 D    0.00 XXX   0 X   -0.03 LYS1505 D
GLU1799 D                                           -0.07 TYR1795 D    0.00 XXX   0 X   -0.00 LYS1800 D
GLU1799 D                                            0.00 XXX   0 X    0.00 XXX   0 X   -0.43 LYS1878 D
GLU1799 D                                            0.00 XXX   0 X    0.00 XXX   0 X    0.14 ASP1802 D
GLU1799 D                                            0.00 XXX   0 X    0.00 XXX   0 X   -0.97 LYS1508 D

GLU1804 D   4.67     2 %    0.20  286   0.01    0    0.00 XXX   0 X    0.00 XXX   0 X   -0.11 LYS1516 D
GLU1804 D                                            0.00 XXX   0 X    0.00 XXX   0 X   -0.01 LYS1527 D
GLU1804 D                                            0.00 XXX   0 X    0.00 XXX   0 X    0.09 ASP1523 D

GLU1810 D   4.63     0 %    0.13  172   0.00    0    0.00 XXX   0 X    0.00 XXX   0 X    0.00 XXX   0 X

GLU1823 D   4.82     0 %    0.16  172   0.00    0    0.00 XXX   0 X    0.00 XXX   0 X   -0.07 LYS1829 D
GLU1823 D                                            0.00 XXX   0 X    0.00 XXX   0 X    0.23 ASP1819 D

GLU1864 D   4.80     0 %    0.12  152   0.00    0    0.00 XXX   0 X    0.00 XXX   0 X   -0.06 LYS1504 D
GLU1864 D                                            0.00 XXX   0 X    0.00 XXX   0 X    0.05 GLU1788 D
GLU1864 D                                            0.00 XXX   0 X    0.00 XXX   0 X    0.19 GLU1867 D

GLU1867 D   3.58     0 %    0.33  268   0.00    0   -0.85 LYS1504 D    0.00 XXX   0 X   -0.40 LYS1504 D

GLU1876 D   3.60     0 %    0.32  267   0.00    0   -0.85 LYS1872 D    0.00 XXX   0 X    0.01 ASP1852 D
GLU1876 D                                            0.00 XXX   0 X    0.00 XXX   0 X   -0.39 LYS1872 D

GLU1877 D   4.32     0 %    0.25  219   0.00    0   -0.43 GLN1874 D    0.00 XXX   0 X    0.00 XXX   0 X

C- 1882 D   3.30     0 %    0.10  106   0.00    0    0.00 XXX   0 X    0.00 XXX   0 X    0.00 XXX   0 X

HIS1200 D   5.71     0 %   -0.41  270   0.00    0    0.00 XXX   0 X    0.00 XXX   0 X   -0.38 LYS1196 D

HIS1204 D   6.30     0 %   -0.20  183   0.00    0    0.00 XXX   0 X    0.00 XXX   0 X    0.00 XXX   0 X

HIS1584 D   5.93     0 %   -0.26  197   0.00    0    0.00 XXX   0 X    0.00 XXX   0 X   -0.31 ARG1583 D

HIS1849 D   7.23     0 %   -0.35  254   0.00    0    0.77 ASP1852 D    0.00 XXX   0 X   -0.06 ARG1847 D
HIS1849 D                                            0.00 XXX   0 X    0.00 XXX   0 X   -0.00 LYS1872 D
HIS1849 D                                            0.00 XXX   0 X    0.00 XXX   0 X    0.02 ASP1846 D
HIS1849 D                                            0.00 XXX   0 X    0.00 XXX   0 X    0.35 ASP1852 D

CYS1167 D  10.33    19 %    1.26  334   0.00    0   -0.04 ARG1195 D    0.00 XXX   0 X   -0.45 ARG1195 D
CYS1167 D                                            0.23 ASP1166 D    0.00 XXX   0 X   -0.18 LYS1196 D
CYS1167 D                                            0.00 XXX   0 X    0.00 XXX   0 X    0.03 GLU1165 D
CYS1167 D                                            0.00 XXX   0 X    0.00 XXX   0 X    0.03 CYS1179 D
CYS1167 D                                            0.00 XXX   0 X    0.00 XXX   0 X    0.01 CYS1198 D
CYS1167 D                                            0.00 XXX   0 X    0.00 XXX   0 X    0.44 ASP1166 D

CYS1172 D   9.10     0 %    0.14   64   0.00    0   -0.04 ARG1174 D    0.00 XXX   0 X    0.00 XXX   0 X

CYS1176 D   9.09     0 %    0.16  158   0.00    0    0.00 XXX   0 X    0.00 XXX   0 X   -0.07 ARG1193 D

CYS1178 D   9.61     0 %    0.29  233   0.00    0    0.00 XXX   0 X    0.00 XXX   0 X   -0.01 ARG1175 D
CYS1178 D                                            0.00 XXX   0 X    0.00 XXX   0 X   -0.05 LYS1189 D
CYS1178 D                                            0.00 XXX   0 X    0.00 XXX   0 X    0.01 ASP1166 D
CYS1178 D                                            0.00 XXX   0 X    0.00 XXX   0 X    0.03 CYS1176 D
CYS1178 D                                            0.00 XXX   0 X    0.00 XXX   0 X    0.09 CYS1179 D
CYS1178 D                                            0.00 XXX   0 X    0.00 XXX   0 X    0.25 ASP1182 D

CYS1179 D   9.06     0 %    0.71  245   0.00    0   -0.42 THR1184 D   -0.13 CYS1179 D   -0.17 LYS1189 D
CYS1179 D                                            0.00 XXX   0 X    0.00 XXX   0 X   -0.05 ARG1193 D
CYS1179 D                                            0.00 XXX   0 X    0.00 XXX   0 X   -0.01 ARG1195 D
CYS1179 D                                            0.00 XXX   0 X    0.00 XXX   0 X    0.09 ASP1166 D
CYS1179 D                                            0.00 XXX   0 X    0.00 XXX   0 X    0.04 ASP1182 D

CYS1198 D   9.61     9 %    0.71  306   0.00    0    0.00 XXX   0 X   -0.09 CYS1198 D   -0.01 ARG1195 D

CYS1272 D   9.53    24 %    0.97  348   0.00    0    0.00 XXX   0 X    0.00 XXX   0 X   -0.03 LYS1257 D
CYS1272 D                                            0.00 XXX   0 X    0.00 XXX   0 X   -0.41 LYS1265 D
CYS1272 D                                            0.00 XXX   0 X    0.00 XXX   0 X   -0.09 ARG1316 D
CYS1272 D                                            0.00 XXX   0 X    0.00 XXX   0 X   -0.21 ARG1321 D
CYS1272 D                                            0.00 XXX   0 X    0.00 XXX   0 X    0.03 GLU1253 D
CYS1272 D                                            0.00 XXX   0 X    0.00 XXX   0 X    0.23 ASP1275 D
CYS1272 D                                            0.00 XXX   0 X    0.00 XXX   0 X    0.04 GLU1318 D

CYS1341 D  11.75    86 %    2.93  523   0.00    0    0.00 XXX   0 X   -0.18 CYS1341 D    0.00 XXX   0 X

CYS1363 D  11.40*   25 %    1.50  351   0.00    0    0.42 CYS1384 D    0.00 XXX   0 X    0.48 CYS1384 D

CYS1384 D   9.80*   23 %    1.27  347   0.00    0   -0.42 CYS1363 D   -0.11 TRP1395 D   -0.02 LYS1381 D
CYS1384 D                                            0.00 XXX   0 X    0.00 XXX   0 X    0.07 GLU1385 D

CYS1539 D   9.81    26 %    0.81  355   0.00    0    0.00 XXX   0 X    0.00 XXX   0 X    0.00 XXX   0 X

CYS1575 D   9.68*   38 %    1.42  388   0.00    0   -0.85 TYR1586 D    0.00 XXX   0 X   -0.11 LYS1578 D
CYS1575 D                                            0.00 XXX   0 X    0.00 XXX   0 X   -0.13 ARG1635 D
CYS1575 D                                            0.00 XXX   0 X    0.00 XXX   0 X    0.23 GLU1574 D
CYS1575 D                                            0.00 XXX   0 X    0.00 XXX   0 X    0.12 ASP1595 D

CYS1703 D  12.34   100 %    3.34  562   0.00    0    0.00 XXX   0 X    0.00 XXX   0 X    0.00 XXX   0 X

CYS1728 D   9.05     0 %    0.20  154   0.00    0    0.00 XXX   0 X   -0.11 ASP1729 D   -0.21 LYS1683 D
CYS1728 D                                            0.00 XXX   0 X    0.00 XXX   0 X    0.18 ASP1729 D

CYS1742 D  11.53    65 %    2.49  463   0.00    0    0.00 XXX   0 X    0.00 XXX   0 X    0.04 ASP1741 D

CYS1850 D  11.37    63 %    2.28  458   0.00    0    0.00 XXX   0 X    0.00 XXX   0 X    0.07 ASP1802 D
CYS1850 D                                            0.00 XXX   0 X    0.00 XXX   0 X    0.02 ASP1852 D

TYR1199 D  10.84     6 %    0.39  299   0.00    0    0.00 XXX   0 X    0.00 XXX   0 X    0.17 GLU1165 D
TYR1199 D                                            0.00 XXX   0 X    0.00 XXX   0 X    0.07 ASP1166 D
TYR1199 D                                            0.00 XXX   0 X    0.00 XXX   0 X    0.15 CYS1167 D
TYR1199 D                                            0.00 XXX   0 X    0.00 XXX   0 X   -0.11 ARG1195 D
TYR1199 D                                            0.00 XXX   0 X    0.00 XXX   0 X    0.17 GLU1203 D

TYR1228 D  11.66    43 %    1.56  403   0.00    0    0.00 XXX   0 X    0.00 XXX   0 X    0.12 ASP1226 D
TYR1228 D                                            0.00 XXX   0 X    0.00 XXX   0 X    0.05 GLU1230 D
TYR1228 D                                            0.00 XXX   0 X    0.00 XXX   0 X   -0.09 ARG1303 D
TYR1228 D                                            0.00 XXX   0 X    0.00 XXX   0 X    0.01 TYR1681 D

TYR1241 D  10.27     0 %    0.19  122   0.00    0    0.00 XXX   0 X    0.00 XXX   0 X    0.08 TYR1248 D

TYR1248 D  10.14     0 %    0.28  183   0.00    0    0.00 XXX   0 X    0.00 XXX   0 X    0.00 ASP1243 D
TYR1248 D                                            0.00 XXX   0 X    0.00 XXX   0 X   -0.15 LYS1244 D

TYR1261 D  12.88    33 %    1.37  374   0.00    0    0.78 GLU1203 D    0.00 XXX   0 X    0.02 GLU1208 D
TYR1261 D                                            0.00 XXX   0 X    0.00 XXX   0 X    0.09 GLU1253 D
TYR1261 D                                            0.00 XXX   0 X    0.00 XXX   0 X    0.09 TYR1199 D
TYR1261 D                                            0.00 XXX   0 X    0.00 XXX   0 X    0.05 TYR1266 D
TYR1261 D                                            0.00 XXX   0 X    0.00 XXX   0 X    0.47 GLU1203 D

TYR1266 D  12.56    64 %    1.68  460   0.00    0    0.00 XXX   0 X    0.00 XXX   0 X    0.13 CYS1272 D
TYR1266 D                                            0.00 XXX   0 X    0.00 XXX   0 X   -0.31 ARG1312 D
TYR1266 D                                            0.00 XXX   0 X    0.00 XXX   0 X   -0.32 ARG1316 D
TYR1266 D                                            0.00 XXX   0 X    0.00 XXX   0 X    0.67 GLU1253 D
TYR1266 D                                            0.00 XXX   0 X    0.00 XXX   0 X    0.70 ASP1275 D

TYR1375 D  10.94     0 %    0.43  279   0.00    0   -0.43 ARG1432 D    0.00 XXX   0 X   -0.30 ARG1432 D
TYR1375 D                                            0.85 GLU1436 D    0.00 XXX   0 X    0.39 GLU1436 D

TYR1394 D  11.61     0 %    0.40  175   0.00    0    0.82 GLU1392 D    0.00 XXX   0 X    0.38 GLU1392 D

TYR1409 D  12.04    52 %    2.04  427   0.00    0    0.00 XXX   0 X    0.00 XXX   0 X    0.00 XXX   0 X

TYR1426 D  10.55    28 %    0.37  360   0.00    0    0.00 XXX   0 X    0.00 XXX   0 X   -0.01 ARG 878 C
TYR1426 D                                            0.00 XXX   0 X    0.00 XXX   0 X   -0.11 ARG1362 D
TYR1426 D                                            0.00 XXX   0 X    0.00 XXX   0 X    0.09 ASP1423 D
TYR1426 D                                            0.00 XXX   0 X    0.00 XXX   0 X    0.22 ASP1430 D

TYR1434 D  10.59     7 %    0.36  302   0.00    0    0.00 XXX   0 X    0.00 XXX   0 X    0.06 ASP1403 D
TYR1434 D                                            0.00 XXX   0 X    0.00 XXX   0 X    0.38 GLU1435 D
TYR1434 D                                            0.00 XXX   0 X    0.00 XXX   0 X    0.06 TYR 739 C
TYR1434 D                                            0.00 XXX   0 X    0.00 XXX   0 X   -0.20 LYS1381 D
TYR1434 D                                            0.00 XXX   0 X    0.00 XXX   0 X   -0.08 LYS1397 D

TYR1442 D  10.21     0 %    0.23  225   0.00    0    0.00 XXX   0 X    0.00 XXX   0 X   -0.02 ARG1432 D

TYR1445 D  10.51     0 %    0.25  181   0.00    0    0.00 XXX   0 X    0.00 XXX   0 X    0.26 TYR1442 D

TYR1447 D  12.64    60 %    2.58  449   0.00    0    0.00 XXX   0 X    0.00 XXX   0 X   -0.28 ARG 878 C
TYR1447 D                                            0.00 XXX   0 X    0.00 XXX   0 X    0.16 ASP 883 C
TYR1447 D                                            0.00 XXX   0 X    0.00 XXX   0 X    0.15 ASP1430 D
TYR1447 D                                            0.00 XXX   0 X    0.00 XXX   0 X    0.03 TYR1426 D

TYR1449 D  13.63    99 %    3.63  559   0.00    0    0.00 XXX   0 X    0.00 XXX   0 X    0.00 XXX   0 X

TYR1494 D  10.35     0 %    0.13  177   0.00    0    0.00 XXX   0 X    0.00 XXX   0 X    0.25 GLU1490 D
TYR1494 D                                            0.00 XXX   0 X    0.00 XXX   0 X   -0.03 LYS1493 D

TYR1495 D  12.56    43 %    1.29  403   0.00    0   -0.07 GLN1483 D    0.00 XXX   0 X    0.63 GLU1773 D
TYR1495 D                                            0.71 GLU1773 D    0.00 XXX   0 X    0.00 XXX   0 X

TYR1517 D  10.08     0 %    0.08  121   0.00    0    0.00 XXX   0 X    0.00 XXX   0 X    0.00 XXX   0 X

TYR1585 D  10.26     0 %    0.36  276   0.00    0    0.00 XXX   0 X    0.00 XXX   0 X    0.04 GLU1799 D
TYR1585 D                                            0.00 XXX   0 X    0.00 XXX   0 X   -0.14 LYS1508 D

TYR1586 D  13.05*   31 %    1.47  369   0.00    0    0.85 CYS1575 D    0.00 XXX   0 X    0.11 GLU1574 D
TYR1586 D                                            0.00 XXX   0 X    0.00 XXX   0 X    0.16 ASP1595 D
TYR1586 D                                            0.00 XXX   0 X    0.00 XXX   0 X   -0.07 ARG1635 D
TYR1586 D                                            0.00 XXX   0 X    0.00 XXX   0 X    0.53 CYS1575 D

TYR1615 D  10.06     0 %    0.06   87   0.00    0    0.00 XXX   0 X    0.00 XXX   0 X    0.00 XXX   0 X

TYR1671 D  10.84    58 %    1.69  443   0.00    0   -0.85 THR1754 D    0.00 XXX   0 X    0.00 XXX   0 X

TYR1681 D  11.17     5 %    0.74  295   0.00    0    0.00 XXX   0 X    0.00 XXX   0 X    0.05 CYS1728 D
TYR1681 D                                            0.00 XXX   0 X    0.00 XXX   0 X    0.22 ASP1729 D
TYR1681 D                                            0.00 XXX   0 X    0.00 XXX   0 X    0.12 ASP1741 D
TYR1681 D                                            0.00 XXX   0 X    0.00 XXX   0 X    0.04 CYS1742 D

TYR1727 D  10.21     0 %    0.23  191   0.00    0    0.00 XXX   0 X    0.00 XXX   0 X   -0.02 LYS1683 D

TYR1755 D  12.09    86 %    2.87  521   0.00    0   -0.85 THR1708 D    0.00 XXX   0 X    0.01 CYS1703 D
TYR1755 D                                            0.00 XXX   0 X    0.00 XXX   0 X    0.06 TYR1671 D

TYR1767 D  12.07    84 %    2.07  516   0.00    0    0.00 XXX   0 X    0.00 XXX   0 X    0.00 XXX   0 X

TYR1795 D  13.25    59 %    2.13  446   0.00    0    0.07 GLU1799 D    0.00 XXX   0 X    0.05 ASP1792 D
TYR1795 D                                            0.00 XXX   0 X    0.00 XXX   0 X    0.02 ASP1802 D
TYR1795 D                                            0.00 XXX   0 X    0.00 XXX   0 X    0.11 TYR1585 D
TYR1795 D                                            0.00 XXX   0 X    0.00 XXX   0 X    0.87 GLU1799 D

TYR1811 D  10.38     1 %    0.40  285   0.00    0    0.00 XXX   0 X    0.00 XXX   0 X   -0.02 LYS1829 D

LYS1162 D  10.64     0 %   -0.14  114   0.00    0    0.00 XXX   0 X    0.00 XXX   0 X    0.28 GLU1165 D

LYS1189 D  10.54     0 %   -0.20  183   0.00    0    0.00 XXX   0 X    0.00 XXX   0 X    0.05 CYS1178 D
LYS1189 D                                            0.00 XXX   0 X    0.00 XXX   0 X    0.17 CYS1179 D
LYS1189 D                                            0.00 XXX   0 X    0.00 XXX   0 X    0.06 ASP1182 D
LYS1189 D                                            0.00 XXX   0 X    0.00 XXX   0 X   -0.05 ARG1193 D

LYS1196 D  10.00     0 %   -0.66  282   0.00    0    0.00 XXX   0 X    0.00 XXX   0 X    0.01 GLU1165 D
LYS1196 D                                            0.00 XXX   0 X    0.00 XXX   0 X    0.03 ASP1166 D
LYS1196 D                                            0.00 XXX   0 X    0.00 XXX   0 X    0.18 CYS1167 D
LYS1196 D                                            0.00 XXX   0 X    0.00 XXX   0 X   -0.05 ARG1193 D
LYS1196 D                                            0.00 XXX   0 X    0.00 XXX   0 X   -0.00 ARG1195 D

LYS1233 D  10.53     0 %   -0.11  133   0.00    0    0.00 XXX   0 X    0.00 XXX   0 X    0.14 GLU1230 D

LYS1236 D  11.20    15 %   -0.71  323   0.00    0    0.71 GLU1240 D    0.00 XXX   0 X    0.36 GLU1225 D
LYS1236 D                                            0.00 XXX   0 X    0.00 XXX   0 X    0.06 ASP1243 D
LYS1236 D                                            0.00 XXX   0 X    0.00 XXX   0 X   -0.14 ARG1306 D
LYS1236 D                                            0.00 XXX   0 X    0.00 XXX   0 X    0.41 GLU1240 D

LYS1244 D  10.74     3 %   -0.25  291   0.00    0    0.00 XXX   0 X    0.00 XXX   0 X    0.19 GLU1240 D
LYS1244 D                                            0.00 XXX   0 X    0.00 XXX   0 X    0.20 ASP1243 D
LYS1244 D                                            0.00 XXX   0 X    0.00 XXX   0 X   -0.00 ARG1306 D
LYS1244 D                                            0.00 XXX   0 X    0.00 XXX   0 X   -0.04 LYS1236 D
LYS1244 D                                            0.00 XXX   0 X    0.00 XXX   0 X    0.15 TYR1248 D

LYS1257 D  10.14    54 %   -1.12  432   0.00    0    0.00 XXX   0 X    0.00 XXX   0 X    0.24 GLU1203 D
LYS1257 D                                            0.00 XXX   0 X    0.00 XXX   0 X    0.18 GLU1208 D
LYS1257 D                                            0.00 XXX   0 X    0.00 XXX   0 X    0.49 GLU1253 D
LYS1257 D                                            0.00 XXX   0 X    0.00 XXX   0 X    0.03 CYS1272 D
LYS1257 D                                            0.00 XXX   0 X    0.00 XXX   0 X    0.10 ASP1275 D
LYS1257 D                                            0.00 XXX   0 X    0.00 XXX   0 X   -0.21 ARG1316 D
LYS1257 D                                            0.00 XXX   0 X    0.00 XXX   0 X   -0.07 LYS1265 D

LYS1264 D  10.39     0 %   -0.11  138   0.00    0    0.00 XXX   0 X    0.00 XXX   0 X    0.00 XXX   0 X

LYS1265 D  10.67     5 %   -0.24  296   0.00    0    0.00 XXX   0 X    0.00 XXX   0 X    0.02 GLU1208 D
LYS1265 D                                            0.00 XXX   0 X    0.00 XXX   0 X    0.41 CYS1272 D
LYS1265 D                                            0.00 XXX   0 X    0.00 XXX   0 X    0.02 ASP1275 D
LYS1265 D                                            0.00 XXX   0 X    0.00 XXX   0 X    0.05 GLU1318 D
LYS1265 D                                            0.00 XXX   0 X    0.00 XXX   0 X   -0.09 ARG1321 D

LYS1300 D  11.28     0 %   -0.38  181   0.00    0    0.85 GLU1295 D    0.00 XXX   0 X   -0.07 ARG1739 D
LYS1300 D                                            0.00 XXX   0 X    0.00 XXX   0 X    0.38 GLU1295 D

LYS1359 D   9.27    50 %   -1.24  421   0.00    0    0.00 XXX   0 X    0.00 XXX   0 X    0.02 GLU1436 D

LYS1381 D  11.55    11 %   -0.58  313   0.00    0    0.85 GLU1435 D    0.00 XXX   0 X    0.02 CYS1384 D
LYS1381 D                                            0.00 XXX   0 X    0.00 XXX   0 X    0.06 GLU1385 D
LYS1381 D                                            0.00 XXX   0 X    0.00 XXX   0 X    0.09 ASP1403 D
LYS1381 D                                            0.00 XXX   0 X    0.00 XXX   0 X    0.01 TYR 739 C
LYS1381 D                                            0.00 XXX   0 X    0.00 XXX   0 X    0.20 TYR1434 D
LYS1381 D                                            0.00 XXX   0 X    0.00 XXX   0 X    0.41 GLU1435 D

LYS1397 D  10.79    32 %   -0.97  372   0.00    0    0.85 ASP1403 D    0.00 XXX   0 X    0.05 GLU1435 D
LYS1397 D                                            0.00 XXX   0 X    0.00 XXX   0 X   -0.24 LYS1381 D
LYS1397 D                                            0.00 XXX   0 X    0.00 XXX   0 X    0.08 TYR1434 D
LYS1397 D                                            0.00 XXX   0 X    0.00 XXX   0 X    0.52 ASP1403 D

LYS1399 D  11.20    35 %   -0.80  379   0.00    0    0.85 ASP1714 D    0.00 XXX   0 X    0.05 GLU 375 B
LYS1399 D                                            0.00 XXX   0 X    0.00 XXX   0 X    0.60 ASP1714 D

LYS1419 D   9.50    77 %   -1.65  498   0.00    0    0.00 XXX   0 X    0.00 XXX   0 X    0.01 ASP 372 B
LYS1419 D                                            0.00 XXX   0 X    0.00 XXX   0 X    0.00 CYS 373 B
LYS1419 D                                            0.00 XXX   0 X    0.00 XXX   0 X    0.46 GLU 375 B
LYS1419 D                                            0.00 XXX   0 X    0.00 XXX   0 X    0.14 GLU 898 C
LYS1419 D                                            0.00 XXX   0 X    0.00 XXX   0 X    0.04 ASP1714 D

LYS1477 D   9.42    47 %   -1.04  412   0.00    0    0.00 XXX   0 X    0.00 XXX   0 X    0.04 GLU1773 D
LYS1477 D                                            0.00 XXX   0 X    0.00 XXX   0 X   -0.08 LYS1478 D

LYS1478 D  10.31     0 %   -0.19  220   0.00    0    0.00 XXX   0 X    0.00 XXX   0 X    0.00 XXX   0 X

LYS1479 D  10.39     0 %   -0.11  135   0.00    0    0.00 XXX   0 X    0.00 XXX   0 X    0.00 XXX   0 X

LYS1492 D  12.35     0 %   -0.61  274   0.00    0    0.85 ASP1484 D    0.00 XXX   0 X    0.38 ASP1484 D
LYS1492 D                                            0.85 GLU1489 D    0.00 XXX   0 X    0.38 GLU1489 D

LYS1493 D  10.68     0 %   -0.16  141   0.00    0    0.00 XXX   0 X    0.00 XXX   0 X    0.09 GLU1489 D
LYS1493 D                                            0.00 XXX   0 X    0.00 XXX   0 X    0.25 GLU1490 D
LYS1493 D                                            0.00 XXX   0 X    0.00 XXX   0 X   -0.03 LYS1492 D
LYS1493 D                                            0.00 XXX   0 X    0.00 XXX   0 X    0.03 TYR1494 D

LYS1499 D  10.23    12 %   -0.39  315   0.00    0    0.00 XXX   0 X    0.00 XXX   0 X    0.12 GLU1773 D

LYS1500 D  10.37     0 %   -0.18  271   0.00    0    0.00 XXX   0 X    0.00 XXX   0 X   -0.07 ARG1644 D
LYS1500 D                                            0.00 XXX   0 X    0.00 XXX   0 X    0.03 GLU1784 D
LYS1500 D                                            0.00 XXX   0 X    0.00 XXX   0 X    0.09 ASP1789 D

LYS1504 D  12.07    17 %   -1.02  330   0.00    0    0.85 GLU1788 D    0.00 XXX   0 X    0.06 GLU1864 D
LYS1504 D                                            0.85 GLU1867 D    0.00 XXX   0 X    0.43 GLU1788 D
LYS1504 D                                            0.00 XXX   0 X    0.00 XXX   0 X    0.40 GLU1867 D

LYS1505 D  11.12    23 %   -0.75  346   0.00    0    0.85 ASP1792 D    0.00 XXX   0 X    0.01 GLU1788 D
LYS1505 D                                            0.00 XXX   0 X    0.00 XXX   0 X    0.02 ASP1789 D
LYS1505 D                                            0.00 XXX   0 X    0.00 XXX   0 X    0.05 GLU1796 D
LYS1505 D                                            0.00 XXX   0 X    0.00 XXX   0 X    0.03 GLU1799 D
LYS1505 D                                            0.00 XXX   0 X    0.00 XXX   0 X   -0.08 LYS1508 D
LYS1505 D                                            0.00 XXX   0 X    0.00 XXX   0 X    0.49 ASP1792 D

LYS1508 D  10.16    70 %   -2.31  476   0.00    0    0.85 GLU1799 D    0.00 XXX   0 X    0.01 ASP1792 D
LYS1508 D                                            0.00 XXX   0 X    0.00 XXX   0 X    0.00 ASP1802 D
LYS1508 D                                            0.00 XXX   0 X    0.00 XXX   0 X    0.14 TYR1585 D
LYS1508 D                                            0.00 XXX   0 X    0.00 XXX   0 X    0.97 GLU1799 D

LYS1516 D  10.30     0 %   -0.27  238   0.00    0    0.00 XXX   0 X    0.00 XXX   0 X   -0.06 ARG1512 D
LYS1516 D                                            0.00 XXX   0 X    0.00 XXX   0 X    0.02 ASP1802 D
LYS1516 D                                            0.00 XXX   0 X    0.00 XXX   0 X    0.11 GLU1804 D

LYS1527 D  11.31     0 %   -0.44  264   0.00    0    0.85 ASP1523 D    0.00 XXX   0 X    0.01 GLU1804 D
LYS1527 D                                            0.00 XXX   0 X    0.00 XXX   0 X    0.39 ASP1523 D

LYS1556 D  10.41     0 %   -0.09  131   0.00    0    0.00 XXX   0 X    0.00 XXX   0 X    0.00 XXX   0 X

LYS1562 D  10.31     0 %   -0.27  186   0.00    0    0.00 XXX   0 X    0.00 XXX   0 X    0.08 ASP1610 D

LYS1578 D  10.02    70 %   -2.06  476   0.00    0    0.85 GLU1574 D    0.00 XXX   0 X    0.32 ASP1531 D
LYS1578 D                                            0.00 XXX   0 X    0.00 XXX   0 X    0.11 CYS1575 D
LYS1578 D                                            0.00 XXX   0 X    0.00 XXX   0 X    0.45 ASP1595 D
LYS1578 D                                            0.00 XXX   0 X    0.00 XXX   0 X   -0.64 ARG1635 D
LYS1578 D                                            0.00 XXX   0 X    0.00 XXX   0 X   -0.49 ARG1638 D
LYS1578 D                                            0.00 XXX   0 X    0.00 XXX   0 X    0.98 GLU1574 D

LYS1614 D  10.46     0 %   -0.08   95   0.00    0    0.00 XXX   0 X    0.00 XXX   0 X    0.04 ASP1610 D

LYS1641 D  10.16     0 %   -0.10  197   0.00    0    0.00 XXX   0 X    0.00 XXX   0 X   -0.15 ARG1644 D
LYS1641 D                                            0.00 XXX   0 X    0.00 XXX   0 X   -0.10 LYS1500 D

LYS1683 D  10.43     0 %   -0.47  242   0.00    0    0.00 XXX   0 X    0.00 XXX   0 X    0.11 GLU1685 D
LYS1683 D                                            0.00 XXX   0 X    0.00 XXX   0 X    0.21 CYS1728 D
LYS1683 D                                            0.00 XXX   0 X    0.00 XXX   0 X    0.06 ASP1729 D
LYS1683 D                                            0.00 XXX   0 X    0.00 XXX   0 X    0.02 TYR1727 D

LYS1800 D  10.43    32 %   -1.19  371   0.00    0    0.85 ASP1523 D    0.00 XXX   0 X    0.01 ASP1531 D
LYS1800 D                                            0.00 XXX   0 X    0.00 XXX   0 X    0.14 GLU1796 D
LYS1800 D                                            0.00 XXX   0 X    0.00 XXX   0 X    0.00 GLU1799 D
LYS1800 D                                            0.00 XXX   0 X    0.00 XXX   0 X   -0.35 LYS1527 D
LYS1800 D                                            0.00 XXX   0 X    0.00 XXX   0 X    0.46 ASP1523 D

LYS1829 D  11.14     0 %   -0.70  250   0.00    0    0.73 ASP1819 D    0.00 XXX   0 X    0.15 ASP1816 D
LYS1829 D                                            0.00 XXX   0 X    0.00 XXX   0 X    0.07 GLU1823 D
LYS1829 D                                            0.00 XXX   0 X    0.00 XXX   0 X    0.02 TYR1811 D
LYS1829 D                                            0.00 XXX   0 X    0.00 XXX   0 X    0.38 ASP1819 D

LYS1859 D  10.35     0 %   -0.16  217   0.00    0    0.00 XXX   0 X    0.00 XXX   0 X    0.03 ASP1839 D
LYS1859 D                                            0.00 XXX   0 X    0.00 XXX   0 X   -0.03 ARG1860 D
LYS1859 D                                            0.00 XXX   0 X    0.00 XXX   0 X    0.02 ASP1869 D

LYS1872 D  11.34     7 %   -0.49  300   0.00    0    0.85 GLU1876 D    0.00 XXX   0 X    0.09 ASP1852 D
LYS1872 D                                            0.00 XXX   0 X    0.00 XXX   0 X    0.00 ASP1869 D
LYS1872 D                                            0.00 XXX   0 X    0.00 XXX   0 X    0.39 GLU1876 D

LYS1878 D   9.97    60 %   -2.08  450   0.00    0    0.84 ASP1802 D    0.00 XXX   0 X   -0.24 ARG1512 D
LYS1878 D                                            0.00 XXX   0 X    0.00 XXX   0 X    0.43 GLU1799 D
LYS1878 D                                            0.00 XXX   0 X    0.00 XXX   0 X   -0.23 LYS1508 D
LYS1878 D                                            0.00 XXX   0 X    0.00 XXX   0 X    0.75 ASP1802 D

ARG1174 D  12.40     0 %   -0.14   61   0.00    0    0.04 CYS1172 D    0.00 XXX   0 X    0.00 XXX   0 X

ARG1175 D  12.47     0 %   -0.04   85   0.00    0    0.00 XXX   0 X    0.00 XXX   0 X    0.01 CYS1178 D

ARG1193 D  12.41     0 %   -0.20  226   0.00    0    0.00 XXX   0 X    0.00 XXX   0 X    0.07 CYS1176 D
ARG1193 D                                            0.00 XXX   0 X    0.00 XXX   0 X    0.05 CYS1179 D

ARG1195 D  14.41    19 %   -0.71  334   0.00    0    0.04 CYS1167 D    0.00 XXX   0 X    0.45 CYS1167 D
ARG1195 D                                            1.56 ASP1166 D    0.00 XXX   0 X    0.01 CYS1179 D
ARG1195 D                                            0.00 XXX   0 X    0.00 XXX   0 X    0.01 CYS1198 D
ARG1195 D                                            0.00 XXX   0 X    0.00 XXX   0 X    0.11 TYR1199 D
ARG1195 D                                            0.00 XXX   0 X    0.00 XXX   0 X    0.44 ASP1166 D

ARG1232 D  12.38     0 %   -0.32  217   0.00    0    0.00 XXX   0 X    0.00 XXX   0 X    0.09 ASP1226 D
ARG1232 D                                            0.00 XXX   0 X    0.00 XXX   0 X    0.11 GLU1231 D

ARG1303 D  11.23    50 %   -1.29  422   0.00    0    0.00 XXX   0 X    0.00 XXX   0 X    0.02 ASP1226 D
ARG1303 D                                            0.00 XXX   0 X    0.00 XXX   0 X    0.09 TYR1228 D
ARG1303 D                                            0.00 XXX   0 X    0.00 XXX   0 X    0.01 ASP1741 D
ARG1303 D                                            0.00 XXX   0 X    0.00 XXX   0 X   -0.08 ARG1306 D

ARG1306 D  11.93    75 %   -1.34  490   0.00    0    0.00 XXX   0 X    0.00 XXX   0 X    0.04 GLU1240 D
ARG1306 D                                            0.00 XXX   0 X    0.00 XXX   0 X    0.29 ASP1243 D
ARG1306 D                                            0.00 XXX   0 X    0.00 XXX   0 X   -0.07 ARG1309 D
ARG1306 D                                            0.00 XXX   0 X    0.00 XXX   0 X    0.51 GLU1225 D

ARG1309 D  13.24    61 %   -1.53  451   0.00    0    1.59 ASP1280 D    0.00 XXX   0 X    0.06 ASP1243 D
ARG1309 D                                            0.00 XXX   0 X    0.00 XXX   0 X    0.63 ASP1280 D

ARG1312 D  10.91    86 %   -2.68  521   0.00    0    0.00 XXX   0 X    0.00 XXX   0 X    0.31 TYR1266 D
ARG1312 D                                            0.00 XXX   0 X    0.00 XXX   0 X    0.02 ASP1280 D
ARG1312 D                                            0.00 XXX   0 X    0.00 XXX   0 X   -0.14 ARG1309 D
ARG1312 D                                            0.00 XXX   0 X    0.00 XXX   0 X   -0.56 ARG1316 D
ARG1312 D                                            0.00 XXX   0 X    0.00 XXX   0 X    0.52 GLU1253 D
ARG1312 D                                            0.00 XXX   0 X    0.00 XXX   0 X    0.94 ASP1275 D

ARG1316 D  14.93    79 %   -2.13  503   0.00    0    1.62 GLU1253 D    0.00 XXX   0 X    0.16 GLU1208 D
ARG1316 D                                            0.14 ASP1275 D    0.00 XXX   0 X    0.32 TYR1266 D
ARG1316 D                                            0.00 XXX   0 X    0.00 XXX   0 X    0.09 CYS1272 D
ARG1316 D                                            0.00 XXX   0 X    0.00 XXX   0 X    1.16 GLU1253 D
ARG1316 D                                            0.00 XXX   0 X    0.00 XXX   0 X    1.07 ASP1275 D

ARG1321 D  11.78    31 %   -1.26  369   0.00    0    0.00 XXX   0 X    0.00 XXX   0 X    0.21 CYS1272 D
ARG1321 D                                            0.00 XXX   0 X    0.00 XXX   0 X    0.02 ASP1275 D
ARG1321 D                                            0.00 XXX   0 X    0.00 XXX   0 X    0.32 GLU1318 D
ARG1321 D                                            0.00 XXX   0 X    0.00 XXX   0 X   -0.01 ARG1316 D

ARG1362 D  11.45    53 %   -1.28  430   0.00    0    0.00 XXX   0 X    0.00 XXX   0 X    0.11 TYR1426 D
ARG1362 D                                            0.00 XXX   0 X    0.00 XXX   0 X    0.11 ASP1430 D

ARG1432 D  13.05     0 %   -0.40  255   0.00    0    0.43 TYR1375 D    0.00 XXX   0 X    0.30 TYR1375 D
ARG1432 D                                            0.00 XXX   0 X    0.00 XXX   0 X    0.20 GLU1436 D
ARG1432 D                                            0.00 XXX   0 X    0.00 XXX   0 X    0.02 TYR1442 D

ARG1512 D  12.99    22 %   -0.90  342   0.00    0    0.82 ASP1802 D    0.00 XXX   0 X    0.57 ASP1802 D

ARG1583 D  12.28     0 %   -0.22  198   0.00    0    0.00 XXX   0 X    0.00 XXX   0 X    0.00 XXX   0 X

ARG1623 D  10.92    82 %   -2.08  510   0.00    0    0.00 XXX   0 X    0.00 XXX   0 X    0.08 ASP 356 B
ARG1623 D                                            0.00 XXX   0 X    0.00 XXX   0 X    0.36 TYR 389 B
ARG1623 D                                            0.00 XXX   0 X    0.00 XXX   0 X    0.00 GLU1548 D
ARG1623 D                                            0.00 XXX   0 X    0.00 XXX   0 X    0.26 ASP1550 D
ARG1623 D                                            0.00 XXX   0 X    0.00 XXX   0 X    0.08 ASP1551 D
ARG1623 D                                            0.00 XXX   0 X    0.00 XXX   0 X   -0.28 ARG1626 D

ARG1626 D  12.26    86 %   -2.14  522   0.00    0    0.68 GLU1548 D    0.00 XXX   0 X    0.02 ASP1550 D
ARG1626 D                                            0.00 XXX   0 X    0.00 XXX   0 X    1.20 GLU1548 D

ARG1629 D  10.65   100 %   -2.58  561   0.00    0    0.82 GLU1548 D    0.00 XXX   0 X   -1.43 ARG1626 D
ARG1629 D                                            0.00 XXX   0 X    0.00 XXX   0 X    1.33 GLU1548 D

ARG1632 D   9.95    86 %   -2.01  522   0.00    0    0.00 XXX   0 X    0.00 XXX   0 X   -0.54 ARG1629 D

ARG1635 D  15.01    80 %   -2.17  504   0.00    0    1.52 GLU1574 D    0.00 XXX   0 X    0.06 ASP1531 D
ARG1635 D                                            0.87 ASP1595 D    0.00 XXX   0 X    0.13 CYS1575 D
ARG1635 D                                            0.00 XXX   0 X    0.00 XXX   0 X    0.07 TYR1586 D
ARG1635 D                                            0.00 XXX   0 X    0.00 XXX   0 X    1.09 GLU1574 D
ARG1635 D                                            0.00 XXX   0 X    0.00 XXX   0 X    0.94 ASP1595 D

ARG1638 D  13.49    52 %   -1.35  428   0.00    0    1.58 ASP1531 D    0.00 XXX   0 X    0.17 GLU1574 D
ARG1638 D                                            0.00 XXX   0 X    0.00 XXX   0 X    0.21 ASP1595 D
ARG1638 D                                            0.00 XXX   0 X    0.00 XXX   0 X   -0.21 ARG1635 D
ARG1638 D                                            0.00 XXX   0 X    0.00 XXX   0 X    0.59 ASP1531 D

ARG1644 D  12.07     4 %   -0.37  293   0.00    0    0.00 XXX   0 X    0.00 XXX   0 X   -0.06 ARG1638 D

ARG1739 D  12.25     0 %   -0.25  212   0.00    0    0.00 XXX   0 X    0.00 XXX   0 X    0.01 ASP1741 D

ARG1826 D  12.40     0 %   -0.10   68   0.00    0    0.00 XXX   0 X    0.00 XXX   0 X    0.00 XXX   0 X

ARG1847 D  12.27     0 %   -0.23  142   0.00    0    0.00 XXX   0 X    0.00 XXX   0 X    0.00 XXX   0 X

ARG1860 D  13.98     0 %   -0.24  259   0.00    0    1.33 ASP1839 D    0.00 XXX   0 X    0.39 ASP1839 D

N+ 1162 D   7.92     0 %   -0.08   61   0.00    0    0.00 XXX   0 X    0.00 XXX   0 X    0.00 XXX   0 X

Coupled residues (marked *) were detected.Please rerun PropKa with the --display-coupled-residues 
or -d option for detailed information.

2026-06-24 14:42:12,769 INFO:output.py:227:print_pka_section:pKa summary:
--------------------------------------------------------------------------------------------------------
SUMMARY OF THIS PREDICTION
       Group      pKa  model-pKa   ligand atom-type
   ASP  57 B     3.11       3.80                      
   ASP  66 B     1.67       3.80                      
   ASP  82 B     3.63       3.80                      
   ASP  84 B     2.94       3.80                      
   ASP 152 B     2.68       3.80                      
   ASP 191 B     3.56       3.80                      
   ASP 197 B     1.36       3.80                      
   ASP 211 B     3.93       3.80                      
   ASP 252 B     4.15       3.80                      
   ASP 297 B     3.92       3.80                      
   ASP 305 B     2.93       3.80                      
   ASP 310 B     3.31       3.80                      
   ASP 322 B     2.87       3.80                      
   ASP 331 B     3.95       3.80                      
   ASP 349 B     2.19       3.80                      
   ASP 356 B     4.02       3.80                      
   ASP 372 B     3.37       3.80                      
   ASP 716 C     3.95       3.80                      
   ASP 720 C     1.92       3.80                      
   ASP 772 C     2.86       3.80                      
   ASP 785 C     3.06       3.80                      
   ASP 870 C     3.91       3.80                      
   ASP 872 C     3.88       3.80                      
   ASP 883 C     2.94       3.80                      
   ASP 905 C     4.79       3.80                      
   ASP1163 D     3.91       3.80                      
   ASP1166 D     1.94       3.80                      
   ASP1182 D     3.88       3.80                      
   ASP1226 D     3.03       3.80                      
   ASP1243 D     4.31       3.80                      
   ASP1275 D     5.10       3.80                      
   ASP1280 D     2.05       3.80                      
   ASP1370 D     3.91       3.80                      
   ASP1403 D     3.41       3.80                      
   ASP1423 D     4.63       3.80                      
   ASP1430 D     5.56       3.80                      
   ASP1471 D     4.43       3.80                      
   ASP1484 D     2.97       3.80                      
   ASP1523 D     1.93       3.80                      
   ASP1531 D     2.79       3.80                      
   ASP1550 D     4.81       3.80                      
   ASP1551 D     2.79       3.80                      
   ASP1595 D     4.17       3.80                      
   ASP1610 D     3.89       3.80                      
   ASP1689 D     4.28       3.80                      
   ASP1690 D     2.55       3.80                      
   ASP1714 D     2.77       3.80                      
   ASP1729 D     3.84       3.80                      
   ASP1741 D     4.10       3.80                      
   ASP1789 D     3.37       3.80                      
   ASP1790 D     4.17       3.80                      
   ASP1792 D     3.56       3.80                      
   ASP1802 D     3.09       3.80                      
   ASP1816 D     4.06       3.80                      
   ASP1819 D     3.21       3.80                      
   ASP1839 D     2.86       3.80                      
   ASP1846 D     3.91       3.80                      
   ASP1852 D     3.20       3.80                      
   ASP1869 D     3.95       3.80                      
   GLU  19 A     4.54       4.50                      
   GLU  25 A     4.62       4.50                      
   GLU  30 A     4.64       4.50                      
   GLU  49 B     4.52       4.50                      
   GLU  50 B     3.57       4.50                      
   GLU  74 B     4.62       4.50                      
   GLU  78 B     3.59       4.50                      
   GLU  81 B     4.31       4.50                      
   GLU 161 B     4.24       4.50                      
   GLU 171 B     4.16       4.50                      
   GLU 208 B     4.75       4.50                      
   GLU 295 B     4.76       4.50                      
   GLU 302 B     4.65       4.50                      
   GLU 312 B     4.65       4.50                      
   GLU 337 B     4.51       4.50                      
   GLU 346 B     4.08       4.50                      
   GLU 375 B     5.17       4.50                      
   GLU 417 B     4.35       4.50                      
   GLU 418 B     3.64       4.50                      
   GLU 426 B     3.68       4.50                      
   GLU 428 B     3.93       4.50                      
   GLU 429 B     4.67       4.50                      
   GLU 431 B     4.54       4.50                      
   GLU 698 C     4.57       4.50                      
   GLU 737 C     5.04       4.50                      
   GLU 744 C     4.58       4.50                      
   GLU 746 C     4.84       4.50                      
   GLU 747 C     4.70       4.50                      
   GLU 763 C     3.87       4.50                      
   GLU 795 C     3.88       4.50                      
   GLU 867 C     4.56       4.50                      
   GLU 898 C     5.71       4.50                      
   GLU 901 C     3.92       4.50                      
   GLU 908 C     4.68       4.50                      
   GLU1165 D     4.49       4.50                      
   GLU1170 D     4.81       4.50                      
   GLU1203 D     4.01       4.50                      
   GLU1208 D     4.75       4.50                      
   GLU1225 D     5.40       4.50                      
   GLU1230 D     4.64       4.50                      
   GLU1231 D     4.50       4.50                      
   GLU1240 D     3.39       4.50                      
   GLU1253 D     3.33       4.50                      
   GLU1295 D     3.39       4.50                      
   GLU1318 D     4.59       4.50                      
   GLU1368 D     4.66       4.50                      
   GLU1385 D     4.61       4.50                      
   GLU1392 D     3.82       4.50                      
   GLU1435 D     3.67       4.50                      
   GLU1436 D     3.90       4.50                      
   GLU1441 D     4.68       4.50                      
   GLU1489 D     3.85       4.50                      
   GLU1490 D     4.45       4.50                      
   GLU1548 D     3.43       4.50                      
   GLU1555 D     4.59       4.50                      
   GLU1574 D     2.96       4.50                      
   GLU1685 D     4.85       4.50                      
   GLU1773 D     5.36       4.50                      
   GLU1780 D     4.55       4.50                      
   GLU1781 D     4.56       4.50                      
   GLU1784 D     4.64       4.50                      
   GLU1788 D     3.91       4.50                      
   GLU1796 D     5.23       4.50                      
   GLU1799 D     5.00       4.50                      
   GLU1804 D     4.67       4.50                      
   GLU1810 D     4.63       4.50                      
   GLU1823 D     4.82       4.50                      
   GLU1864 D     4.80       4.50                      
   GLU1867 D     3.58       4.50                      
   GLU1876 D     3.60       4.50                      
   GLU1877 D     4.32       4.50                      
   C-   37 A     3.30       3.20                      
   C-  433 B     3.23       3.20                      
   C-  943 C     3.30       3.20                      
   C- 1882 D     3.30       3.20                      
   HIS 118 B     6.33       6.50                      
   HIS 130 B     6.97       6.50                      
   HIS 151 B     5.78       6.50                      
   HIS 184 B     6.19       6.50                      
   HIS 278 B     5.05       6.50                      
   HIS 350 B     6.46       6.50                      
   HIS 738 C     7.07       6.50                      
   HIS 880 C     5.82       6.50                      
   HIS 886 C     6.37       6.50                      
   HIS1200 D     5.71       6.50                      
   HIS1204 D     6.30       6.50                      
   HIS1584 D     5.93       6.50                      
   HIS1849 D     7.23       6.50                      
   CYS 139 B     9.16       9.00                      
   CYS 145 B    10.98       9.00                      
   CYS 182 B     9.35       9.00                      
   CYS 260 B    11.28       9.00                      
   CYS 280 B    12.08       9.00                      
   CYS 326 B     6.13       9.00                      
   CYS 335 B    10.00       9.00                      
   CYS 341 B    15.51       9.00                      
   CYS 373 B    11.38       9.00                      
   CYS 683 C     9.45       9.00                      
   CYS 686 C     8.44       9.00                      
   CYS 699 C     9.57       9.00                      
   CYS 700 C     8.93       9.00                      
   CYS 726 C    10.43       9.00                      
   CYS 896 C    12.54       9.00                      
   CYS 906 C    12.27       9.00                      
   CYS 915 C    10.66       9.00                      
   CYS1167 D    10.33       9.00                      
   CYS1172 D     9.10       9.00                      
   CYS1176 D     9.09       9.00                      
   CYS1178 D     9.61       9.00                      
   CYS1179 D     9.06       9.00                      
   CYS1198 D     9.61       9.00                      
   CYS1272 D     9.53       9.00                      
   CYS1341 D    11.75       9.00                      
   CYS1363 D    11.40       9.00                      
   CYS1384 D     9.80       9.00                      
   CYS1539 D     9.81       9.00                      
   CYS1575 D     9.68       9.00                      
   CYS1703 D    12.34       9.00                      
   CYS1728 D     9.05       9.00                      
   CYS1742 D    11.53       9.00                      
   CYS1850 D    11.37       9.00                      
   TYR  68 B    10.20      10.00                      
   TYR  87 B    10.38      10.00                      
   TYR 112 B    10.06      10.00                      
   TYR 159 B    10.18      10.00                      
   TYR 162 B    10.61      10.00                      
   TYR 168 B    12.32      10.00                      
   TYR 205 B     9.77      10.00                      
   TYR 307 B    11.61      10.00                      
   TYR 314 B    11.50      10.00                      
   TYR 339 B     9.90      10.00                      
   TYR 352 B    10.20      10.00                      
   TYR 378 B    13.24      10.00                      
   TYR 389 B    10.38      10.00                      
   TYR 403 B    12.77      10.00                      
   TYR 416 B    10.86      10.00                      
   TYR 694 C    10.40      10.00                      
   TYR 739 C    10.19      10.00                      
   TYR 774 C    10.07      10.00                      
   TYR 775 C    10.31      10.00                      
   TYR 776 C    10.82      10.00                      
   TYR 865 C    10.85      10.00                      
   TYR1199 D    10.84      10.00                      
   TYR1228 D    11.66      10.00                      
   TYR1241 D    10.27      10.00                      
   TYR1248 D    10.14      10.00                      
   TYR1261 D    12.88      10.00                      
   TYR1266 D    12.56      10.00                      
   TYR1375 D    10.94      10.00                      
   TYR1394 D    11.61      10.00                      
   TYR1409 D    12.04      10.00                      
   TYR1426 D    10.55      10.00                      
   TYR1434 D    10.59      10.00                      
   TYR1442 D    10.21      10.00                      
   TYR1445 D    10.51      10.00                      
   TYR1447 D    12.64      10.00                      
   TYR1449 D    13.63      10.00                      
   TYR1494 D    10.35      10.00                      
   TYR1495 D    12.56      10.00                      
   TYR1517 D    10.08      10.00                      
   TYR1585 D    10.26      10.00                      
   TYR1586 D    13.05      10.00                      
   TYR1615 D    10.06      10.00                      
   TYR1671 D    10.84      10.00                      
   TYR1681 D    11.17      10.00                      
   TYR1727 D    10.21      10.00                      
   TYR1755 D    12.09      10.00                      
   TYR1767 D    12.07      10.00                      
   TYR1795 D    13.25      10.00                      
   TYR1811 D    10.38      10.00                      
   LYS  26 A    10.43      10.50                      
   LYS  31 A    10.49      10.50                      
   LYS  62 B    11.37      10.50                      
   LYS  63 B    10.22      10.50                      
   LYS  91 B    10.45      10.50                      
   LYS  98 B    10.36      10.50                      
   LYS 100 B    11.07      10.50                      
   LYS 126 B    11.25      10.50                      
   LYS 158 B    10.24      10.50                      
   LYS 175 B    11.76      10.50                      
   LYS 228 B     9.60      10.50                      
   LYS 237 B     9.36      10.50                      
   LYS 248 B    10.23      10.50                      
   LYS 249 B    11.36      10.50                      
   LYS 279 B     8.85      10.50                      
   LYS 317 B    10.32      10.50                      
   LYS 343 B    11.60      10.50                      
   LYS 387 B    10.15      10.50                      
   LYS 430 B    11.40      10.50                      
   LYS 432 B    11.59      10.50                      
   LYS 682 C    10.47      10.50                      
   LYS 707 C    11.64      10.50                      
   LYS 711 C    10.17      10.50                      
   LYS 767 C    11.72      10.50                      
   LYS 817 C    10.22      10.50                      
   LYS 820 C    11.62      10.50                      
   LYS 830 C    10.27      10.50                      
   LYS 863 C    11.33      10.50                      
   LYS1162 D    10.64      10.50                      
   LYS1189 D    10.54      10.50                      
   LYS1196 D    10.00      10.50                      
   LYS1233 D    10.53      10.50                      
   LYS1236 D    11.20      10.50                      
   LYS1244 D    10.74      10.50                      
   LYS1257 D    10.14      10.50                      
   LYS1264 D    10.39      10.50                      
   LYS1265 D    10.67      10.50                      
   LYS1300 D    11.28      10.50                      
   LYS1359 D     9.27      10.50                      
   LYS1381 D    11.55      10.50                      
   LYS1397 D    10.79      10.50                      
   LYS1399 D    11.20      10.50                      
   LYS1419 D     9.50      10.50                      
   LYS1477 D     9.42      10.50                      
   LYS1478 D    10.31      10.50                      
   LYS1479 D    10.39      10.50                      
   LYS1492 D    12.35      10.50                      
   LYS1493 D    10.68      10.50                      
   LYS1499 D    10.23      10.50                      
   LYS1500 D    10.37      10.50                      
   LYS1504 D    12.07      10.50                      
   LYS1505 D    11.12      10.50                      
   LYS1508 D    10.16      10.50                      
   LYS1516 D    10.30      10.50                      
   LYS1527 D    11.31      10.50                      
   LYS1556 D    10.41      10.50                      
   LYS1562 D    10.31      10.50                      
   LYS1578 D    10.02      10.50                      
   LYS1614 D    10.46      10.50                      
   LYS1641 D    10.16      10.50                      
   LYS1683 D    10.43      10.50                      
   LYS1800 D    10.43      10.50                      
   LYS1829 D    11.14      10.50                      
   LYS1859 D    10.35      10.50                      
   LYS1872 D    11.34      10.50                      
   LYS1878 D     9.97      10.50                      
   ARG  14 A    12.31      12.50                      
   ARG  15 A    12.28      12.50                      
   ARG  18 A    12.28      12.50                      
   ARG  27 A    12.33      12.50                      
   ARG  34 A    12.35      12.50                      
   ARG  53 B    13.22      12.50                      
   ARG 104 B    12.33      12.50                      
   ARG 121 B    10.84      12.50                      
   ARG 122 B    12.99      12.50                      
   ARG 179 B    10.75      12.50                      
   ARG 190 B    12.41      12.50                      
   ARG 219 B    12.83      12.50                      
   ARG 222 B    10.30      12.50                      
   ARG 225 B    11.64      12.50                      
   ARG 277 B    12.88      12.50                      
   ARG 282 B    13.48      12.50                      
   ARG 340 B    12.20      12.50                      
   ARG 367 B    11.38      12.50                      
   ARG 376 B    13.87      12.50                      
   ARG 383 B    13.74      12.50                      
   ARG 433 B    13.14      12.50                      
   ARG 689 C    12.43      12.50                      
   ARG 693 C    12.40      12.50                      
   ARG 800 C    12.46      12.50                      
   ARG 808 C    12.15      12.50                      
   ARG 811 C    13.32      12.50                      
   ARG 814 C    14.24      12.50                      
   ARG 869 C    12.22      12.50                      
   ARG 878 C    12.44      12.50                      
   ARG 893 C    14.33      12.50                      
   ARG1174 D    12.40      12.50                      
   ARG1175 D    12.47      12.50                      
   ARG1193 D    12.41      12.50                      
   ARG1195 D    14.41      12.50                      
   ARG1232 D    12.38      12.50                      
   ARG1303 D    11.23      12.50                      
   ARG1306 D    11.93      12.50                      
   ARG1309 D    13.24      12.50                      
   ARG1312 D    10.91      12.50                      
   ARG1316 D    14.93      12.50                      
   ARG1321 D    11.78      12.50                      
   ARG1362 D    11.45      12.50                      
   ARG1432 D    13.05      12.50                      
   ARG1512 D    12.99      12.50                      
   ARG1583 D    12.28      12.50                      
   ARG1623 D    10.92      12.50                      
   ARG1626 D    12.26      12.50                      
   ARG1629 D    10.65      12.50                      
   ARG1632 D     9.95      12.50                      
   ARG1635 D    15.01      12.50                      
   ARG1638 D    13.49      12.50                      
   ARG1644 D    12.07      12.50                      
   ARG1739 D    12.25      12.50                      
   ARG1826 D    12.40      12.50                      
   ARG1847 D    12.27      12.50                      
   ARG1860 D    13.98      12.50                      
   N+   12 A     7.91       8.00                      
   N+   49 B     7.86       8.00                      
   N+  681 C     7.87       8.00                      
   N+ 1162 D     7.92       8.00                      

2026-06-24 14:42:12,795 INFO:main.py:648:non_trivial:PROPKA information:
--------------------------------------------------------------------------------------------------------
Free energy of   folding (kcal/mol) as a function of pH (using neutral reference)
  0.00     89.00
  1.00     88.34
  2.00     84.12
  3.00     69.96
  4.00     49.76
  5.00     45.00
  6.00     45.54
  7.00     43.51
  8.00     43.09
  9.00     49.63
 10.00     74.26
 11.00    115.58
 12.00    147.23
 13.00    164.81
 14.00    179.02

The pH of optimum stability is  7.7 for which the free energy is   43.0 kcal/mol at 298K
Could not determine pH values where the free energy is within 80 % of minimum
Could not determine the pH-range where the free energy is negative


Protein charge of folded and unfolded state as a function of pH
    pH  unfolded  folded
  0.00    139.99  139.85
  0.10    139.98  139.81
  0.20    139.98  139.77
  0.30    139.97  139.71
  0.40    139.96  139.63
  0.50    139.96  139.55
  0.60    139.94  139.44
  0.70    139.93  139.30
  0.80    139.91  139.14
  0.90    139.89  138.94
  1.00    139.86  138.70
  1.10    139.82  138.41
  1.20    139.78  138.08
  1.30    139.72  137.68
  1.40    139.65  137.22
  1.50    139.56  136.69
  1.60    139.44  136.07
  1.70    139.30  135.38
  1.80    139.12  134.58
  1.90    138.90  133.68
  2.00    138.62  132.67
  2.10    138.27  131.54
  2.20    137.84  130.26
  2.30    137.30  128.83
  2.40    136.63  127.23
  2.50    135.81  125.45
  2.60    134.81  123.46
  2.70    133.59  121.25
  2.80    132.11  118.81
  2.90    130.32  116.14
  3.00    128.20  113.23
  3.10    125.69  110.08
  3.20    122.76  106.70
  3.30    119.37  103.09
  3.40    115.51   99.26
  3.50    111.17   95.23
  3.60    106.36   91.00
  3.70    101.11   86.61
  3.80     95.46   82.06
  3.90     89.49   77.40
  4.00     83.27   72.63
  4.10     76.87   67.79
  4.20     70.39   62.93
  4.30     63.91   58.06
  4.40     57.54   53.24
  4.50     51.36   48.50
  4.60     45.48   43.88
  4.70     39.96   39.44
  4.80     34.89   35.20
  4.90     30.29   31.20
  5.00     26.18   27.47
  5.10     22.57   24.01
  5.20     19.43   20.84
  5.30     16.71   17.94
  5.40     14.36   15.31
  5.50     12.33   12.92
  5.60     10.56   10.75
  5.70      9.00    8.78
  5.80      7.60    6.98
  5.90      6.32    5.33
  6.00      5.11    3.83
  6.10      3.95    2.44
  6.20      2.83    1.16
  6.30      1.72   -0.02
  6.40      0.64   -1.10
  6.50     -0.43   -2.11
  6.60     -1.46   -3.04
  6.70     -2.45   -3.90
  6.80     -3.40   -4.69
  6.90     -4.29   -5.44
  7.00     -5.14   -6.14
  7.10     -5.93   -6.80
  7.20     -6.68   -7.43
  7.30     -7.40   -8.05
  7.40     -8.12   -8.65
  7.50     -8.84   -9.24
  7.60     -9.58   -9.84
  7.70    -10.38  -10.45
  7.80    -11.24  -11.08
  7.90    -12.18  -11.73
  8.00    -13.24  -12.41
  8.10    -14.43  -13.13
  8.20    -15.77  -13.90
  8.30    -17.30  -14.74
  8.40    -19.03  -15.66
  8.50    -20.98  -16.68
  8.60    -23.18  -17.81
  8.70    -25.64  -19.07
  8.80    -28.36  -20.50
  8.90    -31.34  -22.10
  9.00    -34.58  -23.91
  9.10    -38.09  -25.94
  9.20    -41.85  -28.21
  9.30    -45.87  -30.74
  9.40    -50.17  -33.55
  9.50    -54.76  -36.66
  9.60    -59.67  -40.08
  9.70    -64.90  -43.82
  9.80    -70.46  -47.88
  9.90    -76.34  -52.25
 10.00    -82.49  -56.92
 10.10    -88.86  -61.85
 10.20    -95.37  -67.01
 10.30   -101.93  -72.34
 10.40   -108.42  -77.79
 10.50   -114.76  -83.29
 10.60   -120.82  -88.80
 10.70   -126.54  -94.26
 10.80   -131.84  -99.65
 10.90   -136.68 -104.93
 11.00   -141.07 -110.10
 11.10   -145.02 -115.15
 11.20   -148.58 -120.07
 11.30   -151.79 -124.87
 11.40   -154.73 -129.56
 11.50   -157.48 -134.14
 11.60   -160.12 -138.62
 11.70   -162.72 -143.01
 11.80   -165.35 -147.31
 11.90   -168.06 -151.53
 12.00   -170.91 -155.66
 12.10   -173.92 -159.70
 12.20   -177.08 -163.65
 12.30   -180.37 -167.48
 12.40   -183.76 -171.19
 12.50   -187.18 -174.74
 12.60   -190.56 -178.14
 12.70   -193.82 -181.35
 12.80   -196.89 -184.37
 12.90   -199.73 -187.19
 13.00   -202.29 -189.82
 13.10   -204.55 -192.25
 13.20   -206.52 -194.49
 13.30   -208.21 -196.55
 13.40   -209.63 -198.44
 13.50   -210.83 -200.16
 13.60   -211.81 -201.73
 13.70   -212.62 -203.16
 13.80   -213.29 -204.45
 13.90   -213.82 -205.63
 14.00   -214.26 -206.69
The pI is  6.30 (folded) and  6.46 (unfolded)

--------------------------------------------------------------------------------------------------------
2026-06-24 14:42:12,795 INFO:biomolecule.py:797:apply_pka_values:Applying pKa values at a pH of 7.40:
2026-06-24 14:42:12,797 INFO:main.py:661:non_trivial:Adding hydrogens to biomolecule.
2026-06-24 14:42:13,290 INFO:main.py:664:non_trivial:Debumping biomolecule (again).
2026-06-24 14:42:13,852 INFO:main.py:666:non_trivial:Optimizing hydrogen bonds
2026-06-24 14:42:14,931 INFO:main.py:678:non_trivial:Applying force field to biomolecule states.
2026-06-24 14:42:14,938 INFO:main.py:725:non_trivial:Regenerating headers.
2026-06-24 14:42:14,939 INFO:main.py:750:non_trivial:Regenerating PDB lines.
2026-06-24 14:42:14,981 WARNING:main.py:326:print_pqr:Ignoring 466 header lines in output.
2026-06-24 15:26:07,423 INFO:main.py:246:print_splash_screen:PDB2PQR v3.7.1: biomolecular structure conversion software.
2026-06-24 15:26:07,424 INFO:main.py:248:print_splash_screen:Please cite:  Jurrus E, et al.  Improvements to the APBS biomolecular solvation software suite.  Protein Sci 27 112-128 (2018).
2026-06-24 15:26:07,424 INFO:main.py:248:print_splash_screen:Please cite:  Dolinsky TJ, et al.  PDB2PQR: expanding and upgrading automated preparation of biomolecular structures for molecular simulations. Nucleic Acids Res 35 W522-W525 (2007).
2026-06-24 15:26:07,424 INFO:main.py:770:main_driver:Checking and transforming input arguments.
2026-06-24 15:26:07,424 INFO:main.py:774:main_driver:Loading topology files.
2026-06-24 15:26:07,444 INFO:main.py:776:main_driver:Loading molecule: /home/yagmur/Desktop/bioinformatics_master/07_binding_site_analysis/katman0/electrostatics/holoWT_prot_prot.pdb
2026-06-24 15:26:07,444 ERROR:pdb.py:2587:read_pdb:Error parsing line: invalid literal for int() with base 10: ''
2026-06-24 15:26:07,444 ERROR:pdb.py:2588:read_pdb:<REMARK     1 CREATED WITH MDTraj 1.10.3, 2026-06-19>
2026-06-24 15:26:07,444 ERROR:pdb.py:2589:read_pdb:Truncating remaining errors for record type:REMARK
2026-06-24 15:26:07,483 WARNING:io.py:474:get_molecule:Warning: /home/yagmur/Desktop/bioinformatics_master/07_binding_site_analysis/katman0/electrostatics/holoWT_prot_prot.pdb is a non-standard PDB file.

2026-06-24 15:26:07,483 ERROR:io.py:475:get_molecule:['REMARK']
2026-06-24 15:26:07,483 INFO:main.py:781:main_driver:Setting up molecule.
2026-06-24 15:26:07,513 INFO:main.py:423:setup_molecule:Created biomolecule object with 1395 residues and 22590 atoms.
2026-06-24 15:26:07,513 INFO:main.py:785:main_driver:Setting termini states for biomolecule chains.
2026-06-24 15:26:07,530 INFO:main.py:616:non_trivial:Loading forcefield.
2026-06-24 15:26:07,534 INFO:main.py:620:non_trivial:Loading hydrogen topology definitions.
2026-06-24 15:26:07,538 INFO:main.py:474:is_repairable:This biomolecule is clean.  No repair needed.
2026-06-24 15:26:07,538 INFO:main.py:635:non_trivial:Updating disulfide bridges.
2026-06-24 15:26:07,540 INFO:main.py:638:non_trivial:Debumping biomolecule.
2026-06-24 15:26:07,726 INFO:main.py:645:non_trivial:Assigning titration states with PROPKA.
2026-06-24 15:26:07,756 INFO:output.py:74:print_header:
propka3.5.1                                                                                  2026-06-24

-------------------------------------------------------------------------------
--                                                                           --
--  PROPKA: A PROTEIN PKA PREDICTOR                                          --
--                                                                           --
--  VERSION 1.0,  04/25/2004,  IOWA CITY                                     --
--  BY HUI LI                                                                --
--                                                                           --
--  VERSION 2.0,  11/05/2007, IOWA CITY/COPENHAGEN                           --
--  BY DELPHINE C. BAS AND DAVID M. ROGERS                                   --
--                                                                           --
--  VERSION 3.0,  01/06/2011, COPENHAGEN                                     --
--  BY MATS H.M. OLSSON AND CHRESTEN R. SONDERGARD                           --
--                                                                           --
--  VERSION 3.1,  07/01/2011, COPENHAGEN                                     --
--  BY CHRESTEN R. SONDERGARD AND MATS H.M. OLSSON                           --
--                                                                           --
--  VERSION 3.2,  06/17/2020, PLANET EARTH                                   --
--  SEE ABOVE FOR AUTHORS                                                    --
--                                                                           --
-------------------------------------------------------------------------------


-------------------------------------------------------------------------------
References:

Very Fast Empirical Prediction and Rationalization of Protein pKa Values.
Hui Li, Andrew D. Robertson and Jan H. Jensen. PROTEINS: Structure, Function,
and Bioinformatics. 61:704-721 (2005)

Very Fast Prediction and Rationalization of pKa Values for Protein-Ligand
Complexes.  Delphine C. Bas, David M. Rogers and Jan H. Jensen.  PROTEINS:
Structure, Function, and Bioinformatics 73:765-783 (2008)

PROPKA3: Consistent Treatment of Internal and Surface Residues in Empirical
pKa predictions.  Mats H.M. Olsson, Chresten R. Sondergard, Michal Rostkowski,
and Jan H. Jensen.  Journal of Chemical Theory and Computation, 7(2):525-537
(2011)

Improved Treatment of Ligands and Coupling Effects in Empirical Calculation
and Rationalization of pKa Values.  Chresten R. Sondergaard, Mats H.M. Olsson,
Michal Rostkowski, and Jan H. Jensen.  Journal of Chemical Theory and
Computation, (2011)
-------------------------------------------------------------------------------



2026-06-24 15:26:07,941 INFO:conformation_container.py:124:find_covalently_coupled_groups:Coupling map:
Covalent coupling map for Conformation container 1A with 13126 atoms and 3377 groups
            N+  681 C | HIS 681 C | 
N+  681 C             |     X     | 
HIS 681 C       X     |           | 
2026-06-24 15:26:07,941 INFO:conformation_container.py:213:calculate_pka:Calculating pKas for Conformation container 1A with 13126 atoms and 3377 groups
2026-06-24 15:26:10,466 INFO:iterative.py:286:add_determinants:did not converge in 10 iterations
2026-06-24 15:26:10,468 INFO:conformation_container.py:235:calculate_pka:Removing penalised groups!!!
2026-06-24 15:26:10,636 INFO:output.py:225:print_pka_section:pKa determinants:

---------  -----   ------   ---------------------    --------------    --------------    --------------
                            DESOLVATION  EFFECTS       SIDECHAIN          BACKBONE        COULOMBIC
 RESIDUE    pKa    BURIED     REGULAR      RE        HYDROGEN BOND     HYDROGEN BOND      INTERACTION
---------  -----   ------   ---------   ---------    --------------    --------------    --------------

GLU  19 A   4.54     0 %    0.07   99   0.00    0    0.00 XXX   0 X    0.00 XXX   0 X   -0.03 ARG  18 A

GLU  25 A   4.62     0 %    0.25  254   0.00    0    0.00 XXX   0 X    0.00 XXX   0 X   -0.11 ARG  15 A
GLU  25 A                                            0.00 XXX   0 X    0.00 XXX   0 X   -0.02 LYS  26 A

GLU  30 A   4.64     0 %    0.14  110   0.00    0    0.00 XXX   0 X    0.00 XXX   0 X    0.00 XXX   0 X

C-   37 A   3.30     0 %    0.10  100   0.00    0    0.00 XXX   0 X    0.00 XXX   0 X    0.00 XXX   0 X

LYS  26 A  10.43     0 %   -0.09  126   0.00    0    0.00 XXX   0 X    0.00 XXX   0 X    0.02 GLU  25 A

LYS  31 A  10.49     0 %   -0.11  109   0.00    0    0.00 XXX   0 X    0.00 XXX   0 X    0.09 TYR  87 B

ARG  14 A  12.31     0 %   -0.18  179   0.00    0    0.00 XXX   0 X    0.00 XXX   0 X   -0.01 ARG  53 B

ARG  15 A  12.28     8 %   -0.61  305   0.00    0    0.00 XXX   0 X    0.00 XXX   0 X    0.11 GLU  25 A
ARG  15 A                                            0.00 XXX   0 X    0.00 XXX   0 X    0.22 ASP  82 B
ARG  15 A                                            0.00 XXX   0 X    0.00 XXX   0 X    0.07 ASP  84 B
ARG  15 A                                            0.00 XXX   0 X    0.00 XXX   0 X    0.01 TYR  87 B

ARG  18 A  12.28     0 %   -0.35  225   0.00    0    0.00 XXX   0 X    0.00 XXX   0 X    0.03 GLU  19 A
ARG  18 A                                            0.00 XXX   0 X    0.00 XXX   0 X    0.10 ASP  57 B

ARG  27 A  12.33     0 %   -0.17  149   0.00    0    0.00 XXX   0 X    0.00 XXX   0 X    0.00 XXX   0 X

ARG  34 A  12.35     0 %   -0.15  101   0.00    0    0.00 XXX   0 X    0.00 XXX   0 X    0.00 XXX   0 X

N+   12 A   7.91     0 %   -0.20  222   0.00    0    0.00 XXX   0 X    0.00 XXX   0 X   -0.04 ARG  14 A
N+   12 A                                            0.00 XXX   0 X    0.00 XXX   0 X   -0.09 ARG  15 A
N+   12 A                                            0.00 XXX   0 X    0.00 XXX   0 X    0.17 GLU  50 B
N+   12 A                                            0.00 XXX   0 X    0.00 XXX   0 X   -0.04 ARG  53 B
N+   12 A                                            0.00 XXX   0 X    0.00 XXX   0 X    0.11 ASP  82 B

ASP  57 B   3.11    18 %    0.70  331   0.02    0   -0.85 LYS 432 B   -0.04 ASP  57 B   -0.10 ARG  18 A
ASP  57 B                                            0.00 XXX   0 X    0.00 XXX   0 X   -0.41 LYS 432 B

ASP  66 B   1.67     0 %    0.34  227   0.00    0   -0.85 LYS 100 B    0.00 XXX   0 X   -0.00 LYS  63 B
ASP  66 B                                           -0.85 LYS 430 B    0.00 XXX   0 X   -0.38 LYS 100 B
ASP  66 B                                            0.00 XXX   0 X    0.00 XXX   0 X   -0.38 LYS 430 B

ASP  82 B   3.63     1 %    0.31  283   0.00    0    0.00 XXX   0 X    0.00 XXX   0 X   -0.11 N+   12 A
ASP  82 B                                            0.00 XXX   0 X    0.00 XXX   0 X   -0.22 ARG  15 A
ASP  82 B                                            0.00 XXX   0 X    0.00 XXX   0 X   -0.19 LYS  91 B
ASP  82 B                                            0.00 XXX   0 X    0.00 XXX   0 X   -0.02 ARG 122 B
ASP  82 B                                            0.00 XXX   0 X    0.00 XXX   0 X    0.06 ASP  84 B

ASP  84 B   2.94    45 %    1.88  408   0.41    0   -0.80 THR  92 B   -0.12 ASP  84 B   -0.07 ARG  15 A
ASP  84 B                                           -0.69 ARG 104 B   -0.81 THR  92 B   -0.19 LYS  91 B
ASP  84 B                                            0.00 XXX   0 X    0.00 XXX   0 X   -0.47 ARG 104 B

ASP 152 B   2.68     7 %    0.47  300   0.04    0   -0.85 LYS 863 C    0.00 XXX   0 X   -0.03 ARG 219 B
ASP 152 B                                            0.00 XXX   0 X    0.00 XXX   0 X   -0.02 ARG 222 B
ASP 152 B                                            0.00 XXX   0 X    0.00 XXX   0 X   -0.32 HIS 151 B
ASP 152 B                                            0.00 XXX   0 X    0.00 XXX   0 X   -0.41 LYS 863 C

ASP 191 B   3.56    43 %    1.36  403   0.07    0    0.00 XXX   0 X   -0.18 TRP 193 B   -0.03 LYS 175 B
ASP 191 B                                            0.00 XXX   0 X   -0.68 ASN 194 B   -0.33 ARG 179 B
ASP 191 B                                            0.00 XXX   0 X    0.00 XXX   0 X   -0.45 LYS 237 B

ASP 197 B   1.36*   81 %    2.24  509   0.20    0   -0.85 LYS 175 B    0.00 XXX   0 X   -0.01 LYS 237 B
ASP 197 B                                           -0.85 LYS 228 B    0.00 XXX   0 X   -1.29 LYS 175 B
ASP 197 B                                            0.00 XXX   0 X    0.00 XXX   0 X   -0.53 ARG 225 B
ASP 197 B                                            0.00 XXX   0 X    0.00 XXX   0 X   -1.34 LYS 228 B

ASP 211 B   3.93     0 %    0.13  109   0.00    0    0.00 XXX   0 X    0.00 XXX   0 X    0.00 XXX   0 X

ASP 252 B   4.15     0 %    0.35  253   0.00    0    0.00 XXX   0 X    0.00 XXX   0 X    0.00 XXX   0 X

ASP 297 B   3.92     0 %    0.21  235   0.00    0    0.00 XXX   0 X    0.00 XXX   0 X   -0.10 ARG 282 B

ASP 305 B   2.93     0 %    0.25  217   0.00    0   -0.85 SER 303 B   -0.20 ASP 305 B    0.00 XXX   0 X
ASP 305 B                                            0.00 XXX   0 X   -0.07 LEU 306 B    0.00 XXX   0 X

ASP 310 B   3.31     0 %    0.33  246   0.00    0   -0.82 TRP 301 B    0.00 XXX   0 X    0.00 XXX   0 X

ASP 322 B   2.87    27 %    0.73  357   0.13    0   -0.85 LYS 317 B   -0.17 VAL 323 B   -0.11 LYS 279 B
ASP 322 B                                            0.00 XXX   0 X    0.00 XXX   0 X   -0.22 ARG 376 B
ASP 322 B                                            0.00 XXX   0 X    0.00 XXX   0 X    0.07 ASP 349 B
ASP 322 B                                            0.00 XXX   0 X    0.00 XXX   0 X   -0.52 LYS 317 B

ASP 331 B   3.95     0 %    0.17  221   0.00    0    0.00 XXX   0 X    0.00 XXX   0 X   -0.02 ARG 340 B

ASP 349 B   2.19    43 %    1.13  402   0.00    0   -0.70 THR 353 B    0.00 XXX   0 X   -0.06 LYS 317 B
ASP 349 B                                           -1.15 ARG 376 B    0.00 XXX   0 X   -0.23 ARG 367 B
ASP 349 B                                            0.00 XXX   0 X    0.00 XXX   0 X   -0.05 HIS 350 B
ASP 349 B                                            0.00 XXX   0 X    0.00 XXX   0 X   -0.56 ARG 376 B

ASP 356 B   4.02    69 %    2.17  475   0.13    0   -0.75 ASN 347 B   -0.84 GLY 274 B   -0.29 ARG 277 B
ASP 356 B                                            0.00 XXX   0 X    0.00 XXX   0 X   -0.18 LYS 343 B
ASP 356 B                                            0.00 XXX   0 X    0.00 XXX   0 X   -0.08 ARG1623 D
ASP 356 B                                            0.00 XXX   0 X    0.00 XXX   0 X    0.06 ASP1551 D

ASP 372 B   3.37    60 %    2.11  449   0.22    0   -0.53 CYS 373 B   -0.03 CYS 373 B   -0.28 ARG 367 B
ASP 372 B                                            0.00 XXX   0 X   -0.80 TRP 899 C   -0.31 ARG 893 C
ASP 372 B                                            0.00 XXX   0 X   -0.80 ILE 900 C   -0.01 LYS1419 D

GLU  49 B   4.52     0 %    0.02   38   0.00    0    0.00 XXX   0 X    0.00 XXX   0 X    0.00 XXX   0 X

GLU  50 B   3.57     0 %    0.25  186   0.00    0   -0.66 ARG  53 B    0.00 XXX   0 X   -0.17 N+   12 A
GLU  50 B                                            0.00 XXX   0 X    0.00 XXX   0 X   -0.34 ARG  53 B

GLU  74 B   4.62     0 %    0.24  195   0.00    0    0.00 XXX   0 X    0.00 XXX   0 X   -0.22 ARG  53 B
GLU  74 B                                            0.00 XXX   0 X    0.00 XXX   0 X    0.10 GLU  50 B

GLU  78 B   3.59     2 %    0.54  287   0.01    0   -0.85 LYS 126 B    0.00 XXX   0 X   -0.13 ARG 122 B
GLU  78 B                                            0.00 XXX   0 X    0.00 XXX   0 X   -0.09 HIS 130 B
GLU  78 B                                            0.00 XXX   0 X    0.00 XXX   0 X   -0.38 LYS 126 B

GLU  81 B   4.31    39 %    0.88  391   0.08    0   -0.85 ARG 122 B    0.00 XXX   0 X   -0.07 LYS  91 B
GLU  81 B                                            0.00 XXX   0 X    0.00 XXX   0 X    0.17 ASP  82 B
GLU  81 B                                            0.00 XXX   0 X    0.00 XXX   0 X    0.05 ASP  84 B
GLU  81 B                                            0.00 XXX   0 X    0.00 XXX   0 X   -0.45 ARG 122 B

GLU 161 B   4.24    48 %    1.32  416   0.15    0   -0.72 ARG 219 B    0.00 XXX   0 X   -0.03 LYS 158 B
GLU 161 B                                            0.00 XXX   0 X    0.00 XXX   0 X   -0.34 ARG 222 B
GLU 161 B                                            0.00 XXX   0 X    0.00 XXX   0 X   -0.64 ARG 219 B

GLU 171 B   4.16*   92 %    3.08  539   0.43    0   -0.85 LYS 175 B    0.00 XXX   0 X   -0.38 ARG 225 B
GLU 171 B                                           -0.85 LYS 228 B    0.00 XXX   0 X   -1.51 LYS 175 B
GLU 171 B                                            0.00 XXX   0 X    0.00 XXX   0 X    1.31 ASP 197 B
GLU 171 B                                            0.00 XXX   0 X    0.00 XXX   0 X   -1.58 LYS 228 B

GLU 208 B   4.75     0 %    0.25  265   0.00    0    0.00 XXX   0 X    0.00 XXX   0 X    0.00 XXX   0 X

GLU 295 B   4.76     0 %    0.23  161   0.00    0    0.00 XXX   0 X    0.00 XXX   0 X    0.03 ASP 297 B

GLU 302 B   4.65     0 %    0.15  174   0.00    0    0.00 XXX   0 X   -0.00 GLU 302 B    0.00 XXX   0 X

GLU 312 B   4.65     0 %    0.12  198   0.00    0    0.00 XXX   0 X    0.00 XXX   0 X   -0.05 ARG 282 B
GLU 312 B                                            0.00 XXX   0 X    0.00 XXX   0 X    0.08 ASP 310 B

GLU 337 B   4.51     0 %    0.08  108   0.00    0    0.00 XXX   0 X   -0.06 GLY 338 B    0.00 XXX   0 X

GLU 346 B   4.08     0 %    0.25  267   0.00    0   -0.15 ARG 277 B    0.00 XXX   0 X   -0.10 LYS 279 B
GLU 346 B                                            0.00 XXX   0 X    0.00 XXX   0 X   -0.07 HIS 350 B
GLU 346 B                                            0.00 XXX   0 X    0.00 XXX   0 X    0.02 ASP 356 B
GLU 346 B                                            0.00 XXX   0 X    0.00 XXX   0 X   -0.37 ARG 277 B

GLU 375 B   5.17    68 %    1.02  472   0.01    0    0.00 XXX   0 X    0.00 XXX   0 X   -0.05 LYS1399 D
GLU 375 B                                            0.00 XXX   0 X    0.00 XXX   0 X   -0.46 LYS1419 D
GLU 375 B                                            0.00 XXX   0 X    0.00 XXX   0 X    0.15 ASP1714 D

GLU 417 B   4.35    12 %    0.58  314   0.07    0   -0.77 SER1776 D    0.00 XXX   0 X   -0.04 LYS 249 B
GLU 417 B                                            0.00 XXX   0 X    0.00 XXX   0 X    0.02 GLU 418 B

GLU 418 B   3.64     0 %    0.37  232   0.00    0   -0.85 LYS 249 B    0.00 XXX   0 X   -0.38 LYS 249 B

GLU 426 B   3.68    17 %    0.50  328   0.07    0   -0.85 LYS  62 B    0.00 XXX   0 X   -0.09 LYS  63 B
GLU 426 B                                            0.00 XXX   0 X    0.00 XXX   0 X   -0.01 LYS 430 B
GLU 426 B                                            0.00 XXX   0 X    0.00 XXX   0 X   -0.44 LYS  62 B

GLU 428 B   3.93     0 %    0.19  132   0.00    0   -0.77 ARG 433 B    0.00 XXX   0 X    0.00 XXX   0 X

GLU 429 B   4.67     0 %    0.18  221   0.00    0    0.00 XXX   0 X    0.00 XXX   0 X   -0.09 LYS  62 B
GLU 429 B                                            0.00 XXX   0 X    0.00 XXX   0 X   -0.04 LYS 432 B
GLU 429 B                                            0.00 XXX   0 X    0.00 XXX   0 X    0.05 ASP  57 B
GLU 429 B                                            0.00 XXX   0 X    0.00 XXX   0 X    0.05 GLU 426 B
GLU 429 B                                            0.00 XXX   0 X    0.00 XXX   0 X    0.02 GLU 428 B

GLU 431 B   4.54     0 %    0.21  173   0.00    0    0.00 XXX   0 X    0.00 XXX   0 X   -0.02 LYS 100 B
GLU 431 B                                            0.00 XXX   0 X    0.00 XXX   0 X   -0.16 LYS 430 B
GLU 431 B                                            0.00 XXX   0 X    0.00 XXX   0 X   -0.16 ARG 433 B
GLU 431 B                                            0.00 XXX   0 X    0.00 XXX   0 X    0.17 ASP  66 B

C-  433 B   3.23     0 %    0.12  133   0.00    0    0.00 XXX   0 X    0.00 XXX   0 X   -0.09 LYS 432 B

HIS 118 B   6.33     0 %   -0.17  121   0.00    0    0.00 XXX   0 X    0.00 XXX   0 X    0.00 XXX   0 X

HIS 130 B   6.97     0 %   -0.26  260   0.00    0    0.00 XXX   0 X    0.73 LYS 126 B   -0.10 LYS 126 B
HIS 130 B                                            0.00 XXX   0 X    0.00 XXX   0 X    0.09 GLU  78 B

HIS 151 B   5.78    30 %   -0.86  365   0.00    0    0.00 XXX   0 X    0.00 XXX   0 X   -0.24 LYS 863 C
HIS 151 B                                            0.00 XXX   0 X    0.00 XXX   0 X    0.32 ASP 152 B
HIS 151 B                                            0.00 XXX   0 X    0.00 XXX   0 X    0.05 ASP 883 C

HIS 184 B   6.19     0 %   -0.27  219   0.00    0    0.00 XXX   0 X    0.00 XXX   0 X   -0.04 ARG 190 B

HIS 278 B   5.05    55 %   -1.62  435   0.00    0    0.00 XXX   0 X    0.42 GLY 274 B   -0.32 LYS 343 B
HIS 278 B                                            0.00 XXX   0 X    0.00 XXX   0 X   -0.15 ARG1623 D
HIS 278 B                                            0.00 XXX   0 X    0.00 XXX   0 X    0.14 ASP1550 D
HIS 278 B                                            0.00 XXX   0 X    0.00 XXX   0 X    0.08 ASP1551 D

HIS 350 B   6.46     0 %   -0.16  218   0.00    0    0.00 XXX   0 X    0.00 XXX   0 X    0.07 GLU 346 B
HIS 350 B                                            0.00 XXX   0 X    0.00 XXX   0 X    0.05 ASP 349 B

CYS 139 B   9.16     0 %    0.41  265   0.00    0    0.00 XXX   0 X   -0.16 CYS 139 B    0.00 XXX   0 X
CYS 139 B                                            0.00 XXX   0 X   -0.08 THR 140 B    0.00 XXX   0 X

CYS 145 B  10.98    63 %    2.02  457   0.00    0   -0.03 ASN 144 B    0.00 XXX   0 X   -0.02 ARG 222 B

CYS 182 B   9.35     0 %    0.53  232   0.00    0    0.00 XXX   0 X    0.00 XXX   0 X   -0.18 ARG 190 B

CYS 260 B  11.28    72 %    2.28  484   0.00    0    0.00 XXX   0 X    0.00 XXX   0 X    0.00 XXX   0 X

CYS 280 B  12.08    30 %    1.43  366   0.00    0    0.47 CYS 335 B    0.00 XXX   0 X   -0.01 ARG 282 B
CYS 280 B                                            0.25 CYS 326 B    0.00 XXX   0 X    0.46 CYS 335 B
CYS 280 B                                            0.00 XXX   0 X    0.00 XXX   0 X    0.47 CYS 326 B

CYS 326 B   6.13*   47 %    1.47  413   0.00    0   -0.25 CYS 280 B   -0.24 GLY 327 B    0.00 XXX   0 X
CYS 326 B                                           -0.25 CYS 335 B    0.00 XXX   0 X    0.00 XXX   0 X
CYS 326 B                                           -3.60 CYS 341 B    0.00 XXX   0 X    0.00 XXX   0 X

CYS 335 B  10.00    11 %    0.81  313   0.00    0   -0.47 CYS 280 B   -0.00 THR 334 B   -0.02 ARG 340 B
CYS 335 B                                            0.25 CYS 326 B    0.00 XXX   0 X    0.43 CYS 326 B

CYS 341 B  15.51*   46 %    1.95  409   0.00    0    3.60 CYS 326 B   -0.10 LYS 279 B   -0.03 ARG 340 B
CYS 341 B                                            0.00 XXX   0 X    0.00 XXX   0 X   -0.02 LYS 343 B
CYS 341 B                                            0.00 XXX   0 X    0.00 XXX   0 X    0.22 CYS 280 B
CYS 341 B                                            0.00 XXX   0 X    0.00 XXX   0 X    0.27 CYS 335 B
CYS 341 B                                            0.00 XXX   0 X    0.00 XXX   0 X    0.62 CYS 326 B

CYS 373 B  11.38    53 %    1.16  431   0.00    0    0.53 ASP 372 B    0.00 XXX   0 X   -0.38 ARG 367 B
CYS 373 B                                            0.00 XXX   0 X    0.00 XXX   0 X   -0.10 ARG 376 B
CYS 373 B                                            0.00 XXX   0 X    0.00 XXX   0 X   -0.13 ARG 893 C
CYS 373 B                                            0.00 XXX   0 X    0.00 XXX   0 X   -0.00 LYS1419 D
CYS 373 B                                            0.00 XXX   0 X    0.00 XXX   0 X    0.13 ASP 349 B
CYS 373 B                                            0.00 XXX   0 X    0.00 XXX   0 X    0.07 GLU 375 B
CYS 373 B                                            0.00 XXX   0 X    0.00 XXX   0 X    0.24 GLU 898 C
CYS 373 B                                            0.00 XXX   0 X    0.00 XXX   0 X    0.15 GLU 901 C
CYS 373 B                                            0.00 XXX   0 X    0.00 XXX   0 X    0.70 ASP 372 B

TYR  68 B  10.20     0 %    0.24  232   0.00    0    0.00 XXX   0 X    0.00 XXX   0 X    0.07 ASP  57 B
TYR  68 B                                            0.00 XXX   0 X    0.00 XXX   0 X    0.03 C-  433 B
TYR  68 B                                            0.00 XXX   0 X    0.00 XXX   0 X   -0.14 LYS 432 B

TYR  87 B  10.38     0 %    0.36  184   0.00    0    0.00 XXX   0 X    0.00 XXX   0 X   -0.01 ARG  15 A
TYR  87 B                                            0.00 XXX   0 X    0.00 XXX   0 X    0.12 GLU  25 A
TYR  87 B                                            0.00 XXX   0 X    0.00 XXX   0 X   -0.09 LYS  31 A

TYR 112 B  10.06     0 %    0.06   71   0.00    0    0.00 XXX   0 X    0.00 XXX   0 X    0.00 XXX   0 X

TYR 159 B  10.18     0 %    0.18  117   0.00    0    0.00 XXX   0 X    0.00 XXX   0 X    0.00 XXX   0 X

TYR 162 B  10.61     0 %    0.27  221   0.00    0    0.00 XXX   0 X    0.00 XXX   0 X    0.05 GLU 161 B
TYR 162 B                                            0.00 XXX   0 X    0.00 XXX   0 X    0.09 GLU 208 B
TYR 162 B                                            0.00 XXX   0 X    0.00 XXX   0 X   -0.00 ARG 219 B
TYR 162 B                                            0.00 XXX   0 X    0.00 XXX   0 X    0.20 TYR 159 B

TYR 168 B  12.32    74 %    2.45  488   0.00    0    0.00 XXX   0 X    0.00 XXX   0 X    0.14 CYS 145 B
TYR 168 B                                            0.00 XXX   0 X    0.00 XXX   0 X    0.05 GLU 161 B
TYR 168 B                                            0.00 XXX   0 X    0.00 XXX   0 X    0.24 GLU 171 B
TYR 168 B                                            0.00 XXX   0 X    0.00 XXX   0 X    0.08 ASP 197 B
TYR 168 B                                            0.00 XXX   0 X    0.00 XXX   0 X   -0.65 ARG 225 B

TYR 205 B   9.77     6 %    0.58  297   0.00    0   -0.85 THR 169 B    0.00 XXX   0 X    0.05 GLU 208 B

TYR 307 B  11.61    30 %    1.50  365   0.00    0    0.00 XXX   0 X    0.00 XXX   0 X   -0.10 ARG 282 B
TYR 307 B                                            0.00 XXX   0 X    0.00 XXX   0 X    0.10 ASP 297 B
TYR 307 B                                            0.00 XXX   0 X    0.00 XXX   0 X    0.00 ASP 310 B
TYR 307 B                                            0.00 XXX   0 X    0.00 XXX   0 X   -0.01 ARG 340 B
TYR 307 B                                            0.00 XXX   0 X    0.00 XXX   0 X    0.06 TYR 314 B
TYR 307 B                                            0.00 XXX   0 X    0.00 XXX   0 X    0.06 TYR 339 B

TYR 314 B  11.50    41 %    1.50  397   0.00    0    0.00 XXX   0 X    0.00 XXX   0 X    0.00 ASP 305 B
TYR 314 B                                            0.00 XXX   0 X    0.00 XXX   0 X    0.00 ASP 310 B

TYR 339 B   9.90    11 %    0.83  312   0.00    0   -0.67 ARG 282 B    0.00 XXX   0 X    0.14 CYS 280 B
TYR 339 B                                            0.00 XXX   0 X    0.00 XXX   0 X    0.01 ASP 297 B
TYR 339 B                                            0.00 XXX   0 X    0.00 XXX   0 X   -0.41 ARG 282 B

TYR 352 B  10.20     0 %    0.20  265   0.00    0    0.00 XXX   0 X    0.00 XXX   0 X    0.00 XXX   0 X

TYR 378 B  13.24    81 %    3.06  507   0.00    0    0.00 XXX   0 X    0.00 XXX   0 X    0.18 CYS1703 D

TYR 389 B  10.38    53 %    1.75  431   0.00    0   -0.25 ASN 328 B    0.00 XXX   0 X   -0.36 ARG1623 D
TYR 389 B                                           -0.76 THR1620 D    0.00 XXX   0 X    0.00 XXX   0 X

TYR 403 B  12.77    75 %    2.45  490   0.00    0    0.00 XXX   0 X    0.00 XXX   0 X    0.32 CYS 260 B

TYR 416 B  10.86    57 %    1.15  440   0.00    0   -0.29 SER 940 C    0.00 XXX   0 X    0.00 XXX   0 X

LYS  62 B  11.37    15 %   -0.51  324   0.00    0    0.85 GLU 426 B    0.00 XXX   0 X    0.09 GLU 429 B
LYS  62 B                                            0.00 XXX   0 X    0.00 XXX   0 X    0.44 GLU 426 B

LYS  63 B  10.22    13 %   -0.29  318   0.00    0    0.00 XXX   0 X    0.00 XXX   0 X    0.00 ASP  66 B
LYS  63 B                                            0.00 XXX   0 X    0.00 XXX   0 X    0.09 GLU 426 B
LYS  63 B                                            0.00 XXX   0 X    0.00 XXX   0 X   -0.02 LYS 100 B
LYS  63 B                                            0.00 XXX   0 X    0.00 XXX   0 X   -0.07 LYS 430 B

LYS  91 B  10.45     2 %   -0.35  288   0.00    0    0.00 XXX   0 X    0.00 XXX   0 X   -0.15 ARG  15 A
LYS  91 B                                            0.00 XXX   0 X    0.00 XXX   0 X    0.07 GLU  81 B
LYS  91 B                                            0.00 XXX   0 X    0.00 XXX   0 X    0.19 ASP  82 B
LYS  91 B                                            0.00 XXX   0 X    0.00 XXX   0 X    0.19 ASP  84 B

LYS  98 B  10.36     0 %   -0.14  266   0.00    0    0.00 XXX   0 X    0.00 XXX   0 X    0.00 XXX   0 X

LYS 100 B  11.07     0 %   -0.42  241   0.00    0    0.85 ASP  66 B    0.00 XXX   0 X    0.02 GLU 431 B
LYS 100 B                                            0.00 XXX   0 X    0.00 XXX   0 X   -0.26 LYS 430 B
LYS 100 B                                            0.00 XXX   0 X    0.00 XXX   0 X    0.38 ASP  66 B

LYS 126 B  11.25     0 %   -0.38  255   0.00    0    0.85 GLU  78 B    0.00 XXX   0 X   -0.10 ARG 122 B
LYS 126 B                                            0.00 XXX   0 X    0.00 XXX   0 X    0.38 GLU  78 B

LYS 158 B  10.24     0 %   -0.26  157   0.00    0    0.00 XXX   0 X    0.00 XXX   0 X    0.03 GLU 161 B
LYS 158 B                                            0.00 XXX   0 X    0.00 XXX   0 X   -0.02 ARG 219 B

LYS 175 B  11.76    91 %   -2.97  536   0.00    0    0.85 GLU 171 B    0.00 XXX   0 X   -0.15 ARG 179 B
LYS 175 B                                            0.85 ASP 197 B    0.00 XXX   0 X    0.03 ASP 191 B
LYS 175 B                                            0.00 XXX   0 X    0.00 XXX   0 X   -0.14 ARG 225 B
LYS 175 B                                            0.00 XXX   0 X    0.00 XXX   0 X    1.51 GLU 171 B
LYS 175 B                                            0.00 XXX   0 X    0.00 XXX   0 X    1.29 ASP 197 B

LYS 228 B   9.60    94 %   -3.33  544   0.00    0    0.85 GLU 171 B    0.00 XXX   0 X   -0.70 ARG 225 B
LYS 228 B                                            0.85 ASP 197 B    0.00 XXX   0 X   -1.49 LYS 175 B
LYS 228 B                                            0.00 XXX   0 X    0.00 XXX   0 X    1.58 GLU 171 B
LYS 228 B                                            0.00 XXX   0 X    0.00 XXX   0 X    1.34 ASP 197 B

LYS 237 B   9.36    65 %   -1.24  464   0.00    0    0.00 XXX   0 X    0.00 XXX   0 X   -0.24 ARG 179 B
LYS 237 B                                            0.00 XXX   0 X    0.00 XXX   0 X    0.45 ASP 191 B
LYS 237 B                                            0.00 XXX   0 X    0.00 XXX   0 X    0.01 ASP 197 B
LYS 237 B                                            0.00 XXX   0 X    0.00 XXX   0 X   -0.11 LYS 175 B

LYS 248 B  10.23     0 %   -0.27  167   0.00    0    0.00 XXX   0 X    0.00 XXX   0 X    0.00 XXX   0 X

LYS 249 B  11.36     0 %   -0.41  258   0.00    0    0.85 GLU 418 B    0.00 XXX   0 X    0.04 GLU 417 B
LYS 249 B                                            0.00 XXX   0 X    0.00 XXX   0 X    0.38 GLU 418 B

LYS 279 B   8.85    59 %   -1.71  447   0.00    0    0.00 XXX   0 X    0.00 XXX   0 X   -0.13 ARG 277 B
LYS 279 B                                            0.00 XXX   0 X    0.00 XXX   0 X    0.11 ASP 322 B
LYS 279 B                                            0.00 XXX   0 X    0.00 XXX   0 X    0.10 GLU 346 B
LYS 279 B                                            0.00 XXX   0 X    0.00 XXX   0 X   -0.02 LYS 317 B

LYS 317 B  10.32    38 %   -1.24  389   0.00    0    0.85 ASP 322 B    0.00 XXX   0 X    0.06 ASP 349 B
LYS 317 B                                            0.00 XXX   0 X    0.00 XXX   0 X   -0.29 ARG 376 B
LYS 317 B                                            0.00 XXX   0 X    0.00 XXX   0 X   -0.08 ARG 383 B
LYS 317 B                                            0.00 XXX   0 X    0.00 XXX   0 X    0.52 ASP 322 B

LYS 343 B  11.60    46 %   -1.68  411   0.00    0    0.85 ASP1550 D    0.00 XXX   0 X   -0.07 ARG 277 B
LYS 343 B                                            0.85 ASP1551 D    0.00 XXX   0 X    0.02 CYS 341 B
LYS 343 B                                            0.00 XXX   0 X    0.00 XXX   0 X    0.18 ASP 356 B
LYS 343 B                                            0.00 XXX   0 X    0.00 XXX   0 X   -0.25 ARG1623 D
LYS 343 B                                            0.00 XXX   0 X    0.00 XXX   0 X    0.65 ASP1550 D
LYS 343 B                                            0.00 XXX   0 X    0.00 XXX   0 X    0.54 ASP1551 D

LYS 387 B  10.15    22 %   -0.39  343   0.00    0    0.00 XXX   0 X    0.00 XXX   0 X   -0.02 ARG 383 B
LYS 387 B                                            0.00 XXX   0 X    0.00 XXX   0 X    0.06 ASP1690 D

LYS 430 B  11.40     0 %   -0.51  271   0.00    0    0.85 ASP  66 B    0.00 XXX   0 X    0.01 GLU 426 B
LYS 430 B                                            0.00 XXX   0 X    0.00 XXX   0 X    0.16 GLU 431 B
LYS 430 B                                            0.00 XXX   0 X    0.00 XXX   0 X    0.38 ASP  66 B

LYS 432 B  11.59     0 %   -0.38  276   0.00    0    0.85 ASP  57 B    0.00 XXX   0 X   -0.06 ARG  18 A
LYS 432 B                                            0.00 XXX   0 X    0.00 XXX   0 X    0.04 GLU 429 B
LYS 432 B                                            0.00 XXX   0 X    0.00 XXX   0 X    0.09 C-  433 B
LYS 432 B                                            0.00 XXX   0 X    0.00 XXX   0 X    0.14 TYR  68 B
LYS 432 B                                            0.00 XXX   0 X    0.00 XXX   0 X    0.41 ASP  57 B

ARG  53 B  13.22     0 %   -0.50  251   0.00    0    0.66 GLU  50 B    0.00 XXX   0 X    0.22 GLU  74 B
ARG  53 B                                            0.00 XXX   0 X    0.00 XXX   0 X    0.34 GLU  50 B

ARG 104 B  12.33    45 %   -1.33  408   0.00    0    0.69 ASP  84 B    0.00 XXX   0 X    0.47 ASP  84 B

ARG 121 B  10.84    57 %   -1.66  440   0.00    0    0.00 XXX   0 X    0.00 XXX   0 X    0.00 XXX   0 X

ARG 122 B  12.99    31 %   -0.96  367   0.00    0    0.85 GLU  81 B    0.00 XXX   0 X    0.13 GLU  78 B
ARG 122 B                                            0.00 XXX   0 X    0.00 XXX   0 X    0.02 ASP  82 B
ARG 122 B                                            0.00 XXX   0 X    0.00 XXX   0 X    0.45 GLU  81 B

ARG 179 B  10.75    84 %   -2.08  517   0.00    0    0.00 XXX   0 X    0.00 XXX   0 X    0.33 ASP 191 B

ARG 190 B  12.41     0 %   -0.27  210   0.00    0    0.00 XXX   0 X    0.00 XXX   0 X    0.18 CYS 182 B

ARG 219 B  12.83    51 %   -1.07  424   0.00    0    0.72 GLU 161 B    0.00 XXX   0 X    0.03 ASP 152 B
ARG 219 B                                            0.00 XXX   0 X    0.00 XXX   0 X    0.00 TYR 162 B
ARG 219 B                                            0.00 XXX   0 X    0.00 XXX   0 X    0.64 GLU 161 B

ARG 222 B  10.30    65 %   -1.86  462   0.00    0    0.00 XXX   0 X    0.00 XXX   0 X    0.02 CYS 145 B
ARG 222 B                                            0.00 XXX   0 X    0.00 XXX   0 X    0.02 ASP 152 B
ARG 222 B                                            0.00 XXX   0 X    0.00 XXX   0 X    0.34 GLU 161 B
ARG 222 B                                            0.00 XXX   0 X    0.00 XXX   0 X   -0.72 ARG 219 B

ARG 225 B  11.64    85 %   -2.42  518   0.00    0    0.00 XXX   0 X    0.00 XXX   0 X    0.65 TYR 168 B
ARG 225 B                                            0.00 XXX   0 X    0.00 XXX   0 X    0.38 GLU 171 B
ARG 225 B                                            0.00 XXX   0 X    0.00 XXX   0 X    0.53 ASP 197 B

ARG 277 B  12.88    20 %   -0.61  337   0.00    0    0.15 GLU 346 B    0.00 XXX   0 X    0.29 ASP 356 B
ARG 277 B                                            0.00 XXX   0 X    0.00 XXX   0 X    0.15 ASP1550 D
ARG 277 B                                            0.00 XXX   0 X    0.00 XXX   0 X    0.03 ASP1551 D
ARG 277 B                                            0.00 XXX   0 X    0.00 XXX   0 X    0.37 GLU 346 B

ARG 282 B  13.48     4 %   -0.35  293   0.00    0    0.67 TYR 339 B    0.00 XXX   0 X    0.01 CYS 280 B
ARG 282 B                                            0.00 XXX   0 X    0.00 XXX   0 X    0.10 ASP 297 B
ARG 282 B                                            0.00 XXX   0 X    0.00 XXX   0 X    0.10 TYR 307 B
ARG 282 B                                            0.00 XXX   0 X    0.00 XXX   0 X    0.05 GLU 312 B
ARG 282 B                                            0.00 XXX   0 X    0.00 XXX   0 X    0.41 TYR 339 B

ARG 340 B  12.20    10 %   -0.38  308   0.00    0    0.00 XXX   0 X    0.00 XXX   0 X    0.01 TYR 307 B
ARG 340 B                                            0.00 XXX   0 X    0.00 XXX   0 X    0.02 ASP 331 B
ARG 340 B                                            0.00 XXX   0 X    0.00 XXX   0 X    0.02 CYS 335 B
ARG 340 B                                            0.00 XXX   0 X    0.00 XXX   0 X    0.03 CYS 341 B

ARG 367 B  11.38    73 %   -1.92  485   0.00    0    0.00 XXX   0 X    0.00 XXX   0 X    0.23 ASP 349 B
ARG 367 B                                            0.00 XXX   0 X    0.00 XXX   0 X    0.28 ASP 372 B
ARG 367 B                                            0.00 XXX   0 X    0.00 XXX   0 X    0.38 CYS 373 B
ARG 367 B                                            0.00 XXX   0 X    0.00 XXX   0 X   -0.08 ARG 376 B

ARG 376 B  13.87    34 %   -0.65  377   0.00    0    1.15 ASP 349 B    0.00 XXX   0 X    0.22 ASP 322 B
ARG 376 B                                            0.00 XXX   0 X    0.00 XXX   0 X    0.10 CYS 373 B
ARG 376 B                                            0.00 XXX   0 X    0.00 XXX   0 X    0.56 ASP 349 B

ARG 383 B  13.74    50 %   -1.22  420   0.00    0    1.66 ASP1690 D    0.00 XXX   0 X    0.21 ASP1689 D
ARG 383 B                                            0.00 XXX   0 X    0.00 XXX   0 X    0.59 ASP1690 D

ARG 433 B  13.14     0 %   -0.28  140   0.00    0    0.77 GLU 428 B    0.00 XXX   0 X    0.16 GLU 431 B

N+   49 B   7.86     0 %   -0.11   78   0.00    0    0.00 XXX   0 X    0.00 XXX   0 X   -0.03 ARG  53 B

ASP 716 C   3.95    16 %    0.38  327   0.00    0    0.00 XXX   0 X    0.00 XXX   0 X   -0.14 LYS 767 C
ASP 716 C                                            0.00 XXX   0 X    0.00 XXX   0 X   -0.06 LYS 817 C
ASP 716 C                                            0.00 XXX   0 X    0.00 XXX   0 X   -0.26 LYS 820 C
ASP 716 C                                            0.00 XXX   0 X    0.00 XXX   0 X    0.20 ASP 720 C
ASP 716 C                                            0.00 XXX   0 X    0.00 XXX   0 X    0.04 ASP 785 C

ASP 720 C   1.92    20 %    0.74  337   0.13    0   -0.77 LYS 817 C    0.00 XXX   0 X   -0.15 LYS 767 C
ASP 720 C                                           -0.85 LYS 820 C    0.00 XXX   0 X   -0.03 ARG 814 C
ASP 720 C                                            0.00 XXX   0 X    0.00 XXX   0 X   -0.53 LYS 817 C
ASP 720 C                                            0.00 XXX   0 X    0.00 XXX   0 X   -0.42 LYS 820 C

ASP 772 C   2.86     9 %    0.52  307   0.03    0   -0.85 LYS 707 C   -0.00 ASP 772 C   -0.24 LYS 711 C
ASP 772 C                                            0.00 XXX   0 X    0.00 XXX   0 X   -0.40 LYS 707 C

ASP 785 C   3.06    62 %    1.92  456   0.39    0   -0.85 LYS 767 C    0.00 XXX   0 X   -0.24 LYS 817 C
ASP 785 C                                           -0.60 ARG 814 C    0.00 XXX   0 X    0.07 ASP 720 C
ASP 785 C                                            0.00 XXX   0 X    0.00 XXX   0 X   -0.78 LYS 767 C
ASP 785 C                                            0.00 XXX   0 X    0.00 XXX   0 X   -0.64 ARG 814 C

ASP 870 C   3.91     0 %    0.15  129   0.00    0    0.00 XXX   0 X    0.00 XXX   0 X   -0.03 ARG 869 C

ASP 872 C   3.88     0 %    0.08   57   0.00    0    0.00 XXX   0 X   -0.00 ASP 872 C    0.00 XXX   0 X

ASP 883 C   2.94    56 %    1.70  439   0.00    0   -1.60 HIS 886 C    0.00 XXX   0 X   -0.13 ARG 878 C
ASP 883 C                                            0.00 XXX   0 X    0.00 XXX   0 X   -0.05 HIS 151 B
ASP 883 C                                            0.00 XXX   0 X    0.00 XXX   0 X   -0.78 HIS 886 C

ASP 905 C   4.79*   41 %    1.06  396   0.32    0    0.00 XXX   0 X    0.00 XXX   0 X   -0.04 ARG 893 C
ASP 905 C                                            0.00 XXX   0 X    0.00 XXX   0 X    0.13 GLU 901 C
ASP 905 C                                            0.00 XXX   0 X    0.00 XXX   0 X    0.06 GLU 908 C
ASP 905 C                                            0.00 XXX   0 X    0.00 XXX   0 X   -0.55 HIS 880 C

GLU 698 C   4.57     0 %    0.07  107   0.00    0    0.00 XXX   0 X    0.00 XXX   0 X    0.00 XXX   0 X

GLU 737 C   5.04    21 %    0.45  339   0.04    0    0.00 XXX   0 X    0.00 XXX   0 X   -0.00 ARG 808 C
GLU 737 C                                            0.00 XXX   0 X    0.00 XXX   0 X   -0.03 HIS 738 C
GLU 737 C                                            0.00 XXX   0 X    0.00 XXX   0 X    0.08 GLU 746 C

GLU 744 C   4.58     0 %    0.08   82   0.00    0    0.00 XXX   0 X    0.00 XXX   0 X    0.00 XXX   0 X

GLU 746 C   4.84     0 %    0.21  167   0.00    0    0.00 XXX   0 X    0.00 XXX   0 X    0.13 GLU 747 C

GLU 747 C   4.70     0 %    0.20  139   0.00    0    0.00 XXX   0 X    0.00 XXX   0 X    0.00 XXX   0 X

GLU 763 C   3.87    70 %    2.63  477   0.40    0   -0.85 LYS 767 C    0.00 XXX   0 X   -0.21 LYS 817 C
GLU 763 C                                           -1.50 ARG 814 C    0.00 XXX   0 X    0.06 ASP 720 C
GLU 763 C                                            0.00 XXX   0 X    0.00 XXX   0 X   -0.84 LYS 767 C
GLU 763 C                                            0.00 XXX   0 X    0.00 XXX   0 X    0.58 ASP 785 C
GLU 763 C                                            0.00 XXX   0 X    0.00 XXX   0 X   -0.90 ARG 814 C

GLU 795 C   3.88    40 %    1.25  392   0.33    0   -1.35 ARG 811 C    0.00 XXX   0 X   -0.18 ARG 808 C
GLU 795 C                                            0.00 XXX   0 X    0.00 XXX   0 X   -0.67 ARG 811 C

GLU 867 C   4.56     0 %    0.18  221   0.00    0    0.00 XXX   0 X    0.00 XXX   0 X   -0.15 LYS 863 C
GLU 867 C                                            0.00 XXX   0 X    0.00 XXX   0 X    0.03 ASP 152 B

GLU 898 C   5.71    62 %    1.68  454   0.26    0   -0.70 ARG 893 C    0.00 XXX   0 X   -0.14 LYS1419 D
GLU 898 C                                            0.00 XXX   0 X    0.00 XXX   0 X    0.49 ASP 372 B
GLU 898 C                                            0.00 XXX   0 X    0.00 XXX   0 X    0.27 GLU 901 C
GLU 898 C                                            0.00 XXX   0 X    0.00 XXX   0 X    0.08 ASP1423 D
GLU 898 C                                            0.00 XXX   0 X    0.00 XXX   0 X   -0.74 ARG 893 C

GLU 901 C   3.92    39 %    0.77  391   0.00    0   -0.87 ARG 893 C    0.00 XXX   0 X    0.16 ASP 372 B
GLU 901 C                                            0.00 XXX   0 X    0.00 XXX   0 X   -0.63 ARG 893 C

GLU 908 C   4.68     0 %    0.18  236   0.00    0    0.00 XXX   0 X    0.00 XXX   0 X    0.00 XXX   0 X

C-  943 C   3.30     0 %    0.19  227   0.00    0    0.00 XXX   0 X   -0.02 SER 943 C   -0.06 LYS 830 C

HIS 738 C   7.07     0 %   -0.29  182   0.00    0    0.00 XXX   0 X    0.66 TYR 739 C    0.03 GLU 737 C
HIS 738 C                                            0.00 XXX   0 X    0.17 ASN 740 C    0.00 XXX   0 X

HIS 880 C   5.82*   42 %   -1.19  400   0.00    0    0.00 XXX   0 X    0.00 XXX   0 X   -0.02 ARG 869 C
HIS 880 C                                            0.00 XXX   0 X    0.00 XXX   0 X   -0.02 HIS 886 C
HIS 880 C                                            0.00 XXX   0 X    0.00 XXX   0 X    0.55 ASP 905 C

HIS 886 C   6.37    68 %   -2.24  473   0.00    0    1.60 ASP 883 C    0.00 XXX   0 X   -0.26 ARG 878 C
HIS 886 C                                            0.00 XXX   0 X    0.00 XXX   0 X    0.78 ASP 883 C

CYS 683 C   9.45     0 %    0.45  136   0.00    0    0.00 XXX   0 X    0.00 XXX   0 X    0.00 XXX   0 X

CYS 686 C   8.44     0 %    0.52  117   0.00    0    0.00 XXX   0 X   -0.31 ASN 688 C    0.00 XXX   0 X
CYS 686 C                                            0.00 XXX   0 X   -0.77 ARG 689 C    0.00 XXX   0 X

CYS 699 C   9.57     0 %    0.58  220   0.00    0    0.00 XXX   0 X    0.00 XXX   0 X   -0.24 LYS 707 C
CYS 699 C                                            0.00 XXX   0 X    0.00 XXX   0 X   -0.01 LYS 711 C
CYS 699 C                                            0.00 XXX   0 X    0.00 XXX   0 X    0.14 CYS 700 C
CYS 699 C                                            0.00 XXX   0 X    0.00 XXX   0 X    0.08 ASP 772 C

CYS 700 C   8.93     0 %    0.34  125   0.00    0    0.00 XXX   0 X   -0.42 TRP 703 C    0.00 XXX   0 X

CYS 726 C  10.43    47 %    1.52  413   0.00    0    0.00 XXX   0 X    0.00 XXX   0 X   -0.00 ARG 811 C
CYS 726 C                                            0.00 XXX   0 X    0.00 XXX   0 X   -0.18 ARG 814 C
CYS 726 C                                            0.00 XXX   0 X    0.00 XXX   0 X    0.10 GLU 763 C

CYS 896 C  12.54    95 %    3.43  546   0.00    0    0.00 XXX   0 X    0.00 XXX   0 X   -0.06 ARG 893 C
CYS 896 C                                            0.00 XXX   0 X    0.00 XXX   0 X    0.17 GLU 898 C

CYS 906 C  12.27    82 %    2.59  511   0.00    0    0.00 XXX   0 X    0.00 XXX   0 X    0.26 ASP 905 C
CYS 906 C                                            0.00 XXX   0 X    0.00 XXX   0 X    0.42 CYS 915 C

CYS 915 C  10.66    39 %    1.66  390   0.00    0    0.00 XXX   0 X    0.00 XXX   0 X    0.00 XXX   0 X

TYR 694 C  10.40     0 %    0.23  261   0.00    0    0.00 XXX   0 X    0.00 XXX   0 X    0.06 CYS 699 C
TYR 694 C                                            0.00 XXX   0 X    0.00 XXX   0 X    0.20 ASP 772 C
TYR 694 C                                            0.00 XXX   0 X    0.00 XXX   0 X   -0.14 LYS 707 C
TYR 694 C                                            0.00 XXX   0 X    0.00 XXX   0 X    0.07 TYR 775 C

TYR 739 C  10.19     0 %    0.15  128   0.00    0   -0.02 ASN 740 C    0.00 XXX   0 X    0.06 GLU1435 D
TYR 739 C                                            0.00 XXX   0 X    0.00 XXX   0 X   -0.01 LYS1381 D

TYR 774 C  10.07     0 %    0.13  162   0.00    0   -0.06 GLN 778 C    0.00 XXX   0 X    0.00 XXX   0 X

TYR 775 C  10.31     0 %    0.21  220   0.00    0    0.00 XXX   0 X    0.00 XXX   0 X    0.09 ASP 772 C
TYR 775 C                                            0.00 XXX   0 X    0.00 XXX   0 X    0.02 TYR 774 C

TYR 776 C  10.82    32 %    1.27  371   0.00    0   -0.60 SER 786 C    0.00 XXX   0 X    0.10 GLU 763 C
TYR 776 C                                            0.00 XXX   0 X    0.00 XXX   0 X    0.36 ASP 785 C
TYR 776 C                                            0.00 XXX   0 X    0.00 XXX   0 X   -0.05 ARG 814 C
TYR 776 C                                            0.00 XXX   0 X    0.00 XXX   0 X   -0.26 LYS 767 C

TYR 865 C  10.85    15 %    0.95  322   0.00    0    0.00 XXX   0 X    0.00 XXX   0 X   -0.20 ARG 869 C
TYR 865 C                                            0.00 XXX   0 X    0.00 XXX   0 X    0.10 ASP 905 C

LYS 682 C  10.47     0 %   -0.03   54   0.00    0    0.00 XXX   0 X    0.00 XXX   0 X    0.00 XXX   0 X

LYS 707 C  11.64     1 %   -0.49  284   0.00    0    0.85 ASP 772 C    0.00 XXX   0 X    0.24 CYS 699 C
LYS 707 C                                            0.00 XXX   0 X    0.00 XXX   0 X    0.14 TYR 694 C
LYS 707 C                                            0.00 XXX   0 X    0.00 XXX   0 X    0.40 ASP 772 C

LYS 711 C  10.17     5 %   -0.41  294   0.00    0    0.00 XXX   0 X    0.00 XXX   0 X    0.01 CYS 699 C
LYS 711 C                                            0.00 XXX   0 X    0.00 XXX   0 X    0.24 ASP 772 C
LYS 711 C                                            0.00 XXX   0 X    0.00 XXX   0 X   -0.17 LYS 707 C

LYS 767 C  11.72    63 %   -2.13  458   0.00    0    0.85 GLU 763 C    0.00 XXX   0 X    0.14 ASP 716 C
LYS 767 C                                            0.85 ASP 785 C    0.00 XXX   0 X    0.15 ASP 720 C
LYS 767 C                                            0.00 XXX   0 X    0.00 XXX   0 X   -0.52 ARG 814 C
LYS 767 C                                            0.00 XXX   0 X    0.00 XXX   0 X    0.26 TYR 776 C
LYS 767 C                                            0.00 XXX   0 X    0.00 XXX   0 X    0.84 GLU 763 C
LYS 767 C                                            0.00 XXX   0 X    0.00 XXX   0 X    0.78 ASP 785 C

LYS 817 C  10.22    48 %   -1.35  417   0.00    0    0.77 ASP 720 C    0.00 XXX   0 X    0.06 ASP 716 C
LYS 817 C                                            0.00 XXX   0 X    0.00 XXX   0 X    0.21 GLU 763 C
LYS 817 C                                            0.00 XXX   0 X    0.00 XXX   0 X    0.24 ASP 785 C
LYS 817 C                                            0.00 XXX   0 X    0.00 XXX   0 X   -0.29 ARG 814 C
LYS 817 C                                            0.00 XXX   0 X    0.00 XXX   0 X   -0.29 LYS 767 C
LYS 817 C                                            0.00 XXX   0 X    0.00 XXX   0 X   -0.18 LYS 820 C
LYS 817 C                                            0.00 XXX   0 X    0.00 XXX   0 X    0.53 ASP 720 C

LYS 820 C  11.62     0 %   -0.36  279   0.00    0    0.85 ASP 720 C    0.00 XXX   0 X    0.26 ASP 716 C
LYS 820 C                                            0.00 XXX   0 X    0.00 XXX   0 X   -0.04 LYS 767 C
LYS 820 C                                            0.00 XXX   0 X    0.00 XXX   0 X    0.42 ASP 720 C

LYS 830 C  10.27     5 %   -0.31  294   0.00    0    0.00 XXX   0 X    0.00 XXX   0 X    0.06 C-  943 C
LYS 830 C                                            0.00 XXX   0 X    0.00 XXX   0 X    0.02 ASP1471 D

LYS 863 C  11.33    10 %   -0.51  309   0.00    0    0.85 ASP 152 B    0.00 XXX   0 X   -0.04 ARG 219 B
LYS 863 C                                            0.00 XXX   0 X    0.00 XXX   0 X   -0.02 ARG 222 B
LYS 863 C                                            0.00 XXX   0 X    0.00 XXX   0 X    0.15 GLU 867 C
LYS 863 C                                            0.00 XXX   0 X    0.00 XXX   0 X    0.41 ASP 152 B

ARG 689 C  12.43     0 %   -0.07  106   0.00    0    0.00 XXX   0 X    0.00 XXX   0 X    0.00 XXX   0 X

ARG 693 C  12.40     0 %   -0.10  132   0.00    0    0.00 XXX   0 X    0.00 XXX   0 X    0.00 XXX   0 X

ARG 800 C  12.46     0 %   -0.04   75   0.00    0    0.00 XXX   0 X    0.00 XXX   0 X    0.00 XXX   0 X

ARG 808 C  12.15     5 %   -0.38  295   0.00    0    0.00 XXX   0 X    0.00 XXX   0 X    0.00 GLU 737 C
ARG 808 C                                            0.00 XXX   0 X    0.00 XXX   0 X    0.18 GLU 795 C
ARG 808 C                                            0.00 XXX   0 X    0.00 XXX   0 X   -0.14 ARG 811 C

ARG 811 C  13.32    65 %   -1.20  464   0.00    0    1.35 GLU 795 C    0.00 XXX   0 X    0.00 CYS 726 C
ARG 811 C                                            0.00 XXX   0 X    0.00 XXX   0 X    0.67 GLU 795 C

ARG 814 C  14.24    71 %   -2.16  480   0.00    0    1.50 GLU 763 C    0.00 XXX   0 X    0.03 ASP 720 C
ARG 814 C                                            0.60 ASP 785 C    0.00 XXX   0 X    0.18 CYS 726 C
ARG 814 C                                            0.00 XXX   0 X    0.00 XXX   0 X    0.05 TYR 776 C
ARG 814 C                                            0.00 XXX   0 X    0.00 XXX   0 X    0.90 GLU 763 C
ARG 814 C                                            0.00 XXX   0 X    0.00 XXX   0 X    0.64 ASP 785 C

ARG 869 C  12.22     0 %   -0.51  220   0.00    0    0.00 XXX   0 X    0.00 XXX   0 X    0.20 TYR 865 C
ARG 869 C                                            0.00 XXX   0 X    0.00 XXX   0 X    0.03 ASP 870 C

ARG 878 C  12.44    26 %   -0.76  353   0.00    0    0.00 XXX   0 X    0.00 XXX   0 X    0.13 ASP 883 C
ARG 878 C                                            0.00 XXX   0 X    0.00 XXX   0 X    0.01 TYR1426 D
ARG 878 C                                            0.00 XXX   0 X    0.00 XXX   0 X    0.21 ASP1430 D
ARG 878 C                                            0.00 XXX   0 X    0.00 XXX   0 X    0.06 GLU1441 D
ARG 878 C                                            0.00 XXX   0 X    0.00 XXX   0 X    0.28 TYR1447 D

ARG 893 C  14.33    57 %   -1.77  442   0.00    0    0.70 GLU 898 C    0.00 XXX   0 X    0.31 ASP 372 B
ARG 893 C                                            0.87 GLU 901 C    0.00 XXX   0 X    0.13 CYS 373 B
ARG 893 C                                            0.00 XXX   0 X    0.00 XXX   0 X    0.06 CYS 896 C
ARG 893 C                                            0.00 XXX   0 X    0.00 XXX   0 X    0.04 ASP 905 C
ARG 893 C                                            0.00 XXX   0 X    0.00 XXX   0 X    0.12 ASP1423 D
ARG 893 C                                            0.00 XXX   0 X    0.00 XXX   0 X    0.74 GLU 898 C
ARG 893 C                                            0.00 XXX   0 X    0.00 XXX   0 X    0.63 GLU 901 C

N+  681 C   7.87     0 %   -0.13   79   0.00    0    0.00 XXX   0 X    0.00 XXX   0 X    0.00 XXX   0 X

ASP1163 D   3.91     0 %    0.11  115   0.00    0    0.00 XXX   0 X    0.00 XXX   0 X    0.00 XXX   0 X

ASP1166 D   1.94    15 %    0.86  323   0.00    0   -0.23 CYS1167 D   -0.35 ASP1166 D   -0.03 LYS1196 D
ASP1166 D                                           -1.56 ARG1195 D   -0.11 CYS1167 D   -0.44 ARG1195 D

ASP1182 D   3.88     0 %    0.15  166   0.00    0    0.00 XXX   0 X    0.00 XXX   0 X   -0.06 LYS1189 D

ASP1226 D   3.03    30 %    1.22  365   0.04    0    0.00 XXX   0 X   -0.63 ILE1227 D   -0.09 ARG1232 D
ASP1226 D                                            0.00 XXX   0 X   -0.48 TYR1228 D   -0.02 ARG1303 D
ASP1226 D                                            0.00 XXX   0 X   -0.76 LEU1229 D    0.00 XXX   0 X
ASP1226 D                                            0.00 XXX   0 X   -0.06 GLU1230 D    0.00 XXX   0 X

ASP1243 D   4.31    52 %    0.91  427   0.14    0    0.00 XXX   0 X    0.00 XXX   0 X   -0.06 LYS1236 D
ASP1243 D                                            0.00 XXX   0 X    0.00 XXX   0 X   -0.20 LYS1244 D
ASP1243 D                                            0.00 XXX   0 X    0.00 XXX   0 X   -0.29 ARG1306 D
ASP1243 D                                            0.00 XXX   0 X    0.00 XXX   0 X   -0.06 ARG1309 D
ASP1243 D                                            0.00 XXX   0 X    0.00 XXX   0 X    0.07 GLU1240 D

ASP1275 D   5.10    78 %    2.33  501   0.44    0   -0.14 ARG1316 D    0.00 XXX   0 X   -0.10 LYS1257 D
ASP1275 D                                            0.00 XXX   0 X    0.00 XXX   0 X   -0.02 LYS1265 D
ASP1275 D                                            0.00 XXX   0 X    0.00 XXX   0 X   -0.02 ARG1321 D
ASP1275 D                                            0.00 XXX   0 X    0.00 XXX   0 X    0.83 GLU1253 D
ASP1275 D                                            0.00 XXX   0 X    0.00 XXX   0 X   -0.94 ARG1312 D
ASP1275 D                                            0.00 XXX   0 X    0.00 XXX   0 X   -1.07 ARG1316 D

ASP1280 D   2.05    35 %    1.41  379   0.00    0   -1.59 ARG1309 D   -0.14 ASP1280 D   -0.02 ARG1312 D
ASP1280 D                                            0.00 XXX   0 X   -0.77 VAL1281 D   -0.63 ARG1309 D

ASP1370 D   3.91     0 %    0.11  145   0.00    0    0.00 XXX   0 X    0.00 XXX   0 X    0.00 XXX   0 X

ASP1403 D   3.41    32 %    1.07  372   0.00    0   -0.85 LYS1397 D    0.00 XXX   0 X   -0.09 LYS1381 D
ASP1403 D                                            0.00 XXX   0 X    0.00 XXX   0 X   -0.52 LYS1397 D

ASP1423 D   4.63    42 %    0.64  400   0.10    0    0.00 XXX   0 X    0.00 XXX   0 X   -0.12 ARG 893 C
ASP1423 D                                            0.00 XXX   0 X    0.00 XXX   0 X    0.21 GLU 901 C

ASP1430 D   5.56    48 %    1.26  415   0.78    0    0.00 XXX   0 X    0.00 XXX   0 X   -0.21 ARG 878 C
ASP1430 D                                            0.00 XXX   0 X    0.00 XXX   0 X   -0.11 ARG1362 D
ASP1430 D                                            0.00 XXX   0 X    0.00 XXX   0 X    0.04 GLU1441 D

ASP1471 D   4.43    22 %    0.56  342   0.09    0    0.00 XXX   0 X    0.00 XXX   0 X   -0.02 LYS 830 C

ASP1484 D   2.97     1 %    0.38  284   0.01    0   -0.85 LYS1492 D    0.00 XXX   0 X   -0.38 LYS1492 D

ASP1523 D   1.93    10 %    0.65  309   0.03    0   -0.85 LYS1527 D    0.00 XXX   0 X   -0.39 LYS1527 D
ASP1523 D                                           -0.85 LYS1800 D    0.00 XXX   0 X   -0.46 LYS1800 D

ASP1531 D   2.79    33 %    1.16  375   0.38    0   -1.58 ARG1638 D    0.00 XXX   0 X   -0.32 LYS1578 D
ASP1531 D                                            0.00 XXX   0 X    0.00 XXX   0 X   -0.06 ARG1635 D
ASP1531 D                                            0.00 XXX   0 X    0.00 XXX   0 X   -0.01 LYS1800 D
ASP1531 D                                            0.00 XXX   0 X    0.00 XXX   0 X   -0.59 ARG1638 D

ASP1550 D   4.81    55 %    1.88  436   0.00    0   -0.85 LYS 343 B    0.00 XXX   0 X   -0.15 ARG 277 B
ASP1550 D                                            0.15 ASP1551 D    0.00 XXX   0 X   -0.26 ARG1623 D
ASP1550 D                                            0.00 XXX   0 X    0.00 XXX   0 X   -0.02 ARG1626 D
ASP1550 D                                            0.00 XXX   0 X    0.00 XXX   0 X   -0.14 HIS 278 B
ASP1550 D                                            0.00 XXX   0 X    0.00 XXX   0 X    0.49 ASP 356 B
ASP1550 D                                            0.00 XXX   0 X    0.00 XXX   0 X   -0.65 LYS 343 B
ASP1550 D                                            0.00 XXX   0 X    0.00 XXX   0 X    0.57 ASP1551 D

ASP1551 D   2.79    24 %    0.73  349   0.00    0   -0.85 LYS 343 B    0.00 XXX   0 X   -0.03 ARG 277 B
ASP1551 D                                           -0.15 ASP1550 D    0.00 XXX   0 X   -0.08 ARG1623 D
ASP1551 D                                            0.00 XXX   0 X    0.00 XXX   0 X   -0.08 HIS 278 B
ASP1551 D                                            0.00 XXX   0 X    0.00 XXX   0 X   -0.54 LYS 343 B

ASP1595 D   4.17    66 %    2.08  466   0.31    0   -0.87 ARG1635 D    0.00 XXX   0 X   -0.45 LYS1578 D
ASP1595 D                                            0.00 XXX   0 X    0.00 XXX   0 X   -0.21 ARG1638 D
ASP1595 D                                            0.00 XXX   0 X    0.00 XXX   0 X    0.01 ASP1531 D
ASP1595 D                                            0.00 XXX   0 X    0.00 XXX   0 X    0.43 GLU1574 D
ASP1595 D                                            0.00 XXX   0 X    0.00 XXX   0 X   -0.94 ARG1635 D

ASP1610 D   3.89     0 %    0.21  235   0.00    0    0.00 XXX   0 X    0.00 XXX   0 X   -0.08 LYS1562 D
ASP1610 D                                            0.00 XXX   0 X    0.00 XXX   0 X   -0.04 LYS1614 D

ASP1689 D   4.28    35 %    0.85  379   0.12    0    0.00 XXX   0 X   -0.65 ASP1690 D   -0.21 ARG 383 B
ASP1689 D                                            0.00 XXX   0 X    0.00 XXX   0 X    0.37 ASP1690 D

ASP1690 D   2.55    35 %    1.10  380   0.00    0   -1.66 ARG 383 B   -0.04 ASP1690 D   -0.06 LYS 387 B
ASP1690 D                                            0.00 XXX   0 X    0.00 XXX   0 X   -0.59 ARG 383 B

ASP1714 D   2.77    54 %    1.18  432   0.00    0   -0.85 LYS1399 D   -0.44 ASP1714 D   -0.04 LYS1419 D
ASP1714 D                                            0.00 XXX   0 X   -0.28 GLY1715 D   -0.60 LYS1399 D

ASP1729 D   3.84     0 %    0.16  170   0.00    0    0.00 XXX   0 X   -0.06 ASP1729 D   -0.06 LYS1683 D

ASP1741 D   4.10     6 %    0.27  298   0.00    0    0.00 XXX   0 X    0.00 XXX   0 X   -0.01 ARG1303 D
ASP1741 D                                            0.00 XXX   0 X    0.00 XXX   0 X   -0.01 ARG1739 D
ASP1741 D                                            0.00 XXX   0 X    0.00 XXX   0 X    0.05 ASP1729 D

ASP1789 D   3.37     0 %    0.39  260   0.00    0   -0.69 SER1787 D   -0.02 ASP1789 D   -0.09 LYS1500 D
ASP1789 D                                            0.00 XXX   0 X    0.00 XXX   0 X   -0.02 LYS1505 D

ASP1790 D   4.17    12 %    0.43  315   0.00    0    0.00 XXX   0 X   -0.19 ASP1790 D    0.14 ASP1789 D

ASP1792 D   3.56    30 %    0.87  365   0.14    0   -0.85 LYS1505 D    0.00 XXX   0 X   -0.01 LYS1508 D
ASP1792 D                                            0.00 XXX   0 X    0.00 XXX   0 X    0.09 ASP1789 D
ASP1792 D                                            0.00 XXX   0 X    0.00 XXX   0 X   -0.49 LYS1505 D

ASP1802 D   3.09    60 %    2.37  449   0.63    0   -0.70 ASN1515 D    0.00 XXX   0 X   -0.00 LYS1508 D
ASP1802 D                                           -0.82 ARG1512 D    0.00 XXX   0 X   -0.02 LYS1516 D
ASP1802 D                                           -0.84 LYS1878 D    0.00 XXX   0 X   -0.57 ARG1512 D
ASP1802 D                                            0.00 XXX   0 X    0.00 XXX   0 X   -0.75 LYS1878 D

ASP1816 D   4.06     0 %    0.25  211   0.00    0    0.00 XXX   0 X    0.00 XXX   0 X   -0.15 LYS1829 D
ASP1816 D                                            0.00 XXX   0 X    0.00 XXX   0 X    0.15 ASP1819 D

ASP1819 D   3.21     0 %    0.52  242   0.00    0   -0.73 LYS1829 D    0.00 XXX   0 X   -0.38 LYS1829 D

ASP1839 D   2.86    13 %    0.71  318   0.10    0   -1.33 ARG1860 D    0.00 XXX   0 X   -0.03 LYS1859 D
ASP1839 D                                            0.00 XXX   0 X    0.00 XXX   0 X   -0.39 ARG1860 D

ASP1846 D   3.91     0 %    0.13  126   0.00    0    0.00 XXX   0 X    0.00 XXX   0 X   -0.02 HIS1849 D

ASP1852 D   3.20    19 %    0.85  335   0.13    0   -0.77 HIS1849 D   -0.35 HIS1849 D   -0.09 LYS1872 D
ASP1852 D                                            0.00 XXX   0 X    0.00 XXX   0 X   -0.35 HIS1849 D

ASP1869 D   3.95     0 %    0.17  155   0.00    0    0.00 XXX   0 X    0.00 XXX   0 X   -0.02 LYS1859 D
ASP1869 D                                            0.00 XXX   0 X    0.00 XXX   0 X   -0.00 LYS1872 D

GLU1165 D   4.49     0 %    0.26  207   0.00    0    0.00 XXX   0 X    0.00 XXX   0 X   -0.28 LYS1162 D
GLU1165 D                                            0.00 XXX   0 X    0.00 XXX   0 X   -0.01 LYS1196 D
GLU1165 D                                            0.00 XXX   0 X    0.00 XXX   0 X    0.02 ASP1166 D

GLU1170 D   4.81     0 %    0.15  143   0.00    0    0.00 XXX   0 X    0.00 XXX   0 X    0.17 GLU1165 D

GLU1203 D   4.01    10 %    0.51  310   0.02    0   -0.78 TYR1261 D    0.00 XXX   0 X   -0.24 LYS1257 D

GLU1208 D   4.75    25 %    0.38  351   0.00    0    0.00 XXX   0 X    0.00 XXX   0 X   -0.18 LYS1257 D
GLU1208 D                                            0.00 XXX   0 X    0.00 XXX   0 X   -0.02 LYS1265 D
GLU1208 D                                            0.00 XXX   0 X    0.00 XXX   0 X   -0.16 ARG1316 D
GLU1208 D                                            0.00 XXX   0 X    0.00 XXX   0 X    0.03 GLU1203 D
GLU1208 D                                            0.00 XXX   0 X    0.00 XXX   0 X    0.10 GLU1253 D
GLU1208 D                                            0.00 XXX   0 X    0.00 XXX   0 X    0.11 GLU1318 D

GLU1225 D   5.40    55 %    1.15  434   0.28    0    0.00 XXX   0 X    0.00 XXX   0 X   -0.36 LYS1236 D
GLU1225 D                                            0.00 XXX   0 X    0.00 XXX   0 X    0.04 ASP1226 D
GLU1225 D                                            0.00 XXX   0 X    0.00 XXX   0 X    0.09 GLU1240 D
GLU1225 D                                            0.00 XXX   0 X    0.00 XXX   0 X    0.20 ASP1243 D
GLU1225 D                                            0.00 XXX   0 X    0.00 XXX   0 X   -0.51 ARG1306 D

GLU1230 D   4.64     0 %    0.18  191   0.00    0    0.00 XXX   0 X    0.00 XXX   0 X   -0.14 LYS1233 D
GLU1230 D                                            0.00 XXX   0 X    0.00 XXX   0 X    0.07 ASP1226 D
GLU1230 D                                            0.00 XXX   0 X    0.00 XXX   0 X    0.03 GLU1231 D

GLU1231 D   4.50     0 %    0.10  124   0.00    0    0.00 XXX   0 X    0.00 XXX   0 X   -0.11 ARG1232 D
GLU1231 D                                            0.00 XXX   0 X    0.00 XXX   0 X    0.01 ASP1226 D

GLU1240 D   3.39     0 %    0.23  278   0.00    0   -0.71 LYS1236 D    0.00 XXX   0 X   -0.19 LYS1244 D
GLU1240 D                                            0.00 XXX   0 X    0.00 XXX   0 X   -0.04 ARG1306 D
GLU1240 D                                            0.00 XXX   0 X    0.00 XXX   0 X   -0.41 LYS1236 D

GLU1253 D   3.33    85 %    2.48  519   0.15    0   -1.62 ARG1316 D    0.00 XXX   0 X   -0.49 LYS1257 D
GLU1253 D                                            0.00 XXX   0 X    0.00 XXX   0 X   -0.52 ARG1312 D
GLU1253 D                                            0.00 XXX   0 X    0.00 XXX   0 X   -1.16 ARG1316 D

GLU1295 D   3.39     0 %    0.12  121   0.00    0   -0.85 LYS1300 D    0.00 XXX   0 X   -0.38 LYS1300 D

GLU1318 D   4.59    18 %    0.39  332   0.04    0    0.00 XXX   0 X    0.00 XXX   0 X   -0.05 LYS1265 D
GLU1318 D                                            0.00 XXX   0 X    0.00 XXX   0 X   -0.32 ARG1321 D
GLU1318 D                                            0.00 XXX   0 X    0.00 XXX   0 X    0.03 GLU1489 D

GLU1368 D   4.66     0 %    0.13  219   0.00    0    0.00 XXX   0 X    0.00 XXX   0 X    0.03 ASP1370 D

GLU1385 D   4.61     0 %    0.14  203   0.00    0    0.00 XXX   0 X    0.00 XXX   0 X   -0.06 LYS1381 D
GLU1385 D                                            0.00 XXX   0 X    0.00 XXX   0 X    0.03 GLU1435 D

GLU1392 D   3.82     0 %    0.15  142   0.00    0   -0.82 TYR1394 D    0.00 XXX   0 X    0.00 XXX   0 X

GLU1435 D   3.67     3 %    0.48  291   0.00    0   -0.85 LYS1381 D    0.00 XXX   0 X   -0.05 LYS1397 D
GLU1435 D                                            0.00 XXX   0 X    0.00 XXX   0 X   -0.41 LYS1381 D

GLU1436 D   3.90     5 %    0.46  295   0.01    0   -0.85 TYR1375 D    0.00 XXX   0 X   -0.02 LYS1359 D
GLU1436 D                                            0.00 XXX   0 X    0.00 XXX   0 X   -0.20 ARG1432 D

GLU1441 D   4.68     0 %    0.24  221   0.00    0    0.00 XXX   0 X    0.00 XXX   0 X   -0.06 ARG 878 C

GLU1489 D   3.85     0 %    0.41  235   0.00    0   -0.85 LYS1492 D    0.00 XXX   0 X   -0.09 LYS1493 D
GLU1489 D                                            0.00 XXX   0 X    0.00 XXX   0 X    0.26 ASP1484 D
GLU1489 D                                            0.00 XXX   0 X    0.00 XXX   0 X   -0.38 LYS1492 D

GLU1490 D   4.45     0 %    0.18  193   0.00    0    0.00 XXX   0 X    0.00 XXX   0 X   -0.25 LYS1493 D
GLU1490 D                                            0.00 XXX   0 X    0.00 XXX   0 X    0.01 GLU1489 D

GLU1548 D   3.43    81 %    2.43  508   0.53    0   -0.68 ARG1626 D    0.00 XXX   0 X   -0.00 ARG1623 D
GLU1548 D                                           -0.82 ARG1629 D    0.00 XXX   0 X   -1.20 ARG1626 D
GLU1548 D                                            0.00 XXX   0 X    0.00 XXX   0 X   -1.33 ARG1629 D

GLU1555 D   4.59     0 %    0.09   77   0.00    0    0.00 XXX   0 X    0.00 XXX   0 X    0.00 XXX   0 X

GLU1574 D   2.96    80 %    2.60  504   0.36    0   -0.85 LYS1578 D    0.00 XXX   0 X   -0.17 ARG1638 D
GLU1574 D                                           -1.52 ARG1635 D    0.00 XXX   0 X    0.11 ASP1531 D
GLU1574 D                                            0.00 XXX   0 X    0.00 XXX   0 X   -0.98 LYS1578 D
GLU1574 D                                            0.00 XXX   0 X    0.00 XXX   0 X   -1.09 ARG1635 D

GLU1685 D   4.85    13 %    0.43  319   0.03    0    0.00 XXX   0 X    0.00 XXX   0 X   -0.11 LYS1683 D

GLU1773 D   5.36    53 %    1.54  431   0.19    0   -0.71 TYR1495 D    0.00 XXX   0 X   -0.04 LYS1477 D
GLU1773 D                                            0.00 XXX   0 X    0.00 XXX   0 X   -0.12 LYS1499 D

GLU1780 D   4.55     0 %    0.05   70   0.00    0    0.00 XXX   0 X    0.00 XXX   0 X    0.00 XXX   0 X

GLU1781 D   4.56     0 %    0.06   82   0.00    0    0.00 XXX   0 X    0.00 XXX   0 X    0.00 XXX   0 X

GLU1784 D   4.64     0 %    0.12  164   0.00    0    0.00 XXX   0 X    0.00 XXX   0 X   -0.03 LYS1500 D
GLU1784 D                                            0.00 XXX   0 X    0.00 XXX   0 X    0.04 ASP1789 D

GLU1788 D   3.91    10 %    0.78  310   0.06    0   -0.85 LYS1504 D   -0.47 LYS1504 D   -0.01 LYS1505 D
GLU1788 D                                            0.00 XXX   0 X    0.00 XXX   0 X    0.02 ASP1789 D
GLU1788 D                                            0.00 XXX   0 X    0.00 XXX   0 X    0.02 ASP1792 D
GLU1788 D                                            0.00 XXX   0 X    0.00 XXX   0 X    0.30 GLU1867 D
GLU1788 D                                            0.00 XXX   0 X    0.00 XXX   0 X   -0.43 LYS1504 D

GLU1796 D   5.23    40 %    0.57  394   0.19    0    0.00 XXX   0 X    0.00 XXX   0 X   -0.05 LYS1505 D
GLU1796 D                                            0.00 XXX   0 X    0.00 XXX   0 X   -0.14 LYS1800 D
GLU1796 D                                            0.00 XXX   0 X    0.00 XXX   0 X    0.17 ASP1792 D

GLU1799 D   5.00    78 %    2.49  501   0.21    0   -0.85 LYS1508 D    0.00 XXX   0 X   -0.03 LYS1505 D
GLU1799 D                                           -0.07 TYR1795 D    0.00 XXX   0 X   -0.00 LYS1800 D
GLU1799 D                                            0.00 XXX   0 X    0.00 XXX   0 X   -0.43 LYS1878 D
GLU1799 D                                            0.00 XXX   0 X    0.00 XXX   0 X    0.14 ASP1802 D
GLU1799 D                                            0.00 XXX   0 X    0.00 XXX   0 X   -0.97 LYS1508 D

GLU1804 D   4.67     2 %    0.20  286   0.01    0    0.00 XXX   0 X    0.00 XXX   0 X   -0.11 LYS1516 D
GLU1804 D                                            0.00 XXX   0 X    0.00 XXX   0 X   -0.01 LYS1527 D
GLU1804 D                                            0.00 XXX   0 X    0.00 XXX   0 X    0.09 ASP1523 D

GLU1810 D   4.63     0 %    0.13  172   0.00    0    0.00 XXX   0 X    0.00 XXX   0 X    0.00 XXX   0 X

GLU1823 D   4.82     0 %    0.16  172   0.00    0    0.00 XXX   0 X    0.00 XXX   0 X   -0.07 LYS1829 D
GLU1823 D                                            0.00 XXX   0 X    0.00 XXX   0 X    0.23 ASP1819 D

GLU1864 D   4.80     0 %    0.12  152   0.00    0    0.00 XXX   0 X    0.00 XXX   0 X   -0.06 LYS1504 D
GLU1864 D                                            0.00 XXX   0 X    0.00 XXX   0 X    0.05 GLU1788 D
GLU1864 D                                            0.00 XXX   0 X    0.00 XXX   0 X    0.19 GLU1867 D

GLU1867 D   3.58     0 %    0.33  268   0.00    0   -0.85 LYS1504 D    0.00 XXX   0 X   -0.40 LYS1504 D

GLU1876 D   3.60     0 %    0.32  267   0.00    0   -0.85 LYS1872 D    0.00 XXX   0 X    0.01 ASP1852 D
GLU1876 D                                            0.00 XXX   0 X    0.00 XXX   0 X   -0.39 LYS1872 D

GLU1877 D   4.32     0 %    0.25  219   0.00    0   -0.43 GLN1874 D    0.00 XXX   0 X    0.00 XXX   0 X

C- 1882 D   3.30     0 %    0.10  106   0.00    0    0.00 XXX   0 X    0.00 XXX   0 X    0.00 XXX   0 X

HIS1200 D   5.71     0 %   -0.41  270   0.00    0    0.00 XXX   0 X    0.00 XXX   0 X   -0.38 LYS1196 D

HIS1204 D   6.30     0 %   -0.20  183   0.00    0    0.00 XXX   0 X    0.00 XXX   0 X    0.00 XXX   0 X

HIS1584 D   5.93     0 %   -0.26  197   0.00    0    0.00 XXX   0 X    0.00 XXX   0 X   -0.31 ARG1583 D

HIS1849 D   7.23     0 %   -0.35  254   0.00    0    0.77 ASP1852 D    0.00 XXX   0 X   -0.06 ARG1847 D
HIS1849 D                                            0.00 XXX   0 X    0.00 XXX   0 X   -0.00 LYS1872 D
HIS1849 D                                            0.00 XXX   0 X    0.00 XXX   0 X    0.02 ASP1846 D
HIS1849 D                                            0.00 XXX   0 X    0.00 XXX   0 X    0.35 ASP1852 D

CYS1167 D  10.33    19 %    1.26  334   0.00    0   -0.04 ARG1195 D    0.00 XXX   0 X   -0.45 ARG1195 D
CYS1167 D                                            0.23 ASP1166 D    0.00 XXX   0 X   -0.18 LYS1196 D
CYS1167 D                                            0.00 XXX   0 X    0.00 XXX   0 X    0.03 GLU1165 D
CYS1167 D                                            0.00 XXX   0 X    0.00 XXX   0 X    0.03 CYS1179 D
CYS1167 D                                            0.00 XXX   0 X    0.00 XXX   0 X    0.01 CYS1198 D
CYS1167 D                                            0.00 XXX   0 X    0.00 XXX   0 X    0.44 ASP1166 D

CYS1172 D   9.10     0 %    0.14   64   0.00    0   -0.04 ARG1174 D    0.00 XXX   0 X    0.00 XXX   0 X

CYS1176 D   9.09     0 %    0.16  158   0.00    0    0.00 XXX   0 X    0.00 XXX   0 X   -0.07 ARG1193 D

CYS1178 D   9.61     0 %    0.29  233   0.00    0    0.00 XXX   0 X    0.00 XXX   0 X   -0.01 ARG1175 D
CYS1178 D                                            0.00 XXX   0 X    0.00 XXX   0 X   -0.05 LYS1189 D
CYS1178 D                                            0.00 XXX   0 X    0.00 XXX   0 X    0.01 ASP1166 D
CYS1178 D                                            0.00 XXX   0 X    0.00 XXX   0 X    0.03 CYS1176 D
CYS1178 D                                            0.00 XXX   0 X    0.00 XXX   0 X    0.09 CYS1179 D
CYS1178 D                                            0.00 XXX   0 X    0.00 XXX   0 X    0.25 ASP1182 D

CYS1179 D   9.06     0 %    0.71  245   0.00    0   -0.42 THR1184 D   -0.13 CYS1179 D   -0.17 LYS1189 D
CYS1179 D                                            0.00 XXX   0 X    0.00 XXX   0 X   -0.05 ARG1193 D
CYS1179 D                                            0.00 XXX   0 X    0.00 XXX   0 X   -0.01 ARG1195 D
CYS1179 D                                            0.00 XXX   0 X    0.00 XXX   0 X    0.09 ASP1166 D
CYS1179 D                                            0.00 XXX   0 X    0.00 XXX   0 X    0.04 ASP1182 D

CYS1198 D   9.61     9 %    0.71  306   0.00    0    0.00 XXX   0 X   -0.09 CYS1198 D   -0.01 ARG1195 D

CYS1272 D   9.53    24 %    0.97  348   0.00    0    0.00 XXX   0 X    0.00 XXX   0 X   -0.03 LYS1257 D
CYS1272 D                                            0.00 XXX   0 X    0.00 XXX   0 X   -0.41 LYS1265 D
CYS1272 D                                            0.00 XXX   0 X    0.00 XXX   0 X   -0.09 ARG1316 D
CYS1272 D                                            0.00 XXX   0 X    0.00 XXX   0 X   -0.21 ARG1321 D
CYS1272 D                                            0.00 XXX   0 X    0.00 XXX   0 X    0.03 GLU1253 D
CYS1272 D                                            0.00 XXX   0 X    0.00 XXX   0 X    0.23 ASP1275 D
CYS1272 D                                            0.00 XXX   0 X    0.00 XXX   0 X    0.04 GLU1318 D

CYS1341 D  11.75    86 %    2.93  523   0.00    0    0.00 XXX   0 X   -0.18 CYS1341 D    0.00 XXX   0 X

CYS1363 D  11.40*   25 %    1.50  351   0.00    0    0.42 CYS1384 D    0.00 XXX   0 X    0.48 CYS1384 D

CYS1384 D   9.80*   23 %    1.27  347   0.00    0   -0.42 CYS1363 D   -0.11 TRP1395 D   -0.02 LYS1381 D
CYS1384 D                                            0.00 XXX   0 X    0.00 XXX   0 X    0.07 GLU1385 D

CYS1539 D   9.81    26 %    0.81  355   0.00    0    0.00 XXX   0 X    0.00 XXX   0 X    0.00 XXX   0 X

CYS1575 D   9.68*   38 %    1.42  388   0.00    0   -0.85 TYR1586 D    0.00 XXX   0 X   -0.11 LYS1578 D
CYS1575 D                                            0.00 XXX   0 X    0.00 XXX   0 X   -0.13 ARG1635 D
CYS1575 D                                            0.00 XXX   0 X    0.00 XXX   0 X    0.23 GLU1574 D
CYS1575 D                                            0.00 XXX   0 X    0.00 XXX   0 X    0.12 ASP1595 D

CYS1703 D  12.34   100 %    3.34  562   0.00    0    0.00 XXX   0 X    0.00 XXX   0 X    0.00 XXX   0 X

CYS1728 D   9.05     0 %    0.20  154   0.00    0    0.00 XXX   0 X   -0.11 ASP1729 D   -0.21 LYS1683 D
CYS1728 D                                            0.00 XXX   0 X    0.00 XXX   0 X    0.18 ASP1729 D

CYS1742 D  11.53    65 %    2.49  463   0.00    0    0.00 XXX   0 X    0.00 XXX   0 X    0.04 ASP1741 D

CYS1850 D  11.37    63 %    2.28  458   0.00    0    0.00 XXX   0 X    0.00 XXX   0 X    0.07 ASP1802 D
CYS1850 D                                            0.00 XXX   0 X    0.00 XXX   0 X    0.02 ASP1852 D

TYR1199 D  10.84     6 %    0.39  299   0.00    0    0.00 XXX   0 X    0.00 XXX   0 X    0.17 GLU1165 D
TYR1199 D                                            0.00 XXX   0 X    0.00 XXX   0 X    0.07 ASP1166 D
TYR1199 D                                            0.00 XXX   0 X    0.00 XXX   0 X    0.15 CYS1167 D
TYR1199 D                                            0.00 XXX   0 X    0.00 XXX   0 X   -0.11 ARG1195 D
TYR1199 D                                            0.00 XXX   0 X    0.00 XXX   0 X    0.17 GLU1203 D

TYR1228 D  11.66    43 %    1.56  403   0.00    0    0.00 XXX   0 X    0.00 XXX   0 X    0.12 ASP1226 D
TYR1228 D                                            0.00 XXX   0 X    0.00 XXX   0 X    0.05 GLU1230 D
TYR1228 D                                            0.00 XXX   0 X    0.00 XXX   0 X   -0.09 ARG1303 D
TYR1228 D                                            0.00 XXX   0 X    0.00 XXX   0 X    0.01 TYR1681 D

TYR1241 D  10.27     0 %    0.19  122   0.00    0    0.00 XXX   0 X    0.00 XXX   0 X    0.08 TYR1248 D

TYR1248 D  10.14     0 %    0.28  183   0.00    0    0.00 XXX   0 X    0.00 XXX   0 X    0.00 ASP1243 D
TYR1248 D                                            0.00 XXX   0 X    0.00 XXX   0 X   -0.15 LYS1244 D

TYR1261 D  12.88    33 %    1.37  374   0.00    0    0.78 GLU1203 D    0.00 XXX   0 X    0.02 GLU1208 D
TYR1261 D                                            0.00 XXX   0 X    0.00 XXX   0 X    0.09 GLU1253 D
TYR1261 D                                            0.00 XXX   0 X    0.00 XXX   0 X    0.09 TYR1199 D
TYR1261 D                                            0.00 XXX   0 X    0.00 XXX   0 X    0.05 TYR1266 D
TYR1261 D                                            0.00 XXX   0 X    0.00 XXX   0 X    0.47 GLU1203 D

TYR1266 D  12.56    64 %    1.68  460   0.00    0    0.00 XXX   0 X    0.00 XXX   0 X    0.13 CYS1272 D
TYR1266 D                                            0.00 XXX   0 X    0.00 XXX   0 X   -0.31 ARG1312 D
TYR1266 D                                            0.00 XXX   0 X    0.00 XXX   0 X   -0.32 ARG1316 D
TYR1266 D                                            0.00 XXX   0 X    0.00 XXX   0 X    0.67 GLU1253 D
TYR1266 D                                            0.00 XXX   0 X    0.00 XXX   0 X    0.70 ASP1275 D

TYR1375 D  10.94     0 %    0.43  279   0.00    0   -0.43 ARG1432 D    0.00 XXX   0 X   -0.30 ARG1432 D
TYR1375 D                                            0.85 GLU1436 D    0.00 XXX   0 X    0.39 GLU1436 D

TYR1394 D  11.61     0 %    0.40  175   0.00    0    0.82 GLU1392 D    0.00 XXX   0 X    0.38 GLU1392 D

TYR1409 D  12.04    52 %    2.04  427   0.00    0    0.00 XXX   0 X    0.00 XXX   0 X    0.00 XXX   0 X

TYR1426 D  10.55    28 %    0.37  360   0.00    0    0.00 XXX   0 X    0.00 XXX   0 X   -0.01 ARG 878 C
TYR1426 D                                            0.00 XXX   0 X    0.00 XXX   0 X   -0.11 ARG1362 D
TYR1426 D                                            0.00 XXX   0 X    0.00 XXX   0 X    0.09 ASP1423 D
TYR1426 D                                            0.00 XXX   0 X    0.00 XXX   0 X    0.22 ASP1430 D

TYR1434 D  10.59     7 %    0.36  302   0.00    0    0.00 XXX   0 X    0.00 XXX   0 X    0.06 ASP1403 D
TYR1434 D                                            0.00 XXX   0 X    0.00 XXX   0 X    0.38 GLU1435 D
TYR1434 D                                            0.00 XXX   0 X    0.00 XXX   0 X    0.06 TYR 739 C
TYR1434 D                                            0.00 XXX   0 X    0.00 XXX   0 X   -0.20 LYS1381 D
TYR1434 D                                            0.00 XXX   0 X    0.00 XXX   0 X   -0.08 LYS1397 D

TYR1442 D  10.21     0 %    0.23  225   0.00    0    0.00 XXX   0 X    0.00 XXX   0 X   -0.02 ARG1432 D

TYR1445 D  10.51     0 %    0.25  181   0.00    0    0.00 XXX   0 X    0.00 XXX   0 X    0.26 TYR1442 D

TYR1447 D  12.64    60 %    2.58  449   0.00    0    0.00 XXX   0 X    0.00 XXX   0 X   -0.28 ARG 878 C
TYR1447 D                                            0.00 XXX   0 X    0.00 XXX   0 X    0.16 ASP 883 C
TYR1447 D                                            0.00 XXX   0 X    0.00 XXX   0 X    0.15 ASP1430 D
TYR1447 D                                            0.00 XXX   0 X    0.00 XXX   0 X    0.03 TYR1426 D

TYR1449 D  13.63    99 %    3.63  559   0.00    0    0.00 XXX   0 X    0.00 XXX   0 X    0.00 XXX   0 X

TYR1494 D  10.35     0 %    0.13  177   0.00    0    0.00 XXX   0 X    0.00 XXX   0 X    0.25 GLU1490 D
TYR1494 D                                            0.00 XXX   0 X    0.00 XXX   0 X   -0.03 LYS1493 D

TYR1495 D  12.56    43 %    1.29  403   0.00    0   -0.07 GLN1483 D    0.00 XXX   0 X    0.63 GLU1773 D
TYR1495 D                                            0.71 GLU1773 D    0.00 XXX   0 X    0.00 XXX   0 X

TYR1517 D  10.08     0 %    0.08  121   0.00    0    0.00 XXX   0 X    0.00 XXX   0 X    0.00 XXX   0 X

TYR1585 D  10.26     0 %    0.36  276   0.00    0    0.00 XXX   0 X    0.00 XXX   0 X    0.04 GLU1799 D
TYR1585 D                                            0.00 XXX   0 X    0.00 XXX   0 X   -0.14 LYS1508 D

TYR1586 D  13.05*   31 %    1.47  369   0.00    0    0.85 CYS1575 D    0.00 XXX   0 X    0.11 GLU1574 D
TYR1586 D                                            0.00 XXX   0 X    0.00 XXX   0 X    0.16 ASP1595 D
TYR1586 D                                            0.00 XXX   0 X    0.00 XXX   0 X   -0.07 ARG1635 D
TYR1586 D                                            0.00 XXX   0 X    0.00 XXX   0 X    0.53 CYS1575 D

TYR1615 D  10.06     0 %    0.06   87   0.00    0    0.00 XXX   0 X    0.00 XXX   0 X    0.00 XXX   0 X

TYR1671 D  10.84    58 %    1.69  443   0.00    0   -0.85 THR1754 D    0.00 XXX   0 X    0.00 XXX   0 X

TYR1681 D  11.17     5 %    0.74  295   0.00    0    0.00 XXX   0 X    0.00 XXX   0 X    0.05 CYS1728 D
TYR1681 D                                            0.00 XXX   0 X    0.00 XXX   0 X    0.22 ASP1729 D
TYR1681 D                                            0.00 XXX   0 X    0.00 XXX   0 X    0.12 ASP1741 D
TYR1681 D                                            0.00 XXX   0 X    0.00 XXX   0 X    0.04 CYS1742 D

TYR1727 D  10.21     0 %    0.23  191   0.00    0    0.00 XXX   0 X    0.00 XXX   0 X   -0.02 LYS1683 D

TYR1755 D  12.09    86 %    2.87  521   0.00    0   -0.85 THR1708 D    0.00 XXX   0 X    0.01 CYS1703 D
TYR1755 D                                            0.00 XXX   0 X    0.00 XXX   0 X    0.06 TYR1671 D

TYR1767 D  12.07    84 %    2.07  516   0.00    0    0.00 XXX   0 X    0.00 XXX   0 X    0.00 XXX   0 X

TYR1795 D  13.25    59 %    2.13  446   0.00    0    0.07 GLU1799 D    0.00 XXX   0 X    0.05 ASP1792 D
TYR1795 D                                            0.00 XXX   0 X    0.00 XXX   0 X    0.02 ASP1802 D
TYR1795 D                                            0.00 XXX   0 X    0.00 XXX   0 X    0.11 TYR1585 D
TYR1795 D                                            0.00 XXX   0 X    0.00 XXX   0 X    0.87 GLU1799 D

TYR1811 D  10.38     1 %    0.40  285   0.00    0    0.00 XXX   0 X    0.00 XXX   0 X   -0.02 LYS1829 D

LYS1162 D  10.64     0 %   -0.14  114   0.00    0    0.00 XXX   0 X    0.00 XXX   0 X    0.28 GLU1165 D

LYS1189 D  10.54     0 %   -0.20  183   0.00    0    0.00 XXX   0 X    0.00 XXX   0 X    0.05 CYS1178 D
LYS1189 D                                            0.00 XXX   0 X    0.00 XXX   0 X    0.17 CYS1179 D
LYS1189 D                                            0.00 XXX   0 X    0.00 XXX   0 X    0.06 ASP1182 D
LYS1189 D                                            0.00 XXX   0 X    0.00 XXX   0 X   -0.05 ARG1193 D

LYS1196 D  10.00     0 %   -0.66  282   0.00    0    0.00 XXX   0 X    0.00 XXX   0 X    0.01 GLU1165 D
LYS1196 D                                            0.00 XXX   0 X    0.00 XXX   0 X    0.03 ASP1166 D
LYS1196 D                                            0.00 XXX   0 X    0.00 XXX   0 X    0.18 CYS1167 D
LYS1196 D                                            0.00 XXX   0 X    0.00 XXX   0 X   -0.05 ARG1193 D
LYS1196 D                                            0.00 XXX   0 X    0.00 XXX   0 X   -0.00 ARG1195 D

LYS1233 D  10.53     0 %   -0.11  133   0.00    0    0.00 XXX   0 X    0.00 XXX   0 X    0.14 GLU1230 D

LYS1236 D  11.20    15 %   -0.71  323   0.00    0    0.71 GLU1240 D    0.00 XXX   0 X    0.36 GLU1225 D
LYS1236 D                                            0.00 XXX   0 X    0.00 XXX   0 X    0.06 ASP1243 D
LYS1236 D                                            0.00 XXX   0 X    0.00 XXX   0 X   -0.14 ARG1306 D
LYS1236 D                                            0.00 XXX   0 X    0.00 XXX   0 X    0.41 GLU1240 D

LYS1244 D  10.74     3 %   -0.25  291   0.00    0    0.00 XXX   0 X    0.00 XXX   0 X    0.19 GLU1240 D
LYS1244 D                                            0.00 XXX   0 X    0.00 XXX   0 X    0.20 ASP1243 D
LYS1244 D                                            0.00 XXX   0 X    0.00 XXX   0 X   -0.00 ARG1306 D
LYS1244 D                                            0.00 XXX   0 X    0.00 XXX   0 X   -0.04 LYS1236 D
LYS1244 D                                            0.00 XXX   0 X    0.00 XXX   0 X    0.15 TYR1248 D

LYS1257 D  10.14    54 %   -1.12  432   0.00    0    0.00 XXX   0 X    0.00 XXX   0 X    0.24 GLU1203 D
LYS1257 D                                            0.00 XXX   0 X    0.00 XXX   0 X    0.18 GLU1208 D
LYS1257 D                                            0.00 XXX   0 X    0.00 XXX   0 X    0.49 GLU1253 D
LYS1257 D                                            0.00 XXX   0 X    0.00 XXX   0 X    0.03 CYS1272 D
LYS1257 D                                            0.00 XXX   0 X    0.00 XXX   0 X    0.10 ASP1275 D
LYS1257 D                                            0.00 XXX   0 X    0.00 XXX   0 X   -0.21 ARG1316 D
LYS1257 D                                            0.00 XXX   0 X    0.00 XXX   0 X   -0.07 LYS1265 D

LYS1264 D  10.39     0 %   -0.11  138   0.00    0    0.00 XXX   0 X    0.00 XXX   0 X    0.00 XXX   0 X

LYS1265 D  10.67     5 %   -0.24  296   0.00    0    0.00 XXX   0 X    0.00 XXX   0 X    0.02 GLU1208 D
LYS1265 D                                            0.00 XXX   0 X    0.00 XXX   0 X    0.41 CYS1272 D
LYS1265 D                                            0.00 XXX   0 X    0.00 XXX   0 X    0.02 ASP1275 D
LYS1265 D                                            0.00 XXX   0 X    0.00 XXX   0 X    0.05 GLU1318 D
LYS1265 D                                            0.00 XXX   0 X    0.00 XXX   0 X   -0.09 ARG1321 D

LYS1300 D  11.28     0 %   -0.38  181   0.00    0    0.85 GLU1295 D    0.00 XXX   0 X   -0.07 ARG1739 D
LYS1300 D                                            0.00 XXX   0 X    0.00 XXX   0 X    0.38 GLU1295 D

LYS1359 D   9.27    50 %   -1.24  421   0.00    0    0.00 XXX   0 X    0.00 XXX   0 X    0.02 GLU1436 D

LYS1381 D  11.55    11 %   -0.58  313   0.00    0    0.85 GLU1435 D    0.00 XXX   0 X    0.02 CYS1384 D
LYS1381 D                                            0.00 XXX   0 X    0.00 XXX   0 X    0.06 GLU1385 D
LYS1381 D                                            0.00 XXX   0 X    0.00 XXX   0 X    0.09 ASP1403 D
LYS1381 D                                            0.00 XXX   0 X    0.00 XXX   0 X    0.01 TYR 739 C
LYS1381 D                                            0.00 XXX   0 X    0.00 XXX   0 X    0.20 TYR1434 D
LYS1381 D                                            0.00 XXX   0 X    0.00 XXX   0 X    0.41 GLU1435 D

LYS1397 D  10.79    32 %   -0.97  372   0.00    0    0.85 ASP1403 D    0.00 XXX   0 X    0.05 GLU1435 D
LYS1397 D                                            0.00 XXX   0 X    0.00 XXX   0 X   -0.24 LYS1381 D
LYS1397 D                                            0.00 XXX   0 X    0.00 XXX   0 X    0.08 TYR1434 D
LYS1397 D                                            0.00 XXX   0 X    0.00 XXX   0 X    0.52 ASP1403 D

LYS1399 D  11.20    35 %   -0.80  379   0.00    0    0.85 ASP1714 D    0.00 XXX   0 X    0.05 GLU 375 B
LYS1399 D                                            0.00 XXX   0 X    0.00 XXX   0 X    0.60 ASP1714 D

LYS1419 D   9.50    77 %   -1.65  498   0.00    0    0.00 XXX   0 X    0.00 XXX   0 X    0.01 ASP 372 B
LYS1419 D                                            0.00 XXX   0 X    0.00 XXX   0 X    0.00 CYS 373 B
LYS1419 D                                            0.00 XXX   0 X    0.00 XXX   0 X    0.46 GLU 375 B
LYS1419 D                                            0.00 XXX   0 X    0.00 XXX   0 X    0.14 GLU 898 C
LYS1419 D                                            0.00 XXX   0 X    0.00 XXX   0 X    0.04 ASP1714 D

LYS1477 D   9.42    47 %   -1.04  412   0.00    0    0.00 XXX   0 X    0.00 XXX   0 X    0.04 GLU1773 D
LYS1477 D                                            0.00 XXX   0 X    0.00 XXX   0 X   -0.08 LYS1478 D

LYS1478 D  10.31     0 %   -0.19  220   0.00    0    0.00 XXX   0 X    0.00 XXX   0 X    0.00 XXX   0 X

LYS1479 D  10.39     0 %   -0.11  135   0.00    0    0.00 XXX   0 X    0.00 XXX   0 X    0.00 XXX   0 X

LYS1492 D  12.35     0 %   -0.61  274   0.00    0    0.85 ASP1484 D    0.00 XXX   0 X    0.38 ASP1484 D
LYS1492 D                                            0.85 GLU1489 D    0.00 XXX   0 X    0.38 GLU1489 D

LYS1493 D  10.68     0 %   -0.16  141   0.00    0    0.00 XXX   0 X    0.00 XXX   0 X    0.09 GLU1489 D
LYS1493 D                                            0.00 XXX   0 X    0.00 XXX   0 X    0.25 GLU1490 D
LYS1493 D                                            0.00 XXX   0 X    0.00 XXX   0 X   -0.03 LYS1492 D
LYS1493 D                                            0.00 XXX   0 X    0.00 XXX   0 X    0.03 TYR1494 D

LYS1499 D  10.23    12 %   -0.39  315   0.00    0    0.00 XXX   0 X    0.00 XXX   0 X    0.12 GLU1773 D

LYS1500 D  10.37     0 %   -0.18  271   0.00    0    0.00 XXX   0 X    0.00 XXX   0 X   -0.07 ARG1644 D
LYS1500 D                                            0.00 XXX   0 X    0.00 XXX   0 X    0.03 GLU1784 D
LYS1500 D                                            0.00 XXX   0 X    0.00 XXX   0 X    0.09 ASP1789 D

LYS1504 D  12.07    17 %   -1.02  330   0.00    0    0.85 GLU1788 D    0.00 XXX   0 X    0.06 GLU1864 D
LYS1504 D                                            0.85 GLU1867 D    0.00 XXX   0 X    0.43 GLU1788 D
LYS1504 D                                            0.00 XXX   0 X    0.00 XXX   0 X    0.40 GLU1867 D

LYS1505 D  11.12    23 %   -0.75  346   0.00    0    0.85 ASP1792 D    0.00 XXX   0 X    0.01 GLU1788 D
LYS1505 D                                            0.00 XXX   0 X    0.00 XXX   0 X    0.02 ASP1789 D
LYS1505 D                                            0.00 XXX   0 X    0.00 XXX   0 X    0.05 GLU1796 D
LYS1505 D                                            0.00 XXX   0 X    0.00 XXX   0 X    0.03 GLU1799 D
LYS1505 D                                            0.00 XXX   0 X    0.00 XXX   0 X   -0.08 LYS1508 D
LYS1505 D                                            0.00 XXX   0 X    0.00 XXX   0 X    0.49 ASP1792 D

LYS1508 D  10.16    70 %   -2.31  476   0.00    0    0.85 GLU1799 D    0.00 XXX   0 X    0.01 ASP1792 D
LYS1508 D                                            0.00 XXX   0 X    0.00 XXX   0 X    0.00 ASP1802 D
LYS1508 D                                            0.00 XXX   0 X    0.00 XXX   0 X    0.14 TYR1585 D
LYS1508 D                                            0.00 XXX   0 X    0.00 XXX   0 X    0.97 GLU1799 D

LYS1516 D  10.30     0 %   -0.27  238   0.00    0    0.00 XXX   0 X    0.00 XXX   0 X   -0.06 ARG1512 D
LYS1516 D                                            0.00 XXX   0 X    0.00 XXX   0 X    0.02 ASP1802 D
LYS1516 D                                            0.00 XXX   0 X    0.00 XXX   0 X    0.11 GLU1804 D

LYS1527 D  11.31     0 %   -0.44  264   0.00    0    0.85 ASP1523 D    0.00 XXX   0 X    0.01 GLU1804 D
LYS1527 D                                            0.00 XXX   0 X    0.00 XXX   0 X    0.39 ASP1523 D

LYS1556 D  10.41     0 %   -0.09  131   0.00    0    0.00 XXX   0 X    0.00 XXX   0 X    0.00 XXX   0 X

LYS1562 D  10.31     0 %   -0.27  186   0.00    0    0.00 XXX   0 X    0.00 XXX   0 X    0.08 ASP1610 D

LYS1578 D  10.02    70 %   -2.06  476   0.00    0    0.85 GLU1574 D    0.00 XXX   0 X    0.32 ASP1531 D
LYS1578 D                                            0.00 XXX   0 X    0.00 XXX   0 X    0.11 CYS1575 D
LYS1578 D                                            0.00 XXX   0 X    0.00 XXX   0 X    0.45 ASP1595 D
LYS1578 D                                            0.00 XXX   0 X    0.00 XXX   0 X   -0.64 ARG1635 D
LYS1578 D                                            0.00 XXX   0 X    0.00 XXX   0 X   -0.49 ARG1638 D
LYS1578 D                                            0.00 XXX   0 X    0.00 XXX   0 X    0.98 GLU1574 D

LYS1614 D  10.46     0 %   -0.08   95   0.00    0    0.00 XXX   0 X    0.00 XXX   0 X    0.04 ASP1610 D

LYS1641 D  10.16     0 %   -0.10  197   0.00    0    0.00 XXX   0 X    0.00 XXX   0 X   -0.15 ARG1644 D
LYS1641 D                                            0.00 XXX   0 X    0.00 XXX   0 X   -0.10 LYS1500 D

LYS1683 D  10.43     0 %   -0.47  242   0.00    0    0.00 XXX   0 X    0.00 XXX   0 X    0.11 GLU1685 D
LYS1683 D                                            0.00 XXX   0 X    0.00 XXX   0 X    0.21 CYS1728 D
LYS1683 D                                            0.00 XXX   0 X    0.00 XXX   0 X    0.06 ASP1729 D
LYS1683 D                                            0.00 XXX   0 X    0.00 XXX   0 X    0.02 TYR1727 D

LYS1800 D  10.43    32 %   -1.19  371   0.00    0    0.85 ASP1523 D    0.00 XXX   0 X    0.01 ASP1531 D
LYS1800 D                                            0.00 XXX   0 X    0.00 XXX   0 X    0.14 GLU1796 D
LYS1800 D                                            0.00 XXX   0 X    0.00 XXX   0 X    0.00 GLU1799 D
LYS1800 D                                            0.00 XXX   0 X    0.00 XXX   0 X   -0.35 LYS1527 D
LYS1800 D                                            0.00 XXX   0 X    0.00 XXX   0 X    0.46 ASP1523 D

LYS1829 D  11.14     0 %   -0.70  250   0.00    0    0.73 ASP1819 D    0.00 XXX   0 X    0.15 ASP1816 D
LYS1829 D                                            0.00 XXX   0 X    0.00 XXX   0 X    0.07 GLU1823 D
LYS1829 D                                            0.00 XXX   0 X    0.00 XXX   0 X    0.02 TYR1811 D
LYS1829 D                                            0.00 XXX   0 X    0.00 XXX   0 X    0.38 ASP1819 D

LYS1859 D  10.35     0 %   -0.16  217   0.00    0    0.00 XXX   0 X    0.00 XXX   0 X    0.03 ASP1839 D
LYS1859 D                                            0.00 XXX   0 X    0.00 XXX   0 X   -0.03 ARG1860 D
LYS1859 D                                            0.00 XXX   0 X    0.00 XXX   0 X    0.02 ASP1869 D

LYS1872 D  11.34     7 %   -0.49  300   0.00    0    0.85 GLU1876 D    0.00 XXX   0 X    0.09 ASP1852 D
LYS1872 D                                            0.00 XXX   0 X    0.00 XXX   0 X    0.00 ASP1869 D
LYS1872 D                                            0.00 XXX   0 X    0.00 XXX   0 X    0.39 GLU1876 D

LYS1878 D   9.97    60 %   -2.08  450   0.00    0    0.84 ASP1802 D    0.00 XXX   0 X   -0.24 ARG1512 D
LYS1878 D                                            0.00 XXX   0 X    0.00 XXX   0 X    0.43 GLU1799 D
LYS1878 D                                            0.00 XXX   0 X    0.00 XXX   0 X   -0.23 LYS1508 D
LYS1878 D                                            0.00 XXX   0 X    0.00 XXX   0 X    0.75 ASP1802 D

ARG1174 D  12.40     0 %   -0.14   61   0.00    0    0.04 CYS1172 D    0.00 XXX   0 X    0.00 XXX   0 X

ARG1175 D  12.47     0 %   -0.04   85   0.00    0    0.00 XXX   0 X    0.00 XXX   0 X    0.01 CYS1178 D

ARG1193 D  12.41     0 %   -0.20  226   0.00    0    0.00 XXX   0 X    0.00 XXX   0 X    0.07 CYS1176 D
ARG1193 D                                            0.00 XXX   0 X    0.00 XXX   0 X    0.05 CYS1179 D

ARG1195 D  14.41    19 %   -0.71  334   0.00    0    0.04 CYS1167 D    0.00 XXX   0 X    0.45 CYS1167 D
ARG1195 D                                            1.56 ASP1166 D    0.00 XXX   0 X    0.01 CYS1179 D
ARG1195 D                                            0.00 XXX   0 X    0.00 XXX   0 X    0.01 CYS1198 D
ARG1195 D                                            0.00 XXX   0 X    0.00 XXX   0 X    0.11 TYR1199 D
ARG1195 D                                            0.00 XXX   0 X    0.00 XXX   0 X    0.44 ASP1166 D

ARG1232 D  12.38     0 %   -0.32  217   0.00    0    0.00 XXX   0 X    0.00 XXX   0 X    0.09 ASP1226 D
ARG1232 D                                            0.00 XXX   0 X    0.00 XXX   0 X    0.11 GLU1231 D

ARG1303 D  11.23    50 %   -1.29  422   0.00    0    0.00 XXX   0 X    0.00 XXX   0 X    0.02 ASP1226 D
ARG1303 D                                            0.00 XXX   0 X    0.00 XXX   0 X    0.09 TYR1228 D
ARG1303 D                                            0.00 XXX   0 X    0.00 XXX   0 X    0.01 ASP1741 D
ARG1303 D                                            0.00 XXX   0 X    0.00 XXX   0 X   -0.08 ARG1306 D

ARG1306 D  11.93    75 %   -1.34  490   0.00    0    0.00 XXX   0 X    0.00 XXX   0 X    0.04 GLU1240 D
ARG1306 D                                            0.00 XXX   0 X    0.00 XXX   0 X    0.29 ASP1243 D
ARG1306 D                                            0.00 XXX   0 X    0.00 XXX   0 X   -0.07 ARG1309 D
ARG1306 D                                            0.00 XXX   0 X    0.00 XXX   0 X    0.51 GLU1225 D

ARG1309 D  13.24    61 %   -1.53  451   0.00    0    1.59 ASP1280 D    0.00 XXX   0 X    0.06 ASP1243 D
ARG1309 D                                            0.00 XXX   0 X    0.00 XXX   0 X    0.63 ASP1280 D

ARG1312 D  10.91    86 %   -2.68  521   0.00    0    0.00 XXX   0 X    0.00 XXX   0 X    0.31 TYR1266 D
ARG1312 D                                            0.00 XXX   0 X    0.00 XXX   0 X    0.02 ASP1280 D
ARG1312 D                                            0.00 XXX   0 X    0.00 XXX   0 X   -0.14 ARG1309 D
ARG1312 D                                            0.00 XXX   0 X    0.00 XXX   0 X   -0.56 ARG1316 D
ARG1312 D                                            0.00 XXX   0 X    0.00 XXX   0 X    0.52 GLU1253 D
ARG1312 D                                            0.00 XXX   0 X    0.00 XXX   0 X    0.94 ASP1275 D

ARG1316 D  14.93    79 %   -2.13  503   0.00    0    1.62 GLU1253 D    0.00 XXX   0 X    0.16 GLU1208 D
ARG1316 D                                            0.14 ASP1275 D    0.00 XXX   0 X    0.32 TYR1266 D
ARG1316 D                                            0.00 XXX   0 X    0.00 XXX   0 X    0.09 CYS1272 D
ARG1316 D                                            0.00 XXX   0 X    0.00 XXX   0 X    1.16 GLU1253 D
ARG1316 D                                            0.00 XXX   0 X    0.00 XXX   0 X    1.07 ASP1275 D

ARG1321 D  11.78    31 %   -1.26  369   0.00    0    0.00 XXX   0 X    0.00 XXX   0 X    0.21 CYS1272 D
ARG1321 D                                            0.00 XXX   0 X    0.00 XXX   0 X    0.02 ASP1275 D
ARG1321 D                                            0.00 XXX   0 X    0.00 XXX   0 X    0.32 GLU1318 D
ARG1321 D                                            0.00 XXX   0 X    0.00 XXX   0 X   -0.01 ARG1316 D

ARG1362 D  11.45    53 %   -1.28  430   0.00    0    0.00 XXX   0 X    0.00 XXX   0 X    0.11 TYR1426 D
ARG1362 D                                            0.00 XXX   0 X    0.00 XXX   0 X    0.11 ASP1430 D

ARG1432 D  13.05     0 %   -0.40  255   0.00    0    0.43 TYR1375 D    0.00 XXX   0 X    0.30 TYR1375 D
ARG1432 D                                            0.00 XXX   0 X    0.00 XXX   0 X    0.20 GLU1436 D
ARG1432 D                                            0.00 XXX   0 X    0.00 XXX   0 X    0.02 TYR1442 D

ARG1512 D  12.99    22 %   -0.90  342   0.00    0    0.82 ASP1802 D    0.00 XXX   0 X    0.57 ASP1802 D

ARG1583 D  12.28     0 %   -0.22  198   0.00    0    0.00 XXX   0 X    0.00 XXX   0 X    0.00 XXX   0 X

ARG1623 D  10.92    82 %   -2.08  510   0.00    0    0.00 XXX   0 X    0.00 XXX   0 X    0.08 ASP 356 B
ARG1623 D                                            0.00 XXX   0 X    0.00 XXX   0 X    0.36 TYR 389 B
ARG1623 D                                            0.00 XXX   0 X    0.00 XXX   0 X    0.00 GLU1548 D
ARG1623 D                                            0.00 XXX   0 X    0.00 XXX   0 X    0.26 ASP1550 D
ARG1623 D                                            0.00 XXX   0 X    0.00 XXX   0 X    0.08 ASP1551 D
ARG1623 D                                            0.00 XXX   0 X    0.00 XXX   0 X   -0.28 ARG1626 D

ARG1626 D  12.26    86 %   -2.14  522   0.00    0    0.68 GLU1548 D    0.00 XXX   0 X    0.02 ASP1550 D
ARG1626 D                                            0.00 XXX   0 X    0.00 XXX   0 X    1.20 GLU1548 D

ARG1629 D  10.65   100 %   -2.58  561   0.00    0    0.82 GLU1548 D    0.00 XXX   0 X   -1.43 ARG1626 D
ARG1629 D                                            0.00 XXX   0 X    0.00 XXX   0 X    1.33 GLU1548 D

ARG1632 D   9.95    86 %   -2.01  522   0.00    0    0.00 XXX   0 X    0.00 XXX   0 X   -0.54 ARG1629 D

ARG1635 D  15.01    80 %   -2.17  504   0.00    0    1.52 GLU1574 D    0.00 XXX   0 X    0.06 ASP1531 D
ARG1635 D                                            0.87 ASP1595 D    0.00 XXX   0 X    0.13 CYS1575 D
ARG1635 D                                            0.00 XXX   0 X    0.00 XXX   0 X    0.07 TYR1586 D
ARG1635 D                                            0.00 XXX   0 X    0.00 XXX   0 X    1.09 GLU1574 D
ARG1635 D                                            0.00 XXX   0 X    0.00 XXX   0 X    0.94 ASP1595 D

ARG1638 D  13.49    52 %   -1.35  428   0.00    0    1.58 ASP1531 D    0.00 XXX   0 X    0.17 GLU1574 D
ARG1638 D                                            0.00 XXX   0 X    0.00 XXX   0 X    0.21 ASP1595 D
ARG1638 D                                            0.00 XXX   0 X    0.00 XXX   0 X   -0.21 ARG1635 D
ARG1638 D                                            0.00 XXX   0 X    0.00 XXX   0 X    0.59 ASP1531 D

ARG1644 D  12.07     4 %   -0.37  293   0.00    0    0.00 XXX   0 X    0.00 XXX   0 X   -0.06 ARG1638 D

ARG1739 D  12.25     0 %   -0.25  212   0.00    0    0.00 XXX   0 X    0.00 XXX   0 X    0.01 ASP1741 D

ARG1826 D  12.40     0 %   -0.10   68   0.00    0    0.00 XXX   0 X    0.00 XXX   0 X    0.00 XXX   0 X

ARG1847 D  12.27     0 %   -0.23  142   0.00    0    0.00 XXX   0 X    0.00 XXX   0 X    0.00 XXX   0 X

ARG1860 D  13.98     0 %   -0.24  259   0.00    0    1.33 ASP1839 D    0.00 XXX   0 X    0.39 ASP1839 D

N+ 1162 D   7.92     0 %   -0.08   61   0.00    0    0.00 XXX   0 X    0.00 XXX   0 X    0.00 XXX   0 X

Coupled residues (marked *) were detected.Please rerun PropKa with the --display-coupled-residues 
or -d option for detailed information.

2026-06-24 15:26:10,637 INFO:output.py:227:print_pka_section:pKa summary:
--------------------------------------------------------------------------------------------------------
SUMMARY OF THIS PREDICTION
       Group      pKa  model-pKa   ligand atom-type
   ASP  57 B     3.11       3.80                      
   ASP  66 B     1.67       3.80                      
   ASP  82 B     3.63       3.80                      
   ASP  84 B     2.94       3.80                      
   ASP 152 B     2.68       3.80                      
   ASP 191 B     3.56       3.80                      
   ASP 197 B     1.36       3.80                      
   ASP 211 B     3.93       3.80                      
   ASP 252 B     4.15       3.80                      
   ASP 297 B     3.92       3.80                      
   ASP 305 B     2.93       3.80                      
   ASP 310 B     3.31       3.80                      
   ASP 322 B     2.87       3.80                      
   ASP 331 B     3.95       3.80                      
   ASP 349 B     2.19       3.80                      
   ASP 356 B     4.02       3.80                      
   ASP 372 B     3.37       3.80                      
   ASP 716 C     3.95       3.80                      
   ASP 720 C     1.92       3.80                      
   ASP 772 C     2.86       3.80                      
   ASP 785 C     3.06       3.80                      
   ASP 870 C     3.91       3.80                      
   ASP 872 C     3.88       3.80                      
   ASP 883 C     2.94       3.80                      
   ASP 905 C     4.79       3.80                      
   ASP1163 D     3.91       3.80                      
   ASP1166 D     1.94       3.80                      
   ASP1182 D     3.88       3.80                      
   ASP1226 D     3.03       3.80                      
   ASP1243 D     4.31       3.80                      
   ASP1275 D     5.10       3.80                      
   ASP1280 D     2.05       3.80                      
   ASP1370 D     3.91       3.80                      
   ASP1403 D     3.41       3.80                      
   ASP1423 D     4.63       3.80                      
   ASP1430 D     5.56       3.80                      
   ASP1471 D     4.43       3.80                      
   ASP1484 D     2.97       3.80                      
   ASP1523 D     1.93       3.80                      
   ASP1531 D     2.79       3.80                      
   ASP1550 D     4.81       3.80                      
   ASP1551 D     2.79       3.80                      
   ASP1595 D     4.17       3.80                      
   ASP1610 D     3.89       3.80                      
   ASP1689 D     4.28       3.80                      
   ASP1690 D     2.55       3.80                      
   ASP1714 D     2.77       3.80                      
   ASP1729 D     3.84       3.80                      
   ASP1741 D     4.10       3.80                      
   ASP1789 D     3.37       3.80                      
   ASP1790 D     4.17       3.80                      
   ASP1792 D     3.56       3.80                      
   ASP1802 D     3.09       3.80                      
   ASP1816 D     4.06       3.80                      
   ASP1819 D     3.21       3.80                      
   ASP1839 D     2.86       3.80                      
   ASP1846 D     3.91       3.80                      
   ASP1852 D     3.20       3.80                      
   ASP1869 D     3.95       3.80                      
   GLU  19 A     4.54       4.50                      
   GLU  25 A     4.62       4.50                      
   GLU  30 A     4.64       4.50                      
   GLU  49 B     4.52       4.50                      
   GLU  50 B     3.57       4.50                      
   GLU  74 B     4.62       4.50                      
   GLU  78 B     3.59       4.50                      
   GLU  81 B     4.31       4.50                      
   GLU 161 B     4.24       4.50                      
   GLU 171 B     4.16       4.50                      
   GLU 208 B     4.75       4.50                      
   GLU 295 B     4.76       4.50                      
   GLU 302 B     4.65       4.50                      
   GLU 312 B     4.65       4.50                      
   GLU 337 B     4.51       4.50                      
   GLU 346 B     4.08       4.50                      
   GLU 375 B     5.17       4.50                      
   GLU 417 B     4.35       4.50                      
   GLU 418 B     3.64       4.50                      
   GLU 426 B     3.68       4.50                      
   GLU 428 B     3.93       4.50                      
   GLU 429 B     4.67       4.50                      
   GLU 431 B     4.54       4.50                      
   GLU 698 C     4.57       4.50                      
   GLU 737 C     5.04       4.50                      
   GLU 744 C     4.58       4.50                      
   GLU 746 C     4.84       4.50                      
   GLU 747 C     4.70       4.50                      
   GLU 763 C     3.87       4.50                      
   GLU 795 C     3.88       4.50                      
   GLU 867 C     4.56       4.50                      
   GLU 898 C     5.71       4.50                      
   GLU 901 C     3.92       4.50                      
   GLU 908 C     4.68       4.50                      
   GLU1165 D     4.49       4.50                      
   GLU1170 D     4.81       4.50                      
   GLU1203 D     4.01       4.50                      
   GLU1208 D     4.75       4.50                      
   GLU1225 D     5.40       4.50                      
   GLU1230 D     4.64       4.50                      
   GLU1231 D     4.50       4.50                      
   GLU1240 D     3.39       4.50                      
   GLU1253 D     3.33       4.50                      
   GLU1295 D     3.39       4.50                      
   GLU1318 D     4.59       4.50                      
   GLU1368 D     4.66       4.50                      
   GLU1385 D     4.61       4.50                      
   GLU1392 D     3.82       4.50                      
   GLU1435 D     3.67       4.50                      
   GLU1436 D     3.90       4.50                      
   GLU1441 D     4.68       4.50                      
   GLU1489 D     3.85       4.50                      
   GLU1490 D     4.45       4.50                      
   GLU1548 D     3.43       4.50                      
   GLU1555 D     4.59       4.50                      
   GLU1574 D     2.96       4.50                      
   GLU1685 D     4.85       4.50                      
   GLU1773 D     5.36       4.50                      
   GLU1780 D     4.55       4.50                      
   GLU1781 D     4.56       4.50                      
   GLU1784 D     4.64       4.50                      
   GLU1788 D     3.91       4.50                      
   GLU1796 D     5.23       4.50                      
   GLU1799 D     5.00       4.50                      
   GLU1804 D     4.67       4.50                      
   GLU1810 D     4.63       4.50                      
   GLU1823 D     4.82       4.50                      
   GLU1864 D     4.80       4.50                      
   GLU1867 D     3.58       4.50                      
   GLU1876 D     3.60       4.50                      
   GLU1877 D     4.32       4.50                      
   C-   37 A     3.30       3.20                      
   C-  433 B     3.23       3.20                      
   C-  943 C     3.30       3.20                      
   C- 1882 D     3.30       3.20                      
   HIS 118 B     6.33       6.50                      
   HIS 130 B     6.97       6.50                      
   HIS 151 B     5.78       6.50                      
   HIS 184 B     6.19       6.50                      
   HIS 278 B     5.05       6.50                      
   HIS 350 B     6.46       6.50                      
   HIS 738 C     7.07       6.50                      
   HIS 880 C     5.82       6.50                      
   HIS 886 C     6.37       6.50                      
   HIS1200 D     5.71       6.50                      
   HIS1204 D     6.30       6.50                      
   HIS1584 D     5.93       6.50                      
   HIS1849 D     7.23       6.50                      
   CYS 139 B     9.16       9.00                      
   CYS 145 B    10.98       9.00                      
   CYS 182 B     9.35       9.00                      
   CYS 260 B    11.28       9.00                      
   CYS 280 B    12.08       9.00                      
   CYS 326 B     6.13       9.00                      
   CYS 335 B    10.00       9.00                      
   CYS 341 B    15.51       9.00                      
   CYS 373 B    11.38       9.00                      
   CYS 683 C     9.45       9.00                      
   CYS 686 C     8.44       9.00                      
   CYS 699 C     9.57       9.00                      
   CYS 700 C     8.93       9.00                      
   CYS 726 C    10.43       9.00                      
   CYS 896 C    12.54       9.00                      
   CYS 906 C    12.27       9.00                      
   CYS 915 C    10.66       9.00                      
   CYS1167 D    10.33       9.00                      
   CYS1172 D     9.10       9.00                      
   CYS1176 D     9.09       9.00                      
   CYS1178 D     9.61       9.00                      
   CYS1179 D     9.06       9.00                      
   CYS1198 D     9.61       9.00                      
   CYS1272 D     9.53       9.00                      
   CYS1341 D    11.75       9.00                      
   CYS1363 D    11.40       9.00                      
   CYS1384 D     9.80       9.00                      
   CYS1539 D     9.81       9.00                      
   CYS1575 D     9.68       9.00                      
   CYS1703 D    12.34       9.00                      
   CYS1728 D     9.05       9.00                      
   CYS1742 D    11.53       9.00                      
   CYS1850 D    11.37       9.00                      
   TYR  68 B    10.20      10.00                      
   TYR  87 B    10.38      10.00                      
   TYR 112 B    10.06      10.00                      
   TYR 159 B    10.18      10.00                      
   TYR 162 B    10.61      10.00                      
   TYR 168 B    12.32      10.00                      
   TYR 205 B     9.77      10.00                      
   TYR 307 B    11.61      10.00                      
   TYR 314 B    11.50      10.00                      
   TYR 339 B     9.90      10.00                      
   TYR 352 B    10.20      10.00                      
   TYR 378 B    13.24      10.00                      
   TYR 389 B    10.38      10.00                      
   TYR 403 B    12.77      10.00                      
   TYR 416 B    10.86      10.00                      
   TYR 694 C    10.40      10.00                      
   TYR 739 C    10.19      10.00                      
   TYR 774 C    10.07      10.00                      
   TYR 775 C    10.31      10.00                      
   TYR 776 C    10.82      10.00                      
   TYR 865 C    10.85      10.00                      
   TYR1199 D    10.84      10.00                      
   TYR1228 D    11.66      10.00                      
   TYR1241 D    10.27      10.00                      
   TYR1248 D    10.14      10.00                      
   TYR1261 D    12.88      10.00                      
   TYR1266 D    12.56      10.00                      
   TYR1375 D    10.94      10.00                      
   TYR1394 D    11.61      10.00                      
   TYR1409 D    12.04      10.00                      
   TYR1426 D    10.55      10.00                      
   TYR1434 D    10.59      10.00                      
   TYR1442 D    10.21      10.00                      
   TYR1445 D    10.51      10.00                      
   TYR1447 D    12.64      10.00                      
   TYR1449 D    13.63      10.00                      
   TYR1494 D    10.35      10.00                      
   TYR1495 D    12.56      10.00                      
   TYR1517 D    10.08      10.00                      
   TYR1585 D    10.26      10.00                      
   TYR1586 D    13.05      10.00                      
   TYR1615 D    10.06      10.00                      
   TYR1671 D    10.84      10.00                      
   TYR1681 D    11.17      10.00                      
   TYR1727 D    10.21      10.00                      
   TYR1755 D    12.09      10.00                      
   TYR1767 D    12.07      10.00                      
   TYR1795 D    13.25      10.00                      
   TYR1811 D    10.38      10.00                      
   LYS  26 A    10.43      10.50                      
   LYS  31 A    10.49      10.50                      
   LYS  62 B    11.37      10.50                      
   LYS  63 B    10.22      10.50                      
   LYS  91 B    10.45      10.50                      
   LYS  98 B    10.36      10.50                      
   LYS 100 B    11.07      10.50                      
   LYS 126 B    11.25      10.50                      
   LYS 158 B    10.24      10.50                      
   LYS 175 B    11.76      10.50                      
   LYS 228 B     9.60      10.50                      
   LYS 237 B     9.36      10.50                      
   LYS 248 B    10.23      10.50                      
   LYS 249 B    11.36      10.50                      
   LYS 279 B     8.85      10.50                      
   LYS 317 B    10.32      10.50                      
   LYS 343 B    11.60      10.50                      
   LYS 387 B    10.15      10.50                      
   LYS 430 B    11.40      10.50                      
   LYS 432 B    11.59      10.50                      
   LYS 682 C    10.47      10.50                      
   LYS 707 C    11.64      10.50                      
   LYS 711 C    10.17      10.50                      
   LYS 767 C    11.72      10.50                      
   LYS 817 C    10.22      10.50                      
   LYS 820 C    11.62      10.50                      
   LYS 830 C    10.27      10.50                      
   LYS 863 C    11.33      10.50                      
   LYS1162 D    10.64      10.50                      
   LYS1189 D    10.54      10.50                      
   LYS1196 D    10.00      10.50                      
   LYS1233 D    10.53      10.50                      
   LYS1236 D    11.20      10.50                      
   LYS1244 D    10.74      10.50                      
   LYS1257 D    10.14      10.50                      
   LYS1264 D    10.39      10.50                      
   LYS1265 D    10.67      10.50                      
   LYS1300 D    11.28      10.50                      
   LYS1359 D     9.27      10.50                      
   LYS1381 D    11.55      10.50                      
   LYS1397 D    10.79      10.50                      
   LYS1399 D    11.20      10.50                      
   LYS1419 D     9.50      10.50                      
   LYS1477 D     9.42      10.50                      
   LYS1478 D    10.31      10.50                      
   LYS1479 D    10.39      10.50                      
   LYS1492 D    12.35      10.50                      
   LYS1493 D    10.68      10.50                      
   LYS1499 D    10.23      10.50                      
   LYS1500 D    10.37      10.50                      
   LYS1504 D    12.07      10.50                      
   LYS1505 D    11.12      10.50                      
   LYS1508 D    10.16      10.50                      
   LYS1516 D    10.30      10.50                      
   LYS1527 D    11.31      10.50                      
   LYS1556 D    10.41      10.50                      
   LYS1562 D    10.31      10.50                      
   LYS1578 D    10.02      10.50                      
   LYS1614 D    10.46      10.50                      
   LYS1641 D    10.16      10.50                      
   LYS1683 D    10.43      10.50                      
   LYS1800 D    10.43      10.50                      
   LYS1829 D    11.14      10.50                      
   LYS1859 D    10.35      10.50                      
   LYS1872 D    11.34      10.50                      
   LYS1878 D     9.97      10.50                      
   ARG  14 A    12.31      12.50                      
   ARG  15 A    12.28      12.50                      
   ARG  18 A    12.28      12.50                      
   ARG  27 A    12.33      12.50                      
   ARG  34 A    12.35      12.50                      
   ARG  53 B    13.22      12.50                      
   ARG 104 B    12.33      12.50                      
   ARG 121 B    10.84      12.50                      
   ARG 122 B    12.99      12.50                      
   ARG 179 B    10.75      12.50                      
   ARG 190 B    12.41      12.50                      
   ARG 219 B    12.83      12.50                      
   ARG 222 B    10.30      12.50                      
   ARG 225 B    11.64      12.50                      
   ARG 277 B    12.88      12.50                      
   ARG 282 B    13.48      12.50                      
   ARG 340 B    12.20      12.50                      
   ARG 367 B    11.38      12.50                      
   ARG 376 B    13.87      12.50                      
   ARG 383 B    13.74      12.50                      
   ARG 433 B    13.14      12.50                      
   ARG 689 C    12.43      12.50                      
   ARG 693 C    12.40      12.50                      
   ARG 800 C    12.46      12.50                      
   ARG 808 C    12.15      12.50                      
   ARG 811 C    13.32      12.50                      
   ARG 814 C    14.24      12.50                      
   ARG 869 C    12.22      12.50                      
   ARG 878 C    12.44      12.50                      
   ARG 893 C    14.33      12.50                      
   ARG1174 D    12.40      12.50                      
   ARG1175 D    12.47      12.50                      
   ARG1193 D    12.41      12.50                      
   ARG1195 D    14.41      12.50                      
   ARG1232 D    12.38      12.50                      
   ARG1303 D    11.23      12.50                      
   ARG1306 D    11.93      12.50                      
   ARG1309 D    13.24      12.50                      
   ARG1312 D    10.91      12.50                      
   ARG1316 D    14.93      12.50                      
   ARG1321 D    11.78      12.50                      
   ARG1362 D    11.45      12.50                      
   ARG1432 D    13.05      12.50                      
   ARG1512 D    12.99      12.50                      
   ARG1583 D    12.28      12.50                      
   ARG1623 D    10.92      12.50                      
   ARG1626 D    12.26      12.50                      
   ARG1629 D    10.65      12.50                      
   ARG1632 D     9.95      12.50                      
   ARG1635 D    15.01      12.50                      
   ARG1638 D    13.49      12.50                      
   ARG1644 D    12.07      12.50                      
   ARG1739 D    12.25      12.50                      
   ARG1826 D    12.40      12.50                      
   ARG1847 D    12.27      12.50                      
   ARG1860 D    13.98      12.50                      
   N+   12 A     7.91       8.00                      
   N+   49 B     7.86       8.00                      
   N+  681 C     7.87       8.00                      
   N+ 1162 D     7.92       8.00                      

2026-06-24 15:26:10,665 INFO:main.py:648:non_trivial:PROPKA information:
--------------------------------------------------------------------------------------------------------
Free energy of   folding (kcal/mol) as a function of pH (using neutral reference)
  0.00     89.00
  1.00     88.34
  2.00     84.12
  3.00     69.96
  4.00     49.76
  5.00     45.00
  6.00     45.54
  7.00     43.51
  8.00     43.09
  9.00     49.63
 10.00     74.26
 11.00    115.58
 12.00    147.23
 13.00    164.81
 14.00    179.02

The pH of optimum stability is  7.7 for which the free energy is   43.0 kcal/mol at 298K
Could not determine pH values where the free energy is within 80 % of minimum
Could not determine the pH-range where the free energy is negative


Protein charge of folded and unfolded state as a function of pH
    pH  unfolded  folded
  0.00    139.99  139.85
  0.10    139.98  139.81
  0.20    139.98  139.77
  0.30    139.97  139.71
  0.40    139.96  139.63
  0.50    139.96  139.55
  0.60    139.94  139.44
  0.70    139.93  139.30
  0.80    139.91  139.14
  0.90    139.89  138.94
  1.00    139.86  138.70
  1.10    139.82  138.41
  1.20    139.78  138.08
  1.30    139.72  137.68
  1.40    139.65  137.22
  1.50    139.56  136.69
  1.60    139.44  136.07
  1.70    139.30  135.38
  1.80    139.12  134.58
  1.90    138.90  133.68
  2.00    138.62  132.67
  2.10    138.27  131.54
  2.20    137.84  130.26
  2.30    137.30  128.83
  2.40    136.63  127.23
  2.50    135.81  125.45
  2.60    134.81  123.46
  2.70    133.59  121.25
  2.80    132.11  118.81
  2.90    130.32  116.14
  3.00    128.20  113.23
  3.10    125.69  110.08
  3.20    122.76  106.70
  3.30    119.37  103.09
  3.40    115.51   99.26
  3.50    111.17   95.23
  3.60    106.36   91.00
  3.70    101.11   86.61
  3.80     95.46   82.06
  3.90     89.49   77.40
  4.00     83.27   72.63
  4.10     76.87   67.79
  4.20     70.39   62.93
  4.30     63.91   58.06
  4.40     57.54   53.24
  4.50     51.36   48.50
  4.60     45.48   43.88
  4.70     39.96   39.44
  4.80     34.89   35.20
  4.90     30.29   31.20
  5.00     26.18   27.47
  5.10     22.57   24.01
  5.20     19.43   20.84
  5.30     16.71   17.94
  5.40     14.36   15.31
  5.50     12.33   12.92
  5.60     10.56   10.75
  5.70      9.00    8.78
  5.80      7.60    6.98
  5.90      6.32    5.33
  6.00      5.11    3.83
  6.10      3.95    2.44
  6.20      2.83    1.16
  6.30      1.72   -0.02
  6.40      0.64   -1.10
  6.50     -0.43   -2.11
  6.60     -1.46   -3.04
  6.70     -2.45   -3.90
  6.80     -3.40   -4.69
  6.90     -4.29   -5.44
  7.00     -5.14   -6.14
  7.10     -5.93   -6.80
  7.20     -6.68   -7.43
  7.30     -7.40   -8.05
  7.40     -8.12   -8.65
  7.50     -8.84   -9.24
  7.60     -9.58   -9.84
  7.70    -10.38  -10.45
  7.80    -11.24  -11.08
  7.90    -12.18  -11.73
  8.00    -13.24  -12.41
  8.10    -14.43  -13.13
  8.20    -15.77  -13.90
  8.30    -17.30  -14.74
  8.40    -19.03  -15.66
  8.50    -20.98  -16.68
  8.60    -23.18  -17.81
  8.70    -25.64  -19.07
  8.80    -28.36  -20.50
  8.90    -31.34  -22.10
  9.00    -34.58  -23.91
  9.10    -38.09  -25.94
  9.20    -41.85  -28.21
  9.30    -45.87  -30.74
  9.40    -50.17  -33.55
  9.50    -54.76  -36.66
  9.60    -59.67  -40.08
  9.70    -64.90  -43.82
  9.80    -70.46  -47.88
  9.90    -76.34  -52.25
 10.00    -82.49  -56.92
 10.10    -88.86  -61.85
 10.20    -95.37  -67.01
 10.30   -101.93  -72.34
 10.40   -108.42  -77.79
 10.50   -114.76  -83.29
 10.60   -120.82  -88.80
 10.70   -126.54  -94.26
 10.80   -131.84  -99.65
 10.90   -136.68 -104.93
 11.00   -141.07 -110.10
 11.10   -145.02 -115.15
 11.20   -148.58 -120.07
 11.30   -151.79 -124.87
 11.40   -154.73 -129.56
 11.50   -157.48 -134.14
 11.60   -160.12 -138.62
 11.70   -162.72 -143.01
 11.80   -165.35 -147.31
 11.90   -168.06 -151.53
 12.00   -170.91 -155.66
 12.10   -173.92 -159.70
 12.20   -177.08 -163.65
 12.30   -180.37 -167.48
 12.40   -183.76 -171.19
 12.50   -187.18 -174.74
 12.60   -190.56 -178.14
 12.70   -193.82 -181.35
 12.80   -196.89 -184.37
 12.90   -199.73 -187.19
 13.00   -202.29 -189.82
 13.10   -204.55 -192.25
 13.20   -206.52 -194.49
 13.30   -208.21 -196.55
 13.40   -209.63 -198.44
 13.50   -210.83 -200.16
 13.60   -211.81 -201.73
 13.70   -212.62 -203.16
 13.80   -213.29 -204.45
 13.90   -213.82 -205.63
 14.00   -214.26 -206.69
The pI is  6.30 (folded) and  6.46 (unfolded)

--------------------------------------------------------------------------------------------------------
2026-06-24 15:26:10,665 INFO:biomolecule.py:797:apply_pka_values:Applying pKa values at a pH of 7.40:
2026-06-24 15:26:10,667 INFO:main.py:661:non_trivial:Adding hydrogens to biomolecule.
2026-06-24 15:26:11,189 INFO:main.py:664:non_trivial:Debumping biomolecule (again).
2026-06-24 15:26:11,784 INFO:main.py:666:non_trivial:Optimizing hydrogen bonds
2026-06-24 15:26:12,925 INFO:main.py:678:non_trivial:Applying force field to biomolecule states.
2026-06-24 15:26:12,932 INFO:main.py:725:non_trivial:Regenerating headers.
2026-06-24 15:26:12,933 INFO:main.py:750:non_trivial:Regenerating PDB lines.
2026-06-24 15:26:12,978 WARNING:main.py:326:print_pqr:Ignoring 466 header lines in output.
