2026-06-24 14:41:55,816 INFO:main.py:246:print_splash_screen:PDB2PQR v3.7.1: biomolecular structure conversion software.
2026-06-24 14:41:55,816 INFO:main.py:248:print_splash_screen:Please cite:  Jurrus E, et al.  Improvements to the APBS biomolecular solvation software suite.  Protein Sci 27 112-128 (2018).
2026-06-24 14:41:55,816 INFO:main.py:248:print_splash_screen:Please cite:  Dolinsky TJ, et al.  PDB2PQR: expanding and upgrading automated preparation of biomolecular structures for molecular simulations. Nucleic Acids Res 35 W522-W525 (2007).
2026-06-24 14:41:55,816 INFO:main.py:770:main_driver:Checking and transforming input arguments.
2026-06-24 14:41:55,816 INFO:main.py:774:main_driver:Loading topology files.
2026-06-24 14:41:55,839 INFO:main.py:776:main_driver:Loading molecule: /home/yagmur/Desktop/bioinformatics_master/07_binding_site_analysis/katman0/electrostatics/holoMutant_prot_prot.pdb
2026-06-24 14:41:55,839 ERROR:pdb.py:2587:read_pdb:Error parsing line: invalid literal for int() with base 10: ''
2026-06-24 14:41:55,839 ERROR:pdb.py:2588:read_pdb:<REMARK     1 CREATED WITH MDTraj 1.10.3, 2026-06-16>
2026-06-24 14:41:55,839 ERROR:pdb.py:2589:read_pdb:Truncating remaining errors for record type:REMARK
2026-06-24 14:41:55,879 WARNING:io.py:474:get_molecule:Warning: /home/yagmur/Desktop/bioinformatics_master/07_binding_site_analysis/katman0/electrostatics/holoMutant_prot_prot.pdb is a non-standard PDB file.

2026-06-24 14:41:55,879 ERROR:io.py:475:get_molecule:['REMARK']
2026-06-24 14:41:55,879 INFO:main.py:781:main_driver:Setting up molecule.
2026-06-24 14:41:55,907 INFO:main.py:423:setup_molecule:Created biomolecule object with 1395 residues and 22610 atoms.
2026-06-24 14:41:55,908 INFO:main.py:785:main_driver:Setting termini states for biomolecule chains.
2026-06-24 14:41:55,924 INFO:main.py:616:non_trivial:Loading forcefield.
2026-06-24 14:41:55,926 INFO:main.py:620:non_trivial:Loading hydrogen topology definitions.
2026-06-24 14:41:55,929 INFO:main.py:474:is_repairable:This biomolecule is clean.  No repair needed.
2026-06-24 14:41:55,929 INFO:main.py:635:non_trivial:Updating disulfide bridges.
2026-06-24 14:41:55,931 INFO:main.py:638:non_trivial:Debumping biomolecule.
2026-06-24 14:41:56,106 INFO:main.py:645:non_trivial:Assigning titration states with PROPKA.
2026-06-24 14:41:56,133 INFO:output.py:74:print_header:
propka3.5.1                                                                                  2026-06-24

-------------------------------------------------------------------------------
--                                                                           --
--  PROPKA: A PROTEIN PKA PREDICTOR                                          --
--                                                                           --
--  VERSION 1.0,  04/25/2004,  IOWA CITY                                     --
--  BY HUI LI                                                                --
--                                                                           --
--  VERSION 2.0,  11/05/2007, IOWA CITY/COPENHAGEN                           --
--  BY DELPHINE C. BAS AND DAVID M. ROGERS                                   --
--                                                                           --
--  VERSION 3.0,  01/06/2011, COPENHAGEN                                     --
--  BY MATS H.M. OLSSON AND CHRESTEN R. SONDERGARD                           --
--                                                                           --
--  VERSION 3.1,  07/01/2011, COPENHAGEN                                     --
--  BY CHRESTEN R. SONDERGARD AND MATS H.M. OLSSON                           --
--                                                                           --
--  VERSION 3.2,  06/17/2020, PLANET EARTH                                   --
--  SEE ABOVE FOR AUTHORS                                                    --
--                                                                           --
-------------------------------------------------------------------------------


-------------------------------------------------------------------------------
References:

Very Fast Empirical Prediction and Rationalization of Protein pKa Values.
Hui Li, Andrew D. Robertson and Jan H. Jensen. PROTEINS: Structure, Function,
and Bioinformatics. 61:704-721 (2005)

Very Fast Prediction and Rationalization of pKa Values for Protein-Ligand
Complexes.  Delphine C. Bas, David M. Rogers and Jan H. Jensen.  PROTEINS:
Structure, Function, and Bioinformatics 73:765-783 (2008)

PROPKA3: Consistent Treatment of Internal and Surface Residues in Empirical
pKa predictions.  Mats H.M. Olsson, Chresten R. Sondergard, Michal Rostkowski,
and Jan H. Jensen.  Journal of Chemical Theory and Computation, 7(2):525-537
(2011)

Improved Treatment of Ligands and Coupling Effects in Empirical Calculation
and Rationalization of pKa Values.  Chresten R. Sondergaard, Mats H.M. Olsson,
Michal Rostkowski, and Jan H. Jensen.  Journal of Chemical Theory and
Computation, (2011)
-------------------------------------------------------------------------------



2026-06-24 14:41:56,305 INFO:conformation_container.py:124:find_covalently_coupled_groups:Coupling map:
Covalent coupling map for Conformation container 1A with 13125 atoms and 3377 groups
            N+  681 D | HIS 681 D | 
N+  681 D             |     X     | 
HIS 681 D       X     |           | 
2026-06-24 14:41:56,305 INFO:conformation_container.py:213:calculate_pka:Calculating pKas for Conformation container 1A with 13125 atoms and 3377 groups
2026-06-24 14:41:58,716 INFO:iterative.py:286:add_determinants:did not converge in 10 iterations
2026-06-24 14:41:58,718 INFO:conformation_container.py:235:calculate_pka:Removing penalised groups!!!
2026-06-24 14:41:58,877 INFO:output.py:225:print_pka_section:pKa determinants:

---------  -----   ------   ---------------------    --------------    --------------    --------------
                            DESOLVATION  EFFECTS       SIDECHAIN          BACKBONE        COULOMBIC
 RESIDUE    pKa    BURIED     REGULAR      RE        HYDROGEN BOND     HYDROGEN BOND      INTERACTION
---------  -----   ------   ---------   ---------    --------------    --------------    --------------

GLU  19 A   4.60     0 %    0.10  113   0.00    0    0.00 XXX   0 X    0.00 XXX   0 X    0.00 XXX   0 X

GLU  25 A   4.60     0 %    0.31  247   0.00    0    0.00 XXX   0 X    0.00 XXX   0 X   -0.00 ARG  18 A
GLU  25 A                                            0.00 XXX   0 X    0.00 XXX   0 X   -0.14 LYS  26 A
GLU  25 A                                            0.00 XXX   0 X    0.00 XXX   0 X   -0.07 HIS 118 C

GLU  30 A   4.45     0 %    0.16  233   0.00    0    0.00 XXX   0 X    0.00 XXX   0 X   -0.03 LYS  31 A
GLU  30 A                                            0.00 XXX   0 X    0.00 XXX   0 X   -0.17 LYS  91 C
GLU  30 A                                            0.00 XXX   0 X    0.00 XXX   0 X   -0.00 ARG 121 C

C-   35 A   3.28     0 %    0.08   41   0.00    0    0.00 XXX   0 X    0.00 XXX   0 X    0.00 XXX   0 X

LYS  26 A  10.45     0 %   -0.16  198   0.00    0    0.00 XXX   0 X    0.00 XXX   0 X    0.14 GLU  25 A
LYS  26 A                                            0.00 XXX   0 X    0.00 XXX   0 X   -0.03 ARG  34 A

LYS  31 A  10.30     0 %   -0.13  169   0.00    0    0.00 XXX   0 X    0.00 XXX   0 X    0.03 GLU  30 A
LYS  31 A                                            0.00 XXX   0 X    0.00 XXX   0 X   -0.11 LYS  26 A

ARG  14 A  12.18     0 %   -0.32   89   0.00    0    0.00 XXX   0 X    0.00 XXX   0 X    0.00 XXX   0 X

ARG  15 A  12.44     0 %   -0.06   56   0.00    0    0.00 XXX   0 X    0.00 XXX   0 X    0.00 XXX   0 X

ARG  18 A  12.34     0 %   -0.16  106   0.00    0    0.00 XXX   0 X    0.00 XXX   0 X    0.00 GLU  25 A

ARG  27 A  12.51     0 %   -0.36  215   0.00    0    0.04 TYR  87 C    0.00 XXX   0 X    0.33 TYR  87 C

ARG  34 A  12.43     0 %   -0.07  111   0.00    0    0.00 XXX   0 X    0.00 XXX   0 X    0.00 XXX   0 X

N+   12 A   7.92     0 %   -0.08   55   0.00    0    0.00 XXX   0 X    0.00 XXX   0 X    0.00 XXX   0 X

C-   37 B   2.74    12 %    0.46  316   0.00    0   -0.71 THR 423 C    0.00 XXX   0 X   -0.18 N+   36 B
C-   37 B                                            0.00 XXX   0 X    0.00 XXX   0 X   -0.03 LYS 430 C

N+   36 B   7.39    30 %   -0.85  365   0.00    0    0.00 XXX   0 X    0.00 XXX   0 X    0.18 C-   37 B
N+   36 B                                            0.00 XXX   0 X    0.00 XXX   0 X    0.06 GLU 417 C

ASP  57 C   3.96     0 %    0.20  237   0.00    0    0.00 XXX   0 X    0.00 XXX   0 X   -0.03 ARG 104 C

ASP  66 C   3.85     0 %    0.13  134   0.00    0    0.00 XXX   0 X    0.00 XXX   0 X   -0.03 LYS  63 C
ASP  66 C                                            0.00 XXX   0 X    0.00 XXX   0 X   -0.05 LYS 100 C

ASP  82 C   3.22     0 %    0.27  211   0.00    0   -0.85 TYR  68 C    0.00 XXX   0 X    0.00 XXX   0 X

ASP  84 C   1.88    25 %    1.40  352   0.24    0   -0.76 SER  88 C    0.00 XXX   0 X   -0.48 ARG 104 C
ASP  84 C                                           -0.72 THR  89 C    0.00 XXX   0 X    0.00 XXX   0 X
ASP  84 C                                           -1.59 ARG 104 C    0.00 XXX   0 X    0.00 XXX   0 X

ASP 152 C   4.04    23 %    0.47  345   0.17    0    0.00 XXX   0 X    0.00 XXX   0 X   -0.00 LYS 158 C
ASP 152 C                                            0.00 XXX   0 X    0.00 XXX   0 X   -0.06 ARG 219 C
ASP 152 C                                            0.00 XXX   0 X    0.00 XXX   0 X   -0.06 LYS 863 D
ASP 152 C                                            0.00 XXX   0 X    0.00 XXX   0 X   -0.28 HIS 151 C

ASP 191 C   4.32    29 %    0.70  362   0.19    0    0.00 XXX   0 X    0.00 XXX   0 X   -0.04 LYS 175 C
ASP 191 C                                            0.00 XXX   0 X    0.00 XXX   0 X   -0.32 ARG 179 C
ASP 191 C                                            0.00 XXX   0 X    0.00 XXX   0 X   -0.00 ARG 190 C
ASP 191 C                                            0.00 XXX   0 X    0.00 XXX   0 X   -0.01 LYS 237 C

ASP 197 C   4.43*   85 %    2.49  518   0.71    0    0.07 GLU 171 C    0.00 XXX   0 X    0.88 GLU 171 C
ASP 197 C                                           -0.85 LYS 228 C    0.00 XXX   0 X   -0.62 LYS 175 C
ASP 197 C                                            0.00 XXX   0 X    0.00 XXX   0 X   -0.71 ARG 225 C
ASP 197 C                                            0.00 XXX   0 X    0.00 XXX   0 X   -1.33 LYS 228 C

ASP 211 C   3.95     0 %    0.12  139   0.00    0    0.00 XXX   0 X    0.00 XXX   0 X    0.03 GLU 208 C

ASP 252 C   4.29    15 %    0.49  324   0.00    0    0.00 XXX   0 X    0.00 XXX   0 X    0.00 XXX   0 X

ASP 297 C   3.90     0 %    0.18  205   0.00    0    0.00 XXX   0 X   -0.04 ASP 297 C   -0.05 ARG 282 C

ASP 305 C   2.93     0 %    0.34  238   0.00    0   -0.84 SER 303 C   -0.12 ASP 305 C   -0.01 ARG 277 C
ASP 305 C                                            0.00 XXX   0 X   -0.24 LEU 306 C    0.00 XXX   0 X

ASP 310 C   3.77     0 %    0.38  257   0.00    0   -0.41 TRP 301 C    0.00 XXX   0 X    0.00 XXX   0 X

ASP 322 C   2.20    48 %    1.34  417   0.25    0   -1.42 ARG 376 C   -0.54 VAL 323 C   -0.19 LYS 279 C
ASP 322 C                                            0.00 XXX   0 X    0.00 XXX   0 X   -0.34 LYS 317 C
ASP 322 C                                            0.00 XXX   0 X    0.00 XXX   0 X   -0.70 ARG 376 C

ASP 331 C   3.49     0 %    0.35  273   0.00    0    0.00 XXX   0 X   -0.46 ALA 332 C   -0.11 ARG 383 C
ASP 331 C                                            0.00 XXX   0 X    0.00 XXX   0 X   -0.08 LYS 387 C

ASP 349 C   2.55    66 %    1.73  466   0.00    0   -0.81 THR 353 C   -0.08 ASP 349 C   -0.26 LYS 279 C
ASP 349 C                                           -1.17 ARG 376 C    0.00 XXX   0 X   -0.10 ARG 367 C
ASP 349 C                                            0.00 XXX   0 X    0.00 XXX   0 X    0.33 ASP 322 C
ASP 349 C                                            0.00 XXX   0 X    0.00 XXX   0 X   -0.10 HIS 350 C
ASP 349 C                                            0.00 XXX   0 X    0.00 XXX   0 X   -0.81 ARG 376 C

ASP 356 C   5.26    75 %    2.05  490   0.29    0   -0.33 SER 354 C   -0.80 GLY 274 C   -0.09 ARG 277 C
ASP 356 C                                            0.00 XXX   0 X    0.00 XXX   0 X   -0.00 LYS 279 C
ASP 356 C                                            0.00 XXX   0 X    0.00 XXX   0 X   -0.16 LYS 343 C
ASP 356 C                                            0.00 XXX   0 X    0.00 XXX   0 X    0.43 ASP1550 G
ASP 356 C                                            0.00 XXX   0 X    0.00 XXX   0 X    0.07 ASP1551 G

ASP 372 C   5.29    89 %    2.80  530   0.72    0   -0.72 CYS 373 C   -0.02 CYS 373 C   -0.22 ARG 367 C
ASP 372 C                                            0.00 XXX   0 X   -0.82 TRP 899 D   -0.45 ARG 893 D
ASP 372 C                                            0.00 XXX   0 X   -0.80 ILE 900 D   -0.04 LYS1419 F
ASP 372 C                                            0.00 XXX   0 X    0.00 XXX   0 X    0.30 GLU 901 D
ASP 372 C                                            0.00 XXX   0 X    0.00 XXX   0 X    0.75 GLU 898 D

GLU  49 C   4.52     0 %    0.02   23   0.00    0    0.00 XXX   0 X    0.00 XXX   0 X    0.00 XXX   0 X

GLU  50 C   4.55     0 %    0.05   48   0.00    0    0.00 XXX   0 X    0.00 XXX   0 X    0.00 XXX   0 X

GLU  74 C   4.58     0 %    0.08   96   0.00    0    0.00 XXX   0 X    0.00 XXX   0 X    0.00 XXX   0 X

GLU  78 C   3.59     0 %    0.39  276   0.00    0   -0.85 LYS 126 C    0.00 XXX   0 X   -0.07 ARG 122 C
GLU  78 C                                            0.00 XXX   0 X    0.00 XXX   0 X   -0.38 LYS 126 C

GLU  81 C   4.07    10 %    0.32  309   0.01    0   -0.42 ARG 122 C    0.00 XXX   0 X    0.01 GLU  78 C
GLU  81 C                                            0.00 XXX   0 X    0.00 XXX   0 X    0.01 ASP  82 C
GLU  81 C                                            0.00 XXX   0 X    0.00 XXX   0 X   -0.37 ARG 122 C

GLU 161 C   2.13    59 %    2.07  447   0.13    0   -0.85 LYS 158 C    0.00 XXX   0 X   -0.63 LYS 158 C
GLU 161 C                                           -1.42 ARG 219 C    0.00 XXX   0 X   -0.84 ARG 219 C
GLU 161 C                                           -0.01 ARG 222 C    0.00 XXX   0 X   -0.82 ARG 222 C

GLU 171 C   2.86*   82 %    2.57  512   0.16    0   -0.85 LYS 175 C    0.00 XXX   0 X   -0.22 ARG 225 C
GLU 171 C                                           -0.07 ASP 197 C    0.00 XXX   0 X   -1.09 LYS 175 C
GLU 171 C                                           -0.85 LYS 228 C    0.00 XXX   0 X   -1.29 LYS 228 C

GLU 208 C   3.86    35 %    0.93  379   0.10    0   -0.85 LYS 158 C    0.00 XXX   0 X   -0.33 ARG 219 C
GLU 208 C                                            0.00 XXX   0 X    0.00 XXX   0 X   -0.37 ARG 222 C
GLU 208 C                                            0.00 XXX   0 X    0.00 XXX   0 X    0.43 GLU 161 C
GLU 208 C                                            0.00 XXX   0 X    0.00 XXX   0 X   -0.54 LYS 158 C

GLU 295 C   4.45     0 %    0.32  180   0.00    0    0.00 XXX   0 X   -0.46 GLY 298 C    0.09 ASP 297 C

GLU 302 C   4.59     0 %    0.09  134   0.00    0    0.00 XXX   0 X    0.00 XXX   0 X    0.00 XXX   0 X

GLU 312 C   4.80     0 %    0.14  191   0.00    0    0.00 XXX   0 X    0.00 XXX   0 X    0.16 ASP 310 C

GLU 337 C   4.57     0 %    0.07  106   0.00    0    0.00 XXX   0 X    0.00 XXX   0 X    0.00 XXX   0 X

GLU 346 C   4.22     0 %    0.15  235   0.00    0    0.00 XXX   0 X    0.00 XXX   0 X   -0.02 ARG 277 C
GLU 346 C                                            0.00 XXX   0 X    0.00 XXX   0 X   -0.28 LYS 347 C
GLU 346 C                                            0.00 XXX   0 X    0.00 XXX   0 X   -0.12 HIS 350 C

GLU 375 C   6.99    75 %    1.46  491   0.40    0    0.00 XXX   0 X    0.00 XXX   0 X   -0.05 LYS1419 F
GLU 375 C                                            0.00 XXX   0 X    0.00 XXX   0 X    0.02 GLU 901 D
GLU 375 C                                            0.00 XXX   0 X    0.00 XXX   0 X    0.49 ASP1689 H
GLU 375 C                                            0.00 XXX   0 X    0.00 XXX   0 X    0.17 ASP1714 H

GLU 417 C   4.59    13 %    0.51  319   0.00    0   -0.41 ASN 420 C    0.00 XXX   0 X   -0.06 N+   36 B
GLU 417 C                                            0.00 XXX   0 X    0.00 XXX   0 X    0.06 C-  943 D

GLU 418 C   3.80    10 %    0.55  310   0.03    0   -0.85 LYS 249 C    0.00 XXX   0 X   -0.43 LYS 249 C

GLU 426 C   4.49     0 %    0.21  239   0.00    0    0.00 XXX   0 X    0.00 XXX   0 X   -0.03 LYS  98 C
GLU 426 C                                            0.00 XXX   0 X    0.00 XXX   0 X   -0.22 LYS 430 C
GLU 426 C                                            0.00 XXX   0 X    0.00 XXX   0 X    0.04 C-   37 B

GLU 428 C   3.97     0 %    0.32  118   0.00    0   -0.85 LYS 432 C    0.00 XXX   0 X    0.00 XXX   0 X

GLU 429 C   4.36     0 %    0.20  156   0.00    0    0.00 XXX   0 X    0.00 XXX   0 X   -0.35 ARG 433 C
GLU 429 C                                            0.00 XXX   0 X    0.00 XXX   0 X    0.01 C-  433 C

GLU 431 C   4.50     0 %    0.14  136   0.00    0    0.00 XXX   0 X    0.00 XXX   0 X   -0.01 LYS  63 C
GLU 431 C                                            0.00 XXX   0 X    0.00 XXX   0 X   -0.08 LYS  98 C
GLU 431 C                                            0.00 XXX   0 X    0.00 XXX   0 X   -0.10 LYS 430 C
GLU 431 C                                            0.00 XXX   0 X    0.00 XXX   0 X    0.04 C-  433 C

C-  433 C   2.25     0 %    0.39  202   0.00    0   -0.85 LYS  63 C    0.00 XXX   0 X   -0.11 ARG 433 C
C-  433 C                                            0.00 XXX   0 X    0.00 XXX   0 X   -0.38 LYS  63 C

HIS 118 C   7.01     0 %   -0.33  272   0.00    0    0.00 XXX   0 X    0.77 SER 115 C    0.07 GLU  25 A

HIS 130 C   6.18     0 %   -0.28  183   0.00    0    0.00 XXX   0 X    0.00 XXX   0 X   -0.04 LYS 126 C

HIS 151 C   5.66    50 %   -1.31  422   0.00    0    0.31 GLN 859 D    0.00 XXX   0 X   -0.00 ARG 219 C
HIS 151 C                                            0.00 XXX   0 X    0.00 XXX   0 X   -0.11 LYS 863 D
HIS 151 C                                            0.00 XXX   0 X    0.00 XXX   0 X   -0.03 ARG 869 D
HIS 151 C                                            0.00 XXX   0 X    0.00 XXX   0 X    0.28 ASP 152 C
HIS 151 C                                            0.00 XXX   0 X    0.00 XXX   0 X    0.03 ASP 883 D

HIS 184 C   6.24     0 %   -0.19  209   0.00    0    0.00 XXX   0 X    0.00 XXX   0 X   -0.07 ARG 190 C

HIS 278 C   5.41    41 %   -1.00  396   0.00    0    0.00 XXX   0 X    0.00 XXX   0 X   -0.01 ARG 277 C
HIS 278 C                                            0.00 XXX   0 X    0.00 XXX   0 X   -0.10 LYS 343 C
HIS 278 C                                            0.00 XXX   0 X    0.00 XXX   0 X    0.02 ASP1550 G

HIS 350 C   6.31     5 %   -0.27  294   0.00    0    0.00 XXX   0 X    0.00 XXX   0 X   -0.01 LYS 279 C
HIS 350 C                                            0.00 XXX   0 X    0.00 XXX   0 X   -0.13 LYS 347 C
HIS 350 C                                            0.00 XXX   0 X    0.00 XXX   0 X    0.12 GLU 346 C
HIS 350 C                                            0.00 XXX   0 X    0.00 XXX   0 X    0.10 ASP 349 C

CYS 139 C   9.34     0 %    0.34  225   0.00    0    0.00 XXX   0 X    0.00 XXX   0 X    0.00 XXX   0 X

CYS 145 C  10.68    56 %    1.69  437   0.00    0    0.00 XXX   0 X   -0.01 CYS 145 C    0.00 XXX   0 X

CYS 182 C   9.42     0 %    0.53  251   0.00    0    0.00 XXX   0 X    0.00 XXX   0 X   -0.11 ARG 190 C

CYS 260 C  11.05    71 %    2.11  480   0.00    0    0.00 XXX   0 X   -0.06 CYS 260 C    0.00 XXX   0 X

CYS 280 C  10.34    43 %    1.58  402   0.00    0   -0.01 ARG 383 C    0.00 XXX   0 X   -0.27 ARG 383 C
CYS 280 C                                           -0.57 CYS 335 C    0.00 XXX   0 X    0.28 CYS 326 C
CYS 280 C                                            0.00 XXX   0 X    0.00 XXX   0 X    0.34 CYS 341 C

CYS 326 C  10.93*   38 %    1.05  388   0.00    0    0.50 CYS 341 C   -0.13 GLY 327 C   -0.17 ARG 383 C
CYS 326 C                                            0.00 XXX   0 X    0.00 XXX   0 X    0.17 CYS 335 C
CYS 326 C                                            0.00 XXX   0 X    0.00 XXX   0 X    0.50 CYS 341 C

CYS 335 C  11.83*   13 %    0.91  318   0.00    0    0.57 CYS 280 C    0.00 XXX   0 X   -0.08 ARG 383 C
CYS 335 C                                            0.47 CYS 341 C    0.00 XXX   0 X    0.50 CYS 280 C
CYS 335 C                                            0.00 XXX   0 X    0.00 XXX   0 X    0.02 GLU 337 C
CYS 335 C                                            0.00 XXX   0 X    0.00 XXX   0 X    0.44 CYS 341 C

CYS 341 C   8.70*   20 %    0.73  336   0.00    0   -0.50 CYS 326 C    0.00 XXX   0 X   -0.03 ARG 340 C
CYS 341 C                                           -0.47 CYS 335 C    0.00 XXX   0 X   -0.04 ARG 383 C

CYS 373 C  13.44    81 %    2.05  509   0.00    0    0.72 ASP 372 C    0.00 XXX   0 X   -0.43 ARG 367 C
CYS 373 C                                            0.00 XXX   0 X    0.00 XXX   0 X   -0.26 ARG 893 D
CYS 373 C                                            0.00 XXX   0 X    0.00 XXX   0 X    0.22 GLU 375 C
CYS 373 C                                            0.00 XXX   0 X    0.00 XXX   0 X    0.36 GLU 898 D
CYS 373 C                                            0.00 XXX   0 X    0.00 XXX   0 X    1.25 ASP 372 C
CYS 373 C                                            0.00 XXX   0 X    0.00 XXX   0 X    0.52 GLU 901 D

TYR  68 C  11.77     0 %    0.54  268   0.00    0    0.85 ASP  82 C    0.00 XXX   0 X    0.38 ASP  82 C

TYR  87 C   9.80     0 %    0.47  266   0.00    0   -0.04 ARG  27 A    0.00 XXX   0 X   -0.33 ARG  27 A
TYR  87 C                                            0.00 XXX   0 X    0.00 XXX   0 X    0.04 GLU  30 A
TYR  87 C                                            0.00 XXX   0 X    0.00 XXX   0 X   -0.34 LYS  91 C

TYR 112 C  10.11     0 %    0.10  175   0.00    0    0.00 XXX   0 X    0.00 XXX   0 X    0.00 CYS 182 C

TYR 159 C  10.09     0 %    0.09  119   0.00    0    0.00 XXX   0 X    0.00 XXX   0 X    0.00 XXX   0 X

TYR 162 C  10.37     0 %    0.26  252   0.00    0    0.00 XXX   0 X    0.00 XXX   0 X    0.09 GLU 161 C
TYR 162 C                                            0.00 XXX   0 X    0.00 XXX   0 X    0.20 GLU 208 C
TYR 162 C                                            0.00 XXX   0 X    0.00 XXX   0 X    0.03 ASP 211 C
TYR 162 C                                            0.00 XXX   0 X    0.00 XXX   0 X   -0.04 ARG 222 C
TYR 162 C                                            0.00 XXX   0 X    0.00 XXX   0 X   -0.20 LYS 158 C
TYR 162 C                                            0.00 XXX   0 X    0.00 XXX   0 X    0.03 TYR 159 C

TYR 168 C  12.76    80 %    3.24  505   0.00    0    0.00 XXX   0 X    0.00 XXX   0 X    0.23 CYS 145 C
TYR 168 C                                            0.00 XXX   0 X    0.00 XXX   0 X    0.03 GLU 171 C
TYR 168 C                                            0.00 XXX   0 X    0.00 XXX   0 X    0.07 ASP 197 C
TYR 168 C                                            0.00 XXX   0 X    0.00 XXX   0 X   -0.07 ARG 222 C
TYR 168 C                                            0.00 XXX   0 X    0.00 XXX   0 X   -0.73 ARG 225 C

TYR 205 C   9.82    17 %    0.72  328   0.00    0   -0.85 THR 169 C    0.00 XXX   0 X   -0.02 ARG 222 C
TYR 205 C                                            0.00 XXX   0 X    0.00 XXX   0 X   -0.03 ARG 225 C

TYR 307 C  11.30    22 %    1.31  344   0.00    0    0.00 XXX   0 X    0.00 XXX   0 X   -0.07 ARG 282 C
TYR 307 C                                            0.00 XXX   0 X    0.00 XXX   0 X    0.00 GLU 295 C
TYR 307 C                                            0.00 XXX   0 X    0.00 XXX   0 X    0.10 ASP 297 C
TYR 307 C                                            0.00 XXX   0 X    0.00 XXX   0 X    0.02 ASP 310 C
TYR 307 C                                            0.00 XXX   0 X    0.00 XXX   0 X   -0.06 ARG 340 C

TYR 314 C  11.69    51 %    1.76  425   0.00    0    0.00 XXX   0 X    0.00 XXX   0 X   -0.10 ARG 277 C
TYR 314 C                                            0.00 XXX   0 X    0.00 XXX   0 X    0.01 ASP 310 C
TYR 314 C                                            0.00 XXX   0 X    0.00 XXX   0 X    0.02 TYR 307 C

TYR 339 C  10.01     0 %    0.35  258   0.00    0   -0.02 ARG 282 C    0.00 XXX   0 X    0.02 CYS 280 C
TYR 339 C                                            0.00 XXX   0 X    0.00 XXX   0 X   -0.38 ARG 282 C
TYR 339 C                                            0.00 XXX   0 X    0.00 XXX   0 X    0.04 CYS 335 C

TYR 352 C  11.39    41 %    1.33  395   0.00    0    0.00 XXX   0 X    0.00 XXX   0 X   -0.04 ARG 367 C
TYR 352 C                                            0.00 XXX   0 X    0.00 XXX   0 X    0.09 CYS 915 D

TYR 378 C  13.71   100 %    3.77  564   0.00    0   -0.07 TRP 374 C    0.00 XXX   0 X    0.00 XXX   0 X

TYR 389 C  10.37    42 %    1.19  398   0.00    0   -0.32 ARG1623 H    0.00 XXX   0 X   -0.50 ARG1623 H

TYR 403 C  12.67    76 %    2.29  495   0.00    0    0.00 XXX   0 X    0.00 XXX   0 X    0.38 CYS 260 C

TYR 416 C  11.21    42 %    1.31  398   0.00    0   -0.38 ASN 420 C    0.00 XXX   0 X    0.07 C-   37 B
TYR 416 C                                            0.00 XXX   0 X    0.00 XXX   0 X    0.21 GLU 417 C

LYS  62 C  10.35     0 %   -0.15  230   0.00    0    0.00 XXX   0 X    0.00 XXX   0 X    0.00 XXX   0 X

LYS  63 C  11.31     0 %   -0.44  237   0.00    0    0.85 C-  433 C    0.00 XXX   0 X    0.03 ASP  66 C
LYS  63 C                                            0.00 XXX   0 X    0.00 XXX   0 X    0.01 GLU 431 C
LYS  63 C                                            0.00 XXX   0 X    0.00 XXX   0 X   -0.02 ARG 433 C
LYS  63 C                                            0.00 XXX   0 X    0.00 XXX   0 X    0.38 C-  433 C

LYS  91 C  10.23    28 %   -0.53  360   0.00    0    0.00 XXX   0 X    0.00 XXX   0 X   -0.03 ARG  27 A
LYS  91 C                                            0.00 XXX   0 X    0.00 XXX   0 X    0.17 GLU  30 A
LYS  91 C                                            0.00 XXX   0 X    0.00 XXX   0 X   -0.21 ARG 121 C
LYS  91 C                                            0.00 XXX   0 X    0.00 XXX   0 X    0.34 TYR  87 C

LYS  98 C  10.30     0 %   -0.13  203   0.00    0    0.00 XXX   0 X    0.00 XXX   0 X    0.03 GLU 426 C
LYS  98 C                                            0.00 XXX   0 X    0.00 XXX   0 X    0.08 GLU 431 C
LYS  98 C                                            0.00 XXX   0 X    0.00 XXX   0 X   -0.19 LYS 430 C

LYS 100 C  10.25     0 %   -0.28  193   0.00    0    0.00 XXX   0 X    0.00 XXX   0 X    0.05 ASP  66 C
LYS 100 C                                            0.00 XXX   0 X    0.00 XXX   0 X   -0.02 LYS  63 C

LYS 126 C  11.26     0 %   -0.40  262   0.00    0    0.85 GLU  78 C    0.00 XXX   0 X   -0.08 ARG 122 C
LYS 126 C                                            0.00 XXX   0 X    0.00 XXX   0 X    0.38 GLU  78 C

LYS 158 C  11.43    37 %   -1.30  385   0.00    0    0.85 GLU 161 C    0.00 XXX   0 X    0.00 ASP 152 C
LYS 158 C                                            0.85 GLU 208 C    0.00 XXX   0 X   -0.54 ARG 219 C
LYS 158 C                                            0.00 XXX   0 X    0.00 XXX   0 X   -0.31 ARG 222 C
LYS 158 C                                            0.00 XXX   0 X    0.00 XXX   0 X    0.20 TYR 162 C
LYS 158 C                                            0.00 XXX   0 X    0.00 XXX   0 X    0.63 GLU 161 C
LYS 158 C                                            0.00 XXX   0 X    0.00 XXX   0 X    0.54 GLU 208 C

LYS 175 C   9.94    77 %   -1.89  496   0.00    0   -0.02 LYS 228 C    0.00 XXX   0 X    0.04 ASP 191 C
LYS 175 C                                            0.85 GLU 171 C    0.00 XXX   0 X   -1.20 LYS 228 C
LYS 175 C                                            0.00 XXX   0 X    0.00 XXX   0 X   -0.05 LYS 237 C
LYS 175 C                                            0.00 XXX   0 X    0.00 XXX   0 X    1.09 GLU 171 C
LYS 175 C                                            0.00 XXX   0 X    0.00 XXX   0 X    0.62 ASP 197 C

LYS 228 C  11.39    90 %   -2.92  534   0.00    0    0.02 LYS 175 C    0.00 XXX   0 X   -0.54 ARG 225 C
LYS 228 C                                            0.85 GLU 171 C    0.00 XXX   0 X    1.29 GLU 171 C
LYS 228 C                                            0.85 ASP 197 C    0.00 XXX   0 X    1.33 ASP 197 C

LYS 237 C  10.05    12 %   -0.46  316   0.00    0    0.00 XXX   0 X    0.00 XXX   0 X    0.01 ASP 191 C

LYS 248 C  10.35     0 %   -0.14  166   0.00    0    0.00 XXX   0 X    0.00 XXX   0 X   -0.01 LYS 249 C

LYS 249 C  11.30    16 %   -0.71  327   0.00    0    0.85 GLU 418 C    0.00 XXX   0 X    0.24 GLU1780 H
LYS 249 C                                            0.00 XXX   0 X    0.00 XXX   0 X    0.43 GLU 418 C

LYS 279 C   9.21    69 %   -1.47  474   0.00    0    0.00 XXX   0 X    0.00 XXX   0 X   -0.10 ARG 277 C
LYS 279 C                                            0.00 XXX   0 X    0.00 XXX   0 X    0.19 ASP 322 C
LYS 279 C                                            0.00 XXX   0 X    0.00 XXX   0 X    0.26 ASP 349 C
LYS 279 C                                            0.00 XXX   0 X    0.00 XXX   0 X    0.00 ASP 356 C
LYS 279 C                                            0.00 XXX   0 X    0.00 XXX   0 X   -0.17 ARG 376 C

LYS 317 C  10.94    39 %   -1.15  390   0.00    0    0.85 ASP1690 H    0.00 XXX   0 X    0.34 ASP 322 C
LYS 317 C                                            0.00 XXX   0 X    0.00 XXX   0 X   -0.16 ARG 376 C
LYS 317 C                                            0.00 XXX   0 X    0.00 XXX   0 X   -0.10 ARG 383 C
LYS 317 C                                            0.00 XXX   0 X    0.00 XXX   0 X    0.05 ASP1689 H
LYS 317 C                                            0.00 XXX   0 X    0.00 XXX   0 X    0.62 ASP1690 H

LYS 343 C  11.96    28 %   -1.23  360   0.00    0    0.85 ASP1550 G    0.00 XXX   0 X   -0.17 ARG 277 C
LYS 343 C                                            0.85 ASP1551 G    0.00 XXX   0 X    0.16 ASP 356 C
LYS 343 C                                            0.00 XXX   0 X    0.00 XXX   0 X    0.54 ASP1550 G
LYS 343 C                                            0.00 XXX   0 X    0.00 XXX   0 X    0.45 ASP1551 G

LYS 347 C  10.52     0 %   -0.26  275   0.00    0    0.00 XXX   0 X    0.00 XXX   0 X    0.28 GLU 346 C

LYS 387 C   9.63    34 %   -0.95  377   0.00    0    0.00 XXX   0 X    0.00 XXX   0 X    0.08 ASP 331 C

LYS 430 C  10.66     0 %   -0.19  182   0.00    0    0.00 XXX   0 X    0.00 XXX   0 X    0.03 C-   37 B
LYS 430 C                                            0.00 XXX   0 X    0.00 XXX   0 X    0.22 GLU 426 C
LYS 430 C                                            0.00 XXX   0 X    0.00 XXX   0 X    0.10 GLU 431 C

LYS 432 C  11.03     0 %   -0.32  104   0.00    0    0.85 GLU 428 C    0.00 XXX   0 X    0.00 XXX   0 X

ARG  53 C  12.41     0 %   -0.09  109   0.00    0    0.00 XXX   0 X    0.00 XXX   0 X    0.00 XXX   0 X

ARG 104 C  13.64    25 %   -0.97  352   0.00    0    1.59 ASP  84 C    0.00 XXX   0 X    0.03 ASP  57 C
ARG 104 C                                            0.00 XXX   0 X    0.00 XXX   0 X    0.48 ASP  84 C

ARG 121 C  11.34    59 %   -1.16  446   0.00    0    0.00 XXX   0 X    0.00 XXX   0 X    0.00 GLU  30 A

ARG 122 C  12.79    22 %   -0.57  344   0.00    0    0.42 GLU  81 C    0.00 XXX   0 X    0.07 GLU  78 C
ARG 122 C                                            0.00 XXX   0 X    0.00 XXX   0 X    0.37 GLU  81 C

ARG 179 C  11.82    52 %   -1.00  428   0.00    0    0.00 XXX   0 X    0.00 XXX   0 X    0.32 ASP 191 C

ARG 190 C  12.31     0 %   -0.30  212   0.00    0    0.00 XXX   0 X    0.00 XXX   0 X    0.11 CYS 182 C
ARG 190 C                                            0.00 XXX   0 X    0.00 XXX   0 X    0.00 ASP 191 C

ARG 219 C  13.33    75 %   -1.84  490   0.00    0    1.42 GLU 161 C    0.00 XXX   0 X    0.06 ASP 152 C
ARG 219 C                                            0.00 XXX   0 X    0.00 XXX   0 X    0.33 GLU 208 C
ARG 219 C                                            0.00 XXX   0 X    0.00 XXX   0 X    0.84 GLU 161 C

ARG 222 C  10.83    71 %   -2.19  480   0.00    0    0.01 GLU 161 C    0.00 XXX   0 X    0.04 TYR 162 C
ARG 222 C                                            0.00 XXX   0 X    0.00 XXX   0 X    0.07 TYR 168 C
ARG 222 C                                            0.00 XXX   0 X    0.00 XXX   0 X    0.02 TYR 205 C
ARG 222 C                                            0.00 XXX   0 X    0.00 XXX   0 X    0.37 GLU 208 C
ARG 222 C                                            0.00 XXX   0 X    0.00 XXX   0 X   -0.58 ARG 219 C
ARG 222 C                                            0.00 XXX   0 X    0.00 XXX   0 X   -0.23 ARG 225 C
ARG 222 C                                            0.00 XXX   0 X    0.00 XXX   0 X    0.82 GLU 161 C

ARG 225 C  11.40    92 %   -2.79  540   0.00    0    0.00 XXX   0 X    0.00 XXX   0 X    0.73 TYR 168 C
ARG 225 C                                            0.00 XXX   0 X    0.00 XXX   0 X    0.22 GLU 171 C
ARG 225 C                                            0.00 XXX   0 X    0.00 XXX   0 X    0.03 TYR 205 C
ARG 225 C                                            0.00 XXX   0 X    0.00 XXX   0 X    0.71 ASP 197 C

ARG 277 C  12.11    31 %   -0.93  368   0.00    0    0.00 XXX   0 X    0.00 XXX   0 X    0.01 ASP 305 C
ARG 277 C                                            0.00 XXX   0 X    0.00 XXX   0 X    0.10 TYR 314 C
ARG 277 C                                            0.00 XXX   0 X    0.00 XXX   0 X    0.02 GLU 346 C
ARG 277 C                                            0.00 XXX   0 X    0.00 XXX   0 X    0.09 ASP 356 C
ARG 277 C                                            0.00 XXX   0 X    0.00 XXX   0 X    0.15 ASP1550 G
ARG 277 C                                            0.00 XXX   0 X    0.00 XXX   0 X    0.18 ASP1551 G

ARG 282 C  12.70     0 %   -0.33  266   0.00    0    0.02 TYR 339 C    0.00 XXX   0 X    0.05 ASP 297 C
ARG 282 C                                            0.00 XXX   0 X    0.00 XXX   0 X    0.07 TYR 307 C
ARG 282 C                                            0.00 XXX   0 X    0.00 XXX   0 X    0.38 TYR 339 C

ARG 340 C  12.00    14 %   -0.58  320   0.00    0    0.00 XXX   0 X    0.00 XXX   0 X    0.06 TYR 307 C
ARG 340 C                                            0.00 XXX   0 X    0.00 XXX   0 X    0.03 CYS 341 C

ARG 367 C  11.05    91 %   -2.23  535   0.00    0    0.00 XXX   0 X    0.00 XXX   0 X    0.10 ASP 349 C
ARG 367 C                                            0.00 XXX   0 X    0.00 XXX   0 X    0.04 TYR 352 C
ARG 367 C                                            0.00 XXX   0 X    0.00 XXX   0 X    0.22 ASP 372 C
ARG 367 C                                            0.00 XXX   0 X    0.00 XXX   0 X    0.43 CYS 373 C
ARG 367 C                                            0.00 XXX   0 X    0.00 XXX   0 X   -0.01 ARG 376 C

ARG 376 C  15.14    63 %   -1.54  458   0.00    0    1.42 ASP 322 C    0.00 XXX   0 X    0.09 ASP1690 H
ARG 376 C                                            1.17 ASP 349 C    0.00 XXX   0 X    0.70 ASP 322 C
ARG 376 C                                            0.00 XXX   0 X    0.00 XXX   0 X    0.81 ASP 349 C

ARG 383 C  12.29    44 %   -1.04  404   0.00    0    0.01 CYS 280 C    0.00 XXX   0 X    0.27 CYS 280 C
ARG 383 C                                            0.00 XXX   0 X    0.00 XXX   0 X    0.17 CYS 326 C
ARG 383 C                                            0.00 XXX   0 X    0.00 XXX   0 X    0.11 ASP 331 C
ARG 383 C                                            0.00 XXX   0 X    0.00 XXX   0 X    0.08 CYS 335 C
ARG 383 C                                            0.00 XXX   0 X    0.00 XXX   0 X    0.04 CYS 341 C
ARG 383 C                                            0.00 XXX   0 X    0.00 XXX   0 X    0.14 ASP1690 H

ARG 433 C  12.74     0 %   -0.22  154   0.00    0    0.00 XXX   0 X    0.00 XXX   0 X    0.35 GLU 429 C
ARG 433 C                                            0.00 XXX   0 X    0.00 XXX   0 X    0.11 C-  433 C

N+   49 C   7.91     0 %   -0.09   37   0.00    0    0.00 XXX   0 X    0.00 XXX   0 X    0.00 XXX   0 X

ASP 716 D   3.94     0 %    0.22  270   0.00    0    0.00 XXX   0 X   -0.00 ASP 716 D   -0.02 LYS 767 D
ASP 716 D                                            0.00 XXX   0 X    0.00 XXX   0 X   -0.22 LYS 820 D
ASP 716 D                                            0.00 XXX   0 X    0.00 XXX   0 X    0.17 ASP 720 D

ASP 720 D   3.31    21 %    0.92  341   0.13    0   -0.85 LYS 820 D    0.00 XXX   0 X   -0.06 LYS 767 D
ASP 720 D                                            0.00 XXX   0 X    0.00 XXX   0 X   -0.13 LYS 817 D
ASP 720 D                                            0.00 XXX   0 X    0.00 XXX   0 X    0.02 ASP 785 D
ASP 720 D                                            0.00 XXX   0 X    0.00 XXX   0 X   -0.52 LYS 820 D

ASP 772 D   3.13    23 %    0.75  345   0.13    0   -0.85 LYS 707 D   -0.02 ASP 772 D   -0.22 LYS 711 D
ASP 772 D                                            0.00 XXX   0 X    0.00 XXX   0 X   -0.47 LYS 707 D

ASP 785 D   2.25*   77 %    2.42  496   0.54    0   -0.23 GLU 763 D    0.00 XXX   0 X   -0.38 ARG 814 D
ASP 785 D                                           -0.85 LYS 767 D    0.00 XXX   0 X   -0.16 LYS 820 D
ASP 785 D                                           -0.85 LYS 817 D    0.00 XXX   0 X   -0.93 LYS 767 D
ASP 785 D                                            0.00 XXX   0 X    0.00 XXX   0 X   -1.10 LYS 817 D

ASP 870 D   3.99     0 %    0.20  173   0.00    0    0.00 XXX   0 X    0.00 XXX   0 X   -0.01 ARG 869 D

ASP 872 D   3.90     0 %    0.10   84   0.00    0    0.00 XXX   0 X    0.00 XXX   0 X    0.00 XXX   0 X

ASP 883 D   2.04    39 %    1.26  390   0.01    0   -1.24 ARG 869 D    0.00 XXX   0 X   -0.03 HIS 151 C
ASP 883 D                                           -0.54 HIS 886 D    0.00 XXX   0 X   -0.25 HIS 880 D
ASP 883 D                                            0.00 XXX   0 X    0.00 XXX   0 X   -0.53 ARG 869 D
ASP 883 D                                            0.00 XXX   0 X    0.00 XXX   0 X   -0.43 HIS 886 D

ASP 905 D   5.62    49 %    1.10  418   0.39    0    0.00 XXX   0 X    0.00 XXX   0 X   -0.07 ARG 893 D
ASP 905 D                                            0.00 XXX   0 X    0.00 XXX   0 X    0.17 GLU 901 D
ASP 905 D                                            0.00 XXX   0 X    0.00 XXX   0 X    0.24 GLU 908 D

GLU 698 D   4.84     6 %    0.29  299   0.01    0    0.00 XXX   0 X    0.00 XXX   0 X   -0.08 LYS 707 D
GLU 698 D                                            0.00 XXX   0 X    0.00 XXX   0 X   -0.05 LYS 711 D
GLU 698 D                                            0.00 XXX   0 X    0.00 XXX   0 X    0.18 ASP 772 D

GLU 737 D   6.06    64 %    1.32  460   0.45    0   -0.00 GLN 750 D    0.00 XXX   0 X   -0.38 ARG 808 D
GLU 737 D                                            0.00 XXX   0 X    0.00 XXX   0 X   -0.07 ARG 811 D
GLU 737 D                                            0.00 XXX   0 X    0.00 XXX   0 X   -0.04 HIS 738 D
GLU 737 D                                            0.00 XXX   0 X    0.00 XXX   0 X    0.26 GLU 746 D
GLU 737 D                                            0.00 XXX   0 X    0.00 XXX   0 X    0.03 GLU 795 D

GLU 744 D   4.58     0 %    0.08   89   0.00    0    0.00 XXX   0 X    0.00 XXX   0 X    0.00 XXX   0 X

GLU 746 D   4.95    23 %    0.44  345   0.05    0    0.00 XXX   0 X    0.00 XXX   0 X   -0.04 ARG 808 D
GLU 746 D                                            0.00 XXX   0 X    0.00 XXX   0 X    0.01 GLU 747 D

GLU 747 D   4.64     0 %    0.14  155   0.00    0    0.00 XXX   0 X    0.00 XXX   0 X    0.00 XXX   0 X

GLU 763 D   4.56*   77 %    2.35  496   0.15    0   -0.48 LYS 767 D    0.00 XXX   0 X   -0.19 ARG 814 D
GLU 763 D                                            0.23 ASP 785 D    0.00 XXX   0 X   -0.21 LYS 820 D
GLU 763 D                                           -0.85 LYS 817 D    0.00 XXX   0 X    0.10 ASP 720 D
GLU 763 D                                            0.00 XXX   0 X    0.00 XXX   0 X   -0.93 LYS 767 D
GLU 763 D                                            0.00 XXX   0 X    0.00 XXX   0 X    1.01 ASP 785 D
GLU 763 D                                            0.00 XXX   0 X    0.00 XXX   0 X   -1.10 LYS 817 D

GLU 795 D   4.28    50 %    1.68  420   0.31    0   -0.61 ARG 808 D    0.00 XXX   0 X   -0.74 ARG 808 D
GLU 795 D                                           -0.09 ARG 811 D    0.00 XXX   0 X   -0.77 ARG 811 D

GLU 867 D   4.66     0 %    0.15  216   0.00    0    0.00 XXX   0 X    0.00 XXX   0 X   -0.06 LYS 863 D
GLU 867 D                                            0.00 XXX   0 X    0.00 XXX   0 X    0.06 ASP 870 D

GLU 898 D   3.95    76 %    1.91  494   0.17    0   -0.72 TRP1421 F    0.00 XXX   0 X   -0.33 LYS1419 F
GLU 898 D                                           -0.62 ARG 893 D    0.00 XXX   0 X   -0.96 ARG 893 D

GLU 901 D   4.26    57 %    0.83  441   0.00    0   -0.75 ARG 893 D    0.00 XXX   0 X    0.30 GLU 898 D
GLU 901 D                                            0.00 XXX   0 X    0.00 XXX   0 X   -0.62 ARG 893 D

GLU 908 D   4.81     4 %    0.29  293   0.02    0    0.00 XXX   0 X    0.00 XXX   0 X    0.00 XXX   0 X

C-  943 D   3.32     0 %    0.15  206   0.00    0    0.00 XXX   0 X   -0.03 SER 943 D    0.00 XXX   0 X

HIS 738 D   6.83     8 %   -0.50  305   0.00    0    0.00 XXX   0 X    0.80 LEU 736 D    0.04 GLU 737 D

HIS 880 D   4.59    57 %   -1.88  441   0.00    0    0.00 XXX   0 X    0.56 PRO 877 D   -0.49 ARG 869 D
HIS 880 D                                            0.00 XXX   0 X    0.00 XXX   0 X    0.25 ASP 883 D
HIS 880 D                                            0.00 XXX   0 X    0.00 XXX   0 X   -0.35 HIS 886 D

HIS 886 D   5.55    61 %   -2.03  453   0.00    0    0.54 ASP 883 D    0.00 XXX   0 X   -0.22 ARG 869 D
HIS 886 D                                            0.00 XXX   0 X    0.00 XXX   0 X   -0.02 ARG 878 D
HIS 886 D                                            0.00 XXX   0 X    0.00 XXX   0 X    0.34 GLU1441 F
HIS 886 D                                            0.00 XXX   0 X    0.00 XXX   0 X    0.43 ASP 883 D

CYS 683 D   9.41     0 %    0.40  204   0.00    0    0.00 XXX   0 X    0.00 XXX   0 X   -0.17 N+  681 D
CYS 683 D                                            0.00 XXX   0 X    0.00 XXX   0 X   -0.01 LYS 682 D
CYS 683 D                                            0.00 XXX   0 X    0.00 XXX   0 X    0.19 GLU 698 D

CYS 686 D   9.80     0 %    0.55  262   0.00    0    0.00 XXX   0 X   -0.09 CYS 686 D    0.07 CYS 683 D
CYS 686 D                                            0.00 XXX   0 X    0.00 XXX   0 X    0.24 GLU 698 D
CYS 686 D                                            0.00 XXX   0 X    0.00 XXX   0 X    0.01 CYS 699 D
CYS 686 D                                            0.00 XXX   0 X    0.00 XXX   0 X    0.03 ASP 772 D

CYS 699 D   9.49     0 %    0.25  191   0.00    0    0.00 XXX   0 X    0.00 XXX   0 X    0.04 CYS 683 D
CYS 699 D                                            0.00 XXX   0 X    0.00 XXX   0 X    0.19 CYS 700 D

CYS 700 D   8.56     0 %    0.40  179   0.00    0    0.00 XXX   0 X   -0.10 LEU 702 D    0.00 XXX   0 X
CYS 700 D                                            0.00 XXX   0 X   -0.75 TRP 703 D    0.00 XXX   0 X

CYS 726 D  10.09    24 %    1.10  348   0.00    0    0.00 XXX   0 X   -0.04 CYS 726 D   -0.01 LYS 817 D
CYS 726 D                                            0.00 XXX   0 X    0.00 XXX   0 X    0.05 GLU 763 D

CYS 896 D  12.15   100 %    3.01  571   0.00    0    0.00 XXX   0 X    0.00 XXX   0 X   -0.04 ARG 893 D
CYS 896 D                                            0.00 XXX   0 X    0.00 XXX   0 X    0.18 GLU 898 D

CYS 906 D  16.20*   84 %    3.03  517   0.00    0   -0.12 TYR 865 D   -0.04 CYS 906 D    0.21 ASP 905 D
CYS 906 D                                            3.60 CYS 915 D    0.00 XXX   0 X    0.52 CYS 915 D

CYS 915 D   6.99*   41 %    2.02  397   0.00    0   -0.26 SER 910 D   -0.16 CYS 915 D    0.00 XXX   0 X
CYS 915 D                                           -3.60 CYS 906 D    0.00 XXX   0 X    0.00 XXX   0 X

TYR 694 D  10.13     0 %    0.09  116   0.00    0    0.00 XXX   0 X    0.00 XXX   0 X    0.05 CYS 699 D

TYR 739 D  13.25    32 %    1.39  372   0.00    0    0.76 GLU1435 F    0.00 XXX   0 X    0.14 GLU1385 F
TYR 739 D                                            0.00 XXX   0 X    0.00 XXX   0 X    0.19 ASP1403 F
TYR 739 D                                            0.00 XXX   0 X    0.00 XXX   0 X    0.29 TYR1434 F
TYR 739 D                                            0.00 XXX   0 X    0.00 XXX   0 X    0.48 GLU1435 F

TYR 774 D  10.16     0 %    0.16  137   0.00    0    0.00 XXX   0 X    0.00 XXX   0 X    0.00 XXX   0 X

TYR 775 D  10.53     0 %    0.26  228   0.00    0    0.00 XXX   0 X    0.00 XXX   0 X    0.02 CYS 686 D
TYR 775 D                                            0.00 XXX   0 X    0.00 XXX   0 X    0.05 GLU 698 D
TYR 775 D                                            0.00 XXX   0 X    0.00 XXX   0 X    0.15 ASP 772 D
TYR 775 D                                            0.00 XXX   0 X    0.00 XXX   0 X   -0.01 LYS 707 D
TYR 775 D                                            0.00 XXX   0 X    0.00 XXX   0 X    0.05 TYR 774 D

TYR 776 D  10.45     7 %    0.52  301   0.00    0    0.00 XXX   0 X    0.00 XXX   0 X    0.04 ASP 772 D
TYR 776 D                                            0.00 XXX   0 X    0.00 XXX   0 X   -0.11 LYS 707 D

TYR 865 D  13.88    66 %    2.22  467   0.00    0    0.12 CYS 906 D    0.00 XXX   0 X    0.38 ASP 905 D
TYR 865 D                                            0.00 XXX   0 X    0.00 XXX   0 X    0.86 CYS 906 D
TYR 865 D                                            0.00 XXX   0 X    0.00 XXX   0 X    0.15 GLU 908 D
TYR 865 D                                            0.00 XXX   0 X    0.00 XXX   0 X    0.14 CYS 915 D

LYS 682 D  10.46     0 %   -0.05   78   0.00    0    0.00 XXX   0 X    0.00 XXX   0 X    0.01 CYS 683 D

LYS 707 D  10.76    21 %   -1.26  340   0.00    0    0.85 ASP 772 D    0.00 XXX   0 X    0.08 GLU 698 D
LYS 707 D                                            0.00 XXX   0 X    0.00 XXX   0 X    0.01 TYR 775 D
LYS 707 D                                            0.00 XXX   0 X    0.00 XXX   0 X    0.11 TYR 776 D
LYS 707 D                                            0.00 XXX   0 X    0.00 XXX   0 X    0.47 ASP 772 D

LYS 711 D  10.25     2 %   -0.37  286   0.00    0    0.00 XXX   0 X    0.00 XXX   0 X    0.05 GLU 698 D
LYS 711 D                                            0.00 XXX   0 X    0.00 XXX   0 X    0.22 ASP 772 D
LYS 711 D                                            0.00 XXX   0 X    0.00 XXX   0 X   -0.15 LYS 707 D

LYS 767 D  11.52    68 %   -2.26  471   0.00    0    0.48 GLU 763 D    0.00 XXX   0 X    0.02 ASP 716 D
LYS 767 D                                            0.85 ASP 785 D    0.00 XXX   0 X    0.06 ASP 720 D
LYS 767 D                                            0.00 XXX   0 X    0.00 XXX   0 X   -0.01 ARG 814 D
LYS 767 D                                            0.00 XXX   0 X    0.00 XXX   0 X    0.93 GLU 763 D
LYS 767 D                                            0.00 XXX   0 X    0.00 XXX   0 X    0.93 ASP 785 D

LYS 817 D   9.85    83 %   -3.06  515   0.00    0    0.85 GLU 763 D    0.00 XXX   0 X    0.13 ASP 720 D
LYS 817 D                                            0.85 ASP 785 D    0.00 XXX   0 X    0.01 CYS 726 D
LYS 817 D                                            0.00 XXX   0 X    0.00 XXX   0 X   -0.42 ARG 814 D
LYS 817 D                                            0.00 XXX   0 X    0.00 XXX   0 X   -0.92 LYS 767 D
LYS 817 D                                            0.00 XXX   0 X    0.00 XXX   0 X   -0.30 LYS 820 D
LYS 817 D                                            0.00 XXX   0 X    0.00 XXX   0 X    1.10 GLU 763 D
LYS 817 D                                            0.00 XXX   0 X    0.00 XXX   0 X    1.10 ASP 785 D

LYS 820 D  11.05    42 %   -1.16  400   0.00    0    0.85 ASP 720 D    0.00 XXX   0 X    0.22 ASP 716 D
LYS 820 D                                            0.00 XXX   0 X    0.00 XXX   0 X    0.21 GLU 763 D
LYS 820 D                                            0.00 XXX   0 X    0.00 XXX   0 X    0.16 ASP 785 D
LYS 820 D                                            0.00 XXX   0 X    0.00 XXX   0 X   -0.26 LYS 767 D
LYS 820 D                                            0.00 XXX   0 X    0.00 XXX   0 X    0.52 ASP 720 D

LYS 830 D  10.30     0 %   -0.20  262   0.00    0    0.00 XXX   0 X    0.00 XXX   0 X    0.00 XXX   0 X

LYS 863 D  10.13     0 %   -0.49  276   0.00    0    0.00 XXX   0 X    0.00 XXX   0 X    0.06 ASP 152 C
LYS 863 D                                            0.00 XXX   0 X    0.00 XXX   0 X    0.06 GLU 867 D

ARG 689 D  12.46     0 %   -0.04   81   0.00    0    0.00 XXX   0 X    0.00 XXX   0 X    0.00 XXX   0 X

ARG 693 D  12.44     0 %   -0.06  100   0.00    0    0.00 XXX   0 X    0.00 XXX   0 X    0.00 XXX   0 X

ARG 800 D  12.46     0 %   -0.04   84   0.00    0    0.00 XXX   0 X    0.00 XXX   0 X    0.00 XXX   0 X

ARG 808 D  12.83    68 %   -1.45  473   0.00    0    0.61 GLU 795 D    0.00 XXX   0 X    0.38 GLU 737 D
ARG 808 D                                            0.00 XXX   0 X    0.00 XXX   0 X    0.04 GLU 746 D
ARG 808 D                                            0.00 XXX   0 X    0.00 XXX   0 X    0.74 GLU 795 D

ARG 811 D  11.04    80 %   -1.82  504   0.00    0    0.09 GLU 795 D    0.00 XXX   0 X    0.07 GLU 737 D
ARG 811 D                                            0.00 XXX   0 X    0.00 XXX   0 X   -0.58 ARG 808 D
ARG 811 D                                            0.00 XXX   0 X    0.00 XXX   0 X    0.77 GLU 795 D

ARG 814 D  10.34    90 %   -2.40  533   0.00    0    0.00 XXX   0 X    0.00 XXX   0 X    0.19 GLU 763 D
ARG 814 D                                            0.00 XXX   0 X    0.00 XXX   0 X    0.38 ASP 785 D
ARG 814 D                                            0.00 XXX   0 X    0.00 XXX   0 X   -0.33 ARG 811 D

ARG 869 D  13.34    30 %   -0.99  365   0.00    0    1.24 ASP 883 D    0.00 XXX   0 X    0.01 ASP 870 D
ARG 869 D                                            0.00 XXX   0 X    0.00 XXX   0 X    0.05 GLU1441 F
ARG 869 D                                            0.00 XXX   0 X    0.00 XXX   0 X    0.53 ASP 883 D

ARG 878 D  13.62    45 %   -1.74  406   0.00    0    1.36 ASP1430 F    0.00 XXX   0 X    0.26 TYR1426 F
ARG 878 D                                            0.00 XXX   0 X    0.00 XXX   0 X    0.34 GLU1441 F
ARG 878 D                                            0.00 XXX   0 X    0.00 XXX   0 X    0.29 TYR1447 F
ARG 878 D                                            0.00 XXX   0 X    0.00 XXX   0 X    0.60 ASP1430 F

ARG 893 D  14.44    77 %   -2.17  498   0.00    0    0.62 GLU 898 D    0.00 XXX   0 X    0.45 ASP 372 C
ARG 893 D                                            0.75 GLU 901 D    0.00 XXX   0 X    0.26 CYS 373 C
ARG 893 D                                            0.00 XXX   0 X    0.00 XXX   0 X    0.04 CYS 896 D
ARG 893 D                                            0.00 XXX   0 X    0.00 XXX   0 X    0.07 ASP 905 D
ARG 893 D                                            0.00 XXX   0 X    0.00 XXX   0 X    0.01 ASP1423 F
ARG 893 D                                            0.00 XXX   0 X    0.00 XXX   0 X    0.32 TYR1426 F
ARG 893 D                                            0.00 XXX   0 X    0.00 XXX   0 X    0.96 GLU 898 D
ARG 893 D                                            0.00 XXX   0 X    0.00 XXX   0 X    0.62 GLU 901 D

N+  681 D   8.06     0 %   -0.11  118   0.00    0    0.00 XXX   0 X    0.00 XXX   0 X    0.17 CYS 683 D

ASP1163 E   3.52     0 %    0.34  137   0.00    0   -0.56 CYS1178 E   -0.07 ASP1163 E    0.00 XXX   0 X

ASP1166 E   3.91     0 %    0.11  107   0.00    0    0.00 XXX   0 X    0.00 XXX   0 X    0.00 XXX   0 X

ASP1182 E   3.91     0 %    0.11   97   0.00    0    0.00 XXX   0 X    0.00 XXX   0 X    0.00 XXX   0 X

GLU1165 E   4.64     0 %    0.14  136   0.00    0    0.00 XXX   0 X    0.00 XXX   0 X    0.00 XXX   0 X

GLU1170 E   4.52     0 %    0.16  247   0.00    0    0.00 XXX   0 X    0.00 XXX   0 X   -0.05 N+ 1196 F
GLU1170 E                                            0.00 XXX   0 X    0.00 XXX   0 X   -0.12 LYS1196 F
GLU1170 E                                            0.00 XXX   0 X    0.00 XXX   0 X    0.02 ASP1166 E
GLU1170 E                                            0.00 XXX   0 X    0.00 XXX   0 X    0.01 C- 1195 E

C- 1195 E   1.01     0 %    0.59  281   0.00    0   -0.12 CYS1198 F   -0.63 THR1197 F   -0.15 ARG1195 E
C- 1195 E                                           -0.85 N+ 1196 F   -0.56 CYS1198 F   -0.08 LYS1196 F
C- 1195 E                                            0.00 XXX   0 X    0.00 XXX   0 X   -0.02 HIS1200 F
C- 1195 E                                            0.00 XXX   0 X    0.00 XXX   0 X   -0.38 N+ 1196 F

CYS1167 E   9.38     0 %    0.25  164   0.00    0    0.00 XXX   0 X   -0.05 CYS1167 E   -0.02 LYS1196 F
CYS1167 E                                            0.00 XXX   0 X    0.00 XXX   0 X    0.20 GLU1170 E

CYS1172 E   8.95     0 %    0.39  201   0.00    0    0.00 XXX   0 X   -0.06 VAL1173 E   -0.38 ARG1174 E

CYS1176 E   9.00     0 %    0.32  146   0.00    0    0.00 XXX   0 X   -0.27 CYS1178 E   -0.06 ARG1174 E

CYS1178 E  10.14     0 %    0.36  141   0.00    0    0.56 ASP1163 E    0.00 XXX   0 X    0.09 CYS1176 E
CYS1178 E                                            0.00 XXX   0 X    0.00 XXX   0 X    0.13 CYS1179 E

CYS1179 E   9.60     0 %    0.51  188   0.00    0    0.00 XXX   0 X    0.00 XXX   0 X   -0.12 ARG1174 E
CYS1179 E                                            0.00 XXX   0 X    0.00 XXX   0 X    0.09 ASP1163 E
CYS1179 E                                            0.00 XXX   0 X    0.00 XXX   0 X    0.01 GLU1165 E
CYS1179 E                                            0.00 XXX   0 X    0.00 XXX   0 X    0.05 CYS1167 E
CYS1179 E                                            0.00 XXX   0 X    0.00 XXX   0 X    0.06 CYS1176 E

LYS1162 E  10.47     0 %   -0.03   59   0.00    0    0.00 XXX   0 X    0.00 XXX   0 X    0.00 XXX   0 X

LYS1189 E  10.13     0 %   -0.37  176   0.00    0    0.00 XXX   0 X    0.00 XXX   0 X    0.00 XXX   0 X

ARG1174 E  12.57     0 %   -0.49  193   0.00    0    0.00 XXX   0 X    0.00 XXX   0 X    0.38 CYS1172 E
ARG1174 E                                            0.00 XXX   0 X    0.00 XXX   0 X    0.06 CYS1176 E
ARG1174 E                                            0.00 XXX   0 X    0.00 XXX   0 X    0.12 CYS1179 E

ARG1175 E  12.47     0 %   -0.03   49   0.00    0    0.00 XXX   0 X    0.00 XXX   0 X    0.00 XXX   0 X

ARG1193 E  12.42     0 %   -0.08  117   0.00    0    0.00 XXX   0 X    0.00 XXX   0 X    0.00 XXX   0 X

ARG1195 E  12.31     0 %   -0.38  240   0.00    0    0.00 XXX   0 X    0.00 XXX   0 X    0.15 C- 1195 E
ARG1195 E                                            0.00 XXX   0 X    0.00 XXX   0 X    0.05 CYS1198 F

N+ 1162 E   7.89     0 %   -0.11   90   0.00    0    0.00 XXX   0 X    0.00 XXX   0 X    0.00 XXX   0 X

ASP1226 F   3.69     0 %    0.28  214   0.00    0    0.00 XXX   0 X   -0.35 ILE1227 F   -0.04 ARG1232 F
ASP1226 F                                            0.00 XXX   0 X   -0.00 TYR1228 F    0.00 XXX   0 X

ASP1243 F   3.70    58 %    1.33  443   0.19    0   -0.49 ARG1309 F    0.00 XXX   0 X   -0.12 LYS1236 F
ASP1243 F                                            0.00 XXX   0 X    0.00 XXX   0 X   -0.05 LYS1244 F
ASP1243 F                                            0.00 XXX   0 X    0.00 XXX   0 X   -0.28 ARG1306 F
ASP1243 F                                            0.00 XXX   0 X    0.00 XXX   0 X    0.09 GLU1225 F
ASP1243 F                                            0.00 XXX   0 X    0.00 XXX   0 X   -0.78 ARG1309 F

ASP1275 F   0.06    77 %    2.70  498   0.32    0   -0.85 LYS1257 F    0.00 XXX   0 X   -1.02 LYS1257 F
ASP1275 F                                           -1.28 ARG1312 F    0.00 XXX   0 X   -1.15 ARG1312 F
ASP1275 F                                           -1.58 ARG1316 F    0.00 XXX   0 X   -0.87 ARG1316 F

ASP1280 F   3.39    29 %    1.04  363   0.11    0    0.00 XXX   0 X   -0.69 ILE1278 F   -0.00 ARG1309 F
ASP1280 F                                            0.00 XXX   0 X   -0.17 ASP1280 F    0.00 XXX   0 X
ASP1280 F                                            0.00 XXX   0 X   -0.71 VAL1281 F    0.00 XXX   0 X

ASP1370 F   3.99     0 %    0.19  184   0.00    0    0.00 XXX   0 X    0.00 XXX   0 X    0.00 XXX   0 X

ASP1403 F   3.81    67 %    2.25  469   0.20    0   -0.85 LYS1397 F   -0.81 GLY1358 F   -0.77 LYS1397 F

ASP1423 F   5.23    57 %    0.86  441   0.13    0    0.00 XXX   0 X    0.00 XXX   0 X   -0.01 ARG 893 D
ASP1423 F                                            0.00 XXX   0 X    0.00 XXX   0 X    0.08 GLU 901 D
ASP1423 F                                            0.00 XXX   0 X    0.00 XXX   0 X    0.38 ASP1714 H

ASP1430 F   3.15    45 %    1.94  407   0.30    0   -1.36 ARG 878 D   -0.75 GLU1441 F   -0.18 ARG1362 F
ASP1430 F                                            0.00 XXX   0 X    0.00 XXX   0 X   -0.00 ARG1432 F
ASP1430 F                                            0.00 XXX   0 X    0.00 XXX   0 X   -0.60 ARG 878 D

ASP1471 F   4.29    18 %    0.41  331   0.02    0    0.00 XXX   0 X    0.00 XXX   0 X   -0.06 N+ 1473 G
ASP1471 F                                            0.00 XXX   0 X    0.00 XXX   0 X    0.11 C- 1472 F

GLU1203 F   4.09     7 %    0.42  301   0.04    0   -0.85 TYR1261 F    0.00 XXX   0 X   -0.00 LYS1257 F
GLU1203 F                                            0.00 XXX   0 X    0.00 XXX   0 X   -0.01 HIS1200 F

GLU1208 F   4.31    38 %    0.91  388   0.00    0   -0.64 ARG1316 F    0.00 XXX   0 X   -0.13 LYS1257 F
GLU1208 F                                            0.00 XXX   0 X    0.00 XXX   0 X   -0.06 ARG1312 F
GLU1208 F                                            0.00 XXX   0 X    0.00 XXX   0 X   -0.11 ARG1321 F
GLU1208 F                                            0.00 XXX   0 X    0.00 XXX   0 X    0.11 GLU1203 F
GLU1208 F                                            0.00 XXX   0 X    0.00 XXX   0 X    0.10 GLU1253 F
GLU1208 F                                            0.00 XXX   0 X    0.00 XXX   0 X    0.19 ASP1275 F
GLU1208 F                                            0.00 XXX   0 X    0.00 XXX   0 X   -0.55 ARG1316 F

GLU1225 F   2.29    34 %    0.99  377   0.23    0   -0.85 LYS1236 F    0.00 XXX   0 X   -0.03 ARG1303 F
GLU1225 F                                           -1.40 ARG1306 F    0.00 XXX   0 X   -0.05 ARG1309 F
GLU1225 F                                            0.00 XXX   0 X    0.00 XXX   0 X   -0.48 LYS1236 F
GLU1225 F                                            0.00 XXX   0 X    0.00 XXX   0 X   -0.61 ARG1306 F

GLU1230 F   4.02     0 %    0.26  110   0.00    0   -0.74 LYS1233 F    0.00 XXX   0 X    0.00 XXX   0 X

GLU1231 F   4.59     0 %    0.09  106   0.00    0    0.00 XXX   0 X    0.00 XXX   0 X    0.00 XXX   0 X

GLU1240 F   4.17    28 %    0.75  361   0.09    0   -0.85 LYS1236 F    0.00 XXX   0 X   -0.11 LYS1244 F
GLU1240 F                                            0.00 XXX   0 X    0.00 XXX   0 X   -0.25 ARG1306 F
GLU1240 F                                            0.00 XXX   0 X    0.00 XXX   0 X   -0.06 ARG1309 F
GLU1240 F                                            0.00 XXX   0 X    0.00 XXX   0 X    0.23 GLU1225 F
GLU1240 F                                            0.00 XXX   0 X    0.00 XXX   0 X    0.33 ASP1243 F
GLU1240 F                                            0.00 XXX   0 X    0.00 XXX   0 X   -0.47 LYS1236 F

GLU1253 F   3.71    87 %    3.05  524   0.30    0   -0.85 LYS1257 F    0.00 XXX   0 X   -0.34 ARG1316 F
GLU1253 F                                           -1.25 ARG1312 F    0.00 XXX   0 X   -1.14 LYS1257 F
GLU1253 F                                            0.00 XXX   0 X    0.00 XXX   0 X    0.74 ASP1275 F
GLU1253 F                                            0.00 XXX   0 X    0.00 XXX   0 X   -1.30 ARG1312 F

GLU1295 F   4.46     0 %    0.11  129   0.00    0    0.00 XXX   0 X    0.00 XXX   0 X   -0.15 ARG1303 F

GLU1318 F   4.77     0 %    0.24  272   0.00    0    0.00 XXX   0 X    0.00 XXX   0 X   -0.18 ARG1321 F
GLU1318 F                                            0.00 XXX   0 X    0.00 XXX   0 X   -0.01 LYS1492 G
GLU1318 F                                            0.00 XXX   0 X    0.00 XXX   0 X    0.21 GLU1489 G
GLU1318 F                                            0.00 XXX   0 X    0.00 XXX   0 X    0.02 GLU1490 G

GLU1368 F   3.29    45 %    1.27  407   0.10    0   -0.28 SER1718 H    0.00 XXX   0 X   -0.68 LYS1399 F
GLU1368 F                                           -0.85 LYS1399 F    0.00 XXX   0 X    0.00 XXX   0 X
GLU1368 F                                           -0.77 TYR1727 H    0.00 XXX   0 X    0.00 XXX   0 X

GLU1385 F   3.83     9 %    0.57  306   0.05    0   -0.85 LYS1381 F    0.00 XXX   0 X   -0.44 LYS1381 F

GLU1392 F   4.64     0 %    0.14  211   0.00    0    0.00 XXX   0 X    0.00 XXX   0 X    0.00 XXX   0 X

GLU1435 F   4.42    17 %    0.82  328   0.00    0   -0.76 TYR 739 D    0.00 XXX   0 X   -0.29 LYS1381 F
GLU1435 F                                            0.00 XXX   0 X    0.00 XXX   0 X    0.14 GLU1385 F
GLU1435 F                                            0.00 XXX   0 X    0.00 XXX   0 X    0.02 ASP1403 F

GLU1436 F   4.06     8 %    0.51  304   0.06    0   -0.85 TYR1375 F    0.00 XXX   0 X   -0.02 LYS1359 F
GLU1436 F                                            0.00 XXX   0 X    0.00 XXX   0 X   -0.15 ARG1432 F

GLU1441 F   5.11    34 %    1.15  377   0.00    0    0.00 XXX   0 X    0.00 XXX   0 X   -0.05 ARG 869 D
GLU1441 F                                            0.00 XXX   0 X    0.00 XXX   0 X   -0.34 ARG 878 D
GLU1441 F                                            0.00 XXX   0 X    0.00 XXX   0 X    0.06 ASP 883 D
GLU1441 F                                            0.00 XXX   0 X    0.00 XXX   0 X   -0.34 HIS 886 D
GLU1441 F                                            0.00 XXX   0 X    0.00 XXX   0 X    0.13 ASP1430 F

C- 1472 F   2.02    45 %    2.00  406   0.00    0   -0.85 N+ 1473 G   -0.01 ASN1472 F   -0.02 LYS1477 G
C- 1472 F                                            0.00 XXX   0 X   -0.72 GLN1475 G   -0.07 LYS1479 G
C- 1472 F                                            0.00 XXX   0 X   -0.82 GLN1476 G   -0.69 N+ 1473 G

HIS1200 F   6.17     0 %   -0.27  183   0.00    0    0.00 XXX   0 X    0.00 XXX   0 X   -0.08 N+ 1196 F
HIS1200 F                                            0.00 XXX   0 X    0.00 XXX   0 X   -0.01 LYS1196 F
HIS1200 F                                            0.00 XXX   0 X    0.00 XXX   0 X    0.02 C- 1195 E
HIS1200 F                                            0.00 XXX   0 X    0.00 XXX   0 X    0.01 GLU1203 F

HIS1204 F   6.22     0 %   -0.28  165   0.00    0    0.00 XXX   0 X    0.00 XXX   0 X    0.00 XXX   0 X

CYS1198 F   9.92     8 %    0.79  304   0.00    0    0.12 C- 1195 E   -0.12 CYS1198 F   -0.05 ARG1195 E
CYS1198 F                                            0.00 XXX   0 X    0.00 XXX   0 X   -0.14 N+ 1196 F
CYS1198 F                                            0.00 XXX   0 X    0.00 XXX   0 X    0.31 C- 1195 E

CYS1272 F  10.59    37 %    1.69  385   0.00    0    0.00 XXX   0 X    0.00 XXX   0 X   -0.34 LYS1257 F
CYS1272 F                                            0.00 XXX   0 X    0.00 XXX   0 X   -0.01 ARG1312 F
CYS1272 F                                            0.00 XXX   0 X    0.00 XXX   0 X   -0.06 ARG1316 F
CYS1272 F                                            0.00 XXX   0 X    0.00 XXX   0 X    0.06 GLU1203 F
CYS1272 F                                            0.00 XXX   0 X    0.00 XXX   0 X    0.06 GLU1253 F
CYS1272 F                                            0.00 XXX   0 X    0.00 XXX   0 X    0.19 ASP1275 F

CYS1341 F  12.02    94 %    3.03  545   0.00    0    0.00 XXX   0 X   -0.01 CYS1341 F    0.00 XXX   0 X

CYS1363 F  11.87*   39 %    1.74  390   0.00    0    0.59 CYS1384 F    0.00 XXX   0 X    0.54 CYS1384 F

CYS1384 F   9.87*   31 %    1.37  368   0.00    0   -0.59 CYS1363 F    0.00 XXX   0 X   -0.07 LYS1381 F
CYS1384 F                                            0.00 XXX   0 X    0.00 XXX   0 X    0.15 GLU1385 F

TYR1199 F  10.30     0 %    0.14  176   0.00    0    0.00 XXX   0 X    0.00 XXX   0 X    0.16 GLU1203 F

TYR1228 F  10.19     0 %    0.18   99   0.00    0    0.00 XXX   0 X    0.00 XXX   0 X    0.01 ASP1226 F

TYR1241 F  10.06     0 %    0.15  121   0.00    0    0.00 XXX   0 X    0.00 XXX   0 X   -0.09 LYS1244 F

TYR1248 F  10.29     0 %    0.30  213   0.00    0    0.00 XXX   0 X    0.00 XXX   0 X   -0.01 LYS1244 F

TYR1261 F  13.30    38 %    1.40  387   0.00    0    0.85 GLU1203 F    0.00 XXX   0 X    0.14 GLU1208 F
TYR1261 F                                            0.00 XXX   0 X    0.00 XXX   0 X    0.06 GLU1253 F
TYR1261 F                                            0.00 XXX   0 X    0.00 XXX   0 X    0.30 CYS1272 F
TYR1261 F                                            0.00 XXX   0 X    0.00 XXX   0 X    0.07 ASP1275 F
TYR1261 F                                            0.00 XXX   0 X    0.00 XXX   0 X   -0.06 ARG1316 F
TYR1261 F                                            0.00 XXX   0 X    0.00 XXX   0 X    0.05 TYR1199 F
TYR1261 F                                            0.00 XXX   0 X    0.00 XXX   0 X    0.04 TYR1266 F
TYR1261 F                                            0.00 XXX   0 X    0.00 XXX   0 X    0.47 GLU1203 F

TYR1266 F  12.34    44 %    1.79  404   0.00    0    0.00 XXX   0 X    0.00 XXX   0 X    0.22 GLU1253 F
TYR1266 F                                            0.00 XXX   0 X    0.00 XXX   0 X    0.30 CYS1272 F
TYR1266 F                                            0.00 XXX   0 X    0.00 XXX   0 X    0.17 ASP1275 F
TYR1266 F                                            0.00 XXX   0 X    0.00 XXX   0 X   -0.13 ARG1312 F

TYR1375 F  11.16     4 %    0.68  292   0.00    0   -0.49 ARG1432 F    0.00 XXX   0 X   -0.38 ARG1432 F
TYR1375 F                                            0.85 GLU1436 F    0.00 XXX   0 X    0.10 TYR1442 F
TYR1375 F                                            0.00 XXX   0 X    0.00 XXX   0 X    0.40 GLU1436 F

TYR1394 F  10.69     8 %    0.53  303   0.00    0    0.00 XXX   0 X    0.00 XXX   0 X    0.22 GLU1392 F
TYR1394 F                                            0.00 XXX   0 X    0.00 XXX   0 X   -0.05 ARG1739 H

TYR1409 F  12.16    61 %    2.16  451   0.00    0    0.00 XXX   0 X    0.00 XXX   0 X    0.00 XXX   0 X

TYR1426 F  12.17    69 %    1.99  474   0.00    0    0.00 XXX   0 X    0.00 XXX   0 X   -0.26 ARG 878 D
TYR1426 F                                            0.00 XXX   0 X    0.00 XXX   0 X   -0.32 ARG 893 D
TYR1426 F                                            0.00 XXX   0 X    0.00 XXX   0 X    0.15 GLU 901 D
TYR1426 F                                            0.00 XXX   0 X    0.00 XXX   0 X    0.14 ASP 905 D
TYR1426 F                                            0.00 XXX   0 X    0.00 XXX   0 X    0.09 ASP1423 F
TYR1426 F                                            0.00 XXX   0 X    0.00 XXX   0 X    0.04 ASP1430 F
TYR1426 F                                            0.00 XXX   0 X    0.00 XXX   0 X    0.08 GLU1441 F
TYR1426 F                                            0.00 XXX   0 X    0.00 XXX   0 X    0.26 TYR1447 F

TYR1434 F  11.16    19 %    0.89  334   0.00    0    0.00 XXX   0 X   -0.15 ASN 740 D    0.04 GLU 746 D
TYR1434 F                                            0.00 XXX   0 X    0.00 XXX   0 X    0.06 ASP1403 F
TYR1434 F                                            0.00 XXX   0 X    0.00 XXX   0 X    0.40 GLU1435 F
TYR1434 F                                            0.00 XXX   0 X    0.00 XXX   0 X   -0.07 LYS1381 F

TYR1442 F  10.03     0 %    0.16  225   0.00    0    0.00 XXX   0 X    0.00 XXX   0 X   -0.22 ARG1432 F
TYR1442 F                                            0.00 XXX   0 X    0.00 XXX   0 X    0.09 GLU1436 F

TYR1445 F  10.08     0 %    0.08  145   0.00    0    0.00 XXX   0 X    0.00 XXX   0 X    0.00 XXX   0 X

TYR1447 F  11.84    60 %    2.25  448   0.00    0   -0.66 TRP 879 D    0.00 XXX   0 X   -0.29 ARG 878 D
TYR1447 F                                            0.00 XXX   0 X    0.00 XXX   0 X    0.11 ASP1430 F
TYR1447 F                                            0.00 XXX   0 X    0.00 XXX   0 X    0.43 GLU1441 F

TYR1449 F  13.55   100 %    3.57  563   0.00    0    0.00 XXX   0 X   -0.02 GLY1352 F    0.00 XXX   0 X

LYS1196 F  10.51     0 %   -0.20  204   0.00    0    0.00 XXX   0 X    0.00 XXX   0 X    0.02 CYS1167 E
LYS1196 F                                            0.00 XXX   0 X    0.00 XXX   0 X    0.12 GLU1170 E
LYS1196 F                                            0.00 XXX   0 X    0.00 XXX   0 X    0.08 C- 1195 E

LYS1233 F  11.03     0 %   -0.22  109   0.00    0    0.74 GLU1230 F    0.00 XXX   0 X    0.00 XXX   0 X

LYS1236 F  11.98    17 %   -0.99  330   0.00    0    0.85 GLU1225 F    0.00 XXX   0 X    0.12 ASP1243 F
LYS1236 F                                            0.85 GLU1240 F    0.00 XXX   0 X   -0.29 ARG1306 F
LYS1236 F                                            0.00 XXX   0 X    0.00 XXX   0 X   -0.00 ARG1309 F
LYS1236 F                                            0.00 XXX   0 X    0.00 XXX   0 X    0.48 GLU1225 F
LYS1236 F                                            0.00 XXX   0 X    0.00 XXX   0 X    0.47 GLU1240 F

LYS1244 F  10.51     0 %   -0.24  254   0.00    0    0.00 XXX   0 X    0.00 XXX   0 X    0.11 GLU1240 F
LYS1244 F                                            0.00 XXX   0 X    0.00 XXX   0 X    0.05 ASP1243 F
LYS1244 F                                            0.00 XXX   0 X    0.00 XXX   0 X    0.09 TYR1241 F
LYS1244 F                                            0.00 XXX   0 X    0.00 XXX   0 X    0.01 TYR1248 F

LYS1257 F  10.87    76 %   -2.71  494   0.00    0    0.85 GLU1253 F    0.00 XXX   0 X    0.00 GLU1203 F
LYS1257 F                                            0.85 ASP1275 F    0.00 XXX   0 X    0.13 GLU1208 F
LYS1257 F                                            0.00 XXX   0 X    0.00 XXX   0 X    0.34 CYS1272 F
LYS1257 F                                            0.00 XXX   0 X    0.00 XXX   0 X   -0.85 ARG1312 F
LYS1257 F                                            0.00 XXX   0 X    0.00 XXX   0 X   -0.41 ARG1316 F
LYS1257 F                                            0.00 XXX   0 X    0.00 XXX   0 X    1.14 GLU1253 F
LYS1257 F                                            0.00 XXX   0 X    0.00 XXX   0 X    1.02 ASP1275 F

LYS1264 F  10.37     0 %   -0.12  156   0.00    0    0.00 XXX   0 X    0.00 XXX   0 X   -0.01 LYS1265 F

LYS1265 F  10.38     0 %   -0.12  165   0.00    0    0.00 XXX   0 X    0.00 XXX   0 X    0.00 XXX   0 X

LYS1300 F  10.67     0 %   -0.15  216   0.00    0    0.00 XXX   0 X    0.00 XXX   0 X   -0.02 ARG1303 F
LYS1300 F                                            0.00 XXX   0 X    0.00 XXX   0 X    0.11 ASP1741 H
LYS1300 F                                            0.00 XXX   0 X    0.00 XXX   0 X    0.24 TYR1681 H

LYS1359 F   9.33    56 %   -1.19  438   0.00    0    0.00 XXX   0 X    0.00 XXX   0 X    0.02 GLU1436 F

LYS1381 F  11.51    22 %   -0.71  342   0.00    0    0.85 GLU1385 F    0.00 XXX   0 X    0.07 CYS1384 F
LYS1381 F                                            0.00 XXX   0 X    0.00 XXX   0 X    0.29 GLU1435 F
LYS1381 F                                            0.00 XXX   0 X    0.00 XXX   0 X    0.07 TYR1434 F
LYS1381 F                                            0.00 XXX   0 X    0.00 XXX   0 X    0.44 GLU1385 F

LYS1397 F  10.64    57 %   -1.47  440   0.00    0    0.85 ASP1403 F    0.00 XXX   0 X   -0.01 LYS1381 F
LYS1397 F                                            0.00 XXX   0 X    0.00 XXX   0 X    0.77 ASP1403 F

LYS1399 F   9.79    63 %   -2.35  458   0.00    0    0.85 GLU1368 F    0.00 XXX   0 X    0.10 GLU1685 H
LYS1399 F                                            0.00 XXX   0 X    0.00 XXX   0 X    0.68 GLU1368 F

LYS1419 F   8.43    83 %   -2.57  513   0.00    0    0.00 XXX   0 X    0.00 XXX   0 X    0.04 ASP 372 C
LYS1419 F                                            0.00 XXX   0 X    0.00 XXX   0 X    0.05 GLU 375 C
LYS1419 F                                            0.00 XXX   0 X    0.00 XXX   0 X    0.33 GLU 898 D
LYS1419 F                                            0.00 XXX   0 X    0.00 XXX   0 X    0.08 ASP1714 H

ARG1232 F  12.31     0 %   -0.23  166   0.00    0    0.00 XXX   0 X    0.00 XXX   0 X    0.04 ASP1226 F

ARG1303 F  12.37     0 %   -0.26  238   0.00    0    0.00 XXX   0 X    0.00 XXX   0 X    0.03 GLU1225 F
ARG1303 F                                            0.00 XXX   0 X    0.00 XXX   0 X    0.15 GLU1295 F
ARG1303 F                                            0.00 XXX   0 X    0.00 XXX   0 X   -0.06 ARG1306 F

ARG1306 F  13.85    57 %   -1.19  440   0.00    0    1.40 GLU1225 F    0.00 XXX   0 X    0.25 GLU1240 F
ARG1306 F                                            0.00 XXX   0 X    0.00 XXX   0 X    0.28 ASP1243 F
ARG1306 F                                            0.00 XXX   0 X    0.00 XXX   0 X    0.61 GLU1225 F

ARG1309 F  11.98    73 %   -1.56  485   0.00    0    0.49 ASP1243 F    0.00 XXX   0 X    0.05 GLU1225 F
ARG1309 F                                            0.00 XXX   0 X    0.00 XXX   0 X    0.06 GLU1240 F
ARG1309 F                                            0.00 XXX   0 X    0.00 XXX   0 X    0.00 ASP1280 F
ARG1309 F                                            0.00 XXX   0 X    0.00 XXX   0 X   -0.34 ARG1306 F
ARG1309 F                                            0.00 XXX   0 X    0.00 XXX   0 X    0.78 ASP1243 F

ARG1312 F  15.15    86 %   -2.53  523   0.00    0    1.25 GLU1253 F    0.00 XXX   0 X    0.06 GLU1208 F
ARG1312 F                                            1.28 ASP1275 F    0.00 XXX   0 X    0.13 TYR1266 F
ARG1312 F                                            0.00 XXX   0 X    0.00 XXX   0 X    0.01 CYS1272 F
ARG1312 F                                            0.00 XXX   0 X    0.00 XXX   0 X    1.30 GLU1253 F
ARG1312 F                                            0.00 XXX   0 X    0.00 XXX   0 X    1.15 ASP1275 F

ARG1316 F  14.30    60 %   -1.79  450   0.00    0    0.64 GLU1208 F    0.00 XXX   0 X    0.34 GLU1253 F
ARG1316 F                                            1.58 ASP1275 F    0.00 XXX   0 X    0.06 TYR1261 F
ARG1316 F                                            0.00 XXX   0 X    0.00 XXX   0 X    0.06 CYS1272 F
ARG1316 F                                            0.00 XXX   0 X    0.00 XXX   0 X   -0.52 ARG1312 F
ARG1316 F                                            0.00 XXX   0 X    0.00 XXX   0 X    0.55 GLU1208 F
ARG1316 F                                            0.00 XXX   0 X    0.00 XXX   0 X    0.87 ASP1275 F

ARG1321 F  12.00    21 %   -0.70  340   0.00    0    0.00 XXX   0 X    0.00 XXX   0 X    0.11 GLU1208 F
ARG1321 F                                            0.00 XXX   0 X    0.00 XXX   0 X    0.18 GLU1318 F
ARG1321 F                                            0.00 XXX   0 X    0.00 XXX   0 X   -0.10 ARG1316 F

ARG1362 F  11.29    65 %   -1.37  463   0.00    0    0.00 XXX   0 X    0.00 XXX   0 X    0.18 ASP1430 F
ARG1362 F                                            0.00 XXX   0 X    0.00 XXX   0 X   -0.02 ARG 878 D

ARG1432 F  13.28     0 %   -0.46  262   0.00    0    0.49 TYR1375 F    0.00 XXX   0 X    0.38 TYR1375 F
ARG1432 F                                            0.00 XXX   0 X    0.00 XXX   0 X    0.00 ASP1430 F
ARG1432 F                                            0.00 XXX   0 X    0.00 XXX   0 X    0.15 GLU1436 F
ARG1432 F                                            0.00 XXX   0 X    0.00 XXX   0 X    0.22 TYR1442 F

N+ 1196 F   8.72     0 %   -0.46  260   0.00    0    0.85 C- 1195 E    0.00 XXX   0 X    0.05 GLU1170 E
N+ 1196 F                                            0.00 XXX   0 X    0.00 XXX   0 X   -0.05 ARG1195 E
N+ 1196 F                                            0.00 XXX   0 X    0.00 XXX   0 X   -0.20 LYS1196 F
N+ 1196 F                                            0.00 XXX   0 X    0.00 XXX   0 X    0.14 CYS1198 F
N+ 1196 F                                            0.00 XXX   0 X    0.00 XXX   0 X    0.38 C- 1195 E

ASP1484 G   4.09    32 %    0.77  372   0.00    0    0.00 XXX   0 X    0.00 XXX   0 X   -0.23 LYS1477 G
ASP1484 G                                            0.00 XXX   0 X    0.00 XXX   0 X   -0.10 LYS1492 G
ASP1484 G                                            0.00 XXX   0 X    0.00 XXX   0 X   -0.15 LYS1499 G

ASP1523 G   2.55     0 %    0.50  227   0.00    0   -1.23 ARG1512 G    0.00 XXX   0 X   -0.14 LYS1527 G
ASP1523 G                                            0.00 XXX   0 X    0.00 XXX   0 X   -0.38 ARG1512 G

ASP1531 G   3.94     8 %    0.33  304   0.02    0    0.00 XXX   0 X    0.00 XXX   0 X   -0.11 LYS1578 G
ASP1531 G                                            0.00 XXX   0 X    0.00 XXX   0 X   -0.17 ARG1635 H
ASP1531 G                                            0.00 XXX   0 X    0.00 XXX   0 X   -0.03 LYS1641 H
ASP1531 G                                            0.00 XXX   0 X    0.00 XXX   0 X    0.10 GLU1574 G

ASP1550 G   3.63    43 %    1.48  401   0.00    0   -0.85 LYS 343 C   -0.58 ASP1551 G   -0.15 ARG 277 C
ASP1550 G                                            0.00 XXX   0 X    0.00 XXX   0 X   -0.00 ARG1626 H
ASP1550 G                                            0.00 XXX   0 X    0.00 XXX   0 X   -0.02 HIS 278 C
ASP1550 G                                            0.00 XXX   0 X    0.00 XXX   0 X    0.49 ASP1551 G
ASP1550 G                                            0.00 XXX   0 X    0.00 XXX   0 X   -0.54 LYS 343 C

ASP1551 G   2.88    10 %    0.59  309   0.00    0   -0.85 LYS 343 C   -0.02 ASP1551 G   -0.18 ARG 277 C
ASP1551 G                                            0.00 XXX   0 X    0.00 XXX   0 X   -0.45 LYS 343 C

ASP1595 G   5.21    61 %    1.59  452   0.26    0    0.00 XXX   0 X    0.00 XXX   0 X   -0.36 ARG1632 H
ASP1595 G                                            0.00 XXX   0 X    0.00 XXX   0 X   -0.21 ARG1635 H
ASP1595 G                                            0.00 XXX   0 X    0.00 XXX   0 X    0.12 GLU1574 G

GLU1489 G   4.54     0 %    0.13  200   0.00    0    0.00 XXX   0 X    0.00 XXX   0 X   -0.09 LYS1492 G
GLU1489 G                                            0.00 XXX   0 X    0.00 XXX   0 X   -0.02 LYS1493 G
GLU1489 G                                            0.00 XXX   0 X    0.00 XXX   0 X    0.02 GLU1490 G

GLU1490 G   3.47     0 %    0.21  158   0.00    0   -0.85 LYS1493 G    0.00 XXX   0 X   -0.38 LYS1493 G

GLU1548 G   2.96    78 %    2.35  501   0.69    0   -0.65 ARG1626 H    0.00 XXX   0 X   -1.11 ARG1626 H
GLU1548 G                                           -1.53 ARG1629 H    0.00 XXX   0 X   -1.29 ARG1629 H

GLU1555 G   4.10     0 %    0.25   99   0.00    0    0.00 XXX   0 X   -0.65 GLU1555 G    0.00 XXX   0 X

GLU1574 G   3.16    67 %    1.96  469   0.13    0   -0.85 LYS1578 G    0.00 XXX   0 X   -0.75 LYS1578 G
GLU1574 G                                           -1.01 ARG1635 H    0.00 XXX   0 X   -0.81 ARG1635 H

C- 1606 G   1.60    32 %    1.56  370   0.00    0   -0.71 SER1609 H   -0.25 LEU1608 H   -0.03 LYS1562 G
C- 1606 G                                           -0.85 N+ 1607 H   -0.77 SER1609 H   -0.01 ARG1626 H
C- 1606 G                                            0.00 XXX   0 X    0.00 XXX   0 X   -0.07 ARG1629 H
C- 1606 G                                            0.00 XXX   0 X    0.00 XXX   0 X   -0.47 N+ 1607 H

HIS1584 G   6.11     0 %   -0.27  230   0.00    0    0.00 XXX   0 X    0.00 XXX   0 X   -0.16 LYS1504 G
HIS1584 G                                            0.00 XXX   0 X    0.00 XXX   0 X   -0.03 LYS1508 G
HIS1584 G                                            0.00 XXX   0 X    0.00 XXX   0 X    0.07 GLU1799 H

CYS1539 G   9.28     0 %    0.28  245   0.00    0    0.00 XXX   0 X    0.00 XXX   0 X    0.00 XXX   0 X

CYS1575 G  11.20    56 %    1.84  439   0.00    0    0.00 XXX   0 X    0.00 XXX   0 X   -0.09 LYS1578 G
CYS1575 G                                            0.00 XXX   0 X    0.00 XXX   0 X   -0.03 ARG1632 H
CYS1575 G                                            0.00 XXX   0 X    0.00 XXX   0 X   -0.10 ARG1635 H
CYS1575 G                                            0.00 XXX   0 X    0.00 XXX   0 X    0.25 GLU1574 G
CYS1575 G                                            0.00 XXX   0 X    0.00 XXX   0 X    0.32 ASP1595 G

TYR1494 G  11.00    30 %    1.00  365   0.00    0    0.00 XXX   0 X    0.00 XXX   0 X    0.00 XXX   0 X

TYR1495 G  13.58    52 %    1.65  426   0.00    0    0.80 GLU1773 H    0.00 XXX   0 X    0.42 ASP1484 G
TYR1495 G                                            0.00 XXX   0 X    0.00 XXX   0 X    0.71 GLU1773 H

TYR1517 G  10.10     0 %    0.10   73   0.00    0    0.00 XXX   0 X    0.00 XXX   0 X    0.00 XXX   0 X

TYR1585 G  10.34    10 %    0.71  310   0.00    0    0.00 XXX   0 X   -0.29 LYS1508 G    0.01 GLU1796 H
TYR1585 G                                            0.00 XXX   0 X    0.00 XXX   0 X    0.01 GLU1799 H
TYR1585 G                                            0.00 XXX   0 X    0.00 XXX   0 X   -0.09 LYS1508 G

TYR1586 G  10.14     0 %    0.14  144   0.00    0    0.00 XXX   0 X    0.00 XXX   0 X    0.00 XXX   0 X

LYS1477 G  10.18    19 %   -0.47  335   0.00    0    0.00 XXX   0 X    0.00 XXX   0 X    0.02 C- 1472 F
LYS1477 G                                            0.00 XXX   0 X    0.00 XXX   0 X    0.23 ASP1484 G
LYS1477 G                                            0.00 XXX   0 X    0.00 XXX   0 X   -0.10 LYS1478 G

LYS1478 G  10.39     0 %   -0.11  140   0.00    0    0.00 XXX   0 X    0.00 XXX   0 X    0.00 XXX   0 X

LYS1479 G  10.37     0 %   -0.20  227   0.00    0    0.00 XXX   0 X    0.00 XXX   0 X    0.07 C- 1472 F

LYS1492 G   9.84    25 %   -0.87  351   0.00    0    0.00 XXX   0 X    0.00 XXX   0 X    0.01 GLU1318 F
LYS1492 G                                            0.00 XXX   0 X    0.00 XXX   0 X    0.10 ASP1484 G
LYS1492 G                                            0.00 XXX   0 X    0.00 XXX   0 X    0.09 GLU1489 G

LYS1493 G  11.51     0 %   -0.25  158   0.00    0    0.85 GLU1490 G    0.00 XXX   0 X    0.02 GLU1489 G
LYS1493 G                                            0.00 XXX   0 X    0.00 XXX   0 X    0.38 GLU1490 G

LYS1499 G  10.96    40 %   -1.19  393   0.00    0    0.85 GLU1773 H    0.00 XXX   0 X    0.15 ASP1484 G
LYS1499 G                                            0.00 XXX   0 X    0.00 XXX   0 X    0.65 GLU1773 H

LYS1500 G  10.32     0 %   -0.35  249   0.00    0    0.00 XXX   0 X    0.00 XXX   0 X    0.20 GLU1877 H
LYS1500 G                                            0.00 XXX   0 X    0.00 XXX   0 X   -0.02 LYS1878 H

LYS1504 G  11.30     8 %   -0.49  304   0.00    0    0.85 GLU1799 H    0.00 XXX   0 X    0.05 GLU1796 H
LYS1504 G                                            0.00 XXX   0 X    0.00 XXX   0 X    0.02 ASP1802 H
LYS1504 G                                            0.00 XXX   0 X    0.00 XXX   0 X   -0.16 LYS1508 G
LYS1504 G                                            0.00 XXX   0 X    0.00 XXX   0 X    0.10 TYR1795 H
LYS1504 G                                            0.00 XXX   0 X    0.00 XXX   0 X    0.43 GLU1799 H

LYS1505 G  10.99    26 %   -0.76  355   0.00    0    0.82 ASP1792 H    0.00 XXX   0 X   -0.07 ARG1638 H
LYS1505 G                                            0.00 XXX   0 X    0.00 XXX   0 X   -0.05 ARG1644 H
LYS1505 G                                            0.00 XXX   0 X    0.00 XXX   0 X    0.02 GLU1788 H
LYS1505 G                                            0.00 XXX   0 X    0.00 XXX   0 X    0.00 ASP1789 H
LYS1505 G                                            0.00 XXX   0 X    0.00 XXX   0 X    0.12 GLU1796 H
LYS1505 G                                            0.00 XXX   0 X    0.00 XXX   0 X    0.02 GLU1799 H
LYS1505 G                                            0.00 XXX   0 X    0.00 XXX   0 X   -0.06 LYS1508 G
LYS1505 G                                            0.00 XXX   0 X    0.00 XXX   0 X    0.45 ASP1792 H

LYS1508 G  12.37    20 %   -0.87  338   0.00    0    0.85 GLU1796 H    0.00 XXX   0 X    0.01 ASP1792 H
LYS1508 G                                            0.85 GLU1799 H    0.00 XXX   0 X    0.09 TYR1585 G
LYS1508 G                                            0.00 XXX   0 X    0.00 XXX   0 X    0.02 TYR1795 H
LYS1508 G                                            0.00 XXX   0 X    0.00 XXX   0 X    0.46 GLU1796 H
LYS1508 G                                            0.00 XXX   0 X    0.00 XXX   0 X    0.46 GLU1799 H

LYS1516 G  10.40     0 %   -0.10   82   0.00    0    0.00 XXX   0 X    0.00 XXX   0 X    0.00 XXX   0 X

LYS1527 G  10.49     0 %   -0.15  165   0.00    0    0.00 XXX   0 X    0.00 XXX   0 X   -0.00 ARG1512 G
LYS1527 G                                            0.00 XXX   0 X    0.00 XXX   0 X    0.14 ASP1523 G

LYS1556 G  10.39     0 %   -0.11  109   0.00    0    0.00 XXX   0 X    0.00 XXX   0 X    0.00 XXX   0 X

LYS1562 G  10.44     0 %   -0.14  179   0.00    0    0.00 XXX   0 X    0.00 XXX   0 X    0.03 C- 1606 G
LYS1562 G                                            0.00 XXX   0 X    0.00 XXX   0 X    0.05 ASP1610 H

LYS1578 G  10.55    54 %   -1.39  432   0.00    0    0.85 GLU1574 G    0.00 XXX   0 X    0.11 ASP1531 G
LYS1578 G                                            0.00 XXX   0 X    0.00 XXX   0 X    0.09 CYS1575 G
LYS1578 G                                            0.00 XXX   0 X    0.00 XXX   0 X   -0.37 ARG1635 H
LYS1578 G                                            0.00 XXX   0 X    0.00 XXX   0 X    0.75 GLU1574 G

ARG1512 G  13.77     0 %   -0.35  194   0.00    0    1.23 ASP1523 G    0.00 XXX   0 X    0.38 ASP1523 G

ARG1583 G  12.44     0 %   -0.06   84   0.00    0    0.00 XXX   0 X    0.00 XXX   0 X    0.00 XXX   0 X

N+ 1473 G   6.91    64 %   -2.59  460   0.00    0    0.85 C- 1472 F    0.00 XXX   0 X    0.06 ASP1471 F
N+ 1473 G                                            0.00 XXX   0 X    0.00 XXX   0 X   -0.09 LYS1477 G
N+ 1473 G                                            0.00 XXX   0 X    0.00 XXX   0 X    0.69 C- 1472 F

ASP1610 H   2.54     0 %    0.36  268   0.00    0   -0.06 SER1609 H   -0.49 ASP1610 H   -0.05 LYS1562 G
ASP1610 H                                           -0.85 N+ 1607 H    0.00 XXX   0 X   -0.03 LYS1614 H
ASP1610 H                                            0.00 XXX   0 X    0.00 XXX   0 X    0.26 C- 1606 G
ASP1610 H                                            0.00 XXX   0 X    0.00 XXX   0 X   -0.40 N+ 1607 H

ASP1689 H   5.21    60 %    1.26  450   0.25    0   -0.23 GLN 379 C    0.00 XXX   0 X   -0.05 LYS 317 C
ASP1689 H                                            0.00 XXX   0 X    0.00 XXX   0 X    0.13 ASP1690 H
ASP1689 H                                            0.00 XXX   0 X    0.00 XXX   0 X    0.05 ASP1714 H

ASP1690 H   3.64    54 %    1.32  432   0.11    0   -0.85 LYS 317 C   -0.02 ASP1690 H   -0.09 ARG 376 C
ASP1690 H                                            0.00 XXX   0 X    0.00 XXX   0 X   -0.14 ARG 383 C
ASP1690 H                                            0.00 XXX   0 X    0.00 XXX   0 X    0.15 ASP 322 C
ASP1690 H                                            0.00 XXX   0 X    0.00 XXX   0 X   -0.62 LYS 317 C

ASP1714 H   4.32    54 %    0.96  433   0.00    0    0.00 XXX   0 X   -0.43 ASP1714 H   -0.08 LYS1419 F
ASP1714 H                                            0.00 XXX   0 X    0.00 XXX   0 X    0.04 GLU 898 D
ASP1714 H                                            0.00 XXX   0 X    0.00 XXX   0 X    0.03 GLU 901 D

ASP1729 H   2.97     0 %    0.24  186   0.00    0   -0.75 ARG1739 H   -0.00 ASP1729 H   -0.32 ARG1739 H

ASP1741 H   3.78     0 %    0.20  187   0.00    0    0.00 XXX   0 X    0.00 XXX   0 X   -0.11 LYS1300 F
ASP1741 H                                            0.00 XXX   0 X    0.00 XXX   0 X   -0.12 LYS1683 H

ASP1789 H   4.20     0 %    0.18  167   0.00    0    0.00 XXX   0 X    0.00 XXX   0 X   -0.00 LYS1505 G
ASP1789 H                                            0.00 XXX   0 X    0.00 XXX   0 X    0.12 ASP1790 H
ASP1789 H                                            0.00 XXX   0 X    0.00 XXX   0 X    0.10 ASP1792 H

ASP1790 H   4.05     1 %    0.29  284   0.00    0    0.00 XXX   0 X    0.00 XXX   0 X   -0.05 LYS1872 H
ASP1790 H                                            0.00 XXX   0 X    0.00 XXX   0 X    0.01 ASP1869 H

ASP1792 H   3.20    12 %    0.61  315   0.11    0   -0.82 LYS1505 G    0.00 XXX   0 X   -0.01 LYS1508 G
ASP1792 H                                            0.00 XXX   0 X    0.00 XXX   0 X   -0.02 ARG1638 H
ASP1792 H                                            0.00 XXX   0 X    0.00 XXX   0 X   -0.02 ARG1644 H
ASP1792 H                                            0.00 XXX   0 X    0.00 XXX   0 X   -0.45 LYS1505 G

ASP1802 H   4.40     8 %    0.50  304   0.04    0    0.00 XXX   0 X    0.00 XXX   0 X   -0.02 LYS1504 G
ASP1802 H                                            0.00 XXX   0 X    0.00 XXX   0 X    0.08 C- 1882 H

ASP1816 H   3.72     0 %    0.21  216   0.00    0    0.00 XXX   0 X    0.00 XXX   0 X   -0.11 ARG1826 H
ASP1816 H                                            0.00 XXX   0 X    0.00 XXX   0 X   -0.18 LYS1829 H

ASP1819 H   3.82     0 %    0.10  119   0.00    0    0.00 XXX   0 X    0.00 XXX   0 X   -0.01 ARG1826 H
ASP1819 H                                            0.00 XXX   0 X    0.00 XXX   0 X   -0.08 LYS1829 H
ASP1819 H                                            0.00 XXX   0 X    0.00 XXX   0 X    0.02 ASP1816 H

ASP1839 H   3.87     0 %    0.13  165   0.00    0    0.00 XXX   0 X    0.00 XXX   0 X   -0.06 ARG1860 H

ASP1846 H   3.92     0 %    0.15  163   0.00    0    0.00 XXX   0 X   -0.03 ASP1846 H   -0.01 ARG1847 H

ASP1852 H   4.17    13 %    0.55  319   0.06    0    0.00 XXX   0 X    0.00 XXX   0 X   -0.24 HIS1849 H

ASP1869 H   2.39     5 %    0.57  295   0.04    0   -0.85 LYS1872 H   -0.53 GLU1864 H   -0.00 LYS1859 H
ASP1869 H                                            0.00 XXX   0 X   -0.18 SER1865 H   -0.46 LYS1872 H

GLU1685 H   5.12    23 %    0.50  346   0.07    0    0.00 XXX   0 X    0.00 XXX   0 X   -0.10 LYS1399 F
GLU1685 H                                            0.00 XXX   0 X    0.00 XXX   0 X   -0.04 LYS1683 H
GLU1685 H                                            0.00 XXX   0 X    0.00 XXX   0 X    0.19 GLU1368 F

GLU1773 H   4.46    61 %    2.00  453   0.12    0   -0.80 TYR1495 G    0.00 XXX   0 X    0.15 ASP1484 G
GLU1773 H                                           -0.85 LYS1499 G    0.00 XXX   0 X   -0.65 LYS1499 G

GLU1780 H   4.75     0 %    0.18  253   0.00    0    0.00 XXX   0 X    0.00 XXX   0 X   -0.24 LYS 249 C
GLU1780 H                                            0.00 XXX   0 X    0.00 XXX   0 X    0.31 GLU 418 C

GLU1781 H   4.67     8 %    0.22  305   0.00    0    0.00 XXX   0 X    0.00 XXX   0 X   -0.09 LYS1878 H
GLU1781 H                                            0.00 XXX   0 X    0.00 XXX   0 X    0.03 GLU1867 H

GLU1784 H   4.68     0 %    0.11  123   0.00    0    0.00 XXX   0 X    0.00 XXX   0 X    0.08 GLU1867 H

GLU1788 H   4.54     0 %    0.16  229   0.00    0    0.00 XXX   0 X    0.00 XXX   0 X   -0.02 LYS1505 G
GLU1788 H                                            0.00 XXX   0 X    0.00 XXX   0 X   -0.02 ARG1638 H
GLU1788 H                                            0.00 XXX   0 X    0.00 XXX   0 X   -0.13 LYS1641 H
GLU1788 H                                            0.00 XXX   0 X    0.00 XXX   0 X   -0.14 ARG1644 H
GLU1788 H                                            0.00 XXX   0 X    0.00 XXX   0 X    0.11 ASP1789 H
GLU1788 H                                            0.00 XXX   0 X    0.00 XXX   0 X    0.08 ASP1792 H

GLU1796 H   4.18    22 %    0.80  344   0.06    0   -0.85 LYS1508 G    0.00 XXX   0 X   -0.05 LYS1504 G
GLU1796 H                                            0.00 XXX   0 X    0.00 XXX   0 X   -0.12 LYS1505 G
GLU1796 H                                            0.00 XXX   0 X    0.00 XXX   0 X   -0.04 LYS1800 H
GLU1796 H                                            0.00 XXX   0 X    0.00 XXX   0 X    0.08 ASP1792 H
GLU1796 H                                            0.00 XXX   0 X    0.00 XXX   0 X    0.26 GLU1799 H
GLU1796 H                                            0.00 XXX   0 X    0.00 XXX   0 X   -0.46 LYS1508 G

GLU1799 H   2.52    20 %    0.71  336   0.01    0   -0.85 LYS1504 G    0.00 XXX   0 X   -0.02 LYS1505 G
GLU1799 H                                           -0.85 LYS1508 G    0.00 XXX   0 X   -0.02 LYS1800 H
GLU1799 H                                            0.00 XXX   0 X    0.00 XXX   0 X   -0.07 HIS1584 G
GLU1799 H                                            0.00 XXX   0 X    0.00 XXX   0 X   -0.43 LYS1504 G
GLU1799 H                                            0.00 XXX   0 X    0.00 XXX   0 X   -0.46 LYS1508 G

GLU1804 H   4.59     0 %    0.09  123   0.00    0    0.00 XXX   0 X    0.00 XXX   0 X    0.00 XXX   0 X

GLU1810 H   4.64     0 %    0.17  178   0.00    0    0.00 XXX   0 X    0.00 XXX   0 X   -0.10 ARG1847 H
GLU1810 H                                            0.00 XXX   0 X    0.00 XXX   0 X    0.07 ASP1846 H

GLU1823 H   3.54    12 %    0.40  316   0.00    0   -0.77 LYS1800 H    0.00 XXX   0 X   -0.16 ARG1826 H
GLU1823 H                                            0.00 XXX   0 X    0.00 XXX   0 X   -0.43 LYS1800 H

GLU1864 H   3.65     0 %    0.34  196   0.00    0   -0.85 LYS1859 H    0.00 XXX   0 X   -0.02 LYS1872 H
GLU1864 H                                            0.00 XXX   0 X    0.00 XXX   0 X    0.06 ASP1869 H
GLU1864 H                                            0.00 XXX   0 X    0.00 XXX   0 X   -0.38 LYS1859 H

GLU1867 H   4.58     0 %    0.35  240   0.00    0    0.00 XXX   0 X    0.00 XXX   0 X   -0.27 LYS1878 H

GLU1876 H   4.72     0 %    0.18  250   0.00    0    0.00 XXX   0 X    0.00 XXX   0 X    0.03 GLU1877 H
GLU1876 H                                            0.00 XXX   0 X    0.00 XXX   0 X    0.01 C- 1882 H

GLU1877 H   4.41     0 %    0.11  158   0.00    0    0.00 XXX   0 X    0.00 XXX   0 X   -0.20 LYS1500 G
GLU1877 H                                            0.00 XXX   0 X    0.00 XXX   0 X   -0.00 LYS1878 H

C- 1882 H   3.33     0 %    0.13  170   0.00    0    0.00 XXX   0 X   -0.00 ALA1882 H    0.00 XXX   0 X

HIS1849 H   5.99    15 %   -0.76  322   0.00    0    0.00 XXX   0 X    0.00 XXX   0 X    0.24 ASP1852 H

CYS1703 H  12.40   100 %    3.31  561   0.00    0    0.00 XXX   0 X    0.00 XXX   0 X    0.03 GLU 375 C
CYS1703 H                                            0.00 XXX   0 X    0.00 XXX   0 X    0.05 ASP1689 H

CYS1728 H   8.52     4 %    0.55  292   0.00    0   -0.52 THR1723 H   -0.48 GLY1724 H   -0.11 ARG1739 H
CYS1728 H                                            0.00 XXX   0 X    0.00 XXX   0 X    0.07 ASP1729 H

CYS1742 H  10.25    41 %    1.42  395   0.00    0    0.00 XXX   0 X   -0.20 GLY1743 H   -0.00 LYS1683 H
CYS1742 H                                            0.00 XXX   0 X    0.00 XXX   0 X    0.03 ASP1741 H

CYS1850 H  10.57    48 %    2.10  415   0.00    0    0.00 XXX   0 X   -0.00 GLN1807 H    0.07 ASP1852 H
CYS1850 H                                            0.00 XXX   0 X   -0.25 CYS1850 H    0.00 XXX   0 X
CYS1850 H                                            0.00 XXX   0 X   -0.35 MET1851 H    0.00 XXX   0 X

TYR1615 H  10.04     0 %    0.04   84   0.00    0    0.00 XXX   0 X    0.00 XXX   0 X    0.00 XXX   0 X

TYR1671 H  10.49    40 %    1.34  394   0.00    0   -0.85 THR1754 H    0.00 XXX   0 X    0.00 XXX   0 X

TYR1681 H  10.11     0 %    0.22  280   0.00    0    0.00 XXX   0 X    0.00 XXX   0 X    0.12 ASP1741 H
TYR1681 H                                            0.00 XXX   0 X    0.00 XXX   0 X    0.01 CYS1742 H
TYR1681 H                                            0.00 XXX   0 X    0.00 XXX   0 X   -0.24 LYS1300 F

TYR1727 H  12.82    36 %    1.24  382   0.00    0    0.77 GLU1368 F    0.00 XXX   0 X    0.24 GLU1685 H
TYR1727 H                                            0.00 XXX   0 X    0.00 XXX   0 X   -0.00 ARG1739 H
TYR1727 H                                            0.00 XXX   0 X    0.00 XXX   0 X    0.57 GLU1368 F

TYR1755 H  11.88    87 %    2.94  525   0.00    0   -0.85 THR1708 H    0.00 XXX   0 X    0.03 CYS1703 H
TYR1755 H                                           -0.28 SER1759 H    0.00 XXX   0 X    0.04 TYR1671 H

TYR1767 H  12.32    93 %    2.32  543   0.00    0    0.00 XXX   0 X    0.00 XXX   0 X    0.00 XXX   0 X

TYR1795 H  11.27    40 %    1.12  392   0.00    0    0.00 XXX   0 X    0.00 XXX   0 X    0.02 GLU1796 H
TYR1795 H                                            0.00 XXX   0 X    0.00 XXX   0 X    0.14 GLU1799 H
TYR1795 H                                            0.00 XXX   0 X    0.00 XXX   0 X    0.11 ASP1802 H
TYR1795 H                                            0.00 XXX   0 X    0.00 XXX   0 X   -0.10 LYS1504 G
TYR1795 H                                            0.00 XXX   0 X    0.00 XXX   0 X   -0.02 LYS1508 G

TYR1811 H  10.47     6 %    0.45  299   0.00    0    0.00 XXX   0 X    0.00 XXX   0 X    0.02 ASP1839 H
TYR1811 H                                            0.00 XXX   0 X    0.00 XXX   0 X    0.00 ASP1846 H

LYS1614 H  10.45     0 %   -0.08  141   0.00    0    0.00 XXX   0 X    0.00 XXX   0 X    0.03 ASP1610 H

LYS1641 H  10.35     0 %   -0.16  207   0.00    0    0.00 XXX   0 X    0.00 XXX   0 X    0.03 ASP1531 G
LYS1641 H                                            0.00 XXX   0 X    0.00 XXX   0 X   -0.06 ARG1638 H
LYS1641 H                                            0.00 XXX   0 X    0.00 XXX   0 X   -0.10 ARG1644 H
LYS1641 H                                            0.00 XXX   0 X    0.00 XXX   0 X    0.13 GLU1788 H

LYS1683 H  10.51     0 %   -0.15  212   0.00    0    0.00 XXX   0 X    0.00 XXX   0 X    0.04 GLU1685 H
LYS1683 H                                            0.00 XXX   0 X    0.00 XXX   0 X    0.12 ASP1741 H
LYS1683 H                                            0.00 XXX   0 X    0.00 XXX   0 X    0.00 CYS1742 H

LYS1800 H  11.32    13 %   -0.39  319   0.00    0    0.77 GLU1823 H    0.00 XXX   0 X    0.04 GLU1796 H
LYS1800 H                                            0.00 XXX   0 X    0.00 XXX   0 X    0.02 GLU1799 H
LYS1800 H                                            0.00 XXX   0 X    0.00 XXX   0 X   -0.00 ARG1826 H
LYS1800 H                                            0.00 XXX   0 X    0.00 XXX   0 X   -0.05 LYS1508 G
LYS1800 H                                            0.00 XXX   0 X    0.00 XXX   0 X    0.43 GLU1823 H

LYS1829 H  10.41     0 %   -0.30  205   0.00    0    0.00 XXX   0 X    0.00 XXX   0 X    0.18 ASP1816 H
LYS1829 H                                            0.00 XXX   0 X    0.00 XXX   0 X    0.08 ASP1819 H
LYS1829 H                                            0.00 XXX   0 X    0.00 XXX   0 X   -0.06 ARG1826 H

LYS1859 H  11.48     0 %   -0.25  168   0.00    0    0.85 GLU1864 H    0.00 XXX   0 X    0.00 ASP1869 H
LYS1859 H                                            0.00 XXX   0 X    0.00 XXX   0 X    0.38 GLU1864 H

LYS1872 H  10.47    38 %   -1.41  387   0.00    0    0.85 ASP1869 H    0.00 XXX   0 X    0.05 ASP1790 H
LYS1872 H                                            0.00 XXX   0 X    0.00 XXX   0 X    0.02 GLU1864 H
LYS1872 H                                            0.00 XXX   0 X    0.00 XXX   0 X    0.46 ASP1869 H

LYS1878 H  10.52     3 %   -0.33  290   0.00    0    0.00 XXX   0 X    0.00 XXX   0 X    0.09 GLU1781 H
LYS1878 H                                            0.00 XXX   0 X    0.00 XXX   0 X    0.27 GLU1867 H
LYS1878 H                                            0.00 XXX   0 X    0.00 XXX   0 X    0.00 GLU1877 H

ARG1623 H  11.90    53 %   -1.42  431   0.00    0    0.32 TYR 389 C    0.00 XXX   0 X    0.50 TYR 389 C

ARG1626 H  11.13    82 %   -1.78  511   0.00    0    0.65 GLU1548 G    0.00 XXX   0 X    0.00 ASP1550 G
ARG1626 H                                            0.00 XXX   0 X    0.00 XXX   0 X    0.01 C- 1606 G
ARG1626 H                                            0.00 XXX   0 X    0.00 XXX   0 X   -1.36 ARG1629 H
ARG1626 H                                            0.00 XXX   0 X    0.00 XXX   0 X    1.11 GLU1548 G

ARG1629 H  12.75    94 %   -2.64  545   0.00    0    1.53 GLU1548 G    0.00 XXX   0 X    0.07 C- 1606 G
ARG1629 H                                            0.00 XXX   0 X    0.00 XXX   0 X    1.29 GLU1548 G

ARG1632 H  10.67    79 %   -2.22  502   0.00    0    0.00 XXX   0 X    0.00 XXX   0 X    0.03 CYS1575 G
ARG1632 H                                            0.00 XXX   0 X    0.00 XXX   0 X    0.36 ASP1595 G

ARG1635 H  13.34    62 %   -1.45  455   0.00    0    1.01 GLU1574 G    0.00 XXX   0 X    0.17 ASP1531 G
ARG1635 H                                            0.00 XXX   0 X    0.00 XXX   0 X    0.10 CYS1575 G
ARG1635 H                                            0.00 XXX   0 X    0.00 XXX   0 X    0.21 ASP1595 G
ARG1635 H                                            0.00 XXX   0 X    0.00 XXX   0 X    0.81 GLU1574 G

ARG1638 H  11.78    21 %   -0.45  341   0.00    0    0.00 XXX   0 X    0.00 XXX   0 X    0.02 GLU1788 H
ARG1638 H                                            0.00 XXX   0 X    0.00 XXX   0 X    0.02 ASP1792 H
ARG1638 H                                            0.00 XXX   0 X    0.00 XXX   0 X   -0.30 ARG1644 H

ARG1644 H  12.27    14 %   -0.39  321   0.00    0    0.00 XXX   0 X    0.00 XXX   0 X    0.14 GLU1788 H
ARG1644 H                                            0.00 XXX   0 X    0.00 XXX   0 X    0.02 ASP1792 H

ARG1739 H  13.35     0 %   -0.38  256   0.00    0    0.75 ASP1729 H    0.00 XXX   0 X    0.05 TYR1394 F
ARG1739 H                                            0.00 XXX   0 X    0.00 XXX   0 X    0.00 TYR1727 H
ARG1739 H                                            0.00 XXX   0 X    0.00 XXX   0 X    0.11 CYS1728 H
ARG1739 H                                            0.00 XXX   0 X    0.00 XXX   0 X    0.32 ASP1729 H

ARG1826 H  12.27     0 %   -0.52  261   0.00    0    0.00 XXX   0 X    0.00 XXX   0 X    0.11 ASP1816 H
ARG1826 H                                            0.00 XXX   0 X    0.00 XXX   0 X    0.01 ASP1819 H
ARG1826 H                                            0.00 XXX   0 X    0.00 XXX   0 X    0.16 GLU1823 H

ARG1847 H  12.35     0 %   -0.26  164   0.00    0    0.00 XXX   0 X    0.00 XXX   0 X    0.10 GLU1810 H
ARG1847 H                                            0.00 XXX   0 X    0.00 XXX   0 X    0.01 ASP1846 H

ARG1860 H  12.28     0 %   -0.28  203   0.00    0    0.00 XXX   0 X    0.00 XXX   0 X    0.06 ASP1839 H

N+ 1607 H   9.55    15 %   -0.92  322   0.00    0    0.85 C- 1606 G    0.00 XXX   0 X   -0.11 LYS1562 G
N+ 1607 H                                            0.85 ASP1610 H    0.00 XXX   0 X    0.47 C- 1606 G
N+ 1607 H                                            0.00 XXX   0 X    0.00 XXX   0 X    0.40 ASP1610 H

Coupled residues (marked *) were detected.Please rerun PropKa with the --display-coupled-residues 
or -d option for detailed information.

2026-06-24 14:41:58,878 INFO:output.py:227:print_pka_section:pKa summary:
--------------------------------------------------------------------------------------------------------
SUMMARY OF THIS PREDICTION
       Group      pKa  model-pKa   ligand atom-type
   ASP  57 C     3.96       3.80                      
   ASP  66 C     3.85       3.80                      
   ASP  82 C     3.22       3.80                      
   ASP  84 C     1.88       3.80                      
   ASP 152 C     4.04       3.80                      
   ASP 191 C     4.32       3.80                      
   ASP 197 C     4.43       3.80                      
   ASP 211 C     3.95       3.80                      
   ASP 252 C     4.29       3.80                      
   ASP 297 C     3.90       3.80                      
   ASP 305 C     2.93       3.80                      
   ASP 310 C     3.77       3.80                      
   ASP 322 C     2.20       3.80                      
   ASP 331 C     3.49       3.80                      
   ASP 349 C     2.55       3.80                      
   ASP 356 C     5.26       3.80                      
   ASP 372 C     5.29       3.80                      
   ASP 716 D     3.94       3.80                      
   ASP 720 D     3.31       3.80                      
   ASP 772 D     3.13       3.80                      
   ASP 785 D     2.25       3.80                      
   ASP 870 D     3.99       3.80                      
   ASP 872 D     3.90       3.80                      
   ASP 883 D     2.04       3.80                      
   ASP 905 D     5.62       3.80                      
   ASP1163 E     3.52       3.80                      
   ASP1166 E     3.91       3.80                      
   ASP1182 E     3.91       3.80                      
   ASP1226 F     3.69       3.80                      
   ASP1243 F     3.70       3.80                      
   ASP1275 F     0.06       3.80                      
   ASP1280 F     3.39       3.80                      
   ASP1370 F     3.99       3.80                      
   ASP1403 F     3.81       3.80                      
   ASP1423 F     5.23       3.80                      
   ASP1430 F     3.15       3.80                      
   ASP1471 F     4.29       3.80                      
   ASP1484 G     4.09       3.80                      
   ASP1523 G     2.55       3.80                      
   ASP1531 G     3.94       3.80                      
   ASP1550 G     3.63       3.80                      
   ASP1551 G     2.88       3.80                      
   ASP1595 G     5.21       3.80                      
   ASP1610 H     2.54       3.80                      
   ASP1689 H     5.21       3.80                      
   ASP1690 H     3.64       3.80                      
   ASP1714 H     4.32       3.80                      
   ASP1729 H     2.97       3.80                      
   ASP1741 H     3.78       3.80                      
   ASP1789 H     4.20       3.80                      
   ASP1790 H     4.05       3.80                      
   ASP1792 H     3.20       3.80                      
   ASP1802 H     4.40       3.80                      
   ASP1816 H     3.72       3.80                      
   ASP1819 H     3.82       3.80                      
   ASP1839 H     3.87       3.80                      
   ASP1846 H     3.92       3.80                      
   ASP1852 H     4.17       3.80                      
   ASP1869 H     2.39       3.80                      
   GLU  19 A     4.60       4.50                      
   GLU  25 A     4.60       4.50                      
   GLU  30 A     4.45       4.50                      
   GLU  49 C     4.52       4.50                      
   GLU  50 C     4.55       4.50                      
   GLU  74 C     4.58       4.50                      
   GLU  78 C     3.59       4.50                      
   GLU  81 C     4.07       4.50                      
   GLU 161 C     2.13       4.50                      
   GLU 171 C     2.86       4.50                      
   GLU 208 C     3.86       4.50                      
   GLU 295 C     4.45       4.50                      
   GLU 302 C     4.59       4.50                      
   GLU 312 C     4.80       4.50                      
   GLU 337 C     4.57       4.50                      
   GLU 346 C     4.22       4.50                      
   GLU 375 C     6.99       4.50                      
   GLU 417 C     4.59       4.50                      
   GLU 418 C     3.80       4.50                      
   GLU 426 C     4.49       4.50                      
   GLU 428 C     3.97       4.50                      
   GLU 429 C     4.36       4.50                      
   GLU 431 C     4.50       4.50                      
   GLU 698 D     4.84       4.50                      
   GLU 737 D     6.06       4.50                      
   GLU 744 D     4.58       4.50                      
   GLU 746 D     4.95       4.50                      
   GLU 747 D     4.64       4.50                      
   GLU 763 D     4.56       4.50                      
   GLU 795 D     4.28       4.50                      
   GLU 867 D     4.66       4.50                      
   GLU 898 D     3.95       4.50                      
   GLU 901 D     4.26       4.50                      
   GLU 908 D     4.81       4.50                      
   GLU1165 E     4.64       4.50                      
   GLU1170 E     4.52       4.50                      
   GLU1203 F     4.09       4.50                      
   GLU1208 F     4.31       4.50                      
   GLU1225 F     2.29       4.50                      
   GLU1230 F     4.02       4.50                      
   GLU1231 F     4.59       4.50                      
   GLU1240 F     4.17       4.50                      
   GLU1253 F     3.71       4.50                      
   GLU1295 F     4.46       4.50                      
   GLU1318 F     4.77       4.50                      
   GLU1368 F     3.29       4.50                      
   GLU1385 F     3.83       4.50                      
   GLU1392 F     4.64       4.50                      
   GLU1435 F     4.42       4.50                      
   GLU1436 F     4.06       4.50                      
   GLU1441 F     5.11       4.50                      
   GLU1489 G     4.54       4.50                      
   GLU1490 G     3.47       4.50                      
   GLU1548 G     2.96       4.50                      
   GLU1555 G     4.10       4.50                      
   GLU1574 G     3.16       4.50                      
   GLU1685 H     5.12       4.50                      
   GLU1773 H     4.46       4.50                      
   GLU1780 H     4.75       4.50                      
   GLU1781 H     4.67       4.50                      
   GLU1784 H     4.68       4.50                      
   GLU1788 H     4.54       4.50                      
   GLU1796 H     4.18       4.50                      
   GLU1799 H     2.52       4.50                      
   GLU1804 H     4.59       4.50                      
   GLU1810 H     4.64       4.50                      
   GLU1823 H     3.54       4.50                      
   GLU1864 H     3.65       4.50                      
   GLU1867 H     4.58       4.50                      
   GLU1876 H     4.72       4.50                      
   GLU1877 H     4.41       4.50                      
   C-   35 A     3.28       3.20                      
   C-   37 B     2.74       3.20                      
   C-  433 C     2.25       3.20                      
   C-  943 D     3.32       3.20                      
   C- 1195 E     1.01       3.20                      
   C- 1472 F     2.02       3.20                      
   C- 1606 G     1.60       3.20                      
   C- 1882 H     3.33       3.20                      
   HIS 118 C     7.01       6.50                      
   HIS 130 C     6.18       6.50                      
   HIS 151 C     5.66       6.50                      
   HIS 184 C     6.24       6.50                      
   HIS 278 C     5.41       6.50                      
   HIS 350 C     6.31       6.50                      
   HIS 738 D     6.83       6.50                      
   HIS 880 D     4.59       6.50                      
   HIS 886 D     5.55       6.50                      
   HIS1200 F     6.17       6.50                      
   HIS1204 F     6.22       6.50                      
   HIS1584 G     6.11       6.50                      
   HIS1849 H     5.99       6.50                      
   CYS 139 C     9.34       9.00                      
   CYS 145 C    10.68       9.00                      
   CYS 182 C     9.42       9.00                      
   CYS 260 C    11.05       9.00                      
   CYS 280 C    10.34       9.00                      
   CYS 326 C    10.93       9.00                      
   CYS 335 C    11.83       9.00                      
   CYS 341 C     8.70       9.00                      
   CYS 373 C    13.44       9.00                      
   CYS 683 D     9.41       9.00                      
   CYS 686 D     9.80       9.00                      
   CYS 699 D     9.49       9.00                      
   CYS 700 D     8.56       9.00                      
   CYS 726 D    10.09       9.00                      
   CYS 896 D    12.15       9.00                      
   CYS 906 D    16.20       9.00                      
   CYS 915 D     6.99       9.00                      
   CYS1167 E     9.38       9.00                      
   CYS1172 E     8.95       9.00                      
   CYS1176 E     9.00       9.00                      
   CYS1178 E    10.14       9.00                      
   CYS1179 E     9.60       9.00                      
   CYS1198 F     9.92       9.00                      
   CYS1272 F    10.59       9.00                      
   CYS1341 F    12.02       9.00                      
   CYS1363 F    11.87       9.00                      
   CYS1384 F     9.87       9.00                      
   CYS1539 G     9.28       9.00                      
   CYS1575 G    11.20       9.00                      
   CYS1703 H    12.40       9.00                      
   CYS1728 H     8.52       9.00                      
   CYS1742 H    10.25       9.00                      
   CYS1850 H    10.57       9.00                      
   TYR  68 C    11.77      10.00                      
   TYR  87 C     9.80      10.00                      
   TYR 112 C    10.11      10.00                      
   TYR 159 C    10.09      10.00                      
   TYR 162 C    10.37      10.00                      
   TYR 168 C    12.76      10.00                      
   TYR 205 C     9.82      10.00                      
   TYR 307 C    11.30      10.00                      
   TYR 314 C    11.69      10.00                      
   TYR 339 C    10.01      10.00                      
   TYR 352 C    11.39      10.00                      
   TYR 378 C    13.71      10.00                      
   TYR 389 C    10.37      10.00                      
   TYR 403 C    12.67      10.00                      
   TYR 416 C    11.21      10.00                      
   TYR 694 D    10.13      10.00                      
   TYR 739 D    13.25      10.00                      
   TYR 774 D    10.16      10.00                      
   TYR 775 D    10.53      10.00                      
   TYR 776 D    10.45      10.00                      
   TYR 865 D    13.88      10.00                      
   TYR1199 F    10.30      10.00                      
   TYR1228 F    10.19      10.00                      
   TYR1241 F    10.06      10.00                      
   TYR1248 F    10.29      10.00                      
   TYR1261 F    13.30      10.00                      
   TYR1266 F    12.34      10.00                      
   TYR1375 F    11.16      10.00                      
   TYR1394 F    10.69      10.00                      
   TYR1409 F    12.16      10.00                      
   TYR1426 F    12.17      10.00                      
   TYR1434 F    11.16      10.00                      
   TYR1442 F    10.03      10.00                      
   TYR1445 F    10.08      10.00                      
   TYR1447 F    11.84      10.00                      
   TYR1449 F    13.55      10.00                      
   TYR1494 G    11.00      10.00                      
   TYR1495 G    13.58      10.00                      
   TYR1517 G    10.10      10.00                      
   TYR1585 G    10.34      10.00                      
   TYR1586 G    10.14      10.00                      
   TYR1615 H    10.04      10.00                      
   TYR1671 H    10.49      10.00                      
   TYR1681 H    10.11      10.00                      
   TYR1727 H    12.82      10.00                      
   TYR1755 H    11.88      10.00                      
   TYR1767 H    12.32      10.00                      
   TYR1795 H    11.27      10.00                      
   TYR1811 H    10.47      10.00                      
   LYS  26 A    10.45      10.50                      
   LYS  31 A    10.30      10.50                      
   LYS  62 C    10.35      10.50                      
   LYS  63 C    11.31      10.50                      
   LYS  91 C    10.23      10.50                      
   LYS  98 C    10.30      10.50                      
   LYS 100 C    10.25      10.50                      
   LYS 126 C    11.26      10.50                      
   LYS 158 C    11.43      10.50                      
   LYS 175 C     9.94      10.50                      
   LYS 228 C    11.39      10.50                      
   LYS 237 C    10.05      10.50                      
   LYS 248 C    10.35      10.50                      
   LYS 249 C    11.30      10.50                      
   LYS 279 C     9.21      10.50                      
   LYS 317 C    10.94      10.50                      
   LYS 343 C    11.96      10.50                      
   LYS 347 C    10.52      10.50                      
   LYS 387 C     9.63      10.50                      
   LYS 430 C    10.66      10.50                      
   LYS 432 C    11.03      10.50                      
   LYS 682 D    10.46      10.50                      
   LYS 707 D    10.76      10.50                      
   LYS 711 D    10.25      10.50                      
   LYS 767 D    11.52      10.50                      
   LYS 817 D     9.85      10.50                      
   LYS 820 D    11.05      10.50                      
   LYS 830 D    10.30      10.50                      
   LYS 863 D    10.13      10.50                      
   LYS1162 E    10.47      10.50                      
   LYS1189 E    10.13      10.50                      
   LYS1196 F    10.51      10.50                      
   LYS1233 F    11.03      10.50                      
   LYS1236 F    11.98      10.50                      
   LYS1244 F    10.51      10.50                      
   LYS1257 F    10.87      10.50                      
   LYS1264 F    10.37      10.50                      
   LYS1265 F    10.38      10.50                      
   LYS1300 F    10.67      10.50                      
   LYS1359 F     9.33      10.50                      
   LYS1381 F    11.51      10.50                      
   LYS1397 F    10.64      10.50                      
   LYS1399 F     9.79      10.50                      
   LYS1419 F     8.43      10.50                      
   LYS1477 G    10.18      10.50                      
   LYS1478 G    10.39      10.50                      
   LYS1479 G    10.37      10.50                      
   LYS1492 G     9.84      10.50                      
   LYS1493 G    11.51      10.50                      
   LYS1499 G    10.96      10.50                      
   LYS1500 G    10.32      10.50                      
   LYS1504 G    11.30      10.50                      
   LYS1505 G    10.99      10.50                      
   LYS1508 G    12.37      10.50                      
   LYS1516 G    10.40      10.50                      
   LYS1527 G    10.49      10.50                      
   LYS1556 G    10.39      10.50                      
   LYS1562 G    10.44      10.50                      
   LYS1578 G    10.55      10.50                      
   LYS1614 H    10.45      10.50                      
   LYS1641 H    10.35      10.50                      
   LYS1683 H    10.51      10.50                      
   LYS1800 H    11.32      10.50                      
   LYS1829 H    10.41      10.50                      
   LYS1859 H    11.48      10.50                      
   LYS1872 H    10.47      10.50                      
   LYS1878 H    10.52      10.50                      
   ARG  14 A    12.18      12.50                      
   ARG  15 A    12.44      12.50                      
   ARG  18 A    12.34      12.50                      
   ARG  27 A    12.51      12.50                      
   ARG  34 A    12.43      12.50                      
   ARG  53 C    12.41      12.50                      
   ARG 104 C    13.64      12.50                      
   ARG 121 C    11.34      12.50                      
   ARG 122 C    12.79      12.50                      
   ARG 179 C    11.82      12.50                      
   ARG 190 C    12.31      12.50                      
   ARG 219 C    13.33      12.50                      
   ARG 222 C    10.83      12.50                      
   ARG 225 C    11.40      12.50                      
   ARG 277 C    12.11      12.50                      
   ARG 282 C    12.70      12.50                      
   ARG 340 C    12.00      12.50                      
   ARG 367 C    11.05      12.50                      
   ARG 376 C    15.14      12.50                      
   ARG 383 C    12.29      12.50                      
   ARG 433 C    12.74      12.50                      
   ARG 689 D    12.46      12.50                      
   ARG 693 D    12.44      12.50                      
   ARG 800 D    12.46      12.50                      
   ARG 808 D    12.83      12.50                      
   ARG 811 D    11.04      12.50                      
   ARG 814 D    10.34      12.50                      
   ARG 869 D    13.34      12.50                      
   ARG 878 D    13.62      12.50                      
   ARG 893 D    14.44      12.50                      
   ARG1174 E    12.57      12.50                      
   ARG1175 E    12.47      12.50                      
   ARG1193 E    12.42      12.50                      
   ARG1195 E    12.31      12.50                      
   ARG1232 F    12.31      12.50                      
   ARG1303 F    12.37      12.50                      
   ARG1306 F    13.85      12.50                      
   ARG1309 F    11.98      12.50                      
   ARG1312 F    15.15      12.50                      
   ARG1316 F    14.30      12.50                      
   ARG1321 F    12.00      12.50                      
   ARG1362 F    11.29      12.50                      
   ARG1432 F    13.28      12.50                      
   ARG1512 G    13.77      12.50                      
   ARG1583 G    12.44      12.50                      
   ARG1623 H    11.90      12.50                      
   ARG1626 H    11.13      12.50                      
   ARG1629 H    12.75      12.50                      
   ARG1632 H    10.67      12.50                      
   ARG1635 H    13.34      12.50                      
   ARG1638 H    11.78      12.50                      
   ARG1644 H    12.27      12.50                      
   ARG1739 H    13.35      12.50                      
   ARG1826 H    12.27      12.50                      
   ARG1847 H    12.35      12.50                      
   ARG1860 H    12.28      12.50                      
   N+   12 A     7.92       8.00                      
   N+   36 B     7.39       8.00                      
   N+   49 C     7.91       8.00                      
   N+  681 D     8.06       8.00                      
   N+ 1162 E     7.89       8.00                      
   N+ 1196 F     8.72       8.00                      
   N+ 1473 G     6.91       8.00                      
   N+ 1607 H     9.55       8.00                      

2026-06-24 14:41:58,905 INFO:main.py:648:non_trivial:PROPKA information:
--------------------------------------------------------------------------------------------------------
Free energy of   folding (kcal/mol) as a function of pH (using neutral reference)
  0.00     96.18
  1.00     94.31
  2.00     88.10
  3.00     72.07
  4.00     53.94
  5.00     50.38
  6.00     51.22
  7.00     49.18
  8.00     48.25
  9.00     55.24
 10.00     81.05
 11.00    123.00
 12.00    155.28
 13.00    174.30
 14.00    189.60

The pH of optimum stability is  7.8 for which the free energy is   48.2 kcal/mol at 298K
Could not determine pH values where the free energy is within 80 % of minimum
Could not determine the pH-range where the free energy is negative


Protein charge of folded and unfolded state as a function of pH
    pH  unfolded  folded
  0.00    144.98  144.32
  0.10    144.98  144.21
  0.20    144.97  144.09
  0.30    144.97  143.96
  0.40    144.96  143.81
  0.50    144.95  143.65
  0.60    144.93  143.46
  0.70    144.92  143.26
  0.80    144.90  143.03
  0.90    144.87  142.76
  1.00    144.83  142.46
  1.10    144.79  142.12
  1.20    144.74  141.72
  1.30    144.67  141.27
  1.40    144.58  140.75
  1.50    144.48  140.15
  1.60    144.34  139.46
  1.70    144.18  138.68
  1.80    143.97  137.80
  1.90    143.71  136.81
  2.00    143.38  135.70
  2.10    142.98  134.46
  2.20    142.47  133.10
  2.30    141.85  131.60
  2.40    141.09  129.96
  2.50    140.15  128.17
  2.60    139.01  126.22
  2.70    137.63  124.10
  2.80    135.97  121.80
  2.90    133.99  119.31
  3.00    131.65  116.60
  3.10    128.92  113.66
  3.20    125.76  110.48
  3.30    122.14  107.04
  3.40    118.06  103.35
  3.50    113.50   99.39
  3.60    108.50   95.18
  3.70    103.07   90.72
  3.80     97.27   86.04
  3.90     91.16   81.17
  4.00     84.82   76.14
  4.10     78.32   71.01
  4.20     71.75   65.81
  4.30     65.21   60.62
  4.40     58.78   55.48
  4.50     52.55   50.45
  4.60     46.63   45.60
  4.70     41.09   40.96
  4.80     35.98   36.57
  4.90     31.36   32.48
  5.00     27.24   28.69
  5.10     23.62   25.21
  5.20     20.46   22.03
  5.30     17.73   19.14
  5.40     15.37   16.52
  5.50     13.34   14.15
  5.60     11.56   12.00
  5.70     10.00   10.03
  5.80      8.59    8.24
  5.90      7.29    6.58
  6.00      6.08    5.06
  6.10      4.91    3.64
  6.20      3.77    2.31
  6.30      2.65    1.07
  6.40      1.54   -0.10
  6.50      0.45   -1.20
  6.60     -0.61   -2.23
  6.70     -1.64   -3.21
  6.80     -2.64   -4.14
  6.90     -3.59   -5.03
  7.00     -4.50   -5.87
  7.10     -5.37   -6.68
  7.20     -6.23   -7.46
  7.30     -7.07   -8.21
  7.40     -7.92   -8.95
  7.50     -8.80   -9.68
  7.60     -9.72  -10.41
  7.70    -10.71  -11.14
  7.80    -11.79  -11.89
  7.90    -12.96  -12.67
  8.00    -14.24  -13.47
  8.10    -15.66  -14.33
  8.20    -17.23  -15.23
  8.30    -18.97  -16.20
  8.40    -20.90  -17.24
  8.50    -23.03  -18.37
  8.60    -25.39  -19.60
  8.70    -27.99  -20.96
  8.80    -30.83  -22.45
  8.90    -33.92  -24.10
  9.00    -37.25  -25.93
  9.10    -40.83  -27.97
  9.20    -44.66  -30.24
  9.30    -48.74  -32.77
  9.40    -53.09  -35.58
  9.50    -57.73  -38.70
  9.60    -62.68  -42.14
  9.70    -67.96  -45.92
  9.80    -73.57  -50.05
  9.90    -79.49  -54.50
 10.00    -85.69  -59.27
 10.10    -92.11  -64.33
 10.20    -98.68  -69.62
 10.30   -105.29  -75.09
 10.40   -111.85  -80.68
 10.50   -118.24  -86.33
 10.60   -124.37  -91.98
 10.70   -130.14  -97.57
 10.80   -135.50 -103.07
 10.90   -140.39 -108.44
 11.00   -144.83 -113.68
 11.10   -148.82 -118.76
 11.20   -152.41 -123.68
 11.30   -155.65 -128.46
 11.40   -158.62 -133.10
 11.50   -161.39 -137.62
 11.60   -164.05 -142.02
 11.70   -166.66 -146.33
 11.80   -169.30 -150.54
 11.90   -172.03 -154.68
 12.00   -174.88 -158.75
 12.10   -177.89 -162.74
 12.20   -181.06 -166.64
 12.30   -184.36 -170.44
 12.40   -187.75 -174.11
 12.50   -191.17 -177.65
 12.60   -194.55 -181.02
 12.70   -197.81 -184.22
 12.80   -200.89 -187.24
 12.90   -203.72 -190.06
 13.00   -206.28 -192.70
 13.10   -208.55 -195.15
 13.20   -210.52 -197.43
 13.30   -212.21 -199.55
 13.40   -213.63 -201.51
 13.50   -214.83 -203.32
 13.60   -215.81 -204.99
 13.70   -216.62 -206.53
 13.80   -217.29 -207.93
 13.90   -217.82 -209.20
 14.00   -218.26 -210.34
The pI is  6.39 (folded) and  6.54 (unfolded)

--------------------------------------------------------------------------------------------------------
2026-06-24 14:41:58,905 INFO:biomolecule.py:797:apply_pka_values:Applying pKa values at a pH of 7.40:
2026-06-24 14:41:58,907 INFO:main.py:661:non_trivial:Adding hydrogens to biomolecule.
2026-06-24 14:41:59,424 INFO:main.py:664:non_trivial:Debumping biomolecule (again).
2026-06-24 14:41:59,988 INFO:main.py:666:non_trivial:Optimizing hydrogen bonds
2026-06-24 14:42:01,007 INFO:main.py:678:non_trivial:Applying force field to biomolecule states.
2026-06-24 14:42:01,014 INFO:main.py:725:non_trivial:Regenerating headers.
2026-06-24 14:42:01,016 INFO:main.py:750:non_trivial:Regenerating PDB lines.
2026-06-24 14:42:01,059 WARNING:main.py:326:print_pqr:Ignoring 466 header lines in output.
2026-06-24 15:26:22,657 INFO:main.py:246:print_splash_screen:PDB2PQR v3.7.1: biomolecular structure conversion software.
2026-06-24 15:26:22,662 INFO:main.py:248:print_splash_screen:Please cite:  Jurrus E, et al.  Improvements to the APBS biomolecular solvation software suite.  Protein Sci 27 112-128 (2018).
2026-06-24 15:26:22,662 INFO:main.py:248:print_splash_screen:Please cite:  Dolinsky TJ, et al.  PDB2PQR: expanding and upgrading automated preparation of biomolecular structures for molecular simulations. Nucleic Acids Res 35 W522-W525 (2007).
2026-06-24 15:26:22,662 INFO:main.py:770:main_driver:Checking and transforming input arguments.
2026-06-24 15:26:22,662 INFO:main.py:774:main_driver:Loading topology files.
2026-06-24 15:26:22,684 INFO:main.py:776:main_driver:Loading molecule: /home/yagmur/Desktop/bioinformatics_master/07_binding_site_analysis/katman0/electrostatics/holoMutant_prot_prot.pdb
2026-06-24 15:26:22,684 ERROR:pdb.py:2587:read_pdb:Error parsing line: invalid literal for int() with base 10: ''
2026-06-24 15:26:22,684 ERROR:pdb.py:2588:read_pdb:<REMARK     1 CREATED WITH MDTraj 1.10.3, 2026-06-16>
2026-06-24 15:26:22,684 ERROR:pdb.py:2589:read_pdb:Truncating remaining errors for record type:REMARK
2026-06-24 15:26:22,725 WARNING:io.py:474:get_molecule:Warning: /home/yagmur/Desktop/bioinformatics_master/07_binding_site_analysis/katman0/electrostatics/holoMutant_prot_prot.pdb is a non-standard PDB file.

2026-06-24 15:26:22,725 ERROR:io.py:475:get_molecule:['REMARK']
2026-06-24 15:26:22,725 INFO:main.py:781:main_driver:Setting up molecule.
2026-06-24 15:26:22,755 INFO:main.py:423:setup_molecule:Created biomolecule object with 1395 residues and 22610 atoms.
2026-06-24 15:26:22,755 INFO:main.py:785:main_driver:Setting termini states for biomolecule chains.
2026-06-24 15:26:22,772 INFO:main.py:616:non_trivial:Loading forcefield.
2026-06-24 15:26:22,774 INFO:main.py:620:non_trivial:Loading hydrogen topology definitions.
2026-06-24 15:26:22,778 INFO:main.py:474:is_repairable:This biomolecule is clean.  No repair needed.
2026-06-24 15:26:22,778 INFO:main.py:635:non_trivial:Updating disulfide bridges.
2026-06-24 15:26:22,780 INFO:main.py:638:non_trivial:Debumping biomolecule.
2026-06-24 15:26:22,961 INFO:main.py:645:non_trivial:Assigning titration states with PROPKA.
2026-06-24 15:26:22,989 INFO:output.py:74:print_header:
propka3.5.1                                                                                  2026-06-24

-------------------------------------------------------------------------------
--                                                                           --
--  PROPKA: A PROTEIN PKA PREDICTOR                                          --
--                                                                           --
--  VERSION 1.0,  04/25/2004,  IOWA CITY                                     --
--  BY HUI LI                                                                --
--                                                                           --
--  VERSION 2.0,  11/05/2007, IOWA CITY/COPENHAGEN                           --
--  BY DELPHINE C. BAS AND DAVID M. ROGERS                                   --
--                                                                           --
--  VERSION 3.0,  01/06/2011, COPENHAGEN                                     --
--  BY MATS H.M. OLSSON AND CHRESTEN R. SONDERGARD                           --
--                                                                           --
--  VERSION 3.1,  07/01/2011, COPENHAGEN                                     --
--  BY CHRESTEN R. SONDERGARD AND MATS H.M. OLSSON                           --
--                                                                           --
--  VERSION 3.2,  06/17/2020, PLANET EARTH                                   --
--  SEE ABOVE FOR AUTHORS                                                    --
--                                                                           --
-------------------------------------------------------------------------------


-------------------------------------------------------------------------------
References:

Very Fast Empirical Prediction and Rationalization of Protein pKa Values.
Hui Li, Andrew D. Robertson and Jan H. Jensen. PROTEINS: Structure, Function,
and Bioinformatics. 61:704-721 (2005)

Very Fast Prediction and Rationalization of pKa Values for Protein-Ligand
Complexes.  Delphine C. Bas, David M. Rogers and Jan H. Jensen.  PROTEINS:
Structure, Function, and Bioinformatics 73:765-783 (2008)

PROPKA3: Consistent Treatment of Internal and Surface Residues in Empirical
pKa predictions.  Mats H.M. Olsson, Chresten R. Sondergard, Michal Rostkowski,
and Jan H. Jensen.  Journal of Chemical Theory and Computation, 7(2):525-537
(2011)

Improved Treatment of Ligands and Coupling Effects in Empirical Calculation
and Rationalization of pKa Values.  Chresten R. Sondergaard, Mats H.M. Olsson,
Michal Rostkowski, and Jan H. Jensen.  Journal of Chemical Theory and
Computation, (2011)
-------------------------------------------------------------------------------



2026-06-24 15:26:23,171 INFO:conformation_container.py:124:find_covalently_coupled_groups:Coupling map:
Covalent coupling map for Conformation container 1A with 13125 atoms and 3377 groups
            N+  681 D | HIS 681 D | 
N+  681 D             |     X     | 
HIS 681 D       X     |           | 
2026-06-24 15:26:23,171 INFO:conformation_container.py:213:calculate_pka:Calculating pKas for Conformation container 1A with 13125 atoms and 3377 groups
2026-06-24 15:26:25,754 INFO:iterative.py:286:add_determinants:did not converge in 10 iterations
2026-06-24 15:26:25,756 INFO:conformation_container.py:235:calculate_pka:Removing penalised groups!!!
2026-06-24 15:26:25,920 INFO:output.py:225:print_pka_section:pKa determinants:

---------  -----   ------   ---------------------    --------------    --------------    --------------
                            DESOLVATION  EFFECTS       SIDECHAIN          BACKBONE        COULOMBIC
 RESIDUE    pKa    BURIED     REGULAR      RE        HYDROGEN BOND     HYDROGEN BOND      INTERACTION
---------  -----   ------   ---------   ---------    --------------    --------------    --------------

GLU  19 A   4.60     0 %    0.10  113   0.00    0    0.00 XXX   0 X    0.00 XXX   0 X    0.00 XXX   0 X

GLU  25 A   4.60     0 %    0.31  247   0.00    0    0.00 XXX   0 X    0.00 XXX   0 X   -0.00 ARG  18 A
GLU  25 A                                            0.00 XXX   0 X    0.00 XXX   0 X   -0.14 LYS  26 A
GLU  25 A                                            0.00 XXX   0 X    0.00 XXX   0 X   -0.07 HIS 118 C

GLU  30 A   4.45     0 %    0.16  233   0.00    0    0.00 XXX   0 X    0.00 XXX   0 X   -0.03 LYS  31 A
GLU  30 A                                            0.00 XXX   0 X    0.00 XXX   0 X   -0.17 LYS  91 C
GLU  30 A                                            0.00 XXX   0 X    0.00 XXX   0 X   -0.00 ARG 121 C

C-   35 A   3.28     0 %    0.08   41   0.00    0    0.00 XXX   0 X    0.00 XXX   0 X    0.00 XXX   0 X

LYS  26 A  10.45     0 %   -0.16  198   0.00    0    0.00 XXX   0 X    0.00 XXX   0 X    0.14 GLU  25 A
LYS  26 A                                            0.00 XXX   0 X    0.00 XXX   0 X   -0.03 ARG  34 A

LYS  31 A  10.30     0 %   -0.13  169   0.00    0    0.00 XXX   0 X    0.00 XXX   0 X    0.03 GLU  30 A
LYS  31 A                                            0.00 XXX   0 X    0.00 XXX   0 X   -0.11 LYS  26 A

ARG  14 A  12.18     0 %   -0.32   89   0.00    0    0.00 XXX   0 X    0.00 XXX   0 X    0.00 XXX   0 X

ARG  15 A  12.44     0 %   -0.06   56   0.00    0    0.00 XXX   0 X    0.00 XXX   0 X    0.00 XXX   0 X

ARG  18 A  12.34     0 %   -0.16  106   0.00    0    0.00 XXX   0 X    0.00 XXX   0 X    0.00 GLU  25 A

ARG  27 A  12.51     0 %   -0.36  215   0.00    0    0.04 TYR  87 C    0.00 XXX   0 X    0.33 TYR  87 C

ARG  34 A  12.43     0 %   -0.07  111   0.00    0    0.00 XXX   0 X    0.00 XXX   0 X    0.00 XXX   0 X

N+   12 A   7.92     0 %   -0.08   55   0.00    0    0.00 XXX   0 X    0.00 XXX   0 X    0.00 XXX   0 X

C-   37 B   2.74    12 %    0.46  316   0.00    0   -0.71 THR 423 C    0.00 XXX   0 X   -0.18 N+   36 B
C-   37 B                                            0.00 XXX   0 X    0.00 XXX   0 X   -0.03 LYS 430 C

N+   36 B   7.39    30 %   -0.85  365   0.00    0    0.00 XXX   0 X    0.00 XXX   0 X    0.18 C-   37 B
N+   36 B                                            0.00 XXX   0 X    0.00 XXX   0 X    0.06 GLU 417 C

ASP  57 C   3.96     0 %    0.20  237   0.00    0    0.00 XXX   0 X    0.00 XXX   0 X   -0.03 ARG 104 C

ASP  66 C   3.85     0 %    0.13  134   0.00    0    0.00 XXX   0 X    0.00 XXX   0 X   -0.03 LYS  63 C
ASP  66 C                                            0.00 XXX   0 X    0.00 XXX   0 X   -0.05 LYS 100 C

ASP  82 C   3.22     0 %    0.27  211   0.00    0   -0.85 TYR  68 C    0.00 XXX   0 X    0.00 XXX   0 X

ASP  84 C   1.88    25 %    1.40  352   0.24    0   -0.76 SER  88 C    0.00 XXX   0 X   -0.48 ARG 104 C
ASP  84 C                                           -0.72 THR  89 C    0.00 XXX   0 X    0.00 XXX   0 X
ASP  84 C                                           -1.59 ARG 104 C    0.00 XXX   0 X    0.00 XXX   0 X

ASP 152 C   4.04    23 %    0.47  345   0.17    0    0.00 XXX   0 X    0.00 XXX   0 X   -0.00 LYS 158 C
ASP 152 C                                            0.00 XXX   0 X    0.00 XXX   0 X   -0.06 ARG 219 C
ASP 152 C                                            0.00 XXX   0 X    0.00 XXX   0 X   -0.06 LYS 863 D
ASP 152 C                                            0.00 XXX   0 X    0.00 XXX   0 X   -0.28 HIS 151 C

ASP 191 C   4.32    29 %    0.70  362   0.19    0    0.00 XXX   0 X    0.00 XXX   0 X   -0.04 LYS 175 C
ASP 191 C                                            0.00 XXX   0 X    0.00 XXX   0 X   -0.32 ARG 179 C
ASP 191 C                                            0.00 XXX   0 X    0.00 XXX   0 X   -0.00 ARG 190 C
ASP 191 C                                            0.00 XXX   0 X    0.00 XXX   0 X   -0.01 LYS 237 C

ASP 197 C   4.43*   85 %    2.49  518   0.71    0    0.07 GLU 171 C    0.00 XXX   0 X    0.88 GLU 171 C
ASP 197 C                                           -0.85 LYS 228 C    0.00 XXX   0 X   -0.62 LYS 175 C
ASP 197 C                                            0.00 XXX   0 X    0.00 XXX   0 X   -0.71 ARG 225 C
ASP 197 C                                            0.00 XXX   0 X    0.00 XXX   0 X   -1.33 LYS 228 C

ASP 211 C   3.95     0 %    0.12  139   0.00    0    0.00 XXX   0 X    0.00 XXX   0 X    0.03 GLU 208 C

ASP 252 C   4.29    15 %    0.49  324   0.00    0    0.00 XXX   0 X    0.00 XXX   0 X    0.00 XXX   0 X

ASP 297 C   3.90     0 %    0.18  205   0.00    0    0.00 XXX   0 X   -0.04 ASP 297 C   -0.05 ARG 282 C

ASP 305 C   2.93     0 %    0.34  238   0.00    0   -0.84 SER 303 C   -0.12 ASP 305 C   -0.01 ARG 277 C
ASP 305 C                                            0.00 XXX   0 X   -0.24 LEU 306 C    0.00 XXX   0 X

ASP 310 C   3.77     0 %    0.38  257   0.00    0   -0.41 TRP 301 C    0.00 XXX   0 X    0.00 XXX   0 X

ASP 322 C   2.20    48 %    1.34  417   0.25    0   -1.42 ARG 376 C   -0.54 VAL 323 C   -0.19 LYS 279 C
ASP 322 C                                            0.00 XXX   0 X    0.00 XXX   0 X   -0.34 LYS 317 C
ASP 322 C                                            0.00 XXX   0 X    0.00 XXX   0 X   -0.70 ARG 376 C

ASP 331 C   3.49     0 %    0.35  273   0.00    0    0.00 XXX   0 X   -0.46 ALA 332 C   -0.11 ARG 383 C
ASP 331 C                                            0.00 XXX   0 X    0.00 XXX   0 X   -0.08 LYS 387 C

ASP 349 C   2.55    66 %    1.73  466   0.00    0   -0.81 THR 353 C   -0.08 ASP 349 C   -0.26 LYS 279 C
ASP 349 C                                           -1.17 ARG 376 C    0.00 XXX   0 X   -0.10 ARG 367 C
ASP 349 C                                            0.00 XXX   0 X    0.00 XXX   0 X    0.33 ASP 322 C
ASP 349 C                                            0.00 XXX   0 X    0.00 XXX   0 X   -0.10 HIS 350 C
ASP 349 C                                            0.00 XXX   0 X    0.00 XXX   0 X   -0.81 ARG 376 C

ASP 356 C   5.26    75 %    2.05  490   0.29    0   -0.33 SER 354 C   -0.80 GLY 274 C   -0.09 ARG 277 C
ASP 356 C                                            0.00 XXX   0 X    0.00 XXX   0 X   -0.00 LYS 279 C
ASP 356 C                                            0.00 XXX   0 X    0.00 XXX   0 X   -0.16 LYS 343 C
ASP 356 C                                            0.00 XXX   0 X    0.00 XXX   0 X    0.43 ASP1550 G
ASP 356 C                                            0.00 XXX   0 X    0.00 XXX   0 X    0.07 ASP1551 G

ASP 372 C   5.29    89 %    2.80  530   0.72    0   -0.72 CYS 373 C   -0.02 CYS 373 C   -0.22 ARG 367 C
ASP 372 C                                            0.00 XXX   0 X   -0.82 TRP 899 D   -0.45 ARG 893 D
ASP 372 C                                            0.00 XXX   0 X   -0.80 ILE 900 D   -0.04 LYS1419 F
ASP 372 C                                            0.00 XXX   0 X    0.00 XXX   0 X    0.30 GLU 901 D
ASP 372 C                                            0.00 XXX   0 X    0.00 XXX   0 X    0.75 GLU 898 D

GLU  49 C   4.52     0 %    0.02   23   0.00    0    0.00 XXX   0 X    0.00 XXX   0 X    0.00 XXX   0 X

GLU  50 C   4.55     0 %    0.05   48   0.00    0    0.00 XXX   0 X    0.00 XXX   0 X    0.00 XXX   0 X

GLU  74 C   4.58     0 %    0.08   96   0.00    0    0.00 XXX   0 X    0.00 XXX   0 X    0.00 XXX   0 X

GLU  78 C   3.59     0 %    0.39  276   0.00    0   -0.85 LYS 126 C    0.00 XXX   0 X   -0.07 ARG 122 C
GLU  78 C                                            0.00 XXX   0 X    0.00 XXX   0 X   -0.38 LYS 126 C

GLU  81 C   4.07    10 %    0.32  309   0.01    0   -0.42 ARG 122 C    0.00 XXX   0 X    0.01 GLU  78 C
GLU  81 C                                            0.00 XXX   0 X    0.00 XXX   0 X    0.01 ASP  82 C
GLU  81 C                                            0.00 XXX   0 X    0.00 XXX   0 X   -0.37 ARG 122 C

GLU 161 C   2.13    59 %    2.07  447   0.13    0   -0.85 LYS 158 C    0.00 XXX   0 X   -0.63 LYS 158 C
GLU 161 C                                           -1.42 ARG 219 C    0.00 XXX   0 X   -0.84 ARG 219 C
GLU 161 C                                           -0.01 ARG 222 C    0.00 XXX   0 X   -0.82 ARG 222 C

GLU 171 C   2.86*   82 %    2.57  512   0.16    0   -0.85 LYS 175 C    0.00 XXX   0 X   -0.22 ARG 225 C
GLU 171 C                                           -0.07 ASP 197 C    0.00 XXX   0 X   -1.09 LYS 175 C
GLU 171 C                                           -0.85 LYS 228 C    0.00 XXX   0 X   -1.29 LYS 228 C

GLU 208 C   3.86    35 %    0.93  379   0.10    0   -0.85 LYS 158 C    0.00 XXX   0 X   -0.33 ARG 219 C
GLU 208 C                                            0.00 XXX   0 X    0.00 XXX   0 X   -0.37 ARG 222 C
GLU 208 C                                            0.00 XXX   0 X    0.00 XXX   0 X    0.43 GLU 161 C
GLU 208 C                                            0.00 XXX   0 X    0.00 XXX   0 X   -0.54 LYS 158 C

GLU 295 C   4.45     0 %    0.32  180   0.00    0    0.00 XXX   0 X   -0.46 GLY 298 C    0.09 ASP 297 C

GLU 302 C   4.59     0 %    0.09  134   0.00    0    0.00 XXX   0 X    0.00 XXX   0 X    0.00 XXX   0 X

GLU 312 C   4.80     0 %    0.14  191   0.00    0    0.00 XXX   0 X    0.00 XXX   0 X    0.16 ASP 310 C

GLU 337 C   4.57     0 %    0.07  106   0.00    0    0.00 XXX   0 X    0.00 XXX   0 X    0.00 XXX   0 X

GLU 346 C   4.22     0 %    0.15  235   0.00    0    0.00 XXX   0 X    0.00 XXX   0 X   -0.02 ARG 277 C
GLU 346 C                                            0.00 XXX   0 X    0.00 XXX   0 X   -0.28 LYS 347 C
GLU 346 C                                            0.00 XXX   0 X    0.00 XXX   0 X   -0.12 HIS 350 C

GLU 375 C   6.99    75 %    1.46  491   0.40    0    0.00 XXX   0 X    0.00 XXX   0 X   -0.05 LYS1419 F
GLU 375 C                                            0.00 XXX   0 X    0.00 XXX   0 X    0.02 GLU 901 D
GLU 375 C                                            0.00 XXX   0 X    0.00 XXX   0 X    0.49 ASP1689 H
GLU 375 C                                            0.00 XXX   0 X    0.00 XXX   0 X    0.17 ASP1714 H

GLU 417 C   4.59    13 %    0.51  319   0.00    0   -0.41 ASN 420 C    0.00 XXX   0 X   -0.06 N+   36 B
GLU 417 C                                            0.00 XXX   0 X    0.00 XXX   0 X    0.06 C-  943 D

GLU 418 C   3.80    10 %    0.55  310   0.03    0   -0.85 LYS 249 C    0.00 XXX   0 X   -0.43 LYS 249 C

GLU 426 C   4.49     0 %    0.21  239   0.00    0    0.00 XXX   0 X    0.00 XXX   0 X   -0.03 LYS  98 C
GLU 426 C                                            0.00 XXX   0 X    0.00 XXX   0 X   -0.22 LYS 430 C
GLU 426 C                                            0.00 XXX   0 X    0.00 XXX   0 X    0.04 C-   37 B

GLU 428 C   3.97     0 %    0.32  118   0.00    0   -0.85 LYS 432 C    0.00 XXX   0 X    0.00 XXX   0 X

GLU 429 C   4.36     0 %    0.20  156   0.00    0    0.00 XXX   0 X    0.00 XXX   0 X   -0.35 ARG 433 C
GLU 429 C                                            0.00 XXX   0 X    0.00 XXX   0 X    0.01 C-  433 C

GLU 431 C   4.50     0 %    0.14  136   0.00    0    0.00 XXX   0 X    0.00 XXX   0 X   -0.01 LYS  63 C
GLU 431 C                                            0.00 XXX   0 X    0.00 XXX   0 X   -0.08 LYS  98 C
GLU 431 C                                            0.00 XXX   0 X    0.00 XXX   0 X   -0.10 LYS 430 C
GLU 431 C                                            0.00 XXX   0 X    0.00 XXX   0 X    0.04 C-  433 C

C-  433 C   2.25     0 %    0.39  202   0.00    0   -0.85 LYS  63 C    0.00 XXX   0 X   -0.11 ARG 433 C
C-  433 C                                            0.00 XXX   0 X    0.00 XXX   0 X   -0.38 LYS  63 C

HIS 118 C   7.01     0 %   -0.33  272   0.00    0    0.00 XXX   0 X    0.77 SER 115 C    0.07 GLU  25 A

HIS 130 C   6.18     0 %   -0.28  183   0.00    0    0.00 XXX   0 X    0.00 XXX   0 X   -0.04 LYS 126 C

HIS 151 C   5.66    50 %   -1.31  422   0.00    0    0.31 GLN 859 D    0.00 XXX   0 X   -0.00 ARG 219 C
HIS 151 C                                            0.00 XXX   0 X    0.00 XXX   0 X   -0.11 LYS 863 D
HIS 151 C                                            0.00 XXX   0 X    0.00 XXX   0 X   -0.03 ARG 869 D
HIS 151 C                                            0.00 XXX   0 X    0.00 XXX   0 X    0.28 ASP 152 C
HIS 151 C                                            0.00 XXX   0 X    0.00 XXX   0 X    0.03 ASP 883 D

HIS 184 C   6.24     0 %   -0.19  209   0.00    0    0.00 XXX   0 X    0.00 XXX   0 X   -0.07 ARG 190 C

HIS 278 C   5.41    41 %   -1.00  396   0.00    0    0.00 XXX   0 X    0.00 XXX   0 X   -0.01 ARG 277 C
HIS 278 C                                            0.00 XXX   0 X    0.00 XXX   0 X   -0.10 LYS 343 C
HIS 278 C                                            0.00 XXX   0 X    0.00 XXX   0 X    0.02 ASP1550 G

HIS 350 C   6.31     5 %   -0.27  294   0.00    0    0.00 XXX   0 X    0.00 XXX   0 X   -0.01 LYS 279 C
HIS 350 C                                            0.00 XXX   0 X    0.00 XXX   0 X   -0.13 LYS 347 C
HIS 350 C                                            0.00 XXX   0 X    0.00 XXX   0 X    0.12 GLU 346 C
HIS 350 C                                            0.00 XXX   0 X    0.00 XXX   0 X    0.10 ASP 349 C

CYS 139 C   9.34     0 %    0.34  225   0.00    0    0.00 XXX   0 X    0.00 XXX   0 X    0.00 XXX   0 X

CYS 145 C  10.68    56 %    1.69  437   0.00    0    0.00 XXX   0 X   -0.01 CYS 145 C    0.00 XXX   0 X

CYS 182 C   9.42     0 %    0.53  251   0.00    0    0.00 XXX   0 X    0.00 XXX   0 X   -0.11 ARG 190 C

CYS 260 C  11.05    71 %    2.11  480   0.00    0    0.00 XXX   0 X   -0.06 CYS 260 C    0.00 XXX   0 X

CYS 280 C  10.34    43 %    1.58  402   0.00    0   -0.01 ARG 383 C    0.00 XXX   0 X   -0.27 ARG 383 C
CYS 280 C                                           -0.57 CYS 335 C    0.00 XXX   0 X    0.28 CYS 326 C
CYS 280 C                                            0.00 XXX   0 X    0.00 XXX   0 X    0.34 CYS 341 C

CYS 326 C  10.93*   38 %    1.05  388   0.00    0    0.50 CYS 341 C   -0.13 GLY 327 C   -0.17 ARG 383 C
CYS 326 C                                            0.00 XXX   0 X    0.00 XXX   0 X    0.17 CYS 335 C
CYS 326 C                                            0.00 XXX   0 X    0.00 XXX   0 X    0.50 CYS 341 C

CYS 335 C  11.83*   13 %    0.91  318   0.00    0    0.57 CYS 280 C    0.00 XXX   0 X   -0.08 ARG 383 C
CYS 335 C                                            0.47 CYS 341 C    0.00 XXX   0 X    0.50 CYS 280 C
CYS 335 C                                            0.00 XXX   0 X    0.00 XXX   0 X    0.02 GLU 337 C
CYS 335 C                                            0.00 XXX   0 X    0.00 XXX   0 X    0.44 CYS 341 C

CYS 341 C   8.70*   20 %    0.73  336   0.00    0   -0.50 CYS 326 C    0.00 XXX   0 X   -0.03 ARG 340 C
CYS 341 C                                           -0.47 CYS 335 C    0.00 XXX   0 X   -0.04 ARG 383 C

CYS 373 C  13.44    81 %    2.05  509   0.00    0    0.72 ASP 372 C    0.00 XXX   0 X   -0.43 ARG 367 C
CYS 373 C                                            0.00 XXX   0 X    0.00 XXX   0 X   -0.26 ARG 893 D
CYS 373 C                                            0.00 XXX   0 X    0.00 XXX   0 X    0.22 GLU 375 C
CYS 373 C                                            0.00 XXX   0 X    0.00 XXX   0 X    0.36 GLU 898 D
CYS 373 C                                            0.00 XXX   0 X    0.00 XXX   0 X    1.25 ASP 372 C
CYS 373 C                                            0.00 XXX   0 X    0.00 XXX   0 X    0.52 GLU 901 D

TYR  68 C  11.77     0 %    0.54  268   0.00    0    0.85 ASP  82 C    0.00 XXX   0 X    0.38 ASP  82 C

TYR  87 C   9.80     0 %    0.47  266   0.00    0   -0.04 ARG  27 A    0.00 XXX   0 X   -0.33 ARG  27 A
TYR  87 C                                            0.00 XXX   0 X    0.00 XXX   0 X    0.04 GLU  30 A
TYR  87 C                                            0.00 XXX   0 X    0.00 XXX   0 X   -0.34 LYS  91 C

TYR 112 C  10.11     0 %    0.10  175   0.00    0    0.00 XXX   0 X    0.00 XXX   0 X    0.00 CYS 182 C

TYR 159 C  10.09     0 %    0.09  119   0.00    0    0.00 XXX   0 X    0.00 XXX   0 X    0.00 XXX   0 X

TYR 162 C  10.37     0 %    0.26  252   0.00    0    0.00 XXX   0 X    0.00 XXX   0 X    0.09 GLU 161 C
TYR 162 C                                            0.00 XXX   0 X    0.00 XXX   0 X    0.20 GLU 208 C
TYR 162 C                                            0.00 XXX   0 X    0.00 XXX   0 X    0.03 ASP 211 C
TYR 162 C                                            0.00 XXX   0 X    0.00 XXX   0 X   -0.04 ARG 222 C
TYR 162 C                                            0.00 XXX   0 X    0.00 XXX   0 X   -0.20 LYS 158 C
TYR 162 C                                            0.00 XXX   0 X    0.00 XXX   0 X    0.03 TYR 159 C

TYR 168 C  12.76    80 %    3.24  505   0.00    0    0.00 XXX   0 X    0.00 XXX   0 X    0.23 CYS 145 C
TYR 168 C                                            0.00 XXX   0 X    0.00 XXX   0 X    0.03 GLU 171 C
TYR 168 C                                            0.00 XXX   0 X    0.00 XXX   0 X    0.07 ASP 197 C
TYR 168 C                                            0.00 XXX   0 X    0.00 XXX   0 X   -0.07 ARG 222 C
TYR 168 C                                            0.00 XXX   0 X    0.00 XXX   0 X   -0.73 ARG 225 C

TYR 205 C   9.82    17 %    0.72  328   0.00    0   -0.85 THR 169 C    0.00 XXX   0 X   -0.02 ARG 222 C
TYR 205 C                                            0.00 XXX   0 X    0.00 XXX   0 X   -0.03 ARG 225 C

TYR 307 C  11.30    22 %    1.31  344   0.00    0    0.00 XXX   0 X    0.00 XXX   0 X   -0.07 ARG 282 C
TYR 307 C                                            0.00 XXX   0 X    0.00 XXX   0 X    0.00 GLU 295 C
TYR 307 C                                            0.00 XXX   0 X    0.00 XXX   0 X    0.10 ASP 297 C
TYR 307 C                                            0.00 XXX   0 X    0.00 XXX   0 X    0.02 ASP 310 C
TYR 307 C                                            0.00 XXX   0 X    0.00 XXX   0 X   -0.06 ARG 340 C

TYR 314 C  11.69    51 %    1.76  425   0.00    0    0.00 XXX   0 X    0.00 XXX   0 X   -0.10 ARG 277 C
TYR 314 C                                            0.00 XXX   0 X    0.00 XXX   0 X    0.01 ASP 310 C
TYR 314 C                                            0.00 XXX   0 X    0.00 XXX   0 X    0.02 TYR 307 C

TYR 339 C  10.01     0 %    0.35  258   0.00    0   -0.02 ARG 282 C    0.00 XXX   0 X    0.02 CYS 280 C
TYR 339 C                                            0.00 XXX   0 X    0.00 XXX   0 X   -0.38 ARG 282 C
TYR 339 C                                            0.00 XXX   0 X    0.00 XXX   0 X    0.04 CYS 335 C

TYR 352 C  11.39    41 %    1.33  395   0.00    0    0.00 XXX   0 X    0.00 XXX   0 X   -0.04 ARG 367 C
TYR 352 C                                            0.00 XXX   0 X    0.00 XXX   0 X    0.09 CYS 915 D

TYR 378 C  13.71   100 %    3.77  564   0.00    0   -0.07 TRP 374 C    0.00 XXX   0 X    0.00 XXX   0 X

TYR 389 C  10.37    42 %    1.19  398   0.00    0   -0.32 ARG1623 H    0.00 XXX   0 X   -0.50 ARG1623 H

TYR 403 C  12.67    76 %    2.29  495   0.00    0    0.00 XXX   0 X    0.00 XXX   0 X    0.38 CYS 260 C

TYR 416 C  11.21    42 %    1.31  398   0.00    0   -0.38 ASN 420 C    0.00 XXX   0 X    0.07 C-   37 B
TYR 416 C                                            0.00 XXX   0 X    0.00 XXX   0 X    0.21 GLU 417 C

LYS  62 C  10.35     0 %   -0.15  230   0.00    0    0.00 XXX   0 X    0.00 XXX   0 X    0.00 XXX   0 X

LYS  63 C  11.31     0 %   -0.44  237   0.00    0    0.85 C-  433 C    0.00 XXX   0 X    0.03 ASP  66 C
LYS  63 C                                            0.00 XXX   0 X    0.00 XXX   0 X    0.01 GLU 431 C
LYS  63 C                                            0.00 XXX   0 X    0.00 XXX   0 X   -0.02 ARG 433 C
LYS  63 C                                            0.00 XXX   0 X    0.00 XXX   0 X    0.38 C-  433 C

LYS  91 C  10.23    28 %   -0.53  360   0.00    0    0.00 XXX   0 X    0.00 XXX   0 X   -0.03 ARG  27 A
LYS  91 C                                            0.00 XXX   0 X    0.00 XXX   0 X    0.17 GLU  30 A
LYS  91 C                                            0.00 XXX   0 X    0.00 XXX   0 X   -0.21 ARG 121 C
LYS  91 C                                            0.00 XXX   0 X    0.00 XXX   0 X    0.34 TYR  87 C

LYS  98 C  10.30     0 %   -0.13  203   0.00    0    0.00 XXX   0 X    0.00 XXX   0 X    0.03 GLU 426 C
LYS  98 C                                            0.00 XXX   0 X    0.00 XXX   0 X    0.08 GLU 431 C
LYS  98 C                                            0.00 XXX   0 X    0.00 XXX   0 X   -0.19 LYS 430 C

LYS 100 C  10.25     0 %   -0.28  193   0.00    0    0.00 XXX   0 X    0.00 XXX   0 X    0.05 ASP  66 C
LYS 100 C                                            0.00 XXX   0 X    0.00 XXX   0 X   -0.02 LYS  63 C

LYS 126 C  11.26     0 %   -0.40  262   0.00    0    0.85 GLU  78 C    0.00 XXX   0 X   -0.08 ARG 122 C
LYS 126 C                                            0.00 XXX   0 X    0.00 XXX   0 X    0.38 GLU  78 C

LYS 158 C  11.43    37 %   -1.30  385   0.00    0    0.85 GLU 161 C    0.00 XXX   0 X    0.00 ASP 152 C
LYS 158 C                                            0.85 GLU 208 C    0.00 XXX   0 X   -0.54 ARG 219 C
LYS 158 C                                            0.00 XXX   0 X    0.00 XXX   0 X   -0.31 ARG 222 C
LYS 158 C                                            0.00 XXX   0 X    0.00 XXX   0 X    0.20 TYR 162 C
LYS 158 C                                            0.00 XXX   0 X    0.00 XXX   0 X    0.63 GLU 161 C
LYS 158 C                                            0.00 XXX   0 X    0.00 XXX   0 X    0.54 GLU 208 C

LYS 175 C   9.94    77 %   -1.89  496   0.00    0   -0.02 LYS 228 C    0.00 XXX   0 X    0.04 ASP 191 C
LYS 175 C                                            0.85 GLU 171 C    0.00 XXX   0 X   -1.20 LYS 228 C
LYS 175 C                                            0.00 XXX   0 X    0.00 XXX   0 X   -0.05 LYS 237 C
LYS 175 C                                            0.00 XXX   0 X    0.00 XXX   0 X    1.09 GLU 171 C
LYS 175 C                                            0.00 XXX   0 X    0.00 XXX   0 X    0.62 ASP 197 C

LYS 228 C  11.39    90 %   -2.92  534   0.00    0    0.02 LYS 175 C    0.00 XXX   0 X   -0.54 ARG 225 C
LYS 228 C                                            0.85 GLU 171 C    0.00 XXX   0 X    1.29 GLU 171 C
LYS 228 C                                            0.85 ASP 197 C    0.00 XXX   0 X    1.33 ASP 197 C

LYS 237 C  10.05    12 %   -0.46  316   0.00    0    0.00 XXX   0 X    0.00 XXX   0 X    0.01 ASP 191 C

LYS 248 C  10.35     0 %   -0.14  166   0.00    0    0.00 XXX   0 X    0.00 XXX   0 X   -0.01 LYS 249 C

LYS 249 C  11.30    16 %   -0.71  327   0.00    0    0.85 GLU 418 C    0.00 XXX   0 X    0.24 GLU1780 H
LYS 249 C                                            0.00 XXX   0 X    0.00 XXX   0 X    0.43 GLU 418 C

LYS 279 C   9.21    69 %   -1.47  474   0.00    0    0.00 XXX   0 X    0.00 XXX   0 X   -0.10 ARG 277 C
LYS 279 C                                            0.00 XXX   0 X    0.00 XXX   0 X    0.19 ASP 322 C
LYS 279 C                                            0.00 XXX   0 X    0.00 XXX   0 X    0.26 ASP 349 C
LYS 279 C                                            0.00 XXX   0 X    0.00 XXX   0 X    0.00 ASP 356 C
LYS 279 C                                            0.00 XXX   0 X    0.00 XXX   0 X   -0.17 ARG 376 C

LYS 317 C  10.94    39 %   -1.15  390   0.00    0    0.85 ASP1690 H    0.00 XXX   0 X    0.34 ASP 322 C
LYS 317 C                                            0.00 XXX   0 X    0.00 XXX   0 X   -0.16 ARG 376 C
LYS 317 C                                            0.00 XXX   0 X    0.00 XXX   0 X   -0.10 ARG 383 C
LYS 317 C                                            0.00 XXX   0 X    0.00 XXX   0 X    0.05 ASP1689 H
LYS 317 C                                            0.00 XXX   0 X    0.00 XXX   0 X    0.62 ASP1690 H

LYS 343 C  11.96    28 %   -1.23  360   0.00    0    0.85 ASP1550 G    0.00 XXX   0 X   -0.17 ARG 277 C
LYS 343 C                                            0.85 ASP1551 G    0.00 XXX   0 X    0.16 ASP 356 C
LYS 343 C                                            0.00 XXX   0 X    0.00 XXX   0 X    0.54 ASP1550 G
LYS 343 C                                            0.00 XXX   0 X    0.00 XXX   0 X    0.45 ASP1551 G

LYS 347 C  10.52     0 %   -0.26  275   0.00    0    0.00 XXX   0 X    0.00 XXX   0 X    0.28 GLU 346 C

LYS 387 C   9.63    34 %   -0.95  377   0.00    0    0.00 XXX   0 X    0.00 XXX   0 X    0.08 ASP 331 C

LYS 430 C  10.66     0 %   -0.19  182   0.00    0    0.00 XXX   0 X    0.00 XXX   0 X    0.03 C-   37 B
LYS 430 C                                            0.00 XXX   0 X    0.00 XXX   0 X    0.22 GLU 426 C
LYS 430 C                                            0.00 XXX   0 X    0.00 XXX   0 X    0.10 GLU 431 C

LYS 432 C  11.03     0 %   -0.32  104   0.00    0    0.85 GLU 428 C    0.00 XXX   0 X    0.00 XXX   0 X

ARG  53 C  12.41     0 %   -0.09  109   0.00    0    0.00 XXX   0 X    0.00 XXX   0 X    0.00 XXX   0 X

ARG 104 C  13.64    25 %   -0.97  352   0.00    0    1.59 ASP  84 C    0.00 XXX   0 X    0.03 ASP  57 C
ARG 104 C                                            0.00 XXX   0 X    0.00 XXX   0 X    0.48 ASP  84 C

ARG 121 C  11.34    59 %   -1.16  446   0.00    0    0.00 XXX   0 X    0.00 XXX   0 X    0.00 GLU  30 A

ARG 122 C  12.79    22 %   -0.57  344   0.00    0    0.42 GLU  81 C    0.00 XXX   0 X    0.07 GLU  78 C
ARG 122 C                                            0.00 XXX   0 X    0.00 XXX   0 X    0.37 GLU  81 C

ARG 179 C  11.82    52 %   -1.00  428   0.00    0    0.00 XXX   0 X    0.00 XXX   0 X    0.32 ASP 191 C

ARG 190 C  12.31     0 %   -0.30  212   0.00    0    0.00 XXX   0 X    0.00 XXX   0 X    0.11 CYS 182 C
ARG 190 C                                            0.00 XXX   0 X    0.00 XXX   0 X    0.00 ASP 191 C

ARG 219 C  13.33    75 %   -1.84  490   0.00    0    1.42 GLU 161 C    0.00 XXX   0 X    0.06 ASP 152 C
ARG 219 C                                            0.00 XXX   0 X    0.00 XXX   0 X    0.33 GLU 208 C
ARG 219 C                                            0.00 XXX   0 X    0.00 XXX   0 X    0.84 GLU 161 C

ARG 222 C  10.83    71 %   -2.19  480   0.00    0    0.01 GLU 161 C    0.00 XXX   0 X    0.04 TYR 162 C
ARG 222 C                                            0.00 XXX   0 X    0.00 XXX   0 X    0.07 TYR 168 C
ARG 222 C                                            0.00 XXX   0 X    0.00 XXX   0 X    0.02 TYR 205 C
ARG 222 C                                            0.00 XXX   0 X    0.00 XXX   0 X    0.37 GLU 208 C
ARG 222 C                                            0.00 XXX   0 X    0.00 XXX   0 X   -0.58 ARG 219 C
ARG 222 C                                            0.00 XXX   0 X    0.00 XXX   0 X   -0.23 ARG 225 C
ARG 222 C                                            0.00 XXX   0 X    0.00 XXX   0 X    0.82 GLU 161 C

ARG 225 C  11.40    92 %   -2.79  540   0.00    0    0.00 XXX   0 X    0.00 XXX   0 X    0.73 TYR 168 C
ARG 225 C                                            0.00 XXX   0 X    0.00 XXX   0 X    0.22 GLU 171 C
ARG 225 C                                            0.00 XXX   0 X    0.00 XXX   0 X    0.03 TYR 205 C
ARG 225 C                                            0.00 XXX   0 X    0.00 XXX   0 X    0.71 ASP 197 C

ARG 277 C  12.11    31 %   -0.93  368   0.00    0    0.00 XXX   0 X    0.00 XXX   0 X    0.01 ASP 305 C
ARG 277 C                                            0.00 XXX   0 X    0.00 XXX   0 X    0.10 TYR 314 C
ARG 277 C                                            0.00 XXX   0 X    0.00 XXX   0 X    0.02 GLU 346 C
ARG 277 C                                            0.00 XXX   0 X    0.00 XXX   0 X    0.09 ASP 356 C
ARG 277 C                                            0.00 XXX   0 X    0.00 XXX   0 X    0.15 ASP1550 G
ARG 277 C                                            0.00 XXX   0 X    0.00 XXX   0 X    0.18 ASP1551 G

ARG 282 C  12.70     0 %   -0.33  266   0.00    0    0.02 TYR 339 C    0.00 XXX   0 X    0.05 ASP 297 C
ARG 282 C                                            0.00 XXX   0 X    0.00 XXX   0 X    0.07 TYR 307 C
ARG 282 C                                            0.00 XXX   0 X    0.00 XXX   0 X    0.38 TYR 339 C

ARG 340 C  12.00    14 %   -0.58  320   0.00    0    0.00 XXX   0 X    0.00 XXX   0 X    0.06 TYR 307 C
ARG 340 C                                            0.00 XXX   0 X    0.00 XXX   0 X    0.03 CYS 341 C

ARG 367 C  11.05    91 %   -2.23  535   0.00    0    0.00 XXX   0 X    0.00 XXX   0 X    0.10 ASP 349 C
ARG 367 C                                            0.00 XXX   0 X    0.00 XXX   0 X    0.04 TYR 352 C
ARG 367 C                                            0.00 XXX   0 X    0.00 XXX   0 X    0.22 ASP 372 C
ARG 367 C                                            0.00 XXX   0 X    0.00 XXX   0 X    0.43 CYS 373 C
ARG 367 C                                            0.00 XXX   0 X    0.00 XXX   0 X   -0.01 ARG 376 C

ARG 376 C  15.14    63 %   -1.54  458   0.00    0    1.42 ASP 322 C    0.00 XXX   0 X    0.09 ASP1690 H
ARG 376 C                                            1.17 ASP 349 C    0.00 XXX   0 X    0.70 ASP 322 C
ARG 376 C                                            0.00 XXX   0 X    0.00 XXX   0 X    0.81 ASP 349 C

ARG 383 C  12.29    44 %   -1.04  404   0.00    0    0.01 CYS 280 C    0.00 XXX   0 X    0.27 CYS 280 C
ARG 383 C                                            0.00 XXX   0 X    0.00 XXX   0 X    0.17 CYS 326 C
ARG 383 C                                            0.00 XXX   0 X    0.00 XXX   0 X    0.11 ASP 331 C
ARG 383 C                                            0.00 XXX   0 X    0.00 XXX   0 X    0.08 CYS 335 C
ARG 383 C                                            0.00 XXX   0 X    0.00 XXX   0 X    0.04 CYS 341 C
ARG 383 C                                            0.00 XXX   0 X    0.00 XXX   0 X    0.14 ASP1690 H

ARG 433 C  12.74     0 %   -0.22  154   0.00    0    0.00 XXX   0 X    0.00 XXX   0 X    0.35 GLU 429 C
ARG 433 C                                            0.00 XXX   0 X    0.00 XXX   0 X    0.11 C-  433 C

N+   49 C   7.91     0 %   -0.09   37   0.00    0    0.00 XXX   0 X    0.00 XXX   0 X    0.00 XXX   0 X

ASP 716 D   3.94     0 %    0.22  270   0.00    0    0.00 XXX   0 X   -0.00 ASP 716 D   -0.02 LYS 767 D
ASP 716 D                                            0.00 XXX   0 X    0.00 XXX   0 X   -0.22 LYS 820 D
ASP 716 D                                            0.00 XXX   0 X    0.00 XXX   0 X    0.17 ASP 720 D

ASP 720 D   3.31    21 %    0.92  341   0.13    0   -0.85 LYS 820 D    0.00 XXX   0 X   -0.06 LYS 767 D
ASP 720 D                                            0.00 XXX   0 X    0.00 XXX   0 X   -0.13 LYS 817 D
ASP 720 D                                            0.00 XXX   0 X    0.00 XXX   0 X    0.02 ASP 785 D
ASP 720 D                                            0.00 XXX   0 X    0.00 XXX   0 X   -0.52 LYS 820 D

ASP 772 D   3.13    23 %    0.75  345   0.13    0   -0.85 LYS 707 D   -0.02 ASP 772 D   -0.22 LYS 711 D
ASP 772 D                                            0.00 XXX   0 X    0.00 XXX   0 X   -0.47 LYS 707 D

ASP 785 D   2.25*   77 %    2.42  496   0.54    0   -0.23 GLU 763 D    0.00 XXX   0 X   -0.38 ARG 814 D
ASP 785 D                                           -0.85 LYS 767 D    0.00 XXX   0 X   -0.16 LYS 820 D
ASP 785 D                                           -0.85 LYS 817 D    0.00 XXX   0 X   -0.93 LYS 767 D
ASP 785 D                                            0.00 XXX   0 X    0.00 XXX   0 X   -1.10 LYS 817 D

ASP 870 D   3.99     0 %    0.20  173   0.00    0    0.00 XXX   0 X    0.00 XXX   0 X   -0.01 ARG 869 D

ASP 872 D   3.90     0 %    0.10   84   0.00    0    0.00 XXX   0 X    0.00 XXX   0 X    0.00 XXX   0 X

ASP 883 D   2.04    39 %    1.26  390   0.01    0   -1.24 ARG 869 D    0.00 XXX   0 X   -0.03 HIS 151 C
ASP 883 D                                           -0.54 HIS 886 D    0.00 XXX   0 X   -0.25 HIS 880 D
ASP 883 D                                            0.00 XXX   0 X    0.00 XXX   0 X   -0.53 ARG 869 D
ASP 883 D                                            0.00 XXX   0 X    0.00 XXX   0 X   -0.43 HIS 886 D

ASP 905 D   5.62    49 %    1.10  418   0.39    0    0.00 XXX   0 X    0.00 XXX   0 X   -0.07 ARG 893 D
ASP 905 D                                            0.00 XXX   0 X    0.00 XXX   0 X    0.17 GLU 901 D
ASP 905 D                                            0.00 XXX   0 X    0.00 XXX   0 X    0.24 GLU 908 D

GLU 698 D   4.84     6 %    0.29  299   0.01    0    0.00 XXX   0 X    0.00 XXX   0 X   -0.08 LYS 707 D
GLU 698 D                                            0.00 XXX   0 X    0.00 XXX   0 X   -0.05 LYS 711 D
GLU 698 D                                            0.00 XXX   0 X    0.00 XXX   0 X    0.18 ASP 772 D

GLU 737 D   6.06    64 %    1.32  460   0.45    0   -0.00 GLN 750 D    0.00 XXX   0 X   -0.38 ARG 808 D
GLU 737 D                                            0.00 XXX   0 X    0.00 XXX   0 X   -0.07 ARG 811 D
GLU 737 D                                            0.00 XXX   0 X    0.00 XXX   0 X   -0.04 HIS 738 D
GLU 737 D                                            0.00 XXX   0 X    0.00 XXX   0 X    0.26 GLU 746 D
GLU 737 D                                            0.00 XXX   0 X    0.00 XXX   0 X    0.03 GLU 795 D

GLU 744 D   4.58     0 %    0.08   89   0.00    0    0.00 XXX   0 X    0.00 XXX   0 X    0.00 XXX   0 X

GLU 746 D   4.95    23 %    0.44  345   0.05    0    0.00 XXX   0 X    0.00 XXX   0 X   -0.04 ARG 808 D
GLU 746 D                                            0.00 XXX   0 X    0.00 XXX   0 X    0.01 GLU 747 D

GLU 747 D   4.64     0 %    0.14  155   0.00    0    0.00 XXX   0 X    0.00 XXX   0 X    0.00 XXX   0 X

GLU 763 D   4.56*   77 %    2.35  496   0.15    0   -0.48 LYS 767 D    0.00 XXX   0 X   -0.19 ARG 814 D
GLU 763 D                                            0.23 ASP 785 D    0.00 XXX   0 X   -0.21 LYS 820 D
GLU 763 D                                           -0.85 LYS 817 D    0.00 XXX   0 X    0.10 ASP 720 D
GLU 763 D                                            0.00 XXX   0 X    0.00 XXX   0 X   -0.93 LYS 767 D
GLU 763 D                                            0.00 XXX   0 X    0.00 XXX   0 X    1.01 ASP 785 D
GLU 763 D                                            0.00 XXX   0 X    0.00 XXX   0 X   -1.10 LYS 817 D

GLU 795 D   4.28    50 %    1.68  420   0.31    0   -0.61 ARG 808 D    0.00 XXX   0 X   -0.74 ARG 808 D
GLU 795 D                                           -0.09 ARG 811 D    0.00 XXX   0 X   -0.77 ARG 811 D

GLU 867 D   4.66     0 %    0.15  216   0.00    0    0.00 XXX   0 X    0.00 XXX   0 X   -0.06 LYS 863 D
GLU 867 D                                            0.00 XXX   0 X    0.00 XXX   0 X    0.06 ASP 870 D

GLU 898 D   3.95    76 %    1.91  494   0.17    0   -0.72 TRP1421 F    0.00 XXX   0 X   -0.33 LYS1419 F
GLU 898 D                                           -0.62 ARG 893 D    0.00 XXX   0 X   -0.96 ARG 893 D

GLU 901 D   4.26    57 %    0.83  441   0.00    0   -0.75 ARG 893 D    0.00 XXX   0 X    0.30 GLU 898 D
GLU 901 D                                            0.00 XXX   0 X    0.00 XXX   0 X   -0.62 ARG 893 D

GLU 908 D   4.81     4 %    0.29  293   0.02    0    0.00 XXX   0 X    0.00 XXX   0 X    0.00 XXX   0 X

C-  943 D   3.32     0 %    0.15  206   0.00    0    0.00 XXX   0 X   -0.03 SER 943 D    0.00 XXX   0 X

HIS 738 D   6.83     8 %   -0.50  305   0.00    0    0.00 XXX   0 X    0.80 LEU 736 D    0.04 GLU 737 D

HIS 880 D   4.59    57 %   -1.88  441   0.00    0    0.00 XXX   0 X    0.56 PRO 877 D   -0.49 ARG 869 D
HIS 880 D                                            0.00 XXX   0 X    0.00 XXX   0 X    0.25 ASP 883 D
HIS 880 D                                            0.00 XXX   0 X    0.00 XXX   0 X   -0.35 HIS 886 D

HIS 886 D   5.55    61 %   -2.03  453   0.00    0    0.54 ASP 883 D    0.00 XXX   0 X   -0.22 ARG 869 D
HIS 886 D                                            0.00 XXX   0 X    0.00 XXX   0 X   -0.02 ARG 878 D
HIS 886 D                                            0.00 XXX   0 X    0.00 XXX   0 X    0.34 GLU1441 F
HIS 886 D                                            0.00 XXX   0 X    0.00 XXX   0 X    0.43 ASP 883 D

CYS 683 D   9.41     0 %    0.40  204   0.00    0    0.00 XXX   0 X    0.00 XXX   0 X   -0.17 N+  681 D
CYS 683 D                                            0.00 XXX   0 X    0.00 XXX   0 X   -0.01 LYS 682 D
CYS 683 D                                            0.00 XXX   0 X    0.00 XXX   0 X    0.19 GLU 698 D

CYS 686 D   9.80     0 %    0.55  262   0.00    0    0.00 XXX   0 X   -0.09 CYS 686 D    0.07 CYS 683 D
CYS 686 D                                            0.00 XXX   0 X    0.00 XXX   0 X    0.24 GLU 698 D
CYS 686 D                                            0.00 XXX   0 X    0.00 XXX   0 X    0.01 CYS 699 D
CYS 686 D                                            0.00 XXX   0 X    0.00 XXX   0 X    0.03 ASP 772 D

CYS 699 D   9.49     0 %    0.25  191   0.00    0    0.00 XXX   0 X    0.00 XXX   0 X    0.04 CYS 683 D
CYS 699 D                                            0.00 XXX   0 X    0.00 XXX   0 X    0.19 CYS 700 D

CYS 700 D   8.56     0 %    0.40  179   0.00    0    0.00 XXX   0 X   -0.10 LEU 702 D    0.00 XXX   0 X
CYS 700 D                                            0.00 XXX   0 X   -0.75 TRP 703 D    0.00 XXX   0 X

CYS 726 D  10.09    24 %    1.10  348   0.00    0    0.00 XXX   0 X   -0.04 CYS 726 D   -0.01 LYS 817 D
CYS 726 D                                            0.00 XXX   0 X    0.00 XXX   0 X    0.05 GLU 763 D

CYS 896 D  12.15   100 %    3.01  571   0.00    0    0.00 XXX   0 X    0.00 XXX   0 X   -0.04 ARG 893 D
CYS 896 D                                            0.00 XXX   0 X    0.00 XXX   0 X    0.18 GLU 898 D

CYS 906 D  16.20*   84 %    3.03  517   0.00    0   -0.12 TYR 865 D   -0.04 CYS 906 D    0.21 ASP 905 D
CYS 906 D                                            3.60 CYS 915 D    0.00 XXX   0 X    0.52 CYS 915 D

CYS 915 D   6.99*   41 %    2.02  397   0.00    0   -0.26 SER 910 D   -0.16 CYS 915 D    0.00 XXX   0 X
CYS 915 D                                           -3.60 CYS 906 D    0.00 XXX   0 X    0.00 XXX   0 X

TYR 694 D  10.13     0 %    0.09  116   0.00    0    0.00 XXX   0 X    0.00 XXX   0 X    0.05 CYS 699 D

TYR 739 D  13.25    32 %    1.39  372   0.00    0    0.76 GLU1435 F    0.00 XXX   0 X    0.14 GLU1385 F
TYR 739 D                                            0.00 XXX   0 X    0.00 XXX   0 X    0.19 ASP1403 F
TYR 739 D                                            0.00 XXX   0 X    0.00 XXX   0 X    0.29 TYR1434 F
TYR 739 D                                            0.00 XXX   0 X    0.00 XXX   0 X    0.48 GLU1435 F

TYR 774 D  10.16     0 %    0.16  137   0.00    0    0.00 XXX   0 X    0.00 XXX   0 X    0.00 XXX   0 X

TYR 775 D  10.53     0 %    0.26  228   0.00    0    0.00 XXX   0 X    0.00 XXX   0 X    0.02 CYS 686 D
TYR 775 D                                            0.00 XXX   0 X    0.00 XXX   0 X    0.05 GLU 698 D
TYR 775 D                                            0.00 XXX   0 X    0.00 XXX   0 X    0.15 ASP 772 D
TYR 775 D                                            0.00 XXX   0 X    0.00 XXX   0 X   -0.01 LYS 707 D
TYR 775 D                                            0.00 XXX   0 X    0.00 XXX   0 X    0.05 TYR 774 D

TYR 776 D  10.45     7 %    0.52  301   0.00    0    0.00 XXX   0 X    0.00 XXX   0 X    0.04 ASP 772 D
TYR 776 D                                            0.00 XXX   0 X    0.00 XXX   0 X   -0.11 LYS 707 D

TYR 865 D  13.88    66 %    2.22  467   0.00    0    0.12 CYS 906 D    0.00 XXX   0 X    0.38 ASP 905 D
TYR 865 D                                            0.00 XXX   0 X    0.00 XXX   0 X    0.86 CYS 906 D
TYR 865 D                                            0.00 XXX   0 X    0.00 XXX   0 X    0.15 GLU 908 D
TYR 865 D                                            0.00 XXX   0 X    0.00 XXX   0 X    0.14 CYS 915 D

LYS 682 D  10.46     0 %   -0.05   78   0.00    0    0.00 XXX   0 X    0.00 XXX   0 X    0.01 CYS 683 D

LYS 707 D  10.76    21 %   -1.26  340   0.00    0    0.85 ASP 772 D    0.00 XXX   0 X    0.08 GLU 698 D
LYS 707 D                                            0.00 XXX   0 X    0.00 XXX   0 X    0.01 TYR 775 D
LYS 707 D                                            0.00 XXX   0 X    0.00 XXX   0 X    0.11 TYR 776 D
LYS 707 D                                            0.00 XXX   0 X    0.00 XXX   0 X    0.47 ASP 772 D

LYS 711 D  10.25     2 %   -0.37  286   0.00    0    0.00 XXX   0 X    0.00 XXX   0 X    0.05 GLU 698 D
LYS 711 D                                            0.00 XXX   0 X    0.00 XXX   0 X    0.22 ASP 772 D
LYS 711 D                                            0.00 XXX   0 X    0.00 XXX   0 X   -0.15 LYS 707 D

LYS 767 D  11.52    68 %   -2.26  471   0.00    0    0.48 GLU 763 D    0.00 XXX   0 X    0.02 ASP 716 D
LYS 767 D                                            0.85 ASP 785 D    0.00 XXX   0 X    0.06 ASP 720 D
LYS 767 D                                            0.00 XXX   0 X    0.00 XXX   0 X   -0.01 ARG 814 D
LYS 767 D                                            0.00 XXX   0 X    0.00 XXX   0 X    0.93 GLU 763 D
LYS 767 D                                            0.00 XXX   0 X    0.00 XXX   0 X    0.93 ASP 785 D

LYS 817 D   9.85    83 %   -3.06  515   0.00    0    0.85 GLU 763 D    0.00 XXX   0 X    0.13 ASP 720 D
LYS 817 D                                            0.85 ASP 785 D    0.00 XXX   0 X    0.01 CYS 726 D
LYS 817 D                                            0.00 XXX   0 X    0.00 XXX   0 X   -0.42 ARG 814 D
LYS 817 D                                            0.00 XXX   0 X    0.00 XXX   0 X   -0.92 LYS 767 D
LYS 817 D                                            0.00 XXX   0 X    0.00 XXX   0 X   -0.30 LYS 820 D
LYS 817 D                                            0.00 XXX   0 X    0.00 XXX   0 X    1.10 GLU 763 D
LYS 817 D                                            0.00 XXX   0 X    0.00 XXX   0 X    1.10 ASP 785 D

LYS 820 D  11.05    42 %   -1.16  400   0.00    0    0.85 ASP 720 D    0.00 XXX   0 X    0.22 ASP 716 D
LYS 820 D                                            0.00 XXX   0 X    0.00 XXX   0 X    0.21 GLU 763 D
LYS 820 D                                            0.00 XXX   0 X    0.00 XXX   0 X    0.16 ASP 785 D
LYS 820 D                                            0.00 XXX   0 X    0.00 XXX   0 X   -0.26 LYS 767 D
LYS 820 D                                            0.00 XXX   0 X    0.00 XXX   0 X    0.52 ASP 720 D

LYS 830 D  10.30     0 %   -0.20  262   0.00    0    0.00 XXX   0 X    0.00 XXX   0 X    0.00 XXX   0 X

LYS 863 D  10.13     0 %   -0.49  276   0.00    0    0.00 XXX   0 X    0.00 XXX   0 X    0.06 ASP 152 C
LYS 863 D                                            0.00 XXX   0 X    0.00 XXX   0 X    0.06 GLU 867 D

ARG 689 D  12.46     0 %   -0.04   81   0.00    0    0.00 XXX   0 X    0.00 XXX   0 X    0.00 XXX   0 X

ARG 693 D  12.44     0 %   -0.06  100   0.00    0    0.00 XXX   0 X    0.00 XXX   0 X    0.00 XXX   0 X

ARG 800 D  12.46     0 %   -0.04   84   0.00    0    0.00 XXX   0 X    0.00 XXX   0 X    0.00 XXX   0 X

ARG 808 D  12.83    68 %   -1.45  473   0.00    0    0.61 GLU 795 D    0.00 XXX   0 X    0.38 GLU 737 D
ARG 808 D                                            0.00 XXX   0 X    0.00 XXX   0 X    0.04 GLU 746 D
ARG 808 D                                            0.00 XXX   0 X    0.00 XXX   0 X    0.74 GLU 795 D

ARG 811 D  11.04    80 %   -1.82  504   0.00    0    0.09 GLU 795 D    0.00 XXX   0 X    0.07 GLU 737 D
ARG 811 D                                            0.00 XXX   0 X    0.00 XXX   0 X   -0.58 ARG 808 D
ARG 811 D                                            0.00 XXX   0 X    0.00 XXX   0 X    0.77 GLU 795 D

ARG 814 D  10.34    90 %   -2.40  533   0.00    0    0.00 XXX   0 X    0.00 XXX   0 X    0.19 GLU 763 D
ARG 814 D                                            0.00 XXX   0 X    0.00 XXX   0 X    0.38 ASP 785 D
ARG 814 D                                            0.00 XXX   0 X    0.00 XXX   0 X   -0.33 ARG 811 D

ARG 869 D  13.34    30 %   -0.99  365   0.00    0    1.24 ASP 883 D    0.00 XXX   0 X    0.01 ASP 870 D
ARG 869 D                                            0.00 XXX   0 X    0.00 XXX   0 X    0.05 GLU1441 F
ARG 869 D                                            0.00 XXX   0 X    0.00 XXX   0 X    0.53 ASP 883 D

ARG 878 D  13.62    45 %   -1.74  406   0.00    0    1.36 ASP1430 F    0.00 XXX   0 X    0.26 TYR1426 F
ARG 878 D                                            0.00 XXX   0 X    0.00 XXX   0 X    0.34 GLU1441 F
ARG 878 D                                            0.00 XXX   0 X    0.00 XXX   0 X    0.29 TYR1447 F
ARG 878 D                                            0.00 XXX   0 X    0.00 XXX   0 X    0.60 ASP1430 F

ARG 893 D  14.44    77 %   -2.17  498   0.00    0    0.62 GLU 898 D    0.00 XXX   0 X    0.45 ASP 372 C
ARG 893 D                                            0.75 GLU 901 D    0.00 XXX   0 X    0.26 CYS 373 C
ARG 893 D                                            0.00 XXX   0 X    0.00 XXX   0 X    0.04 CYS 896 D
ARG 893 D                                            0.00 XXX   0 X    0.00 XXX   0 X    0.07 ASP 905 D
ARG 893 D                                            0.00 XXX   0 X    0.00 XXX   0 X    0.01 ASP1423 F
ARG 893 D                                            0.00 XXX   0 X    0.00 XXX   0 X    0.32 TYR1426 F
ARG 893 D                                            0.00 XXX   0 X    0.00 XXX   0 X    0.96 GLU 898 D
ARG 893 D                                            0.00 XXX   0 X    0.00 XXX   0 X    0.62 GLU 901 D

N+  681 D   8.06     0 %   -0.11  118   0.00    0    0.00 XXX   0 X    0.00 XXX   0 X    0.17 CYS 683 D

ASP1163 E   3.52     0 %    0.34  137   0.00    0   -0.56 CYS1178 E   -0.07 ASP1163 E    0.00 XXX   0 X

ASP1166 E   3.91     0 %    0.11  107   0.00    0    0.00 XXX   0 X    0.00 XXX   0 X    0.00 XXX   0 X

ASP1182 E   3.91     0 %    0.11   97   0.00    0    0.00 XXX   0 X    0.00 XXX   0 X    0.00 XXX   0 X

GLU1165 E   4.64     0 %    0.14  136   0.00    0    0.00 XXX   0 X    0.00 XXX   0 X    0.00 XXX   0 X

GLU1170 E   4.52     0 %    0.16  247   0.00    0    0.00 XXX   0 X    0.00 XXX   0 X   -0.05 N+ 1196 F
GLU1170 E                                            0.00 XXX   0 X    0.00 XXX   0 X   -0.12 LYS1196 F
GLU1170 E                                            0.00 XXX   0 X    0.00 XXX   0 X    0.02 ASP1166 E
GLU1170 E                                            0.00 XXX   0 X    0.00 XXX   0 X    0.01 C- 1195 E

C- 1195 E   1.01     0 %    0.59  281   0.00    0   -0.12 CYS1198 F   -0.63 THR1197 F   -0.15 ARG1195 E
C- 1195 E                                           -0.85 N+ 1196 F   -0.56 CYS1198 F   -0.08 LYS1196 F
C- 1195 E                                            0.00 XXX   0 X    0.00 XXX   0 X   -0.02 HIS1200 F
C- 1195 E                                            0.00 XXX   0 X    0.00 XXX   0 X   -0.38 N+ 1196 F

CYS1167 E   9.38     0 %    0.25  164   0.00    0    0.00 XXX   0 X   -0.05 CYS1167 E   -0.02 LYS1196 F
CYS1167 E                                            0.00 XXX   0 X    0.00 XXX   0 X    0.20 GLU1170 E

CYS1172 E   8.95     0 %    0.39  201   0.00    0    0.00 XXX   0 X   -0.06 VAL1173 E   -0.38 ARG1174 E

CYS1176 E   9.00     0 %    0.32  146   0.00    0    0.00 XXX   0 X   -0.27 CYS1178 E   -0.06 ARG1174 E

CYS1178 E  10.14     0 %    0.36  141   0.00    0    0.56 ASP1163 E    0.00 XXX   0 X    0.09 CYS1176 E
CYS1178 E                                            0.00 XXX   0 X    0.00 XXX   0 X    0.13 CYS1179 E

CYS1179 E   9.60     0 %    0.51  188   0.00    0    0.00 XXX   0 X    0.00 XXX   0 X   -0.12 ARG1174 E
CYS1179 E                                            0.00 XXX   0 X    0.00 XXX   0 X    0.09 ASP1163 E
CYS1179 E                                            0.00 XXX   0 X    0.00 XXX   0 X    0.01 GLU1165 E
CYS1179 E                                            0.00 XXX   0 X    0.00 XXX   0 X    0.05 CYS1167 E
CYS1179 E                                            0.00 XXX   0 X    0.00 XXX   0 X    0.06 CYS1176 E

LYS1162 E  10.47     0 %   -0.03   59   0.00    0    0.00 XXX   0 X    0.00 XXX   0 X    0.00 XXX   0 X

LYS1189 E  10.13     0 %   -0.37  176   0.00    0    0.00 XXX   0 X    0.00 XXX   0 X    0.00 XXX   0 X

ARG1174 E  12.57     0 %   -0.49  193   0.00    0    0.00 XXX   0 X    0.00 XXX   0 X    0.38 CYS1172 E
ARG1174 E                                            0.00 XXX   0 X    0.00 XXX   0 X    0.06 CYS1176 E
ARG1174 E                                            0.00 XXX   0 X    0.00 XXX   0 X    0.12 CYS1179 E

ARG1175 E  12.47     0 %   -0.03   49   0.00    0    0.00 XXX   0 X    0.00 XXX   0 X    0.00 XXX   0 X

ARG1193 E  12.42     0 %   -0.08  117   0.00    0    0.00 XXX   0 X    0.00 XXX   0 X    0.00 XXX   0 X

ARG1195 E  12.31     0 %   -0.38  240   0.00    0    0.00 XXX   0 X    0.00 XXX   0 X    0.15 C- 1195 E
ARG1195 E                                            0.00 XXX   0 X    0.00 XXX   0 X    0.05 CYS1198 F

N+ 1162 E   7.89     0 %   -0.11   90   0.00    0    0.00 XXX   0 X    0.00 XXX   0 X    0.00 XXX   0 X

ASP1226 F   3.69     0 %    0.28  214   0.00    0    0.00 XXX   0 X   -0.35 ILE1227 F   -0.04 ARG1232 F
ASP1226 F                                            0.00 XXX   0 X   -0.00 TYR1228 F    0.00 XXX   0 X

ASP1243 F   3.70    58 %    1.33  443   0.19    0   -0.49 ARG1309 F    0.00 XXX   0 X   -0.12 LYS1236 F
ASP1243 F                                            0.00 XXX   0 X    0.00 XXX   0 X   -0.05 LYS1244 F
ASP1243 F                                            0.00 XXX   0 X    0.00 XXX   0 X   -0.28 ARG1306 F
ASP1243 F                                            0.00 XXX   0 X    0.00 XXX   0 X    0.09 GLU1225 F
ASP1243 F                                            0.00 XXX   0 X    0.00 XXX   0 X   -0.78 ARG1309 F

ASP1275 F   0.06    77 %    2.70  498   0.32    0   -0.85 LYS1257 F    0.00 XXX   0 X   -1.02 LYS1257 F
ASP1275 F                                           -1.28 ARG1312 F    0.00 XXX   0 X   -1.15 ARG1312 F
ASP1275 F                                           -1.58 ARG1316 F    0.00 XXX   0 X   -0.87 ARG1316 F

ASP1280 F   3.39    29 %    1.04  363   0.11    0    0.00 XXX   0 X   -0.69 ILE1278 F   -0.00 ARG1309 F
ASP1280 F                                            0.00 XXX   0 X   -0.17 ASP1280 F    0.00 XXX   0 X
ASP1280 F                                            0.00 XXX   0 X   -0.71 VAL1281 F    0.00 XXX   0 X

ASP1370 F   3.99     0 %    0.19  184   0.00    0    0.00 XXX   0 X    0.00 XXX   0 X    0.00 XXX   0 X

ASP1403 F   3.81    67 %    2.25  469   0.20    0   -0.85 LYS1397 F   -0.81 GLY1358 F   -0.77 LYS1397 F

ASP1423 F   5.23    57 %    0.86  441   0.13    0    0.00 XXX   0 X    0.00 XXX   0 X   -0.01 ARG 893 D
ASP1423 F                                            0.00 XXX   0 X    0.00 XXX   0 X    0.08 GLU 901 D
ASP1423 F                                            0.00 XXX   0 X    0.00 XXX   0 X    0.38 ASP1714 H

ASP1430 F   3.15    45 %    1.94  407   0.30    0   -1.36 ARG 878 D   -0.75 GLU1441 F   -0.18 ARG1362 F
ASP1430 F                                            0.00 XXX   0 X    0.00 XXX   0 X   -0.00 ARG1432 F
ASP1430 F                                            0.00 XXX   0 X    0.00 XXX   0 X   -0.60 ARG 878 D

ASP1471 F   4.29    18 %    0.41  331   0.02    0    0.00 XXX   0 X    0.00 XXX   0 X   -0.06 N+ 1473 G
ASP1471 F                                            0.00 XXX   0 X    0.00 XXX   0 X    0.11 C- 1472 F

GLU1203 F   4.09     7 %    0.42  301   0.04    0   -0.85 TYR1261 F    0.00 XXX   0 X   -0.00 LYS1257 F
GLU1203 F                                            0.00 XXX   0 X    0.00 XXX   0 X   -0.01 HIS1200 F

GLU1208 F   4.31    38 %    0.91  388   0.00    0   -0.64 ARG1316 F    0.00 XXX   0 X   -0.13 LYS1257 F
GLU1208 F                                            0.00 XXX   0 X    0.00 XXX   0 X   -0.06 ARG1312 F
GLU1208 F                                            0.00 XXX   0 X    0.00 XXX   0 X   -0.11 ARG1321 F
GLU1208 F                                            0.00 XXX   0 X    0.00 XXX   0 X    0.11 GLU1203 F
GLU1208 F                                            0.00 XXX   0 X    0.00 XXX   0 X    0.10 GLU1253 F
GLU1208 F                                            0.00 XXX   0 X    0.00 XXX   0 X    0.19 ASP1275 F
GLU1208 F                                            0.00 XXX   0 X    0.00 XXX   0 X   -0.55 ARG1316 F

GLU1225 F   2.29    34 %    0.99  377   0.23    0   -0.85 LYS1236 F    0.00 XXX   0 X   -0.03 ARG1303 F
GLU1225 F                                           -1.40 ARG1306 F    0.00 XXX   0 X   -0.05 ARG1309 F
GLU1225 F                                            0.00 XXX   0 X    0.00 XXX   0 X   -0.48 LYS1236 F
GLU1225 F                                            0.00 XXX   0 X    0.00 XXX   0 X   -0.61 ARG1306 F

GLU1230 F   4.02     0 %    0.26  110   0.00    0   -0.74 LYS1233 F    0.00 XXX   0 X    0.00 XXX   0 X

GLU1231 F   4.59     0 %    0.09  106   0.00    0    0.00 XXX   0 X    0.00 XXX   0 X    0.00 XXX   0 X

GLU1240 F   4.17    28 %    0.75  361   0.09    0   -0.85 LYS1236 F    0.00 XXX   0 X   -0.11 LYS1244 F
GLU1240 F                                            0.00 XXX   0 X    0.00 XXX   0 X   -0.25 ARG1306 F
GLU1240 F                                            0.00 XXX   0 X    0.00 XXX   0 X   -0.06 ARG1309 F
GLU1240 F                                            0.00 XXX   0 X    0.00 XXX   0 X    0.23 GLU1225 F
GLU1240 F                                            0.00 XXX   0 X    0.00 XXX   0 X    0.33 ASP1243 F
GLU1240 F                                            0.00 XXX   0 X    0.00 XXX   0 X   -0.47 LYS1236 F

GLU1253 F   3.71    87 %    3.05  524   0.30    0   -0.85 LYS1257 F    0.00 XXX   0 X   -0.34 ARG1316 F
GLU1253 F                                           -1.25 ARG1312 F    0.00 XXX   0 X   -1.14 LYS1257 F
GLU1253 F                                            0.00 XXX   0 X    0.00 XXX   0 X    0.74 ASP1275 F
GLU1253 F                                            0.00 XXX   0 X    0.00 XXX   0 X   -1.30 ARG1312 F

GLU1295 F   4.46     0 %    0.11  129   0.00    0    0.00 XXX   0 X    0.00 XXX   0 X   -0.15 ARG1303 F

GLU1318 F   4.77     0 %    0.24  272   0.00    0    0.00 XXX   0 X    0.00 XXX   0 X   -0.18 ARG1321 F
GLU1318 F                                            0.00 XXX   0 X    0.00 XXX   0 X   -0.01 LYS1492 G
GLU1318 F                                            0.00 XXX   0 X    0.00 XXX   0 X    0.21 GLU1489 G
GLU1318 F                                            0.00 XXX   0 X    0.00 XXX   0 X    0.02 GLU1490 G

GLU1368 F   3.29    45 %    1.27  407   0.10    0   -0.28 SER1718 H    0.00 XXX   0 X   -0.68 LYS1399 F
GLU1368 F                                           -0.85 LYS1399 F    0.00 XXX   0 X    0.00 XXX   0 X
GLU1368 F                                           -0.77 TYR1727 H    0.00 XXX   0 X    0.00 XXX   0 X

GLU1385 F   3.83     9 %    0.57  306   0.05    0   -0.85 LYS1381 F    0.00 XXX   0 X   -0.44 LYS1381 F

GLU1392 F   4.64     0 %    0.14  211   0.00    0    0.00 XXX   0 X    0.00 XXX   0 X    0.00 XXX   0 X

GLU1435 F   4.42    17 %    0.82  328   0.00    0   -0.76 TYR 739 D    0.00 XXX   0 X   -0.29 LYS1381 F
GLU1435 F                                            0.00 XXX   0 X    0.00 XXX   0 X    0.14 GLU1385 F
GLU1435 F                                            0.00 XXX   0 X    0.00 XXX   0 X    0.02 ASP1403 F

GLU1436 F   4.06     8 %    0.51  304   0.06    0   -0.85 TYR1375 F    0.00 XXX   0 X   -0.02 LYS1359 F
GLU1436 F                                            0.00 XXX   0 X    0.00 XXX   0 X   -0.15 ARG1432 F

GLU1441 F   5.11    34 %    1.15  377   0.00    0    0.00 XXX   0 X    0.00 XXX   0 X   -0.05 ARG 869 D
GLU1441 F                                            0.00 XXX   0 X    0.00 XXX   0 X   -0.34 ARG 878 D
GLU1441 F                                            0.00 XXX   0 X    0.00 XXX   0 X    0.06 ASP 883 D
GLU1441 F                                            0.00 XXX   0 X    0.00 XXX   0 X   -0.34 HIS 886 D
GLU1441 F                                            0.00 XXX   0 X    0.00 XXX   0 X    0.13 ASP1430 F

C- 1472 F   2.02    45 %    2.00  406   0.00    0   -0.85 N+ 1473 G   -0.01 ASN1472 F   -0.02 LYS1477 G
C- 1472 F                                            0.00 XXX   0 X   -0.72 GLN1475 G   -0.07 LYS1479 G
C- 1472 F                                            0.00 XXX   0 X   -0.82 GLN1476 G   -0.69 N+ 1473 G

HIS1200 F   6.17     0 %   -0.27  183   0.00    0    0.00 XXX   0 X    0.00 XXX   0 X   -0.08 N+ 1196 F
HIS1200 F                                            0.00 XXX   0 X    0.00 XXX   0 X   -0.01 LYS1196 F
HIS1200 F                                            0.00 XXX   0 X    0.00 XXX   0 X    0.02 C- 1195 E
HIS1200 F                                            0.00 XXX   0 X    0.00 XXX   0 X    0.01 GLU1203 F

HIS1204 F   6.22     0 %   -0.28  165   0.00    0    0.00 XXX   0 X    0.00 XXX   0 X    0.00 XXX   0 X

CYS1198 F   9.92     8 %    0.79  304   0.00    0    0.12 C- 1195 E   -0.12 CYS1198 F   -0.05 ARG1195 E
CYS1198 F                                            0.00 XXX   0 X    0.00 XXX   0 X   -0.14 N+ 1196 F
CYS1198 F                                            0.00 XXX   0 X    0.00 XXX   0 X    0.31 C- 1195 E

CYS1272 F  10.59    37 %    1.69  385   0.00    0    0.00 XXX   0 X    0.00 XXX   0 X   -0.34 LYS1257 F
CYS1272 F                                            0.00 XXX   0 X    0.00 XXX   0 X   -0.01 ARG1312 F
CYS1272 F                                            0.00 XXX   0 X    0.00 XXX   0 X   -0.06 ARG1316 F
CYS1272 F                                            0.00 XXX   0 X    0.00 XXX   0 X    0.06 GLU1203 F
CYS1272 F                                            0.00 XXX   0 X    0.00 XXX   0 X    0.06 GLU1253 F
CYS1272 F                                            0.00 XXX   0 X    0.00 XXX   0 X    0.19 ASP1275 F

CYS1341 F  12.02    94 %    3.03  545   0.00    0    0.00 XXX   0 X   -0.01 CYS1341 F    0.00 XXX   0 X

CYS1363 F  11.87*   39 %    1.74  390   0.00    0    0.59 CYS1384 F    0.00 XXX   0 X    0.54 CYS1384 F

CYS1384 F   9.87*   31 %    1.37  368   0.00    0   -0.59 CYS1363 F    0.00 XXX   0 X   -0.07 LYS1381 F
CYS1384 F                                            0.00 XXX   0 X    0.00 XXX   0 X    0.15 GLU1385 F

TYR1199 F  10.30     0 %    0.14  176   0.00    0    0.00 XXX   0 X    0.00 XXX   0 X    0.16 GLU1203 F

TYR1228 F  10.19     0 %    0.18   99   0.00    0    0.00 XXX   0 X    0.00 XXX   0 X    0.01 ASP1226 F

TYR1241 F  10.06     0 %    0.15  121   0.00    0    0.00 XXX   0 X    0.00 XXX   0 X   -0.09 LYS1244 F

TYR1248 F  10.29     0 %    0.30  213   0.00    0    0.00 XXX   0 X    0.00 XXX   0 X   -0.01 LYS1244 F

TYR1261 F  13.30    38 %    1.40  387   0.00    0    0.85 GLU1203 F    0.00 XXX   0 X    0.14 GLU1208 F
TYR1261 F                                            0.00 XXX   0 X    0.00 XXX   0 X    0.06 GLU1253 F
TYR1261 F                                            0.00 XXX   0 X    0.00 XXX   0 X    0.30 CYS1272 F
TYR1261 F                                            0.00 XXX   0 X    0.00 XXX   0 X    0.07 ASP1275 F
TYR1261 F                                            0.00 XXX   0 X    0.00 XXX   0 X   -0.06 ARG1316 F
TYR1261 F                                            0.00 XXX   0 X    0.00 XXX   0 X    0.05 TYR1199 F
TYR1261 F                                            0.00 XXX   0 X    0.00 XXX   0 X    0.04 TYR1266 F
TYR1261 F                                            0.00 XXX   0 X    0.00 XXX   0 X    0.47 GLU1203 F

TYR1266 F  12.34    44 %    1.79  404   0.00    0    0.00 XXX   0 X    0.00 XXX   0 X    0.22 GLU1253 F
TYR1266 F                                            0.00 XXX   0 X    0.00 XXX   0 X    0.30 CYS1272 F
TYR1266 F                                            0.00 XXX   0 X    0.00 XXX   0 X    0.17 ASP1275 F
TYR1266 F                                            0.00 XXX   0 X    0.00 XXX   0 X   -0.13 ARG1312 F

TYR1375 F  11.16     4 %    0.68  292   0.00    0   -0.49 ARG1432 F    0.00 XXX   0 X   -0.38 ARG1432 F
TYR1375 F                                            0.85 GLU1436 F    0.00 XXX   0 X    0.10 TYR1442 F
TYR1375 F                                            0.00 XXX   0 X    0.00 XXX   0 X    0.40 GLU1436 F

TYR1394 F  10.69     8 %    0.53  303   0.00    0    0.00 XXX   0 X    0.00 XXX   0 X    0.22 GLU1392 F
TYR1394 F                                            0.00 XXX   0 X    0.00 XXX   0 X   -0.05 ARG1739 H

TYR1409 F  12.16    61 %    2.16  451   0.00    0    0.00 XXX   0 X    0.00 XXX   0 X    0.00 XXX   0 X

TYR1426 F  12.17    69 %    1.99  474   0.00    0    0.00 XXX   0 X    0.00 XXX   0 X   -0.26 ARG 878 D
TYR1426 F                                            0.00 XXX   0 X    0.00 XXX   0 X   -0.32 ARG 893 D
TYR1426 F                                            0.00 XXX   0 X    0.00 XXX   0 X    0.15 GLU 901 D
TYR1426 F                                            0.00 XXX   0 X    0.00 XXX   0 X    0.14 ASP 905 D
TYR1426 F                                            0.00 XXX   0 X    0.00 XXX   0 X    0.09 ASP1423 F
TYR1426 F                                            0.00 XXX   0 X    0.00 XXX   0 X    0.04 ASP1430 F
TYR1426 F                                            0.00 XXX   0 X    0.00 XXX   0 X    0.08 GLU1441 F
TYR1426 F                                            0.00 XXX   0 X    0.00 XXX   0 X    0.26 TYR1447 F

TYR1434 F  11.16    19 %    0.89  334   0.00    0    0.00 XXX   0 X   -0.15 ASN 740 D    0.04 GLU 746 D
TYR1434 F                                            0.00 XXX   0 X    0.00 XXX   0 X    0.06 ASP1403 F
TYR1434 F                                            0.00 XXX   0 X    0.00 XXX   0 X    0.40 GLU1435 F
TYR1434 F                                            0.00 XXX   0 X    0.00 XXX   0 X   -0.07 LYS1381 F

TYR1442 F  10.03     0 %    0.16  225   0.00    0    0.00 XXX   0 X    0.00 XXX   0 X   -0.22 ARG1432 F
TYR1442 F                                            0.00 XXX   0 X    0.00 XXX   0 X    0.09 GLU1436 F

TYR1445 F  10.08     0 %    0.08  145   0.00    0    0.00 XXX   0 X    0.00 XXX   0 X    0.00 XXX   0 X

TYR1447 F  11.84    60 %    2.25  448   0.00    0   -0.66 TRP 879 D    0.00 XXX   0 X   -0.29 ARG 878 D
TYR1447 F                                            0.00 XXX   0 X    0.00 XXX   0 X    0.11 ASP1430 F
TYR1447 F                                            0.00 XXX   0 X    0.00 XXX   0 X    0.43 GLU1441 F

TYR1449 F  13.55   100 %    3.57  563   0.00    0    0.00 XXX   0 X   -0.02 GLY1352 F    0.00 XXX   0 X

LYS1196 F  10.51     0 %   -0.20  204   0.00    0    0.00 XXX   0 X    0.00 XXX   0 X    0.02 CYS1167 E
LYS1196 F                                            0.00 XXX   0 X    0.00 XXX   0 X    0.12 GLU1170 E
LYS1196 F                                            0.00 XXX   0 X    0.00 XXX   0 X    0.08 C- 1195 E

LYS1233 F  11.03     0 %   -0.22  109   0.00    0    0.74 GLU1230 F    0.00 XXX   0 X    0.00 XXX   0 X

LYS1236 F  11.98    17 %   -0.99  330   0.00    0    0.85 GLU1225 F    0.00 XXX   0 X    0.12 ASP1243 F
LYS1236 F                                            0.85 GLU1240 F    0.00 XXX   0 X   -0.29 ARG1306 F
LYS1236 F                                            0.00 XXX   0 X    0.00 XXX   0 X   -0.00 ARG1309 F
LYS1236 F                                            0.00 XXX   0 X    0.00 XXX   0 X    0.48 GLU1225 F
LYS1236 F                                            0.00 XXX   0 X    0.00 XXX   0 X    0.47 GLU1240 F

LYS1244 F  10.51     0 %   -0.24  254   0.00    0    0.00 XXX   0 X    0.00 XXX   0 X    0.11 GLU1240 F
LYS1244 F                                            0.00 XXX   0 X    0.00 XXX   0 X    0.05 ASP1243 F
LYS1244 F                                            0.00 XXX   0 X    0.00 XXX   0 X    0.09 TYR1241 F
LYS1244 F                                            0.00 XXX   0 X    0.00 XXX   0 X    0.01 TYR1248 F

LYS1257 F  10.87    76 %   -2.71  494   0.00    0    0.85 GLU1253 F    0.00 XXX   0 X    0.00 GLU1203 F
LYS1257 F                                            0.85 ASP1275 F    0.00 XXX   0 X    0.13 GLU1208 F
LYS1257 F                                            0.00 XXX   0 X    0.00 XXX   0 X    0.34 CYS1272 F
LYS1257 F                                            0.00 XXX   0 X    0.00 XXX   0 X   -0.85 ARG1312 F
LYS1257 F                                            0.00 XXX   0 X    0.00 XXX   0 X   -0.41 ARG1316 F
LYS1257 F                                            0.00 XXX   0 X    0.00 XXX   0 X    1.14 GLU1253 F
LYS1257 F                                            0.00 XXX   0 X    0.00 XXX   0 X    1.02 ASP1275 F

LYS1264 F  10.37     0 %   -0.12  156   0.00    0    0.00 XXX   0 X    0.00 XXX   0 X   -0.01 LYS1265 F

LYS1265 F  10.38     0 %   -0.12  165   0.00    0    0.00 XXX   0 X    0.00 XXX   0 X    0.00 XXX   0 X

LYS1300 F  10.67     0 %   -0.15  216   0.00    0    0.00 XXX   0 X    0.00 XXX   0 X   -0.02 ARG1303 F
LYS1300 F                                            0.00 XXX   0 X    0.00 XXX   0 X    0.11 ASP1741 H
LYS1300 F                                            0.00 XXX   0 X    0.00 XXX   0 X    0.24 TYR1681 H

LYS1359 F   9.33    56 %   -1.19  438   0.00    0    0.00 XXX   0 X    0.00 XXX   0 X    0.02 GLU1436 F

LYS1381 F  11.51    22 %   -0.71  342   0.00    0    0.85 GLU1385 F    0.00 XXX   0 X    0.07 CYS1384 F
LYS1381 F                                            0.00 XXX   0 X    0.00 XXX   0 X    0.29 GLU1435 F
LYS1381 F                                            0.00 XXX   0 X    0.00 XXX   0 X    0.07 TYR1434 F
LYS1381 F                                            0.00 XXX   0 X    0.00 XXX   0 X    0.44 GLU1385 F

LYS1397 F  10.64    57 %   -1.47  440   0.00    0    0.85 ASP1403 F    0.00 XXX   0 X   -0.01 LYS1381 F
LYS1397 F                                            0.00 XXX   0 X    0.00 XXX   0 X    0.77 ASP1403 F

LYS1399 F   9.79    63 %   -2.35  458   0.00    0    0.85 GLU1368 F    0.00 XXX   0 X    0.10 GLU1685 H
LYS1399 F                                            0.00 XXX   0 X    0.00 XXX   0 X    0.68 GLU1368 F

LYS1419 F   8.43    83 %   -2.57  513   0.00    0    0.00 XXX   0 X    0.00 XXX   0 X    0.04 ASP 372 C
LYS1419 F                                            0.00 XXX   0 X    0.00 XXX   0 X    0.05 GLU 375 C
LYS1419 F                                            0.00 XXX   0 X    0.00 XXX   0 X    0.33 GLU 898 D
LYS1419 F                                            0.00 XXX   0 X    0.00 XXX   0 X    0.08 ASP1714 H

ARG1232 F  12.31     0 %   -0.23  166   0.00    0    0.00 XXX   0 X    0.00 XXX   0 X    0.04 ASP1226 F

ARG1303 F  12.37     0 %   -0.26  238   0.00    0    0.00 XXX   0 X    0.00 XXX   0 X    0.03 GLU1225 F
ARG1303 F                                            0.00 XXX   0 X    0.00 XXX   0 X    0.15 GLU1295 F
ARG1303 F                                            0.00 XXX   0 X    0.00 XXX   0 X   -0.06 ARG1306 F

ARG1306 F  13.85    57 %   -1.19  440   0.00    0    1.40 GLU1225 F    0.00 XXX   0 X    0.25 GLU1240 F
ARG1306 F                                            0.00 XXX   0 X    0.00 XXX   0 X    0.28 ASP1243 F
ARG1306 F                                            0.00 XXX   0 X    0.00 XXX   0 X    0.61 GLU1225 F

ARG1309 F  11.98    73 %   -1.56  485   0.00    0    0.49 ASP1243 F    0.00 XXX   0 X    0.05 GLU1225 F
ARG1309 F                                            0.00 XXX   0 X    0.00 XXX   0 X    0.06 GLU1240 F
ARG1309 F                                            0.00 XXX   0 X    0.00 XXX   0 X    0.00 ASP1280 F
ARG1309 F                                            0.00 XXX   0 X    0.00 XXX   0 X   -0.34 ARG1306 F
ARG1309 F                                            0.00 XXX   0 X    0.00 XXX   0 X    0.78 ASP1243 F

ARG1312 F  15.15    86 %   -2.53  523   0.00    0    1.25 GLU1253 F    0.00 XXX   0 X    0.06 GLU1208 F
ARG1312 F                                            1.28 ASP1275 F    0.00 XXX   0 X    0.13 TYR1266 F
ARG1312 F                                            0.00 XXX   0 X    0.00 XXX   0 X    0.01 CYS1272 F
ARG1312 F                                            0.00 XXX   0 X    0.00 XXX   0 X    1.30 GLU1253 F
ARG1312 F                                            0.00 XXX   0 X    0.00 XXX   0 X    1.15 ASP1275 F

ARG1316 F  14.30    60 %   -1.79  450   0.00    0    0.64 GLU1208 F    0.00 XXX   0 X    0.34 GLU1253 F
ARG1316 F                                            1.58 ASP1275 F    0.00 XXX   0 X    0.06 TYR1261 F
ARG1316 F                                            0.00 XXX   0 X    0.00 XXX   0 X    0.06 CYS1272 F
ARG1316 F                                            0.00 XXX   0 X    0.00 XXX   0 X   -0.52 ARG1312 F
ARG1316 F                                            0.00 XXX   0 X    0.00 XXX   0 X    0.55 GLU1208 F
ARG1316 F                                            0.00 XXX   0 X    0.00 XXX   0 X    0.87 ASP1275 F

ARG1321 F  12.00    21 %   -0.70  340   0.00    0    0.00 XXX   0 X    0.00 XXX   0 X    0.11 GLU1208 F
ARG1321 F                                            0.00 XXX   0 X    0.00 XXX   0 X    0.18 GLU1318 F
ARG1321 F                                            0.00 XXX   0 X    0.00 XXX   0 X   -0.10 ARG1316 F

ARG1362 F  11.29    65 %   -1.37  463   0.00    0    0.00 XXX   0 X    0.00 XXX   0 X    0.18 ASP1430 F
ARG1362 F                                            0.00 XXX   0 X    0.00 XXX   0 X   -0.02 ARG 878 D

ARG1432 F  13.28     0 %   -0.46  262   0.00    0    0.49 TYR1375 F    0.00 XXX   0 X    0.38 TYR1375 F
ARG1432 F                                            0.00 XXX   0 X    0.00 XXX   0 X    0.00 ASP1430 F
ARG1432 F                                            0.00 XXX   0 X    0.00 XXX   0 X    0.15 GLU1436 F
ARG1432 F                                            0.00 XXX   0 X    0.00 XXX   0 X    0.22 TYR1442 F

N+ 1196 F   8.72     0 %   -0.46  260   0.00    0    0.85 C- 1195 E    0.00 XXX   0 X    0.05 GLU1170 E
N+ 1196 F                                            0.00 XXX   0 X    0.00 XXX   0 X   -0.05 ARG1195 E
N+ 1196 F                                            0.00 XXX   0 X    0.00 XXX   0 X   -0.20 LYS1196 F
N+ 1196 F                                            0.00 XXX   0 X    0.00 XXX   0 X    0.14 CYS1198 F
N+ 1196 F                                            0.00 XXX   0 X    0.00 XXX   0 X    0.38 C- 1195 E

ASP1484 G   4.09    32 %    0.77  372   0.00    0    0.00 XXX   0 X    0.00 XXX   0 X   -0.23 LYS1477 G
ASP1484 G                                            0.00 XXX   0 X    0.00 XXX   0 X   -0.10 LYS1492 G
ASP1484 G                                            0.00 XXX   0 X    0.00 XXX   0 X   -0.15 LYS1499 G

ASP1523 G   2.55     0 %    0.50  227   0.00    0   -1.23 ARG1512 G    0.00 XXX   0 X   -0.14 LYS1527 G
ASP1523 G                                            0.00 XXX   0 X    0.00 XXX   0 X   -0.38 ARG1512 G

ASP1531 G   3.94     8 %    0.33  304   0.02    0    0.00 XXX   0 X    0.00 XXX   0 X   -0.11 LYS1578 G
ASP1531 G                                            0.00 XXX   0 X    0.00 XXX   0 X   -0.17 ARG1635 H
ASP1531 G                                            0.00 XXX   0 X    0.00 XXX   0 X   -0.03 LYS1641 H
ASP1531 G                                            0.00 XXX   0 X    0.00 XXX   0 X    0.10 GLU1574 G

ASP1550 G   3.63    43 %    1.48  401   0.00    0   -0.85 LYS 343 C   -0.58 ASP1551 G   -0.15 ARG 277 C
ASP1550 G                                            0.00 XXX   0 X    0.00 XXX   0 X   -0.00 ARG1626 H
ASP1550 G                                            0.00 XXX   0 X    0.00 XXX   0 X   -0.02 HIS 278 C
ASP1550 G                                            0.00 XXX   0 X    0.00 XXX   0 X    0.49 ASP1551 G
ASP1550 G                                            0.00 XXX   0 X    0.00 XXX   0 X   -0.54 LYS 343 C

ASP1551 G   2.88    10 %    0.59  309   0.00    0   -0.85 LYS 343 C   -0.02 ASP1551 G   -0.18 ARG 277 C
ASP1551 G                                            0.00 XXX   0 X    0.00 XXX   0 X   -0.45 LYS 343 C

ASP1595 G   5.21    61 %    1.59  452   0.26    0    0.00 XXX   0 X    0.00 XXX   0 X   -0.36 ARG1632 H
ASP1595 G                                            0.00 XXX   0 X    0.00 XXX   0 X   -0.21 ARG1635 H
ASP1595 G                                            0.00 XXX   0 X    0.00 XXX   0 X    0.12 GLU1574 G

GLU1489 G   4.54     0 %    0.13  200   0.00    0    0.00 XXX   0 X    0.00 XXX   0 X   -0.09 LYS1492 G
GLU1489 G                                            0.00 XXX   0 X    0.00 XXX   0 X   -0.02 LYS1493 G
GLU1489 G                                            0.00 XXX   0 X    0.00 XXX   0 X    0.02 GLU1490 G

GLU1490 G   3.47     0 %    0.21  158   0.00    0   -0.85 LYS1493 G    0.00 XXX   0 X   -0.38 LYS1493 G

GLU1548 G   2.96    78 %    2.35  501   0.69    0   -0.65 ARG1626 H    0.00 XXX   0 X   -1.11 ARG1626 H
GLU1548 G                                           -1.53 ARG1629 H    0.00 XXX   0 X   -1.29 ARG1629 H

GLU1555 G   4.10     0 %    0.25   99   0.00    0    0.00 XXX   0 X   -0.65 GLU1555 G    0.00 XXX   0 X

GLU1574 G   3.16    67 %    1.96  469   0.13    0   -0.85 LYS1578 G    0.00 XXX   0 X   -0.75 LYS1578 G
GLU1574 G                                           -1.01 ARG1635 H    0.00 XXX   0 X   -0.81 ARG1635 H

C- 1606 G   1.60    32 %    1.56  370   0.00    0   -0.71 SER1609 H   -0.25 LEU1608 H   -0.03 LYS1562 G
C- 1606 G                                           -0.85 N+ 1607 H   -0.77 SER1609 H   -0.01 ARG1626 H
C- 1606 G                                            0.00 XXX   0 X    0.00 XXX   0 X   -0.07 ARG1629 H
C- 1606 G                                            0.00 XXX   0 X    0.00 XXX   0 X   -0.47 N+ 1607 H

HIS1584 G   6.11     0 %   -0.27  230   0.00    0    0.00 XXX   0 X    0.00 XXX   0 X   -0.16 LYS1504 G
HIS1584 G                                            0.00 XXX   0 X    0.00 XXX   0 X   -0.03 LYS1508 G
HIS1584 G                                            0.00 XXX   0 X    0.00 XXX   0 X    0.07 GLU1799 H

CYS1539 G   9.28     0 %    0.28  245   0.00    0    0.00 XXX   0 X    0.00 XXX   0 X    0.00 XXX   0 X

CYS1575 G  11.20    56 %    1.84  439   0.00    0    0.00 XXX   0 X    0.00 XXX   0 X   -0.09 LYS1578 G
CYS1575 G                                            0.00 XXX   0 X    0.00 XXX   0 X   -0.03 ARG1632 H
CYS1575 G                                            0.00 XXX   0 X    0.00 XXX   0 X   -0.10 ARG1635 H
CYS1575 G                                            0.00 XXX   0 X    0.00 XXX   0 X    0.25 GLU1574 G
CYS1575 G                                            0.00 XXX   0 X    0.00 XXX   0 X    0.32 ASP1595 G

TYR1494 G  11.00    30 %    1.00  365   0.00    0    0.00 XXX   0 X    0.00 XXX   0 X    0.00 XXX   0 X

TYR1495 G  13.58    52 %    1.65  426   0.00    0    0.80 GLU1773 H    0.00 XXX   0 X    0.42 ASP1484 G
TYR1495 G                                            0.00 XXX   0 X    0.00 XXX   0 X    0.71 GLU1773 H

TYR1517 G  10.10     0 %    0.10   73   0.00    0    0.00 XXX   0 X    0.00 XXX   0 X    0.00 XXX   0 X

TYR1585 G  10.34    10 %    0.71  310   0.00    0    0.00 XXX   0 X   -0.29 LYS1508 G    0.01 GLU1796 H
TYR1585 G                                            0.00 XXX   0 X    0.00 XXX   0 X    0.01 GLU1799 H
TYR1585 G                                            0.00 XXX   0 X    0.00 XXX   0 X   -0.09 LYS1508 G

TYR1586 G  10.14     0 %    0.14  144   0.00    0    0.00 XXX   0 X    0.00 XXX   0 X    0.00 XXX   0 X

LYS1477 G  10.18    19 %   -0.47  335   0.00    0    0.00 XXX   0 X    0.00 XXX   0 X    0.02 C- 1472 F
LYS1477 G                                            0.00 XXX   0 X    0.00 XXX   0 X    0.23 ASP1484 G
LYS1477 G                                            0.00 XXX   0 X    0.00 XXX   0 X   -0.10 LYS1478 G

LYS1478 G  10.39     0 %   -0.11  140   0.00    0    0.00 XXX   0 X    0.00 XXX   0 X    0.00 XXX   0 X

LYS1479 G  10.37     0 %   -0.20  227   0.00    0    0.00 XXX   0 X    0.00 XXX   0 X    0.07 C- 1472 F

LYS1492 G   9.84    25 %   -0.87  351   0.00    0    0.00 XXX   0 X    0.00 XXX   0 X    0.01 GLU1318 F
LYS1492 G                                            0.00 XXX   0 X    0.00 XXX   0 X    0.10 ASP1484 G
LYS1492 G                                            0.00 XXX   0 X    0.00 XXX   0 X    0.09 GLU1489 G

LYS1493 G  11.51     0 %   -0.25  158   0.00    0    0.85 GLU1490 G    0.00 XXX   0 X    0.02 GLU1489 G
LYS1493 G                                            0.00 XXX   0 X    0.00 XXX   0 X    0.38 GLU1490 G

LYS1499 G  10.96    40 %   -1.19  393   0.00    0    0.85 GLU1773 H    0.00 XXX   0 X    0.15 ASP1484 G
LYS1499 G                                            0.00 XXX   0 X    0.00 XXX   0 X    0.65 GLU1773 H

LYS1500 G  10.32     0 %   -0.35  249   0.00    0    0.00 XXX   0 X    0.00 XXX   0 X    0.20 GLU1877 H
LYS1500 G                                            0.00 XXX   0 X    0.00 XXX   0 X   -0.02 LYS1878 H

LYS1504 G  11.30     8 %   -0.49  304   0.00    0    0.85 GLU1799 H    0.00 XXX   0 X    0.05 GLU1796 H
LYS1504 G                                            0.00 XXX   0 X    0.00 XXX   0 X    0.02 ASP1802 H
LYS1504 G                                            0.00 XXX   0 X    0.00 XXX   0 X   -0.16 LYS1508 G
LYS1504 G                                            0.00 XXX   0 X    0.00 XXX   0 X    0.10 TYR1795 H
LYS1504 G                                            0.00 XXX   0 X    0.00 XXX   0 X    0.43 GLU1799 H

LYS1505 G  10.99    26 %   -0.76  355   0.00    0    0.82 ASP1792 H    0.00 XXX   0 X   -0.07 ARG1638 H
LYS1505 G                                            0.00 XXX   0 X    0.00 XXX   0 X   -0.05 ARG1644 H
LYS1505 G                                            0.00 XXX   0 X    0.00 XXX   0 X    0.02 GLU1788 H
LYS1505 G                                            0.00 XXX   0 X    0.00 XXX   0 X    0.00 ASP1789 H
LYS1505 G                                            0.00 XXX   0 X    0.00 XXX   0 X    0.12 GLU1796 H
LYS1505 G                                            0.00 XXX   0 X    0.00 XXX   0 X    0.02 GLU1799 H
LYS1505 G                                            0.00 XXX   0 X    0.00 XXX   0 X   -0.06 LYS1508 G
LYS1505 G                                            0.00 XXX   0 X    0.00 XXX   0 X    0.45 ASP1792 H

LYS1508 G  12.37    20 %   -0.87  338   0.00    0    0.85 GLU1796 H    0.00 XXX   0 X    0.01 ASP1792 H
LYS1508 G                                            0.85 GLU1799 H    0.00 XXX   0 X    0.09 TYR1585 G
LYS1508 G                                            0.00 XXX   0 X    0.00 XXX   0 X    0.02 TYR1795 H
LYS1508 G                                            0.00 XXX   0 X    0.00 XXX   0 X    0.46 GLU1796 H
LYS1508 G                                            0.00 XXX   0 X    0.00 XXX   0 X    0.46 GLU1799 H

LYS1516 G  10.40     0 %   -0.10   82   0.00    0    0.00 XXX   0 X    0.00 XXX   0 X    0.00 XXX   0 X

LYS1527 G  10.49     0 %   -0.15  165   0.00    0    0.00 XXX   0 X    0.00 XXX   0 X   -0.00 ARG1512 G
LYS1527 G                                            0.00 XXX   0 X    0.00 XXX   0 X    0.14 ASP1523 G

LYS1556 G  10.39     0 %   -0.11  109   0.00    0    0.00 XXX   0 X    0.00 XXX   0 X    0.00 XXX   0 X

LYS1562 G  10.44     0 %   -0.14  179   0.00    0    0.00 XXX   0 X    0.00 XXX   0 X    0.03 C- 1606 G
LYS1562 G                                            0.00 XXX   0 X    0.00 XXX   0 X    0.05 ASP1610 H

LYS1578 G  10.55    54 %   -1.39  432   0.00    0    0.85 GLU1574 G    0.00 XXX   0 X    0.11 ASP1531 G
LYS1578 G                                            0.00 XXX   0 X    0.00 XXX   0 X    0.09 CYS1575 G
LYS1578 G                                            0.00 XXX   0 X    0.00 XXX   0 X   -0.37 ARG1635 H
LYS1578 G                                            0.00 XXX   0 X    0.00 XXX   0 X    0.75 GLU1574 G

ARG1512 G  13.77     0 %   -0.35  194   0.00    0    1.23 ASP1523 G    0.00 XXX   0 X    0.38 ASP1523 G

ARG1583 G  12.44     0 %   -0.06   84   0.00    0    0.00 XXX   0 X    0.00 XXX   0 X    0.00 XXX   0 X

N+ 1473 G   6.91    64 %   -2.59  460   0.00    0    0.85 C- 1472 F    0.00 XXX   0 X    0.06 ASP1471 F
N+ 1473 G                                            0.00 XXX   0 X    0.00 XXX   0 X   -0.09 LYS1477 G
N+ 1473 G                                            0.00 XXX   0 X    0.00 XXX   0 X    0.69 C- 1472 F

ASP1610 H   2.54     0 %    0.36  268   0.00    0   -0.06 SER1609 H   -0.49 ASP1610 H   -0.05 LYS1562 G
ASP1610 H                                           -0.85 N+ 1607 H    0.00 XXX   0 X   -0.03 LYS1614 H
ASP1610 H                                            0.00 XXX   0 X    0.00 XXX   0 X    0.26 C- 1606 G
ASP1610 H                                            0.00 XXX   0 X    0.00 XXX   0 X   -0.40 N+ 1607 H

ASP1689 H   5.21    60 %    1.26  450   0.25    0   -0.23 GLN 379 C    0.00 XXX   0 X   -0.05 LYS 317 C
ASP1689 H                                            0.00 XXX   0 X    0.00 XXX   0 X    0.13 ASP1690 H
ASP1689 H                                            0.00 XXX   0 X    0.00 XXX   0 X    0.05 ASP1714 H

ASP1690 H   3.64    54 %    1.32  432   0.11    0   -0.85 LYS 317 C   -0.02 ASP1690 H   -0.09 ARG 376 C
ASP1690 H                                            0.00 XXX   0 X    0.00 XXX   0 X   -0.14 ARG 383 C
ASP1690 H                                            0.00 XXX   0 X    0.00 XXX   0 X    0.15 ASP 322 C
ASP1690 H                                            0.00 XXX   0 X    0.00 XXX   0 X   -0.62 LYS 317 C

ASP1714 H   4.32    54 %    0.96  433   0.00    0    0.00 XXX   0 X   -0.43 ASP1714 H   -0.08 LYS1419 F
ASP1714 H                                            0.00 XXX   0 X    0.00 XXX   0 X    0.04 GLU 898 D
ASP1714 H                                            0.00 XXX   0 X    0.00 XXX   0 X    0.03 GLU 901 D

ASP1729 H   2.97     0 %    0.24  186   0.00    0   -0.75 ARG1739 H   -0.00 ASP1729 H   -0.32 ARG1739 H

ASP1741 H   3.78     0 %    0.20  187   0.00    0    0.00 XXX   0 X    0.00 XXX   0 X   -0.11 LYS1300 F
ASP1741 H                                            0.00 XXX   0 X    0.00 XXX   0 X   -0.12 LYS1683 H

ASP1789 H   4.20     0 %    0.18  167   0.00    0    0.00 XXX   0 X    0.00 XXX   0 X   -0.00 LYS1505 G
ASP1789 H                                            0.00 XXX   0 X    0.00 XXX   0 X    0.12 ASP1790 H
ASP1789 H                                            0.00 XXX   0 X    0.00 XXX   0 X    0.10 ASP1792 H

ASP1790 H   4.05     1 %    0.29  284   0.00    0    0.00 XXX   0 X    0.00 XXX   0 X   -0.05 LYS1872 H
ASP1790 H                                            0.00 XXX   0 X    0.00 XXX   0 X    0.01 ASP1869 H

ASP1792 H   3.20    12 %    0.61  315   0.11    0   -0.82 LYS1505 G    0.00 XXX   0 X   -0.01 LYS1508 G
ASP1792 H                                            0.00 XXX   0 X    0.00 XXX   0 X   -0.02 ARG1638 H
ASP1792 H                                            0.00 XXX   0 X    0.00 XXX   0 X   -0.02 ARG1644 H
ASP1792 H                                            0.00 XXX   0 X    0.00 XXX   0 X   -0.45 LYS1505 G

ASP1802 H   4.40     8 %    0.50  304   0.04    0    0.00 XXX   0 X    0.00 XXX   0 X   -0.02 LYS1504 G
ASP1802 H                                            0.00 XXX   0 X    0.00 XXX   0 X    0.08 C- 1882 H

ASP1816 H   3.72     0 %    0.21  216   0.00    0    0.00 XXX   0 X    0.00 XXX   0 X   -0.11 ARG1826 H
ASP1816 H                                            0.00 XXX   0 X    0.00 XXX   0 X   -0.18 LYS1829 H

ASP1819 H   3.82     0 %    0.10  119   0.00    0    0.00 XXX   0 X    0.00 XXX   0 X   -0.01 ARG1826 H
ASP1819 H                                            0.00 XXX   0 X    0.00 XXX   0 X   -0.08 LYS1829 H
ASP1819 H                                            0.00 XXX   0 X    0.00 XXX   0 X    0.02 ASP1816 H

ASP1839 H   3.87     0 %    0.13  165   0.00    0    0.00 XXX   0 X    0.00 XXX   0 X   -0.06 ARG1860 H

ASP1846 H   3.92     0 %    0.15  163   0.00    0    0.00 XXX   0 X   -0.03 ASP1846 H   -0.01 ARG1847 H

ASP1852 H   4.17    13 %    0.55  319   0.06    0    0.00 XXX   0 X    0.00 XXX   0 X   -0.24 HIS1849 H

ASP1869 H   2.39     5 %    0.57  295   0.04    0   -0.85 LYS1872 H   -0.53 GLU1864 H   -0.00 LYS1859 H
ASP1869 H                                            0.00 XXX   0 X   -0.18 SER1865 H   -0.46 LYS1872 H

GLU1685 H   5.12    23 %    0.50  346   0.07    0    0.00 XXX   0 X    0.00 XXX   0 X   -0.10 LYS1399 F
GLU1685 H                                            0.00 XXX   0 X    0.00 XXX   0 X   -0.04 LYS1683 H
GLU1685 H                                            0.00 XXX   0 X    0.00 XXX   0 X    0.19 GLU1368 F

GLU1773 H   4.46    61 %    2.00  453   0.12    0   -0.80 TYR1495 G    0.00 XXX   0 X    0.15 ASP1484 G
GLU1773 H                                           -0.85 LYS1499 G    0.00 XXX   0 X   -0.65 LYS1499 G

GLU1780 H   4.75     0 %    0.18  253   0.00    0    0.00 XXX   0 X    0.00 XXX   0 X   -0.24 LYS 249 C
GLU1780 H                                            0.00 XXX   0 X    0.00 XXX   0 X    0.31 GLU 418 C

GLU1781 H   4.67     8 %    0.22  305   0.00    0    0.00 XXX   0 X    0.00 XXX   0 X   -0.09 LYS1878 H
GLU1781 H                                            0.00 XXX   0 X    0.00 XXX   0 X    0.03 GLU1867 H

GLU1784 H   4.68     0 %    0.11  123   0.00    0    0.00 XXX   0 X    0.00 XXX   0 X    0.08 GLU1867 H

GLU1788 H   4.54     0 %    0.16  229   0.00    0    0.00 XXX   0 X    0.00 XXX   0 X   -0.02 LYS1505 G
GLU1788 H                                            0.00 XXX   0 X    0.00 XXX   0 X   -0.02 ARG1638 H
GLU1788 H                                            0.00 XXX   0 X    0.00 XXX   0 X   -0.13 LYS1641 H
GLU1788 H                                            0.00 XXX   0 X    0.00 XXX   0 X   -0.14 ARG1644 H
GLU1788 H                                            0.00 XXX   0 X    0.00 XXX   0 X    0.11 ASP1789 H
GLU1788 H                                            0.00 XXX   0 X    0.00 XXX   0 X    0.08 ASP1792 H

GLU1796 H   4.18    22 %    0.80  344   0.06    0   -0.85 LYS1508 G    0.00 XXX   0 X   -0.05 LYS1504 G
GLU1796 H                                            0.00 XXX   0 X    0.00 XXX   0 X   -0.12 LYS1505 G
GLU1796 H                                            0.00 XXX   0 X    0.00 XXX   0 X   -0.04 LYS1800 H
GLU1796 H                                            0.00 XXX   0 X    0.00 XXX   0 X    0.08 ASP1792 H
GLU1796 H                                            0.00 XXX   0 X    0.00 XXX   0 X    0.26 GLU1799 H
GLU1796 H                                            0.00 XXX   0 X    0.00 XXX   0 X   -0.46 LYS1508 G

GLU1799 H   2.52    20 %    0.71  336   0.01    0   -0.85 LYS1504 G    0.00 XXX   0 X   -0.02 LYS1505 G
GLU1799 H                                           -0.85 LYS1508 G    0.00 XXX   0 X   -0.02 LYS1800 H
GLU1799 H                                            0.00 XXX   0 X    0.00 XXX   0 X   -0.07 HIS1584 G
GLU1799 H                                            0.00 XXX   0 X    0.00 XXX   0 X   -0.43 LYS1504 G
GLU1799 H                                            0.00 XXX   0 X    0.00 XXX   0 X   -0.46 LYS1508 G

GLU1804 H   4.59     0 %    0.09  123   0.00    0    0.00 XXX   0 X    0.00 XXX   0 X    0.00 XXX   0 X

GLU1810 H   4.64     0 %    0.17  178   0.00    0    0.00 XXX   0 X    0.00 XXX   0 X   -0.10 ARG1847 H
GLU1810 H                                            0.00 XXX   0 X    0.00 XXX   0 X    0.07 ASP1846 H

GLU1823 H   3.54    12 %    0.40  316   0.00    0   -0.77 LYS1800 H    0.00 XXX   0 X   -0.16 ARG1826 H
GLU1823 H                                            0.00 XXX   0 X    0.00 XXX   0 X   -0.43 LYS1800 H

GLU1864 H   3.65     0 %    0.34  196   0.00    0   -0.85 LYS1859 H    0.00 XXX   0 X   -0.02 LYS1872 H
GLU1864 H                                            0.00 XXX   0 X    0.00 XXX   0 X    0.06 ASP1869 H
GLU1864 H                                            0.00 XXX   0 X    0.00 XXX   0 X   -0.38 LYS1859 H

GLU1867 H   4.58     0 %    0.35  240   0.00    0    0.00 XXX   0 X    0.00 XXX   0 X   -0.27 LYS1878 H

GLU1876 H   4.72     0 %    0.18  250   0.00    0    0.00 XXX   0 X    0.00 XXX   0 X    0.03 GLU1877 H
GLU1876 H                                            0.00 XXX   0 X    0.00 XXX   0 X    0.01 C- 1882 H

GLU1877 H   4.41     0 %    0.11  158   0.00    0    0.00 XXX   0 X    0.00 XXX   0 X   -0.20 LYS1500 G
GLU1877 H                                            0.00 XXX   0 X    0.00 XXX   0 X   -0.00 LYS1878 H

C- 1882 H   3.33     0 %    0.13  170   0.00    0    0.00 XXX   0 X   -0.00 ALA1882 H    0.00 XXX   0 X

HIS1849 H   5.99    15 %   -0.76  322   0.00    0    0.00 XXX   0 X    0.00 XXX   0 X    0.24 ASP1852 H

CYS1703 H  12.40   100 %    3.31  561   0.00    0    0.00 XXX   0 X    0.00 XXX   0 X    0.03 GLU 375 C
CYS1703 H                                            0.00 XXX   0 X    0.00 XXX   0 X    0.05 ASP1689 H

CYS1728 H   8.52     4 %    0.55  292   0.00    0   -0.52 THR1723 H   -0.48 GLY1724 H   -0.11 ARG1739 H
CYS1728 H                                            0.00 XXX   0 X    0.00 XXX   0 X    0.07 ASP1729 H

CYS1742 H  10.25    41 %    1.42  395   0.00    0    0.00 XXX   0 X   -0.20 GLY1743 H   -0.00 LYS1683 H
CYS1742 H                                            0.00 XXX   0 X    0.00 XXX   0 X    0.03 ASP1741 H

CYS1850 H  10.57    48 %    2.10  415   0.00    0    0.00 XXX   0 X   -0.00 GLN1807 H    0.07 ASP1852 H
CYS1850 H                                            0.00 XXX   0 X   -0.25 CYS1850 H    0.00 XXX   0 X
CYS1850 H                                            0.00 XXX   0 X   -0.35 MET1851 H    0.00 XXX   0 X

TYR1615 H  10.04     0 %    0.04   84   0.00    0    0.00 XXX   0 X    0.00 XXX   0 X    0.00 XXX   0 X

TYR1671 H  10.49    40 %    1.34  394   0.00    0   -0.85 THR1754 H    0.00 XXX   0 X    0.00 XXX   0 X

TYR1681 H  10.11     0 %    0.22  280   0.00    0    0.00 XXX   0 X    0.00 XXX   0 X    0.12 ASP1741 H
TYR1681 H                                            0.00 XXX   0 X    0.00 XXX   0 X    0.01 CYS1742 H
TYR1681 H                                            0.00 XXX   0 X    0.00 XXX   0 X   -0.24 LYS1300 F

TYR1727 H  12.82    36 %    1.24  382   0.00    0    0.77 GLU1368 F    0.00 XXX   0 X    0.24 GLU1685 H
TYR1727 H                                            0.00 XXX   0 X    0.00 XXX   0 X   -0.00 ARG1739 H
TYR1727 H                                            0.00 XXX   0 X    0.00 XXX   0 X    0.57 GLU1368 F

TYR1755 H  11.88    87 %    2.94  525   0.00    0   -0.85 THR1708 H    0.00 XXX   0 X    0.03 CYS1703 H
TYR1755 H                                           -0.28 SER1759 H    0.00 XXX   0 X    0.04 TYR1671 H

TYR1767 H  12.32    93 %    2.32  543   0.00    0    0.00 XXX   0 X    0.00 XXX   0 X    0.00 XXX   0 X

TYR1795 H  11.27    40 %    1.12  392   0.00    0    0.00 XXX   0 X    0.00 XXX   0 X    0.02 GLU1796 H
TYR1795 H                                            0.00 XXX   0 X    0.00 XXX   0 X    0.14 GLU1799 H
TYR1795 H                                            0.00 XXX   0 X    0.00 XXX   0 X    0.11 ASP1802 H
TYR1795 H                                            0.00 XXX   0 X    0.00 XXX   0 X   -0.10 LYS1504 G
TYR1795 H                                            0.00 XXX   0 X    0.00 XXX   0 X   -0.02 LYS1508 G

TYR1811 H  10.47     6 %    0.45  299   0.00    0    0.00 XXX   0 X    0.00 XXX   0 X    0.02 ASP1839 H
TYR1811 H                                            0.00 XXX   0 X    0.00 XXX   0 X    0.00 ASP1846 H

LYS1614 H  10.45     0 %   -0.08  141   0.00    0    0.00 XXX   0 X    0.00 XXX   0 X    0.03 ASP1610 H

LYS1641 H  10.35     0 %   -0.16  207   0.00    0    0.00 XXX   0 X    0.00 XXX   0 X    0.03 ASP1531 G
LYS1641 H                                            0.00 XXX   0 X    0.00 XXX   0 X   -0.06 ARG1638 H
LYS1641 H                                            0.00 XXX   0 X    0.00 XXX   0 X   -0.10 ARG1644 H
LYS1641 H                                            0.00 XXX   0 X    0.00 XXX   0 X    0.13 GLU1788 H

LYS1683 H  10.51     0 %   -0.15  212   0.00    0    0.00 XXX   0 X    0.00 XXX   0 X    0.04 GLU1685 H
LYS1683 H                                            0.00 XXX   0 X    0.00 XXX   0 X    0.12 ASP1741 H
LYS1683 H                                            0.00 XXX   0 X    0.00 XXX   0 X    0.00 CYS1742 H

LYS1800 H  11.32    13 %   -0.39  319   0.00    0    0.77 GLU1823 H    0.00 XXX   0 X    0.04 GLU1796 H
LYS1800 H                                            0.00 XXX   0 X    0.00 XXX   0 X    0.02 GLU1799 H
LYS1800 H                                            0.00 XXX   0 X    0.00 XXX   0 X   -0.00 ARG1826 H
LYS1800 H                                            0.00 XXX   0 X    0.00 XXX   0 X   -0.05 LYS1508 G
LYS1800 H                                            0.00 XXX   0 X    0.00 XXX   0 X    0.43 GLU1823 H

LYS1829 H  10.41     0 %   -0.30  205   0.00    0    0.00 XXX   0 X    0.00 XXX   0 X    0.18 ASP1816 H
LYS1829 H                                            0.00 XXX   0 X    0.00 XXX   0 X    0.08 ASP1819 H
LYS1829 H                                            0.00 XXX   0 X    0.00 XXX   0 X   -0.06 ARG1826 H

LYS1859 H  11.48     0 %   -0.25  168   0.00    0    0.85 GLU1864 H    0.00 XXX   0 X    0.00 ASP1869 H
LYS1859 H                                            0.00 XXX   0 X    0.00 XXX   0 X    0.38 GLU1864 H

LYS1872 H  10.47    38 %   -1.41  387   0.00    0    0.85 ASP1869 H    0.00 XXX   0 X    0.05 ASP1790 H
LYS1872 H                                            0.00 XXX   0 X    0.00 XXX   0 X    0.02 GLU1864 H
LYS1872 H                                            0.00 XXX   0 X    0.00 XXX   0 X    0.46 ASP1869 H

LYS1878 H  10.52     3 %   -0.33  290   0.00    0    0.00 XXX   0 X    0.00 XXX   0 X    0.09 GLU1781 H
LYS1878 H                                            0.00 XXX   0 X    0.00 XXX   0 X    0.27 GLU1867 H
LYS1878 H                                            0.00 XXX   0 X    0.00 XXX   0 X    0.00 GLU1877 H

ARG1623 H  11.90    53 %   -1.42  431   0.00    0    0.32 TYR 389 C    0.00 XXX   0 X    0.50 TYR 389 C

ARG1626 H  11.13    82 %   -1.78  511   0.00    0    0.65 GLU1548 G    0.00 XXX   0 X    0.00 ASP1550 G
ARG1626 H                                            0.00 XXX   0 X    0.00 XXX   0 X    0.01 C- 1606 G
ARG1626 H                                            0.00 XXX   0 X    0.00 XXX   0 X   -1.36 ARG1629 H
ARG1626 H                                            0.00 XXX   0 X    0.00 XXX   0 X    1.11 GLU1548 G

ARG1629 H  12.75    94 %   -2.64  545   0.00    0    1.53 GLU1548 G    0.00 XXX   0 X    0.07 C- 1606 G
ARG1629 H                                            0.00 XXX   0 X    0.00 XXX   0 X    1.29 GLU1548 G

ARG1632 H  10.67    79 %   -2.22  502   0.00    0    0.00 XXX   0 X    0.00 XXX   0 X    0.03 CYS1575 G
ARG1632 H                                            0.00 XXX   0 X    0.00 XXX   0 X    0.36 ASP1595 G

ARG1635 H  13.34    62 %   -1.45  455   0.00    0    1.01 GLU1574 G    0.00 XXX   0 X    0.17 ASP1531 G
ARG1635 H                                            0.00 XXX   0 X    0.00 XXX   0 X    0.10 CYS1575 G
ARG1635 H                                            0.00 XXX   0 X    0.00 XXX   0 X    0.21 ASP1595 G
ARG1635 H                                            0.00 XXX   0 X    0.00 XXX   0 X    0.81 GLU1574 G

ARG1638 H  11.78    21 %   -0.45  341   0.00    0    0.00 XXX   0 X    0.00 XXX   0 X    0.02 GLU1788 H
ARG1638 H                                            0.00 XXX   0 X    0.00 XXX   0 X    0.02 ASP1792 H
ARG1638 H                                            0.00 XXX   0 X    0.00 XXX   0 X   -0.30 ARG1644 H

ARG1644 H  12.27    14 %   -0.39  321   0.00    0    0.00 XXX   0 X    0.00 XXX   0 X    0.14 GLU1788 H
ARG1644 H                                            0.00 XXX   0 X    0.00 XXX   0 X    0.02 ASP1792 H

ARG1739 H  13.35     0 %   -0.38  256   0.00    0    0.75 ASP1729 H    0.00 XXX   0 X    0.05 TYR1394 F
ARG1739 H                                            0.00 XXX   0 X    0.00 XXX   0 X    0.00 TYR1727 H
ARG1739 H                                            0.00 XXX   0 X    0.00 XXX   0 X    0.11 CYS1728 H
ARG1739 H                                            0.00 XXX   0 X    0.00 XXX   0 X    0.32 ASP1729 H

ARG1826 H  12.27     0 %   -0.52  261   0.00    0    0.00 XXX   0 X    0.00 XXX   0 X    0.11 ASP1816 H
ARG1826 H                                            0.00 XXX   0 X    0.00 XXX   0 X    0.01 ASP1819 H
ARG1826 H                                            0.00 XXX   0 X    0.00 XXX   0 X    0.16 GLU1823 H

ARG1847 H  12.35     0 %   -0.26  164   0.00    0    0.00 XXX   0 X    0.00 XXX   0 X    0.10 GLU1810 H
ARG1847 H                                            0.00 XXX   0 X    0.00 XXX   0 X    0.01 ASP1846 H

ARG1860 H  12.28     0 %   -0.28  203   0.00    0    0.00 XXX   0 X    0.00 XXX   0 X    0.06 ASP1839 H

N+ 1607 H   9.55    15 %   -0.92  322   0.00    0    0.85 C- 1606 G    0.00 XXX   0 X   -0.11 LYS1562 G
N+ 1607 H                                            0.85 ASP1610 H    0.00 XXX   0 X    0.47 C- 1606 G
N+ 1607 H                                            0.00 XXX   0 X    0.00 XXX   0 X    0.40 ASP1610 H

Coupled residues (marked *) were detected.Please rerun PropKa with the --display-coupled-residues 
or -d option for detailed information.

2026-06-24 15:26:25,921 INFO:output.py:227:print_pka_section:pKa summary:
--------------------------------------------------------------------------------------------------------
SUMMARY OF THIS PREDICTION
       Group      pKa  model-pKa   ligand atom-type
   ASP  57 C     3.96       3.80                      
   ASP  66 C     3.85       3.80                      
   ASP  82 C     3.22       3.80                      
   ASP  84 C     1.88       3.80                      
   ASP 152 C     4.04       3.80                      
   ASP 191 C     4.32       3.80                      
   ASP 197 C     4.43       3.80                      
   ASP 211 C     3.95       3.80                      
   ASP 252 C     4.29       3.80                      
   ASP 297 C     3.90       3.80                      
   ASP 305 C     2.93       3.80                      
   ASP 310 C     3.77       3.80                      
   ASP 322 C     2.20       3.80                      
   ASP 331 C     3.49       3.80                      
   ASP 349 C     2.55       3.80                      
   ASP 356 C     5.26       3.80                      
   ASP 372 C     5.29       3.80                      
   ASP 716 D     3.94       3.80                      
   ASP 720 D     3.31       3.80                      
   ASP 772 D     3.13       3.80                      
   ASP 785 D     2.25       3.80                      
   ASP 870 D     3.99       3.80                      
   ASP 872 D     3.90       3.80                      
   ASP 883 D     2.04       3.80                      
   ASP 905 D     5.62       3.80                      
   ASP1163 E     3.52       3.80                      
   ASP1166 E     3.91       3.80                      
   ASP1182 E     3.91       3.80                      
   ASP1226 F     3.69       3.80                      
   ASP1243 F     3.70       3.80                      
   ASP1275 F     0.06       3.80                      
   ASP1280 F     3.39       3.80                      
   ASP1370 F     3.99       3.80                      
   ASP1403 F     3.81       3.80                      
   ASP1423 F     5.23       3.80                      
   ASP1430 F     3.15       3.80                      
   ASP1471 F     4.29       3.80                      
   ASP1484 G     4.09       3.80                      
   ASP1523 G     2.55       3.80                      
   ASP1531 G     3.94       3.80                      
   ASP1550 G     3.63       3.80                      
   ASP1551 G     2.88       3.80                      
   ASP1595 G     5.21       3.80                      
   ASP1610 H     2.54       3.80                      
   ASP1689 H     5.21       3.80                      
   ASP1690 H     3.64       3.80                      
   ASP1714 H     4.32       3.80                      
   ASP1729 H     2.97       3.80                      
   ASP1741 H     3.78       3.80                      
   ASP1789 H     4.20       3.80                      
   ASP1790 H     4.05       3.80                      
   ASP1792 H     3.20       3.80                      
   ASP1802 H     4.40       3.80                      
   ASP1816 H     3.72       3.80                      
   ASP1819 H     3.82       3.80                      
   ASP1839 H     3.87       3.80                      
   ASP1846 H     3.92       3.80                      
   ASP1852 H     4.17       3.80                      
   ASP1869 H     2.39       3.80                      
   GLU  19 A     4.60       4.50                      
   GLU  25 A     4.60       4.50                      
   GLU  30 A     4.45       4.50                      
   GLU  49 C     4.52       4.50                      
   GLU  50 C     4.55       4.50                      
   GLU  74 C     4.58       4.50                      
   GLU  78 C     3.59       4.50                      
   GLU  81 C     4.07       4.50                      
   GLU 161 C     2.13       4.50                      
   GLU 171 C     2.86       4.50                      
   GLU 208 C     3.86       4.50                      
   GLU 295 C     4.45       4.50                      
   GLU 302 C     4.59       4.50                      
   GLU 312 C     4.80       4.50                      
   GLU 337 C     4.57       4.50                      
   GLU 346 C     4.22       4.50                      
   GLU 375 C     6.99       4.50                      
   GLU 417 C     4.59       4.50                      
   GLU 418 C     3.80       4.50                      
   GLU 426 C     4.49       4.50                      
   GLU 428 C     3.97       4.50                      
   GLU 429 C     4.36       4.50                      
   GLU 431 C     4.50       4.50                      
   GLU 698 D     4.84       4.50                      
   GLU 737 D     6.06       4.50                      
   GLU 744 D     4.58       4.50                      
   GLU 746 D     4.95       4.50                      
   GLU 747 D     4.64       4.50                      
   GLU 763 D     4.56       4.50                      
   GLU 795 D     4.28       4.50                      
   GLU 867 D     4.66       4.50                      
   GLU 898 D     3.95       4.50                      
   GLU 901 D     4.26       4.50                      
   GLU 908 D     4.81       4.50                      
   GLU1165 E     4.64       4.50                      
   GLU1170 E     4.52       4.50                      
   GLU1203 F     4.09       4.50                      
   GLU1208 F     4.31       4.50                      
   GLU1225 F     2.29       4.50                      
   GLU1230 F     4.02       4.50                      
   GLU1231 F     4.59       4.50                      
   GLU1240 F     4.17       4.50                      
   GLU1253 F     3.71       4.50                      
   GLU1295 F     4.46       4.50                      
   GLU1318 F     4.77       4.50                      
   GLU1368 F     3.29       4.50                      
   GLU1385 F     3.83       4.50                      
   GLU1392 F     4.64       4.50                      
   GLU1435 F     4.42       4.50                      
   GLU1436 F     4.06       4.50                      
   GLU1441 F     5.11       4.50                      
   GLU1489 G     4.54       4.50                      
   GLU1490 G     3.47       4.50                      
   GLU1548 G     2.96       4.50                      
   GLU1555 G     4.10       4.50                      
   GLU1574 G     3.16       4.50                      
   GLU1685 H     5.12       4.50                      
   GLU1773 H     4.46       4.50                      
   GLU1780 H     4.75       4.50                      
   GLU1781 H     4.67       4.50                      
   GLU1784 H     4.68       4.50                      
   GLU1788 H     4.54       4.50                      
   GLU1796 H     4.18       4.50                      
   GLU1799 H     2.52       4.50                      
   GLU1804 H     4.59       4.50                      
   GLU1810 H     4.64       4.50                      
   GLU1823 H     3.54       4.50                      
   GLU1864 H     3.65       4.50                      
   GLU1867 H     4.58       4.50                      
   GLU1876 H     4.72       4.50                      
   GLU1877 H     4.41       4.50                      
   C-   35 A     3.28       3.20                      
   C-   37 B     2.74       3.20                      
   C-  433 C     2.25       3.20                      
   C-  943 D     3.32       3.20                      
   C- 1195 E     1.01       3.20                      
   C- 1472 F     2.02       3.20                      
   C- 1606 G     1.60       3.20                      
   C- 1882 H     3.33       3.20                      
   HIS 118 C     7.01       6.50                      
   HIS 130 C     6.18       6.50                      
   HIS 151 C     5.66       6.50                      
   HIS 184 C     6.24       6.50                      
   HIS 278 C     5.41       6.50                      
   HIS 350 C     6.31       6.50                      
   HIS 738 D     6.83       6.50                      
   HIS 880 D     4.59       6.50                      
   HIS 886 D     5.55       6.50                      
   HIS1200 F     6.17       6.50                      
   HIS1204 F     6.22       6.50                      
   HIS1584 G     6.11       6.50                      
   HIS1849 H     5.99       6.50                      
   CYS 139 C     9.34       9.00                      
   CYS 145 C    10.68       9.00                      
   CYS 182 C     9.42       9.00                      
   CYS 260 C    11.05       9.00                      
   CYS 280 C    10.34       9.00                      
   CYS 326 C    10.93       9.00                      
   CYS 335 C    11.83       9.00                      
   CYS 341 C     8.70       9.00                      
   CYS 373 C    13.44       9.00                      
   CYS 683 D     9.41       9.00                      
   CYS 686 D     9.80       9.00                      
   CYS 699 D     9.49       9.00                      
   CYS 700 D     8.56       9.00                      
   CYS 726 D    10.09       9.00                      
   CYS 896 D    12.15       9.00                      
   CYS 906 D    16.20       9.00                      
   CYS 915 D     6.99       9.00                      
   CYS1167 E     9.38       9.00                      
   CYS1172 E     8.95       9.00                      
   CYS1176 E     9.00       9.00                      
   CYS1178 E    10.14       9.00                      
   CYS1179 E     9.60       9.00                      
   CYS1198 F     9.92       9.00                      
   CYS1272 F    10.59       9.00                      
   CYS1341 F    12.02       9.00                      
   CYS1363 F    11.87       9.00                      
   CYS1384 F     9.87       9.00                      
   CYS1539 G     9.28       9.00                      
   CYS1575 G    11.20       9.00                      
   CYS1703 H    12.40       9.00                      
   CYS1728 H     8.52       9.00                      
   CYS1742 H    10.25       9.00                      
   CYS1850 H    10.57       9.00                      
   TYR  68 C    11.77      10.00                      
   TYR  87 C     9.80      10.00                      
   TYR 112 C    10.11      10.00                      
   TYR 159 C    10.09      10.00                      
   TYR 162 C    10.37      10.00                      
   TYR 168 C    12.76      10.00                      
   TYR 205 C     9.82      10.00                      
   TYR 307 C    11.30      10.00                      
   TYR 314 C    11.69      10.00                      
   TYR 339 C    10.01      10.00                      
   TYR 352 C    11.39      10.00                      
   TYR 378 C    13.71      10.00                      
   TYR 389 C    10.37      10.00                      
   TYR 403 C    12.67      10.00                      
   TYR 416 C    11.21      10.00                      
   TYR 694 D    10.13      10.00                      
   TYR 739 D    13.25      10.00                      
   TYR 774 D    10.16      10.00                      
   TYR 775 D    10.53      10.00                      
   TYR 776 D    10.45      10.00                      
   TYR 865 D    13.88      10.00                      
   TYR1199 F    10.30      10.00                      
   TYR1228 F    10.19      10.00                      
   TYR1241 F    10.06      10.00                      
   TYR1248 F    10.29      10.00                      
   TYR1261 F    13.30      10.00                      
   TYR1266 F    12.34      10.00                      
   TYR1375 F    11.16      10.00                      
   TYR1394 F    10.69      10.00                      
   TYR1409 F    12.16      10.00                      
   TYR1426 F    12.17      10.00                      
   TYR1434 F    11.16      10.00                      
   TYR1442 F    10.03      10.00                      
   TYR1445 F    10.08      10.00                      
   TYR1447 F    11.84      10.00                      
   TYR1449 F    13.55      10.00                      
   TYR1494 G    11.00      10.00                      
   TYR1495 G    13.58      10.00                      
   TYR1517 G    10.10      10.00                      
   TYR1585 G    10.34      10.00                      
   TYR1586 G    10.14      10.00                      
   TYR1615 H    10.04      10.00                      
   TYR1671 H    10.49      10.00                      
   TYR1681 H    10.11      10.00                      
   TYR1727 H    12.82      10.00                      
   TYR1755 H    11.88      10.00                      
   TYR1767 H    12.32      10.00                      
   TYR1795 H    11.27      10.00                      
   TYR1811 H    10.47      10.00                      
   LYS  26 A    10.45      10.50                      
   LYS  31 A    10.30      10.50                      
   LYS  62 C    10.35      10.50                      
   LYS  63 C    11.31      10.50                      
   LYS  91 C    10.23      10.50                      
   LYS  98 C    10.30      10.50                      
   LYS 100 C    10.25      10.50                      
   LYS 126 C    11.26      10.50                      
   LYS 158 C    11.43      10.50                      
   LYS 175 C     9.94      10.50                      
   LYS 228 C    11.39      10.50                      
   LYS 237 C    10.05      10.50                      
   LYS 248 C    10.35      10.50                      
   LYS 249 C    11.30      10.50                      
   LYS 279 C     9.21      10.50                      
   LYS 317 C    10.94      10.50                      
   LYS 343 C    11.96      10.50                      
   LYS 347 C    10.52      10.50                      
   LYS 387 C     9.63      10.50                      
   LYS 430 C    10.66      10.50                      
   LYS 432 C    11.03      10.50                      
   LYS 682 D    10.46      10.50                      
   LYS 707 D    10.76      10.50                      
   LYS 711 D    10.25      10.50                      
   LYS 767 D    11.52      10.50                      
   LYS 817 D     9.85      10.50                      
   LYS 820 D    11.05      10.50                      
   LYS 830 D    10.30      10.50                      
   LYS 863 D    10.13      10.50                      
   LYS1162 E    10.47      10.50                      
   LYS1189 E    10.13      10.50                      
   LYS1196 F    10.51      10.50                      
   LYS1233 F    11.03      10.50                      
   LYS1236 F    11.98      10.50                      
   LYS1244 F    10.51      10.50                      
   LYS1257 F    10.87      10.50                      
   LYS1264 F    10.37      10.50                      
   LYS1265 F    10.38      10.50                      
   LYS1300 F    10.67      10.50                      
   LYS1359 F     9.33      10.50                      
   LYS1381 F    11.51      10.50                      
   LYS1397 F    10.64      10.50                      
   LYS1399 F     9.79      10.50                      
   LYS1419 F     8.43      10.50                      
   LYS1477 G    10.18      10.50                      
   LYS1478 G    10.39      10.50                      
   LYS1479 G    10.37      10.50                      
   LYS1492 G     9.84      10.50                      
   LYS1493 G    11.51      10.50                      
   LYS1499 G    10.96      10.50                      
   LYS1500 G    10.32      10.50                      
   LYS1504 G    11.30      10.50                      
   LYS1505 G    10.99      10.50                      
   LYS1508 G    12.37      10.50                      
   LYS1516 G    10.40      10.50                      
   LYS1527 G    10.49      10.50                      
   LYS1556 G    10.39      10.50                      
   LYS1562 G    10.44      10.50                      
   LYS1578 G    10.55      10.50                      
   LYS1614 H    10.45      10.50                      
   LYS1641 H    10.35      10.50                      
   LYS1683 H    10.51      10.50                      
   LYS1800 H    11.32      10.50                      
   LYS1829 H    10.41      10.50                      
   LYS1859 H    11.48      10.50                      
   LYS1872 H    10.47      10.50                      
   LYS1878 H    10.52      10.50                      
   ARG  14 A    12.18      12.50                      
   ARG  15 A    12.44      12.50                      
   ARG  18 A    12.34      12.50                      
   ARG  27 A    12.51      12.50                      
   ARG  34 A    12.43      12.50                      
   ARG  53 C    12.41      12.50                      
   ARG 104 C    13.64      12.50                      
   ARG 121 C    11.34      12.50                      
   ARG 122 C    12.79      12.50                      
   ARG 179 C    11.82      12.50                      
   ARG 190 C    12.31      12.50                      
   ARG 219 C    13.33      12.50                      
   ARG 222 C    10.83      12.50                      
   ARG 225 C    11.40      12.50                      
   ARG 277 C    12.11      12.50                      
   ARG 282 C    12.70      12.50                      
   ARG 340 C    12.00      12.50                      
   ARG 367 C    11.05      12.50                      
   ARG 376 C    15.14      12.50                      
   ARG 383 C    12.29      12.50                      
   ARG 433 C    12.74      12.50                      
   ARG 689 D    12.46      12.50                      
   ARG 693 D    12.44      12.50                      
   ARG 800 D    12.46      12.50                      
   ARG 808 D    12.83      12.50                      
   ARG 811 D    11.04      12.50                      
   ARG 814 D    10.34      12.50                      
   ARG 869 D    13.34      12.50                      
   ARG 878 D    13.62      12.50                      
   ARG 893 D    14.44      12.50                      
   ARG1174 E    12.57      12.50                      
   ARG1175 E    12.47      12.50                      
   ARG1193 E    12.42      12.50                      
   ARG1195 E    12.31      12.50                      
   ARG1232 F    12.31      12.50                      
   ARG1303 F    12.37      12.50                      
   ARG1306 F    13.85      12.50                      
   ARG1309 F    11.98      12.50                      
   ARG1312 F    15.15      12.50                      
   ARG1316 F    14.30      12.50                      
   ARG1321 F    12.00      12.50                      
   ARG1362 F    11.29      12.50                      
   ARG1432 F    13.28      12.50                      
   ARG1512 G    13.77      12.50                      
   ARG1583 G    12.44      12.50                      
   ARG1623 H    11.90      12.50                      
   ARG1626 H    11.13      12.50                      
   ARG1629 H    12.75      12.50                      
   ARG1632 H    10.67      12.50                      
   ARG1635 H    13.34      12.50                      
   ARG1638 H    11.78      12.50                      
   ARG1644 H    12.27      12.50                      
   ARG1739 H    13.35      12.50                      
   ARG1826 H    12.27      12.50                      
   ARG1847 H    12.35      12.50                      
   ARG1860 H    12.28      12.50                      
   N+   12 A     7.92       8.00                      
   N+   36 B     7.39       8.00                      
   N+   49 C     7.91       8.00                      
   N+  681 D     8.06       8.00                      
   N+ 1162 E     7.89       8.00                      
   N+ 1196 F     8.72       8.00                      
   N+ 1473 G     6.91       8.00                      
   N+ 1607 H     9.55       8.00                      

2026-06-24 15:26:25,949 INFO:main.py:648:non_trivial:PROPKA information:
--------------------------------------------------------------------------------------------------------
Free energy of   folding (kcal/mol) as a function of pH (using neutral reference)
  0.00     96.18
  1.00     94.31
  2.00     88.10
  3.00     72.07
  4.00     53.94
  5.00     50.38
  6.00     51.22
  7.00     49.18
  8.00     48.25
  9.00     55.24
 10.00     81.05
 11.00    123.00
 12.00    155.28
 13.00    174.30
 14.00    189.60

The pH of optimum stability is  7.8 for which the free energy is   48.2 kcal/mol at 298K
Could not determine pH values where the free energy is within 80 % of minimum
Could not determine the pH-range where the free energy is negative


Protein charge of folded and unfolded state as a function of pH
    pH  unfolded  folded
  0.00    144.98  144.32
  0.10    144.98  144.21
  0.20    144.97  144.09
  0.30    144.97  143.96
  0.40    144.96  143.81
  0.50    144.95  143.65
  0.60    144.93  143.46
  0.70    144.92  143.26
  0.80    144.90  143.03
  0.90    144.87  142.76
  1.00    144.83  142.46
  1.10    144.79  142.12
  1.20    144.74  141.72
  1.30    144.67  141.27
  1.40    144.58  140.75
  1.50    144.48  140.15
  1.60    144.34  139.46
  1.70    144.18  138.68
  1.80    143.97  137.80
  1.90    143.71  136.81
  2.00    143.38  135.70
  2.10    142.98  134.46
  2.20    142.47  133.10
  2.30    141.85  131.60
  2.40    141.09  129.96
  2.50    140.15  128.17
  2.60    139.01  126.22
  2.70    137.63  124.10
  2.80    135.97  121.80
  2.90    133.99  119.31
  3.00    131.65  116.60
  3.10    128.92  113.66
  3.20    125.76  110.48
  3.30    122.14  107.04
  3.40    118.06  103.35
  3.50    113.50   99.39
  3.60    108.50   95.18
  3.70    103.07   90.72
  3.80     97.27   86.04
  3.90     91.16   81.17
  4.00     84.82   76.14
  4.10     78.32   71.01
  4.20     71.75   65.81
  4.30     65.21   60.62
  4.40     58.78   55.48
  4.50     52.55   50.45
  4.60     46.63   45.60
  4.70     41.09   40.96
  4.80     35.98   36.57
  4.90     31.36   32.48
  5.00     27.24   28.69
  5.10     23.62   25.21
  5.20     20.46   22.03
  5.30     17.73   19.14
  5.40     15.37   16.52
  5.50     13.34   14.15
  5.60     11.56   12.00
  5.70     10.00   10.03
  5.80      8.59    8.24
  5.90      7.29    6.58
  6.00      6.08    5.06
  6.10      4.91    3.64
  6.20      3.77    2.31
  6.30      2.65    1.07
  6.40      1.54   -0.10
  6.50      0.45   -1.20
  6.60     -0.61   -2.23
  6.70     -1.64   -3.21
  6.80     -2.64   -4.14
  6.90     -3.59   -5.03
  7.00     -4.50   -5.87
  7.10     -5.37   -6.68
  7.20     -6.23   -7.46
  7.30     -7.07   -8.21
  7.40     -7.92   -8.95
  7.50     -8.80   -9.68
  7.60     -9.72  -10.41
  7.70    -10.71  -11.14
  7.80    -11.79  -11.89
  7.90    -12.96  -12.67
  8.00    -14.24  -13.47
  8.10    -15.66  -14.33
  8.20    -17.23  -15.23
  8.30    -18.97  -16.20
  8.40    -20.90  -17.24
  8.50    -23.03  -18.37
  8.60    -25.39  -19.60
  8.70    -27.99  -20.96
  8.80    -30.83  -22.45
  8.90    -33.92  -24.10
  9.00    -37.25  -25.93
  9.10    -40.83  -27.97
  9.20    -44.66  -30.24
  9.30    -48.74  -32.77
  9.40    -53.09  -35.58
  9.50    -57.73  -38.70
  9.60    -62.68  -42.14
  9.70    -67.96  -45.92
  9.80    -73.57  -50.05
  9.90    -79.49  -54.50
 10.00    -85.69  -59.27
 10.10    -92.11  -64.33
 10.20    -98.68  -69.62
 10.30   -105.29  -75.09
 10.40   -111.85  -80.68
 10.50   -118.24  -86.33
 10.60   -124.37  -91.98
 10.70   -130.14  -97.57
 10.80   -135.50 -103.07
 10.90   -140.39 -108.44
 11.00   -144.83 -113.68
 11.10   -148.82 -118.76
 11.20   -152.41 -123.68
 11.30   -155.65 -128.46
 11.40   -158.62 -133.10
 11.50   -161.39 -137.62
 11.60   -164.05 -142.02
 11.70   -166.66 -146.33
 11.80   -169.30 -150.54
 11.90   -172.03 -154.68
 12.00   -174.88 -158.75
 12.10   -177.89 -162.74
 12.20   -181.06 -166.64
 12.30   -184.36 -170.44
 12.40   -187.75 -174.11
 12.50   -191.17 -177.65
 12.60   -194.55 -181.02
 12.70   -197.81 -184.22
 12.80   -200.89 -187.24
 12.90   -203.72 -190.06
 13.00   -206.28 -192.70
 13.10   -208.55 -195.15
 13.20   -210.52 -197.43
 13.30   -212.21 -199.55
 13.40   -213.63 -201.51
 13.50   -214.83 -203.32
 13.60   -215.81 -204.99
 13.70   -216.62 -206.53
 13.80   -217.29 -207.93
 13.90   -217.82 -209.20
 14.00   -218.26 -210.34
The pI is  6.39 (folded) and  6.54 (unfolded)

--------------------------------------------------------------------------------------------------------
2026-06-24 15:26:25,949 INFO:biomolecule.py:797:apply_pka_values:Applying pKa values at a pH of 7.40:
2026-06-24 15:26:25,951 INFO:main.py:661:non_trivial:Adding hydrogens to biomolecule.
2026-06-24 15:26:26,472 INFO:main.py:664:non_trivial:Debumping biomolecule (again).
2026-06-24 15:26:27,045 INFO:main.py:666:non_trivial:Optimizing hydrogen bonds
2026-06-24 15:26:28,083 INFO:main.py:678:non_trivial:Applying force field to biomolecule states.
2026-06-24 15:26:28,090 INFO:main.py:725:non_trivial:Regenerating headers.
2026-06-24 15:26:28,092 INFO:main.py:750:non_trivial:Regenerating PDB lines.
2026-06-24 15:26:28,135 WARNING:main.py:326:print_pqr:Ignoring 466 header lines in output.
