frame,K347_ASP1423,K347_ASP1714,K347_D356
0,30.109,28.946,4.480
1,30.104,29.495,5.875
2,30.677,30.176,4.114
3,30.402,29.190,5.118
4,29.991,31.009,5.024
5,29.794,28.503,3.937
6,29.483,28.288,4.557
7,30.544,29.481,4.344
8,29.142,29.877,4.582
9,28.803,28.774,4.637
10,28.836,28.490,5.147
11,29.297,30.301,5.355
12,28.991,28.340,5.403
13,26.864,27.622,3.821
14,27.021,27.560,4.078
15,29.212,29.543,4.583
16,28.888,29.405,4.702
17,27.551,27.238,4.863
18,27.505,28.402,4.238
19,28.187,29.485,4.420
20,27.807,27.461,4.426
21,28.344,27.634,4.606
22,28.272,27.763,4.204
23,27.833,27.722,4.386
24,28.321,28.261,4.905
25,28.041,27.606,4.251
26,29.731,28.900,3.774
27,27.847,27.185,4.621
28,28.948,28.909,4.570
29,28.959,27.647,3.847
30,28.281,28.148,3.885
31,28.299,28.373,4.416
32,27.870,26.868,4.677
33,29.111,29.371,6.553
34,30.232,28.906,4.144
35,28.567,28.789,4.162
36,30.456,29.765,5.043
37,29.519,30.655,4.638
38,30.249,28.577,4.168
39,30.127,29.784,5.607
40,29.957,28.804,4.509
41,29.943,29.948,6.432
42,29.921,29.461,5.885
43,31.170,29.682,5.451
44,30.146,29.742,5.910
45,30.967,29.312,5.152
46,31.139,30.427,6.502
47,31.461,30.475,4.887
48,30.699,29.429,5.720
49,29.821,28.837,5.059
50,29.595,28.693,5.280
51,29.839,28.449,5.625
52,30.100,28.612,6.006
53,30.656,30.201,4.573
54,29.963,29.134,4.582
55,29.362,29.062,5.251
56,31.281,29.847,5.040
57,30.272,29.933,7.309
58,30.641,29.537,7.750
59,30.988,30.854,6.605
60,31.001,29.455,4.494
61,31.002,29.255,5.878
62,29.578,27.670,4.539
63,30.349,29.182,2.601
64,29.992,28.541,2.609
65,29.692,29.087,2.591
66,31.971,29.096,3.019
67,30.855,29.817,2.783
68,30.299,28.475,3.050
69,29.301,28.229,2.696
70,29.307,28.481,3.940
71,29.094,28.717,2.766
72,29.732,28.651,4.404
73,28.805,28.788,8.669
74,27.884,28.535,9.164
75,27.763,28.176,6.265
76,27.299,28.330,7.899
77,28.540,28.212,6.422
78,26.985,27.095,6.961
79,28.772,28.599,7.476
80,28.935,28.271,7.469
81,28.461,28.221,6.844
82,27.383,28.853,7.484
83,26.675,28.294,9.451
84,27.560,28.085,8.283
85,28.289,28.487,7.832
86,27.950,27.850,8.159
87,27.632,27.458,8.690
88,27.255,27.441,8.940
89,28.646,27.630,8.245
90,27.726,27.484,8.804
91,28.162,28.252,7.822
92,27.493,27.935,9.363
93,26.666,27.113,9.856
94,29.187,28.579,8.937
95,28.468,28.510,8.507
96,29.146,28.891,8.460
97,28.457,27.971,9.333
98,27.778,28.517,8.867
99,27.470,28.359,8.126
100,28.340,28.445,6.707
101,28.984,29.387,7.736
102,28.656,29.350,7.561
103,28.882,30.006,4.914
104,28.383,28.152,7.237
105,27.030,27.715,8.175
106,28.681,27.303,4.716
107,27.549,27.654,5.411
108,28.584,27.262,4.207
109,28.864,27.386,6.661
110,28.810,27.680,4.757
111,29.109,28.047,5.837
112,28.820,28.259,7.112
113,27.970,27.576,8.072
114,27.718,28.060,8.250
115,27.679,28.551,8.119
116,27.681,27.584,7.927
117,27.638,26.631,7.170
118,27.886,27.683,7.335
119,28.235,27.414,7.845
120,28.597,28.199,9.742
121,27.802,27.568,8.745
122,28.781,27.681,10.185
123,27.126,27.280,10.167
124,26.510,26.898,9.768
125,26.510,26.596,9.899
126,26.229,26.005,9.008
127,26.334,26.874,7.567
128,26.516,26.798,9.581
129,27.497,26.097,9.145
130,25.814,26.286,9.864
131,24.984,25.752,9.181
132,25.006,25.632,9.211
133,25.918,26.604,8.007
134,25.991,26.099,7.713
135,27.191,27.524,8.179
136,27.456,27.538,6.798
137,25.260,26.154,9.850
138,25.600,26.772,9.115
139,27.083,26.536,7.368
140,28.184,27.349,9.063
141,25.094,26.027,9.260
142,25.150,25.130,8.849
143,27.364,26.895,8.867
144,26.077,25.937,9.366
145,27.847,27.583,7.976
146,27.235,27.663,10.066
147,26.311,26.133,9.612
148,26.269,26.912,9.606
149,24.698,25.458,8.685
150,25.865,26.595,8.515
151,26.533,26.879,9.171
152,26.001,26.609,8.780
153,25.703,25.307,8.976
154,27.158,27.250,8.336
155,26.001,26.299,9.249
156,24.968,25.183,9.273
157,25.395,25.311,9.448
158,27.010,26.184,8.478
159,26.342,26.722,8.130
160,25.999,26.576,8.353
161,26.033,26.521,10.086
162,26.842,27.291,7.887
163,25.044,26.423,8.721
164,26.264,27.148,8.241
165,25.332,25.689,9.594
166,25.321,26.259,8.951
167,25.560,25.311,8.727
168,24.536,25.627,10.256
169,26.582,26.120,9.196
170,26.350,25.923,9.793
171,26.711,26.845,9.730
172,25.981,26.433,10.330
173,25.000,26.239,10.476
174,24.681,25.384,10.732
175,26.815,26.935,9.520
176,25.681,25.491,8.875
177,25.990,27.241,10.590
178,27.517,27.386,8.686
179,27.126,26.923,9.719
180,24.782,25.261,10.060
181,26.069,26.571,8.322
182,25.624,25.719,8.654
183,24.942,25.893,11.135
184,24.874,25.397,9.952
185,23.071,25.204,12.717
186,27.190,26.737,8.007
187,26.308,26.751,10.248
188,26.486,26.973,9.312
189,26.780,27.397,9.002
190,27.109,26.598,9.307
191,26.722,26.596,8.395
192,26.423,26.325,9.706
193,27.612,26.062,8.649
194,26.080,25.621,9.583
195,26.606,27.048,9.370
196,26.533,26.722,9.257
197,26.247,27.164,9.783
198,26.828,25.901,8.874
199,27.004,26.304,8.230
200,26.630,25.956,8.626
201,27.119,27.852,8.038
202,26.365,25.862,7.608
203,26.419,26.788,7.765
204,27.035,27.329,8.189
205,27.750,27.740,8.562
206,26.190,26.790,8.432
207,27.344,26.691,8.249
208,25.711,26.230,8.626
209,27.241,26.420,8.654
210,26.421,26.915,8.688
211,25.516,25.643,9.090
212,26.365,25.733,9.432
213,29.459,25.574,9.009
214,29.054,25.303,8.424
215,26.875,25.773,8.277
216,29.140,26.095,7.783
217,29.245,26.694,8.264
218,27.608,25.412,9.691
219,28.155,25.190,8.416
220,27.901,25.419,9.015
221,29.031,26.197,8.188
222,28.142,26.559,8.793
223,28.040,25.701,8.790
224,29.734,27.498,8.807
225,28.099,25.708,8.665
226,28.143,24.971,9.064
227,28.429,25.906,8.242
228,28.866,25.440,8.896
229,27.447,25.283,8.474
230,27.996,25.166,9.409
231,26.532,25.777,9.544
232,25.624,26.209,8.761
233,25.169,25.086,10.790
234,23.712,25.008,9.463
235,24.450,25.783,9.372
236,25.404,26.688,9.017
237,26.850,27.332,8.999
238,27.765,26.082,9.593
239,27.380,27.098,8.916
240,26.271,25.818,9.738
241,27.526,25.948,9.104
242,27.087,27.207,9.718
243,26.784,26.703,9.627
244,26.877,25.967,8.008
245,24.625,24.804,10.517
246,26.336,26.850,9.209
247,26.958,27.170,9.502
248,25.960,26.567,10.229
249,27.704,26.809,10.084
250,27.670,27.239,10.161
251,26.897,26.981,10.017
252,25.759,25.716,9.856
253,25.745,25.946,9.788
254,25.748,26.225,9.360
255,24.413,25.964,9.952
256,24.247,24.828,10.036
257,26.050,26.831,9.527
258,25.669,26.240,9.683
259,24.642,24.908,10.022
260,25.330,25.789,10.152
261,25.040,26.114,10.352
262,25.032,25.455,10.657
263,24.238,25.796,11.546
264,25.843,25.779,10.476
265,25.060,26.493,10.086
266,25.877,27.019,9.721
267,26.851,27.389,9.424
268,24.871,25.894,9.765
269,25.615,25.960,9.743
270,24.694,25.161,10.220
271,24.234,25.237,10.101
272,26.254,26.461,9.685
273,26.365,26.189,9.883
274,25.774,26.929,10.055
275,25.187,26.897,9.546
276,24.222,25.143,10.801
277,25.749,25.404,9.716
278,26.360,25.872,9.557
279,26.103,25.400,9.687
280,25.680,25.509,10.853
281,27.017,26.420,8.455
282,25.962,25.191,10.522
283,25.728,25.174,10.291
284,24.867,25.267,9.699
285,25.563,25.212,10.479
286,24.872,24.014,10.320
287,24.326,24.502,10.597
288,26.032,25.216,10.066
289,25.501,26.331,9.963
290,24.664,24.942,9.933
291,24.996,25.406,10.010
292,25.816,25.366,10.250
293,26.550,24.246,10.152
294,24.182,24.070,10.671
295,25.864,25.208,9.611
296,26.336,25.055,9.600
297,25.384,25.189,10.251
298,24.700,24.231,10.228
299,26.065,26.278,9.991
300,25.109,24.475,9.933
301,26.029,25.021,10.281
302,24.668,24.009,10.041
303,24.368,24.614,10.397
304,25.664,24.939,10.169
305,24.991,25.530,10.972
306,25.326,25.533,9.874
307,24.940,25.025,9.562
308,25.873,24.773,9.747
309,24.697,24.203,10.043
310,24.324,23.766,9.965
311,24.697,24.380,10.053
312,24.921,25.100,10.663
313,25.125,25.369,9.686
314,25.015,24.811,10.382
315,25.143,25.381,11.026
316,25.421,25.261,9.471
317,26.058,27.102,10.174
318,25.052,25.309,10.628
319,26.037,25.417,9.395
320,25.655,25.937,9.889
321,26.062,25.870,9.769
322,25.136,25.768,9.508
323,26.375,25.852,9.672
324,25.543,25.633,9.672
325,24.936,25.487,10.019
326,24.401,25.553,10.560
327,25.823,26.512,10.030
328,26.109,26.558,9.844
329,25.346,25.842,10.179
330,26.024,26.429,10.139
331,25.545,25.278,10.363
332,24.800,25.868,10.594
333,26.558,26.220,9.699
334,26.340,26.670,9.723
335,26.402,24.881,9.843
336,25.556,25.486,10.292
337,26.578,25.988,10.087
338,26.232,25.561,10.132
339,27.693,24.226,9.840
340,27.674,25.330,9.465
341,28.302,24.582,9.652
342,27.853,25.031,10.058
343,26.483,26.204,9.406
344,26.045,25.961,10.094
345,26.305,25.717,10.080
346,25.667,25.634,9.575
347,25.098,25.135,10.152
348,25.357,25.909,9.859
349,26.964,26.542,8.799
350,25.593,25.502,10.104
351,25.039,25.612,10.212
352,25.965,25.794,9.967
353,26.378,26.192,10.017
354,25.135,24.710,10.342
355,24.361,25.207,10.179
356,26.250,25.303,9.735
357,25.924,25.680,10.020
358,26.089,26.269,10.116
359,26.174,26.347,9.852
360,24.880,26.034,10.485
361,24.024,25.142,10.309
362,26.327,25.098,9.853
363,25.307,24.890,9.909
364,25.270,25.290,9.955
365,25.775,27.174,10.366
366,25.695,25.871,10.300
367,24.622,24.838,9.777
368,25.214,24.234,10.216
369,24.394,24.706,10.562
370,24.154,23.996,10.022
371,25.626,25.817,9.192
372,24.237,24.777,10.447
373,24.154,24.213,10.722
374,24.135,24.268,10.692
375,24.686,25.012,10.354
376,25.557,26.066,10.429
377,25.075,24.940,8.123
378,26.166,26.129,8.934
379,27.152,26.938,8.641
380,28.001,26.663,7.729
381,26.778,26.220,8.534
382,27.243,26.931,8.400
383,26.940,26.088,8.191
384,28.263,26.422,6.835
385,27.616,25.987,6.932
386,27.235,26.927,7.216
387,27.505,25.736,7.488
388,26.938,26.040,8.616
389,26.986,25.454,8.408
390,26.402,27.191,8.057
391,25.908,26.182,8.972
392,27.250,27.036,8.754
393,25.727,24.981,9.560
394,26.567,26.068,9.023
395,26.211,26.220,8.633
396,27.965,26.219,8.688
397,29.266,25.855,8.674
398,29.301,26.046,8.081
399,25.878,24.830,9.402
400,26.158,26.114,9.407
401,26.632,26.524,8.327
402,26.209,26.428,6.706
403,26.976,26.690,8.287
404,27.444,26.798,8.033
405,27.903,27.157,8.122
406,28.528,27.028,7.556
407,27.112,25.649,7.660
408,26.879,26.353,8.655
409,27.231,26.724,7.485
410,28.132,27.346,8.479
411,27.881,27.305,7.678
412,27.182,27.274,7.879
413,27.794,27.376,8.023
414,27.080,25.926,7.887
415,28.243,26.433,8.520
416,28.129,26.973,7.880
417,27.177,26.386,6.669
418,27.542,27.281,7.729
419,26.855,25.532,9.006
420,27.324,27.073,7.784
421,26.146,25.201,9.186
422,25.537,24.843,10.527
423,27.764,26.981,8.453
424,27.919,26.093,9.362
425,24.480,24.795,9.927
426,24.767,23.678,10.569
427,27.909,27.204,6.483
428,27.422,26.449,7.141
429,25.982,26.578,9.347
430,27.649,26.534,8.722
431,27.473,27.509,8.121
432,27.093,26.546,8.190
433,29.744,27.279,8.996
434,30.216,26.836,8.289
435,30.613,27.340,9.214
436,29.965,27.122,9.072
437,29.276,26.333,8.839
438,30.037,26.846,9.014
439,30.253,26.567,8.777
440,28.705,26.827,8.508
441,29.829,27.026,7.952
442,30.008,27.043,8.838
443,29.199,26.810,8.986
444,28.934,26.275,9.002
445,29.471,26.272,8.685
446,28.134,26.187,8.304
447,30.434,27.083,8.948
448,30.420,26.805,8.440
449,29.598,26.481,9.349
450,28.981,27.144,9.862
451,29.962,27.887,8.453
452,28.203,26.629,9.125
453,29.406,26.235,7.996
454,26.758,26.308,8.510
455,27.130,27.240,8.947
456,27.371,26.911,9.513
457,27.057,26.962,8.545
458,26.309,27.208,8.710
459,29.089,26.649,8.471
460,31.237,27.126,8.700
461,29.929,27.242,9.228
462,28.270,26.537,9.260
463,28.338,26.261,9.479
464,30.845,26.340,9.105
465,30.908,27.126,8.615
466,28.997,26.407,8.073
467,29.259,26.928,7.989
468,28.872,26.869,8.007
469,27.803,26.805,5.283
470,27.722,27.126,7.951
471,28.056,28.197,8.759
472,27.111,26.928,8.930
473,26.334,26.984,8.543
474,26.711,27.511,8.014
475,25.949,26.695,8.542
476,27.070,26.912,8.443
477,26.068,26.370,8.467
478,26.055,26.397,8.973
479,26.954,27.531,7.545
480,27.597,27.011,7.795
481,27.048,27.026,8.073
482,27.267,27.101,9.100
483,27.112,27.309,8.999
484,26.726,26.540,8.439
485,27.239,26.293,8.565
486,25.554,25.689,9.867
487,26.659,26.791,8.364
488,26.461,26.774,9.115
489,27.586,27.427,8.639
490,26.760,26.295,8.809
491,27.553,26.880,9.141
492,26.690,26.905,8.422
493,28.195,27.732,7.789
494,24.812,24.700,10.321
495,24.990,25.203,10.395
496,23.884,24.755,10.871
497,24.833,25.044,10.704
498,24.240,25.447,10.434
499,23.822,24.791,10.248
500,23.793,24.644,10.110
501,23.905,24.613,9.980
502,24.053,24.636,9.684
503,25.117,24.517,10.096
504,24.909,24.272,10.364
505,24.673,24.635,11.381
506,25.542,24.963,10.522
507,25.510,24.572,10.453
508,23.492,23.795,11.021
509,24.492,24.201,10.361
510,24.974,25.277,10.554
511,23.823,24.119,10.499
512,24.695,25.289,10.130
513,24.400,25.030,10.117
514,23.887,24.555,11.133
515,24.466,24.709,10.974
516,24.040,25.600,10.378
517,25.191,24.789,11.048
518,25.454,25.129,10.283
519,24.538,24.586,10.317
520,24.957,25.047,10.217
521,25.264,25.319,10.162
522,26.242,24.878,10.460
523,24.377,23.929,11.117
524,26.884,26.819,9.671
525,28.066,27.020,10.258
526,27.052,26.640,10.722
527,24.634,24.692,10.155
528,25.515,26.302,9.956
529,25.028,26.029,10.681
530,25.885,26.935,10.599
531,25.588,26.388,11.222
532,25.511,26.091,10.000
533,25.231,27.275,9.905
534,25.042,26.690,9.878
535,25.072,26.511,9.766
536,25.945,26.782,9.917
537,26.169,26.838,9.765
538,25.358,26.939,10.038
539,24.959,26.078,10.473
540,25.619,27.171,9.819
541,25.764,26.340,10.852
542,24.290,26.545,10.494
543,26.221,26.555,10.172
544,25.934,26.731,10.476
545,25.187,26.471,10.318
546,25.749,26.969,10.340
547,25.424,26.343,10.775
548,25.995,27.239,10.411
549,25.463,27.460,10.128
550,25.659,27.428,9.622
551,24.906,26.509,10.691
552,24.988,27.477,10.104
553,25.274,26.103,10.206
554,25.605,25.989,11.381
555,25.899,27.558,10.114
556,26.531,26.571,10.194
557,25.626,26.021,10.290
558,25.306,25.626,10.198
559,25.560,26.045,9.803
560,26.038,25.038,10.351
561,26.183,25.963,9.685
562,23.956,24.860,10.920
563,25.630,26.153,10.233
564,26.423,26.849,9.906
565,24.754,25.356,10.454
566,24.321,25.723,10.675
567,25.356,26.061,9.218
568,25.704,26.592,10.343
569,25.602,26.185,9.332
570,25.572,26.476,9.780
571,28.137,27.270,8.165
572,26.076,26.204,10.988
573,25.707,25.217,10.292
574,26.271,26.522,10.193
575,26.024,26.107,9.787
576,25.871,26.268,10.519
577,25.933,24.977,9.637
578,24.998,25.506,10.315
579,25.417,25.533,10.094
580,25.691,25.894,9.415
581,26.735,26.591,9.511
582,26.031,27.077,9.818
583,25.708,26.052,9.822
584,26.785,26.774,9.356
585,26.281,26.360,9.434
586,26.007,26.123,9.612
587,26.068,26.346,10.064
588,27.731,26.969,9.884
589,26.826,25.813,9.628
590,26.616,26.630,9.820
591,25.459,25.571,10.011
592,25.856,25.760,9.504
593,26.212,26.168,9.948
594,25.978,25.771,9.809
595,25.364,25.090,10.039
596,25.999,26.151,9.273
597,26.079,26.482,9.960
598,26.633,26.391,9.692
599,26.529,26.018,9.741
600,25.012,25.115,9.616
601,26.504,26.034,9.636
602,25.667,25.375,9.999
603,26.094,26.434,9.022
604,25.994,26.601,9.741
605,26.773,26.097,9.206
606,23.982,24.133,10.586
607,25.635,25.240,10.842
608,24.161,24.534,10.026
609,25.083,24.368,9.923
610,25.652,25.332,9.904
611,27.332,24.945,9.432
612,24.833,24.820,10.417
613,25.635,24.760,9.739
614,26.251,25.718,10.038
615,25.589,24.275,10.075
616,24.884,24.030,10.186
617,25.968,25.961,9.817
618,25.627,25.111,10.041
619,25.166,25.121,9.652
620,25.430,25.019,10.660
621,26.628,25.498,9.495
622,25.259,24.699,9.977
623,25.569,24.724,9.639
624,26.527,25.522,8.923
625,24.647,23.733,10.188
626,25.996,25.682,10.081
627,25.147,24.990,10.562
628,25.203,24.818,10.485
629,25.381,25.554,10.043
630,26.000,25.295,10.231
631,24.943,24.106,10.048
632,25.583,25.352,9.689
633,25.005,24.419,9.893
634,26.276,25.625,9.929
635,27.733,26.364,9.952
636,25.322,24.887,10.506
637,25.280,25.062,10.017
638,26.198,24.388,9.891
639,25.396,23.833,10.170
640,24.845,24.099,10.723
641,25.229,24.504,10.068
642,25.585,24.890,10.341
643,25.623,25.148,10.110
644,26.500,24.217,10.330
645,26.853,25.223,9.668
646,25.756,25.147,9.759
647,26.519,25.097,10.199
648,25.227,24.310,9.681
649,24.786,23.514,10.490
650,26.922,24.836,9.993
651,25.542,25.226,10.460
652,27.320,24.857,9.047
653,27.484,25.982,10.166
654,27.282,25.998,9.892
655,26.408,24.496,9.640
656,28.574,25.693,9.725
657,29.789,26.960,9.664
658,29.450,26.503,10.073
659,27.591,26.082,10.067
660,29.760,26.652,9.855
661,28.858,26.373,10.368
662,27.764,24.498,10.300
663,28.787,26.290,9.710
664,27.115,25.275,10.165
665,27.280,24.502,10.137
666,26.678,25.378,9.839
667,27.410,24.944,10.109
668,26.370,25.158,9.984
669,27.397,26.239,10.156
670,27.156,25.406,9.386
671,26.419,25.707,10.142
672,26.187,25.047,9.831
673,25.446,24.358,10.328
674,26.882,25.392,9.316
675,27.734,26.405,9.544
676,26.278,24.342,10.118
677,26.041,24.830,10.098
678,24.906,24.614,10.359
679,26.336,25.336,10.906
680,26.609,25.509,10.607
681,24.762,23.999,11.124
682,25.447,25.501,10.605
683,24.717,22.769,10.810
684,26.181,25.637,9.427
685,25.912,25.122,10.171
686,25.627,24.485,9.813
687,25.653,24.347,10.298
688,25.762,24.348,9.677
689,25.309,24.843,10.226
690,25.855,24.840,9.900
691,25.456,24.794,9.594
692,25.707,24.767,10.576
693,25.659,24.477,9.881
694,26.789,24.139,9.891
695,25.470,24.208,10.136
696,26.218,25.927,9.756
697,26.867,24.975,10.141
698,25.903,25.757,10.329
699,25.579,24.133,9.949
700,28.812,25.894,9.042
701,28.927,24.372,9.748
702,27.713,25.535,10.090
703,28.604,25.122,10.053
704,25.286,25.000,9.407
705,26.768,26.638,10.331
706,24.473,24.815,10.305
707,24.759,23.469,9.949
708,26.091,24.607,10.243
709,26.769,26.029,9.383
710,25.235,24.904,9.623
711,25.126,25.635,10.324
712,25.981,24.837,10.235
713,27.065,25.021,9.412
714,26.554,25.260,9.752
715,26.206,24.130,9.571
716,25.737,24.408,9.792
717,26.187,24.419,10.176
718,25.813,24.949,9.921
719,25.521,23.925,10.228
720,25.507,24.755,10.006
721,24.850,24.511,10.144
722,25.341,23.876,9.838
723,25.744,23.539,9.959
724,24.970,23.555,10.435
725,24.394,24.252,10.303
726,24.817,25.575,10.158
727,28.777,25.829,9.308
728,27.854,25.038,10.171
729,24.617,24.548,10.473
730,25.207,25.227,9.411
731,25.882,24.615,10.043
732,25.137,25.032,10.261
733,25.004,24.436,9.982
734,25.889,24.743,9.697
735,26.082,25.523,9.839
736,24.131,24.951,10.403
737,25.904,24.335,10.698
738,24.788,23.155,10.498
739,25.929,24.410,10.227
740,26.034,25.000,9.773
741,26.623,26.587,9.667
742,24.839,25.731,9.950
743,25.944,26.470,10.145
744,25.236,24.705,9.707
745,25.723,24.913,10.452
746,25.373,24.267,10.327
747,24.572,25.316,9.777
748,24.897,25.616,10.094
749,25.129,24.821,9.984
750,25.196,25.868,9.657
751,24.861,24.604,10.446
752,22.994,24.113,10.862
753,23.999,23.642,10.251
754,23.658,24.727,10.275
755,25.116,25.960,9.288
756,25.037,25.617,9.536
757,24.646,25.650,9.817
758,24.085,24.879,10.221
759,25.633,27.714,9.359
760,23.907,26.617,9.395
761,23.818,25.078,9.798
762,26.200,26.729,9.842
763,24.736,25.528,10.067
764,25.077,26.210,9.899
765,25.034,26.150,10.137
766,25.281,27.220,9.808
767,26.959,27.046,8.994
768,25.488,26.026,9.762
769,24.919,25.062,9.348
770,25.410,24.207,9.978
771,23.611,24.176,10.595
772,25.524,25.759,10.573
773,24.638,24.695,9.841
774,28.515,25.471,9.890
775,28.323,25.205,10.140
776,25.269,24.579,10.594
777,25.524,23.924,10.902
778,26.221,26.174,9.265
779,25.404,25.085,9.947
780,25.103,25.131,9.094
781,26.503,25.649,9.810
782,24.778,25.311,10.549
783,25.789,25.149,9.424
784,25.191,23.946,11.232
785,25.122,23.652,10.482
786,24.160,24.241,11.408
787,24.341,24.664,10.497
788,25.382,25.364,9.769
789,26.012,26.168,10.003
790,25.072,24.989,10.140
791,25.822,26.508,9.319
792,25.564,25.536,10.487
793,25.974,25.414,9.550
794,25.716,25.026,10.087
795,25.543,26.072,10.309
796,26.016,25.422,10.357
797,26.631,25.874,10.379
798,26.052,26.194,10.519
799,24.501,25.343,11.104
800,24.491,25.735,10.323
801,25.063,25.628,9.777
802,24.976,24.898,11.153
803,25.422,23.636,9.553
804,26.118,25.299,9.718
805,25.452,25.022,10.003
806,25.398,25.816,10.022
807,25.599,25.256,10.342
808,24.203,24.668,10.649
809,24.809,23.948,10.384
810,25.472,24.886,9.678
811,25.902,25.498,10.083
812,25.442,24.916,10.301
813,24.473,24.902,9.364
814,26.373,25.878,9.334
815,24.707,24.024,11.057
816,25.028,25.338,10.368
817,25.084,24.379,10.771
818,26.305,23.460,10.366
819,26.667,24.389,10.680
820,25.887,25.068,10.952
821,28.605,26.471,10.492
822,25.005,24.666,11.212
823,25.598,24.658,9.303
824,25.157,25.108,11.217
825,26.016,25.331,8.845
826,27.523,25.719,8.890
827,24.370,24.184,10.819
828,26.055,26.397,9.224
829,26.436,27.038,9.446
830,24.894,25.374,10.294
831,26.073,27.034,9.115
832,24.257,24.491,10.596
833,25.974,25.726,10.705
834,25.712,25.790,10.243
835,24.518,24.549,9.315
836,26.906,24.949,10.771
837,27.116,26.026,9.975
838,27.715,24.812,9.216
839,27.570,26.688,10.128
840,27.794,25.546,10.005
841,27.236,26.369,10.473
842,27.428,26.229,10.003
843,26.615,26.042,10.603
844,25.839,26.497,10.834
845,26.064,27.520,10.360
846,24.368,24.294,11.077
847,25.684,26.696,9.835
848,26.057,26.239,9.973
849,24.771,25.612,10.395
850,25.880,26.456,10.765
851,24.350,25.080,11.134
852,22.598,24.474,10.305
853,26.121,26.863,10.600
854,24.597,25.353,11.041
855,25.604,26.829,10.390
856,24.477,26.301,10.876
857,24.901,26.146,10.292
858,23.286,24.193,12.294
859,25.826,26.798,11.080
860,24.405,25.780,9.113
861,25.039,27.063,10.539
862,25.237,25.961,10.220
863,24.097,26.488,9.642
864,25.126,26.530,10.477
865,24.494,26.749,9.962
866,25.529,27.447,10.051
867,25.001,27.240,9.878
868,24.330,26.143,10.119
869,25.483,26.388,9.484
870,25.431,26.147,9.050
871,24.245,26.521,10.515
872,26.119,27.857,9.051
873,24.245,26.557,10.994
874,25.749,26.800,10.483
875,25.683,27.061,9.965
876,24.213,26.224,10.872
877,25.602,26.879,9.215
878,25.934,27.512,10.096
879,26.319,27.398,9.795
880,25.128,27.678,10.115
881,26.636,27.219,9.254
882,26.091,27.213,9.188
883,24.019,25.782,10.436
884,25.239,27.231,9.549
885,25.856,26.660,10.054
886,25.521,26.408,9.897
887,25.621,26.790,10.582
888,25.254,26.698,9.561
889,25.001,26.600,10.911
890,24.644,27.344,9.960
891,24.823,26.190,10.529
892,24.832,26.980,11.393
893,24.030,26.311,10.224
894,25.284,26.559,10.526
895,25.224,27.261,10.570
896,25.314,26.822,10.254
897,25.087,25.926,10.057
898,25.211,27.341,10.675
899,26.271,27.235,9.809
900,27.446,28.451,8.415
901,24.391,25.688,10.085
902,25.510,26.841,10.392
903,25.288,26.562,10.424
904,24.211,26.738,10.107
905,24.785,26.374,10.272
906,24.699,26.604,9.794
907,24.486,26.946,9.858
908,24.747,27.043,10.153
909,24.753,27.038,10.323
910,25.096,26.991,9.898
911,23.300,26.277,10.191
912,25.222,27.538,10.383
913,24.102,26.051,10.372
914,25.170,27.147,10.946
915,25.045,27.260,9.843
916,23.714,26.015,10.390
917,25.425,27.426,9.551
918,25.631,27.772,9.292
919,24.761,26.496,10.124
920,23.122,25.519,9.885
921,25.047,27.110,11.459
922,23.566,27.166,11.176
923,24.844,27.339,10.601
924,26.459,28.591,8.246
925,25.222,26.461,9.766
926,27.121,28.431,9.036
927,26.169,27.635,10.012
928,25.679,27.503,9.506
929,26.294,28.198,10.029
930,27.111,27.322,9.938
931,25.819,27.347,9.797
932,25.978,25.891,8.253
933,25.356,26.687,9.414
934,25.212,27.770,10.210
935,26.579,29.045,9.430
936,27.061,28.405,9.881
937,25.778,26.644,9.151
938,25.974,27.815,9.394
939,24.511,26.113,8.763
940,26.086,27.898,9.376
941,25.985,26.428,8.508
942,26.865,28.153,8.943
943,25.881,26.736,9.570
944,27.048,27.838,9.842
945,26.168,25.826,8.629
946,24.423,26.339,9.552
947,25.579,26.112,8.578
948,26.761,27.621,8.357
949,25.697,26.675,9.497
950,25.588,27.836,9.283
951,26.082,27.684,9.623
952,24.804,25.635,10.474
953,25.839,26.839,9.879
954,24.947,25.608,10.142
955,24.983,26.811,10.272
956,25.015,26.375,10.140
957,23.881,25.973,10.668
958,24.650,26.586,10.830
959,24.267,26.843,10.349
960,23.604,26.677,11.636
961,24.547,27.220,9.599
962,23.512,25.946,10.539
963,25.384,26.816,9.277
964,25.111,27.007,9.510
965,23.841,26.485,10.136
966,23.520,24.934,11.757
967,23.776,25.529,9.212
968,26.775,28.660,8.247
969,25.969,28.370,9.540
970,25.949,27.330,8.934
971,25.865,27.599,8.918
972,25.584,26.884,10.643
973,24.026,25.673,10.653
974,25.149,25.752,10.439
975,24.860,26.134,10.827
976,23.160,25.172,11.014
977,24.743,25.653,10.435
978,24.485,26.821,11.280
979,24.715,26.462,11.399
980,24.245,25.506,10.707
981,25.151,26.411,10.043
982,24.935,26.866,10.409
983,23.817,25.673,10.834
984,23.434,25.740,10.706
985,23.675,26.571,10.249
986,24.583,27.037,10.453
987,25.064,26.433,10.296
988,25.696,27.489,9.352
989,24.831,27.331,10.148
990,26.192,26.763,9.828
991,26.436,26.503,9.835
992,26.528,26.413,8.588
993,26.948,26.294,9.980
994,26.846,25.661,9.685
995,24.582,26.552,9.395
996,23.170,26.061,10.290
997,24.495,27.180,10.346
998,24.529,27.256,10.449
999,24.700,26.797,10.086
1000,23.570,26.945,10.253
1001,24.968,26.981,9.416
1002,24.305,25.755,10.782
1003,23.628,25.919,10.390
1004,25.112,26.792,10.577
1005,25.366,27.194,10.372
1006,27.445,28.653,10.125
1007,25.788,26.607,10.735
1008,24.895,26.645,10.696
1009,26.077,26.796,10.350
1010,26.774,27.705,10.234
1011,24.211,26.124,10.539
1012,24.881,26.812,9.713
1013,25.673,27.276,10.122
1014,24.292,25.289,10.861
1015,24.902,26.289,10.436
1016,24.015,26.501,10.979
1017,23.830,26.331,11.254
1018,24.403,27.079,10.338
1019,24.355,26.612,10.776
1020,26.663,26.174,10.465
1021,27.580,27.904,10.531
1022,26.125,26.067,10.583
1023,26.543,26.310,10.598
1024,27.475,27.085,9.989
1025,27.472,26.503,10.649
1026,27.715,27.060,10.231
1027,25.085,26.596,10.664
1028,23.620,25.681,10.730
1029,25.354,26.303,9.913
1030,24.908,26.734,10.091
1031,24.719,26.234,10.342
1032,24.508,25.784,10.074
1033,24.255,24.977,10.302
1034,25.042,26.906,10.225
1035,25.956,26.644,10.014
1036,27.377,24.053,11.262
1037,27.731,26.999,9.714
1038,28.574,26.808,10.434
1039,25.847,26.911,9.543
1040,25.577,28.145,10.230
1041,25.483,26.775,9.422
1042,25.896,26.299,10.032
1043,26.651,28.766,10.467
1044,27.934,28.365,8.955
1045,26.500,27.206,8.457
1046,27.484,27.419,8.100
1047,27.604,28.509,8.447
1048,26.850,27.565,8.482
1049,24.584,26.378,9.965
1050,27.364,28.289,6.930
1051,27.212,28.728,6.871
1052,24.741,26.911,11.252
1053,22.962,25.990,9.502
1054,23.104,25.850,10.780
1055,24.532,26.180,11.397
1056,25.292,28.088,10.234
1057,24.347,26.112,10.539
1058,25.583,26.763,9.113
1059,24.836,26.391,9.580
1060,25.223,26.336,9.083
1061,24.771,26.544,9.919
1062,27.131,28.932,8.775
1063,27.530,28.664,7.924
1064,28.597,29.389,6.695
1065,28.523,29.642,7.850
1066,28.882,29.503,6.746
1067,28.116,29.289,8.190
1068,28.722,28.412,8.356
1069,28.417,28.366,5.605
1070,29.214,29.472,6.490
1071,31.391,29.417,8.847
1072,30.667,28.207,8.855
1073,31.925,29.023,6.678
1074,29.940,29.003,5.424
1075,30.246,30.269,6.828
1076,29.657,28.411,5.806
1077,28.548,27.252,4.604
1078,29.119,29.181,5.400
1079,29.701,28.864,4.852
1080,30.199,29.138,5.801
1081,29.256,28.022,4.875
1082,29.595,28.616,6.190
1083,29.871,28.418,6.067
1084,29.387,28.289,4.915
1085,29.219,27.585,5.118
1086,29.335,28.167,4.849
1087,28.801,28.286,5.134
1088,27.962,29.486,6.897
1089,28.155,28.884,8.738
1090,25.955,27.841,8.402
1091,24.393,26.794,9.254
1092,25.391,26.636,10.045
1093,25.499,27.522,9.416
1094,25.734,26.839,9.611
1095,25.196,26.292,9.661
1096,26.219,27.547,10.221
1097,26.700,28.155,10.727
1098,25.818,27.533,9.376
1099,26.821,27.300,9.333
1100,25.285,27.061,9.846
1101,26.841,26.955,10.610
1102,26.311,27.077,8.904
1103,26.901,27.694,9.191
1104,25.666,27.398,9.119
1105,25.827,27.565,8.478
1106,27.160,27.570,9.364
1107,25.342,27.018,9.588
1108,25.255,25.749,9.358
1109,27.163,28.168,6.670
1110,25.906,27.455,8.763
1111,26.054,27.227,8.638
1112,24.883,25.468,9.529
1113,25.837,27.063,7.580
1114,27.594,28.492,8.671
1115,28.046,28.375,7.273
1116,28.105,28.113,5.036
1117,28.677,28.893,5.241
1118,28.565,28.186,5.127
1119,28.163,28.523,6.642
1120,28.235,28.678,4.953
1121,28.240,29.808,5.557
1122,28.185,28.718,5.532
1123,28.766,28.586,4.757
1124,28.156,27.807,5.713
1125,28.307,28.152,5.056
1126,28.841,28.357,4.990
1127,27.979,28.857,4.793
1128,27.259,29.369,7.683
1129,27.247,28.538,7.823
1130,26.646,28.692,7.802
1131,27.041,28.886,7.343
1132,27.387,28.203,6.232
1133,29.082,29.417,5.693
1134,27.772,28.093,5.447
1135,28.941,29.779,5.567
1136,28.176,28.545,5.212
1137,28.279,27.707,5.088
1138,28.669,28.600,5.577
1139,27.693,28.619,5.807
1140,27.581,27.840,8.390
1141,27.488,27.967,7.760
1142,27.700,28.721,7.765
1143,27.724,28.902,7.756
1144,29.362,28.418,4.628
1145,28.436,28.571,5.295
1146,27.700,28.237,6.958
1147,28.420,28.265,5.107
1148,26.586,27.074,6.549
1149,26.723,27.254,6.811
1150,27.186,27.801,7.039
1151,28.446,28.131,4.925
1152,29.155,28.107,4.560
1153,28.370,28.401,5.339
1154,29.739,29.622,5.294
1155,27.664,27.395,6.818
1156,26.427,27.142,6.544
1157,28.408,28.293,5.546
1158,26.841,27.771,6.857
1159,27.743,27.057,4.506
1160,27.022,26.040,4.868
1161,27.517,26.982,5.318
1162,28.527,27.503,5.673
1163,27.763,27.219,5.630
1164,27.105,27.088,5.263
1165,27.968,27.626,6.654
1166,28.033,28.538,5.790
1167,28.287,27.182,5.023
1168,28.181,28.407,6.282
1169,28.747,28.471,5.103
1170,28.562,28.625,5.757
1171,28.016,28.021,5.250
1172,26.755,28.097,8.052
1173,28.104,27.827,5.142
1174,27.435,27.948,6.168
1175,28.381,27.983,5.394
1176,27.601,27.940,4.654
1177,28.416,28.732,4.667
1178,28.149,27.979,5.065
1179,28.622,29.260,7.382
1180,28.378,28.697,4.925
1181,27.468,28.287,8.221
1182,28.086,28.351,4.506
1183,27.858,28.488,6.974
1184,28.700,28.863,7.909
1185,28.006,28.999,6.951
1186,26.834,28.299,7.789
1187,27.337,28.833,9.059
1188,29.779,29.182,5.324
1189,28.499,28.535,6.368
1190,28.560,29.053,6.349
1191,29.084,29.203,5.106
1192,28.648,29.201,8.062
1193,28.049,27.970,6.499
1194,27.528,27.770,8.286
1195,26.268,27.899,8.947
1196,26.614,27.900,8.107
1197,26.553,27.980,9.528
1198,27.019,27.172,8.161
1199,28.400,28.580,6.272
1200,27.256,28.005,7.585
1201,27.610,27.516,7.352
1202,28.941,28.532,6.338
1203,29.203,29.150,5.067
1204,30.768,30.026,5.464
1205,26.734,27.828,8.902
1206,28.055,27.446,7.541
1207,28.682,28.133,6.089
1208,26.434,27.491,7.425
1209,29.101,28.780,5.441
1210,29.350,29.441,5.328
1211,27.388,28.355,7.507
1212,28.963,29.386,6.534
1213,28.622,28.734,6.377
1214,28.900,28.456,6.423
1215,29.511,29.901,5.202
1216,28.048,28.841,7.431
1217,27.938,28.404,7.294
1218,28.974,28.456,6.376
1219,28.509,29.137,7.435
1220,28.799,28.740,7.209
1221,28.542,29.230,7.447
1222,29.919,29.529,5.518
1223,30.373,29.962,6.644
1224,28.068,29.444,7.505
1225,30.397,30.636,6.731
1226,29.479,29.553,6.110
1227,25.445,26.688,7.977
1228,27.084,28.972,6.611
1229,26.167,27.199,8.120
1230,24.507,26.117,10.184
1231,26.835,27.651,7.507
1232,25.912,26.789,6.903
1233,26.856,27.824,6.803
1234,27.568,28.037,6.363
1235,27.740,29.230,6.685
1236,26.536,28.234,8.080
1237,26.790,27.510,8.098
1238,26.551,28.183,7.668
1239,27.063,28.375,5.864
1240,26.979,28.115,7.327
1241,27.564,28.219,7.904
1242,27.421,28.937,8.679
1243,27.145,28.011,7.503
1244,27.143,28.999,8.154
1245,27.378,28.567,6.838
1246,28.520,28.826,4.777
1247,26.308,27.995,8.591
1248,27.587,28.638,7.913
1249,26.520,27.885,7.033
1250,26.913,27.719,7.109
1251,27.224,27.911,6.364
1252,26.907,27.252,7.916
1253,27.785,28.180,5.731
1254,26.735,27.565,8.378
1255,28.144,28.063,6.459
1256,26.658,27.789,6.285
1257,27.837,29.093,6.414
1258,27.273,27.937,6.677
1259,27.394,27.586,7.075
1260,27.951,28.353,5.930
1261,26.470,27.673,7.311
1262,27.263,27.668,6.505
1263,27.929,28.258,7.223
1264,28.244,28.203,6.768
1265,27.280,28.066,7.033
1266,27.420,27.932,7.114
1267,27.484,27.808,6.801
1268,27.378,28.450,5.488
1269,28.992,29.438,5.599
1270,29.069,29.441,5.748
1271,28.714,29.353,5.593
1272,29.189,29.322,5.706
1273,28.408,28.493,5.167
1274,26.127,27.779,7.367
1275,25.403,28.105,8.318
1276,27.561,27.440,9.425
1277,26.227,27.935,8.389
1278,29.002,29.550,5.344
1279,29.918,30.159,6.412
1280,28.446,27.971,4.779
1281,26.955,27.292,6.907
1282,27.880,27.439,7.843
1283,26.979,28.014,7.425
1284,27.557,28.494,7.259
1285,28.984,28.706,4.738
1286,30.350,28.895,4.679
1287,28.994,27.387,5.259
1288,29.055,29.103,5.561
1289,28.674,28.441,4.759
1290,28.939,29.221,5.312
1291,29.206,28.580,5.745
1292,29.550,28.804,5.340
1293,25.388,26.625,8.396
1294,26.224,27.554,8.778
1295,27.457,28.165,7.648
1296,28.554,27.797,6.852
1297,25.724,27.448,10.149
1298,25.094,26.278,8.198
1299,27.900,27.784,7.965
1300,26.890,27.449,7.245
1301,26.997,27.060,7.731
1302,27.195,28.267,7.805
1303,26.431,26.575,7.915
1304,29.068,27.597,7.686
1305,29.305,27.148,8.651
1306,27.555,26.511,9.467
1307,28.440,26.255,9.543
1308,28.042,26.043,9.666
1309,28.201,26.134,8.778
1310,28.218,28.337,7.412
1311,27.871,27.446,7.250
1312,29.597,27.021,7.674
1313,28.981,27.242,7.048
1314,28.022,27.839,8.347
1315,27.889,28.412,6.668
1316,28.115,27.827,7.206
1317,26.864,27.503,6.502
1318,27.049,27.065,7.405
1319,26.801,27.336,7.716
1320,27.356,27.576,6.498
1321,28.064,26.605,6.693
1322,25.998,26.475,7.670
1323,26.045,27.003,7.130
1324,27.361,26.739,7.629
1325,27.353,28.745,8.344
1326,28.239,27.929,6.917
1327,28.072,28.540,6.087
1328,27.408,27.786,6.629
1329,27.779,27.508,6.985
1330,28.253,28.205,5.940
1331,28.337,28.577,7.180
1332,27.705,29.282,6.333
1333,27.771,28.134,7.095
1334,26.499,27.423,7.558
1335,28.088,27.489,6.786
1336,27.359,27.623,7.164
1337,27.348,27.718,6.120
1338,28.323,28.073,6.603
1339,28.423,28.992,7.374
1340,27.939,26.933,6.944
1341,27.858,28.191,5.068
1342,28.211,27.866,7.297
1343,27.665,27.612,5.868
1344,27.017,27.408,6.693
1345,27.376,27.832,7.984
1346,26.941,27.136,7.799
1347,26.611,27.498,8.314
1348,26.054,27.051,7.913
1349,25.728,26.425,7.284
1350,26.754,27.042,7.917
1351,26.638,26.671,7.441
1352,25.939,26.566,9.106
1353,26.064,26.411,7.329
1354,26.963,27.475,7.260
1355,26.142,26.306,8.750
1356,26.873,27.084,7.354
1357,26.945,26.696,8.128
1358,26.769,26.697,8.180
1359,26.120,27.143,8.315
1360,26.373,27.650,8.107
1361,26.898,27.608,7.406
1362,25.093,26.764,9.946
1363,26.419,27.502,7.873
1364,28.165,28.513,7.277
1365,28.474,28.587,7.141
1366,26.869,27.152,8.371
1367,27.715,27.223,8.009
1368,26.259,26.827,8.054
1369,28.224,27.765,8.323
1370,28.382,27.616,5.535
1371,27.894,28.238,4.883
1372,28.219,28.261,5.373
1373,26.706,27.722,7.997
1374,29.658,29.372,5.164
1375,30.401,28.908,4.376
1376,28.978,29.124,5.637
1377,29.518,29.412,4.375
1378,30.555,29.717,4.497
1379,29.196,28.533,2.873
1380,29.989,29.097,2.712
1381,31.427,30.118,2.717
1382,30.009,29.321,2.743
1383,30.156,29.678,2.611
1384,30.309,29.900,2.707
1385,29.139,28.924,2.696
1386,30.449,29.543,2.685
1387,28.776,29.270,2.668
1388,29.875,29.183,2.666
1389,29.968,29.147,2.793
1390,29.468,28.470,2.612
1391,30.174,28.766,2.809
1392,30.053,28.360,2.918
1393,29.821,28.616,2.932
1394,29.252,28.396,2.748
1395,29.745,29.025,2.737
1396,29.559,28.045,2.773
1397,30.206,29.167,2.846
1398,30.131,29.501,2.642
1399,29.797,29.460,2.724
1400,29.858,28.850,2.815
1401,29.488,30.432,2.658
1402,29.130,29.228,2.578
1403,29.329,29.622,2.653
1404,28.865,29.669,2.646
1405,27.688,28.488,2.794
1406,30.349,29.695,2.754
1407,28.583,30.298,2.755
1408,29.226,29.008,2.909
1409,29.287,30.246,2.942
1410,29.094,30.055,2.668
1411,29.006,29.945,2.627
1412,29.370,29.013,2.605
1413,30.304,30.757,2.674
1414,29.397,29.777,2.756
1415,29.127,29.431,2.686
1416,29.078,28.887,2.536
1417,29.931,29.811,2.662
1418,29.448,28.674,2.674
1419,28.823,29.000,2.622
1420,29.559,29.507,2.703
1421,30.590,30.363,2.663
1422,29.333,30.146,2.783
1423,29.031,29.849,2.693
1424,28.296,29.406,2.780
1425,30.039,29.679,2.671
1426,30.212,30.143,2.996
1427,29.416,28.671,2.664
1428,29.619,29.058,2.588
1429,28.606,28.148,2.662
1430,28.694,28.402,2.798
1431,29.781,29.465,2.786
1432,29.168,29.299,2.884
1433,28.602,28.251,2.920
1434,28.497,28.357,2.745
1435,29.956,28.853,2.663
1436,28.961,28.996,2.686
1437,28.813,29.041,2.717
1438,29.204,28.954,2.678
1439,28.823,28.677,2.602
1440,29.596,29.329,2.532
1441,29.249,29.190,2.603
1442,29.345,29.581,2.637
1443,31.104,30.147,2.788
1444,29.616,28.929,2.601
1445,30.528,29.220,2.894
1446,30.758,29.167,2.585
1447,29.259,29.402,2.787
1448,29.471,30.138,2.714
1449,28.497,29.492,2.716
1450,28.957,28.629,2.670
1451,29.023,28.589,2.774
1452,29.611,28.575,2.707
1453,29.030,28.066,2.678
1454,29.262,29.090,2.628
1455,28.122,28.563,2.844
1456,28.813,28.554,2.552
1457,29.812,28.438,2.622
1458,29.515,29.247,2.970
1459,28.238,28.550,2.557
1460,28.811,28.435,2.714
1461,29.676,28.568,2.619
1462,27.970,28.828,2.751
1463,28.603,28.991,2.644
1464,29.368,30.351,2.727
1465,28.970,28.732,2.623
1466,29.252,29.303,2.653
1467,28.371,28.830,2.624
1468,28.696,29.023,2.673
1469,29.243,28.607,2.643
1470,29.784,29.534,2.816
1471,29.667,29.772,2.747
1472,29.541,30.941,2.712
1473,28.988,29.402,2.631
1474,30.092,29.549,2.579
1475,29.993,30.440,2.668
1476,29.730,30.262,2.514
1477,29.597,28.943,2.750
1478,29.987,28.689,2.721
1479,29.314,28.339,2.670
1480,30.102,29.598,2.623
1481,28.902,28.961,2.706
1482,29.798,29.964,2.746
1483,30.830,30.010,2.452
1484,29.938,29.790,2.673
1485,29.940,29.815,2.761
1486,30.080,30.148,2.668
1487,29.405,29.347,2.737
1488,29.629,28.690,2.553
1489,31.851,29.722,2.866
1490,30.871,29.866,2.622
1491,28.646,28.389,2.694
1492,29.201,29.106,2.606
1493,30.153,29.242,2.630
1494,29.629,28.960,2.671
1495,29.575,28.971,2.779
1496,29.691,29.324,2.714
1497,29.858,29.464,2.660
1498,29.100,28.926,2.640
1499,30.180,29.302,2.584
1500,29.555,28.619,2.863
1501,29.654,28.805,2.661
1502,30.173,28.480,2.721
1503,29.755,29.255,2.634
1504,30.686,30.006,2.817
1505,29.750,29.396,2.638
1506,30.163,30.279,3.885
1507,30.543,29.673,3.131
1508,29.252,29.502,2.851
1509,29.011,29.216,2.689
1510,29.185,28.860,2.702
1511,28.604,29.204,2.752
1512,28.778,29.432,2.534
1513,28.265,28.741,2.825
1514,28.892,28.995,2.953
1515,28.486,28.164,2.665
1516,29.700,29.071,2.632
1517,29.935,29.201,2.649
1518,30.228,29.800,2.635
1519,30.596,29.808,2.714
1520,30.035,29.599,4.744
1521,29.368,29.775,4.440
1522,30.192,29.673,4.139
1523,29.345,28.919,5.181
1524,30.683,30.619,4.622
1525,30.683,30.558,4.959
1526,29.782,29.843,5.118
1527,30.684,30.276,5.074
1528,30.106,30.086,4.727
1529,30.952,29.752,5.652
1530,30.570,30.750,5.388
1531,30.397,29.928,5.259
1532,30.329,29.096,6.335
1533,29.192,28.696,3.704
1534,29.790,29.658,4.538
1535,29.958,28.869,4.014
1536,29.193,29.585,5.452
1537,28.123,28.380,6.409
1538,29.421,29.153,5.518
1539,28.611,28.580,5.643
1540,28.966,28.650,6.022
1541,29.660,28.606,6.022
1542,27.473,28.100,7.001
1543,28.950,29.038,5.004
1544,29.751,28.501,3.412
1545,29.745,27.928,2.728
1546,29.219,28.611,2.789
1547,29.667,29.141,2.677
1548,29.806,29.241,2.720
1549,29.264,28.796,2.579
1550,29.932,29.289,2.847
1551,29.320,28.449,2.608
1552,28.603,28.006,2.693
1553,28.938,28.660,2.699
1554,30.181,28.298,2.873
1555,29.487,28.240,2.630
1556,29.993,28.089,2.587
1557,29.929,28.954,2.689
1558,28.560,27.921,2.620
1559,29.040,28.286,2.893
1560,29.517,28.766,2.685
1561,29.121,28.703,2.724
1562,30.348,29.112,2.583
1563,29.703,29.075,2.600
1564,29.333,28.915,2.665
1565,30.594,28.799,2.804
1566,29.457,28.693,2.709
1567,29.615,28.217,2.700
1568,28.485,27.809,2.589
1569,28.462,27.962,2.724
1570,29.203,28.455,2.956
1571,28.331,28.306,2.635
1572,29.474,28.345,4.460
1573,29.285,28.605,6.961
1574,28.528,29.568,6.080
1575,29.019,28.856,6.321
1576,27.453,27.855,7.438
1577,28.315,29.106,5.707
1578,29.157,29.307,5.586
1579,30.436,30.071,4.526
1580,30.176,30.200,6.833
1581,30.242,29.937,4.971
1582,29.689,29.779,4.935
1583,29.800,29.559,6.291
1584,27.184,27.351,6.081
1585,31.778,29.395,6.227
1586,29.462,29.928,5.181
1587,29.470,29.270,6.604
1588,31.158,29.420,4.202
1589,29.313,29.165,5.934
1590,29.717,29.483,6.690
1591,30.399,30.405,5.518
1592,29.888,30.403,6.972
1593,28.048,29.602,6.897
1594,28.456,29.403,7.462
1595,28.370,29.154,6.874
1596,29.247,30.398,7.195
1597,29.692,30.586,7.240
1598,29.301,30.145,5.350
1599,29.143,29.517,6.286
1600,29.029,29.582,6.723
1601,30.027,29.608,7.036
1602,30.628,30.509,5.778
1603,30.546,30.102,5.787
1604,31.448,30.749,5.831
1605,30.009,29.410,5.147
1606,30.343,29.863,6.682
1607,29.849,29.169,4.965
1608,30.593,30.499,6.569
1609,30.261,30.602,6.043
1610,29.727,29.464,5.927
1611,29.672,29.411,6.829
1612,31.871,31.379,5.301
1613,30.405,30.418,5.155
1614,30.355,30.778,6.444
1615,29.437,29.960,6.237
1616,29.725,29.551,4.706
1617,30.186,29.124,5.906
1618,29.409,29.824,6.430
1619,30.578,29.767,6.222
1620,30.422,30.700,7.003
1621,29.537,28.974,5.942
1622,31.406,31.024,5.910
1623,29.671,30.199,7.061
1624,29.527,30.646,6.823
1625,29.825,30.740,7.632
1626,30.216,30.269,6.052
1627,30.479,30.145,6.604
1628,29.320,29.427,5.580
1629,30.543,29.490,2.923
1630,30.388,29.554,2.625
1631,30.462,29.023,2.660
1632,30.706,29.755,3.068
1633,29.741,29.649,2.994
1634,30.417,29.513,2.775
1635,29.932,29.753,2.894
1636,29.518,28.956,2.692
1637,30.647,29.433,2.804
1638,29.552,29.591,2.751
1639,29.868,29.296,2.677
1640,29.291,29.054,2.646
1641,29.988,28.685,2.732
1642,30.211,29.148,2.805
1643,29.955,29.359,2.583
1644,29.146,29.666,2.635
1645,29.322,28.757,2.609
1646,30.478,29.303,2.768
1647,29.717,28.826,2.692
1648,29.257,28.452,3.025
1649,30.565,28.796,2.756
1650,29.755,28.808,2.684
1651,30.397,28.790,2.701
1652,30.631,28.948,2.751
1653,30.795,29.669,2.759
1654,31.299,30.377,2.943
1655,30.393,28.827,2.723
1656,29.619,29.837,2.931
1657,29.495,29.724,3.019
1658,29.852,30.242,2.650
1659,30.386,29.511,2.666
1660,29.594,29.006,2.784
1661,29.830,28.775,2.862
1662,30.611,29.211,2.758
1663,29.443,28.654,2.773
1664,30.634,29.862,2.698
1665,29.677,29.803,2.771
1666,29.800,30.567,2.738
1667,29.771,29.250,2.825
1668,29.455,28.688,2.597
1669,28.913,28.687,2.671
1670,30.246,28.786,2.675
1671,29.655,28.858,2.550
1672,30.204,28.873,2.613
1673,28.830,28.003,2.655
1674,29.762,28.470,2.729
1675,28.479,28.440,2.671
1676,30.003,28.140,2.758
1677,29.636,28.839,2.667
1678,29.280,28.670,2.762
1679,29.289,28.453,3.013
1680,30.500,29.760,2.779
1681,30.835,30.016,2.693
1682,30.180,29.823,2.739
1683,31.592,30.214,2.642
1684,30.784,29.374,2.684
1685,30.393,29.355,2.670
1686,30.818,29.802,2.777
1687,31.554,29.418,2.770
1688,30.916,28.722,2.572
1689,31.395,29.558,2.736
1690,30.982,29.622,5.305
1691,31.271,30.385,5.019
1692,30.918,29.842,5.198
1693,30.951,30.230,5.238
1694,29.950,30.158,5.681
1695,30.552,30.122,6.425
1696,29.912,29.752,6.625
1697,30.606,29.798,4.488
1698,31.462,30.342,4.943
1699,30.675,30.426,4.617
1700,30.030,28.512,2.653
1701,31.560,29.725,2.710
1702,31.084,29.761,2.698
1703,30.955,28.755,2.526
1704,30.696,29.283,2.739
1705,29.903,30.314,2.646
1706,29.371,28.635,2.741
1707,30.378,30.093,2.620
1708,29.709,29.388,2.645
1709,30.109,29.793,2.650
1710,30.288,30.045,2.747
1711,29.773,29.126,2.720
1712,29.632,28.933,2.615
1713,30.319,29.527,2.689
1714,30.004,30.498,2.774
1715,29.698,29.673,2.948
1716,29.041,29.345,2.661
1717,28.939,27.991,2.640
1718,28.888,28.831,2.637
1719,29.685,28.585,2.856
1720,31.034,29.629,2.799
1721,29.138,28.351,2.755
1722,30.397,29.797,2.710
1723,30.333,30.235,2.586
1724,29.232,28.496,2.677
1725,30.741,29.983,2.718
1726,29.419,29.066,2.862
1727,29.547,29.120,2.750
1728,29.783,29.096,2.802
1729,29.918,28.859,2.668
1730,30.100,29.100,2.851
1731,30.183,29.277,2.828
1732,29.625,29.513,2.683
1733,29.101,29.357,2.718
1734,29.454,29.555,2.649
1735,29.878,28.925,2.733
1736,29.019,28.904,2.741
1737,29.369,29.458,2.629
1738,29.019,28.554,2.739
1739,29.750,28.862,2.748
1740,30.068,28.601,2.742
1741,30.728,29.026,2.604
1742,29.569,29.106,2.817
1743,30.226,29.001,2.769
1744,29.943,29.082,2.705
1745,29.987,29.054,2.662
1746,30.393,29.778,3.001
1747,29.703,28.698,2.672
1748,29.752,28.020,2.676
1749,28.929,27.698,2.728
1750,28.539,28.677,5.825
1751,28.828,29.694,6.371
1752,29.395,30.265,5.548
1753,29.759,29.611,2.701
1754,30.358,30.166,2.803
1755,29.901,28.941,2.711
1756,30.978,29.931,2.611
1757,30.139,29.760,2.672
1758,29.935,29.877,2.698
1759,30.766,30.800,2.723
1760,30.263,30.097,2.599
1761,30.741,30.236,2.686
1762,30.585,30.122,2.797
1763,29.092,29.752,2.687
1764,30.871,29.987,2.601
1765,30.981,29.398,2.767
1766,30.288,29.604,2.692
1767,30.206,29.335,2.694
1768,30.987,29.056,2.743
1769,28.915,28.606,2.707
1770,29.977,28.247,2.735
1771,29.734,29.350,2.641
1772,30.795,29.735,2.663
1773,29.393,29.989,2.691
1774,30.793,30.095,2.659
1775,29.926,29.957,2.836
1776,31.535,29.781,2.693
1777,30.009,30.214,2.763
1778,30.566,30.358,2.667
1779,29.623,29.959,2.591
1780,30.050,29.351,2.934
1781,29.871,28.805,2.678
1782,29.445,29.472,2.682
1783,29.419,30.222,2.671
1784,30.800,30.602,2.845
1785,29.899,30.303,2.762
1786,30.478,30.348,2.843
1787,29.711,30.120,2.741
1788,29.682,30.398,2.775
1789,30.222,30.107,2.543
1790,33.733,30.705,2.650
1791,33.199,30.349,2.729
1792,29.700,28.865,2.715
1793,30.092,29.578,2.849
1794,30.076,29.819,2.626
1795,29.674,30.811,2.652
1796,29.856,29.573,2.575
1797,29.002,29.290,2.754
1798,29.433,29.416,2.644
1799,29.322,29.238,2.541
1800,30.357,29.328,2.780
1801,30.214,29.004,2.654
1802,31.160,29.054,2.668
1803,30.751,28.902,3.156
1804,31.110,28.983,2.647
1805,30.709,29.526,2.900
1806,30.162,28.859,2.868
1807,30.822,29.075,2.731
1808,29.896,28.549,2.743
1809,30.761,29.054,2.840
1810,30.734,29.538,2.837
1811,30.460,29.253,2.810
1812,31.549,29.931,2.768
1813,30.177,29.547,2.812
1814,29.603,28.670,2.911
1815,29.938,28.409,2.644
1816,29.326,28.914,5.424
1817,28.739,28.614,6.790
1818,29.064,27.687,6.088
1819,30.422,29.137,5.070
1820,29.643,28.711,4.922
1821,30.079,29.794,4.757
1822,29.723,29.036,6.103
1823,29.686,29.038,4.554
1824,31.834,30.929,5.360
1825,30.242,29.677,4.788
1826,29.287,28.953,5.526
1827,29.594,29.106,5.144
1828,29.987,29.800,4.931
1829,28.847,29.716,4.581
1830,28.392,29.486,4.699
1831,28.876,29.144,5.317
1832,28.016,29.061,4.618
1833,28.768,29.487,5.170
1834,27.159,28.373,7.341
1835,28.475,28.933,4.838
1836,28.939,28.945,5.073
1837,29.828,29.753,4.816
1838,26.986,28.025,6.759
1839,27.780,28.147,6.218
1840,28.279,28.366,5.097
1841,28.465,28.085,4.944
1842,28.775,29.739,6.027
1843,28.479,28.632,5.093
1844,28.728,28.770,5.155
1845,29.151,28.548,6.416
1846,28.305,27.783,5.535
1847,29.585,28.294,5.090
1848,29.376,28.656,4.840
1849,28.218,28.592,5.327
1850,29.240,28.185,2.662
1851,28.314,27.405,2.703
1852,28.759,27.731,2.804
1853,28.783,28.292,4.218
1854,28.453,27.691,2.672
1855,30.340,28.316,2.767
1856,28.543,27.850,2.664
1857,28.167,27.709,2.844
1858,28.999,28.322,2.649
1859,29.645,28.014,2.571
1860,29.536,28.442,2.802
1861,29.573,28.986,2.704
1862,28.816,27.329,2.660
1863,29.027,28.346,2.671
1864,30.393,29.191,2.648
1865,29.239,28.108,2.680
1866,29.366,28.423,2.613
1867,29.456,28.768,2.555
1868,30.006,28.063,2.639
1869,29.838,28.629,3.079
1870,30.186,28.724,2.736
1871,29.634,28.689,2.814
1872,30.232,28.789,2.697
1873,30.051,28.437,2.693
1874,29.245,27.694,2.760
1875,30.375,27.994,2.761
1876,29.854,28.442,2.644
1877,29.439,28.099,2.904
1878,30.022,28.555,2.577
1879,29.327,28.382,2.614
1880,28.812,28.679,2.737
1881,29.484,28.254,2.670
1882,29.883,29.643,4.519
1883,29.113,28.511,2.800
1884,28.973,28.338,2.565
1885,28.858,28.622,2.767
1886,29.028,28.541,2.867
1887,29.554,28.437,2.877
1888,30.581,30.298,2.833
1889,28.920,29.032,2.664
1890,30.170,29.286,2.787
1891,30.503,29.016,2.645
1892,30.080,29.453,2.715
1893,30.398,28.711,2.841
1894,32.331,29.199,2.689
1895,31.034,29.262,2.627
1896,30.616,29.728,2.661
1897,31.001,29.668,2.793
1898,30.538,29.124,2.747
1899,30.723,29.716,2.601
1900,29.915,28.620,2.676
1901,30.039,29.087,2.942
1902,30.652,29.644,2.605
1903,30.819,30.009,2.812
1904,29.862,28.366,2.601
1905,30.186,28.753,2.549
1906,30.008,29.483,2.806
1907,30.698,29.672,2.659
1908,30.041,28.306,2.800
1909,30.978,29.420,2.713
1910,30.967,28.959,2.667
1911,31.598,28.850,2.733
1912,31.123,28.855,2.713
1913,31.432,30.282,2.853
1914,29.589,28.526,2.668
1915,30.115,29.621,2.729
1916,29.726,29.057,2.870
1917,30.663,29.294,2.929
1918,29.807,29.201,2.625
1919,30.110,29.096,2.617
1920,30.735,29.738,2.938
1921,29.852,29.125,2.745
1922,29.948,28.798,2.648
1923,30.211,29.492,2.584
1924,31.254,29.321,2.631
1925,31.083,30.184,2.688
1926,30.890,30.102,2.889
1927,29.227,28.392,2.658
1928,30.793,29.119,2.693
1929,30.385,30.594,2.696
1930,30.852,29.759,2.739
1931,30.190,29.291,2.635
1932,31.215,28.449,2.643
1933,30.824,29.093,2.609
1934,30.892,29.087,2.788
1935,31.190,28.929,2.701
1936,29.624,28.869,2.833
1937,29.242,28.195,2.780
1938,30.626,28.757,2.614
1939,32.147,28.787,2.747
1940,31.510,29.002,2.759
1941,29.987,28.891,2.765
1942,29.622,29.350,2.590
1943,30.413,29.420,2.678
1944,31.123,29.956,2.653
1945,31.457,30.090,2.697
1946,32.065,29.361,2.587
1947,31.020,29.593,2.607
1948,32.407,29.463,2.605
1949,31.162,29.623,3.016
1950,31.352,29.801,2.742
1951,31.433,29.199,2.586
1952,31.573,29.653,2.595
1953,30.578,29.291,2.619
1954,29.898,29.150,2.672
1955,30.558,29.797,2.750
1956,30.584,29.196,2.757
1957,30.665,28.500,2.621
1958,31.124,29.223,2.979
1959,31.991,29.697,2.858
1960,30.972,29.222,2.750
1961,29.064,28.143,2.700
1962,31.478,28.335,2.728
1963,31.459,29.813,2.698
1964,32.235,29.826,2.835
1965,30.864,29.092,2.739
1966,30.944,29.397,2.529
1967,31.006,29.208,2.663
1968,31.211,29.637,2.679
1969,31.030,29.453,2.723
1970,30.733,29.320,2.616
1971,30.802,28.643,2.685
1972,30.774,29.452,2.927
1973,31.133,29.261,2.727
1974,32.113,29.274,2.734
1975,32.243,29.410,2.722
1976,30.522,29.314,2.665
1977,29.417,28.964,2.764
1978,29.735,29.600,2.724
1979,30.731,29.821,2.768
1980,29.280,29.692,2.653
1981,30.965,28.660,2.553
1982,30.315,28.916,2.684
1983,31.524,28.996,2.846
1984,30.816,29.776,2.645
1985,31.066,28.945,2.659
1986,29.995,28.389,2.783
1987,29.888,28.472,3.281
1988,30.026,29.001,2.648
1989,30.410,28.794,2.811
1990,29.713,28.478,2.754
1991,30.174,28.663,2.676
1992,30.083,28.680,2.889
1993,30.802,29.045,2.624
1994,29.837,28.901,2.975
1995,30.025,28.687,2.809
1996,29.701,28.525,2.758
1997,30.082,29.195,2.806
1998,30.110,29.255,2.709
1999,30.272,28.882,2.681
2000,29.547,29.328,2.646
2001,30.366,28.722,2.672
2002,29.215,28.340,2.716
2003,29.889,28.977,2.708
2004,29.991,28.854,2.567
2005,30.711,29.940,2.725
2006,30.216,29.203,2.702
2007,30.736,30.243,2.773
2008,30.345,29.121,2.680
2009,29.354,29.371,2.753
2010,30.850,29.514,2.826
2011,31.071,29.292,2.598
2012,29.652,29.075,2.560
2013,31.344,31.068,2.767
2014,29.518,29.418,2.831
2015,29.597,29.108,2.608
2016,29.488,28.823,2.560
2017,29.399,29.315,2.583
2018,30.174,29.531,2.661
2019,29.478,29.096,2.675
2020,29.934,29.038,2.644
2021,29.497,29.742,4.302
2022,29.773,29.282,4.041
2023,29.562,30.040,5.253
2024,29.089,28.172,5.095
2025,28.997,27.474,5.063
2026,30.038,28.775,4.882
2027,29.091,28.868,5.169
2028,29.044,28.075,5.080
2029,28.911,27.045,4.975
2030,28.288,27.447,4.681
2031,31.601,28.085,4.660
2032,31.066,27.380,4.763
2033,31.487,28.016,4.630
2034,30.683,28.138,5.065
2035,30.349,27.049,5.180
2036,27.962,27.504,5.497
2037,28.951,28.033,5.257
2038,28.421,28.143,6.281
2039,29.661,28.659,4.948
2040,29.727,29.110,5.530
2041,28.601,28.043,5.722
2042,29.589,27.589,5.290
2043,28.926,27.468,5.242
2044,29.018,27.604,6.295
2045,29.005,28.001,5.625
2046,28.387,27.220,5.312
2047,28.752,27.551,5.824
2048,29.047,27.786,6.183
2049,29.377,28.608,6.037
2050,28.543,26.924,6.105
2051,29.040,28.259,5.982
2052,30.446,28.479,5.054
2053,31.800,29.438,4.869
2054,31.270,29.492,5.243
2055,31.228,29.476,4.989
2056,31.523,29.835,5.791
2057,29.543,28.529,5.440
2058,30.280,29.431,4.915
2059,30.488,29.616,4.980
2060,30.363,28.595,5.097
2061,30.084,29.142,5.430
2062,29.813,29.225,4.646
2063,30.156,29.674,4.232
2064,30.648,29.229,4.756
2065,29.490,27.957,4.225
2066,30.110,29.213,2.981
2067,30.575,29.297,2.891
2068,31.486,29.523,2.627
2069,32.243,29.905,2.872
2070,30.941,29.809,2.890
2071,30.075,27.988,2.769
2072,29.494,28.214,2.625
2073,29.633,29.293,2.565
2074,30.408,28.760,2.643
2075,30.973,28.369,2.775
2076,31.871,28.991,2.848
2077,32.074,29.106,2.719
2078,31.383,29.093,2.588
2079,29.811,29.769,2.623
2080,30.054,28.926,2.552
2081,29.687,28.235,2.833
2082,29.362,28.981,3.004
2083,30.467,29.272,2.595
2084,29.503,28.774,2.727
2085,30.126,29.715,2.918
2086,30.025,29.009,2.691
2087,31.131,29.514,2.572
2088,30.981,29.695,2.615
2089,30.466,29.897,2.563
2090,29.729,29.255,2.677
2091,29.816,28.809,2.600
2092,30.328,29.006,2.723
2093,30.409,28.732,2.651
2094,30.667,29.280,2.569
2095,31.303,29.406,2.741
2096,30.452,28.821,2.653
2097,30.942,29.260,2.725
2098,30.656,29.789,2.631
2099,30.510,29.328,2.645
2100,29.793,27.270,2.671
2101,30.308,29.205,2.635
2102,29.746,29.255,2.777
2103,30.056,29.029,2.682
2104,30.821,29.801,2.745
2105,30.768,29.024,2.681
2106,29.310,27.946,2.632
2107,29.560,27.960,2.693
2108,29.739,28.158,2.746
2109,29.742,28.156,2.610
2110,29.098,27.789,2.641
2111,30.019,29.452,2.829
2112,29.353,28.561,2.621
2113,32.247,29.203,2.761
2114,32.062,28.288,2.646
2115,30.029,28.859,2.661
2116,31.785,29.573,2.777
2117,30.346,28.716,2.660
2118,30.610,29.405,3.040
2119,29.996,29.580,2.634
2120,29.547,29.165,2.554
2121,29.633,28.610,2.617
2122,29.815,28.205,2.669
2123,31.279,28.925,2.712
2124,30.123,28.486,2.601
2125,31.512,28.773,2.582
2126,30.482,28.511,2.820
2127,30.410,29.710,2.948
2128,30.310,29.783,2.707
2129,30.351,29.733,2.791
2130,30.765,28.216,2.773
2131,29.761,28.884,2.710
2132,29.725,29.743,2.633
2133,29.643,28.918,2.656
2134,30.026,29.213,2.759
2135,30.626,30.293,2.666
2136,29.440,30.204,2.635
2137,29.309,30.706,2.652
2138,29.494,29.611,2.571
2139,28.997,29.554,2.775
2140,28.890,28.743,2.774
2141,28.744,29.505,2.652
2142,29.075,29.761,2.670
2143,29.374,29.267,2.830
2144,29.551,29.361,2.711
2145,29.568,28.752,2.694
2146,29.307,28.420,2.563
2147,29.925,28.232,2.699
2148,29.895,27.433,2.963
2149,29.244,28.637,2.689
2150,29.520,28.464,2.502
2151,29.614,29.260,2.669
2152,29.287,29.321,2.709
2153,30.414,29.659,2.640
2154,29.156,29.232,2.680
2155,28.533,29.392,2.757
2156,28.573,28.822,2.597
2157,28.874,28.402,2.620
2158,28.049,28.112,2.835
2159,29.103,28.439,2.529
2160,29.522,27.952,2.554
2161,29.360,28.162,2.695
2162,29.877,28.648,2.542
2163,29.227,29.430,2.741
2164,29.104,27.995,2.571
2165,30.181,29.578,2.807
2166,28.981,28.011,2.644
2167,30.168,29.703,2.679
2168,29.777,27.711,2.624
2169,29.802,28.719,2.537
2170,29.295,29.296,2.606
2171,29.022,28.548,2.798
2172,29.583,28.722,2.565
2173,29.100,28.774,2.574
2174,30.376,30.156,2.603
2175,29.657,28.966,2.658
2176,29.889,29.818,2.727
2177,30.640,29.469,2.724
2178,29.875,29.401,2.667
2179,29.423,30.026,2.728
2180,29.946,29.364,2.718
2181,29.804,29.857,2.584
2182,29.580,28.562,2.848
2183,29.859,29.507,2.627
2184,29.230,29.224,2.575
2185,28.819,29.223,2.592
2186,29.054,29.082,2.672
2187,29.824,29.575,2.686
2188,30.922,29.235,2.753
2189,29.222,28.475,2.733
2190,29.599,29.441,2.717
2191,29.708,29.128,2.618
2192,29.621,28.259,2.629
2193,29.850,28.889,2.620
2194,29.171,28.182,2.677
2195,29.665,29.019,2.785
2196,28.905,29.077,2.672
2197,30.054,29.520,2.653
2198,30.182,29.755,2.751
2199,29.862,30.145,2.693
2200,30.938,29.324,2.686
2201,30.244,30.609,2.625
2202,29.192,30.122,2.580
2203,29.432,30.355,2.723
2204,28.553,29.396,2.627
2205,28.070,29.214,2.627
2206,29.356,28.696,2.728
2207,28.658,29.023,2.692
2208,28.841,29.321,2.520
2209,28.836,29.036,2.722
2210,29.098,29.272,2.723
2211,29.865,29.896,2.686
2212,28.931,29.764,2.807
2213,29.396,29.732,2.574
2214,29.295,29.645,2.543
2215,28.858,30.220,2.665
2216,28.932,28.658,2.790
2217,28.379,29.106,2.635
2218,28.111,29.487,2.627
2219,29.716,29.266,2.664
2220,28.366,28.838,2.608
2221,29.887,29.628,2.834
2222,29.860,30.335,2.746
2223,29.599,30.185,2.594
2224,28.451,28.359,2.581
2225,27.719,29.233,2.823
2226,28.783,29.177,2.733
2227,28.605,29.775,2.625
2228,29.317,29.661,2.659
2229,28.846,29.683,2.771
2230,28.514,28.794,2.609
2231,28.988,29.643,2.822
2232,28.795,28.906,2.618
2233,28.883,29.811,2.686
2234,28.644,29.781,2.623
2235,28.818,29.547,2.737
2236,28.657,29.667,2.684
2237,29.418,29.885,2.593
2238,29.026,30.324,2.601
2239,28.766,29.437,2.519
2240,29.017,29.680,2.760
2241,28.720,29.423,2.620
2242,29.392,29.239,2.658
2243,30.083,29.851,2.832
2244,28.949,28.998,2.631
2245,29.681,30.058,2.613
2246,29.098,29.901,2.608
2247,29.454,29.661,2.720
2248,28.948,30.086,2.678
2249,29.563,30.360,2.688
2250,29.482,29.882,2.672
2251,28.166,28.717,2.987
2252,29.352,29.757,2.752
2253,29.394,29.028,2.672
2254,29.406,29.129,2.686
2255,29.402,29.814,2.618
2256,29.130,29.883,2.752
2257,29.850,30.142,2.714
2258,29.760,29.617,2.556
2259,30.126,30.002,2.558
2260,29.802,30.550,2.660
2261,29.718,30.293,2.649
2262,29.631,30.249,2.616
2263,30.126,30.526,2.660
2264,29.510,30.079,2.669
2265,29.460,29.882,2.639
2266,29.590,30.693,2.750
2267,29.673,30.488,2.748
2268,29.435,29.838,2.760
2269,29.260,30.325,2.736
2270,29.192,30.383,2.651
2271,29.369,30.098,2.704
2272,30.014,29.632,2.711
2273,29.382,30.887,2.659
2274,29.089,30.705,2.653
2275,29.936,29.779,2.611
2276,29.517,29.694,2.688
2277,29.387,30.121,2.746
2278,29.655,30.594,2.604
2279,28.819,29.696,2.610
2280,28.728,29.572,2.582
2281,29.826,29.562,2.704
2282,29.714,30.390,2.672
2283,29.746,30.948,2.884
2284,29.594,29.957,2.694
2285,29.828,29.121,2.784
2286,28.492,29.228,2.764
2287,29.080,30.237,2.612
2288,29.607,29.771,2.733
2289,30.760,30.999,2.704
2290,29.970,30.443,2.620
2291,29.634,29.678,2.611
2292,29.785,30.156,2.724
2293,29.026,29.419,2.748
2294,28.264,29.238,2.706
2295,29.665,29.916,2.801
2296,29.456,30.047,2.773
2297,29.655,29.229,2.625
2298,29.007,29.463,2.772
2299,29.796,29.119,2.974
2300,29.608,29.587,2.705
2301,29.458,30.255,2.843
2302,28.694,29.205,2.567
2303,29.772,29.940,2.671
2304,29.409,29.951,2.822
2305,28.614,28.779,2.649
2306,29.487,29.885,2.657
2307,28.443,29.380,2.692
2308,28.812,28.896,2.711
2309,29.123,29.585,2.759
2310,28.815,29.841,2.732
2311,28.945,29.184,2.837
2312,29.207,29.019,2.820
2313,28.923,30.096,2.664
2314,29.265,29.232,2.699
2315,29.133,29.128,2.671
2316,29.081,28.948,2.656
2317,29.560,29.680,2.779
2318,28.743,29.736,2.717
2319,28.386,29.043,2.704
2320,30.133,29.226,2.664
2321,28.977,28.271,2.685
2322,28.708,29.386,2.498
2323,29.545,29.870,2.726
2324,28.122,29.625,2.636
2325,29.629,29.424,2.660
2326,29.488,29.552,2.755
2327,28.808,28.792,2.775
2328,29.284,29.641,2.595
2329,29.948,29.233,2.641
2330,29.195,29.792,2.896
2331,29.106,29.369,2.708
2332,28.024,29.237,2.666
2333,28.558,29.604,2.570
2334,29.715,29.786,2.635
2335,28.787,29.550,2.633
2336,28.466,29.396,2.706
2337,28.630,28.948,2.692
2338,29.360,28.928,2.584
2339,28.746,28.256,2.832
2340,28.222,28.997,2.789
2341,29.090,29.330,2.672
2342,29.231,29.090,2.749
2343,28.024,28.356,2.667
2344,29.164,29.917,2.827
2345,28.526,28.998,2.728
2346,28.930,28.896,2.705
2347,28.784,29.340,2.909
2348,29.328,29.349,2.590
2349,29.454,29.121,2.781
2350,28.497,29.679,2.580
2351,29.123,28.745,2.587
2352,29.589,29.604,2.655
2353,29.669,29.189,2.891
2354,28.347,28.677,2.611
2355,29.789,29.576,2.924
2356,29.174,29.334,2.727
2357,28.235,29.304,2.602
2358,27.856,27.480,2.738
2359,29.134,29.099,2.764
2360,27.821,27.748,2.632
2361,28.541,28.839,2.688
2362,28.067,27.750,2.558
2363,29.201,28.674,2.852
2364,28.537,28.191,2.566
2365,29.443,28.634,2.768
2366,27.804,28.368,2.689
2367,28.327,27.630,3.035
2368,27.390,28.239,2.573
2369,27.315,28.133,2.703
2370,28.549,28.634,2.712
2371,28.488,28.370,2.740
2372,28.454,29.313,2.617
2373,27.637,28.862,2.813
2374,30.261,28.439,2.578
2375,31.052,28.345,2.647
2376,31.052,29.513,2.853
2377,28.418,29.168,2.711
2378,28.382,28.957,2.592
2379,28.743,29.128,2.593
2380,28.636,28.919,2.713
2381,29.092,28.735,2.660
2382,28.813,28.471,2.772
2383,28.278,28.057,2.861
2384,28.828,28.368,2.522
2385,28.268,27.934,2.748
2386,29.765,29.251,2.726
2387,28.427,28.038,2.718
2388,29.002,28.564,2.777
2389,28.750,27.545,2.643
2390,29.563,28.382,2.663
2391,28.810,28.571,2.548
2392,29.468,28.602,2.656
2393,28.685,28.602,2.641
2394,28.259,27.872,2.620
2395,29.115,29.248,2.794
2396,28.998,28.786,2.718
2397,29.195,28.984,2.847
2398,29.964,29.533,2.614
2399,28.071,27.625,2.584
2400,29.566,28.938,2.610
2401,29.176,29.395,4.732
2402,29.134,29.286,5.443
2403,29.045,28.713,4.956
2404,28.010,28.743,5.334
2405,29.065,28.769,5.086
2406,28.342,28.745,4.792
2407,28.281,29.627,5.895
2408,28.309,28.256,4.579
2409,28.740,28.232,5.838
2410,29.374,29.007,3.864
2411,28.264,28.927,6.259
2412,27.339,28.018,4.507
2413,28.830,29.111,6.609
2414,29.008,29.931,4.822
2415,29.425,29.242,4.979
2416,28.978,29.092,4.983
2417,28.649,29.459,7.596
2418,28.408,29.057,7.227
2419,29.530,30.130,6.558
2420,28.839,29.150,6.190
2421,29.019,28.581,4.306
2422,28.669,29.085,6.328
2423,29.385,29.708,5.110
2424,29.270,30.308,6.599
2425,28.686,29.070,6.268
2426,28.451,28.677,3.996
2427,29.742,28.561,5.118
2428,29.102,28.957,4.573
2429,29.434,29.050,5.116
2430,28.495,28.601,5.205
2431,29.791,29.003,5.696
2432,30.496,29.090,5.255
2433,29.713,28.718,4.222
2434,30.793,28.757,4.516
2435,29.953,28.843,4.241
2436,29.472,28.764,5.659
2437,29.115,28.109,2.661
2438,29.227,28.010,2.734
2439,28.468,27.900,2.704
2440,28.902,28.582,2.665
2441,29.793,29.429,2.659
2442,29.093,28.868,2.655
2443,29.800,28.540,2.682
2444,31.073,29.466,2.621
2445,31.130,30.266,2.865
2446,30.330,29.241,2.667
2447,30.592,29.714,2.636
2448,30.121,29.008,2.687
2449,29.462,28.105,2.766
2450,30.243,28.975,2.619
2451,29.129,28.258,4.175
2452,29.064,28.934,4.393
2453,29.022,28.306,4.774
2454,27.773,28.291,5.774
2455,29.497,29.453,4.819
2456,28.904,28.346,5.355
2457,28.420,27.955,5.519
2458,28.028,28.113,5.125
2459,30.473,29.588,4.864
2460,29.428,28.378,2.679
2461,30.358,29.016,2.584
2462,30.289,29.492,2.960
2463,29.298,27.705,2.796
2464,29.588,28.589,2.727
2465,29.437,28.245,2.649
2466,29.823,28.578,2.594
2467,31.459,28.716,2.746
2468,29.724,28.110,2.692
2469,29.821,29.458,2.678
2470,30.522,29.577,2.757
2471,29.434,28.948,2.891
2472,29.336,28.699,2.696
2473,30.225,28.542,2.683
2474,28.944,28.553,2.750
2475,29.361,28.600,2.729
2476,28.652,27.515,2.611
2477,29.278,28.550,2.700
2478,30.105,28.193,2.682
2479,29.785,28.601,2.644
2480,30.665,29.200,2.632
2481,30.261,28.723,2.672
2482,28.701,27.946,2.587
2483,29.937,28.698,2.716
2484,29.086,26.747,2.735
2485,29.735,28.350,2.741
2486,29.193,27.882,2.621
2487,29.670,27.712,2.755
2488,29.773,28.360,2.589
2489,29.452,28.736,2.726
2490,29.060,27.908,2.658
2491,29.713,28.903,2.770
2492,30.316,29.598,2.845
2493,27.962,27.871,2.579
2494,29.471,28.160,2.572
2495,30.264,28.802,2.716
2496,28.233,28.117,2.761
2497,28.176,27.947,2.713
2498,27.081,27.095,2.841
2499,28.382,27.972,2.914
2500,30.023,28.844,2.539
2501,28.018,27.743,2.760
2502,28.717,27.531,2.838
2503,28.575,27.668,2.636
2504,29.025,27.748,2.843
2505,28.949,27.716,2.643
2506,29.747,28.338,2.797
2507,28.331,27.481,4.720
2508,29.412,28.500,4.217
2509,30.159,28.793,4.595
2510,30.497,28.504,4.273
2511,29.536,27.863,5.781
2512,27.624,28.179,6.960
2513,27.556,27.975,6.633
2514,28.057,27.400,5.293
2515,28.754,28.083,7.263
2516,28.474,27.478,5.546
2517,28.737,28.649,5.174
2518,28.267,27.510,5.825
2519,28.621,28.625,5.972
2520,28.966,27.645,5.648
2521,28.672,28.700,6.056
2522,28.888,28.447,6.522
2523,28.684,27.858,5.529
2524,29.104,28.217,5.689
2525,29.996,29.178,4.188
2526,30.127,28.836,4.558
2527,28.769,29.139,5.775
2528,30.584,29.580,5.277
2529,29.750,29.438,4.359
2530,30.511,30.035,3.648
2531,29.765,29.742,5.810
2532,29.625,29.106,4.384
2533,30.101,28.670,3.531
2534,29.726,29.486,4.582
2535,28.911,28.738,5.175
2536,30.792,29.217,4.771
2537,30.220,27.855,4.865
2538,30.443,29.346,4.697
2539,30.248,29.525,5.533
2540,30.816,29.774,5.423
2541,29.102,28.497,4.994
2542,31.049,29.464,5.662
2543,31.224,29.682,4.796
2544,29.939,29.750,6.395
2545,30.466,29.396,4.365
2546,30.937,29.044,5.236
2547,30.297,29.349,4.653
2548,30.183,28.989,4.373
2549,29.885,28.799,5.094
2550,30.072,29.323,5.193
2551,30.684,30.091,6.677
2552,28.057,28.406,8.059
2553,28.750,28.463,6.633
2554,28.471,28.483,7.419
2555,30.127,29.231,6.908
2556,30.267,29.707,4.446
2557,29.654,28.825,2.662
2558,29.777,28.561,2.840
2559,30.149,28.994,2.681
2560,29.732,28.050,2.722
2561,29.942,28.845,2.660
2562,30.767,28.342,2.598
2563,30.233,29.548,2.808
2564,30.410,29.303,2.679
2565,30.123,28.498,2.672
2566,30.568,29.012,2.773
2567,29.601,28.769,2.737
2568,30.511,28.854,2.615
2569,29.941,28.867,2.587
2570,29.840,28.746,2.570
2571,29.664,29.170,2.672
2572,30.585,28.775,2.784
2573,30.229,29.251,2.713
2574,30.407,28.810,2.632
2575,30.463,29.671,2.823
2576,30.770,29.302,2.677
2577,30.130,29.511,2.808
2578,30.559,29.241,2.725
2579,30.632,28.134,2.665
2580,30.638,28.145,2.665
2581,30.761,28.438,2.504
2582,30.998,29.047,2.821
2583,30.678,28.660,2.651
2584,30.883,28.834,2.704
2585,29.550,27.540,2.596
2586,30.112,28.142,2.750
2587,29.128,27.928,2.755
2588,30.782,28.193,2.645
2589,30.518,27.604,2.660
2590,30.632,28.296,2.684
2591,30.608,28.288,2.841
2592,31.353,29.361,2.987
2593,29.591,28.340,2.603
2594,30.208,29.384,2.669
2595,29.487,29.686,2.631
2596,30.057,29.562,2.748
2597,30.387,28.200,2.981
2598,30.270,28.521,2.580
2599,30.158,28.478,2.673
2600,29.917,28.291,2.600
2601,30.121,29.090,2.905
2602,30.613,29.524,2.585
2603,29.382,30.224,2.808
2604,29.040,29.730,2.679
2605,31.189,27.989,2.681
2606,30.775,28.484,2.856
2607,30.086,28.938,2.814
2608,31.561,27.864,2.676
2609,31.363,27.711,2.631
2610,33.003,29.079,2.791
2611,31.549,29.140,2.606
2612,30.508,27.970,2.693
2613,30.724,28.236,2.699
2614,29.077,28.916,2.663
2615,28.432,28.372,2.728
2616,29.259,29.212,2.745
2617,29.392,29.008,2.699
2618,29.577,29.695,2.812
2619,30.586,29.886,2.635
2620,28.974,29.471,2.634
2621,30.058,29.192,2.773
2622,30.079,29.399,2.879
2623,30.273,29.063,2.816
2624,29.864,29.665,2.591
2625,31.236,29.945,2.804
2626,30.721,29.652,2.638
2627,30.992,29.554,2.647
2628,30.092,28.437,2.812
2629,30.333,29.014,2.740
2630,30.005,28.268,2.639
2631,29.242,28.006,2.796
2632,30.141,27.972,3.091
2633,30.618,27.395,2.868
2634,30.571,28.381,2.655
2635,30.072,28.713,2.920
2636,29.647,27.990,3.046
2637,30.088,28.694,2.714
2638,29.761,28.060,2.941
2639,30.044,28.711,2.687
2640,30.215,28.792,2.757
2641,29.572,28.594,2.687
2642,30.449,28.476,3.262
2643,29.959,28.084,2.715
2644,32.047,29.092,2.790
2645,31.496,29.022,2.729
2646,30.611,29.204,2.790
2647,31.984,29.225,2.666
2648,30.650,29.678,2.598
2649,30.929,29.676,2.817
2650,30.671,29.039,2.658
2651,29.171,29.214,4.148
2652,30.358,30.148,2.826
2653,30.214,29.152,2.831
2654,29.760,29.227,2.648
2655,29.889,29.384,2.592
2656,30.543,29.485,2.566
2657,30.718,29.404,2.962
2658,29.663,28.358,2.693
2659,30.352,29.932,2.722
2660,31.710,29.499,2.705
2661,30.666,30.170,2.773
2662,30.373,30.309,2.626
2663,30.476,29.821,2.485
2664,30.576,30.253,2.685
2665,29.613,28.674,2.746
2666,30.207,29.540,2.575
2667,30.511,30.142,4.678
2668,31.178,29.991,5.441
2669,31.865,30.956,6.559
2670,31.212,30.849,4.913
2671,30.946,30.426,5.477
2672,32.185,31.308,4.799
2673,31.677,30.852,5.263
2674,31.072,30.627,4.636
2675,31.782,30.543,5.726
2676,30.831,30.480,4.237
2677,30.697,29.841,4.582
2678,31.756,31.157,4.393
2679,30.888,31.285,4.776
2680,31.963,31.066,4.734
2681,32.031,30.168,2.661
2682,31.999,30.261,2.715
2683,31.495,28.958,2.661
2684,30.817,28.606,2.797
2685,34.320,29.531,2.849
2686,33.266,29.843,2.892
2687,32.650,29.134,2.872
2688,32.848,29.406,2.726
2689,31.647,29.875,2.673
2690,30.717,28.809,2.789
2691,31.748,29.418,2.676
2692,31.157,29.214,2.716
2693,31.028,29.678,2.655
2694,30.228,28.812,3.068
2695,31.620,29.087,2.945
2696,31.461,29.697,2.802
2697,30.709,28.962,2.572
2698,30.029,28.657,2.705
2699,30.762,28.934,2.603
2700,30.522,28.892,2.845
2701,30.745,29.523,2.757
2702,32.018,28.426,2.774
2703,32.276,28.422,2.697
2704,30.608,28.289,2.592
2705,30.852,29.144,2.702
2706,29.760,28.788,2.665
2707,31.069,30.396,2.817
2708,30.420,30.186,2.570
2709,30.803,30.412,2.872
2710,31.369,30.157,2.688
2711,30.274,29.671,2.716
2712,30.958,29.368,2.741
2713,30.587,29.987,2.674
2714,30.659,30.316,2.723
2715,30.986,30.254,2.617
2716,30.334,29.697,2.588
2717,30.471,29.605,2.619
2718,30.335,30.090,2.631
2719,31.329,30.143,2.754
2720,33.476,29.460,2.726
2721,32.339,29.566,2.788
2722,32.803,30.091,2.723
2723,33.382,29.700,2.584
2724,31.568,30.068,2.711
2725,31.975,30.575,2.641
2726,31.429,29.973,2.830
2727,30.617,30.280,2.567
2728,30.286,29.943,2.607
2729,30.017,30.146,2.798
2730,30.303,29.604,2.568
2731,30.820,29.924,2.718
2732,30.547,29.088,2.620
2733,30.863,29.476,2.854
2734,30.016,28.597,2.722
2735,30.233,29.126,2.651
2736,30.979,29.734,2.840
2737,30.192,29.707,2.578
2738,29.545,29.528,2.734
2739,30.418,29.923,2.689
2740,30.729,29.907,2.667
2741,31.577,29.959,2.766
2742,31.096,30.100,2.730
2743,30.691,29.756,2.606
2744,30.482,29.832,2.997
2745,32.545,30.696,2.836
2746,31.052,29.617,2.602
2747,31.619,29.883,2.683
2748,30.826,29.730,2.682
2749,29.653,29.859,2.623
2750,31.176,30.707,2.633
2751,33.456,29.076,2.724
2752,32.413,29.385,2.623
2753,32.529,28.510,2.612
2754,32.108,29.463,2.682
2755,32.957,29.389,2.792
2756,31.282,29.047,2.757
2757,32.213,28.318,2.587
2758,32.504,29.159,2.656
2759,32.841,29.195,2.848
2760,32.800,28.707,2.682
2761,32.871,30.328,2.505
2762,31.364,29.876,2.699
2763,30.509,29.998,2.636
2764,30.048,29.572,2.929
2765,31.418,30.906,2.594
2766,30.217,29.228,2.656
2767,31.990,30.745,2.673
2768,30.629,29.300,2.603
2769,30.503,30.040,2.682
2770,31.003,29.700,2.825
2771,30.611,29.863,2.856
2772,30.267,28.610,2.856
2773,30.079,29.600,2.604
2774,29.334,29.741,4.869
2775,31.262,30.314,4.522
2776,30.465,29.516,4.903
2777,31.509,30.367,4.733
2778,30.938,29.635,4.594
2779,31.169,30.486,4.429
2780,31.012,30.329,4.724
2781,30.797,30.640,4.545
2782,30.386,29.487,4.729
2783,31.063,29.524,2.815
2784,31.672,29.304,2.718
2785,31.570,30.049,2.637
2786,31.538,29.607,2.649
2787,31.042,29.546,2.675
2788,30.201,29.999,2.563
2789,30.780,30.468,2.825
2790,30.634,29.573,2.827
2791,30.677,30.086,2.734
2792,30.016,29.233,2.587
2793,30.993,30.628,2.685
2794,30.554,29.920,2.890
2795,30.924,30.020,2.680
2796,30.063,29.568,2.752
2797,31.357,29.816,2.573
2798,30.876,30.337,2.708
2799,31.204,30.516,2.812
2800,30.446,28.997,2.587
2801,29.946,29.675,2.743
2802,30.392,29.277,2.621
2803,30.633,29.515,2.903
2804,30.696,29.780,2.673
2805,30.707,30.070,2.731
2806,30.318,29.419,2.825
2807,29.267,29.017,2.648
2808,30.061,30.111,2.760
2809,29.768,30.001,2.684
2810,30.074,30.733,2.642
2811,30.134,29.835,2.806
2812,31.062,29.339,2.703
2813,30.843,29.263,2.661
2814,29.806,28.471,2.699
2815,29.642,28.717,2.709
2816,29.898,29.456,2.596
2817,30.129,29.855,5.827
2818,30.422,29.185,3.513
2819,29.867,29.005,2.713
2820,29.737,29.649,2.850
2821,30.461,29.045,2.574
2822,30.427,29.632,2.657
2823,30.583,28.884,2.722
2824,30.517,30.159,2.890
2825,30.354,29.443,2.651
2826,30.414,29.428,2.602
2827,31.416,29.562,2.721
2828,30.818,29.224,2.602
2829,31.030,30.206,2.694
2830,31.200,29.463,2.683
2831,30.674,29.649,2.744
2832,31.077,31.279,2.924
2833,31.319,30.433,2.654
2834,30.865,30.127,2.857
2835,30.775,30.488,2.773
2836,30.369,29.380,2.705
2837,29.537,29.266,2.524
2838,30.602,29.017,2.674
2839,30.600,29.341,2.869
2840,31.873,29.999,2.989
2841,30.468,29.564,2.699
2842,30.795,29.342,2.664
2843,30.761,29.804,2.691
2844,30.541,29.147,2.870
2845,31.526,29.711,2.689
2846,29.732,29.455,2.786
2847,29.933,28.978,2.689
2848,30.570,29.251,2.656
2849,30.048,29.494,3.049
2850,30.499,29.182,2.705
2851,30.155,29.432,2.555
2852,30.798,29.738,2.728
2853,31.402,29.476,2.587
2854,31.354,28.495,2.733
2855,30.970,29.610,2.670
2856,30.969,29.348,2.790
2857,30.658,30.559,2.724
2858,30.388,29.409,2.850
2859,30.827,30.408,2.761
2860,29.516,30.019,2.654
2861,29.376,30.110,2.693
2862,30.447,29.840,2.695
2863,30.539,30.130,2.694
2864,30.637,29.596,2.736
2865,30.334,29.313,2.660
2866,30.268,29.306,2.944
2867,29.867,28.802,2.707
2868,30.596,30.139,2.706
2869,29.817,29.368,2.630
2870,30.322,29.421,3.000
2871,29.986,29.550,2.633
2872,29.622,29.627,2.607
2873,29.798,29.113,2.581
2874,29.717,30.017,2.900
2875,29.803,29.838,2.590
2876,30.020,29.998,2.724
2877,30.766,30.975,2.728
2878,28.959,29.166,2.644
2879,28.780,29.983,2.515
2880,29.461,29.758,2.603
2881,29.274,29.995,2.729
2882,29.905,29.290,2.824
2883,29.258,29.088,2.756
2884,29.257,29.422,2.695
2885,30.514,29.187,2.561
2886,29.924,30.384,2.580
2887,29.277,29.661,2.677
2888,29.467,29.426,2.705
2889,29.903,29.580,2.584
2890,28.231,29.030,2.526
2891,29.904,29.773,2.666
2892,30.377,29.556,2.644
2893,29.704,29.466,2.758
2894,28.943,28.946,2.751
2895,30.053,29.463,2.827
2896,29.262,30.383,2.770
2897,28.782,29.854,2.690
2898,28.944,29.517,2.511
2899,29.497,29.997,2.893
2900,30.097,29.413,2.562
2901,30.454,30.490,2.762
2902,29.114,29.560,2.772
2903,28.718,30.000,2.689
2904,30.079,30.085,2.650
2905,29.403,30.273,2.711
2906,29.480,30.679,2.751
2907,31.014,30.073,2.822
2908,31.064,29.108,2.983
2909,31.518,29.147,2.902
2910,32.321,29.626,2.742
2911,31.510,29.275,2.671
2912,31.887,30.219,2.887
2913,29.675,30.060,2.769
2914,30.244,30.741,2.753
2915,29.808,30.115,2.751
2916,28.741,29.624,2.776
2917,29.994,30.041,2.828
2918,29.741,30.081,2.734
2919,29.839,30.229,2.887
2920,29.491,30.182,2.680
2921,29.992,29.947,3.100
2922,30.191,29.560,2.685
2923,29.833,29.806,2.677
2924,28.551,29.432,2.541
2925,29.183,29.542,2.743
2926,29.638,30.476,2.689
2927,29.855,29.921,2.609
2928,29.048,29.246,2.577
2929,29.167,30.295,2.645
2930,28.906,29.152,2.477
2931,29.417,29.122,2.654
2932,29.318,30.048,2.634
2933,29.481,29.189,2.612
2934,28.336,28.795,2.703
2935,29.087,29.592,2.804
2936,30.331,29.598,2.778
2937,30.865,29.601,2.741
2938,30.846,29.270,2.673
2939,30.902,29.577,2.784
2940,29.993,29.870,2.738
2941,30.149,28.546,2.705
2942,30.434,28.901,2.655
2943,27.875,29.402,2.554
2944,27.643,28.910,2.544
2945,28.966,29.419,2.805
2946,28.914,29.643,2.584
2947,31.110,29.584,2.592
2948,31.557,29.720,2.526
2949,31.612,29.039,2.519
2950,29.382,28.024,2.802
2951,30.504,29.887,5.065
2952,27.994,29.958,4.547
2953,28.955,29.065,4.237
2954,28.033,29.704,4.530
2955,28.425,29.806,3.864
2956,29.335,30.296,4.622
2957,28.138,29.411,5.156
2958,28.460,29.802,4.128
2959,27.267,29.193,6.043
2960,28.797,29.214,4.445
2961,28.367,29.305,2.760
2962,28.085,28.927,2.682
2963,27.747,28.892,2.717
2964,27.796,28.904,2.676
2965,28.571,28.833,2.632
2966,28.477,29.004,2.598
2967,29.324,30.180,2.592
2968,28.946,28.718,2.862
2969,29.300,29.025,2.531
2970,28.748,29.184,2.593
2971,30.909,29.766,2.539
2972,29.105,28.916,2.641
2973,29.669,28.972,2.754
2974,27.850,29.382,4.906
2975,32.169,29.321,2.640
2976,28.366,29.161,2.873
2977,28.845,28.844,2.564
2978,28.294,28.884,2.707
2979,28.232,28.277,2.778
2980,28.596,28.488,2.643
2981,29.501,29.604,2.546
2982,29.186,29.439,2.750
2983,28.664,28.964,2.679
2984,28.262,28.922,2.708
2985,28.928,29.444,2.767
2986,29.344,29.484,2.758
2987,29.762,29.300,2.629
2988,29.232,28.891,2.819
2989,29.626,29.802,2.617
2990,29.772,30.121,2.713
2991,32.960,30.497,2.679
2992,31.897,29.539,2.604
2993,29.060,29.566,2.552
2994,30.042,29.889,2.666
2995,28.835,29.438,2.695
2996,28.095,29.304,2.563
2997,29.707,29.843,2.608
2998,29.698,29.367,2.845
2999,32.323,29.948,2.660
3000,31.456,29.843,2.570
3001,32.346,30.298,2.988
3002,29.522,29.403,2.749
3003,29.865,30.088,2.617
3004,28.961,29.703,2.685
3005,28.763,29.494,2.617
3006,29.006,29.311,2.640
3007,29.744,30.657,2.632
3008,29.390,29.243,2.732
3009,29.275,29.352,2.806
3010,29.079,29.635,2.783
3011,29.497,29.055,2.688
3012,29.827,30.245,2.752
3013,29.959,29.731,2.753
3014,29.457,29.480,2.867
3015,30.795,29.836,2.626
3016,29.450,30.148,3.046
3017,29.745,29.757,2.670
3018,29.348,29.691,2.709
3019,29.514,29.857,2.590
3020,30.254,30.522,2.845
3021,29.279,29.661,2.760
3022,28.637,29.601,2.697
3023,28.312,30.346,4.888
3024,27.594,29.276,5.949
3025,29.075,29.864,5.497
3026,28.025,28.837,4.987
3027,28.978,30.345,5.108
3028,29.299,30.138,6.744
3029,29.401,30.484,5.483
3030,28.762,29.647,4.482
3031,29.462,31.502,4.984
3032,28.929,30.557,5.266
3033,28.626,30.733,6.308
3034,28.469,30.094,5.195
3035,29.440,31.085,5.280
3036,29.961,30.333,5.303
3037,28.946,29.597,5.067
3038,28.495,29.602,5.774
3039,29.274,29.834,4.750
3040,28.087,29.681,5.415
3041,29.867,30.007,4.281
3042,28.904,29.952,5.078
3043,27.775,29.447,4.602
3044,28.868,29.361,5.048
3045,28.926,28.777,4.679
3046,28.703,28.929,5.363
3047,29.546,29.171,4.953
3048,28.785,29.997,5.739
3049,30.221,30.274,4.665
3050,29.895,29.938,4.981
3051,30.222,30.341,4.686
3052,28.955,29.610,4.621
3053,29.063,30.101,4.833
3054,30.558,30.596,4.587
3055,29.495,30.445,4.839
3056,30.276,30.398,4.419
3057,29.267,30.719,5.022
3058,27.472,28.833,2.678
3059,29.195,29.033,2.706
3060,29.288,29.736,2.677
3061,28.916,29.426,2.691
3062,28.240,28.686,2.644
3063,28.432,28.652,2.560
3064,29.606,29.961,2.843
3065,28.637,29.456,2.723
3066,29.173,29.429,2.846
3067,29.025,29.374,3.002
3068,29.448,29.934,2.593
3069,29.011,29.461,2.711
3070,29.571,29.157,2.709
3071,29.536,29.722,2.732
3072,29.781,29.810,2.882
3073,28.646,29.462,2.693
3074,29.594,29.815,2.681
3075,28.803,29.412,2.529
3076,28.347,29.465,2.745
3077,28.388,28.897,3.048
3078,29.192,29.150,2.758
3079,29.717,29.186,2.919
3080,27.896,28.727,2.676
3081,28.444,28.971,2.795
3082,28.848,28.733,2.740
3083,28.615,29.011,2.702
3084,28.789,28.692,2.662
3085,28.717,28.632,2.887
3086,28.115,28.748,3.126
3087,28.246,28.339,2.906
3088,29.540,29.832,2.678
3089,29.155,28.945,2.713
3090,28.595,29.775,2.849
3091,28.607,29.076,3.011
3092,28.361,29.535,2.695
3093,29.866,29.751,2.690
3094,28.822,29.408,2.638
3095,29.477,29.110,2.987
3096,28.842,29.739,2.677
3097,29.268,29.878,2.965
3098,30.151,30.071,3.051
3099,28.824,29.693,2.616
3100,28.684,30.139,2.893
3101,29.338,30.177,4.161
3102,30.047,30.413,5.396
3103,28.841,30.333,5.364
3104,29.321,30.259,3.903
3105,29.612,30.045,5.346
3106,30.419,29.976,5.118
3107,29.864,30.149,4.654
3108,29.308,30.259,4.711
3109,30.178,30.182,4.758
3110,30.567,31.374,4.734
3111,29.245,30.630,4.028
3112,30.740,31.105,5.182
3113,29.696,30.927,5.145
3114,29.607,30.954,5.395
3115,29.291,30.412,5.254
3116,30.132,30.126,5.438
3117,30.175,30.873,5.306
3118,29.586,29.982,6.554
3119,30.475,30.859,5.852
3120,30.112,30.821,5.626
3121,30.676,30.366,5.156
3122,29.907,31.195,6.020
3123,29.873,30.302,5.986
3124,28.950,30.127,5.810
3125,28.291,30.008,5.633
3126,28.886,29.869,6.096
3127,30.065,31.135,6.179
3128,30.209,30.203,3.951
3129,29.183,29.947,5.775
3130,30.311,30.993,5.429
3131,28.462,29.518,4.014
3132,29.344,29.401,4.910
3133,29.216,29.763,4.758
3134,31.176,29.633,4.575
3135,31.310,30.438,5.680
3136,31.636,30.769,5.086
3137,28.759,29.863,5.153
3138,28.846,30.220,4.891
3139,29.766,29.950,5.394
3140,29.266,29.775,4.745
3141,28.351,29.547,3.994
3142,29.461,29.401,4.203
3143,29.744,29.730,5.065
3144,29.057,29.455,4.467
3145,29.759,30.162,5.523
3146,29.453,30.987,4.526
3147,28.374,29.280,4.729
3148,29.311,30.065,4.927
3149,28.905,30.201,4.266
3150,28.350,28.950,4.369
3151,29.807,29.848,4.159
3152,28.772,30.232,5.809
3153,28.346,30.098,5.288
3154,29.571,30.055,4.768
3155,28.226,29.588,6.050
3156,30.297,30.301,6.223
3157,30.407,30.180,4.717
3158,29.296,30.757,5.771
3159,29.406,30.351,5.004
3160,27.543,29.292,6.904
3161,27.962,29.482,6.627
3162,27.940,28.516,7.518
3163,27.779,28.517,6.818
3164,28.272,28.787,6.215
3165,29.170,30.217,5.646
3166,29.512,28.594,2.702
3167,29.523,29.120,2.631
3168,29.772,29.254,2.712
3169,29.189,29.361,2.708
3170,29.111,29.365,2.722
3171,28.446,29.495,2.710
3172,29.959,29.884,2.661
3173,28.508,29.411,2.741
3174,29.781,29.038,2.608
3175,29.022,29.569,2.813
3176,29.655,29.004,2.696
3177,28.389,29.274,2.642
3178,29.344,30.117,2.778
3179,28.450,28.546,2.632
3180,29.297,29.863,5.493
3181,28.033,30.063,5.329
3182,28.555,29.756,4.836
3183,29.122,29.789,4.800
3184,28.973,29.586,5.094
3185,28.889,29.332,5.096
3186,29.571,30.626,5.152
3187,29.356,30.398,5.678
3188,30.187,30.583,5.145
3189,29.184,29.508,4.865
3190,31.020,29.620,5.198
3191,29.634,30.453,5.344
3192,28.805,30.581,5.547
3193,29.553,29.691,5.100
3194,27.642,28.656,5.243
3195,29.023,29.794,5.296
3196,29.500,30.111,5.000
3197,28.700,29.830,7.537
3198,28.940,30.050,5.519
3199,28.184,29.327,5.111
3200,29.824,29.776,5.205
3201,28.056,29.954,6.349
3202,28.741,30.318,5.280
3203,28.642,28.638,5.279
3204,28.784,29.443,5.966
3205,28.625,29.670,5.472
3206,29.485,29.537,6.146
3207,28.278,29.314,7.339
3208,27.071,27.717,7.137
3209,28.252,29.565,6.993
3210,27.533,28.760,6.995
3211,28.018,28.928,6.471
3212,29.090,29.526,5.057
3213,28.204,29.938,5.385
3214,28.266,28.179,4.948
3215,27.309,28.473,5.241
3216,28.076,29.640,6.000
3217,29.160,29.268,5.405
3218,27.695,29.459,5.104
3219,28.226,29.886,6.397
3220,29.216,30.686,6.070
3221,28.415,29.193,5.290
3222,27.861,29.471,6.517
3223,28.599,29.974,5.174
3224,29.737,30.324,5.137
3225,28.893,29.810,5.303
3226,29.553,29.696,5.029
3227,28.718,29.540,5.615
3228,28.219,29.799,5.166
3229,28.919,30.552,5.023
3230,28.649,29.012,4.988
3231,28.178,28.813,5.308
3232,29.514,31.011,5.124
3233,29.196,29.136,4.676
3234,28.746,29.488,5.298
3235,29.612,29.752,4.864
3236,29.127,30.717,5.066
3237,28.743,30.361,4.450
3238,28.898,30.334,5.512
3239,29.556,31.283,5.523
3240,29.006,30.161,4.804
3241,29.509,30.119,5.013
3242,30.233,30.241,5.100
3243,29.724,30.307,4.766
3244,28.883,29.807,4.904
3245,29.862,30.758,5.089
3246,29.049,30.265,4.826
3247,28.728,29.494,5.159
3248,29.359,29.939,5.223
3249,28.732,29.497,5.206
3250,29.683,29.908,5.039
3251,29.205,29.654,5.157
3252,31.466,29.869,5.367
3253,28.358,30.164,4.705
3254,27.275,29.210,4.750
3255,28.978,29.424,5.128
3256,28.644,30.122,5.132
3257,27.710,29.434,4.957
3258,28.479,29.299,5.367
3259,27.739,29.150,5.176
3260,28.797,30.555,6.166
3261,29.048,30.666,4.692
3262,29.362,30.321,4.693
3263,28.585,30.233,5.096
3264,29.232,30.446,4.935
3265,27.259,29.241,5.878
3266,26.568,28.937,6.906
3267,26.903,28.621,6.317
3268,27.613,28.799,7.426
3269,27.374,28.012,7.234
3270,27.251,29.008,7.958
3271,26.902,28.701,6.871
3272,26.097,28.629,7.125
3273,27.321,28.704,6.431
3274,27.009,29.616,6.704
3275,27.105,28.839,7.588
3276,27.241,28.286,6.935
3277,27.394,28.943,7.230
3278,27.461,29.780,6.617
3279,26.259,27.967,7.668
3280,26.091,28.632,7.530
3281,28.037,29.976,6.486
3282,25.945,28.644,7.372
3283,26.877,28.201,6.451
3284,26.849,29.667,7.146
3285,27.059,29.416,7.792
3286,27.583,28.482,6.886
3287,26.957,29.070,6.508
3288,26.032,28.163,7.204
3289,27.198,29.125,7.378
3290,26.734,28.606,8.095
3291,26.562,28.420,7.849
3292,26.185,29.267,7.633
3293,25.739,28.015,7.590
3294,28.031,29.252,6.546
3295,26.988,28.837,7.426
3296,26.903,28.655,6.727
3297,26.197,28.121,7.258
3298,27.129,29.220,7.487
3299,26.575,27.636,7.912
3300,24.862,28.814,6.671
3301,26.516,28.504,6.988
3302,25.442,28.373,7.781
3303,25.588,29.088,7.423
3304,27.392,29.513,7.422
3305,25.719,27.619,7.091
3306,26.212,28.247,7.266
3307,26.750,27.895,6.982
3308,27.843,28.244,7.288
3309,26.871,27.349,7.251
3310,26.682,29.202,7.586
3311,26.418,29.006,7.299
3312,26.863,28.843,7.079
3313,26.822,28.302,7.152
3314,26.314,28.369,7.084
3315,26.738,28.709,7.179
3316,26.514,28.975,7.444
3317,26.213,28.644,7.284
3318,26.798,29.548,6.922
3319,25.723,27.928,7.166
3320,25.659,28.090,7.026
3321,27.347,28.910,7.026
3322,26.473,28.256,7.800
3323,27.482,28.028,7.197
3324,25.395,27.902,6.972
3325,26.457,27.535,7.833
3326,25.210,28.823,7.868
3327,27.352,29.542,6.646
3328,27.044,29.046,7.222
3329,26.819,28.207,6.846
3330,27.135,28.805,7.787
3331,27.423,28.895,7.961
3332,27.894,28.643,7.311
3333,26.337,28.119,8.519
3334,27.277,28.280,7.205
3335,26.363,27.583,8.333
3336,25.975,27.894,8.123
3337,25.976,27.812,7.543
3338,26.842,28.348,7.760
3339,27.224,28.716,8.019
3340,26.866,28.079,7.279
3341,28.561,29.481,7.303
3342,26.632,29.009,7.738
3343,27.997,29.386,5.567
3344,28.847,29.954,4.148
3345,28.460,29.178,4.862
3346,28.915,30.368,5.052
3347,27.956,28.671,5.504
3348,28.847,29.797,5.575
3349,28.075,30.096,5.845
3350,28.309,29.869,5.080
3351,28.073,29.018,5.372
3352,28.707,29.382,5.280
3353,28.821,30.132,5.783
3354,27.890,28.886,5.330
3355,28.093,29.064,5.574
3356,28.925,28.715,5.109
3357,27.405,29.169,5.122
3358,28.209,28.876,5.341
3359,27.071,29.065,5.864
3360,27.665,29.935,5.262
3361,29.057,28.284,5.510
3362,31.187,29.937,5.414
3363,28.588,29.390,5.203
3364,28.294,29.115,5.179
3365,28.249,28.561,4.931
3366,28.444,29.614,5.591
3367,27.860,29.030,5.197
3368,29.217,29.369,5.899
3369,29.173,29.279,5.048
3370,29.475,30.295,4.882
3371,27.778,29.638,5.812
3372,28.916,29.290,5.840
3373,28.859,29.984,5.569
3374,28.583,28.953,5.361
3375,27.268,29.471,5.760
3376,28.576,29.012,4.808
3377,28.030,29.135,5.211
3378,28.352,29.694,5.374
3379,27.924,29.990,6.395
3380,28.252,29.937,5.684
3381,27.847,29.164,5.465
3382,28.887,30.096,5.281
3383,28.433,29.336,5.240
3384,28.500,29.913,5.826
3385,28.507,29.449,5.139
3386,28.851,29.828,5.131
3387,28.636,30.548,5.691
3388,27.582,28.951,5.591
3389,28.012,29.787,5.365
3390,29.001,29.570,5.396
3391,29.846,29.573,4.909
3392,30.073,29.802,4.875
3393,28.469,29.833,4.941
3394,27.100,28.916,7.529
3395,27.027,29.345,6.414
3396,27.827,29.740,5.899
3397,27.675,29.115,6.240
3398,28.255,30.127,4.998
3399,27.271,29.410,6.965
3400,29.229,30.275,5.392
3401,28.636,30.488,6.033
3402,26.995,29.285,6.683
3403,26.417,28.231,8.026
3404,27.159,29.105,6.882
3405,28.370,29.443,5.999
3406,26.724,28.696,7.903
3407,26.344,29.210,8.377
3408,26.202,28.103,7.059
3409,28.830,30.142,6.489
3410,27.354,29.557,6.071
3411,27.409,28.917,5.981
3412,27.061,28.392,6.073
3413,27.313,29.187,6.253
3414,27.895,30.903,7.024
3415,30.027,30.747,7.428
3416,29.245,29.837,4.990
3417,28.482,30.486,7.312
3418,28.984,30.494,6.840
3419,29.682,31.464,7.653
3420,28.853,31.010,6.272
3421,29.070,30.746,6.066
3422,28.397,30.513,6.146
3423,28.852,30.371,5.683
3424,29.048,30.400,5.721
3425,28.722,30.933,4.590
3426,28.038,30.683,7.789
3427,29.318,30.271,6.521
3428,27.542,29.507,7.341
3429,28.571,30.403,6.806
3430,26.718,28.945,7.496
3431,28.379,30.181,6.546
3432,27.759,29.129,5.018
3433,29.345,29.194,4.743
3434,27.219,29.313,7.649
3435,26.998,29.314,8.139
3436,27.160,29.664,6.299
3437,27.372,29.053,5.900
3438,28.300,29.256,7.254
3439,27.853,29.522,5.900
3440,29.092,29.299,5.057
3441,29.730,29.717,4.216
3442,28.848,30.000,5.518
3443,28.575,30.334,5.543
3444,28.921,29.419,5.364
3445,28.175,29.155,6.027
3446,28.194,28.145,4.124
3447,28.467,29.916,5.195
3448,26.368,28.499,6.924
3449,28.183,28.675,7.888
3450,26.677,29.403,7.755
3451,28.841,29.191,2.788
3452,27.789,29.373,5.790
3453,28.722,29.614,5.002
3454,29.031,30.415,5.334
3455,29.156,28.973,5.206
3456,27.282,29.219,7.211
3457,27.984,29.229,5.340
3458,28.262,29.767,5.189
3459,27.509,29.219,5.990
3460,29.751,31.403,5.531
3461,29.044,29.708,4.590
3462,27.707,28.670,7.295
3463,27.905,29.258,6.895
3464,28.273,29.482,4.404
3465,27.722,29.379,5.228
3466,28.095,29.081,4.965
3467,27.931,29.339,6.366
3468,27.798,29.625,6.608
3469,28.881,30.169,4.458
3470,28.546,29.830,4.643
3471,28.545,29.946,6.174
3472,28.679,30.177,4.609
3473,29.865,30.671,5.256
3474,29.819,30.647,5.042
3475,29.370,29.695,6.155
3476,30.087,30.888,5.501
3477,28.283,28.915,5.456
3478,29.501,29.751,5.227
3479,29.061,29.440,5.717
3480,29.603,29.558,5.787
3481,28.875,28.553,6.125
3482,28.962,29.321,6.644
3483,29.100,29.183,5.808
3484,28.269,28.654,6.693
3485,30.176,29.760,5.583
3486,29.474,30.237,6.396
3487,29.831,29.418,5.869
3488,28.802,29.326,6.908
3489,28.993,29.766,6.868
3490,28.982,29.396,5.847
3491,29.044,30.064,7.029
3492,28.397,29.128,7.077
3493,28.134,29.449,6.908
3494,29.441,29.925,6.113
3495,30.279,29.520,5.743
3496,29.499,29.624,5.332
3497,31.626,29.875,5.553
3498,30.119,30.004,6.163
3499,29.571,29.509,6.388
3500,29.576,29.983,6.267
3501,29.580,29.465,5.279
3502,30.130,29.871,6.115
3503,29.878,29.620,6.113
3504,28.907,29.554,4.938
3505,28.873,29.832,7.078
3506,28.470,29.619,5.963
3507,29.824,29.321,5.352
3508,29.141,29.688,5.506
3509,29.431,29.742,5.421
3510,28.861,29.819,5.201
3511,28.147,28.937,6.197
3512,28.231,28.876,5.480
3513,28.542,29.516,6.382
3514,29.047,28.945,5.369
3515,29.325,29.248,5.411
3516,28.047,29.949,5.360
3517,28.737,29.779,5.669
3518,28.347,29.803,6.159
3519,28.349,29.161,5.455
3520,29.163,30.250,5.022
3521,28.984,28.765,5.507
3522,28.435,29.358,5.424
3523,28.585,29.107,5.802
3524,28.984,30.159,5.099
3525,28.443,30.107,5.424
3526,29.145,28.883,5.573
3527,27.776,29.846,6.387
3528,27.837,29.454,5.260
3529,29.030,29.742,5.083
3530,29.216,29.595,5.357
3531,27.867,29.283,6.020
3532,28.829,29.328,5.364
3533,28.516,29.384,5.109
3534,28.446,29.811,6.657
3535,27.797,29.470,6.690
3536,28.156,29.185,6.663
3537,28.082,28.683,7.154
3538,26.590,29.125,7.456
3539,26.510,28.122,7.078
3540,26.601,28.418,7.191
3541,28.992,29.610,4.849
3542,29.177,30.052,4.885
3543,27.990,28.945,5.313
3544,27.905,29.330,4.975
3545,28.329,30.055,4.610
3546,29.362,29.393,4.544
3547,29.384,29.672,5.126
3548,29.193,30.029,5.262
3549,28.880,29.786,4.605
3550,28.749,29.591,4.755
3551,28.383,29.898,4.802
3552,29.195,29.222,4.656
3553,28.938,30.302,4.408
3554,29.527,29.280,4.769
3555,29.273,29.257,4.734
3556,30.196,30.273,4.612
3557,28.834,29.796,4.474
3558,28.159,29.207,4.800
3559,28.030,29.415,4.459
3560,29.989,29.981,4.220
3561,29.577,29.973,4.450
3562,29.243,29.838,4.678
3563,29.606,29.752,4.673
3564,28.401,29.573,4.971
3565,28.585,29.949,4.402
3566,28.468,29.550,5.138
3567,29.192,29.473,5.098
3568,28.229,29.986,5.409
3569,28.465,29.502,6.037
3570,29.041,29.623,4.670
3571,29.489,30.285,4.742
3572,29.091,29.016,4.779
3573,28.373,30.064,4.924
3574,28.467,30.092,4.440
3575,28.940,29.811,4.450
3576,28.911,30.128,5.452
3577,29.545,30.038,5.011
3578,29.571,30.132,4.450
3579,29.733,30.427,4.969
3580,31.009,30.520,6.609
3581,29.965,30.569,4.562
3582,29.095,29.751,4.539
3583,30.693,29.932,4.885
3584,29.666,29.813,4.852
3585,30.716,29.608,4.605
3586,29.193,29.474,4.891
3587,29.596,30.083,4.475
3588,30.295,30.877,4.974
3589,30.173,30.852,4.552
3590,29.543,30.362,5.238
3591,29.078,30.418,5.296
3592,29.309,30.159,5.027
3593,28.811,29.243,5.694
3594,29.355,30.398,5.355
3595,28.133,29.479,5.378
3596,28.986,29.377,5.453
3597,29.590,30.042,5.292
3598,27.866,29.944,5.260
3599,29.590,29.695,4.930
3600,29.552,30.105,5.512
3601,28.298,29.125,6.410
3602,27.355,28.781,6.878
3603,28.899,29.763,5.031
3604,27.558,28.815,6.757
3605,28.567,28.648,7.204
3606,27.523,29.039,7.546
3607,27.336,28.510,6.726
3608,26.542,28.315,6.912
3609,27.273,28.603,7.454
3610,25.525,28.127,8.329
3611,27.948,28.687,7.152
3612,27.085,29.452,7.857
3613,27.438,28.643,7.770
3614,26.763,28.047,7.972
3615,27.435,28.632,7.112
3616,28.241,29.357,7.193
3617,27.888,29.336,6.589
3618,28.683,29.499,7.567
3619,27.763,29.021,6.359
3620,28.891,29.608,6.686
3621,28.746,30.175,6.691
3622,28.460,29.849,6.712
3623,27.489,29.470,8.182
3624,28.183,28.997,5.875
3625,27.038,28.488,6.947
3626,28.356,29.344,7.678
3627,28.745,29.535,5.403
3628,28.872,30.445,5.323
3629,28.929,30.057,4.851
3630,29.320,29.653,5.188
3631,28.511,29.571,5.516
3632,28.572,30.036,5.138
3633,28.837,29.729,5.989
3634,29.413,30.481,5.326
3635,28.885,29.347,4.505
3636,28.941,29.399,5.170
3637,27.622,29.169,7.373
3638,29.903,30.078,6.015
3639,29.653,29.981,5.659
3640,29.617,30.148,5.867
3641,29.391,30.399,5.648
3642,29.498,29.343,6.250
3643,28.605,29.389,5.367
3644,29.539,29.868,5.802
3645,28.628,29.271,5.185
3646,29.488,29.274,5.115
3647,29.269,29.386,5.613
3648,29.038,29.073,5.328
3649,28.590,29.473,6.220
3650,29.488,29.047,4.999
3651,29.094,29.517,5.321
3652,28.278,29.419,5.783
3653,29.045,29.927,5.720
3654,29.565,29.747,6.998
3655,28.690,29.945,6.535
3656,28.372,30.216,7.005
3657,28.909,30.389,6.827
3658,27.081,29.440,6.942
3659,28.444,29.186,6.321
3660,28.638,30.618,7.286
3661,28.917,29.605,6.295
3662,27.830,29.688,6.520
3663,27.145,28.688,7.906
3664,27.902,28.613,6.970
3665,27.245,29.044,6.617
3666,27.061,28.127,7.706
3667,29.860,29.777,4.260
3668,29.772,30.155,4.890
3669,29.355,29.413,7.275
3670,29.852,29.555,5.110
3671,30.517,29.467,5.075
3672,28.208,28.618,6.801
3673,27.397,27.942,8.048
3674,27.375,28.846,8.206
3675,27.762,28.937,6.763
3676,26.908,28.588,7.518
3677,26.041,28.720,7.011
3678,26.608,28.362,7.810
3679,28.370,30.922,6.795
3680,26.791,29.464,7.481
3681,26.748,28.995,7.227
3682,26.943,27.848,7.470
3683,26.851,27.617,7.184
3684,26.981,28.491,8.363
3685,27.875,28.222,7.580
3686,26.904,28.459,7.734
3687,26.075,28.587,8.099
3688,26.903,28.063,7.797
3689,26.452,27.733,7.792
3690,26.913,28.529,8.257
3691,26.406,28.523,8.614
3692,27.000,28.589,7.715
3693,26.528,27.953,8.003
3694,27.526,29.370,8.157
3695,26.968,28.015,7.755
3696,25.410,28.083,7.613
3697,27.053,28.470,7.515
3698,26.858,29.653,7.497
3699,27.450,28.542,6.954
3700,26.720,28.329,6.661
3701,26.159,28.654,7.181
3702,25.787,28.290,7.300
3703,26.391,27.485,8.429
3704,27.717,29.279,7.522
3705,27.109,28.660,7.296
3706,27.093,29.073,7.753
3707,26.915,28.896,7.134
3708,27.814,27.946,8.064
3709,28.762,27.188,7.133
3710,28.639,28.485,8.081
3711,28.118,28.515,7.634
3712,28.768,28.491,7.606
3713,28.951,28.918,7.677
3714,28.735,28.038,7.397
3715,28.791,27.640,6.864
3716,30.296,28.786,7.685
3717,29.704,29.435,7.256
3718,31.265,28.660,7.186
3719,29.240,27.856,7.848
3720,29.307,29.139,7.330
3721,29.427,28.700,8.756
3722,30.155,29.378,7.500
3723,31.039,29.459,7.688
3724,29.975,29.315,6.812
3725,28.493,28.847,9.028
3726,28.136,27.555,7.794
3727,28.494,28.636,8.186
3728,30.697,29.143,7.474
3729,28.544,28.341,8.164
3730,28.285,27.756,7.652
3731,25.861,27.900,7.501
3732,25.986,28.675,8.308
3733,26.714,27.768,7.934
3734,25.517,28.036,7.458
3735,25.735,27.859,7.325
3736,26.551,28.786,8.570
3737,27.321,28.704,7.567
3738,26.605,28.321,6.861
3739,27.272,28.926,7.743
3740,26.549,28.369,7.956
3741,27.022,28.804,8.449
3742,26.582,28.337,7.674
3743,27.188,28.905,7.905
3744,26.655,28.498,8.097
3745,25.470,28.191,8.102
3746,26.810,28.720,8.687
3747,27.039,28.596,8.905
3748,27.075,28.459,8.576
3749,27.031,26.789,8.218
3750,26.308,27.841,7.916
3751,26.256,27.035,7.806
3752,26.818,28.171,7.723
3753,25.499,27.460,7.257
3754,27.357,27.509,8.511
3755,27.018,27.782,8.443
3756,26.989,27.761,8.143
3757,28.804,29.294,8.400
3758,28.127,28.730,7.847
3759,26.723,27.388,8.319
3760,26.639,27.740,7.842
3761,26.819,27.560,8.136
3762,26.624,27.835,7.344
3763,26.362,27.274,8.545
3764,27.235,28.281,7.548
3765,26.310,28.385,7.978
3766,27.007,28.164,7.735
3767,25.678,27.609,7.644
3768,25.832,27.824,8.581
3769,27.139,27.787,8.623
3770,26.813,28.237,7.836
3771,27.634,28.654,6.635
3772,25.663,27.448,8.186
3773,26.905,27.670,7.548
3774,26.035,27.327,7.664
3775,26.778,28.260,8.181
3776,27.603,27.616,7.185
3777,26.214,27.978,8.380
3778,26.551,28.256,8.328
3779,27.302,27.941,7.053
3780,28.986,28.479,8.007
3781,29.149,27.433,8.474
3782,28.627,27.175,8.411
3783,29.053,27.140,8.157
3784,29.426,28.432,7.197
3785,29.149,27.455,7.595
3786,29.985,27.692,8.002
3787,29.931,27.980,7.034
3788,29.196,28.642,8.075
3789,28.934,28.839,8.384
3790,29.329,28.076,6.617
3791,26.370,27.311,7.757
3792,26.760,27.524,7.628
3793,26.095,27.085,7.644
3794,27.543,27.777,6.817
3795,27.178,28.272,8.183
3796,28.787,28.531,7.186
3797,27.630,27.628,7.321
3798,26.884,27.708,7.722
3799,26.301,26.882,8.099
3800,27.610,27.668,7.241
3801,26.690,27.225,7.524
3802,26.083,27.142,7.878
3803,26.812,27.392,7.812
3804,26.130,27.692,7.789
3805,26.269,28.187,7.219
3806,26.646,27.194,5.966
3807,27.099,28.824,6.762
3808,26.549,27.568,6.971
3809,25.753,27.994,7.949
3810,26.837,27.786,8.099
3811,25.774,27.306,8.412
3812,26.239,27.077,8.173
3813,27.794,28.276,7.779
3814,27.175,28.712,7.675
3815,26.610,27.503,7.619
3816,27.534,28.391,8.484
3817,26.397,28.035,8.225
3818,26.770,28.096,7.910
3819,27.523,28.781,8.129
3820,26.541,27.397,7.685
3821,26.362,27.330,7.554
3822,26.765,27.868,7.726
3823,27.099,28.543,7.163
3824,27.248,28.773,6.886
3825,27.068,28.002,7.124
3826,25.772,27.786,8.531
3827,25.497,27.160,8.752
3828,27.294,28.113,8.187
3829,26.595,28.575,8.228
3830,27.890,28.281,7.888
3831,26.199,27.498,7.636
3832,26.643,27.242,7.369
3833,26.363,27.040,7.615
3834,26.357,28.312,8.506
3835,24.888,27.334,8.272
3836,25.971,27.966,8.868
3837,25.904,27.142,9.017
3838,27.351,28.142,7.867
3839,26.912,27.761,7.437
3840,26.251,27.875,7.002
3841,28.506,28.415,7.663
3842,30.294,28.859,6.618
3843,29.118,28.588,8.840
3844,31.133,28.240,7.242
3845,28.288,27.054,8.410
3846,29.268,28.319,8.085
3847,29.603,27.600,8.283
3848,29.475,28.198,7.795
3849,28.278,27.635,8.075
3850,26.896,27.727,8.245
3851,26.945,27.082,8.319
3852,28.353,28.615,7.523
3853,27.274,29.315,8.055
3854,26.982,27.674,8.635
3855,27.523,27.471,8.480
3856,26.721,27.867,8.397
3857,28.991,30.122,7.486
3858,27.284,29.759,8.202
3859,27.532,29.061,8.509
3860,26.926,29.577,7.728
3861,26.523,29.298,8.619
3862,27.234,28.133,8.100
3863,26.602,28.421,8.550
3864,27.452,28.388,7.914
3865,26.915,29.015,7.486
3866,25.945,28.530,7.630
3867,26.683,29.077,7.954
3868,26.376,28.311,7.541
3869,27.427,28.411,8.115
3870,27.400,28.418,8.923
3871,26.165,29.446,8.520
3872,26.715,28.236,8.423
3873,27.165,28.154,8.990
3874,27.406,27.980,8.185
3875,27.957,30.071,8.390
3876,26.837,28.090,8.676
3877,25.994,28.099,8.927
3878,26.613,26.870,8.679
3879,26.279,27.763,8.470
3880,26.791,27.701,8.545
3881,26.620,29.125,8.771
3882,26.558,28.680,8.932
3883,26.898,28.323,8.433
3884,26.710,30.282,8.840
3885,26.972,29.581,8.446
3886,26.791,29.365,8.214
3887,27.634,28.894,8.483
3888,27.094,28.646,8.302
3889,26.668,29.086,8.575
3890,26.452,28.832,8.409
3891,26.801,28.229,8.267
3892,27.246,29.320,8.458
3893,27.003,29.225,8.911
3894,28.119,28.996,7.939
3895,26.590,28.886,8.631
3896,26.710,28.410,8.449
3897,27.675,29.674,8.219
3898,26.690,28.179,8.184
3899,27.595,28.526,8.262
3900,26.574,27.764,8.723
3901,28.516,29.355,7.535
3902,27.129,28.455,8.029
3903,27.556,29.503,7.762
3904,27.008,29.087,7.640
3905,27.627,28.280,8.252
3906,28.368,28.221,8.296
3907,26.437,28.304,7.295
3908,26.617,30.572,7.451
3909,26.847,29.366,7.412
3910,26.933,28.434,7.320
3911,26.851,28.649,7.639
3912,26.382,26.962,7.968
3913,26.756,28.954,7.618
3914,26.849,29.187,7.894
3915,26.606,29.212,7.911
3916,26.947,29.554,7.824
3917,26.875,28.793,8.573
3918,27.244,29.040,8.409
3919,26.660,28.954,6.487
3920,27.381,29.642,7.866
3921,28.148,29.871,7.996
3922,27.424,29.832,8.236
3923,27.294,30.666,7.705
3924,26.521,29.346,6.940
3925,26.517,28.624,9.086
3926,27.083,29.575,7.312
3927,29.296,31.324,5.103
3928,27.019,30.934,7.882
3929,26.937,30.744,7.314
3930,26.975,29.483,7.304
3931,29.040,30.212,7.062
3932,26.736,30.312,6.959
3933,28.113,30.668,7.146
3934,27.569,29.807,7.563
3935,26.763,29.023,7.346
3936,28.208,30.316,7.906
3937,26.206,29.028,8.178
3938,27.046,28.897,7.374
3939,27.177,30.365,8.403
3940,27.591,28.756,7.455
3941,27.438,29.307,7.380
3942,26.825,28.914,6.863
3943,26.360,27.423,7.287
3944,28.472,28.466,7.843
3945,29.282,29.001,8.115
3946,29.038,28.798,7.872
3947,29.735,29.383,7.827
3948,28.671,29.178,7.959
3949,30.058,28.826,7.884
3950,28.980,29.637,8.015
3951,28.515,28.637,7.806
3952,29.156,30.028,8.033
3953,29.304,27.747,7.885
3954,28.483,28.278,7.691
3955,27.132,27.059,7.607
3956,28.561,27.359,7.964
3957,26.478,27.756,7.415
3958,27.106,28.264,7.112
3959,28.518,28.498,7.358
3960,26.758,27.529,7.802
3961,26.959,27.624,7.381
3962,27.785,28.986,7.586
3963,26.688,28.923,8.218
3964,27.244,27.256,8.496
3965,26.740,27.338,7.402
3966,27.177,29.155,7.473
3967,27.563,28.452,7.469
3968,26.593,27.600,7.154
3969,26.760,28.885,7.347
3970,27.973,28.359,7.614
3971,27.747,28.141,7.939
3972,26.591,28.952,7.858
3973,26.522,28.968,7.533
3974,26.992,28.611,7.879
3975,27.254,29.074,8.007
3976,27.799,29.957,6.323
3977,27.254,28.348,8.145
3978,27.150,29.054,7.442
3979,27.640,29.182,6.744
3980,26.566,28.386,6.947
3981,26.289,27.331,7.312
3982,26.473,29.008,7.633
3983,25.434,28.044,7.087
3984,26.724,28.872,7.384
3985,27.146,28.130,7.077
3986,26.474,28.492,8.736
3987,26.318,28.561,7.641
3988,26.146,28.352,7.270
3989,25.997,26.900,8.028
3990,25.951,29.859,7.834
3991,25.685,27.630,7.741
3992,26.556,28.343,7.840
3993,27.972,29.562,7.368
3994,26.160,28.343,8.164
3995,27.230,28.488,8.710
3996,27.089,28.916,8.111
3997,26.504,28.978,7.794
3998,27.510,29.710,7.817
3999,26.477,27.875,8.376
4000,26.471,29.491,8.084
4001,26.172,27.911,7.854
4002,26.198,29.919,7.667
4003,26.777,29.784,7.868
4004,26.693,29.357,7.838
4005,26.743,28.348,7.710
4006,28.245,29.520,7.374
4007,26.963,28.772,7.376
4008,27.194,29.676,6.819
4009,28.089,28.904,6.813
4010,27.164,28.458,7.841
4011,27.465,29.059,7.010
4012,28.702,29.770,6.509
4013,27.501,27.259,8.358
4014,27.166,27.693,8.259
4015,28.004,28.172,7.980
4016,27.807,28.474,7.196
4017,26.560,27.473,8.976
4018,27.645,28.545,7.262
4019,27.523,27.758,7.227
4020,27.307,28.279,7.114
4021,26.949,27.305,8.354
4022,27.319,27.222,7.322
4023,27.339,28.198,8.057
4024,27.002,27.925,7.746
4025,25.793,26.969,7.722
4026,26.777,27.174,7.922
4027,27.793,28.328,6.880
4028,28.210,30.143,6.290
4029,27.654,28.110,6.986
4030,27.295,27.641,7.276
4031,28.195,29.933,7.242
4032,27.399,29.427,6.601
4033,27.567,29.249,7.230
4034,26.817,28.641,7.595
4035,27.903,29.227,7.382
4036,27.724,29.065,6.380
4037,27.226,28.752,6.009
4038,27.755,29.859,6.927
4039,28.021,29.492,7.305
4040,27.554,30.091,7.485
4041,28.223,29.471,7.635
4042,27.045,28.328,7.506
4043,27.629,30.041,6.645
4044,27.321,28.116,7.645
4045,28.602,29.298,7.007
4046,28.621,28.615,7.501
4047,27.771,30.894,8.132
4048,29.828,32.351,5.421
4049,30.273,31.300,4.210
4050,29.507,30.817,5.121
4051,30.030,31.894,5.599
4052,27.944,29.592,7.163
4053,27.475,28.480,6.240
4054,27.786,28.682,8.957
4055,27.586,28.032,8.068
4056,26.343,28.701,8.675
4057,27.542,27.821,8.779
4058,27.885,28.996,6.973
4059,26.883,29.081,7.967
4060,27.033,27.670,8.556
4061,27.133,28.709,8.018
4062,27.005,26.914,7.830
4063,26.869,28.631,7.916
4064,28.463,29.685,7.722
4065,28.067,29.513,7.630
4066,28.630,29.311,6.915
4067,27.078,29.592,8.048
4068,27.484,29.455,6.909
4069,27.670,28.004,7.766
4070,28.552,28.077,7.893
4071,28.260,29.221,7.228
4072,28.588,28.684,6.294
4073,26.771,28.585,7.565
4074,26.543,29.602,8.138
4075,27.198,29.755,8.383
4076,28.047,30.666,7.669
4077,27.995,29.732,7.887
4078,26.527,28.167,7.027
4079,26.474,28.377,8.150
4080,28.314,28.858,8.308
4081,27.426,29.795,7.131
4082,26.553,28.473,7.557
4083,26.266,28.568,8.332
4084,26.534,28.435,7.591
4085,25.729,28.877,8.075
4086,26.830,28.880,8.281
4087,25.942,29.322,8.483
4088,26.682,27.885,8.374
4089,26.915,27.698,8.228
4090,29.206,29.382,6.904
4091,28.098,28.765,8.206
4092,27.478,27.236,7.741
4093,27.658,28.409,7.127
4094,26.782,28.451,9.255
4095,26.898,27.379,8.318
4096,27.527,26.915,7.483
4097,28.148,27.300,7.859
4098,27.669,28.556,8.346
4099,27.660,27.743,7.310
4100,27.180,27.124,7.470
4101,27.448,27.608,7.995
4102,28.074,28.311,7.468
4103,28.586,28.519,7.813
4104,27.833,27.288,8.430
4105,27.976,28.029,7.323
4106,26.985,27.038,8.259
4107,27.769,27.917,7.964
4108,26.975,26.730,8.275
4109,28.952,28.250,7.329
4110,26.881,26.718,8.682
4111,28.063,27.968,7.810
4112,26.877,26.458,8.701
4113,29.039,28.206,8.173
4114,28.631,27.627,7.816
4115,27.506,27.438,7.818
4116,27.913,28.696,8.539
4117,27.391,27.817,8.776
4118,27.927,29.341,8.746
4119,28.385,29.067,7.015
4120,27.436,28.337,7.960
4121,28.386,28.326,7.488
4122,28.521,28.395,7.883
4123,27.862,29.537,7.852
4124,28.339,28.047,8.105
4125,27.478,28.094,8.870
4126,29.888,30.906,5.638
4127,28.218,29.246,8.108
4128,30.708,30.553,5.340
4129,30.618,31.191,5.050
4130,30.296,30.464,5.438
4131,30.246,30.111,5.306
4132,29.421,31.323,5.182
4133,30.563,30.523,5.031
4134,28.808,30.448,6.233
4135,29.278,29.433,7.237
4136,28.629,28.781,7.533
4137,27.223,28.569,7.837
4138,28.243,29.287,7.655
4139,26.412,26.905,7.492
4140,27.616,28.455,7.374
4141,28.643,29.493,7.952
4142,27.537,28.070,7.406
4143,28.472,28.186,7.430
4144,27.722,27.824,8.157
4145,27.463,29.339,8.234
4146,26.212,28.323,7.915
4147,27.579,28.941,8.291
4148,27.417,27.642,8.297
4149,26.838,29.418,7.260
4150,28.080,28.668,7.604
4151,27.331,29.320,7.707
4152,27.417,29.579,8.220
4153,27.396,29.356,7.602
4154,27.867,28.228,7.331
4155,27.629,28.016,7.655
4156,27.548,27.821,7.799
4157,27.370,29.032,7.060
4158,28.388,28.562,8.364
4159,26.971,28.948,8.604
4160,27.028,29.002,8.098
4161,27.298,27.790,8.724
4162,27.655,28.363,7.762
4163,28.049,29.173,7.573
4164,27.420,28.070,8.541
4165,27.149,27.964,7.766
4166,27.632,28.606,7.178
4167,27.304,28.638,7.962
4168,26.276,28.304,7.513
4169,26.402,27.837,7.323
4170,27.669,29.145,7.486
4171,27.941,29.863,7.252
4172,29.070,30.172,7.746
4173,26.790,28.554,8.385
4174,27.785,29.147,8.478
4175,27.905,29.617,7.401
4176,28.053,29.647,7.287
4177,28.596,29.799,8.212
4178,27.462,28.453,8.472
4179,27.271,28.735,8.190
4180,27.914,29.677,7.359
4181,26.846,29.507,7.991
4182,28.035,28.466,6.432
4183,26.880,27.682,7.648
4184,26.723,27.626,8.759
4185,27.580,30.130,8.453
4186,27.122,27.874,7.848
4187,28.201,29.894,7.006
4188,26.814,27.695,7.816
4189,27.796,28.364,8.625
4190,27.363,29.802,8.394
4191,27.776,29.589,8.214
4192,27.824,28.668,7.621
4193,27.504,29.318,7.624
4194,28.762,29.466,7.993
4195,28.270,28.602,8.032
4196,28.586,29.433,6.767
4197,28.315,29.835,7.226
4198,28.813,31.122,6.666
4199,28.074,29.562,7.222
4200,29.202,30.425,6.973
4201,29.492,30.846,6.109
4202,29.501,30.282,7.176
4203,28.536,29.296,6.554
4204,29.120,30.331,7.016
4205,29.874,31.671,6.688
4206,28.691,29.432,7.249
4207,28.262,28.952,7.115
4208,29.175,30.489,6.280
4209,27.526,29.021,7.362
4210,28.334,29.082,6.538
4211,27.635,29.171,6.150
4212,27.731,30.560,7.095
4213,26.580,28.905,7.432
4214,26.751,29.038,6.459
4215,27.268,28.535,6.916
4216,28.053,29.223,7.204
4217,26.857,29.741,6.246
4218,28.159,28.964,6.514
4219,26.862,28.462,6.819
4220,28.092,29.608,6.668
4221,28.295,29.202,6.646
4222,28.559,29.669,6.018
4223,28.112,28.566,6.735
4224,28.629,30.371,6.734
4225,28.631,30.065,7.082
4226,28.254,29.487,7.907
4227,28.035,28.691,6.755
4228,28.543,29.154,6.988
4229,28.642,28.887,7.648
4230,27.643,29.495,6.961
4231,28.000,30.620,7.740
4232,27.871,29.228,7.606
4233,28.393,30.574,7.403
4234,27.965,29.037,6.505
4235,29.581,28.573,6.997
4236,30.205,30.016,5.009
4237,29.137,29.630,4.953
4238,28.783,27.997,6.496
4239,28.271,28.116,6.631
4240,27.848,28.745,7.119
4241,27.507,28.760,7.111
4242,27.893,27.494,6.918
4243,27.918,28.136,6.793
4244,28.246,27.938,6.515
4245,28.535,28.347,5.939
4246,27.072,28.427,7.316
4247,28.191,28.993,6.662
4248,28.463,28.499,7.252
4249,28.638,29.855,6.578
4250,27.722,30.360,6.184
4251,26.716,28.667,7.297
4252,27.901,30.610,6.849
4253,27.766,29.806,6.687
4254,28.278,29.751,7.637
4255,28.097,28.468,6.643
4256,28.683,29.311,7.266
4257,28.108,28.924,7.568
4258,29.318,29.911,6.400
4259,29.414,28.503,6.895
4260,29.775,30.461,7.996
4261,30.197,29.277,7.467
4262,29.117,30.606,7.405
4263,29.109,30.730,7.201
4264,28.010,29.207,6.844
4265,28.140,29.393,6.862
4266,28.109,29.305,6.774
4267,27.472,29.227,8.537
4268,28.323,29.566,6.907
4269,27.937,30.084,7.488
4270,28.367,30.552,7.150
4271,27.673,29.813,6.892
4272,27.325,29.379,6.855
4273,28.456,30.402,7.008
4274,28.728,30.414,6.676
4275,27.208,29.932,6.092
4276,28.862,30.234,6.478
4277,27.092,28.516,7.606
4278,26.792,31.077,7.529
4279,27.499,29.622,7.004
4280,28.973,30.513,7.077
4281,30.059,32.421,6.802
4282,30.064,31.103,4.403
4283,30.656,31.482,4.822
4284,30.549,30.799,4.590
4285,30.455,31.067,6.194
4286,29.455,30.234,5.698
4287,28.872,29.864,6.601
4288,28.123,30.466,6.770
4289,28.968,30.283,7.245
4290,29.206,31.279,5.458
4291,29.679,31.288,7.306
4292,28.770,30.596,5.195
4293,29.450,30.881,6.682
4294,29.445,31.098,6.756
4295,29.702,30.705,6.520
4296,29.553,30.237,5.937
4297,29.468,31.719,5.414
4298,28.867,31.937,5.745
4299,29.434,30.578,5.572
4300,28.339,29.973,5.804
4301,29.105,31.498,6.013
4302,29.003,32.045,6.629
4303,28.571,30.558,6.709
4304,28.674,29.944,5.999
4305,28.880,29.562,6.128
4306,27.815,29.723,7.882
4307,28.852,29.732,6.002
4308,26.911,29.327,8.196
4309,27.636,28.705,6.743
4310,27.234,28.740,5.994
4311,27.799,28.383,6.761
4312,27.820,28.484,6.364
4313,28.320,30.001,6.828
4314,28.416,28.561,7.308
4315,28.032,29.327,6.303
4316,27.324,28.677,6.970
4317,28.280,29.590,6.273
4318,27.639,29.787,6.407
4319,28.177,29.682,7.450
4320,27.428,27.576,6.948
4321,29.646,30.143,5.241
4322,30.176,30.589,2.673
4323,30.115,30.451,2.718
4324,29.379,30.867,2.630
4325,29.736,30.580,2.757
4326,30.085,32.169,2.655
4327,29.412,31.366,2.648
4328,29.230,29.057,2.583
4329,29.575,29.956,2.678
4330,30.204,30.852,2.636
4331,29.834,30.650,2.570
4332,29.543,30.719,2.770
4333,28.710,28.926,2.616
4334,30.265,30.046,2.693
4335,28.569,29.659,2.706
4336,29.927,29.565,2.792
4337,29.838,28.371,2.807
4338,29.052,28.551,2.765
4339,29.231,27.691,2.681
4340,29.902,30.413,2.693
4341,31.410,31.106,4.822
4342,29.020,29.931,4.820
4343,28.930,29.286,4.471
4344,29.744,29.730,4.930
4345,29.032,29.589,4.469
4346,30.099,29.304,4.523
4347,29.601,29.605,4.233
4348,30.144,29.492,4.573
4349,28.887,29.518,7.151
4350,28.883,29.610,6.065
4351,28.238,29.018,5.310
4352,28.323,29.278,5.312
4353,29.011,30.095,5.321
4354,29.697,30.167,5.099
4355,29.386,30.976,5.200
4356,28.803,29.689,5.311
4357,29.841,30.316,5.269
4358,29.357,30.270,5.152
4359,30.422,30.130,5.399
4360,30.910,30.998,4.823
4361,30.553,29.755,5.201
4362,28.984,29.276,4.798
4363,30.243,30.161,5.455
4364,30.695,30.762,5.196
4365,30.039,29.113,5.304
4366,29.840,29.301,5.341
4367,30.266,29.942,6.240
4368,30.393,31.929,5.004
4369,29.430,30.993,5.627
4370,28.817,30.839,6.372
4371,28.656,28.801,6.323
4372,29.430,30.180,6.912
4373,30.141,29.291,4.753
4374,28.938,28.396,5.069
4375,29.539,29.517,5.261
4376,29.554,28.754,4.939
4377,29.672,30.846,5.781
4378,29.909,30.151,5.091
4379,29.024,30.988,5.201
4380,29.240,29.327,5.005
4381,29.045,29.941,5.079
4382,29.224,29.685,5.127
4383,29.280,29.570,5.342
4384,28.789,29.073,5.308
4385,29.723,30.618,4.918
4386,29.031,30.100,5.653
4387,29.746,29.793,5.496
4388,29.134,29.056,4.669
4389,30.027,29.210,4.989
4390,30.019,29.062,5.079
4391,29.326,27.973,4.912
4392,29.400,28.799,4.810
4393,29.925,28.886,4.989
4394,29.243,28.739,4.954
4395,29.800,29.034,5.184
4396,29.241,28.876,4.662
4397,29.769,29.354,5.358
4398,30.206,28.497,5.023
4399,28.770,28.597,5.275
4400,29.685,30.023,5.167
4401,28.362,28.212,6.090
4402,29.638,30.929,5.761
4403,30.223,29.640,6.681
4404,30.090,28.700,4.777
4405,29.078,29.316,5.620
4406,29.437,29.213,6.054
4407,29.017,28.516,5.981
4408,28.597,28.410,6.314
4409,29.901,27.931,5.075
4410,30.079,28.906,4.923
4411,29.967,29.108,4.997
4412,29.431,27.913,6.079
4413,28.582,27.482,5.924
4414,30.509,28.109,5.064
4415,29.048,28.509,6.315
4416,28.933,28.307,6.344
4417,30.365,29.130,4.863
4418,30.905,28.298,5.527
4419,30.614,28.668,4.675
4420,30.331,27.990,5.549
4421,29.730,28.678,5.847
4422,30.018,28.717,4.686
4423,29.872,30.928,5.725
4424,31.867,32.065,4.631
4425,31.201,29.512,6.503
4426,30.176,29.881,6.298
4427,31.558,30.705,4.426
4428,30.110,29.410,5.216
4429,28.917,29.840,5.317
4430,29.148,30.176,4.759
4431,30.119,30.475,4.985
4432,28.820,31.167,5.469
4433,28.630,29.823,4.963
4434,29.227,30.334,6.637
4435,28.854,30.087,4.919
4436,28.144,29.134,4.748
4437,29.421,30.306,5.956
4438,28.407,30.471,6.355
4439,28.064,29.506,6.040
4440,28.598,28.752,6.721
4441,28.368,29.509,5.951
4442,28.982,30.345,5.755
4443,28.703,31.097,7.212
4444,27.691,30.370,7.775
4445,27.301,29.788,7.277
4446,28.590,30.254,6.442
4447,29.789,31.123,4.667
4448,29.190,29.849,4.945
4449,29.018,31.682,6.702
4450,29.064,30.292,6.702
4451,27.616,29.217,5.775
4452,26.806,29.670,7.784
4453,27.814,30.057,6.295
4454,28.126,29.818,6.824
4455,28.173,30.488,7.487
4456,27.580,29.401,6.711
4457,28.806,30.287,6.574
4458,30.300,30.968,4.752
4459,29.780,31.248,6.391
4460,29.997,30.482,6.339
4461,30.074,32.160,7.007
4462,30.412,30.947,6.163
4463,30.997,31.847,5.058
4464,30.152,31.542,7.080
4465,29.399,31.431,5.808
4466,29.480,31.415,5.334
4467,29.448,31.266,6.876
4468,29.346,29.814,5.248
4469,30.252,31.938,5.177
4470,29.955,31.114,5.281
4471,29.723,31.509,5.831
4472,32.278,31.803,5.917
4473,30.542,30.560,5.938
4474,30.232,31.415,6.527
4475,29.368,29.699,6.760
4476,29.887,30.607,6.345
4477,29.584,29.768,4.968
4478,29.094,29.791,6.250
4479,31.114,31.306,4.589
4480,29.363,29.772,7.969
4481,27.996,29.512,9.355
4482,29.330,29.361,7.468
4483,28.856,30.181,6.930
4484,29.649,31.316,5.498
4485,29.057,30.114,7.002
4486,29.146,30.370,4.869
4487,28.029,29.723,5.936
4488,30.309,29.327,6.326
4489,31.231,30.081,5.797
4490,32.356,30.444,5.808
4491,31.300,30.795,6.540
4492,29.130,30.518,6.352
4493,30.060,30.139,6.480
4494,28.960,30.878,5.268
4495,28.526,30.190,4.849
4496,29.278,30.685,6.117
4497,28.400,30.639,5.242
4498,29.734,30.462,5.015
4499,29.063,31.571,4.594
4500,28.627,30.287,6.175
4501,28.750,29.834,6.352
4502,28.926,31.355,4.766
4503,29.223,30.299,5.724
4504,29.016,30.082,5.783
4505,29.380,29.887,5.129
4506,29.628,30.598,5.342
4507,29.527,30.776,4.837
4508,29.757,30.845,5.950
4509,30.580,31.701,5.333
4510,29.380,30.458,7.151
4511,30.249,31.366,5.220
4512,28.755,30.734,6.234
4513,30.241,31.269,5.947
4514,29.173,30.374,5.271
4515,29.743,30.745,4.849
4516,29.335,30.836,5.511
4517,28.931,31.032,6.716
4518,29.568,30.208,5.071
4519,30.172,30.859,4.915
4520,29.795,30.803,4.303
4521,29.016,31.381,5.149
4522,29.668,30.816,4.752
4523,28.132,28.842,6.638
4524,28.212,28.838,6.292
4525,28.079,29.683,6.071
4526,28.835,31.146,6.351
4527,27.119,29.175,6.966
4528,28.793,30.457,6.218
4529,28.452,29.625,5.794
4530,28.895,30.357,6.726
4531,30.225,32.081,6.118
4532,30.001,30.822,6.770
4533,29.835,31.508,6.592
4534,29.919,31.940,6.637
4535,29.604,31.417,6.787
4536,29.468,31.485,7.011
4537,29.630,31.259,7.259
4538,29.493,30.312,6.969
4539,30.477,31.081,6.904
4540,30.548,31.325,6.808
4541,29.735,31.463,4.926
4542,30.368,30.919,6.704
4543,30.428,32.543,6.776
4544,29.294,32.151,6.796
4545,29.376,31.897,8.364
4546,28.028,32.171,7.965
4547,29.456,32.697,7.053
4548,28.948,31.471,7.288
4549,29.308,32.045,7.699
4550,28.871,30.961,7.374
4551,29.683,31.985,6.976
4552,29.977,32.029,6.696
4553,28.599,31.538,7.817
4554,30.565,31.594,6.623
4555,29.295,31.632,7.971
4556,29.144,32.416,8.290
4557,29.941,31.831,7.006
4558,28.949,30.926,7.390
4559,29.768,32.167,7.183
4560,28.560,30.239,6.045
4561,29.876,32.749,6.127
4562,29.378,31.791,6.930
4563,30.102,32.412,6.180
4564,28.211,30.351,6.148
4565,27.732,30.540,5.858
4566,28.477,30.552,5.075
4567,30.008,30.752,5.556
4568,27.255,30.774,6.663
4569,28.699,31.021,5.103
4570,28.580,32.510,6.763
4571,29.620,31.835,5.606
4572,29.784,30.851,2.580
4573,31.869,34.040,2.805
4574,29.686,31.828,2.935
4575,29.590,31.909,2.777
4576,30.173,31.364,2.590
4577,29.932,31.192,2.666
4578,29.480,30.945,2.671
4579,29.935,32.037,2.754
4580,30.876,32.056,2.745
4581,28.800,31.074,5.187
4582,28.938,31.259,4.984
4583,29.781,31.370,5.181
4584,30.049,31.751,5.877
4585,30.224,31.651,5.243
4586,29.028,31.402,5.327
4587,31.039,32.953,4.656
4588,30.037,32.149,4.817
4589,29.054,31.926,6.129
4590,28.760,30.905,7.333
4591,29.131,31.057,5.009
4592,30.713,33.077,6.157
4593,29.098,31.834,6.726
4594,29.790,31.909,4.749
4595,29.990,31.629,4.598
4596,30.162,32.694,6.217
4597,29.585,32.962,6.193
4598,30.626,32.060,5.508
4599,30.155,32.054,5.771
4600,29.480,31.592,5.865
4601,28.405,31.690,7.516
4602,29.670,31.884,6.469
4603,29.785,32.342,5.445
4604,28.590,30.922,5.238
4605,28.948,32.525,6.274
4606,29.841,31.790,4.863
4607,29.721,31.211,5.579
4608,30.211,31.100,5.628
4609,28.835,29.248,6.824
4610,27.666,30.437,7.807
4611,27.778,30.517,6.398
4612,27.363,28.656,6.576
4613,28.143,30.288,7.581
4614,27.707,30.494,6.591
4615,29.123,31.331,5.531
4616,30.183,32.388,6.149
4617,28.990,30.667,6.353
4618,29.784,32.766,6.642
4619,29.953,32.957,5.994
4620,29.239,31.780,6.064
4621,29.810,32.025,6.105
4622,28.797,31.512,6.725
4623,30.313,32.647,5.440
4624,30.274,32.808,6.126
4625,30.172,31.420,4.522
4626,29.606,31.808,6.421
4627,32.701,31.594,4.553
4628,29.528,30.649,5.180
4629,29.326,31.363,5.901
4630,28.995,31.510,6.532
4631,30.559,31.511,6.463
4632,29.984,31.459,4.423
4633,29.709,31.606,6.330
4634,29.884,31.087,6.496
4635,27.542,30.064,7.157
4636,29.301,31.530,7.522
4637,28.130,30.056,7.097
4638,28.131,29.550,6.708
4639,28.655,31.057,6.350
4640,28.817,30.891,5.073
4641,28.951,30.749,4.899
4642,27.391,30.860,7.302
4643,27.393,29.932,6.899
4644,28.507,31.053,6.704
4645,28.352,31.200,6.706
4646,28.790,30.237,6.839
4647,30.818,31.602,4.260
4648,29.676,31.811,4.820
4649,29.929,32.547,5.244
4650,30.109,33.153,4.968
4651,30.943,31.542,6.224
4652,30.307,32.099,5.304
4653,29.653,32.068,7.043
4654,29.916,32.102,5.681
4655,31.151,31.627,4.577
4656,30.512,32.426,6.425
4657,29.331,31.598,6.191
4658,29.570,32.145,5.474
4659,29.745,32.624,5.142
4660,30.535,31.304,5.494
4661,28.931,29.241,5.063
4662,29.226,30.812,6.414
4663,28.957,31.265,5.443
4664,27.649,29.712,8.429
4665,29.239,30.820,6.086
4666,27.931,29.998,7.134
4667,28.627,29.034,5.379
4668,27.763,30.011,6.762
4669,28.384,30.900,7.900
4670,27.825,30.063,6.345
4671,29.468,32.731,6.079
4672,28.451,30.116,5.000
4673,29.878,31.836,4.337
4674,29.000,31.977,6.650
4675,29.721,30.993,5.405
4676,29.462,31.009,5.212
4677,29.952,32.123,5.423
4678,29.544,31.144,6.521
4679,29.104,30.686,4.977
4680,29.008,31.216,5.924
4681,29.449,31.091,4.364
4682,28.860,30.312,5.088
4683,26.819,29.324,6.929
4684,28.343,30.996,4.872
4685,28.980,31.363,5.397
4686,29.109,30.671,5.310
4687,28.305,30.327,5.648
4688,28.963,30.899,5.265
4689,28.273,31.273,6.515
4690,29.135,30.735,5.370
4691,28.838,29.548,4.757
4692,28.899,29.914,4.538
4693,27.740,30.520,6.937
4694,28.581,30.614,6.348
4695,28.031,29.189,5.037
4696,29.116,30.496,5.337
4697,28.293,29.567,5.432
4698,28.380,29.675,5.113
4699,29.155,29.979,5.078
4700,28.316,31.314,5.607
4701,27.606,28.195,7.185
4702,28.099,29.078,6.417
4703,27.221,29.526,6.944
4704,26.760,28.838,6.945
4705,28.052,29.297,5.378
4706,28.878,30.196,5.047
4707,29.108,29.829,5.225
4708,28.378,29.733,5.569
4709,28.863,29.805,4.646
4710,28.146,29.880,5.934
4711,28.197,30.876,5.862
4712,28.725,30.987,4.550
4713,28.508,30.399,6.652
4714,28.821,31.033,6.212
4715,29.410,32.041,7.226
4716,28.771,30.215,6.584
4717,27.784,30.201,5.585
4718,28.831,29.761,4.995
4719,28.758,30.075,4.308
4720,29.331,30.650,5.011
4721,27.777,29.900,6.280
4722,27.703,30.857,6.655
4723,28.616,29.406,6.655
4724,28.601,30.284,6.315
4725,29.685,29.134,5.744
4726,29.212,31.274,5.499
4727,29.065,31.602,5.291
4728,29.240,31.469,6.007
4729,30.114,32.132,6.559
4730,30.652,29.553,4.116
4731,29.153,28.696,5.518
4732,30.970,29.539,5.953
4733,28.560,28.548,6.357
4734,29.484,28.787,6.876
4735,28.846,28.478,7.006
4736,29.931,28.866,6.667
4737,30.581,28.429,6.754
4738,29.874,29.593,7.094
4739,30.383,29.746,6.158
4740,30.246,29.720,6.359
4741,31.263,29.974,5.597
4742,31.417,29.825,5.599
4743,30.230,30.272,6.756
4744,30.150,29.315,5.885
4745,30.634,29.921,4.786
4746,28.193,27.614,7.085
4747,28.943,29.058,6.400
4748,28.307,28.160,6.456
4749,29.319,29.840,5.333
4750,27.511,27.686,7.254
4751,28.670,27.306,6.450
4752,30.332,29.615,5.901
4753,27.125,27.788,6.740
4754,28.686,27.766,5.996
4755,29.075,28.082,6.016
4756,29.647,29.970,4.915
4757,30.535,30.741,4.618
4758,30.434,29.433,4.666
4759,30.140,29.177,5.649
4760,28.835,28.762,6.255
4761,28.692,28.646,6.678
4762,28.414,28.431,7.439
4763,30.698,30.518,5.254
4764,30.498,30.050,5.734
4765,30.831,29.678,6.484
4766,30.047,29.904,7.753
4767,28.581,29.111,6.441
4768,29.053,29.750,5.605
4769,29.789,29.607,6.900
4770,30.372,30.376,5.443
4771,29.626,30.126,4.804
4772,29.449,30.005,4.868
4773,30.048,30.838,4.859
4774,30.519,29.317,4.669
4775,29.373,30.374,6.338
4776,27.978,28.769,5.613
4777,29.344,29.823,6.555
4778,27.863,29.082,6.829
4779,28.942,30.032,6.090
4780,28.532,30.787,6.824
4781,28.097,30.568,6.404
4782,28.907,29.433,7.072
4783,29.196,29.453,5.010
4784,29.710,30.784,5.014
4785,28.922,29.946,6.485
4786,29.381,29.658,6.462
4787,30.657,30.926,5.235
4788,29.539,30.253,4.916
4789,29.620,30.358,5.131
4790,29.509,30.689,5.473
4791,29.590,30.634,5.351
4792,29.765,30.538,4.940
4793,29.615,30.282,5.580
4794,29.523,30.165,5.356
4795,29.758,30.476,5.358
4796,29.543,29.788,5.484
4797,29.746,30.083,5.022
4798,30.804,30.806,5.262
4799,30.431,30.146,5.152
4800,29.386,29.499,5.417
4801,30.247,30.063,5.292
4802,29.729,29.755,5.025
4803,30.109,30.322,5.268
4804,29.603,29.965,5.178
4805,28.268,29.737,5.951
4806,26.134,28.337,7.041
4807,28.636,29.576,6.397
4808,26.990,28.820,7.594
4809,29.832,28.579,6.577
4810,28.724,28.314,7.382
4811,29.601,29.423,5.890
4812,29.644,29.205,6.825
4813,31.094,29.440,5.167
4814,29.046,29.638,5.249
4815,27.126,27.837,6.582
4816,26.760,29.050,6.521
4817,27.206,29.075,6.364
4818,28.271,30.014,6.969
4819,28.644,29.977,5.186
4820,29.612,30.262,4.753
4821,28.231,29.647,5.093
4822,28.713,29.957,5.714
4823,29.215,30.561,5.402
4824,28.438,29.594,6.559
4825,28.949,30.274,7.127
4826,27.751,29.298,5.570
4827,29.519,30.197,5.402
4828,28.980,29.801,5.293
4829,29.638,30.024,5.010
4830,29.510,29.292,4.858
4831,29.060,29.243,5.309
4832,29.277,29.050,4.809
4833,29.208,29.592,5.438
4834,30.067,30.943,5.026
4835,29.003,29.918,5.472
4836,28.927,29.036,5.258
4837,29.144,29.595,5.553
4838,28.671,28.900,5.407
4839,30.236,30.694,5.216
4840,30.442,31.230,5.071
4841,29.453,29.954,5.222
4842,29.920,30.292,4.804
4843,28.359,28.431,7.051
4844,28.471,30.501,6.839
4845,29.558,30.253,5.197
4846,29.029,29.954,5.269
4847,29.263,29.563,4.888
4848,29.437,29.795,5.358
4849,29.786,30.503,5.199
4850,28.992,29.440,5.226
4851,28.610,29.938,5.375
4852,28.256,30.308,5.471
4853,29.605,30.517,4.956
4854,29.132,29.104,5.182
4855,29.337,29.779,5.100
4856,28.791,29.525,6.606
4857,29.506,30.539,5.142
4858,29.749,30.697,5.229
4859,28.290,29.886,5.187
4860,28.605,29.924,4.971
4861,29.045,30.188,5.036
4862,28.679,30.301,5.792
4863,28.939,29.867,4.848
4864,29.029,29.953,4.546
4865,29.031,31.511,7.339
4866,28.198,29.737,5.306
4867,28.312,29.709,5.457
4868,29.057,29.348,4.633
4869,28.552,30.667,5.548
4870,29.392,30.415,5.374
4871,28.092,29.393,4.729
4872,27.573,30.055,5.537
4873,28.665,29.894,4.860
4874,28.101,29.322,5.355
4875,29.748,30.004,5.002
4876,28.340,29.954,6.822
4877,29.563,30.159,5.152
4878,28.714,29.293,5.257
4879,28.483,30.177,5.414
4880,28.819,30.720,4.740
4881,28.400,29.820,4.196
4882,27.665,29.218,5.308
4883,27.688,29.398,4.925
4884,27.976,29.541,5.533
4885,27.900,29.473,5.284
4886,28.336,29.763,5.195
4887,27.870,29.490,4.113
4888,28.481,29.623,5.791
4889,28.438,30.062,5.032
4890,28.735,30.266,4.333
4891,28.799,30.549,5.191
4892,29.204,30.018,5.226
4893,29.457,29.941,5.268
4894,28.929,30.085,4.945
4895,28.987,30.439,5.144
4896,27.946,29.854,5.618
4897,26.714,28.614,6.746
4898,27.504,29.610,6.267
4899,27.168,28.868,6.553
4900,27.687,28.580,6.296
4901,27.393,28.932,6.881
4902,28.000,28.521,6.972
4903,29.213,29.994,4.806
4904,28.516,29.901,5.214
4905,28.927,29.925,5.057
4906,28.049,29.597,6.437
4907,27.783,28.384,6.736
4908,26.908,28.417,6.938
4909,27.848,29.070,7.638
4910,27.195,28.282,6.956
4911,27.369,29.078,6.297
4912,28.216,29.602,6.515
4913,27.450,29.654,7.164
4914,26.498,28.055,7.154
4915,27.491,29.509,6.675
4916,27.316,29.185,7.418
4917,26.897,28.700,8.151
4918,27.403,29.040,7.778
4919,25.461,29.054,7.699
4920,26.838,28.220,7.164
4921,28.550,30.356,5.178
4922,29.357,31.169,5.088
4923,27.630,30.001,5.488
4924,28.413,30.007,5.141
4925,26.622,29.237,7.873
4926,27.127,29.525,7.491
4927,26.004,28.551,7.551
4928,26.459,28.012,7.440
4929,27.621,29.164,6.720
4930,26.377,28.284,7.516
4931,25.545,27.446,7.614
4932,26.904,29.340,6.644
4933,26.301,29.055,8.135
4934,26.120,28.822,7.281
4935,27.545,30.009,5.251
4936,28.625,30.451,5.196
4937,28.251,29.740,5.427
4938,28.887,30.544,5.163
4939,27.377,29.464,5.393
4940,26.289,29.783,7.949
4941,27.850,29.981,5.369
4942,28.901,29.882,5.265
4943,28.421,30.653,5.274
4944,28.389,30.101,5.199
4945,28.337,30.408,4.861
4946,28.573,30.089,5.131
4947,29.064,29.944,5.655
4948,27.526,30.478,6.751
4949,26.775,29.757,6.722
4950,29.232,30.063,5.484
4951,29.165,31.119,5.100
4952,29.038,30.649,4.786
4953,29.359,30.422,4.693
4954,29.687,30.599,4.943
4955,29.154,29.536,5.140
4956,28.081,29.248,6.337
4957,29.243,30.262,4.788
4958,28.239,29.248,4.727
4959,28.160,29.642,5.016
4960,29.214,30.001,4.750
4961,27.981,29.753,6.835
4962,27.371,29.085,7.629
4963,28.001,30.748,6.896
4964,28.633,30.194,6.466
4965,29.504,31.303,5.926
4966,29.531,30.363,4.822
4967,29.676,30.831,5.860
4968,30.678,30.419,7.064
4969,30.440,30.714,6.220
4970,29.719,30.807,6.070
4971,29.569,30.189,5.400
4972,30.502,30.461,5.649
4973,29.707,30.498,4.886
4974,29.951,30.671,5.433
4975,30.156,30.968,6.385
4976,29.200,29.905,4.459
4977,30.520,30.762,4.641
4978,29.855,30.440,4.353
4979,28.579,29.302,4.651
4980,30.217,30.517,4.562
4981,29.679,30.314,5.116
4982,29.580,30.867,5.919
4983,31.105,31.062,5.714
4984,30.472,29.827,5.109
4985,29.062,28.672,7.214
4986,31.034,30.231,5.407
4987,30.426,30.819,7.163
4988,29.470,30.232,6.524
4989,29.349,30.433,7.250
4990,30.649,30.700,5.639
4991,29.745,30.486,6.106
4992,30.330,30.477,5.757
4993,30.192,29.246,5.279
4994,30.358,29.613,5.749
4995,29.876,30.297,5.330
4996,30.048,30.790,5.673
4997,30.067,30.417,5.231
4998,29.540,30.097,6.434
4999,30.155,30.368,5.314
5000,29.561,30.259,6.495
5001,29.307,29.559,7.337
5002,29.544,29.303,5.457
5003,30.428,29.600,4.674
5004,29.820,29.771,5.016
5005,29.092,29.819,4.692
5006,30.186,29.735,6.300
5007,29.130,30.197,6.711
5008,29.256,28.953,6.456
5009,29.184,29.057,5.910
5010,28.995,29.131,5.221
5011,28.603,29.476,5.617
5012,28.250,29.254,5.997
5013,29.630,29.739,5.183
5014,29.454,30.117,4.725
5015,29.761,30.693,7.009
5016,29.345,30.122,5.743
5017,27.572,27.988,7.138
5018,29.223,29.021,6.026
5019,29.262,29.744,4.843
5020,30.047,30.058,5.219
5021,29.502,29.146,5.932
5022,30.117,29.368,5.455
5023,30.090,29.574,5.797
5024,30.708,29.695,4.806
5025,29.270,29.321,5.065
5026,28.783,28.633,5.228
5027,28.937,29.247,7.460
5028,28.830,28.973,6.016
5029,29.226,29.050,5.066
5030,29.126,28.974,5.148
5031,28.789,29.106,6.166
5032,30.299,29.860,6.127
5033,29.125,29.100,6.969
5034,27.808,28.924,7.245
5035,27.689,28.461,6.051
5036,27.678,29.694,7.061
5037,26.221,27.975,7.623
5038,27.004,28.010,7.268
5039,28.075,29.191,7.551
5040,28.976,30.152,6.661
5041,29.303,29.441,5.142
5042,28.257,29.401,6.290
5043,28.421,30.211,6.342
5044,28.733,29.385,5.187
5045,29.308,30.293,5.128
5046,28.208,29.249,5.304
5047,30.624,30.490,5.211
5048,29.708,29.708,5.401
5049,29.919,29.788,5.412
5050,28.821,30.267,4.702
5051,29.758,29.687,5.013
5052,28.553,28.880,5.249
5053,28.715,29.571,6.515
5054,28.623,29.449,6.252
5055,29.249,30.157,5.316
5056,28.901,30.176,5.245
5057,29.146,30.486,5.551
5058,29.390,31.160,5.565
5059,29.107,29.981,4.938
5060,28.860,29.201,5.424
5061,28.348,29.588,6.926
5062,28.383,29.593,6.675
5063,29.967,31.082,5.843
5064,29.538,29.561,4.730
5065,28.578,30.075,5.005
5066,29.551,29.973,5.617
5067,29.546,29.463,4.668
5068,29.225,30.466,5.863
5069,28.381,29.293,4.961
5070,28.734,29.270,5.339
5071,28.878,29.325,5.707
5072,30.403,30.030,4.928
5073,29.259,30.790,5.684
5074,29.016,29.775,7.002
5075,30.011,30.618,5.729
5076,30.119,29.922,5.034
5077,28.999,29.923,5.387
5078,29.485,30.226,5.057
5079,28.759,29.465,5.237
5080,29.072,29.799,5.157
5081,28.434,29.244,6.979
5082,26.876,29.917,6.730
5083,28.318,30.046,6.086
5084,27.376,29.611,7.018
5085,26.886,28.883,6.615
5086,28.479,29.313,5.178
5087,30.147,30.856,5.330
5088,29.246,29.321,5.165
5089,29.160,29.771,4.690
5090,29.049,29.146,5.748
5091,27.589,28.960,5.382
5092,28.534,28.792,5.365
5093,27.061,28.620,6.699
5094,29.148,29.537,5.318
5095,28.672,29.441,5.126
5096,29.512,29.600,5.105
5097,28.377,27.913,5.601
5098,28.073,28.097,6.901
5099,27.674,28.699,7.348
5100,27.479,28.267,6.644
5101,28.209,29.292,7.292
5102,29.013,29.071,6.119
5103,28.030,29.437,6.912
5104,28.849,29.398,6.082
5105,28.983,29.915,5.327
5106,28.067,29.596,7.320
5107,28.412,29.598,6.586
5108,27.856,28.579,7.140
5109,28.467,28.832,7.400
5110,27.118,28.331,6.218
5111,30.122,30.078,6.601
5112,29.521,30.173,6.627
5113,29.733,30.097,5.914
5114,29.632,29.213,5.237
5115,30.336,30.580,5.463
5116,28.297,29.331,7.628
5117,29.614,29.824,7.023
5118,29.033,28.728,5.945
5119,28.851,29.300,7.016
5120,29.016,29.676,5.380
5121,30.355,30.566,5.923
5122,29.838,29.966,7.122
5123,28.546,29.309,6.442
5124,28.802,29.483,6.756
5125,28.760,29.714,7.450
5126,27.812,28.948,6.311
5127,28.439,30.055,7.360
5128,28.154,29.870,6.917
5129,29.909,29.932,4.743
5130,29.259,29.898,5.743
5131,28.795,30.485,6.469
5132,29.359,30.633,6.436
5133,28.761,30.736,5.539
5134,29.251,30.906,5.438
5135,29.403,29.962,5.301
5136,27.603,28.762,5.963
5137,28.299,28.269,5.859
5138,29.253,28.977,5.425
5139,28.192,29.048,5.027
5140,30.516,29.088,5.106
5141,28.864,28.208,5.491
5142,28.759,28.750,5.131
5143,29.714,29.780,5.167
5144,29.730,29.580,4.833
5145,29.502,29.345,4.759
5146,28.874,28.846,5.533
5147,28.879,29.828,5.468
5148,29.696,29.325,5.453
5149,29.993,30.524,5.926
5150,29.416,29.019,5.847
5151,29.468,29.421,6.174
5152,29.943,29.752,5.829
5153,29.158,30.509,5.613
5154,28.765,30.039,6.235
5155,29.132,29.872,2.869
5156,28.231,29.017,5.139
5157,30.625,30.150,4.086
5158,30.813,30.160,2.622
5159,30.529,30.011,2.627
5160,30.308,30.233,2.950
5161,29.986,29.847,2.789
5162,30.466,29.889,2.674
5163,30.584,29.618,2.828
5164,30.769,30.197,2.915
5165,30.269,29.584,2.633
5166,31.266,30.100,2.736
5167,31.104,29.471,2.636
5168,30.677,30.181,2.585
5169,30.037,30.508,2.662
5170,30.153,29.138,2.664
5171,29.640,29.798,2.646
5172,29.626,28.503,2.778
5173,29.927,29.773,2.783
5174,29.983,29.299,2.651
5175,30.135,29.009,2.781
5176,30.043,29.506,2.534
5177,29.898,29.047,2.669
5178,30.313,30.201,2.655
5179,30.088,29.592,2.771
5180,29.805,28.991,2.735
5181,30.588,30.217,2.760
5182,30.848,29.390,2.702
5183,30.619,29.962,2.960
5184,29.958,29.604,2.622
5185,30.278,29.546,2.779
5186,31.092,30.140,2.803
5187,30.570,30.548,2.790
5188,30.163,29.149,2.703
5189,29.994,29.414,2.628
5190,30.056,29.604,2.703
5191,29.436,29.206,2.656
5192,30.328,29.198,2.861
5193,29.077,28.668,2.679
5194,30.561,30.328,2.654
5195,29.972,30.218,2.761
5196,30.042,30.775,2.568
5197,30.385,29.018,2.593
5198,30.136,29.986,2.719
5199,30.281,29.600,2.563
5200,29.689,29.412,2.746
5201,29.162,29.440,3.003
5202,29.547,29.475,2.617
5203,29.751,29.461,2.788
5204,30.687,29.562,2.720
5205,29.584,29.336,2.808
5206,28.956,28.905,2.811
5207,29.737,29.345,2.692
5208,28.365,28.559,2.604
5209,28.718,29.331,2.687
5210,28.688,28.206,2.847
5211,28.942,28.212,2.702
5212,30.168,28.596,2.781
5213,28.522,28.017,2.652
5214,29.676,28.709,2.626
5215,28.973,28.439,4.593
5216,27.876,28.711,6.790
5217,28.813,29.442,4.901
5218,29.507,29.898,5.134
5219,27.730,28.632,6.501
5220,27.675,28.950,5.812
5221,29.087,29.349,5.549
5222,29.398,30.085,5.303
5223,28.666,30.278,6.474
5224,28.317,28.581,6.042
5225,27.514,29.632,7.164
5226,30.403,30.747,5.716
5227,30.586,31.612,5.242
5228,28.593,30.292,4.703
5229,28.645,30.692,5.814
5230,27.647,29.031,7.150
5231,27.551,29.100,7.571
5232,29.032,30.240,6.864
5233,29.838,29.877,5.174
5234,30.283,30.544,2.890
5235,29.064,29.321,2.851
5236,29.108,30.307,5.045
5237,29.643,30.286,4.824
5238,29.240,30.516,5.586
5239,29.592,29.697,5.240
5240,30.203,30.081,2.832
5241,29.997,29.974,2.796
5242,29.925,29.715,2.760
5243,30.271,29.503,2.567
5244,29.847,30.475,2.695
5245,29.435,29.447,3.039
5246,29.310,30.433,2.862
5247,29.981,29.439,2.534
5248,29.608,29.918,2.797
5249,29.462,30.135,2.760
5250,28.075,29.093,2.788
5251,29.359,29.769,2.795
5252,29.533,29.385,3.014
5253,30.029,29.939,2.814
5254,29.344,29.243,2.769
5255,29.900,29.898,2.739
5256,29.398,29.301,2.933
5257,30.028,29.637,2.712
5258,29.359,29.134,2.691
5259,28.652,29.389,2.718
5260,30.324,29.236,2.861
5261,29.172,30.490,2.543
5262,29.846,28.874,2.787
5263,28.714,28.882,2.827
5264,29.772,29.953,2.871
5265,29.694,29.413,2.857
5266,29.074,28.997,2.584
5267,28.743,29.692,2.781
5268,29.896,30.149,2.722
5269,29.820,29.378,2.671
5270,30.315,30.464,2.730
5271,29.690,30.399,2.744
5272,30.415,29.721,2.728
5273,29.529,28.935,2.706
5274,29.971,29.916,2.714
5275,29.508,29.723,2.709
5276,30.574,29.373,2.677
5277,29.363,29.153,2.611
5278,30.028,30.189,2.733
5279,29.368,29.508,2.812
5280,29.576,29.433,2.686
5281,29.907,30.269,2.661
5282,30.243,30.418,2.756
5283,30.251,29.751,2.774
5284,29.110,29.017,2.688
5285,30.006,29.977,2.806
5286,30.603,32.003,2.856
5287,29.591,30.960,2.738
5288,30.329,31.638,2.621
5289,29.884,30.335,2.660
5290,29.623,29.456,2.848
5291,30.000,29.724,2.617
5292,30.125,29.120,2.628
5293,30.140,30.042,2.730
5294,30.691,30.006,2.669
5295,29.127,29.541,2.607
5296,29.804,29.761,2.628
5297,29.547,29.437,2.732
5298,28.934,29.990,4.256
5299,31.071,29.343,2.802
5300,29.467,29.708,2.594
5301,30.932,30.088,2.840
5302,30.463,29.723,2.747
5303,29.853,28.884,2.516
5304,30.413,29.995,2.646
5305,30.057,28.649,2.637
5306,29.367,29.434,4.888
5307,30.341,30.272,4.943
5308,28.061,28.220,5.487
5309,28.661,28.811,6.547
5310,26.736,26.858,6.224
5311,27.605,27.677,6.047
5312,27.336,28.979,6.303
5313,27.905,28.238,5.389
5314,28.970,27.809,6.463
5315,28.585,28.151,6.345
5316,27.973,27.071,5.657
5317,28.930,28.296,6.232
5318,31.244,27.943,2.976
5319,31.733,29.065,2.633
5320,31.726,28.987,2.933
5321,31.050,28.948,2.801
5322,31.216,29.000,2.699
5323,30.273,28.860,2.679
5324,30.666,28.930,2.685
5325,31.222,28.401,2.634
5326,31.821,29.428,2.611
5327,30.898,28.822,2.728
5328,31.236,29.527,2.617
5329,31.288,29.453,2.637
5330,31.404,29.622,2.659
5331,31.214,28.769,2.770
5332,32.251,29.378,2.808
5333,31.267,29.026,2.767
5334,30.957,28.814,2.792
5335,30.851,28.197,2.605
5336,31.309,29.368,2.653
5337,32.068,29.359,2.611
5338,30.478,29.156,2.668
5339,29.095,29.026,2.637
5340,29.144,29.163,2.886
5341,29.102,28.932,2.676
5342,29.471,29.891,2.716
5343,28.674,29.191,2.878
5344,29.440,29.990,2.700
5345,28.988,28.949,2.748
5346,29.779,29.950,2.779
5347,29.654,29.682,2.921
5348,30.124,29.755,2.886
5349,28.543,28.704,2.713
5350,28.614,28.897,2.616
5351,28.699,29.131,2.709
5352,29.254,28.471,2.562
5353,29.408,28.815,2.753
5354,29.759,29.529,2.884
5355,30.027,29.368,2.897
5356,28.393,29.179,2.687
5357,30.336,29.454,2.658
5358,29.670,29.082,2.771
5359,29.182,28.441,2.818
5360,29.600,30.027,2.906
5361,30.703,29.890,2.726
5362,29.414,30.369,2.572
5363,30.209,29.302,2.772
5364,28.606,28.735,2.615
5365,27.955,29.009,2.954
5366,28.430,29.208,2.635
5367,29.020,29.264,2.662
5368,30.593,29.582,2.744
5369,29.856,29.425,2.610
5370,30.356,31.502,3.094
5371,30.372,31.372,2.742
5372,28.666,28.333,2.778
5373,29.096,30.295,3.871
5374,29.293,30.083,4.672
5375,30.351,30.490,4.504
5376,29.694,31.423,2.761
5377,28.954,29.394,2.697
5378,31.484,29.792,2.827
5379,29.111,29.125,2.906
5380,29.102,29.172,2.656
5381,29.195,29.500,2.686
5382,28.359,29.227,2.779
5383,29.951,30.029,2.630
5384,29.610,29.638,2.753
5385,29.845,29.827,4.466
5386,29.028,29.383,4.863
5387,28.461,29.185,5.208
5388,28.875,30.062,4.728
5389,29.507,30.304,2.802
5390,29.560,30.343,2.557
5391,29.026,30.287,2.827
5392,30.240,30.986,2.808
5393,29.972,30.223,2.682
5394,29.917,30.467,2.818
5395,29.408,30.987,2.655
5396,30.062,30.158,2.808
5397,29.162,29.346,2.829
5398,29.065,29.530,2.563
5399,29.750,29.656,2.648
5400,30.085,30.468,2.602
5401,29.440,29.606,2.694
5402,29.625,29.643,2.712
5403,29.507,29.650,2.632
5404,29.149,29.076,2.550
5405,29.008,30.088,2.867
5406,29.700,30.718,2.775
5407,30.471,31.172,2.670
5408,29.435,29.949,2.659
5409,29.047,29.532,2.843
5410,30.131,30.316,2.582
5411,30.246,30.394,2.719
5412,30.255,29.757,2.736
5413,30.730,29.741,2.685
5414,28.862,29.755,2.604
5415,30.184,29.458,2.705
5416,30.411,29.582,2.682
5417,29.389,29.492,2.686
5418,28.907,28.962,2.832
5419,29.019,29.473,2.773
5420,28.837,29.507,2.925
5421,28.301,28.910,2.886
5422,28.981,29.016,2.679
5423,28.733,28.681,2.694
5424,28.712,28.923,2.626
5425,29.840,29.507,2.736
5426,29.290,29.519,2.687
5427,29.433,29.278,2.549
5428,28.113,28.443,2.678
5429,28.742,30.195,2.795
5430,30.533,30.216,4.655
5431,28.808,29.356,5.095
5432,29.613,30.733,6.120
5433,29.575,30.287,5.620
5434,28.683,29.371,7.029
5435,27.504,29.233,7.217
5436,27.193,28.680,7.574
5437,28.870,30.150,6.492
5438,28.798,29.775,6.947
5439,28.194,29.155,6.611
5440,29.645,30.351,6.232
5441,29.773,30.203,5.836
5442,29.833,30.496,4.970
5443,30.245,30.043,4.398
5444,30.283,30.058,4.360
5445,29.372,30.686,4.880
5446,29.527,29.639,4.049
5447,29.456,30.445,5.333
5448,29.262,29.823,5.388
5449,28.168,30.624,6.210
5450,28.586,29.570,6.192
5451,27.313,29.294,7.009
5452,29.622,29.683,5.406
5453,28.890,30.310,5.024
5454,30.069,30.382,4.450
5455,29.129,30.746,6.702
5456,30.389,31.053,6.183
5457,31.565,31.623,5.380
5458,29.636,29.755,6.628
5459,29.436,30.572,5.583
5460,29.273,29.994,6.226
5461,29.675,29.752,5.188
5462,29.353,29.902,4.790
5463,28.738,28.262,2.595
5464,29.421,28.811,2.604
5465,29.827,30.693,2.770
5466,29.636,30.476,3.051
5467,28.853,30.251,2.616
5468,30.435,32.176,2.751
5469,29.980,29.205,2.665
5470,29.794,29.307,2.567
5471,28.700,29.317,2.552
5472,28.270,28.688,2.691
5473,30.204,29.550,2.937
5474,29.273,28.329,2.654
5475,29.337,29.729,2.598
5476,29.052,28.910,4.443
5477,29.341,28.754,2.568
5478,27.689,28.689,2.689
5479,28.595,28.787,2.560
5480,28.689,28.568,2.707
5481,28.702,28.871,2.817
5482,29.333,28.659,2.608
5483,30.448,28.592,2.774
5484,29.914,28.833,2.598
5485,28.865,30.263,2.739
5486,29.061,29.375,2.562
5487,29.759,28.927,2.877
5488,30.254,29.162,2.690
5489,29.408,28.135,2.753
5490,29.800,28.659,2.793
5491,29.406,28.977,2.687
5492,28.133,28.406,2.733
5493,29.612,30.282,2.669
5494,30.178,29.169,2.668
5495,29.841,29.206,2.576
5496,29.614,29.391,2.702
5497,29.230,29.538,2.662
5498,30.846,29.023,2.812
5499,29.862,29.483,2.885
5500,29.871,29.391,2.709
5501,29.773,29.696,2.641
5502,30.584,30.194,2.840
5503,30.572,30.549,2.682
5504,31.105,30.393,2.708
5505,30.860,29.979,2.752
5506,31.215,29.673,2.703
5507,29.742,28.506,2.713
5508,30.002,28.966,2.679
5509,30.147,29.830,2.728
5510,29.541,30.073,2.780
5511,29.342,30.224,2.624
5512,29.619,30.702,2.643
5513,29.720,30.729,2.765
5514,30.410,31.005,2.735
5515,29.059,29.895,2.768
5516,28.824,30.685,2.763
5517,29.026,30.203,2.757
5518,28.852,29.505,3.087
5519,29.721,29.700,2.864
5520,29.430,30.270,2.642
5521,29.580,30.514,2.731
5522,31.022,30.497,2.849
5523,30.844,30.672,2.590
5524,33.185,30.865,2.643
5525,29.856,30.987,2.721
5526,30.695,30.435,2.552
5527,31.396,30.983,2.601
5528,31.074,31.465,2.671
5529,30.467,30.294,2.614
5530,30.459,30.020,2.746
5531,29.550,30.322,2.808
5532,29.215,28.573,2.633
5533,28.997,29.266,2.542
5534,29.073,30.004,2.618
5535,30.152,30.026,2.710
5536,29.567,29.700,2.586
5537,29.777,30.203,2.727
5538,29.691,29.262,2.963
5539,29.998,28.962,2.761
5540,29.903,29.913,2.753
5541,30.632,29.988,2.765
5542,29.282,28.817,2.802
5543,30.672,29.230,2.716
5544,29.807,29.243,2.763
5545,30.202,29.021,2.743
5546,29.647,29.447,2.666
5547,30.231,30.066,2.627
5548,30.171,29.584,2.513
5549,30.742,29.486,2.690
5550,29.839,29.086,2.652
5551,29.437,29.131,2.632
5552,29.671,29.327,2.719
5553,29.495,29.114,2.630
5554,30.590,29.454,2.646
5555,31.074,29.589,2.789
5556,31.010,29.336,2.660
5557,30.470,29.489,2.693
5558,29.882,29.589,2.667
5559,30.452,29.323,2.654
5560,29.571,29.135,2.610
5561,30.007,29.708,2.663
5562,29.931,30.007,2.728
5563,31.096,29.943,2.631
5564,29.230,29.164,2.699
5565,30.432,29.599,2.723
5566,31.185,30.267,2.811
5567,30.334,29.945,2.649
5568,29.746,30.002,2.667
5569,29.759,29.516,2.546
5570,30.107,28.766,2.487
5571,30.153,28.598,2.812
5572,30.552,29.759,2.750
5573,29.992,29.229,2.670
5574,29.441,28.520,2.726
5575,31.017,30.067,2.601
5576,29.937,29.018,2.759
5577,30.349,29.471,2.705
5578,29.377,29.268,2.877
5579,30.650,29.758,2.564
5580,32.145,29.615,2.773
5581,31.030,29.743,2.751
5582,30.612,30.079,2.733
5583,30.331,30.327,2.698
5584,30.419,30.499,2.925
5585,30.783,29.987,2.730
5586,30.377,29.308,2.607
5587,30.644,29.801,2.694
5588,30.190,29.626,2.612
5589,30.378,30.074,2.641
5590,31.163,30.238,2.680
5591,30.811,30.807,2.746
5592,31.414,31.081,2.865
5593,29.763,29.705,2.907
5594,29.568,30.099,2.688
5595,30.467,30.407,2.666
5596,30.971,30.329,2.722
5597,30.870,30.248,2.706
5598,30.569,30.303,2.763
5599,30.491,30.095,2.853
5600,30.028,30.101,2.981
5601,29.948,30.090,2.601
5602,29.716,29.755,2.726
5603,29.961,30.076,2.705
5604,28.573,29.818,2.658
5605,29.556,29.887,2.851
5606,29.740,29.188,2.976
5607,30.034,29.737,2.702
5608,30.268,29.960,2.730
5609,30.353,29.597,2.725
5610,28.797,29.535,2.725
5611,30.654,30.389,2.771
5612,29.685,30.597,2.695
5613,29.670,29.973,2.667
5614,29.442,30.348,2.812
5615,29.972,29.401,2.673
5616,30.551,30.622,2.955
5617,29.879,31.147,2.738
5618,29.738,29.963,2.704
5619,31.432,31.034,2.805
5620,30.248,30.531,2.686
5621,30.722,31.580,2.882
5622,30.609,31.322,2.561
5623,30.748,32.007,2.782
5624,30.292,30.457,2.765
5625,29.947,29.686,2.602
5626,29.380,31.380,2.771
5627,30.390,30.473,2.914
5628,30.577,30.754,2.762
5629,30.410,30.500,2.672
5630,31.826,31.920,4.397
5631,31.061,31.238,4.323
5632,31.452,31.806,4.556
5633,31.864,32.413,4.681
5634,30.673,31.863,4.324
5635,30.024,30.701,4.141
5636,29.735,30.233,2.687
5637,30.057,30.848,2.656
5638,30.429,30.926,2.687
5639,30.004,30.989,2.615
5640,30.348,30.806,2.998
5641,30.661,32.049,2.830
5642,30.474,31.118,2.768
5643,29.801,29.925,2.839
5644,29.794,30.138,2.886
5645,31.033,29.281,2.741
5646,31.720,29.198,2.697
5647,31.084,29.001,2.583
5648,30.727,29.239,2.838
5649,30.615,29.924,2.669
5650,31.008,30.122,2.686
5651,29.751,29.816,2.717
5652,29.017,29.591,2.643
5653,28.520,29.906,2.778
5654,29.486,30.216,2.755
5655,29.793,29.950,2.567
5656,29.713,29.489,2.726
5657,29.512,29.429,2.688
5658,29.637,29.708,2.822
5659,29.921,29.882,2.771
5660,29.773,30.234,2.783
5661,29.786,29.362,2.704
5662,28.994,29.314,2.817
5663,29.368,30.534,2.566
5664,29.267,31.693,2.730
5665,29.624,31.594,2.814
5666,28.772,30.862,3.521
5667,29.832,30.737,2.709
5668,29.603,30.379,2.618
5669,29.603,29.497,2.529
5670,29.563,30.549,2.594
5671,29.817,29.838,2.592
5672,29.997,29.837,2.718
5673,29.656,30.742,2.661
5674,29.381,29.599,4.906
5675,29.326,30.113,2.685
5676,29.544,30.582,2.750
5677,29.896,29.971,2.978
5678,29.880,31.044,2.729
5679,28.996,30.197,2.610
5680,30.425,30.006,2.784
5681,30.568,30.852,2.799
5682,31.076,30.425,2.656
5683,30.462,30.461,2.941
5684,29.764,30.147,2.652
5685,29.635,30.532,2.677
5686,30.275,30.961,2.678
5687,28.897,29.697,2.753
5688,29.135,29.640,2.643
5689,29.722,30.785,2.796
5690,29.378,29.927,2.759
5691,29.696,31.379,4.060
5692,30.523,32.429,4.320
5693,30.836,31.728,4.576
5694,31.373,31.750,2.780
5695,29.906,31.268,2.659
5696,30.548,31.719,2.679
5697,31.441,31.890,2.720
5698,30.609,32.039,2.705
5699,30.735,31.081,2.571
5700,30.183,31.401,2.775
5701,31.423,31.763,2.748
5702,31.146,30.672,2.721
5703,30.936,30.513,2.777
5704,31.409,29.824,2.709
5705,30.739,29.937,2.554
5706,29.653,29.932,2.621
5707,30.598,30.183,2.641
5708,30.690,29.262,2.714
5709,31.356,30.244,2.622
5710,31.054,30.773,2.693
5711,31.496,30.920,2.876
5712,30.567,29.703,2.632
5713,29.978,29.964,2.752
5714,29.643,30.132,2.863
5715,29.844,29.342,2.594
5716,29.375,29.513,2.753
5717,29.371,30.369,2.768
5718,28.719,29.673,2.638
5719,29.445,29.423,2.735
5720,29.087,29.224,2.740
5721,29.812,29.216,2.703
5722,30.487,28.997,2.710
5723,29.490,29.903,2.737
5724,30.286,29.685,2.628
5725,30.506,29.811,2.696
5726,30.517,30.481,2.747
5727,30.112,29.970,2.688
5728,30.579,29.836,2.822
5729,31.545,30.006,2.697
5730,31.581,31.400,2.747
5731,31.383,31.092,2.587
5732,33.690,30.363,2.717
5733,31.996,30.982,2.623
5734,30.236,30.612,2.593
5735,30.274,30.011,2.910
5736,30.159,29.636,2.663
5737,31.345,30.187,2.739
5738,29.644,29.618,2.744
5739,31.379,30.005,2.681
5740,30.400,30.091,2.738
5741,31.184,30.375,2.866
5742,30.088,29.776,2.907
5743,30.477,30.297,2.652
5744,30.708,30.261,2.684
5745,30.089,29.846,2.626
5746,31.746,29.201,2.838
5747,30.189,29.493,2.876
5748,32.647,29.507,2.573
5749,30.685,30.430,2.723
5750,31.258,30.306,2.773
5751,31.217,30.671,2.793
5752,31.792,31.187,4.536
5753,30.721,29.888,2.726
5754,29.927,29.479,2.799
5755,30.231,29.645,2.751
5756,29.407,29.664,2.640
5757,28.819,28.695,2.827
5758,29.703,29.175,2.796
5759,30.623,29.303,2.714
5760,29.877,28.933,2.613
5761,30.477,29.204,2.734
5762,29.099,29.176,2.661
5763,28.689,28.766,2.651
5764,29.378,29.863,3.743
5765,29.628,29.914,2.713
5766,30.322,29.814,2.637
5767,29.712,28.968,2.644
5768,29.450,28.800,2.606
5769,29.593,29.840,2.734
5770,30.015,28.533,2.660
5771,30.423,28.854,2.671
5772,30.437,29.250,2.721
5773,30.518,28.604,2.573
5774,30.779,28.877,2.541
5775,30.944,28.999,2.758
5776,33.386,29.248,2.679
5777,32.916,29.837,2.612
5778,32.311,28.883,2.652
5779,33.658,30.100,4.834
5780,32.677,29.717,5.915
5781,32.442,30.615,6.061
5782,32.824,29.978,6.116
5783,32.162,30.406,5.197
5784,32.339,29.371,2.609
5785,30.594,29.738,2.555
5786,29.526,29.682,2.841
5787,29.751,29.486,2.734
5788,29.575,28.848,2.626
5789,30.212,29.734,2.773
5790,31.153,30.125,2.577
5791,29.586,28.967,2.815
5792,30.111,29.786,2.850
5793,29.951,30.454,2.647
5794,29.324,29.602,2.658
5795,29.769,29.722,2.591
5796,29.122,29.368,2.674
5797,29.927,29.424,2.801
5798,29.904,30.024,2.900
5799,30.701,29.859,2.796
5800,31.224,29.395,2.609
5801,30.191,29.867,2.708
5802,30.047,29.500,2.726
5803,30.122,30.191,2.909
5804,29.649,29.899,2.819
5805,29.739,29.602,2.626
5806,30.501,29.336,2.744
5807,29.617,30.295,2.763
5808,29.032,29.445,2.825
5809,30.441,28.979,2.646
5810,28.533,28.725,2.799
5811,29.441,29.804,2.714
5812,30.826,28.995,2.721
5813,29.218,28.095,2.603
5814,30.555,30.050,2.580
5815,30.213,29.700,2.659
5816,30.616,29.376,2.690
5817,31.600,29.663,2.696
5818,32.866,29.467,2.723
5819,33.983,30.799,2.654
5820,32.116,29.716,2.698
5821,33.615,29.930,2.617
5822,33.571,30.305,2.782
5823,34.030,30.135,2.766
5824,33.171,30.579,2.682
5825,34.432,30.754,2.902
5826,32.663,29.908,2.503
5827,34.192,30.585,2.634
5828,32.041,29.625,2.775
5829,33.204,30.094,2.655
5830,32.027,28.766,2.774
5831,32.650,29.090,2.512
5832,33.095,29.860,2.587
5833,32.719,29.856,2.677
5834,32.526,30.108,2.669
5835,33.029,30.177,2.544
5836,32.267,29.976,2.624
5837,32.849,29.706,2.633
5838,33.495,30.194,2.843
5839,32.570,29.954,2.690
5840,33.217,29.754,2.612
5841,32.285,29.680,4.986
5842,32.401,29.101,4.725
5843,31.974,29.074,6.044
5844,32.686,29.713,4.945
5845,31.569,28.899,4.385
5846,32.012,29.202,2.622
5847,32.998,28.972,2.751
5848,33.491,29.515,2.648
5849,31.871,28.558,2.647
5850,32.395,28.658,2.695
5851,32.343,28.809,2.605
5852,32.649,29.960,2.665
5853,32.894,29.439,2.672
5854,33.907,29.924,2.714
5855,32.749,29.678,2.856
5856,32.410,30.358,2.869
5857,32.002,28.586,2.636
5858,31.777,29.513,2.639
5859,32.065,29.544,2.592
5860,32.848,29.508,3.007
5861,32.393,29.526,2.811
5862,32.641,29.253,2.966
5863,32.430,30.351,2.712
5864,33.300,29.962,2.735
5865,31.789,29.328,2.831
5866,31.008,28.821,2.732
5867,29.929,28.052,2.732
5868,30.464,29.715,2.535
5869,29.771,29.198,2.608
5870,29.481,29.341,2.867
5871,29.117,28.501,2.677
5872,30.647,29.966,2.615
5873,31.555,30.674,2.550
5874,30.456,29.159,2.631
5875,30.513,29.889,2.731
5876,30.914,29.726,2.794
5877,30.345,29.862,2.882
5878,31.063,29.161,2.603
5879,30.620,30.325,2.701
5880,29.876,30.274,2.812
5881,30.290,31.496,2.703
5882,29.811,30.641,2.585
5883,30.333,30.081,2.820
5884,29.172,31.333,2.949
5885,30.077,31.575,2.674
5886,28.931,30.419,2.819
5887,30.269,30.072,2.687
5888,29.558,31.109,2.776
5889,30.058,31.424,2.568
5890,30.630,32.243,2.525
5891,30.248,31.090,2.672
5892,30.803,31.440,2.827
5893,30.845,31.648,2.723
5894,30.499,32.198,2.727
5895,31.196,31.910,2.639
5896,30.677,29.997,2.551
5897,31.619,32.564,2.634
5898,30.951,31.743,2.781
5899,30.805,31.214,2.789
5900,30.296,31.946,2.836
5901,29.900,32.434,2.890
5902,31.387,31.773,2.689
5903,31.152,32.080,2.678
5904,30.066,32.331,2.563
5905,30.953,32.200,2.624
5906,30.837,32.074,2.722
5907,31.369,31.849,2.725
5908,31.065,33.412,2.718
5909,30.057,32.901,2.813
5910,30.201,31.588,2.614
5911,29.507,31.957,2.721
5912,30.050,32.239,2.668
5913,30.525,31.754,2.760
5914,31.306,31.887,2.817
5915,30.537,30.908,2.808
5916,30.895,32.537,2.880
5917,31.468,31.687,2.557
5918,31.277,32.398,2.775
5919,31.761,31.712,2.676
5920,30.863,30.900,2.634
5921,30.127,31.437,2.779
5922,29.741,31.847,2.847
5923,30.103,31.456,2.778
5924,30.440,31.181,2.651
5925,30.429,31.684,2.675
5926,31.888,33.335,2.751
5927,30.488,32.523,2.743
5928,31.491,31.891,2.740
5929,30.756,31.990,2.557
5930,31.168,31.849,2.678
5931,29.860,30.896,2.874
5932,30.143,30.804,2.725
5933,29.630,31.601,2.590
5934,30.001,31.558,2.720
5935,30.609,31.239,2.624
5936,30.726,31.011,2.699
5937,30.931,31.014,2.780
5938,30.443,31.982,2.735
5939,30.323,31.957,2.853
5940,31.085,30.967,2.647
5941,30.882,31.483,2.739
5942,30.691,31.693,2.773
5943,30.910,31.392,2.629
5944,30.444,30.756,2.635
5945,31.023,31.081,2.634
5946,31.158,30.893,2.720
5947,31.777,31.458,2.708
5948,30.216,31.700,2.733
5949,29.724,30.901,2.752
5950,30.166,30.227,2.702
5951,31.319,30.552,2.720
5952,30.491,30.006,2.762
5953,30.182,30.445,2.622
5954,30.780,30.344,2.790
5955,29.443,29.715,2.619
5956,30.605,29.605,2.743
5957,29.418,28.842,2.780
5958,30.813,30.006,2.743
5959,30.422,29.742,2.705
5960,30.438,29.887,2.652
5961,30.938,30.310,2.565
5962,30.918,29.815,2.671
5963,30.908,30.217,2.715
5964,30.673,30.143,2.598
5965,31.294,30.264,2.857
5966,30.696,29.927,2.744
5967,30.029,30.221,2.874
5968,29.906,29.632,2.943
5969,29.855,29.438,2.751
5970,30.019,29.690,2.744
5971,31.565,30.184,2.664
5972,30.470,30.114,2.699
5973,30.690,28.961,2.653
5974,30.833,29.620,2.900
5975,29.280,29.978,2.677
5976,31.852,29.906,2.665
5977,30.031,30.613,2.641
5978,31.675,30.502,2.868
5979,29.076,29.601,2.567
5980,29.874,28.937,2.655
5981,30.555,30.315,2.565
5982,29.872,30.017,2.766
5983,29.983,31.197,2.596
5984,29.617,30.175,2.608
5985,28.835,30.365,2.727
5986,29.140,29.321,2.686
5987,28.542,29.425,2.655
5988,28.374,28.966,2.770
5989,29.684,29.268,2.712
5990,29.553,29.616,2.790
5991,31.021,29.707,2.638
5992,30.290,29.461,2.868
5993,30.077,29.455,2.832
5994,30.234,29.657,2.896
5995,29.838,29.702,2.895
5996,29.778,30.357,2.919
5997,30.251,30.608,2.637
5998,30.224,30.439,2.755
5999,29.907,29.810,2.624
6000,31.150,30.793,2.740
6001,30.547,30.401,2.545
6002,29.496,29.858,2.687
6003,30.519,30.381,2.623
6004,29.306,29.522,2.571
6005,30.213,29.784,2.583
6006,29.522,30.315,2.678
6007,31.089,31.119,2.521
6008,30.780,30.801,2.548
6009,29.140,31.776,2.615
6010,30.377,31.065,2.727
6011,30.455,31.779,2.622
6012,29.935,30.386,2.622
6013,30.327,31.364,2.497
6014,30.561,31.807,2.614
6015,30.707,31.614,2.792
6016,30.143,31.644,2.574
6017,30.187,31.830,2.606
6018,30.554,31.751,2.734
6019,31.125,31.426,2.673
6020,30.669,30.970,2.790
6021,29.869,31.269,3.023
6022,30.542,31.113,2.630
6023,31.094,31.103,2.768
6024,30.597,31.584,2.682
6025,30.789,32.233,2.657
6026,30.972,32.526,2.796
6027,30.500,31.813,2.627
6028,30.136,32.346,2.667
6029,31.616,32.874,2.612
6030,30.260,30.540,2.692
6031,30.495,31.150,2.721
6032,30.022,30.837,2.731
6033,30.098,31.596,2.727
6034,31.532,31.686,2.806
6035,30.957,30.942,2.572
6036,33.734,30.338,2.834
6037,32.823,32.133,2.658
6038,34.126,31.105,4.120
6039,32.356,31.136,4.605
6040,33.386,31.636,4.952
6041,30.995,32.994,4.412
6042,30.615,31.701,4.400
6043,31.580,31.990,4.330
6044,30.878,32.774,2.827
6045,30.939,31.887,2.630
6046,30.670,31.199,2.652
6047,30.566,30.549,2.733
6048,30.830,31.423,2.781
6049,30.379,30.584,2.694
6050,30.939,32.021,2.726
6051,30.134,31.032,2.671
6052,29.846,31.962,2.726
6053,30.128,31.483,2.587
6054,30.211,32.291,2.832
6055,31.172,31.230,2.776
6056,30.257,31.087,2.637
6057,30.036,30.527,2.644
6058,30.811,31.749,2.548
6059,31.561,32.483,2.549
6060,30.751,32.179,2.785
6061,31.774,33.164,2.642
6062,31.412,31.931,2.654
6063,31.725,32.401,2.601
6064,31.508,30.893,2.620
6065,30.221,31.098,2.838
6066,31.363,31.264,2.736
6067,31.299,31.758,2.559
6068,31.130,31.273,2.630
6069,30.203,29.867,2.496
6070,29.845,31.201,2.597
6071,29.951,31.186,2.853
6072,30.324,31.689,2.629
6073,31.928,31.767,2.674
6074,31.032,31.438,3.026
6075,30.667,31.530,2.675
6076,31.056,30.221,2.517
6077,31.502,32.101,2.704
6078,29.706,31.095,2.635
6079,29.246,30.365,2.817
6080,30.849,30.365,2.698
6081,30.062,31.042,2.780
6082,30.258,31.401,2.804
6083,30.894,31.045,2.813
6084,31.837,32.243,2.719
6085,30.776,31.687,2.850
6086,30.348,31.918,2.667
6087,30.705,32.976,2.851
6088,30.614,32.794,2.728
6089,30.082,31.080,2.669
6090,30.909,32.131,2.752
6091,31.467,33.386,2.728
6092,31.344,32.099,2.797
6093,31.159,32.526,2.636
6094,31.267,32.151,2.776
6095,30.843,32.505,2.624
6096,31.296,31.504,2.630
6097,30.485,32.750,2.664
6098,30.268,32.417,2.836
6099,31.165,32.410,2.623
6100,30.831,32.910,2.808
6101,31.411,33.192,2.593
6102,32.105,33.918,4.741
6103,32.231,32.657,4.776
6104,31.339,31.960,4.849
6105,31.200,33.047,5.722
6106,30.767,31.612,5.356
6107,31.167,32.030,6.444
6108,31.758,32.328,4.400
6109,30.895,32.246,4.521
6110,30.898,33.071,4.889
6111,29.671,31.730,5.733
6112,31.066,31.829,2.759
6113,30.511,32.986,4.304
6114,29.617,31.706,5.048
6115,30.169,32.402,5.530
6116,30.709,32.019,4.881
6117,30.112,31.843,6.027
6118,30.061,31.802,7.037
6119,31.011,32.727,6.201
6120,29.266,31.452,6.323
6121,30.659,33.042,6.395
6122,31.203,33.857,5.481
6123,30.845,32.280,4.531
6124,31.319,34.561,6.176
6125,30.685,31.412,4.733
6126,30.212,32.222,5.126
6127,30.111,31.160,4.533
6128,29.618,31.040,4.456
6129,30.548,33.038,3.955
6130,29.752,32.808,3.883
6131,29.653,32.675,2.712
6132,29.715,31.514,2.632
6133,30.117,32.071,2.827
6134,29.983,30.882,2.642
6135,29.967,31.547,2.604
6136,30.573,31.523,2.781
6137,29.793,32.685,2.619
6138,30.082,32.152,2.617
6139,30.199,31.235,2.799
6140,29.806,31.785,2.711
6141,30.479,32.193,2.635
6142,31.632,32.973,2.651
6143,30.308,32.709,2.639
6144,30.535,32.402,2.617
6145,29.819,31.597,2.830
6146,29.340,30.123,2.662
6147,29.605,32.084,2.645
6148,29.814,32.137,2.693
6149,29.607,31.433,2.712
6150,29.872,32.164,2.808
6151,30.173,31.263,2.598
6152,29.853,31.966,2.693
6153,30.045,31.120,2.848
6154,30.056,32.038,2.782
6155,30.555,32.400,2.775
6156,30.031,31.518,2.593
6157,29.872,33.111,2.671
6158,30.063,30.900,2.725
6159,29.357,30.479,2.654
6160,30.132,31.424,2.683
6161,29.900,31.173,2.849
6162,28.947,31.186,2.646
6163,30.820,32.351,2.855
6164,30.146,31.650,2.695
6165,29.711,31.334,2.703
6166,29.991,31.307,2.761
6167,29.906,30.928,2.668
6168,30.833,32.622,2.767
6169,29.868,31.053,2.837
6170,29.606,31.535,2.687
6171,30.625,31.179,2.634
6172,29.971,31.017,2.643
6173,30.714,31.774,2.843
6174,30.219,31.800,2.900
6175,30.401,30.642,2.731
6176,30.095,30.806,2.683
6177,30.217,32.046,2.729
6178,30.417,32.163,2.741
6179,30.268,31.148,2.774
6180,27.934,30.497,6.715
6181,29.410,31.394,4.985
6182,28.017,30.204,6.120
6183,27.945,30.137,6.342
6184,26.977,29.180,6.858
6185,29.625,31.585,5.463
6186,29.782,31.796,4.999
6187,30.106,29.935,4.971
6188,29.220,31.203,4.900
6189,30.074,30.328,5.641
6190,29.178,30.466,4.960
6191,30.169,30.575,4.717
6192,29.781,29.801,5.150
6193,29.758,30.490,5.208
6194,28.932,31.978,5.258
6195,30.016,31.240,5.187
6196,29.618,31.842,5.116
6197,28.596,31.074,5.127
6198,28.699,31.431,6.503
6199,28.740,31.235,6.035
6200,29.763,32.465,6.502
6201,28.569,31.540,5.987
6202,28.689,31.927,5.629
6203,28.844,31.001,4.663
6204,29.417,31.606,6.150
6205,30.598,32.606,5.345
6206,29.124,31.307,4.726
6207,29.318,31.829,5.638
6208,29.897,30.659,5.360
6209,29.209,29.939,5.403
6210,31.783,31.399,4.593
6211,30.394,31.345,4.319
6212,29.940,31.434,3.660
6213,30.913,32.598,4.645
6214,30.480,30.702,5.118
6215,29.650,29.830,3.882
6216,29.795,29.478,2.606
6217,31.499,30.270,2.810
6218,30.700,31.175,2.902
6219,30.647,29.725,2.599
6220,29.950,29.991,2.568
6221,30.467,32.452,2.725
6222,29.973,30.563,3.001
6223,30.702,31.491,2.714
6224,29.374,32.705,2.701
6225,31.085,34.343,2.708
6226,30.630,34.613,2.734
6227,30.404,33.437,2.962
6228,30.965,34.150,2.687
6229,30.998,33.837,2.647
6230,31.017,34.409,2.918
6231,30.936,34.382,2.817
6232,30.057,33.672,2.937
6233,30.326,33.016,2.603
6234,30.715,34.013,2.666
6235,30.609,34.611,2.631
6236,31.104,34.517,2.593
6237,29.590,32.879,2.729
6238,30.334,33.213,2.730
6239,30.542,33.469,2.761
6240,30.349,33.260,2.672
6241,29.866,33.661,2.668
6242,31.646,35.076,2.680
6243,30.955,34.076,2.675
6244,30.691,33.947,2.620
6245,29.683,32.810,2.702
6246,29.924,32.655,2.607
6247,29.561,33.606,2.626
6248,31.253,34.183,2.832
6249,30.072,32.255,2.812
6250,29.873,32.678,2.784
6251,30.255,33.805,2.663
6252,30.120,33.343,2.747
6253,31.386,33.436,2.676
6254,30.971,33.260,2.813
6255,31.262,34.577,2.651
6256,29.754,33.234,2.658
6257,29.467,33.353,2.645
6258,30.311,33.033,2.631
6259,30.738,33.218,2.582
6260,33.552,33.866,4.553
6261,29.875,32.449,4.520
6262,31.501,32.198,4.553
6263,29.792,31.824,4.565
6264,30.036,31.889,4.613
6265,31.176,31.977,4.811
6266,29.677,31.698,2.766
6267,29.945,31.037,2.601
6268,29.734,31.149,2.602
6269,31.443,31.161,2.683
6270,30.574,31.729,2.704
6271,30.534,31.481,2.792
6272,30.751,32.139,2.606
6273,31.146,30.786,2.685
6274,30.680,30.547,2.589
6275,31.164,31.523,2.778
6276,31.160,32.824,2.721
6277,30.413,31.904,2.721
6278,31.064,31.356,2.823
6279,30.994,32.813,2.708
6280,31.539,32.413,2.876
6281,31.060,31.671,2.558
6282,30.995,31.562,2.610
6283,30.928,31.424,2.696
6284,30.470,32.518,2.620
6285,29.605,31.248,3.062
6286,30.492,32.354,2.695
6287,29.941,30.775,2.608
6288,30.321,30.995,2.736
6289,30.091,31.623,2.836
6290,30.076,31.511,2.615
6291,30.785,32.459,2.694
6292,29.655,31.002,2.893
6293,31.253,30.772,2.674
6294,32.396,30.824,2.799
6295,32.849,31.876,2.571
6296,30.268,31.412,2.578
6297,29.566,32.149,2.710
6298,30.652,32.131,2.750
6299,30.868,32.567,2.583
6300,30.818,31.622,2.675
6301,29.710,32.472,2.844
6302,30.748,31.893,2.574
6303,30.785,30.653,2.695
6304,30.701,31.629,2.692
6305,31.342,33.059,2.856
6306,30.636,32.585,2.706
6307,30.753,32.372,2.595
6308,31.007,31.812,2.656
6309,31.209,32.092,2.713
6310,31.285,31.679,2.783
6311,29.468,31.644,2.786
6312,29.943,31.857,2.826
6313,30.392,30.437,2.684
6314,29.438,31.423,2.615
6315,29.498,31.028,2.751
6316,30.209,30.613,2.741
6317,29.981,31.297,2.864
6318,29.846,32.201,2.561
6319,30.968,31.644,2.734
6320,31.627,32.577,2.497
6321,30.287,31.443,2.513
6322,30.200,32.283,2.746
6323,30.496,31.437,2.624
6324,30.391,31.250,2.635
6325,30.614,32.290,2.708
6326,30.008,31.099,2.770
6327,30.396,31.918,2.587
6328,30.953,31.245,2.681
6329,30.028,31.771,2.565
6330,30.029,33.099,2.717
6331,30.514,32.053,2.701
6332,30.164,32.032,2.551
6333,30.414,32.320,2.719
6334,30.945,31.893,2.628
6335,30.317,32.515,2.630
6336,30.585,31.557,2.568
6337,30.468,31.736,2.810
6338,30.082,31.121,2.724
6339,30.047,31.895,2.680
6340,29.770,31.483,4.286
6341,30.292,32.475,2.687
6342,30.164,31.332,2.796
6343,30.033,31.926,2.714
6344,30.566,31.780,2.618
6345,30.431,31.629,2.564
6346,29.960,31.318,2.745
6347,29.567,32.392,2.628
6348,31.273,31.608,2.677
6349,30.240,33.230,2.648
6350,30.541,31.982,2.656
6351,30.708,33.207,2.734
6352,30.965,32.656,2.704
6353,30.265,32.351,2.616
6354,31.035,32.278,2.709
6355,29.931,31.643,2.601
6356,30.877,33.458,3.590
6357,31.104,32.073,2.615
6358,31.670,32.426,2.704
6359,30.885,31.842,2.684
6360,32.649,33.042,2.652
6361,31.068,33.332,2.785
6362,31.736,32.303,3.002
6363,31.952,32.501,2.554
6364,31.301,32.746,2.684
6365,33.728,32.430,2.819
6366,33.125,31.975,2.726
6367,33.434,32.389,2.596
6368,32.541,32.590,2.762
6369,33.664,31.976,2.552
6370,32.760,32.143,2.789
6371,31.348,32.374,2.757
6372,30.778,33.093,2.661
6373,31.164,32.422,2.669
6374,30.044,32.297,2.603
6375,32.238,32.449,2.593
6376,30.662,31.361,2.681
6377,31.284,32.444,2.794
6378,30.927,32.330,2.817
6379,30.900,32.429,2.705
6380,31.484,32.387,2.969
6381,30.560,31.940,2.804
6382,31.977,32.445,2.601
6383,30.690,32.218,2.840
6384,31.005,32.155,2.761
6385,30.719,32.924,2.719
6386,30.856,31.886,2.735
6387,31.162,33.255,2.865
6388,30.944,32.935,2.690
6389,31.013,32.318,2.579
6390,30.278,32.252,2.699
6391,30.598,31.751,2.709
6392,30.199,31.671,2.621
6393,30.483,32.607,2.750
6394,31.276,31.845,2.656
6395,29.956,31.855,2.656
6396,31.165,31.785,2.721
6397,30.947,32.532,2.744
6398,30.903,33.415,2.586
6399,30.880,31.937,2.707
6400,30.728,32.070,2.731
6401,30.528,32.404,2.655
6402,30.645,32.505,2.770
6403,30.802,32.075,2.729
6404,31.453,33.305,2.796
6405,31.304,32.555,2.918
6406,30.733,32.505,2.768
6407,30.814,32.493,2.773
6408,30.545,32.388,2.587
6409,30.920,31.878,2.729
6410,31.097,32.345,2.660
6411,30.941,32.336,2.595
6412,30.636,32.767,2.640
6413,30.800,32.896,2.701
6414,32.020,32.970,2.741
6415,30.064,31.938,2.861
6416,30.766,32.503,2.715
6417,30.779,32.548,2.545
6418,30.538,32.624,2.701
6419,30.442,32.715,2.636
6420,30.757,33.028,2.620
6421,30.937,32.538,2.658
6422,31.200,31.629,2.731
6423,31.005,32.225,2.616
6424,30.424,31.761,2.604
6425,29.607,30.924,2.762
6426,31.203,32.078,2.736
6427,30.803,32.238,2.623
6428,30.948,31.942,2.790
6429,30.764,32.261,2.632
6430,30.675,32.775,2.703
6431,30.455,32.031,2.719
6432,32.009,32.851,2.704
6433,31.029,32.574,2.553
6434,30.946,32.347,2.792
6435,30.917,32.811,2.713
6436,33.822,32.711,2.740
6437,30.204,32.659,2.784
6438,30.888,34.252,4.768
6439,33.266,33.239,2.889
6440,32.738,32.831,4.073
6441,31.527,33.058,4.719
6442,31.572,34.245,4.189
6443,31.068,32.697,4.962
6444,32.567,32.175,4.339
6445,30.204,34.008,4.850
6446,31.176,33.431,4.554
6447,30.605,33.167,4.440
6448,31.254,33.581,4.801
6449,30.523,33.612,2.835
6450,30.286,32.950,4.742
6451,29.825,33.212,4.372
6452,29.180,33.303,5.596
6453,29.617,32.562,6.152
6454,28.277,31.578,5.461
6455,28.457,33.160,6.524
6456,30.062,32.808,4.367
6457,30.562,33.498,4.657
6458,29.892,32.503,4.519
6459,30.936,34.016,4.602
6460,31.135,34.741,5.036
6461,31.829,32.808,4.640
6462,31.424,33.402,4.542
6463,32.084,33.513,5.068
6464,31.364,33.673,4.315
6465,30.459,33.014,4.346
6466,31.503,33.420,4.521
6467,30.742,33.754,4.986
6468,31.501,34.488,4.358
6469,30.633,33.027,4.832
6470,30.057,32.096,4.956
6471,31.831,32.982,5.078
6472,31.422,33.108,4.246
6473,30.401,32.057,2.773
6474,30.226,31.888,2.523
6475,30.834,31.555,2.665
6476,29.249,31.781,2.841
6477,29.767,31.768,2.604
6478,31.192,32.041,2.756
6479,29.080,31.253,2.594
6480,28.980,31.871,2.699
6481,29.148,31.389,2.794
6482,29.739,31.990,2.601
6483,30.003,32.147,2.621
6484,30.179,31.821,2.929
6485,30.106,31.565,2.645
6486,30.017,31.392,2.733
6487,29.019,31.314,2.614
6488,30.418,31.776,2.574
6489,31.252,32.768,2.655
6490,29.989,32.854,2.586
6491,29.998,32.387,4.780
6492,30.441,31.707,2.538
6493,29.569,31.077,2.601
6494,30.133,31.931,2.723
6495,29.945,31.678,2.712
6496,30.211,31.967,2.729
6497,30.469,31.943,2.819
6498,31.184,32.622,2.689
6499,29.538,30.820,2.564
6500,30.932,32.292,3.005
6501,31.497,32.913,2.773
6502,31.859,33.093,2.565
6503,29.601,31.502,2.782
6504,30.026,31.278,2.651
6505,31.755,32.152,2.627
6506,31.019,31.872,2.733
6507,31.235,31.562,2.609
6508,31.190,31.466,2.631
6509,31.928,32.427,2.849
6510,31.503,31.530,2.720
6511,30.915,31.884,2.611
6512,32.215,31.820,2.698
6513,31.202,32.268,2.536
6514,30.762,30.293,2.580
6515,31.895,31.478,2.623
6516,30.753,31.590,2.684
6517,32.108,32.964,2.891
6518,31.190,32.445,2.640
6519,31.921,32.423,2.568
6520,30.557,32.320,4.419
6521,30.587,31.241,2.721
6522,31.382,32.248,2.721
6523,32.071,31.889,2.532
6524,31.423,31.102,2.679
6525,31.110,31.923,2.593
6526,30.787,32.715,2.793
6527,31.235,32.155,2.795
6528,31.368,32.372,2.720
6529,30.882,31.849,2.726
6530,31.589,33.313,2.811
6531,31.160,32.451,2.689
6532,30.458,33.241,2.931
6533,32.149,34.209,2.740
6534,30.978,34.448,2.602
6535,31.523,32.645,2.624
6536,30.687,31.968,2.598
6537,31.890,33.048,2.689
6538,31.213,32.156,2.793
6539,31.389,32.496,2.603
6540,31.339,32.596,2.675
6541,30.281,32.297,2.783
6542,31.205,32.085,2.599
6543,31.980,33.232,2.689
6544,30.787,32.760,2.657
6545,30.798,31.779,2.536
6546,31.143,32.335,2.721
6547,31.479,33.010,2.589
6548,30.978,32.582,2.621
6549,31.400,32.904,2.845
6550,31.458,32.963,2.709
6551,32.396,33.872,2.795
6552,32.265,34.102,2.716
6553,31.805,33.134,2.589
6554,31.084,33.816,2.536
6555,32.325,34.065,2.690
6556,31.636,33.110,2.738
6557,31.303,33.166,3.000
6558,32.585,33.148,2.733
6559,31.869,33.931,2.569
6560,32.145,34.250,2.712
6561,31.861,33.103,2.660
6562,31.940,33.229,2.665
6563,30.924,33.646,2.673
6564,31.909,34.337,2.726
6565,32.064,34.377,2.930
6566,31.045,33.118,2.545
6567,31.416,33.045,2.784
6568,31.529,33.551,2.633
6569,31.791,33.840,2.588
6570,31.595,32.904,2.830
6571,30.623,33.156,2.689
6572,32.408,32.198,2.570
6573,32.293,33.178,2.778
6574,31.419,33.134,2.605
6575,31.717,33.243,2.830
6576,32.539,33.522,2.693
6577,31.780,32.601,2.750
6578,32.078,33.107,2.758
6579,31.907,32.047,2.791
6580,33.614,32.677,2.756
6581,31.566,32.449,2.733
6582,31.798,31.987,2.745
6583,32.411,31.608,2.729
6584,32.003,32.948,2.797
6585,32.841,32.950,2.704
6586,33.793,33.859,2.609
6587,33.104,33.025,2.821
6588,33.339,32.902,2.678
6589,33.390,33.369,2.621
6590,34.286,33.483,2.814
6591,32.937,32.693,2.649
6592,33.840,33.028,2.697
6593,33.791,34.233,2.684
6594,33.341,33.061,2.923
6595,33.161,33.431,2.756
6596,33.762,32.722,2.646
6597,33.917,32.522,3.127
6598,34.519,33.978,2.796
6599,32.886,33.077,2.723
6600,34.188,32.290,2.742
6601,34.107,32.531,2.512
6602,34.826,32.477,2.683
6603,34.355,31.968,2.667
6604,32.008,33.593,2.748
6605,32.392,32.715,2.741
6606,32.009,33.638,2.638
6607,31.194,32.369,2.830
6608,31.844,32.773,2.795
6609,30.746,32.262,2.585
6610,31.051,32.894,2.632
6611,31.032,33.384,2.711
6612,30.736,32.424,2.668
6613,31.374,31.404,2.837
6614,31.029,31.933,2.757
6615,31.351,32.332,2.671
6616,32.242,32.594,2.754
6617,31.416,31.897,2.649
6618,30.883,32.774,2.740
6619,32.006,33.623,2.634
6620,31.775,32.584,2.703
6621,32.175,33.407,2.715
6622,31.881,31.919,2.648
6623,31.822,33.175,2.670
6624,31.045,31.305,2.678
6625,32.020,33.149,2.923
6626,31.833,33.346,3.371
6627,31.107,34.998,2.934
6628,31.693,34.223,2.630
6629,32.535,35.219,2.720
6630,31.560,34.209,2.784
6631,31.639,33.653,2.735
6632,31.338,32.155,2.627
6633,31.263,32.687,4.379
6634,31.602,33.207,5.368
6635,32.178,32.241,4.991
6636,32.921,32.972,4.289
6637,32.030,33.451,5.445
6638,30.755,33.262,5.468
6639,31.637,32.635,4.976
6640,32.354,34.172,5.635
6641,31.842,34.023,6.724
6642,31.405,32.815,6.402
6643,31.527,33.137,6.329
6644,31.396,33.507,7.284
6645,31.408,32.977,5.694
6646,31.750,32.633,6.339
6647,30.894,32.449,7.196
6648,30.739,32.718,6.711
6649,31.939,32.746,6.254
6650,31.409,33.021,6.017
6651,32.224,33.148,6.485
6652,30.976,32.660,6.561
6653,30.778,33.079,7.058
6654,31.231,32.263,6.042
6655,30.396,32.467,7.277
6656,31.039,32.131,8.526
6657,32.281,33.347,6.600
6658,31.561,32.548,7.092
6659,31.721,32.568,6.442
6660,31.829,32.959,6.791
6661,30.830,32.168,6.178
6662,31.185,31.924,2.595
6663,30.761,31.034,2.598
6664,31.037,32.023,3.959
6665,31.306,31.920,3.069
6666,31.257,31.430,2.865
6667,30.414,32.511,2.999
6668,31.017,31.571,2.611
6669,30.693,31.343,2.569
6670,30.775,32.375,4.563
6671,30.660,32.737,5.336
6672,31.051,32.950,4.633
6673,30.828,31.872,4.572
6674,31.146,31.987,4.925
6675,31.685,33.254,4.717
6676,31.129,32.675,4.329
6677,30.390,33.748,4.570
6678,31.286,32.630,4.502
6679,30.525,31.513,4.472
6680,30.528,31.698,4.541
6681,30.811,31.464,4.510
6682,30.499,31.913,4.364
6683,30.770,32.280,4.397
6684,30.416,31.604,4.670
6685,30.809,31.421,4.422
6686,30.800,32.324,4.677
6687,29.943,32.298,4.670
6688,29.939,31.560,4.872
6689,30.515,31.370,2.764
6690,31.197,31.864,2.670
6691,30.007,32.022,2.846
6692,31.050,31.957,2.653
6693,31.134,32.146,2.737
6694,30.519,31.253,2.689
6695,30.658,32.139,4.665
6696,30.493,32.139,4.585
6697,31.830,33.580,4.600
6698,31.233,32.213,4.613
6699,30.163,31.226,4.548
6700,29.410,31.752,4.569
6701,31.543,32.839,4.679
6702,31.045,33.137,4.591
6703,31.211,32.941,4.457
6704,30.660,31.760,2.570
6705,30.487,32.477,2.776
6706,30.392,32.359,3.201
6707,31.326,32.549,2.840
6708,31.108,32.621,4.236
6709,29.995,32.198,2.729
6710,30.109,32.557,2.671
6711,29.951,31.315,2.505
6712,30.069,31.266,2.693
6713,31.429,32.821,2.659
6714,30.431,31.971,2.791
6715,30.106,31.555,2.704
6716,31.344,32.001,2.666
6717,30.660,31.659,2.958
6718,30.935,32.402,2.813
6719,30.051,32.486,2.698
6720,31.061,33.150,2.689
6721,32.210,34.323,4.812
6722,31.338,32.880,5.433
6723,30.945,32.900,5.198
6724,30.750,33.125,4.328
6725,32.571,33.790,5.423
6726,31.930,33.251,4.509
6727,31.411,32.708,4.391
6728,31.447,33.829,4.638
6729,32.354,33.425,5.619
6730,33.534,34.434,5.343
6731,32.325,33.998,4.816
6732,31.069,34.421,4.301
6733,31.383,32.469,4.577
6734,30.946,32.708,4.421
6735,30.567,32.258,4.603
6736,30.787,32.873,4.619
6737,31.100,32.730,4.886
6738,31.043,32.960,4.591
6739,31.241,33.512,4.726
6740,31.697,32.849,4.428
6741,32.435,33.915,5.045
6742,31.897,34.009,4.342
6743,30.942,33.280,4.445
6744,30.779,32.949,5.054
6745,30.679,33.168,4.433
6746,31.145,32.583,4.338
6747,30.357,33.780,4.310
6748,31.292,33.080,4.518
6749,30.148,32.508,4.573
6750,30.646,32.429,4.714
6751,31.104,34.230,4.619
6752,31.479,34.445,4.928
6753,31.221,34.968,4.725
6754,31.536,32.559,4.812
6755,31.235,33.574,4.366
6756,30.353,33.407,4.997
6757,31.288,34.293,5.114
6758,31.306,34.376,5.382
6759,31.521,35.419,4.601
6760,31.654,36.765,4.313
6761,32.058,35.285,4.686
6762,31.001,33.737,4.543
6763,30.270,34.067,2.609
6764,31.487,33.728,4.337
6765,31.898,35.212,4.883
6766,31.143,35.150,5.211
6767,31.843,34.490,4.973
6768,31.773,34.681,5.136
6769,31.916,34.466,5.103
6770,30.621,33.423,5.609
6771,31.099,34.419,4.722
6772,31.748,33.668,4.799
6773,30.733,33.583,4.838
6774,31.221,33.905,4.876
6775,31.143,34.326,4.532
6776,30.203,32.728,5.077
6777,31.039,34.272,5.149
6778,31.073,33.608,5.197
6779,30.757,34.226,5.078
6780,31.196,35.868,4.695
6781,30.692,34.343,4.821
6782,32.063,35.775,4.694
6783,32.559,35.637,4.813
6784,31.599,34.051,2.678
6785,31.587,35.164,2.613
6786,31.255,34.349,2.634
6787,32.466,34.778,4.497
6788,31.651,35.850,2.699
6789,30.246,34.523,2.779
6790,31.709,35.217,5.278
6791,31.553,36.786,4.679
6792,31.134,34.785,5.166
6793,30.028,34.386,4.576
6794,30.200,34.545,2.750
6795,30.019,34.006,2.610
6796,30.658,35.211,2.678
6797,30.762,34.602,2.569
6798,30.732,34.858,2.891
6799,31.531,34.456,2.807
6800,30.260,35.061,4.925
6801,31.473,35.628,4.911
6802,31.892,35.775,4.820
6803,31.680,35.494,4.970
6804,31.843,35.678,4.531
6805,30.852,36.365,5.526
6806,31.603,35.204,5.196
6807,30.954,35.886,5.153
6808,31.954,36.461,4.803
6809,31.181,35.285,4.812
6810,31.452,35.227,4.549
6811,31.229,35.094,4.732
6812,31.768,35.331,4.437
6813,31.569,35.784,5.163
6814,30.633,33.790,4.746
6815,31.793,33.922,5.089
6816,31.033,32.628,4.339
6817,32.278,33.647,4.626
6818,32.232,32.060,4.972
6819,31.640,31.690,4.503
6820,30.397,30.690,4.625
6821,30.566,31.711,4.528
6822,31.464,32.212,4.454
6823,30.856,32.550,4.663
6824,31.213,32.557,4.443
6825,31.228,32.542,4.695
6826,31.648,32.939,4.928
6827,32.229,32.480,4.522
6828,31.181,32.544,4.544
6829,31.161,32.644,4.514
6830,30.893,34.229,4.715
6831,31.652,33.991,4.579
6832,30.725,31.956,4.966
6833,30.834,32.672,4.706
6834,32.475,33.034,2.624
6835,30.774,31.791,2.747
6836,32.004,35.572,2.692
6837,31.148,33.447,2.563
6838,31.379,33.600,2.733
6839,31.272,34.700,2.556
6840,31.463,34.283,2.833
6841,30.276,33.436,2.619
6842,31.311,33.749,2.644
6843,31.447,35.440,2.699
6844,31.085,34.910,2.723
6845,32.302,33.618,2.765
6846,32.029,33.964,2.683
6847,32.405,35.094,2.708
6848,30.821,34.798,2.740
6849,30.791,34.656,2.702
6850,31.066,34.524,3.419
6851,31.009,32.818,2.627
6852,29.815,33.739,2.660
6853,30.607,34.351,2.653
6854,29.970,33.830,2.869
6855,30.683,33.046,2.752
6856,30.264,34.271,2.695
6857,30.764,34.328,2.566
6858,30.994,34.419,2.743
6859,31.531,35.717,2.633
6860,31.499,34.488,2.631
6861,31.781,34.449,2.596
6862,31.796,34.210,2.707
6863,31.653,34.539,2.603
6864,30.918,34.093,2.501
6865,30.810,34.851,2.754
6866,31.294,33.087,2.684
6867,31.787,33.940,2.893
6868,32.166,32.938,2.707
6869,32.444,34.515,2.670
6870,32.484,35.631,2.782
6871,32.707,34.689,2.730
6872,32.466,34.667,2.734
6873,31.959,34.898,2.679
6874,31.069,34.967,2.644
6875,31.055,33.750,2.623
6876,31.639,34.391,2.859
6877,30.921,34.586,2.795
6878,31.643,35.492,2.701
6879,31.810,35.112,3.036
6880,31.951,34.605,2.868
6881,32.014,34.288,2.611
6882,31.838,32.692,2.680
6883,31.436,34.937,2.656
6884,32.050,34.996,2.809
6885,31.992,35.102,2.651
6886,31.423,33.955,2.641
6887,32.854,34.756,2.649
6888,31.978,34.804,2.784
6889,32.514,35.413,2.939
6890,32.314,35.587,2.886
6891,31.666,35.260,2.606
6892,31.866,35.043,2.595
6893,31.696,35.572,2.760
6894,31.667,34.526,2.769
6895,31.940,35.078,2.927
6896,31.054,34.541,2.633
6897,31.193,35.823,2.677
6898,30.861,33.928,2.748
6899,31.016,35.150,2.756
6900,31.278,33.334,2.755
6901,31.344,33.449,2.609
6902,31.499,35.260,2.628
6903,31.204,35.093,2.724
6904,31.844,35.406,2.780
6905,31.336,34.762,2.456
6906,31.951,35.837,2.808
6907,31.795,34.032,2.689
6908,31.375,35.053,2.639
6909,30.404,34.539,2.625
6910,31.083,33.955,2.627
6911,34.018,34.211,2.597
6912,32.379,34.871,2.721
6913,31.189,33.564,2.686
6914,31.499,34.921,2.637
6915,29.967,33.944,2.930
6916,30.787,33.569,2.606
6917,31.357,34.530,2.646
6918,31.421,34.870,3.011
6919,31.132,34.290,2.796
6920,29.867,34.240,2.767
6921,31.166,33.326,2.792
6922,31.588,33.776,2.613
6923,31.842,33.311,2.727
6924,31.981,34.574,2.660
6925,30.117,33.904,2.631
6926,30.179,33.821,2.739
6927,30.658,33.127,2.642
6928,30.162,32.582,2.708
6929,30.604,33.356,2.636
6930,30.754,33.683,2.665
6931,29.644,33.324,2.761
6932,30.892,34.207,2.959
6933,31.070,34.229,3.061
6934,31.111,33.617,2.757
6935,31.231,34.135,2.585
6936,30.933,33.875,2.754
6937,30.284,34.127,2.584
6938,31.211,34.379,2.729
6939,30.048,34.828,2.754
6940,30.776,35.382,2.706
6941,30.678,34.227,2.680
6942,29.884,34.151,2.759
6943,31.404,33.618,2.651
6944,32.128,34.617,2.783
6945,32.317,34.976,2.662
6946,30.688,34.451,2.824
6947,30.462,33.784,2.702
6948,30.274,34.073,2.593
6949,30.538,34.721,2.742
6950,31.995,33.718,2.617
6951,30.153,33.208,2.596
6952,30.099,33.501,2.660
6953,30.676,33.570,2.706
6954,30.930,33.618,2.655
6955,30.327,33.368,2.621
6956,31.039,33.807,2.967
6957,31.256,33.789,2.998
6958,31.048,34.259,2.694
6959,30.107,32.896,2.633
6960,30.069,34.004,3.010
6961,29.711,32.841,2.575
6962,31.644,33.646,2.823
6963,31.019,33.942,2.646
6964,31.619,33.614,2.879
6965,30.433,33.371,2.695
6966,31.559,33.779,2.665
6967,30.553,34.434,2.802
6968,31.517,34.922,3.233
6969,30.116,33.513,2.623
6970,31.154,34.302,2.711
6971,30.759,33.914,4.121
6972,30.572,32.858,2.662
6973,32.299,34.170,2.911
6974,31.267,34.485,2.802
6975,30.446,33.486,4.842
6976,30.018,33.429,4.758
6977,30.644,34.201,4.955
6978,30.032,34.458,6.089
6979,30.014,33.633,6.367
6980,30.313,35.272,5.138
6981,30.658,34.515,4.385
6982,30.414,34.917,4.871
6983,30.672,33.597,3.752
6984,31.479,34.793,2.801
6985,32.002,35.946,2.855
6986,31.142,34.789,2.722
6987,31.167,34.176,2.673
6988,31.164,34.668,2.708
6989,32.161,33.225,2.733
6990,31.843,35.859,2.785
6991,30.980,33.698,2.667
6992,31.625,34.410,2.909
6993,31.980,33.493,2.779
6994,31.725,35.240,2.687
6995,31.361,35.497,2.777
6996,32.945,34.822,2.816
6997,32.139,33.881,2.817
6998,31.439,34.761,2.702
6999,31.448,35.360,2.539
7000,30.841,35.317,2.777
7001,32.215,35.815,2.857
7002,31.342,35.151,2.716
7003,32.139,35.169,2.748
7004,31.631,35.173,2.706
7005,32.362,35.941,2.720
7006,31.360,34.755,2.673
7007,32.201,35.733,2.613
7008,31.652,35.593,2.765
7009,31.667,35.616,2.778
7010,31.427,34.132,2.540
7011,31.409,35.313,2.699
7012,31.342,33.360,2.712
7013,31.263,35.240,2.809
7014,30.045,33.786,2.631
7015,30.895,35.585,2.667
7016,29.783,33.369,2.580
7017,30.322,34.023,2.719
7018,31.377,35.002,2.631
7019,30.351,33.562,2.530
7020,30.722,34.040,2.646
7021,30.453,31.903,2.486
7022,31.420,32.939,2.808
7023,29.882,32.719,2.845
7024,30.955,32.475,2.572
7025,29.400,31.783,2.889
7026,29.936,32.640,2.553
7027,32.173,32.774,2.629
7028,33.026,32.192,2.796
7029,33.223,31.854,2.675
7030,31.575,30.739,2.862
7031,30.205,32.022,2.627
7032,31.524,33.518,2.756
7033,31.217,33.285,2.839
7034,30.548,31.433,2.585
7035,30.258,31.592,2.584
7036,31.655,32.856,2.787
7037,30.674,31.421,2.800
7038,30.116,32.554,2.757
7039,29.701,31.619,2.634
7040,30.670,33.527,2.805
7041,30.485,33.521,2.737
7042,30.950,32.259,2.572
7043,29.953,32.268,2.650
7044,31.058,32.577,2.702
7045,30.944,32.629,2.595
7046,31.449,32.026,2.676
7047,31.383,33.702,2.725
7048,30.971,32.309,2.633
7049,30.987,32.992,2.986
7050,30.635,31.777,2.576
7051,31.257,31.623,2.695
7052,30.962,31.915,2.665
7053,31.016,32.480,4.646
7054,31.461,33.510,4.418
7055,30.912,32.767,4.450
7056,31.058,33.448,4.760
7057,30.396,32.876,4.522
7058,30.269,31.964,2.622
7059,30.396,32.215,2.638
7060,30.666,32.061,2.750
7061,30.387,32.150,2.658
7062,30.520,32.529,2.812
7063,30.880,32.422,2.897
7064,31.459,33.298,2.857
7065,30.829,32.606,2.655
7066,33.083,32.761,2.698
7067,30.229,31.984,2.632
7068,30.994,32.688,2.589
7069,31.774,32.039,2.692
7070,31.938,32.536,2.766
7071,30.302,32.295,2.725
7072,31.233,33.040,2.620
7073,30.925,31.565,2.763
7074,30.468,31.914,2.687
7075,30.603,31.821,2.655
7076,31.160,31.874,2.672
7077,31.312,32.160,2.710
7078,30.593,33.021,2.925
7079,31.164,32.688,2.680
7080,32.039,34.336,2.705
7081,31.661,33.018,2.634
7082,32.159,33.531,2.699
7083,32.099,32.376,2.680
7084,31.835,32.947,2.774
7085,32.456,33.807,2.793
7086,31.263,32.848,2.696
7087,30.351,32.286,2.825
7088,31.159,32.772,2.871
7089,30.772,32.457,2.501
7090,31.734,33.013,2.645
7091,31.005,32.385,2.648
7092,31.198,32.895,2.672
7093,30.376,32.803,2.575
7094,31.259,31.809,2.714
7095,31.219,33.180,2.701
7096,30.391,32.261,2.546
7097,30.498,32.818,2.790
7098,32.082,32.661,2.678
7099,30.565,33.130,2.709
7100,31.522,32.478,2.760
7101,31.411,34.200,3.001
7102,31.377,33.185,2.605
7103,30.440,33.534,2.725
7104,31.704,32.955,2.609
7105,31.999,33.411,2.692
7106,30.923,33.310,2.775
7107,30.848,32.990,2.664
7108,29.810,32.478,2.703
7109,30.883,32.972,2.797
7110,30.554,32.737,2.649
7111,30.953,33.572,2.584
7112,30.602,33.413,2.593
7113,30.910,32.418,2.866
7114,30.159,33.459,2.609
7115,29.798,32.782,2.631
7116,28.787,32.974,6.037
7117,28.782,32.963,4.708
7118,30.121,31.924,4.661
7119,30.099,33.077,5.134
7120,29.569,32.759,5.277
7121,29.376,31.787,6.082
7122,29.343,31.946,5.822
7123,28.857,32.387,5.138
7124,29.039,33.322,4.760
7125,30.483,32.980,5.483
7126,30.663,32.915,4.133
7127,31.308,32.393,2.735
7128,30.986,33.974,2.583
7129,30.907,33.455,2.651
7130,31.272,32.955,2.755
7131,31.056,33.355,2.693
7132,30.846,32.089,2.776
7133,30.275,31.716,2.573
7134,30.073,31.959,2.518
7135,30.247,33.005,2.684
7136,30.603,33.062,2.616
7137,30.967,33.740,2.724
7138,30.203,33.687,2.742
7139,30.823,33.546,2.703
7140,30.066,32.406,2.793
7141,29.732,31.190,2.715
7142,30.850,32.855,2.866
7143,29.700,32.845,2.702
7144,31.728,34.109,2.713
7145,30.970,33.138,2.560
7146,30.551,33.045,3.484
7147,30.191,33.574,3.160
7148,29.936,33.014,2.672
7149,30.823,33.255,2.883
7150,31.614,32.825,2.543
7151,31.655,34.287,2.693
7152,31.126,33.828,2.759
7153,31.776,32.676,2.582
7154,31.588,33.525,2.683
7155,32.523,34.239,2.786
7156,31.273,32.923,2.710
7157,32.423,33.736,2.584
7158,30.185,32.623,2.840
7159,30.955,32.803,2.749
7160,30.848,32.569,2.567
7161,31.164,32.623,2.781
7162,31.552,33.235,2.721
7163,31.481,32.745,2.728
7164,31.890,32.562,2.664
7165,31.340,32.460,2.810
7166,31.849,32.161,2.865
7167,30.701,33.401,2.584
7168,32.095,32.968,2.811
7169,30.243,32.034,2.697
7170,29.555,31.924,2.636
7171,31.605,33.831,2.656
7172,32.798,32.834,3.025
7173,31.614,33.346,2.805
7174,30.072,32.649,2.712
7175,31.050,31.460,2.631
7176,31.188,32.854,4.313
7177,32.030,33.848,6.480
7178,30.108,32.652,4.812
7179,31.521,32.654,5.031
7180,32.153,31.180,3.055
7181,31.326,32.212,2.930
7182,31.519,32.112,2.522
7183,29.704,31.789,2.758
7184,30.743,33.076,2.774
7185,30.658,32.215,2.690
7186,31.216,33.429,2.711
7187,30.484,31.729,2.891
7188,31.633,33.811,5.067
7189,31.879,34.708,4.683
7190,31.161,33.359,5.212
7191,30.735,32.783,5.349
7192,30.907,33.839,5.455
7193,31.279,33.754,2.756
7194,33.330,32.976,2.654
7195,32.542,33.180,2.609
7196,32.575,32.817,2.790
7197,31.421,32.262,2.609
7198,32.523,34.072,2.767
7199,32.348,33.469,2.875
7200,31.743,33.626,2.654
7201,31.616,33.481,4.847
7202,31.859,33.958,4.707
7203,31.640,33.930,4.638
7204,32.094,33.031,2.733
7205,31.212,32.135,2.606
7206,30.316,33.166,2.825
7207,30.613,32.595,2.602
7208,31.418,33.918,2.836
7209,31.575,33.462,2.698
7210,31.577,33.890,2.866
7211,31.732,33.933,3.647
7212,31.942,34.608,4.134
7213,30.067,32.581,2.620
7214,30.934,32.167,2.706
7215,31.468,33.603,2.682
7216,31.329,32.793,2.917
7217,30.841,33.018,2.828
7218,31.651,34.125,4.689
7219,31.014,33.483,4.418
7220,31.141,33.459,4.303
7221,30.224,33.035,2.747
7222,30.227,32.426,2.961
7223,30.665,32.969,2.734
7224,31.001,33.072,2.720
7225,30.737,32.539,2.716
7226,31.041,32.932,2.703
7227,30.794,32.603,2.816
7228,30.298,32.087,2.649
7229,31.631,32.985,2.688
7230,31.441,33.492,4.347
7231,30.796,33.638,4.814
7232,31.280,34.168,4.596
7233,30.556,33.221,2.581
7234,31.160,33.159,2.825
7235,31.065,33.118,2.625
7236,30.870,33.709,5.528
7237,30.467,33.361,4.529
7238,30.799,32.115,4.734
7239,30.551,33.673,4.521
7240,30.100,31.364,2.707
7241,31.137,32.107,2.914
7242,30.753,31.802,2.862
7243,30.273,32.096,2.791
7244,29.371,31.004,2.740
7245,28.978,31.579,2.585
7246,30.130,32.799,2.748
7247,30.338,32.128,2.663
7248,31.267,32.715,2.565
7249,31.267,33.596,2.730
7250,31.314,34.929,3.951
7251,31.240,33.841,4.629
7252,30.995,31.840,2.751
7253,32.279,33.415,2.763
7254,32.479,33.652,2.791
7255,31.681,32.986,2.641
7256,30.456,32.701,2.709
7257,31.977,35.044,2.712
7258,31.062,34.043,2.679
7259,30.879,33.357,2.677
7260,30.902,33.417,2.614
7261,30.648,33.614,2.606
7262,30.259,32.778,2.654
7263,30.394,33.146,2.695
7264,31.839,33.178,2.775
7265,30.851,33.615,2.536
7266,30.965,32.578,2.814
7267,30.992,31.638,2.762
7268,31.680,34.272,2.716
7269,30.936,33.664,2.626
7270,31.107,33.341,2.750
7271,30.649,34.046,2.971
7272,31.244,34.014,2.626
7273,31.840,34.076,2.755
7274,31.207,34.942,2.859
7275,29.415,33.002,2.567
7276,31.221,34.915,2.630
7277,30.257,33.851,2.781
7278,31.090,35.314,2.684
7279,30.427,34.117,2.989
7280,30.851,34.741,2.806
7281,31.335,35.130,3.001
7282,31.136,35.054,2.728
7283,31.601,35.892,5.041
7284,30.979,33.592,2.666
7285,32.459,34.227,2.948
7286,32.115,35.364,2.698
7287,32.148,35.326,2.638
7288,30.590,34.773,2.698
7289,31.692,35.190,2.611
7290,31.571,36.035,2.865
7291,31.130,34.444,2.669
7292,31.474,35.698,2.826
7293,30.984,34.664,2.627
7294,31.174,34.851,2.706
7295,32.053,34.249,2.825
7296,34.594,34.829,2.770
7297,34.259,35.071,2.999
7298,34.382,35.181,4.565
7299,33.692,35.371,4.522
7300,35.028,35.667,2.707
7301,34.798,36.566,2.735
7302,33.736,35.988,2.726
7303,33.597,34.702,2.806
7304,31.921,34.319,6.104
7305,33.562,35.506,4.531
7306,33.979,34.727,5.142
7307,34.119,35.020,2.719
7308,33.095,34.804,2.644
7309,31.719,34.060,2.846
7310,31.726,34.236,2.809
7311,31.544,33.963,2.537
7312,31.598,34.576,2.757
7313,32.770,33.708,2.681
7314,31.705,34.597,4.029
7315,30.731,34.340,2.719
7316,29.698,34.288,2.653
7317,31.775,33.897,2.904
7318,32.216,35.112,4.525
7319,30.788,33.207,4.808
7320,30.341,33.119,6.230
7321,31.026,34.651,4.389
7322,30.546,33.074,4.789
7323,31.839,34.948,4.627
7324,30.470,33.937,5.399
7325,31.552,33.865,4.441
7326,31.713,34.007,4.901
7327,31.360,35.484,4.769
7328,31.778,33.562,4.622
7329,31.639,35.709,6.240
7330,30.477,34.491,4.596
7331,32.077,35.093,4.817
7332,31.995,35.346,4.275
7333,30.525,34.301,4.678
7334,30.558,33.936,4.778
7335,30.436,33.941,5.089
7336,30.413,34.760,4.765
7337,31.465,34.522,4.466
7338,31.283,34.359,4.789
7339,32.088,35.317,4.458
7340,31.381,35.502,4.564
7341,30.913,34.690,4.478
7342,31.600,34.713,4.886
7343,30.690,34.446,4.998
7344,30.669,34.086,5.078
7345,31.482,32.797,4.715
7346,31.019,32.840,4.899
7347,31.296,32.826,4.803
7348,31.051,31.557,4.519
7349,29.996,33.050,7.081
7350,29.697,31.394,6.653
7351,30.431,32.718,6.986
7352,29.310,32.062,7.067
7353,30.400,32.663,5.956
7354,30.083,32.300,6.549
7355,30.400,32.161,7.137
7356,30.946,33.121,7.189
7357,30.071,32.639,6.239
7358,30.491,32.062,6.505
7359,30.081,33.819,6.788
7360,29.975,32.077,7.033
7361,30.376,32.352,7.289
7362,30.659,33.361,6.907
7363,32.019,33.718,7.060
7364,31.535,34.556,6.984
7365,29.621,32.725,7.364
7366,30.244,33.413,7.248
7367,30.872,33.121,6.488
7368,31.013,32.621,5.001
7369,30.548,33.686,4.603
7370,31.624,33.866,4.483
7371,31.243,33.603,5.254
7372,30.793,33.150,4.646
7373,30.740,32.712,4.323
7374,31.545,33.358,5.115
7375,31.633,33.606,4.812
7376,30.443,33.433,5.034
7377,30.303,32.377,4.419
7378,31.245,33.705,4.821
7379,31.010,32.463,5.210
7380,31.755,32.584,4.983
7381,32.202,32.802,5.305
7382,31.001,32.147,4.477
7383,30.066,31.801,4.767
7384,30.708,32.678,4.928
7385,31.898,33.539,4.750
7386,31.890,33.218,4.560
7387,33.327,32.986,5.182
7388,33.317,33.058,4.637
7389,32.763,32.893,5.687
7390,33.116,33.030,4.783
7391,33.149,32.580,4.487
7392,32.808,33.353,4.804
7393,32.646,32.474,4.525
7394,33.579,34.064,4.930
7395,31.927,32.589,5.423
7396,33.328,33.787,5.428
7397,32.748,32.502,5.099
7398,33.118,32.756,5.087
7399,32.245,32.609,4.771
7400,32.326,32.795,5.019
7401,33.716,33.232,5.077
7402,32.166,32.356,4.536
7403,33.898,32.471,4.608
7404,33.058,33.659,4.562
7405,33.010,33.042,4.572
7406,33.765,32.324,5.074
7407,33.948,33.008,4.374
7408,33.148,32.842,4.648
7409,33.321,32.669,4.785
7410,32.862,33.013,4.857
7411,32.550,32.839,4.919
7412,33.244,32.337,2.774
7413,32.768,32.398,2.549
7414,32.716,32.362,2.676
7415,32.335,31.840,2.710
7416,29.572,31.898,2.702
7417,30.168,32.340,2.697
7418,31.546,32.233,2.852
7419,29.759,32.559,2.728
7420,31.603,32.968,2.740
7421,30.418,33.135,2.825
7422,31.127,33.380,2.716
7423,30.480,33.303,2.612
7424,32.350,32.371,2.633
7425,30.674,32.287,2.732
7426,31.088,31.671,2.676
7427,29.672,31.165,2.623
7428,30.131,31.074,2.833
7429,30.380,31.448,2.781
7430,30.995,31.540,2.760
7431,31.616,31.705,2.702
7432,33.638,32.474,2.816
7433,33.082,32.029,2.777
7434,33.885,32.643,2.761
7435,32.626,31.832,3.016
7436,33.681,32.077,2.616
7437,32.669,31.519,2.613
7438,32.638,32.061,2.763
7439,33.337,31.151,2.796
7440,33.472,32.842,2.804
7441,33.328,32.291,2.799
7442,33.530,31.365,2.654
7443,33.879,30.750,2.675
7444,33.770,32.113,2.704
7445,33.859,31.648,2.772
7446,32.948,31.794,2.635
7447,32.229,31.551,2.857
7448,32.794,31.848,2.844
7449,31.765,30.735,2.659
7450,32.830,31.644,2.697
7451,31.959,31.396,2.774
7452,33.182,32.221,2.745
7453,33.049,32.227,2.677
7454,33.126,31.981,2.645
7455,31.423,31.877,2.652
7456,34.281,31.717,2.692
7457,32.513,32.011,2.745
7458,32.740,31.830,2.706
7459,33.005,32.061,2.656
7460,32.865,31.960,2.593
7461,31.672,31.483,2.709
7462,32.425,32.068,2.666
7463,32.894,31.189,2.562
7464,33.914,32.868,2.818
7465,33.568,33.172,2.643
7466,34.316,33.314,2.690
7467,32.930,31.881,2.777
7468,32.519,32.035,2.674
7469,30.451,31.890,2.632
7470,30.840,31.949,2.726
7471,30.803,32.467,2.616
7472,30.111,31.354,2.675
7473,30.997,32.534,2.785
7474,31.146,32.100,2.794
7475,30.379,32.342,2.807
7476,30.773,32.679,2.729
7477,30.151,31.542,2.806
7478,31.126,32.836,2.744
7479,31.042,31.208,2.654
7480,31.774,31.592,2.684
7481,31.570,31.962,2.761
7482,31.461,32.007,2.774
7483,31.504,32.000,2.802
7484,32.813,31.481,2.635
7485,34.036,32.869,2.901
7486,32.782,31.974,2.606
7487,33.976,32.670,2.580
7488,33.693,32.367,2.744
7489,33.203,31.528,2.587
7490,33.158,31.997,2.680
7491,33.123,30.981,2.646
7492,31.432,30.414,2.721
7493,30.282,31.818,2.751
7494,31.100,31.141,2.761
7495,31.419,31.902,2.596
7496,31.152,32.131,2.871
7497,31.544,31.478,2.735
7498,31.569,31.728,2.632
7499,31.509,32.035,2.634
7500,31.310,30.502,2.685
7501,32.540,33.071,2.635
7502,31.772,32.659,2.651
7503,31.701,31.646,2.784
7504,31.357,32.061,2.632
7505,31.141,32.264,2.678
7506,30.531,32.193,4.029
7507,30.676,32.385,3.015
7508,30.922,32.188,2.650
7509,32.159,33.190,2.789
7510,31.121,32.381,2.666
7511,30.979,32.327,2.806
7512,31.272,32.378,2.792
7513,31.385,31.341,2.824
7514,31.210,32.149,2.764
7515,31.275,32.100,2.620
7516,30.033,32.506,2.749
7517,30.568,32.515,2.603
7518,30.512,32.317,2.663
7519,31.582,33.196,2.744
7520,31.557,32.160,2.647
7521,30.775,32.393,2.908
7522,30.391,32.231,3.220
7523,31.508,32.802,2.557
7524,31.064,32.158,2.692
7525,30.313,31.695,2.814
7526,31.175,31.984,2.567
7527,30.582,32.263,2.677
7528,30.338,31.731,2.729
7529,31.583,33.218,2.672
7530,31.828,33.025,2.754
7531,31.718,33.871,2.632
7532,30.435,31.121,2.645
7533,30.723,32.643,2.787
7534,30.122,32.442,5.728
7535,30.679,32.933,5.565
7536,31.015,32.870,5.370
7537,30.758,32.413,5.994
7538,31.971,33.741,5.917
7539,30.693,33.057,5.477
7540,31.084,32.088,5.633
7541,29.837,33.101,6.136
7542,30.974,34.202,5.994
7543,30.127,32.744,5.253
7544,28.989,31.277,5.732
7545,30.404,33.396,4.947
7546,30.984,33.523,5.508
7547,31.224,32.582,5.126
7548,30.811,33.018,4.870
7549,30.726,32.480,5.236
7550,30.267,31.945,4.237
7551,29.983,31.803,4.259
7552,30.581,32.753,4.410
7553,31.640,32.504,4.440
7554,29.911,31.239,3.714
7555,30.431,31.795,4.259
7556,30.264,31.761,2.562
7557,30.230,31.978,3.180
7558,30.430,32.573,2.672
7559,31.315,32.498,3.054
7560,31.339,32.691,2.785
7561,31.043,33.695,3.937
7562,30.756,32.416,3.942
7563,31.099,33.424,4.424
7564,31.105,32.731,2.549
7565,30.717,32.090,2.685
7566,31.444,32.802,2.737
7567,30.034,31.700,2.725
7568,31.282,33.411,2.603
7569,30.147,32.072,2.810
7570,30.289,31.850,2.725
7571,30.512,31.997,2.829
7572,30.081,31.944,2.596
7573,29.990,31.625,2.719
7574,30.295,32.189,2.846
7575,30.707,31.931,2.629
7576,30.239,31.787,2.750
7577,30.041,31.769,2.659
7578,31.097,32.426,2.700
7579,30.622,32.336,2.699
7580,30.708,32.169,2.697
7581,31.470,32.232,2.718
7582,31.843,32.495,2.592
7583,29.884,30.924,2.554
7584,30.654,31.578,2.599
7585,30.173,32.264,2.791
7586,30.439,32.240,2.632
7587,30.107,31.669,2.694
7588,30.621,32.374,2.669
7589,31.620,32.571,2.700
7590,31.256,32.236,2.751
7591,30.140,32.649,2.705
7592,30.998,33.284,2.582
7593,30.992,33.022,2.737
7594,29.828,32.461,2.700
7595,31.125,32.800,2.966
7596,31.391,33.049,2.657
7597,31.378,32.440,2.657
7598,31.829,33.243,2.643
7599,32.091,32.633,2.566
7600,30.762,32.168,2.638
7601,30.568,32.141,2.739
7602,30.270,32.327,2.858
7603,31.254,32.231,2.643
7604,30.797,33.138,2.585
7605,31.057,32.484,2.940
7606,30.310,31.923,2.655
7607,30.263,32.551,2.683
7608,31.076,33.537,2.631
7609,31.004,32.259,3.079
7610,31.434,32.073,2.662
7611,31.803,33.058,2.753
7612,31.169,32.087,2.686
7613,32.122,34.941,2.631
7614,30.738,32.048,2.605
7615,31.573,32.542,2.746
7616,31.344,33.430,2.742
7617,31.269,33.745,3.052
7618,32.362,35.290,4.573
7619,31.655,33.276,4.673
7620,31.050,34.597,5.087
7621,31.745,33.895,2.801
7622,31.525,33.811,2.761
7623,30.737,32.585,2.876
7624,30.849,33.393,3.206
7625,30.810,34.362,2.652
7626,30.476,33.816,2.620
7627,31.421,34.114,2.650
7628,31.213,33.063,2.676
7629,31.791,34.269,2.834
7630,31.411,33.945,2.689
7631,30.841,34.203,2.623
7632,31.083,34.180,2.540
7633,30.670,33.166,3.010
7634,31.041,35.026,2.665
7635,29.679,33.796,2.680
7636,30.812,33.397,2.709
7637,30.443,31.573,2.583
7638,30.690,32.524,2.746
7639,31.116,33.058,2.709
7640,30.767,33.040,2.658
7641,31.224,34.192,2.844
7642,33.025,34.869,2.648
7643,31.811,34.440,2.658
7644,31.459,32.737,2.791
7645,32.457,33.828,2.716
7646,32.202,32.634,2.749
7647,30.185,31.497,2.835
7648,30.384,32.495,2.655
7649,31.367,31.584,2.656
7650,30.030,32.083,2.703
7651,29.625,32.062,2.735
7652,29.875,32.091,2.632
7653,29.642,31.128,2.847
7654,30.310,32.020,2.803
7655,30.099,32.851,2.736
7656,29.334,33.105,2.710
7657,29.077,32.636,2.794
7658,29.639,32.075,2.730
7659,29.134,31.015,2.646
7660,28.831,31.430,2.762
7661,30.120,31.835,2.650
7662,30.379,32.755,2.673
7663,30.882,33.203,2.838
7664,30.344,32.361,2.896
7665,30.109,32.940,2.967
7666,30.356,32.949,2.779
7667,29.888,32.610,2.718
7668,29.706,32.591,2.591
7669,29.327,32.344,2.735
7670,28.759,32.807,2.849
7671,30.405,32.390,2.624
7672,30.172,32.174,2.596
7673,30.896,32.114,2.805
7674,30.601,31.138,2.586
7675,30.847,31.381,2.657
7676,31.322,31.995,2.769
7677,31.308,32.585,2.923
7678,31.276,33.187,2.720
7679,31.896,32.307,2.685
7680,30.897,32.087,4.459
7681,31.474,31.538,5.140
7682,32.012,32.532,2.742
7683,30.493,33.559,2.832
7684,29.599,33.163,2.891
7685,29.747,32.264,2.732
7686,30.539,33.183,2.783
7687,29.601,33.242,2.626
7688,29.910,32.793,2.654
7689,29.871,32.947,2.733
7690,30.764,34.745,2.910
7691,30.238,33.856,2.882
7692,30.156,32.293,2.700
7693,30.101,33.258,2.882
7694,29.495,33.081,2.862
7695,30.288,34.522,2.844
7696,30.599,34.209,2.725
7697,30.104,34.143,2.735
7698,30.472,34.335,2.632
7699,29.418,34.512,2.619
7700,30.244,34.503,2.606
7701,29.904,34.544,2.741
7702,29.685,34.216,2.709
7703,30.365,34.849,2.709
7704,30.875,35.034,2.730
7705,31.212,34.398,3.017
7706,30.294,34.704,2.770
7707,30.238,32.960,2.710
7708,31.023,34.473,2.572
7709,30.742,34.634,2.697
7710,31.470,34.759,3.810
7711,29.445,33.748,2.684
7712,31.059,34.541,2.696
7713,31.661,34.494,3.157
7714,30.497,34.176,3.099
7715,32.115,34.229,2.724
7716,31.346,35.262,2.670
7717,31.041,35.020,2.681
7718,32.006,35.445,2.693
7719,31.389,34.906,2.842
7720,30.630,34.481,2.753
7721,33.122,34.324,2.760
7722,32.911,35.067,2.826
7723,31.997,34.518,2.727
7724,33.422,35.608,2.706
7725,34.679,35.018,2.452
7726,31.881,34.452,2.843
7727,33.054,35.411,4.397
7728,34.362,35.552,2.817
7729,31.793,34.868,2.582
7730,30.404,34.838,2.655
7731,31.917,34.588,2.802
7732,31.887,35.475,2.768
7733,32.312,34.378,2.712
7734,32.163,34.255,2.574
7735,31.955,35.307,2.783
7736,33.331,34.573,2.831
7737,30.781,33.691,2.755
7738,30.916,34.102,2.626
7739,30.633,34.778,2.635
7740,30.830,34.945,2.648
7741,31.094,33.888,2.621
7742,31.420,33.075,2.575
7743,30.796,33.064,2.638
7744,30.770,32.884,2.574
7745,30.201,32.987,2.881
7746,31.651,34.385,2.645
7747,30.484,32.280,2.792
7748,31.468,33.980,2.685
7749,30.572,33.453,2.699
7750,34.173,34.106,2.717
7751,32.491,33.386,2.660
7752,32.246,33.388,2.897
7753,32.084,32.214,2.737
7754,31.458,32.133,2.676
7755,33.737,33.753,2.713
7756,33.099,33.270,2.630
7757,31.688,32.875,2.744
7758,30.515,34.515,2.827
7759,30.892,32.542,2.684
7760,31.292,32.838,2.749
7761,30.567,32.838,2.660
7762,31.435,32.840,2.630
7763,31.115,34.318,2.821
7764,30.827,33.459,2.856
7765,30.514,32.851,2.727
7766,30.237,33.915,2.610
7767,31.098,33.756,2.789
7768,30.856,33.118,2.632
7769,31.531,33.182,2.843
7770,30.014,32.616,2.641
7771,29.698,33.137,2.740
7772,30.426,32.522,2.748
7773,30.334,32.941,2.814
7774,30.709,33.407,2.754
7775,29.289,33.272,2.790
7776,29.693,32.794,2.854
7777,30.424,33.920,2.797
7778,30.975,32.682,2.652
7779,30.632,32.210,2.681
7780,31.109,32.640,2.749
7781,31.507,33.316,2.724
7782,30.731,32.727,2.651
7783,31.387,33.650,2.841
7784,30.866,32.702,2.691
7785,31.080,33.741,2.588
7786,31.459,32.789,2.731
7787,30.532,33.075,2.769
7788,31.335,32.674,2.644
7789,31.028,31.975,2.620
7790,30.514,32.481,2.759
7791,30.504,34.487,2.678
7792,30.203,32.771,2.684
7793,29.806,33.490,3.587
7794,30.258,32.438,2.596
7795,31.168,34.061,2.886
7796,30.214,32.492,2.693
7797,31.712,33.103,2.677
7798,30.848,32.489,2.594
7799,30.167,32.648,2.730
7800,29.765,33.252,2.733
7801,30.539,32.726,2.770
7802,30.322,33.659,2.649
7803,28.956,32.654,2.655
7804,32.157,33.831,2.772
7805,32.354,33.241,2.799
7806,32.447,33.401,2.803
7807,32.111,32.957,2.753
7808,30.403,32.605,2.672
7809,30.367,33.203,2.660
7810,30.173,33.939,2.763
7811,30.753,33.277,2.629
7812,29.391,32.518,2.605
7813,30.132,32.713,2.627
7814,30.130,33.106,2.697
7815,29.853,32.630,2.621
7816,28.912,32.984,2.643
7817,29.848,34.230,2.670
7818,29.874,33.615,3.000
7819,30.569,31.870,2.755
7820,30.605,33.283,2.594
7821,31.348,33.777,3.181
7822,30.961,33.353,2.737
7823,30.201,32.712,2.742
7824,29.436,31.886,2.637
7825,30.018,32.497,2.632
7826,31.044,32.819,2.695
7827,31.785,32.035,2.618
7828,31.156,33.308,2.740
7829,31.170,33.243,2.678
7830,31.650,33.938,2.723
7831,32.083,32.928,2.616
7832,31.491,33.826,2.642
7833,31.317,33.701,2.679
7834,30.817,33.442,2.672
7835,30.742,33.444,2.680
7836,30.301,33.779,2.620
7837,31.206,33.686,2.735
7838,30.892,34.238,2.842
7839,29.966,33.723,4.647
7840,31.092,33.593,2.620
7841,31.620,35.288,2.741
7842,31.717,32.713,3.943
7843,30.186,32.400,2.708
7844,30.849,33.038,2.580
7845,31.437,34.039,2.587
7846,31.099,33.163,2.615
7847,31.732,33.853,2.594
7848,30.958,33.185,3.086
7849,31.130,33.902,2.741
7850,30.413,34.646,4.486
7851,29.849,33.650,2.684
7852,30.941,34.299,2.623
7853,30.871,32.531,2.739
7854,29.261,32.644,2.665
7855,30.844,32.348,2.654
7856,30.270,32.402,2.708
7857,29.535,31.915,2.937
7858,30.723,33.781,4.270
7859,31.290,33.209,4.458
7860,31.284,32.677,2.820
7861,31.303,32.829,2.668
7862,30.722,32.863,2.767
7863,29.985,32.555,2.656
7864,30.287,33.393,2.935
7865,31.477,33.443,2.847
7866,33.183,33.920,2.620
7867,33.236,32.895,2.734
7868,33.802,32.939,2.798
7869,31.721,33.148,2.713
7870,33.562,32.687,2.724
7871,32.018,33.413,2.623
7872,32.656,33.372,2.744
7873,31.723,33.252,2.696
7874,30.564,32.595,2.998
7875,30.394,33.621,2.778
7876,32.781,33.313,4.292
7877,31.518,33.173,2.898
7878,30.406,33.153,2.887
7879,30.294,34.181,2.727
7880,29.880,33.567,2.662
7881,30.285,33.751,2.766
7882,29.298,34.038,2.600
7883,30.090,32.512,2.677
7884,29.229,33.448,2.628
7885,31.103,33.314,2.823
7886,30.371,31.987,2.799
7887,30.376,31.828,2.645
7888,30.221,33.596,2.766
7889,31.111,33.635,2.917
7890,29.938,33.444,2.774
7891,32.826,32.874,2.630
7892,32.543,32.590,3.784
7893,33.323,33.071,2.704
7894,33.346,33.405,2.685
7895,32.747,32.881,2.808
7896,32.713,32.206,3.670
7897,32.287,33.990,2.568
7898,32.302,35.366,4.840
7899,29.933,33.848,2.722
7900,29.420,33.917,3.047
7901,30.466,34.396,2.610
7902,29.635,32.451,2.867
7903,30.771,32.328,2.638
7904,29.460,32.629,2.706
7905,29.613,31.773,2.766
7906,29.942,33.344,2.924
7907,29.967,32.756,2.673
7908,29.354,31.770,2.627
7909,29.340,32.448,2.764
7910,29.649,33.932,2.689
7911,30.206,33.521,2.659
7912,29.941,34.704,2.858
7913,30.567,35.626,2.725
7914,33.069,34.024,3.129
7915,30.498,34.135,2.692
7916,31.033,34.862,2.595
7917,30.623,33.004,2.815
7918,30.770,32.242,2.819
7919,29.984,31.892,2.751
7920,30.905,32.961,2.582
7921,30.121,32.916,2.883
7922,30.821,33.594,2.743
7923,30.668,33.342,2.692
7924,30.747,33.094,2.643
7925,29.950,32.210,2.832
7926,30.053,32.017,2.734
7927,30.975,33.317,2.759
7928,30.552,31.997,2.838
7929,30.354,31.882,2.646
7930,31.403,32.607,2.778
7931,30.285,32.750,4.517
7932,29.874,32.376,4.390
7933,30.452,32.252,2.866
7934,30.426,32.874,2.670
7935,30.670,33.101,2.668
7936,30.363,32.925,2.807
7937,30.636,32.162,2.684
7938,29.943,33.125,2.660
7939,31.392,32.836,2.586
7940,31.284,32.047,2.593
7941,32.236,33.103,2.809
7942,30.610,33.342,2.642
7943,31.287,34.222,2.662
7944,29.831,32.247,2.612
7945,30.752,32.091,2.678
7946,30.704,31.990,2.801
7947,30.713,32.514,2.598
7948,29.953,32.301,6.333
7949,28.587,32.231,6.292
7950,29.061,31.932,5.673
7951,28.286,31.868,5.855
7952,28.852,31.326,6.007
7953,28.797,31.451,5.369
7954,29.437,31.494,6.588
7955,29.271,31.498,5.958
7956,29.237,31.685,6.515
7957,29.636,31.621,5.947
7958,28.594,29.565,5.839
7959,28.861,30.619,6.206
7960,29.119,30.731,5.785
7961,28.078,30.508,6.068
7962,28.110,30.487,6.634
7963,28.076,30.284,6.651
7964,28.264,30.645,5.938
7965,29.596,31.155,6.421
7966,29.617,31.619,5.612
7967,30.193,31.257,5.553
7968,29.043,31.440,6.888
7969,32.538,31.686,5.612
7970,31.357,31.988,5.473
7971,32.708,32.113,6.155
7972,29.857,30.813,7.293
7973,29.753,30.406,7.706
7974,30.892,31.751,6.591
7975,30.104,31.071,7.218
7976,31.137,30.921,6.138
7977,29.381,30.913,7.058
7978,29.258,30.176,7.321
7979,29.387,30.972,6.486
7980,28.624,30.896,7.942
7981,28.704,30.562,7.199
7982,30.463,31.338,5.595
7983,31.910,32.722,5.376
7984,31.546,32.184,6.296
7985,32.070,30.825,6.371
7986,30.537,30.693,6.654
7987,28.314,30.679,5.648
7988,28.497,31.411,6.868
7989,28.963,31.310,6.195
7990,29.630,30.823,6.081
7991,30.014,31.843,6.159
7992,30.558,32.049,5.419
7993,27.020,29.890,6.257
7994,28.726,31.326,6.202
7995,28.434,29.985,5.820
7996,27.134,31.544,6.387
7997,27.778,30.812,6.183
7998,28.143,31.350,6.877
7999,27.326,30.686,6.234
8000,28.080,31.111,7.042
8001,29.539,30.972,6.427
8002,28.660,30.774,5.740
8003,28.110,31.532,5.527
8004,29.505,31.407,5.642
8005,28.401,31.071,5.991
8006,29.499,31.722,5.891
8007,30.173,30.829,5.973
8008,30.907,31.047,6.272
8009,29.362,29.889,6.352
8010,28.422,29.801,6.625
8011,28.769,30.210,6.470
8012,30.506,31.279,5.305
8013,28.868,30.370,4.577
8014,29.921,31.277,6.817
8015,28.221,30.299,5.628
8016,29.830,30.918,4.118
8017,29.974,31.367,5.105
8018,30.968,31.963,4.875
8019,30.281,31.577,4.231
8020,29.050,31.054,4.160
8021,29.659,31.219,4.665
8022,29.115,31.126,4.387
8023,30.929,32.392,5.238
8024,29.711,30.494,2.705
8025,29.970,30.430,2.697
8026,29.370,30.969,2.940
8027,32.783,33.697,2.648
8028,30.263,32.167,2.646
8029,30.265,31.474,2.755
8030,30.154,31.907,2.757
8031,30.131,31.854,2.598
8032,30.793,32.820,2.602
8033,31.276,33.077,4.486
8034,31.466,33.091,2.554
8035,30.989,32.108,2.591
8036,31.574,32.848,2.961
8037,31.991,33.507,2.656
8038,31.802,33.178,2.693
8039,30.699,32.979,2.623
8040,31.365,33.434,2.636
8041,31.648,33.011,2.765
8042,32.017,34.170,2.746
8043,31.431,33.287,2.673
8044,32.287,34.292,2.561
8045,30.809,33.047,2.613
8046,31.587,34.259,4.564
8047,30.022,32.108,4.153
8048,29.512,33.158,4.770
8049,29.109,31.489,5.606
8050,29.998,33.649,4.173
8051,29.907,33.935,6.415
8052,29.712,32.429,6.014
8053,28.623,32.227,5.670
8054,28.276,31.889,5.812
8055,29.286,32.422,5.048
8056,29.708,32.534,4.137
8057,29.484,31.939,4.930
8058,29.519,32.738,5.178
8059,30.574,33.718,7.185
8060,30.674,33.409,4.181
8061,29.209,33.571,5.427
8062,29.198,32.244,4.425
8063,29.214,31.936,4.898
8064,28.691,32.048,5.118
8065,29.866,32.057,7.023
8066,29.244,31.942,6.321
8067,29.138,32.178,4.563
8068,28.128,31.464,5.409
8069,29.949,33.086,4.997
8070,32.067,33.622,5.267
8071,32.170,33.051,6.597
8072,33.611,32.891,6.259
8073,31.258,32.193,9.020
8074,33.038,33.161,5.624
8075,32.784,32.938,5.060
8076,30.989,31.812,4.837
8077,31.696,31.964,5.375
8078,29.495,31.961,4.869
8079,30.830,32.343,4.810
8080,30.704,33.534,5.164
8081,28.911,32.889,6.914
8082,29.837,32.363,6.489
8083,30.597,33.401,4.741
8084,30.818,32.913,4.638
8085,29.142,32.468,6.393
8086,29.957,32.430,6.046
8087,29.736,32.949,6.479
8088,28.835,31.549,6.152
8089,29.311,31.649,6.303
8090,29.110,31.832,5.225
8091,29.276,32.884,6.334
8092,29.301,32.835,6.894
8093,28.665,31.973,6.574
8094,28.993,33.169,4.519
8095,29.275,33.118,4.552
8096,29.690,33.447,5.858
8097,28.911,33.130,6.989
8098,30.648,34.464,5.888
8099,29.078,33.217,6.632
8100,28.791,32.773,6.191
8101,29.096,32.466,5.985
8102,30.037,33.783,7.254
8103,29.883,33.182,6.575
8104,29.687,32.800,6.982
8105,30.726,34.338,5.838
8106,29.149,33.667,6.853
8107,28.597,33.249,7.409
8108,29.242,32.529,6.502
8109,28.965,33.145,6.450
8110,29.232,33.754,7.056
8111,28.603,34.483,7.857
8112,31.366,34.940,5.961
8113,29.924,34.774,5.862
8114,29.160,33.502,5.005
8115,28.816,34.439,6.580
8116,28.869,33.169,6.517
8117,29.360,34.794,6.271
8118,29.990,33.609,6.178
8119,29.519,33.997,6.804
8120,28.853,33.109,7.025
8121,29.895,33.758,5.746
8122,29.884,34.940,6.308
8123,29.547,34.168,7.350
8124,29.261,33.341,6.549
8125,29.092,33.492,6.624
8126,29.023,33.799,6.975
8127,28.630,32.019,8.353
8128,29.363,33.221,7.682
8129,29.365,34.642,8.134
8130,28.836,33.132,6.946
8131,27.550,32.279,7.230
8132,29.691,33.416,5.550
8133,28.091,32.183,7.034
8134,27.985,30.517,8.520
8135,29.078,32.036,6.915
8136,26.189,30.088,10.613
8137,26.364,30.332,10.516
8138,27.479,31.246,9.851
8139,28.796,32.859,7.087
8140,29.362,32.269,7.470
8141,29.657,33.619,7.214
8142,29.693,32.827,6.607
8143,30.131,33.174,6.977
8144,29.909,33.685,6.574
8145,29.875,32.558,6.630
8146,31.041,34.008,6.646
8147,29.609,33.810,6.955
8148,30.258,34.639,6.791
8149,29.162,33.696,5.914
8150,30.350,35.087,6.157
8151,30.816,34.970,6.435
8152,30.150,34.634,5.781
8153,30.284,33.343,6.795
8154,30.427,35.415,6.702
8155,30.692,34.703,6.800
8156,29.738,33.299,6.191
8157,30.431,34.386,5.009
8158,31.848,35.309,7.515
8159,30.667,33.492,8.624
8160,28.999,31.647,9.116
8161,29.938,34.336,7.658
8162,31.862,36.083,5.247
8163,32.428,36.200,4.496
8164,31.663,35.063,5.012
8165,32.927,35.085,5.107
8166,32.335,34.479,4.876
8167,32.373,34.111,4.876
8168,32.894,36.277,5.030
8169,32.289,35.562,4.799
8170,31.218,34.804,4.723
8171,32.115,35.626,4.664
8172,31.897,35.355,5.356
8173,31.938,34.737,5.307
8174,31.436,32.717,5.216
8175,30.419,32.218,2.629
8176,30.438,33.163,2.601
8177,32.124,34.684,4.766
8178,31.406,34.016,5.146
8179,31.647,35.343,2.725
8180,30.101,34.687,2.587
8181,33.093,36.639,2.733
8182,31.806,34.588,2.678
8183,32.918,35.179,2.738
8184,32.693,34.347,2.652
8185,33.457,34.336,2.731
8186,32.795,35.325,2.666
8187,32.911,34.199,2.796
8188,32.251,34.644,2.705
8189,32.412,34.511,2.774
8190,32.331,34.052,2.664
8191,31.681,34.893,2.668
8192,31.375,34.123,2.652
8193,32.404,33.606,2.568
8194,31.870,33.619,4.117
8195,31.777,32.740,2.635
8196,32.757,35.310,2.785
8197,32.322,35.596,2.871
8198,31.321,34.336,2.686
8199,30.981,34.228,2.649
8200,31.471,33.201,2.694
8201,31.468,34.401,4.552
8202,32.058,34.205,5.274
8203,32.609,34.981,4.460
8204,31.037,34.159,4.493
8205,30.707,34.448,4.642
8206,32.065,33.390,4.568
8207,30.659,33.026,7.286
8208,30.748,33.523,7.147
8209,31.611,32.229,5.925
8210,31.033,33.482,5.617
8211,32.637,33.938,4.909
8212,32.230,33.397,4.959
8213,32.222,33.578,5.081
8214,32.773,33.486,4.819
8215,32.157,32.703,4.441
8216,31.806,33.187,4.811
8217,33.153,34.087,4.904
8218,32.465,33.975,4.809
8219,33.422,33.897,5.011
8220,31.808,33.980,5.374
8221,31.985,33.581,4.236
8222,31.291,33.201,4.701
8223,32.190,32.906,4.591
8224,31.844,33.836,5.032
8225,32.783,33.826,4.906
8226,31.573,33.619,6.891
8227,31.570,33.038,6.803
8228,31.972,34.057,7.163
8229,29.495,32.096,7.028
8230,31.290,34.012,6.910
8231,31.290,33.061,6.044
8232,32.134,33.829,5.859
8233,30.670,34.008,6.864
8234,31.236,33.573,5.613
8235,32.732,33.791,4.619
8236,32.314,35.498,5.047
8237,32.869,34.791,5.251
8238,32.736,34.220,2.702
8239,31.489,34.598,2.976
8240,33.141,34.726,4.659
8241,31.816,32.963,4.760
8242,31.934,34.098,4.455
8243,31.600,33.525,4.890
8244,30.422,32.687,4.540
8245,33.011,33.951,4.642
8246,31.281,33.789,4.799
8247,32.192,33.838,4.074
8248,32.258,34.248,4.582
8249,31.812,33.907,5.479
8250,31.871,33.353,3.202
8251,31.504,33.190,2.623
8252,31.811,32.161,2.769
8253,31.135,33.000,5.207
8254,32.580,33.145,5.025
8255,32.026,32.697,5.176
8256,32.306,33.502,4.661
8257,32.278,32.561,2.840
8258,32.581,33.684,2.579
8259,31.268,32.010,2.781
8260,30.208,33.411,2.655
8261,30.362,33.182,2.715
8262,30.458,31.904,2.818
8263,30.868,31.551,2.893
8264,29.964,31.425,2.636
8265,29.501,32.545,5.245
8266,30.389,33.005,4.728
8267,29.605,32.346,5.029
8268,30.596,33.301,4.991
8269,29.690,32.049,4.341
8270,29.463,32.153,5.261
8271,32.596,34.279,6.578
8272,33.071,34.933,6.886
8273,35.130,35.105,5.227
8274,35.394,35.583,2.698
8275,32.262,34.741,3.122
8276,33.071,34.373,2.746
8277,31.624,34.374,2.732
8278,32.431,33.880,2.777
8279,32.098,34.139,2.973
8280,31.541,34.192,2.676
8281,31.934,33.541,2.768
8282,31.865,33.709,2.619
8283,32.165,35.405,2.611
8284,31.672,33.448,2.614
8285,32.040,34.797,2.951
8286,31.410,34.789,2.825
8287,32.930,33.851,2.675
8288,33.979,33.587,2.825
8289,31.382,32.788,2.656
8290,31.652,32.910,2.757
8291,31.178,33.105,2.690
8292,31.855,33.297,2.640
8293,31.736,33.147,2.910
8294,30.909,32.603,2.658
8295,30.697,33.655,2.745
8296,30.821,32.430,2.696
8297,29.744,33.085,3.005
8298,30.241,33.089,2.800
8299,31.778,33.511,2.853
8300,30.919,32.923,2.812
8301,30.948,32.045,2.649
8302,31.715,34.094,2.838
8303,31.643,33.390,2.943
8304,31.521,34.356,2.730
8305,31.981,34.656,2.672
8306,31.723,33.953,2.658
8307,31.741,34.510,2.963
8308,31.439,32.308,2.875
8309,32.430,32.373,2.863
8310,30.819,33.931,2.589
8311,31.500,34.735,2.818
8312,31.923,33.393,2.676
8313,33.514,33.825,2.664
8314,31.638,34.208,2.699
8315,31.116,33.621,2.704
8316,31.437,35.747,2.794
8317,32.480,35.501,2.879
8318,30.645,34.435,2.647
8319,30.794,32.927,2.742
8320,31.263,34.712,2.698
8321,32.853,34.423,2.873
8322,31.206,34.177,2.715
8323,32.641,34.964,2.598
8324,31.759,35.943,2.771
8325,31.160,35.177,2.745
8326,30.986,34.624,2.779
8327,30.665,33.104,2.648
8328,31.857,34.546,2.832
8329,31.284,34.955,2.825
8330,31.785,35.024,2.750
8331,30.512,34.136,2.790
8332,29.932,34.069,2.826
8333,31.139,35.113,2.710
8334,29.948,33.684,2.622
8335,32.247,34.941,2.655
8336,32.176,35.333,2.688
8337,31.586,34.306,2.627
8338,30.820,35.176,2.634
8339,32.538,35.102,2.721
8340,31.174,33.557,2.727
8341,32.585,33.931,2.730
8342,30.649,35.037,2.695
8343,30.010,34.198,2.723
8344,30.430,34.209,2.629
8345,31.672,35.083,2.583
8346,30.647,35.265,2.701
8347,31.897,36.012,4.716
8348,32.079,35.208,4.775
8349,32.032,35.713,5.430
8350,32.268,36.610,4.745
8351,31.829,35.906,3.832
8352,32.570,36.204,2.859
8353,31.330,34.892,2.761
8354,31.465,35.861,2.631
8355,31.798,34.479,2.965
8356,31.041,35.268,2.676
8357,30.807,33.674,2.677
8358,30.915,33.346,2.762
8359,31.134,34.932,2.682
8360,31.844,34.440,2.627
8361,31.361,33.974,2.657
8362,32.269,35.718,2.813
8363,31.548,35.261,2.796
8364,31.598,34.671,2.460
8365,31.428,35.802,2.709
8366,31.980,35.266,2.707
8367,31.336,34.669,2.668
8368,31.603,35.905,2.614
8369,32.067,35.523,2.792
8370,31.404,34.687,2.683
8371,32.145,34.673,2.827
8372,31.315,32.435,2.625
8373,32.056,33.653,2.728
8374,31.613,32.058,2.661
8375,30.071,31.885,2.736
8376,31.415,33.112,2.739
8377,31.398,32.814,2.996
8378,31.080,32.389,2.891
8379,31.304,33.333,5.098
8380,30.686,32.201,3.337
8381,29.835,32.921,5.328
8382,30.527,32.385,5.233
8383,30.916,33.020,4.024
8384,30.891,32.485,2.824
8385,30.480,32.197,2.671
8386,30.633,31.242,2.837
8387,29.969,31.842,2.987
8388,30.554,31.809,2.822
8389,30.057,31.629,2.643
8390,30.481,32.768,2.626
8391,31.224,32.482,3.531
8392,30.570,32.408,2.749
8393,29.695,32.291,2.880
8394,30.131,32.272,2.665
8395,30.182,32.423,2.732
8396,31.526,32.969,2.545
8397,31.472,33.481,2.734
8398,31.897,33.400,2.800
8399,30.994,33.646,2.765
8400,33.118,34.058,2.666
8401,31.566,34.298,2.833
8402,31.144,33.474,2.824
8403,32.095,35.518,2.819
8404,30.509,33.758,2.792
8405,30.980,33.180,2.858
8406,31.179,32.580,2.602
8407,31.175,32.868,2.749
8408,32.039,33.219,2.991
8409,30.749,32.421,2.744
8410,31.845,33.075,2.734
8411,32.278,33.645,2.669
8412,31.858,33.274,3.350
8413,30.408,33.088,2.750
8414,30.868,32.779,2.784
8415,32.630,33.811,2.704
8416,31.771,32.723,2.772
8417,31.335,31.973,2.819
8418,32.114,32.670,2.692
8419,30.764,33.471,2.876
8420,31.189,32.423,2.878
8421,30.995,33.304,2.623
8422,31.740,33.752,2.618
8423,33.155,33.748,2.603
8424,33.134,36.469,2.625
8425,31.409,35.644,2.615
8426,31.927,35.607,2.740
8427,31.852,35.262,2.682
8428,31.542,35.555,2.689
8429,31.244,35.801,2.948
8430,31.147,35.109,2.614
8431,30.590,34.412,2.710
8432,31.078,34.185,2.986
8433,31.520,35.675,2.783
8434,34.985,34.744,2.860
8435,34.272,34.455,2.684
8436,30.719,34.454,2.789
8437,31.418,35.870,2.770
8438,31.372,35.056,2.657
8439,32.583,35.977,2.516
8440,31.855,35.074,2.808
8441,32.279,35.521,2.696
8442,32.522,35.377,2.577
8443,31.353,34.835,2.753
8444,31.405,36.133,2.734
8445,32.353,36.850,2.595
8446,32.289,36.459,2.681
8447,31.482,35.327,2.552
8448,31.784,35.325,2.591
8449,31.995,35.367,2.738
8450,31.685,35.005,2.575
8451,31.289,34.926,2.615
8452,31.369,34.326,2.642
8453,30.757,34.213,2.963
8454,30.346,34.041,2.671
8455,30.800,33.273,2.588
8456,30.012,33.701,2.694
8457,31.335,34.931,2.685
8458,29.886,33.719,2.675
8459,30.682,33.877,2.596
8460,30.574,33.322,2.635
8461,30.648,33.485,2.774
8462,30.278,32.589,2.671
8463,29.906,32.594,2.570
8464,31.038,34.026,2.594
8465,30.957,33.140,2.765
8466,29.784,32.467,2.755
8467,30.096,33.203,2.659
8468,30.334,34.006,2.684
8469,30.452,33.172,2.589
8470,29.849,34.331,2.776
8471,29.269,34.463,2.703
8472,29.794,34.659,2.814
8473,29.289,34.157,4.807
8474,31.918,35.133,2.735
8475,31.413,34.648,2.821
8476,31.381,34.684,3.949
8477,30.894,34.975,2.865
8478,30.721,33.584,2.597
8479,31.045,34.551,2.728
8480,30.961,33.388,2.612
8481,29.999,33.880,2.638
8482,30.539,33.293,2.621
8483,30.385,32.372,2.700
8484,30.810,32.116,2.727
8485,29.902,32.506,2.623
8486,30.671,33.368,2.665
8487,30.625,32.973,2.573
8488,30.439,33.004,2.614
8489,30.544,33.279,2.613
8490,31.092,33.245,2.719
8491,31.702,33.521,2.697
8492,32.186,33.790,2.775
8493,31.755,33.197,2.653
8494,30.376,33.303,2.650
8495,31.148,32.817,2.724
8496,30.659,33.234,2.851
8497,31.604,32.931,2.801
8498,33.470,33.348,2.735
8499,32.550,33.430,2.657
8500,32.297,33.156,2.686
8501,33.763,32.447,2.596
8502,32.487,33.318,4.330
8503,30.791,32.640,4.660
8504,32.022,33.376,3.723
8505,31.674,33.098,4.317
8506,31.747,33.236,5.226
8507,31.932,33.091,4.005
8508,31.562,31.638,2.679
8509,31.875,32.302,3.044
8510,31.675,33.167,2.595
8511,31.580,32.512,2.654
8512,30.067,31.828,2.818
8513,30.748,32.973,2.525
8514,30.759,32.735,2.770
8515,30.995,32.608,2.613
8516,31.651,33.908,2.613
8517,31.681,32.959,2.529
8518,30.986,34.431,2.629
8519,31.101,34.478,2.763
8520,31.322,33.743,2.660
8521,30.865,33.001,2.764
8522,32.238,33.838,2.732
8523,31.185,33.695,2.718
8524,31.882,33.475,2.647
8525,31.279,33.231,2.603
8526,31.442,33.201,2.665
8527,30.747,33.715,2.715
8528,30.372,32.969,2.980
8529,30.947,34.292,2.871
8530,32.034,34.584,2.597
8531,32.225,34.240,2.787
8532,31.370,33.102,2.738
8533,31.361,33.251,2.757
8534,31.311,33.748,2.680
8535,31.699,34.924,2.863
8536,30.944,33.435,3.009
8537,31.003,33.335,2.760
8538,30.642,35.362,4.814
8539,31.572,34.419,2.948
8540,31.894,33.758,2.854
8541,32.007,35.501,2.686
8542,30.187,34.560,2.702
8543,30.505,34.731,2.948
8544,30.550,34.007,2.618
8545,31.424,33.065,2.573
8546,32.246,34.232,2.744
8547,31.756,34.026,2.652
8548,30.435,32.862,3.013
8549,30.495,33.890,2.709
8550,30.921,33.273,2.588
8551,30.802,33.834,2.614
8552,31.535,35.078,2.556
8553,32.153,34.069,2.593
8554,30.590,33.497,2.861
8555,31.654,34.383,2.761
8556,32.990,35.373,2.642
8557,30.736,34.166,2.747
8558,30.616,34.895,2.825
8559,31.137,34.321,4.513
8560,30.552,34.029,3.949
8561,29.906,33.865,6.546
8562,28.539,34.866,6.268
8563,28.940,33.467,6.573
8564,29.318,33.218,6.053
8565,29.639,33.428,6.717
8566,31.623,34.213,5.827
8567,31.228,34.641,4.245
8568,31.157,34.506,4.906
8569,31.103,34.754,2.721
8570,31.427,35.185,2.648
8571,31.287,34.803,2.955
8572,31.493,34.579,2.686
8573,31.524,34.861,4.369
8574,31.143,33.903,4.982
8575,29.416,33.488,5.981
8576,30.814,32.579,4.637
8577,29.803,34.294,6.237
8578,29.136,34.313,6.242
8579,31.367,34.605,5.689
8580,30.608,33.042,6.120
8581,29.276,33.263,6.792
8582,30.731,34.355,5.046
8583,31.396,34.111,5.171
8584,32.292,34.676,4.975
8585,31.401,34.696,5.357
8586,28.700,34.261,7.757
8587,32.086,35.953,5.281
8588,29.741,34.923,6.513
8589,29.009,34.385,7.384
8590,28.874,33.159,6.008
8591,29.944,33.295,5.934
8592,30.686,33.032,6.212
8593,29.819,34.005,7.053
8594,29.915,33.345,6.629
8595,29.740,32.163,4.311
8596,30.356,33.421,5.848
8597,30.524,34.205,5.049
8598,30.166,33.721,7.142
8599,31.492,34.140,6.030
8600,32.112,34.313,4.710
8601,29.263,32.414,6.677
8602,30.062,32.693,5.864
8603,31.569,34.872,4.692
8604,31.501,35.783,5.296
8605,30.399,33.404,4.882
8606,30.922,34.769,4.523
8607,31.893,35.057,5.229
8608,28.576,32.934,6.451
8609,29.138,34.876,6.698
8610,30.532,33.644,6.543
8611,29.957,33.172,5.965
8612,29.648,32.944,5.454
8613,31.159,35.298,6.485
8614,30.184,34.034,4.567
8615,30.710,34.045,4.095
8616,30.894,34.010,4.433
8617,30.628,33.266,4.520
8618,30.421,33.692,4.198
8619,31.420,34.852,3.851
8620,30.273,34.826,4.621
8621,30.522,33.435,4.555
8622,30.069,34.324,4.324
8623,30.626,34.156,4.636
8624,30.321,34.991,4.436
8625,31.301,36.478,4.931
8626,31.294,36.055,4.353
8627,30.678,34.707,4.210
8628,32.598,34.777,4.480
8629,32.129,34.817,4.199
8630,32.302,34.921,4.377
8631,32.071,34.178,4.431
8632,31.915,33.773,4.844
8633,31.975,33.937,3.599
8634,32.398,33.597,4.632
8635,31.683,34.919,4.210
8636,31.252,34.272,4.606
8637,29.698,33.204,5.137
8638,29.367,33.654,4.842
8639,31.189,33.996,5.133
8640,30.967,34.013,2.746
8641,31.433,33.911,2.718
8642,31.635,34.545,2.693
8643,31.694,35.040,2.733
8644,31.268,34.045,2.676
8645,32.270,34.517,3.700
8646,31.569,33.382,2.654
8647,31.517,33.870,2.603
8648,30.959,33.259,2.690
8649,31.763,33.683,2.826
8650,30.493,32.506,2.763
8651,31.153,33.527,2.750
8652,31.267,33.059,2.807
8653,30.831,33.421,2.785
8654,32.097,34.037,2.985
8655,31.862,34.229,2.730
8656,32.354,34.665,2.702
8657,31.106,33.168,2.820
8658,31.740,34.179,2.677
8659,31.286,32.747,2.667
8660,30.579,32.081,2.628
8661,30.259,32.434,2.680
8662,31.421,34.040,4.162
8663,30.945,34.187,6.416
8664,30.899,33.809,5.443
8665,30.863,34.926,5.275
8666,30.278,33.448,5.315
8667,31.929,33.674,4.645
8668,29.898,33.960,5.054
8669,31.007,34.143,4.293
8670,29.830,34.366,4.401
8671,32.117,35.964,4.053
8672,30.605,34.791,5.422
8673,32.681,35.305,4.311
8674,33.317,35.927,3.883
8675,33.383,34.472,2.837
8676,34.166,33.239,2.680
8677,33.463,33.248,2.738
8678,33.782,33.053,2.756
8679,34.063,33.085,2.809
8680,33.145,33.302,2.872
8681,31.058,32.854,3.043
8682,32.911,33.506,2.935
8683,33.189,33.340,2.692
8684,34.585,34.238,2.672
8685,33.158,33.666,2.781
8686,33.225,32.750,2.629
8687,33.967,33.861,2.652
8688,32.855,32.420,2.751
8689,32.924,32.991,2.593
8690,33.179,32.467,2.659
8691,31.724,32.761,2.541
8692,32.315,31.308,2.696
8693,32.174,32.865,2.646
8694,32.580,32.882,2.670
8695,32.349,33.302,2.936
8696,33.667,33.299,2.727
8697,33.461,34.367,2.901
8698,33.131,32.284,2.806
8699,33.914,33.324,2.490
8700,32.862,33.455,2.670
8701,31.800,33.309,2.560
8702,31.578,33.743,2.672
8703,31.559,33.115,2.648
8704,30.578,33.581,2.654
8705,31.041,32.571,2.689
8706,31.277,33.096,2.727
8707,29.572,32.730,2.884
8708,30.036,33.053,2.789
8709,31.374,34.546,2.678
8710,30.330,32.971,2.675
8711,30.038,33.329,2.728
8712,30.267,32.703,2.992
8713,30.595,33.564,2.743
8714,29.127,33.216,2.665
8715,30.119,32.848,2.783
8716,30.359,32.345,2.600
8717,30.646,32.598,2.888
8718,30.368,31.419,2.701
8719,30.236,33.896,2.649
8720,29.692,31.816,2.640
8721,29.694,32.157,2.764
8722,30.098,32.704,2.847
8723,30.557,32.325,2.656
8724,29.934,32.181,2.754
8725,30.416,31.736,2.757
8726,30.530,32.999,2.711
8727,30.271,31.737,2.822
8728,31.722,33.324,4.302
8729,31.016,32.368,2.686
8730,30.521,33.090,2.668
8731,31.232,33.892,2.685
8732,31.235,32.831,2.718
8733,32.045,33.127,2.692
8734,31.192,32.521,3.049
8735,31.142,34.123,2.786
8736,31.097,33.808,2.824
8737,30.330,34.574,2.902
8738,30.534,35.218,4.106
8739,31.647,34.460,2.854
8740,30.418,34.847,3.688
8741,32.826,32.418,2.516
8742,33.333,33.395,2.820
8743,33.322,33.441,2.760
8744,35.115,34.303,2.669
8745,34.138,33.375,2.591
8746,32.840,34.081,2.627
8747,30.347,32.949,2.608
8748,30.426,33.745,2.706
8749,30.556,33.514,2.714
8750,32.239,33.245,3.722
8751,32.057,33.649,2.819
8752,31.961,34.174,2.693
8753,31.003,34.127,2.604
8754,30.838,34.628,2.650
8755,30.354,33.869,2.811
8756,31.048,34.769,2.728
8757,30.526,35.505,2.719
8758,29.855,34.032,2.719
8759,29.843,34.748,7.140
8760,30.684,35.667,6.043
8761,30.877,35.519,7.124
8762,30.550,35.809,6.317
8763,30.135,34.946,5.018
8764,31.619,36.100,4.686
8765,30.848,35.632,4.494
8766,30.741,35.762,5.374
8767,31.094,35.840,6.466
8768,28.877,34.798,5.928
8769,30.595,35.924,6.812
8770,31.095,35.597,4.881
8771,30.932,35.474,5.989
8772,31.148,35.074,4.626
8773,30.537,34.722,6.759
8774,31.515,35.467,6.207
8775,30.128,34.223,6.880
8776,29.933,34.458,6.216
8777,30.560,33.501,4.810
8778,29.565,34.381,6.609
8779,31.394,35.449,6.736
8780,31.584,34.573,4.238
8781,29.253,33.402,7.144
8782,31.172,36.110,6.114
8783,31.213,35.403,5.804
8784,31.018,34.656,5.269
8785,29.687,34.262,5.285
8786,31.007,33.496,5.495
8787,30.030,34.039,6.678
8788,30.533,33.203,6.852
8789,29.775,33.631,6.302
8790,30.019,34.437,6.014
8791,30.496,34.984,6.401
8792,30.930,35.264,6.516
8793,31.284,35.808,4.366
8794,30.695,33.639,5.385
8795,30.191,33.950,5.181
8796,31.637,32.811,4.385
8797,31.101,34.440,4.485
8798,32.639,34.425,2.653
8799,31.884,35.144,2.604
8800,30.288,33.778,2.667
8801,29.686,33.775,2.668
8802,31.256,35.422,2.731
8803,31.601,34.993,2.592
8804,32.656,35.564,2.647
8805,32.865,37.156,4.387
8806,32.242,35.535,2.801
8807,32.509,35.048,2.799
8808,32.181,34.833,2.688
8809,31.410,33.876,2.780
8810,34.730,35.951,4.823
8811,34.312,35.285,2.936
8812,33.612,34.940,2.939
8813,35.083,34.710,2.677
8814,34.991,34.655,2.793
8815,33.764,34.767,2.731
8816,33.899,35.740,2.687
8817,34.237,35.253,2.949
8818,35.212,34.574,2.766
8819,35.203,35.929,2.672
8820,33.953,35.181,2.608
8821,34.772,34.968,2.827
8822,34.012,35.360,2.858
8823,35.385,35.368,2.673
8824,33.375,35.332,2.521
8825,32.383,34.640,2.559
8826,32.560,35.335,2.769
8827,33.752,34.950,2.687
8828,32.889,34.604,2.703
8829,33.488,35.027,2.736
8830,32.747,35.203,2.860
8831,34.705,34.914,2.680
8832,34.271,34.961,2.538
8833,34.280,35.969,2.913
8834,34.331,35.384,2.683
8835,33.495,34.529,2.567
8836,34.903,34.684,2.671
8837,35.095,34.545,2.666
8838,34.211,35.635,4.235
8839,32.498,33.777,5.644
8840,33.288,34.651,6.467
8841,32.491,33.411,6.132
8842,32.497,33.308,7.060
8843,33.587,31.918,4.517
8844,32.498,32.730,5.035
8845,33.104,33.065,5.316
8846,33.772,32.185,4.417
8847,30.027,31.054,3.042
8848,32.597,32.940,2.607
8849,32.184,31.582,4.329
8850,31.747,33.303,5.481
8851,32.563,32.572,4.469
8852,31.486,32.928,6.440
8853,33.326,34.354,4.969
8854,30.480,34.446,5.681
8855,31.308,34.686,7.008
8856,32.190,35.481,5.741
8857,30.292,33.446,4.859
8858,31.916,35.132,4.671
8859,30.859,33.996,6.092
8860,32.097,34.271,6.682
8861,31.033,33.208,6.979
8862,31.358,32.780,5.232
8863,31.082,32.457,5.333
8864,30.372,31.840,6.397
8865,31.101,32.204,4.775
8866,30.935,31.435,5.203
8867,31.452,33.917,6.520
8868,32.599,33.842,7.826
8869,31.750,34.499,6.363
8870,31.977,33.019,6.369
8871,32.684,33.255,6.486
8872,32.356,33.553,7.256
8873,31.203,33.819,7.048
8874,30.067,33.015,5.709
8875,30.694,33.569,6.908
8876,29.993,32.825,7.813
8877,30.568,32.985,4.493
8878,30.951,33.945,4.855
8879,30.717,34.843,6.564
8880,30.033,34.611,5.733
8881,31.682,34.605,2.763
8882,30.690,34.362,2.764
8883,30.372,33.898,2.690
8884,31.968,35.561,2.653
8885,32.269,35.433,2.571
8886,31.755,35.699,2.647
8887,31.734,34.075,2.633
8888,32.239,34.958,2.621
8889,32.553,35.402,2.714
8890,32.255,34.384,2.874
8891,32.325,35.030,2.642
8892,32.255,34.924,2.759
8893,30.960,35.229,2.624
8894,32.221,34.968,2.775
8895,31.924,36.249,2.687
8896,31.585,36.118,2.682
8897,34.064,35.716,2.607
8898,35.146,36.951,2.879
8899,33.020,36.152,6.818
8900,34.249,35.859,6.254
8901,32.636,36.513,6.601
8902,32.987,32.734,5.973
8903,32.853,31.972,5.381
8904,31.134,31.849,6.226
8905,31.991,30.771,4.435
8906,33.343,33.563,5.043
8907,32.132,32.682,4.713
8908,33.615,33.916,5.072
8909,32.879,31.424,4.714
8910,32.820,33.206,5.294
8911,31.810,33.029,6.162
8912,33.762,34.430,5.172
8913,33.711,34.710,6.669
8914,32.998,35.290,6.487
8915,33.244,35.507,8.083
8916,32.623,35.023,6.249
8917,33.774,36.107,5.402
8918,33.561,35.957,6.153
8919,32.614,34.590,6.552
8920,34.544,35.967,2.896
8921,34.195,36.096,5.294
8922,32.094,34.352,2.984
8923,34.260,35.205,2.740
8924,34.768,35.148,2.510
8925,32.857,33.100,2.689
8926,33.605,33.610,2.651
8927,34.329,35.014,2.733
8928,34.095,33.963,2.789
8929,33.588,33.012,2.598
8930,33.983,34.177,2.751
8931,31.629,33.990,2.646
8932,31.612,33.717,2.772
8933,32.882,35.279,2.629
8934,32.075,34.936,3.741
8935,32.531,32.469,2.644
8936,32.405,34.055,2.680
8937,32.260,33.871,2.796
8938,34.607,33.976,2.612
8939,33.352,33.456,2.584
8940,34.043,32.997,2.707
8941,33.315,33.559,2.828
8942,32.125,32.042,2.646
8943,32.967,33.113,2.687
8944,34.190,33.578,2.562
8945,31.027,33.115,2.722
8946,31.812,33.914,2.683
8947,32.177,33.753,2.681
8948,31.266,33.371,2.618
8949,30.772,32.015,2.927
8950,30.308,32.594,2.617
8951,31.786,33.120,2.593
8952,31.150,35.140,2.919
8953,31.528,35.919,2.834
8954,31.826,34.444,2.683
8955,30.976,33.654,2.562
8956,31.207,35.121,2.699
8957,30.516,35.032,2.614
8958,30.615,33.595,2.654
8959,30.728,34.484,2.594
8960,30.829,35.298,2.592
8961,31.574,35.694,2.629
8962,29.940,33.969,2.929
8963,31.647,35.923,2.663
8964,31.733,35.125,2.765
8965,31.822,36.616,2.668
8966,31.446,35.635,2.816
8967,31.646,36.661,2.823
8968,31.122,36.426,2.645
8969,32.673,36.733,2.760
8970,33.084,36.705,2.803
8971,32.745,36.148,2.715
8972,32.094,34.077,2.624
8973,31.265,34.414,2.635
8974,31.191,33.823,2.619
8975,31.109,35.749,5.759
8976,31.145,35.115,5.099
8977,31.562,35.726,2.699
8978,30.787,34.922,2.602
8979,31.617,36.001,2.659
8980,32.353,35.611,3.000
8981,32.418,33.522,2.615
8982,31.493,34.248,2.834
8983,32.279,33.299,2.893
8984,32.026,33.929,2.555
8985,30.651,31.705,2.620
8986,31.808,33.534,2.455
8987,31.844,33.573,2.702
8988,30.990,32.548,2.874
8989,32.640,33.099,2.575
8990,31.209,32.131,2.726
8991,31.623,32.224,2.736
8992,31.182,32.652,2.708
8993,31.745,33.911,2.698
8994,32.256,33.097,2.725
8995,32.156,32.746,2.672
8996,31.068,33.361,2.755
8997,32.172,34.331,2.618
8998,31.933,34.410,2.582
8999,31.934,33.389,2.760
9000,32.259,33.334,2.746
9001,32.530,34.307,2.620
9002,32.129,33.344,2.743
9003,31.409,32.363,2.713
9004,32.187,33.564,2.766
9005,30.584,32.490,2.874
9006,31.857,33.806,2.691
9007,31.455,34.188,2.726
9008,31.870,34.542,2.639
9009,32.675,33.082,2.652
9010,31.807,32.966,4.998
9011,30.487,31.202,5.029
9012,31.328,31.630,4.934
9013,30.398,31.844,6.452
9014,31.284,32.530,2.573
9015,32.095,32.654,2.620
9016,31.313,33.255,2.684
9017,33.242,32.541,2.674
9018,32.788,32.479,2.692
9019,31.566,31.938,2.621
9020,32.386,32.275,2.785
9021,31.574,32.165,2.932
9022,32.539,33.198,2.655
9023,32.215,31.933,2.780
9024,32.532,32.388,2.571
9025,30.200,32.178,6.234
9026,31.299,31.977,5.291
9027,31.397,32.656,5.575
9028,30.709,32.323,5.225
9029,31.323,32.142,4.818
9030,31.299,32.153,5.512
9031,30.744,32.475,5.203
9032,30.085,32.427,4.818
9033,30.928,34.230,4.798
9034,30.925,34.365,5.150
9035,31.663,35.248,5.135
9036,30.035,34.734,4.795
9037,29.852,33.345,5.254
9038,30.189,34.197,4.440
9039,29.813,32.847,6.998
9040,30.036,33.427,6.506
9041,29.651,32.821,5.151
9042,31.236,32.832,5.714
9043,31.690,35.485,4.840
9044,30.823,35.038,4.630
9045,31.046,34.172,4.736
9046,30.043,35.279,8.246
9047,29.985,34.018,8.350
9048,29.115,33.587,7.410
9049,30.906,34.553,5.286
9050,31.151,34.601,6.434
9051,31.219,33.840,6.428
9052,30.758,35.812,4.901
9053,31.422,34.726,4.666
9054,31.739,34.898,4.851
9055,30.975,35.276,5.327
9056,30.235,33.516,6.809
9057,30.594,35.047,7.551
9058,32.242,36.668,5.365
9059,31.788,34.770,5.135
9060,30.396,34.410,7.035
9061,31.645,35.789,5.434
9062,31.138,35.098,6.635
9063,31.114,35.950,6.807
9064,30.753,33.998,8.055
9065,30.647,34.199,6.577
9066,30.778,34.637,7.191
9067,30.154,34.506,7.680
9068,31.396,35.273,7.082
9069,30.009,33.324,6.706
9070,31.311,33.673,5.995
9071,30.374,34.494,6.095
9072,31.536,35.499,4.806
9073,31.449,34.586,6.550
9074,31.827,34.321,6.293
9075,31.713,33.845,4.639
9076,32.044,34.246,2.733
9077,33.054,34.592,2.610
9078,32.475,35.238,2.580
9079,31.386,35.276,2.906
9080,32.941,36.305,2.553
9081,31.386,35.743,2.786
9082,31.564,35.560,5.176
9083,31.983,35.970,5.068
9084,32.058,36.413,5.384
9085,31.772,35.689,5.375
9086,30.351,35.416,7.582
9087,31.165,36.156,7.101
9088,32.177,35.321,5.479
9089,31.912,35.727,5.261
9090,32.801,37.305,6.090
9091,30.956,34.588,6.337
9092,31.044,34.875,6.457
9093,31.996,33.042,7.045
9094,34.528,35.970,5.700
9095,31.609,35.462,6.994
9096,31.954,36.262,6.229
9097,31.504,35.260,6.417
9098,31.395,34.797,6.109
9099,30.948,35.288,6.198
9100,31.152,35.385,6.516
9101,30.354,34.576,6.446
9102,31.087,34.552,6.816
9103,31.694,35.055,6.460
9104,31.112,34.231,6.748
9105,31.946,36.367,5.969
9106,33.216,36.002,4.681
9107,32.803,35.027,5.537
9108,32.454,35.582,4.678
9109,32.437,35.347,5.869
9110,32.636,34.094,6.035
9111,30.853,34.319,4.244
9112,31.149,34.419,2.739
9113,32.198,35.129,2.625
9114,32.968,35.088,2.689
9115,32.443,36.525,2.825
9116,32.593,35.664,2.650
9117,32.248,35.629,2.631
9118,33.371,36.032,2.657
9119,32.523,34.896,2.509
9120,32.197,35.059,2.690
9121,33.763,36.507,2.690
9122,32.807,35.136,2.679
9123,32.550,34.396,2.676
9124,34.297,34.721,2.513
9125,33.782,33.318,2.850
9126,31.910,35.332,2.528
9127,33.271,35.515,4.503
9128,32.670,34.860,2.553
9129,32.034,34.729,2.896
9130,33.928,35.582,2.637
9131,32.370,35.223,2.654
9132,32.332,34.542,2.802
9133,33.103,34.888,2.672
9134,32.225,35.963,2.893
9135,32.046,34.238,2.688
9136,32.550,34.795,2.648
9137,33.651,36.264,2.754
9138,33.300,35.256,2.643
9139,31.976,36.142,2.683
9140,33.678,34.796,2.698
9141,32.519,33.669,2.864
9142,33.078,35.470,2.659
9143,32.349,34.686,2.829
9144,32.810,35.483,2.749
9145,32.990,35.135,2.856
9146,32.165,33.639,4.088
9147,33.304,34.967,5.082
9148,33.458,35.970,2.668
9149,32.834,34.240,2.778
9150,33.738,35.535,2.636
9151,34.639,34.429,2.688
9152,31.806,32.770,2.722
9153,32.398,35.157,2.865
9154,33.398,35.831,2.515
9155,33.458,34.323,2.608
9156,33.720,34.827,2.598
9157,33.361,35.546,2.703
9158,33.442,34.643,2.845
9159,32.903,34.046,2.706
9160,32.513,34.405,2.529
9161,31.756,34.658,2.669
9162,32.984,33.391,2.577
9163,31.627,33.707,2.693
9164,31.713,33.447,2.628
9165,31.519,32.634,2.739
9166,32.325,33.477,2.894
9167,32.557,35.476,2.832
9168,33.078,36.412,2.618
9169,32.207,35.462,2.836
9170,33.340,35.803,2.731
9171,31.191,33.076,2.678
9172,33.109,34.353,2.889
9173,32.320,35.254,2.835
9174,31.665,31.734,2.691
9175,31.956,34.857,2.703
9176,32.513,35.014,2.727
9177,31.536,33.647,2.661
9178,31.578,35.834,2.869
9179,32.621,35.708,2.673
9180,32.157,36.437,2.720
9181,31.710,33.313,2.605
9182,31.136,32.827,2.834
9183,33.432,34.558,2.617
9184,32.264,35.251,2.671
9185,31.814,34.655,2.673
9186,31.199,34.430,2.750
9187,31.766,33.817,2.671
9188,31.688,33.791,2.698
9189,31.996,34.623,2.770
9190,31.140,33.791,2.641
9191,31.248,32.704,2.573
9192,31.014,32.067,2.602
9193,30.759,31.098,2.627
9194,30.795,30.661,2.765
9195,31.976,30.904,2.594
9196,32.969,31.151,2.721
9197,30.329,29.290,2.717
9198,31.014,30.101,2.524
9199,29.768,30.112,2.738
9200,31.423,31.656,2.721
9201,30.471,29.437,2.765
9202,31.006,29.520,2.726
9203,30.400,30.263,2.640
9204,32.448,30.751,2.652
9205,31.043,29.406,2.783
9206,31.433,30.474,2.947
9207,31.707,30.518,2.660
9208,30.550,30.433,2.840
9209,30.331,29.872,2.728
9210,31.488,30.607,2.848
9211,31.608,31.294,4.713
9212,31.544,31.569,5.053
9213,32.337,32.042,5.486
9214,30.317,31.871,6.329
9215,31.761,32.377,6.595
9216,32.344,33.273,6.778
9217,32.318,32.873,6.889
9218,33.893,34.543,6.121
9219,32.607,34.172,6.289
9220,31.703,33.293,7.367
9221,31.295,33.530,6.191
9222,31.206,32.616,6.587
9223,31.850,33.918,6.701
9224,32.667,34.800,7.576
9225,31.691,33.580,7.447
9226,31.910,33.051,7.133
9227,32.430,34.865,6.918
9228,31.850,33.165,5.958
9229,31.343,34.185,6.611
9230,31.576,34.332,5.746
9231,30.681,33.486,8.442
9232,30.062,32.352,7.783
9233,32.423,33.729,6.788
9234,30.547,33.473,6.233
9235,30.804,32.347,6.835
9236,30.333,33.224,7.070
9237,30.691,34.833,6.918
9238,31.946,33.887,6.064
9239,31.883,34.201,5.418
9240,32.071,33.889,5.201
9241,32.270,33.250,4.554
9242,30.497,32.781,4.801
9243,32.034,33.076,2.696
9244,33.122,34.016,2.478
9245,32.680,34.270,2.702
9246,32.550,33.880,2.606
9247,32.804,34.499,2.610
9248,32.036,33.795,2.751
9249,32.660,33.899,2.651
9250,33.337,35.081,4.463
9251,33.426,35.144,3.077
9252,32.457,33.299,2.893
9253,33.114,34.566,4.264
9254,33.640,34.495,2.865
9255,32.545,33.517,2.612
9256,32.146,33.721,2.742
9257,31.853,33.332,2.597
9258,32.911,34.323,2.624
9259,33.157,35.264,2.983
9260,32.001,33.637,2.766
9261,32.232,33.518,2.603
9262,31.478,34.470,2.615
9263,32.737,34.703,2.670
9264,32.379,34.453,2.635
9265,32.995,34.577,2.611
9266,32.878,33.795,2.707
9267,32.167,34.119,2.789
9268,32.964,34.229,2.593
9269,32.644,33.978,2.742
9270,33.256,33.762,2.812
9271,31.838,33.216,2.718
9272,33.060,34.480,2.739
9273,32.624,33.776,2.641
9274,31.359,32.669,2.935
9275,31.661,32.117,2.667
9276,30.737,32.330,2.764
9277,31.935,33.065,2.734
9278,31.073,30.725,2.931
9279,31.238,31.222,2.717
9280,31.349,32.546,2.636
9281,32.154,33.414,2.759
9282,32.044,32.727,2.890
9283,31.653,32.410,2.827
9284,31.865,32.607,2.681
9285,32.495,31.963,2.621
9286,31.315,32.777,2.672
9287,30.893,32.109,2.640
9288,31.692,32.410,2.758
9289,30.780,32.629,2.709
9290,31.771,31.582,2.704
9291,32.060,33.004,2.744
9292,35.888,33.008,2.670
9293,34.631,33.278,2.744
9294,34.659,33.417,2.649
9295,35.515,33.307,2.639
9296,34.985,31.747,2.741
9297,34.700,33.383,3.834
9298,35.068,33.699,2.658
9299,34.307,32.491,2.657
9300,33.948,31.948,2.692
9301,33.678,32.978,3.067
9302,33.623,31.748,2.863
9303,34.072,32.877,2.887
9304,31.682,31.819,2.591
9305,32.848,32.361,2.618
9306,31.513,32.813,2.764
9307,31.272,32.400,2.764
9308,32.290,32.297,2.872
9309,31.507,32.859,2.618
9310,32.255,33.450,2.713
9311,32.296,32.942,2.804
9312,31.624,32.325,2.696
9313,31.671,32.649,3.016
9314,31.500,33.329,2.690
9315,31.288,32.881,3.275
9316,31.175,33.834,5.028
9317,32.777,32.283,2.844
9318,31.491,32.568,2.602
9319,32.210,32.557,2.645
9320,31.572,32.544,2.627
9321,32.200,33.336,2.990
9322,31.667,32.956,2.711
9323,32.744,33.516,2.867
9324,30.696,32.211,2.619
9325,32.098,32.941,2.891
9326,32.312,32.780,2.743
9327,32.765,32.977,2.728
9328,31.370,33.147,3.080
9329,31.871,33.513,3.856
9330,31.864,32.868,4.542
9331,31.834,33.234,2.673
9332,31.792,33.188,2.703
9333,31.894,32.863,2.714
9334,32.286,33.263,2.703
9335,32.924,33.459,2.706
9336,31.863,34.086,2.646
9337,32.954,32.962,2.745
9338,33.214,34.067,2.735
9339,33.165,33.743,2.714
9340,32.189,32.992,2.647
9341,31.834,33.387,2.891
9342,32.221,32.789,2.678
9343,31.545,32.556,2.680
9344,31.503,32.942,2.618
9345,31.089,32.644,2.705
9346,31.923,32.684,2.714
9347,33.967,33.098,2.694
9348,33.839,31.685,2.702
9349,33.916,32.205,2.663
9350,34.334,33.782,2.730
9351,33.327,32.797,2.721
9352,32.835,32.310,2.729
9353,33.235,32.130,2.642
9354,34.300,32.392,2.626
9355,34.028,32.273,2.731
9356,33.805,31.797,2.707
9357,33.907,33.446,2.632
9358,32.731,33.008,2.620
9359,34.353,33.034,2.848
9360,34.557,32.446,2.641
9361,33.314,34.065,2.629
9362,33.501,36.054,2.619
9363,33.268,34.932,4.270
9364,31.908,34.465,2.675
9365,31.959,35.987,2.607
9366,32.966,34.010,2.865
9367,35.058,36.065,2.659
9368,33.837,34.350,2.636
9369,32.186,34.434,2.600
9370,33.922,34.089,2.786
9371,33.846,33.855,2.662
9372,32.326,35.177,2.608
9373,32.133,35.366,2.901
9374,33.596,35.432,4.600
9375,32.593,36.103,2.703
9376,31.479,35.623,2.739
9377,31.862,33.459,3.868
9378,31.019,35.086,4.361
9379,32.792,34.796,4.075
9380,31.229,36.559,4.452
9381,32.127,36.882,4.482
9382,31.897,36.306,4.932
9383,31.678,35.612,4.464
9384,31.785,36.397,2.593
9385,31.794,35.704,2.626
9386,30.736,34.683,2.790
9387,31.413,36.389,2.776
9388,31.617,35.696,2.635
9389,31.965,34.325,2.612
9390,32.110,35.130,2.630
9391,32.165,36.181,4.790
9392,32.595,35.089,4.178
9393,32.219,34.853,2.740
9394,31.690,33.840,2.693
9395,32.058,34.418,2.754
9396,32.628,34.662,2.679
9397,31.325,33.901,2.803
9398,32.476,35.862,2.806
9399,31.748,34.336,2.863
9400,31.310,35.501,2.668
9401,31.732,35.087,2.627
9402,32.339,34.153,2.616
9403,31.831,35.007,2.829
9404,32.277,33.949,2.651
9405,32.205,33.700,2.839
9406,31.560,33.540,3.075
9407,30.423,34.612,2.777
9408,30.921,33.558,2.698
9409,31.667,33.820,2.556
9410,31.781,34.046,2.769
9411,32.324,34.747,2.674
9412,31.269,34.294,2.733
9413,31.988,34.855,2.734
9414,31.707,33.962,2.894
9415,32.303,35.230,2.729
9416,32.922,34.973,2.622
9417,31.686,34.168,2.815
9418,32.396,35.073,2.730
9419,31.924,35.110,2.672
9420,32.639,34.049,2.549
9421,32.856,36.178,2.597
9422,33.124,35.080,2.637
9423,32.140,34.780,2.693
9424,32.238,34.332,2.696
9425,31.857,34.819,2.704
9426,32.474,34.233,2.648
9427,31.362,34.022,2.699
9428,31.035,35.480,2.627
9429,31.342,34.465,2.731
9430,32.077,34.072,2.858
9431,31.592,34.617,5.289
9432,31.792,33.890,2.958
9433,32.394,34.140,2.753
9434,31.928,33.872,2.687
9435,31.760,34.653,2.632
9436,32.228,34.188,2.759
9437,31.520,34.429,2.691
9438,31.270,34.493,3.023
9439,31.096,33.596,2.657
9440,30.746,34.599,2.715
9441,30.862,34.233,2.750
9442,30.966,34.601,2.575
9443,30.467,34.018,2.742
9444,31.267,34.738,2.773
9445,33.030,36.713,2.706
9446,31.715,35.307,2.698
9447,31.135,35.668,2.692
9448,32.257,36.386,2.696
9449,31.598,34.554,2.796
9450,32.202,35.153,2.691
9451,30.772,34.487,2.606
9452,31.217,34.113,2.584
9453,31.689,36.021,2.681
9454,31.308,35.570,2.574
9455,30.805,34.815,2.645
9456,30.922,34.379,2.700
9457,31.589,33.689,2.778
9458,31.290,33.750,2.745
9459,32.306,33.605,2.678
9460,30.708,35.074,2.669
9461,31.646,35.861,2.761
9462,31.922,35.458,2.660
9463,31.502,33.646,2.758
9464,30.312,33.648,2.671
9465,31.426,33.476,2.698
9466,31.256,34.833,2.508
9467,31.444,35.499,2.609
9468,31.460,33.681,2.714
9469,31.282,34.436,2.677
9470,30.958,35.077,2.622
9471,32.410,33.943,2.810
9472,31.803,32.988,2.622
9473,31.503,33.483,2.723
9474,31.158,32.785,2.693
9475,31.877,35.096,2.713
9476,31.287,33.132,2.571
9477,31.974,35.156,3.920
9478,30.584,34.883,2.739
9479,31.172,34.565,2.720
9480,31.315,34.803,2.596
9481,30.715,33.876,2.568
9482,31.887,35.383,2.766
9483,32.022,35.802,2.725
9484,31.569,33.406,2.699
9485,31.793,32.311,2.853
9486,30.894,33.260,2.731
9487,31.569,34.720,2.800
9488,31.410,34.320,2.566
9489,31.753,34.007,2.644
9490,32.636,35.230,2.669
9491,31.282,33.915,2.652
9492,31.891,33.758,2.589
9493,31.962,34.927,2.554
9494,32.242,35.113,2.652
9495,31.950,34.457,2.771
9496,31.289,34.531,2.708
9497,30.978,33.458,2.639
9498,31.021,34.513,2.723
9499,31.585,34.527,2.621
9500,31.126,34.882,2.764
9501,31.642,33.583,2.610
9502,31.157,35.549,2.649
9503,31.215,35.086,2.717
9504,30.897,34.714,2.644
9505,31.456,35.284,2.762
9506,32.639,34.463,2.605
9507,30.566,33.926,2.612
9508,31.847,35.949,2.645
9509,31.868,36.345,2.703
9510,31.661,35.332,2.780
9511,32.143,35.216,2.657
9512,30.931,34.962,2.655
9513,31.752,34.497,2.613
9514,31.524,34.208,2.644
9515,30.831,34.157,2.831
9516,30.919,33.975,2.704
9517,30.192,34.903,2.750
9518,31.673,35.081,2.585
9519,30.217,34.221,2.640
9520,30.793,33.211,2.696
9521,31.407,34.280,2.658
9522,31.586,34.370,2.667
9523,31.351,36.154,2.786
9524,31.962,35.771,2.772
9525,31.551,35.071,2.894
9526,31.357,35.074,2.788
9527,30.934,35.925,2.577
9528,31.310,36.028,2.900
9529,30.690,34.653,2.630
9530,31.278,35.806,4.401
9531,31.430,35.302,2.607
9532,32.536,35.420,5.164
9533,32.180,35.809,4.465
9534,30.468,35.021,2.733
9535,31.303,36.266,2.603
9536,30.847,36.042,2.620
9537,30.369,34.876,2.762
9538,30.509,36.864,2.907
9539,31.283,35.969,2.708
9540,29.448,34.283,2.548
9541,30.800,36.853,2.626
9542,30.697,36.742,2.710
9543,32.008,36.056,2.693
9544,31.105,36.392,2.649
9545,30.934,35.079,2.802
9546,31.201,34.445,2.926
9547,31.233,34.236,2.730
9548,30.589,33.162,2.635
9549,31.842,35.229,2.590
9550,31.955,34.927,2.830
9551,30.140,34.887,2.649
9552,30.492,33.516,2.670
9553,32.157,36.420,2.649
9554,30.931,35.542,2.583
9555,31.283,34.488,2.628
9556,30.507,33.657,2.689
9557,30.371,34.416,2.803
9558,31.532,33.985,2.552
9559,32.064,34.149,2.587
9560,33.361,35.364,4.446
9561,30.970,34.182,2.705
9562,31.565,36.015,2.753
9563,31.524,34.929,2.897
9564,31.205,35.660,2.602
9565,30.730,34.358,2.820
9566,30.806,35.449,2.725
9567,32.244,36.431,2.623
9568,30.621,34.414,2.642
9569,31.634,36.306,2.858
9570,31.019,35.483,2.982
9571,31.679,35.697,2.887
9572,31.236,35.667,2.757
9573,31.445,36.064,2.546
9574,33.353,36.411,2.848
9575,34.315,35.341,2.585
9576,35.318,35.576,3.074
9577,32.835,36.817,2.640
9578,31.633,35.498,2.708
9579,31.166,34.491,2.613
9580,31.662,36.157,2.704
9581,33.416,35.555,2.680
9582,31.803,35.157,2.726
9583,31.036,35.818,2.728
9584,31.922,36.049,2.567
9585,32.215,35.420,2.715
9586,32.112,35.049,2.673
9587,32.263,35.823,2.656
9588,32.902,36.066,2.578
9589,32.409,36.612,2.819
9590,32.648,35.450,2.685
9591,32.389,36.949,2.719
9592,32.244,36.242,2.877
9593,33.314,36.051,2.699
9594,32.377,36.140,2.551
9595,31.682,35.763,2.683
9596,32.627,37.292,2.612
9597,31.992,37.029,2.677
9598,32.009,35.931,2.726
9599,31.253,35.465,2.749
9600,31.869,34.922,2.725
9601,31.359,34.175,2.782
9602,32.011,35.567,2.711
9603,32.230,33.867,2.529
9604,32.900,36.432,2.634
9605,32.380,36.465,2.687
9606,31.862,34.685,2.736
9607,32.308,35.893,2.634
9608,32.282,34.368,2.803
9609,32.004,33.319,2.606
9610,31.624,35.473,2.853
9611,31.605,34.316,2.670
9612,31.293,34.739,2.515
9613,33.073,34.952,2.628
9614,31.318,33.964,2.953
9615,32.088,34.993,2.645
9616,31.584,35.913,2.716
9617,30.307,34.501,2.691
9618,31.823,35.255,2.649
9619,31.439,35.044,2.642
9620,31.824,36.152,2.831
9621,32.410,35.610,2.663
9622,33.252,37.519,2.656
9623,30.787,34.444,2.719
9624,31.009,35.755,2.776
9625,32.574,36.090,2.631
9626,31.828,36.487,2.809
9627,31.220,35.381,2.640
9628,32.504,36.264,2.713
9629,29.797,32.572,2.693
9630,30.638,34.504,2.755
9631,30.858,33.998,2.752
9632,31.158,33.958,2.642
9633,32.344,36.601,2.744
9634,30.938,35.618,2.650
9635,31.205,34.369,2.558
9636,31.247,35.323,2.735
9637,31.251,34.123,2.825
9638,31.397,34.418,2.803
9639,31.778,36.190,2.920
9640,31.713,35.711,2.623
9641,31.327,34.319,2.908
9642,31.636,35.117,2.718
9643,31.709,33.929,2.668
9644,31.816,36.140,2.645
9645,31.809,35.271,2.673
9646,31.758,32.060,2.816
9647,32.365,32.423,2.675
9648,32.349,33.099,2.619
9649,32.243,33.329,2.734
9650,30.501,34.911,2.627
9651,31.737,35.934,2.942
9652,31.493,35.770,7.013
9653,31.240,36.123,4.605
9654,31.672,36.199,4.744
9655,30.855,36.817,4.687
9656,34.514,37.240,4.539
9657,35.037,36.956,2.644
9658,31.270,35.525,2.899
9659,31.356,35.020,2.849
9660,31.788,36.888,2.750
9661,31.912,37.338,2.768
9662,31.227,35.976,2.641
9663,31.614,37.020,2.639
9664,32.389,37.297,2.686
9665,30.649,36.663,2.716
9666,31.066,36.131,2.869
9667,30.312,34.366,2.770
9668,31.563,36.057,2.636
9669,30.823,37.522,2.683
9670,29.771,35.322,2.696
9671,30.210,35.483,2.625
9672,31.334,35.659,2.553
9673,30.188,34.012,2.669
9674,31.054,35.612,2.567
9675,30.974,34.877,2.627
9676,31.426,36.404,2.661
9677,31.895,36.145,2.755
9678,34.859,36.813,2.733
9679,31.543,35.898,2.717
9680,31.181,35.795,2.539
9681,30.906,35.827,2.703
9682,30.847,34.587,2.791
9683,30.299,34.606,2.805
9684,30.879,36.137,2.719
9685,30.987,35.865,2.781
9686,30.498,34.961,2.810
9687,30.838,36.666,2.675
9688,33.208,36.311,2.762
9689,31.759,33.257,2.691
9690,30.903,32.060,2.845
9691,32.158,31.985,2.718
9692,33.045,32.917,2.782
9693,32.175,32.836,2.739
9694,31.120,33.185,2.681
9695,31.581,33.641,2.639
9696,30.765,33.433,2.759
9697,30.800,33.138,2.580
9698,31.264,33.363,4.063
9699,29.909,32.118,2.699
9700,31.714,33.000,2.647
9701,31.190,32.718,2.698
9702,31.111,32.091,2.590
9703,32.775,33.485,2.787
9704,30.780,32.962,2.820
9705,31.127,32.332,2.630
9706,32.296,33.370,2.789
9707,31.198,33.182,2.714
9708,31.766,33.423,2.668
9709,29.585,31.988,5.330
9710,32.020,34.026,5.127
9711,30.621,32.419,2.631
9712,31.524,33.854,2.624
9713,31.510,33.330,2.645
9714,31.123,32.367,2.648
9715,31.656,33.653,2.659
9716,31.753,33.210,2.608
9717,30.864,33.297,2.748
9718,30.789,33.341,2.672
9719,30.851,32.773,2.724
9720,31.852,32.971,2.651
9721,30.950,32.914,2.780
9722,31.338,34.292,2.920
9723,31.458,34.226,2.635
9724,31.552,33.816,2.755
9725,31.455,32.886,2.798
9726,30.359,32.698,2.612
9727,31.130,32.876,2.648
9728,31.296,33.404,2.713
9729,31.401,33.243,2.859
9730,31.668,34.185,4.399
9731,31.013,32.912,4.431
9732,30.140,33.630,4.250
9733,31.033,34.310,2.905
9734,30.232,34.471,2.808
9735,30.264,34.242,2.740
9736,30.674,33.785,2.686
9737,30.335,33.757,4.237
9738,30.914,32.796,4.400
9739,29.861,33.338,2.637
9740,30.996,32.953,2.749
9741,30.932,33.190,2.855
9742,30.407,30.924,2.670
9743,30.396,31.672,2.731
9744,30.517,31.932,2.747
9745,30.781,33.623,2.666
9746,31.003,31.988,2.587
9747,30.626,33.430,2.682
9748,31.127,32.133,2.760
9749,30.949,30.880,2.758
9750,31.701,31.068,2.588
9751,30.405,31.777,2.629
9752,31.286,32.300,2.873
9753,31.294,34.240,2.586
9754,31.219,34.760,4.469
9755,31.272,33.640,4.997
9756,32.907,31.413,2.798
9757,32.772,32.368,2.598
9758,30.216,32.878,2.583
9759,30.308,32.614,2.683
9760,30.499,32.068,2.577
9761,30.247,31.850,2.708
9762,30.919,33.452,2.717
9763,31.009,32.980,2.775
9764,31.245,33.632,2.792
9765,29.909,32.936,2.595
9766,31.064,33.493,2.703
9767,30.040,32.929,2.677
9768,31.143,33.442,2.645
9769,29.628,32.630,2.581
9770,30.937,33.629,2.631
9771,29.691,32.713,2.595
9772,30.185,33.348,2.550
9773,29.794,32.567,2.573
9774,29.790,32.283,2.625
9775,30.192,33.817,2.694
9776,30.454,33.404,2.755
9777,29.918,32.943,2.503
9778,31.152,32.690,2.808
9779,29.616,32.843,2.639
9780,30.811,32.806,2.559
9781,30.154,33.660,3.986
9782,30.534,33.285,2.725
9783,30.105,34.473,2.593
9784,30.162,31.926,2.599
9785,30.310,31.938,2.862
9786,31.460,34.002,2.764
9787,29.926,33.014,2.728
9788,30.517,33.653,2.608
9789,30.218,33.534,2.772
9790,30.669,32.770,2.681
9791,31.187,33.129,2.591
9792,30.793,32.486,2.727
9793,30.431,32.983,2.672
9794,30.463,36.610,2.773
9795,30.964,36.240,2.877
9796,30.552,35.119,2.604
9797,30.764,36.639,2.609
9798,30.594,36.584,2.878
9799,30.068,36.688,2.675
9800,30.350,34.728,2.905
9801,30.275,34.761,2.664
9802,30.354,35.661,2.755
9803,30.861,36.359,2.738
9804,31.631,34.195,3.199
9805,31.297,35.216,2.696
9806,30.659,34.412,2.604
9807,30.987,34.050,2.765
9808,30.540,34.628,2.562
9809,31.215,35.052,2.741
9810,31.019,35.295,2.557
9811,29.879,34.712,2.669
9812,29.766,33.903,2.766
9813,31.262,35.031,2.790
9814,30.180,35.087,2.534
9815,30.914,35.640,2.786
9816,31.070,35.976,2.723
9817,31.192,35.865,2.576
9818,32.082,35.954,2.734
9819,31.490,34.059,2.851
9820,31.892,35.375,2.753
9821,31.031,36.437,2.746
9822,28.824,33.824,2.682
9823,30.438,34.859,2.775
9824,29.661,34.439,2.754
9825,30.712,33.771,2.881
9826,30.374,34.091,2.914
9827,30.158,34.246,2.793
9828,29.762,34.607,2.768
9829,30.085,34.232,2.752
9830,30.498,35.814,2.588
9831,29.950,35.025,2.817
9832,30.330,33.561,2.696
9833,30.370,34.827,2.889
9834,30.528,35.024,2.969
9835,29.932,32.780,2.774
9836,30.131,34.216,3.584
9837,29.514,33.922,2.835
9838,30.541,34.783,2.701
9839,30.833,35.231,2.607
9840,30.115,33.710,2.698
9841,31.165,34.177,2.669
9842,30.127,34.775,2.621
9843,30.834,33.859,2.828
9844,29.919,33.934,2.741
9845,29.546,33.882,2.652
9846,31.234,34.325,4.966
9847,30.958,32.815,2.784
9848,29.893,32.960,3.007
9849,31.248,34.060,2.663
9850,30.179,33.766,2.705
9851,30.550,34.181,2.682
9852,29.773,33.116,2.797
9853,31.276,33.411,2.502
9854,30.554,34.406,2.614
9855,30.153,33.796,2.719
9856,30.358,34.253,2.867
9857,31.229,34.546,2.817
9858,30.779,33.028,2.838
9859,31.181,34.989,2.635
9860,30.535,33.351,2.783
9861,30.241,33.992,2.828
9862,30.938,35.215,2.619
9863,29.719,34.766,2.673
9864,31.819,34.461,2.586
9865,30.469,33.505,2.889
9866,33.270,34.542,2.550
9867,33.022,33.909,2.661
9868,33.014,33.802,2.712
9869,32.280,34.139,2.645
9870,33.028,34.489,2.805
9871,33.457,33.954,2.661
9872,32.297,35.179,2.672
9873,33.137,34.165,3.145
9874,32.879,34.477,2.557
9875,32.716,34.709,2.817
9876,33.212,34.135,2.600
9877,34.255,35.717,2.891
9878,35.236,35.570,2.841
9879,33.302,34.860,2.770
9880,34.193,34.556,2.786
9881,33.743,34.824,2.709
9882,32.857,34.470,2.765
9883,33.946,34.932,2.709
9884,33.640,34.487,2.678
9885,32.120,34.291,2.737
9886,31.288,32.784,2.648
9887,31.676,34.160,2.579
9888,31.594,33.610,2.878
9889,31.083,32.651,2.938
9890,31.367,33.789,2.712
9891,33.866,33.636,2.753
9892,32.276,33.200,2.734
9893,34.169,34.233,2.645
9894,31.773,33.279,2.742
9895,33.293,33.759,2.711
9896,32.947,34.646,2.730
9897,33.419,34.837,3.145
9898,34.064,34.322,2.616
9899,32.001,34.189,2.503
9900,30.802,34.816,2.695
9901,29.669,33.732,2.672
9902,30.636,34.121,2.731
9903,31.179,34.786,2.777
9904,30.123,33.957,2.627
9905,29.294,33.409,2.643
9906,31.124,33.319,2.572
9907,30.769,34.181,2.785
9908,29.597,34.528,2.599
9909,29.848,34.869,2.804
9910,29.955,34.852,3.011
9911,31.180,34.586,2.759
9912,30.259,35.666,2.641
9913,30.967,35.141,2.612
9914,30.640,34.134,2.622
9915,29.973,34.030,2.626
9916,30.230,35.266,2.743
9917,30.794,34.191,2.624
9918,31.511,34.878,2.776
9919,30.829,34.510,2.663
9920,31.943,35.631,2.625
9921,31.031,35.201,2.674
9922,32.282,34.892,2.938
9923,31.172,35.309,2.711
9924,31.922,35.365,2.649
9925,31.339,34.705,2.697
9926,31.017,34.647,2.629
9927,32.372,36.480,2.750
9928,31.374,35.294,2.641
9929,31.244,34.615,2.698
9930,31.071,35.890,2.693
9931,30.898,35.757,2.600
9932,31.637,36.256,2.586
9933,31.238,36.295,2.691
9934,30.414,34.471,2.705
9935,31.199,35.220,2.611
9936,31.242,34.952,2.709
9937,30.542,35.314,2.608
9938,32.627,34.842,2.548
9939,31.939,34.324,2.742
9940,32.048,35.618,3.111
9941,31.832,35.012,2.528
9942,31.240,35.719,2.740
9943,30.964,35.813,4.080
9944,31.587,35.696,4.387
9945,31.741,35.882,2.687
9946,31.731,35.809,2.662
9947,31.628,36.429,3.579
9948,31.576,33.011,2.744
9949,31.318,32.629,2.540
9950,30.471,32.322,2.823
9951,31.164,33.381,2.788
9952,30.643,32.807,2.737
9953,30.594,30.920,2.652
9954,30.666,31.110,2.685
9955,29.791,30.825,2.632
9956,31.323,31.462,2.691
9957,31.888,33.007,2.774
9958,32.008,33.281,2.582
9959,31.507,32.374,2.601
9960,32.159,33.502,2.740
9961,31.857,32.507,2.581
9962,32.707,32.672,3.103
9963,32.065,30.823,2.672
9964,31.408,32.308,2.604
9965,31.183,31.413,2.883
9966,30.984,32.243,2.624
9967,30.653,31.186,2.600
9968,30.717,32.215,2.738
9969,31.379,32.010,2.648
9970,31.063,32.134,2.741
9971,30.699,31.865,2.828
9972,31.297,31.563,2.713
9973,31.457,32.116,2.594
9974,30.977,31.814,2.898
9975,31.420,32.629,2.733
9976,33.221,31.148,2.791
9977,33.020,33.672,2.687
9978,30.247,32.086,2.858
9979,31.921,32.938,2.646
9980,30.731,31.401,2.864
9981,30.353,31.794,2.725
9982,30.671,32.197,2.789
9983,30.963,32.510,2.595
9984,32.996,32.633,2.770
9985,31.760,33.656,2.766
9986,30.750,32.572,2.797
9987,30.762,32.735,2.701
9988,31.041,33.673,2.651
9989,31.466,32.931,2.593
9990,32.137,33.826,2.632
9991,31.680,33.333,2.618
9992,32.296,33.347,2.672
9993,31.309,34.053,2.665
9994,32.285,34.400,2.628
9995,32.280,33.879,2.663
9996,30.642,33.294,2.697
9997,31.341,32.979,2.698
9998,31.659,33.977,2.618
9999,31.752,34.546,4.372
