frame,global_rmsd,core_rmsd
0,0.000,0.000
1,1.098,0.866
2,1.642,1.184
3,1.739,1.194
4,1.847,1.351
5,1.986,1.376
6,1.969,1.319
7,2.031,1.261
8,2.355,1.455
9,2.400,1.421
10,2.499,1.525
11,2.416,1.476
12,2.488,1.560
13,2.700,1.662
14,2.713,1.749
15,2.982,1.746
16,2.752,1.592
17,2.788,1.654
18,2.771,1.646
19,2.766,1.598
20,2.973,1.700
21,2.874,1.752
22,3.048,1.918
23,2.997,1.877
24,2.912,1.823
25,2.853,1.745
26,2.943,1.635
27,2.958,1.653
28,3.073,1.628
29,3.093,1.707
30,3.113,1.745
31,3.155,1.774
32,3.263,1.784
33,3.493,1.760
34,3.454,1.908
35,3.357,1.778
36,3.711,1.983
37,3.629,1.848
38,3.849,2.001
39,3.880,1.891
40,4.111,2.018
41,4.123,2.105
42,3.999,1.946
43,3.997,1.978
44,3.996,2.037
45,3.994,2.002
46,3.852,1.796
47,3.694,1.831
48,3.771,1.803
49,3.712,1.891
50,3.820,2.013
51,3.611,1.924
52,3.489,1.835
53,3.661,1.927
54,3.731,1.950
55,3.884,2.048
56,3.909,2.099
57,4.151,2.136
58,4.209,2.164
59,4.126,2.116
60,4.126,2.089
61,4.039,1.947
62,4.239,1.997
63,4.449,2.097
64,4.460,2.052
65,4.307,1.987
66,4.421,2.181
67,4.444,2.078
68,4.435,2.117
69,4.560,2.177
70,4.423,2.119
71,4.497,2.189
72,4.666,2.241
73,4.710,2.238
74,4.727,2.325
75,4.568,2.215
76,4.748,2.182
77,4.801,2.218
78,4.671,2.205
79,4.771,2.181
80,4.942,2.368
81,4.977,2.426
82,4.782,2.230
83,4.742,2.233
84,4.788,2.199
85,4.765,2.253
86,4.711,2.068
87,4.567,2.186
88,4.476,2.103
89,4.640,2.224
90,4.609,2.056
91,4.415,2.143
92,4.416,2.016
93,4.457,2.064
94,4.404,2.086
95,4.352,2.093
96,4.511,2.162
97,4.420,2.166
98,4.543,2.226
99,4.438,2.073
100,4.440,2.144
101,4.341,2.097
102,4.300,2.179
103,4.356,2.193
104,4.334,2.113
105,4.350,2.114
106,4.198,2.049
107,4.122,1.958
108,4.191,1.978
109,3.987,1.878
110,4.081,1.935
111,4.182,1.945
112,4.300,2.113
113,4.177,2.013
114,4.450,2.218
115,4.368,2.155
116,4.432,2.106
117,4.489,2.143
118,4.390,2.157
119,4.403,2.130
120,4.589,2.223
121,4.515,2.310
122,4.621,2.332
123,5.983,2.238
124,4.652,2.202
125,4.680,2.107
126,4.740,2.160
127,4.681,2.282
128,4.588,2.185
129,4.939,2.251
130,4.812,2.239
131,4.929,2.163
132,4.933,2.169
133,4.800,2.042
134,4.619,2.071
135,4.699,2.052
136,4.617,1.996
137,6.010,2.055
138,6.092,2.047
139,5.967,2.103
140,6.109,2.078
141,4.598,2.119
142,4.570,2.178
143,6.019,2.108
144,5.956,2.134
145,6.018,2.191
146,5.970,2.129
147,6.094,2.189
148,6.192,2.116
149,6.223,2.201
150,6.325,2.270
151,6.337,2.173
152,4.892,2.284
153,4.907,2.254
154,4.920,2.149
155,4.858,2.273
156,6.314,2.094
157,6.258,2.056
158,6.209,2.071
159,6.341,2.134
160,6.403,2.146
161,6.324,2.108
162,6.262,2.155
163,6.435,2.248
164,6.291,2.139
165,6.566,2.305
166,6.570,2.432
167,6.475,2.355
168,6.463,2.383
169,6.649,2.408
170,6.589,2.349
171,6.657,2.369
172,6.653,2.368
173,5.251,2.405
174,4.924,2.325
175,4.868,2.468
176,6.357,2.333
177,6.316,2.242
178,6.295,2.244
179,6.214,2.240
180,6.291,2.313
181,6.285,2.392
182,6.134,2.277
183,6.077,2.379
184,6.251,2.360
185,6.295,2.315
186,6.433,2.314
187,6.281,2.387
188,6.142,2.285
189,6.109,2.422
190,6.256,2.388
191,6.189,2.270
192,4.712,2.300
193,4.790,2.285
194,6.302,2.349
195,6.271,2.245
196,6.396,2.420
197,6.356,2.274
198,4.875,2.342
199,5.023,2.425
200,6.375,2.505
201,6.416,2.424
202,6.316,2.378
203,6.328,2.418
204,6.245,2.373
205,6.384,2.378
206,7.023,2.207
207,6.960,2.294
208,7.067,2.303
209,6.896,2.282
210,6.959,2.390
211,6.716,2.309
212,6.856,2.220
213,6.971,2.271
214,6.908,2.137
215,6.899,2.265
216,7.071,2.285
217,6.843,2.184
218,6.897,2.337
219,6.436,2.256
220,6.641,2.347
221,6.669,2.402
222,6.640,2.515
223,6.635,2.445
224,6.572,2.394
225,6.504,2.403
226,6.560,2.316
227,6.470,2.324
228,6.443,2.294
229,6.270,2.326
230,6.428,2.331
231,6.696,2.279
232,6.743,2.268
233,6.690,2.324
234,6.596,2.346
235,6.677,2.419
236,6.750,2.496
237,6.754,2.388
238,6.707,2.388
239,6.896,2.368
240,6.862,2.371
241,6.790,2.348
242,5.666,2.384
243,5.745,2.375
244,5.732,2.436
245,5.542,2.373
246,5.569,2.555
247,5.788,2.544
248,5.682,2.454
249,5.475,2.367
250,5.662,2.371
251,5.219,2.487
252,5.075,2.522
253,5.175,2.494
254,5.250,2.522
255,5.062,2.313
256,5.076,2.449
257,5.050,2.441
258,5.835,2.542
259,5.231,2.415
260,5.273,2.505
261,5.340,2.551
262,5.291,2.447
263,5.296,2.492
264,5.264,2.481
265,6.852,2.446
266,7.182,2.514
267,6.774,2.447
268,6.645,2.378
269,7.174,2.368
270,7.378,2.473
271,7.361,2.396
272,6.858,2.397
273,6.841,2.395
274,6.868,2.385
275,7.135,2.362
276,7.165,2.438
277,7.158,2.333
278,7.127,2.373
279,6.982,2.395
280,7.048,2.418
281,6.597,2.466
282,6.523,2.419
283,6.578,2.396
284,6.557,2.354
285,6.430,2.377
286,6.461,2.335
287,6.482,2.313
288,6.544,2.265
289,6.637,2.343
290,6.678,2.416
291,6.638,2.366
292,6.584,2.293
293,6.722,2.378
294,6.681,2.337
295,6.870,2.389
296,6.771,2.376
297,6.792,2.293
298,6.727,2.410
299,6.792,2.298
300,6.910,2.328
301,6.935,2.399
302,6.908,2.349
303,6.952,2.355
304,6.983,2.409
305,6.835,2.405
306,6.648,2.428
307,6.659,2.463
308,6.814,2.384
309,6.897,2.341
310,6.866,2.254
311,6.747,2.351
312,6.786,2.337
313,6.791,2.411
314,7.005,2.432
315,6.995,2.395
316,6.880,2.358
317,6.736,2.311
318,7.056,2.253
319,7.047,2.297
320,7.097,2.231
321,6.900,2.257
322,6.850,2.268
323,6.947,2.377
324,6.949,2.347
325,7.056,2.295
326,7.105,2.162
327,7.056,2.242
328,7.170,2.347
329,6.862,2.230
330,6.983,2.222
331,6.893,2.148
332,6.860,2.216
333,6.752,2.267
334,6.771,2.257
335,6.950,2.124
336,6.962,2.271
337,6.982,2.202
338,7.065,2.340
339,6.827,2.301
340,6.986,2.246
341,7.015,2.245
342,5.347,2.324
343,5.382,2.319
344,5.319,2.356
345,5.333,2.312
346,5.379,2.378
347,5.588,2.308
348,7.200,2.345
349,7.159,2.330
350,6.960,2.290
351,6.911,2.223
352,7.165,2.247
353,7.073,2.231
354,7.177,2.402
355,7.070,2.282
356,6.971,2.283
357,7.030,2.266
358,6.994,2.243
359,6.961,2.404
360,6.903,2.401
361,6.953,2.398
362,6.864,2.330
363,7.114,2.362
364,5.582,2.299
365,5.738,2.324
366,5.743,2.368
367,5.608,2.411
368,5.516,2.427
369,5.282,2.348
370,5.450,2.330
371,5.404,2.330
372,5.407,2.393
373,5.404,2.373
374,5.455,2.444
375,5.385,2.377
376,5.290,2.437
377,5.460,2.441
378,5.538,2.384
379,5.523,2.365
380,5.390,2.353
381,5.378,2.304
382,5.385,2.294
383,5.502,2.246
384,5.501,2.240
385,5.487,2.271
386,5.473,2.372
387,5.493,2.225
388,5.452,2.320
389,5.399,2.288
390,5.414,2.202
391,5.613,2.250
392,5.724,2.195
393,5.538,2.208
394,5.688,2.156
395,5.683,2.328
396,5.511,2.291
397,5.504,2.262
398,5.325,2.235
399,5.574,2.261
400,5.567,2.267
401,5.481,2.163
402,5.386,2.246
403,5.393,2.248
404,5.406,2.209
405,5.652,2.224
406,5.734,2.260
407,5.856,2.266
408,5.977,2.275
409,5.941,2.282
410,5.926,2.344
411,5.645,2.335
412,5.615,2.273
413,5.666,2.274
414,5.798,2.368
415,5.738,2.239
416,5.683,2.302
417,5.734,2.303
418,5.781,2.323
419,5.880,2.343
420,5.828,2.230
421,5.947,2.316
422,5.836,2.309
423,5.959,2.295
424,5.930,2.407
425,5.849,2.316
426,6.003,2.455
427,6.090,2.471
428,6.039,2.307
429,6.184,2.330
430,6.341,2.361
431,6.269,2.399
432,6.288,2.429
433,6.331,2.339
434,6.207,2.385
435,6.193,2.425
436,6.323,2.243
437,6.327,2.291
438,6.091,2.156
439,5.985,2.247
440,5.999,2.199
441,6.140,2.209
442,6.313,2.224
443,6.386,2.272
444,6.453,2.353
445,6.589,2.288
446,6.489,2.160
447,6.425,2.115
448,6.315,2.109
449,6.286,2.149
450,6.429,2.128
451,6.365,2.156
452,6.254,2.237
453,6.294,2.272
454,6.392,2.240
455,6.417,2.225
456,6.439,2.338
457,6.510,2.304
458,6.451,2.358
459,6.629,2.297
460,6.526,2.291
461,6.556,2.268
462,6.623,2.218
463,6.604,2.126
464,6.655,2.167
465,6.532,2.236
466,6.501,2.145
467,6.466,2.082
468,7.590,2.160
469,7.559,2.145
470,7.450,2.245
471,7.367,2.227
472,7.237,2.185
473,7.336,2.127
474,7.350,2.159
475,7.291,2.237
476,7.270,2.153
477,7.486,2.057
478,7.600,2.089
479,7.651,2.078
480,7.634,2.146
481,7.502,2.200
482,7.534,2.157
483,7.439,2.202
484,7.795,2.231
485,7.877,2.181
486,7.986,2.289
487,7.980,2.195
488,7.978,2.205
489,7.770,2.197
490,7.737,2.240
491,6.692,2.287
492,6.707,2.205
493,6.571,2.196
494,6.641,2.171
495,6.500,2.167
496,6.506,2.181
497,6.476,2.215
498,6.370,2.262
499,7.493,2.241
500,7.458,2.210
501,7.291,2.271
502,7.517,2.313
503,7.566,2.300
504,6.489,2.291
505,7.692,2.311
506,6.639,2.258
507,6.341,2.217
508,6.347,2.188
509,6.284,2.234
510,6.133,2.245
511,6.119,2.272
512,6.187,2.216
513,6.247,2.173
514,6.200,2.223
515,6.477,2.312
516,6.330,2.398
517,6.442,2.393
518,6.253,2.352
519,6.353,2.269
520,6.250,2.227
521,6.295,2.216
522,6.278,2.113
523,6.225,2.179
524,6.256,2.221
525,6.146,2.260
526,6.221,2.314
527,6.385,2.310
528,6.253,2.380
529,6.355,2.200
530,6.358,2.234
531,6.508,2.286
532,6.530,2.240
533,6.727,2.260
534,6.814,2.296
535,6.766,2.251
536,6.742,2.295
537,6.754,2.281
538,7.067,2.404
539,7.021,2.225
540,7.219,2.186
541,7.284,2.185
542,7.164,2.176
543,7.286,2.166
544,7.177,2.172
545,7.114,2.127
546,7.102,2.231
547,7.191,2.161
548,7.182,2.244
549,7.170,2.208
550,7.379,2.231
551,7.348,2.272
552,7.326,2.205
553,7.429,2.351
554,7.461,2.322
555,7.321,2.379
556,7.379,2.262
557,7.314,2.285
558,7.137,2.351
559,6.951,2.348
560,6.848,2.238
561,7.249,2.286
562,7.271,2.273
563,7.310,2.396
564,7.139,2.268
565,7.140,2.225
566,6.935,2.266
567,8.466,2.230
568,8.553,2.348
569,8.506,2.308
570,8.551,2.336
571,8.602,2.367
572,8.644,2.341
573,8.609,2.482
574,8.696,2.442
575,8.645,2.400
576,8.498,2.344
577,8.456,2.397
578,8.651,2.367
579,8.414,2.389
580,8.425,2.284
581,8.553,2.429
582,8.474,2.385
583,8.327,2.330
584,8.223,2.273
585,8.172,2.220
586,8.237,2.329
587,8.208,2.348
588,8.188,2.342
589,8.001,2.200
590,8.145,2.244
591,8.312,2.306
592,8.134,2.213
593,8.330,2.330
594,8.350,2.210
595,8.124,2.326
596,8.380,2.313
597,8.216,2.241
598,8.489,2.150
599,8.402,2.237
600,8.389,2.300
601,8.473,2.244
602,8.325,2.335
603,8.137,2.259
604,8.015,2.475
605,7.906,2.380
606,7.972,2.347
607,7.952,2.343
608,8.111,2.435
609,8.141,2.283
610,8.301,2.408
611,7.997,2.422
612,8.289,2.361
613,8.132,2.328
614,8.011,2.412
615,7.886,2.400
616,7.836,2.352
617,7.883,2.286
618,7.610,2.445
619,7.476,2.526
620,7.796,2.576
621,7.909,2.443
622,7.775,2.307
623,7.967,2.378
624,7.853,2.380
625,7.796,2.421
626,8.017,2.345
627,7.964,2.293
628,8.060,2.327
629,8.109,2.223
630,8.233,2.238
631,8.092,2.256
632,8.180,2.321
633,8.162,2.365
634,7.782,2.228
635,7.757,2.336
636,7.893,2.344
637,7.839,2.271
638,8.245,2.237
639,8.072,2.272
640,8.004,2.247
641,7.950,2.207
642,8.108,2.301
643,8.033,2.283
644,8.321,2.336
645,8.547,2.237
646,8.567,2.199
647,8.681,2.185
648,8.568,2.231
649,8.626,2.217
650,8.479,2.333
651,8.492,2.274
652,8.686,2.320
653,8.433,2.258
654,8.537,2.170
655,8.592,2.210
656,8.881,2.243
657,8.623,2.256
658,8.586,2.251
659,8.575,2.270
660,8.310,2.201
661,8.401,2.287
662,8.349,2.233
663,8.480,2.205
664,8.641,2.275
665,8.497,2.238
666,8.644,2.202
667,8.421,2.198
668,8.643,2.163
669,8.821,2.164
670,8.828,2.254
671,8.807,2.298
672,8.689,2.184
673,8.887,2.325
674,8.905,2.266
675,8.830,2.318
676,8.861,2.401
677,8.828,2.358
678,8.736,2.441
679,8.529,2.391
680,8.729,2.306
681,8.539,2.273
682,8.474,2.240
683,8.515,2.267
684,8.419,2.262
685,8.833,2.405
686,8.746,2.329
687,8.655,2.413
688,8.641,2.307
689,8.704,2.305
690,8.904,2.270
691,8.870,2.417
692,8.760,2.454
693,8.781,2.341
694,8.787,2.441
695,8.765,2.438
696,8.841,2.335
697,8.796,2.470
698,8.903,2.308
699,8.901,2.341
700,8.766,2.317
701,8.536,2.360
702,8.722,2.506
703,8.764,2.379
704,8.931,2.386
705,8.937,2.405
706,8.946,2.420
707,8.958,2.353
708,9.148,2.286
709,9.242,2.387
710,9.299,2.294
711,9.292,2.284
712,9.447,2.299
713,9.443,2.343
714,9.427,2.230
715,9.413,2.299
716,9.387,2.346
717,9.549,2.321
718,9.645,2.390
719,9.483,2.443
720,9.475,2.400
721,9.371,2.422
722,9.503,2.325
723,9.640,2.409
724,9.690,2.381
725,9.499,2.346
726,9.508,2.338
727,9.452,2.322
728,9.318,2.297
729,9.320,2.354
730,9.031,2.398
731,9.082,2.417
732,9.192,2.457
733,9.250,2.403
734,9.447,2.551
735,9.226,2.425
736,8.998,2.337
737,9.279,2.365
738,9.016,2.492
739,9.170,2.347
740,9.074,2.433
741,9.079,2.357
742,9.180,2.394
743,9.171,2.417
744,9.014,2.377
745,9.140,2.369
746,9.025,2.409
747,9.216,2.387
748,9.547,2.474
749,9.497,2.461
750,9.358,2.473
751,9.427,2.609
752,9.583,2.574
753,9.552,2.545
754,9.639,2.504
755,9.926,2.328
756,10.038,2.367
757,10.112,2.455
758,10.044,2.386
759,9.982,2.414
760,10.032,2.377
761,9.953,2.372
762,9.780,2.317
763,9.996,2.414
764,10.277,2.401
765,10.087,2.366
766,10.213,2.293
767,10.361,2.285
768,10.245,2.343
769,10.062,2.416
770,9.792,2.376
771,9.792,2.417
772,9.719,2.326
773,9.735,2.338
774,9.854,2.232
775,9.755,2.388
776,9.684,2.392
777,9.678,2.487
778,9.630,2.341
779,8.465,2.348
780,8.384,2.312
781,8.629,2.353
782,8.611,2.432
783,8.630,2.623
784,8.665,2.513
785,9.793,2.431
786,9.886,2.327
787,8.791,2.404
788,8.476,2.387
789,8.552,2.394
790,8.400,2.382
791,8.448,2.424
792,8.214,2.294
793,8.370,2.419
794,8.533,2.444
795,8.658,2.374
796,8.434,2.319
797,8.586,2.250
798,9.879,2.387
799,9.949,2.385
800,9.996,2.320
801,9.769,2.416
802,9.779,2.359
803,9.805,2.460
804,9.852,2.492
805,9.966,2.579
806,9.690,2.506
807,9.303,2.459
808,9.257,2.410
809,9.141,2.418
810,9.096,2.451
811,9.286,2.457
812,9.125,2.421
813,9.379,2.450
814,9.508,2.577
815,9.256,2.502
816,9.075,2.484
817,9.255,2.524
818,9.425,2.495
819,9.419,2.428
820,9.578,2.440
821,9.361,2.503
822,9.219,2.603
823,9.012,2.568
824,9.056,2.608
825,9.077,2.560
826,9.304,2.703
827,9.376,2.616
828,9.281,2.586
829,9.220,2.580
830,9.254,2.690
831,9.252,2.597
832,9.167,2.531
833,9.185,2.690
834,9.110,2.587
835,9.225,2.634
836,9.141,2.692
837,9.119,2.646
838,9.042,2.625
839,8.874,2.639
840,8.864,2.549
841,8.958,2.583
842,9.012,2.531
843,9.216,2.591
844,9.248,2.716
845,9.228,2.627
846,9.137,2.631
847,9.102,2.707
848,9.077,2.689
849,9.048,2.589
850,9.074,2.443
851,9.064,2.575
852,9.182,2.658
853,9.246,2.680
854,9.008,2.724
855,9.095,2.675
856,9.080,2.647
857,9.045,2.612
858,9.036,2.584
859,9.120,2.657
860,9.160,2.502
861,9.086,2.536
862,9.071,2.546
863,8.998,2.652
864,8.931,2.634
865,8.894,2.422
866,8.647,2.583
867,8.746,2.623
868,8.689,2.671
869,8.704,2.810
870,8.796,2.573
871,8.987,2.785
872,8.952,2.748
873,8.916,2.603
874,9.184,2.746
875,8.947,2.666
876,8.860,2.599
877,8.965,2.662
878,9.452,2.689
879,9.583,2.710
880,9.705,2.802
881,9.636,2.785
882,9.589,2.634
883,9.429,2.737
884,9.189,2.824
885,9.167,2.609
886,9.130,2.839
887,8.988,2.730
888,8.925,2.696
889,8.958,2.614
890,8.985,2.733
891,9.096,2.714
892,8.920,2.843
893,8.905,2.850
894,9.063,2.837
895,9.327,2.922
896,9.547,2.715
897,9.589,2.768
898,9.416,2.662
899,9.477,2.754
900,9.316,2.615
901,9.217,2.571
902,8.767,2.589
903,8.788,2.434
904,9.175,2.445
905,8.861,2.459
906,8.822,2.340
907,8.892,2.461
908,9.331,2.525
909,9.468,2.550
910,9.168,2.568
911,9.082,2.544
912,8.980,2.458
913,9.166,2.466
914,9.084,2.499
915,9.136,2.479
916,9.107,2.450
917,9.022,2.500
918,9.055,2.457
919,9.247,2.518
920,9.142,2.553
921,9.213,2.473
922,9.006,2.527
923,8.902,2.492
924,8.800,2.629
925,8.311,2.577
926,9.016,2.419
927,8.808,2.582
928,8.583,2.622
929,8.747,2.586
930,8.917,2.709
931,8.887,2.783
932,8.807,2.859
933,8.899,2.862
934,9.135,2.702
935,9.161,2.701
936,9.109,2.512
937,9.130,2.557
938,9.235,2.514
939,9.282,2.533
940,9.199,2.599
941,9.123,2.600
942,9.250,2.685
943,9.109,2.543
944,9.066,2.559
945,9.200,2.573
946,8.985,2.506
947,8.942,2.613
948,9.261,2.671
949,9.198,2.588
950,9.067,2.732
951,8.999,2.798
952,9.163,2.730
953,9.237,2.646
954,9.232,2.700
955,9.309,2.693
956,9.216,2.743
957,9.131,2.683
958,9.136,2.820
959,9.178,2.761
960,9.183,2.802
961,9.196,2.773
962,9.109,2.660
963,9.281,2.669
964,9.402,2.671
965,9.461,2.710
966,8.990,2.682
967,8.827,2.697
968,8.588,2.705
969,8.627,2.756
970,8.563,2.841
971,8.404,2.868
972,8.351,2.836
973,8.401,2.683
974,8.458,2.838
975,8.384,2.745
976,8.324,2.751
977,8.417,2.696
978,8.380,2.843
979,8.453,2.731
980,8.698,2.837
981,8.505,2.653
982,8.584,2.712
983,8.607,2.721
984,8.426,2.691
985,8.517,2.749
986,8.318,2.676
987,8.244,2.791
988,8.186,2.751
989,8.275,2.711
990,8.141,2.675
991,8.153,2.673
992,8.070,2.652
993,8.204,2.579
994,8.058,2.720
995,7.844,2.675
996,7.873,2.744
997,7.934,2.767
998,8.050,2.580
999,8.147,2.641
1000,7.974,2.575
1001,7.958,2.551
1002,8.203,2.682
1003,8.461,2.688
1004,8.869,2.568
1005,8.605,2.669
1006,8.680,2.549
1007,8.605,2.603
1008,8.699,2.635
1009,8.741,2.725
1010,8.577,2.674
1011,8.470,2.595
1012,8.561,2.560
1013,8.684,2.707
1014,8.808,2.718
1015,8.728,2.583
1016,8.754,2.578
1017,9.104,2.522
1018,9.218,2.680
1019,9.081,2.674
1020,9.339,2.577
1021,9.088,2.603
1022,9.063,2.649
1023,9.002,2.597
1024,8.915,2.603
1025,8.927,2.505
1026,8.861,2.618
1027,9.020,2.471
1028,8.893,2.518
1029,8.686,2.465
1030,8.659,2.439
1031,8.721,2.449
1032,8.674,2.492
1033,8.565,2.465
1034,8.645,2.529
1035,8.861,2.635
1036,8.749,2.584
1037,8.705,2.504
1038,8.925,2.680
1039,8.982,2.699
1040,8.943,2.681
1041,8.669,2.548
1042,8.746,2.631
1043,8.678,2.526
1044,8.780,2.547
1045,8.590,2.516
1046,8.376,2.651
1047,8.436,2.587
1048,8.518,2.636
1049,8.522,2.547
1050,8.446,2.549
1051,8.422,2.749
1052,8.444,2.579
1053,8.616,2.563
1054,8.774,2.560
1055,8.601,2.534
1056,8.637,2.552
1057,8.668,2.574
1058,8.612,2.607
1059,8.786,2.587
1060,8.629,2.559
1061,8.738,2.625
1062,8.833,2.698
1063,8.698,2.698
1064,8.738,2.584
1065,8.562,2.446
1066,8.670,2.562
1067,8.432,2.575
1068,8.317,2.678
1069,8.152,2.658
1070,8.113,2.544
1071,8.199,2.659
1072,8.195,2.580
1073,8.227,2.624
1074,8.227,2.704
1075,8.235,2.750
1076,8.268,2.652
1077,8.081,2.585
1078,8.077,2.672
1079,8.080,2.703
1080,8.164,2.736
1081,8.038,2.587
1082,8.147,2.630
1083,8.138,2.644
1084,8.215,2.663
1085,8.094,2.584
1086,8.337,2.655
1087,8.440,2.601
1088,8.541,2.638
1089,8.643,2.649
1090,8.333,2.550
1091,8.517,2.664
1092,8.389,2.744
1093,8.442,2.752
1094,8.348,2.696
1095,8.456,2.685
1096,8.388,2.629
1097,8.350,2.721
1098,8.347,2.593
1099,8.321,2.588
1100,8.264,2.546
1101,8.431,2.647
1102,8.244,2.710
1103,8.186,2.747
1104,8.131,2.656
1105,8.297,2.544
1106,8.236,2.560
1107,8.141,2.575
1108,8.161,2.590
1109,8.168,2.627
1110,8.130,2.623
1111,8.254,2.663
1112,8.199,2.597
1113,8.245,2.693
1114,8.091,2.593
1115,8.173,2.619
1116,7.967,2.648
1117,8.005,2.727
1118,8.107,2.747
1119,8.215,2.781
1120,8.216,2.698
1121,8.157,2.679
1122,8.031,2.694
1123,7.960,2.711
1124,7.898,2.630
1125,7.942,2.747
1126,7.891,2.620
1127,8.101,2.575
1128,8.218,2.679
1129,8.209,2.703
1130,8.048,2.682
1131,8.160,2.696
1132,8.213,2.736
1133,7.903,2.700
1134,8.073,2.699
1135,7.953,2.715
1136,8.090,2.750
1137,7.913,2.736
1138,7.863,2.743
1139,8.149,2.731
1140,8.066,2.901
1141,7.888,2.796
1142,7.827,2.794
1143,7.457,2.717
1144,7.387,2.749
1145,7.306,2.586
1146,7.491,2.682
1147,7.440,2.588
1148,7.464,2.571
1149,7.538,2.622
1150,7.771,2.506
1151,7.784,2.492
1152,7.637,2.571
1153,7.701,2.665
1154,7.680,2.556
1155,7.780,2.606
1156,8.005,2.642
1157,7.693,2.778
1158,7.807,2.709
1159,7.994,2.708
1160,8.456,2.808
1161,8.478,2.879
1162,8.260,2.776
1163,8.204,2.611
1164,8.131,2.753
1165,8.004,2.599
1166,8.123,2.719
1167,8.122,2.754
1168,7.803,2.671
1169,7.740,2.650
1170,7.735,2.633
1171,7.796,2.628
1172,7.646,2.665
1173,7.677,2.745
1174,7.807,2.704
1175,7.847,2.621
1176,7.879,2.545
1177,7.954,2.701
1178,7.941,2.677
1179,7.920,2.529
1180,7.799,2.583
1181,7.958,2.577
1182,7.985,2.652
1183,7.786,2.562
1184,7.980,2.770
1185,7.994,2.649
1186,7.889,2.706
1187,7.915,2.647
1188,8.027,2.669
1189,7.621,2.552
1190,7.611,2.609
1191,7.623,2.634
1192,7.683,2.597
1193,7.663,2.532
1194,7.842,2.618
1195,7.844,2.527
1196,7.764,2.487
1197,7.687,2.586
1198,7.546,2.479
1199,7.547,2.534
1200,7.715,2.523
1201,7.559,2.543
1202,7.690,2.537
1203,7.542,2.474
1204,7.375,2.615
1205,7.430,2.528
1206,7.552,2.468
1207,7.660,2.504
1208,7.694,2.364
1209,7.623,2.446
1210,7.573,2.545
1211,7.475,2.450
1212,8.006,2.472
1213,7.992,2.496
1214,7.991,2.479
1215,7.967,2.399
1216,7.850,2.503
1217,7.942,2.555
1218,7.923,2.625
1219,7.998,2.627
1220,8.085,2.593
1221,7.884,2.550
1222,7.868,2.575
1223,7.817,2.628
1224,7.910,2.582
1225,8.015,2.599
1226,7.967,2.619
1227,7.823,2.621
1228,7.567,2.665
1229,7.621,2.633
1230,7.459,2.562
1231,7.571,2.667
1232,7.549,2.638
1233,7.710,2.697
1234,7.705,2.693
1235,7.992,2.760
1236,7.883,2.720
1237,7.835,2.714
1238,7.789,2.758
1239,7.804,2.767
1240,7.628,2.686
1241,7.629,2.672
1242,7.563,2.557
1243,7.557,2.649
1244,7.579,2.599
1245,7.711,2.600
1246,7.660,2.544
1247,7.625,2.660
1248,7.494,2.613
1249,7.681,2.660
1250,7.681,2.679
1251,7.848,2.538
1252,7.885,2.554
1253,7.914,2.578
1254,7.671,2.566
1255,7.713,2.588
1256,7.626,2.527
1257,7.771,2.579
1258,7.892,2.503
1259,8.140,2.568
1260,7.854,2.562
1261,8.061,2.513
1262,8.144,2.541
1263,8.137,2.478
1264,8.190,2.515
1265,8.270,2.610
1266,8.262,2.627
1267,8.431,2.557
1268,8.371,2.611
1269,8.320,2.655
1270,8.358,2.579
1271,8.303,2.719
1272,8.319,2.691
1273,8.303,2.619
1274,8.277,2.700
1275,8.436,2.569
1276,8.442,2.643
1277,8.508,2.688
1278,8.475,2.739
1279,8.496,2.741
1280,8.485,2.616
1281,8.861,2.541
1282,8.832,2.526
1283,8.604,2.557
1284,8.649,2.683
1285,8.752,2.603
1286,8.813,2.665
1287,8.815,2.633
1288,8.713,2.596
1289,8.968,2.597
1290,8.613,2.649
1291,8.589,2.722
1292,8.575,2.612
1293,8.614,2.765
1294,8.427,2.586
1295,8.440,2.625
1296,8.479,2.633
1297,8.351,2.568
1298,8.406,2.661
1299,8.454,2.717
1300,8.475,2.724
1301,8.455,2.598
1302,8.233,2.675
1303,8.271,2.717
1304,8.228,2.582
1305,8.382,2.587
1306,8.348,2.692
1307,8.431,2.509
1308,8.247,2.640
1309,8.269,2.690
1310,8.273,2.648
1311,8.187,2.701
1312,8.291,2.623
1313,8.490,2.729
1314,8.514,2.636
1315,8.512,2.524
1316,8.398,2.625
1317,8.457,2.521
1318,8.512,2.532
1319,8.480,2.560
1320,8.633,2.486
1321,8.732,2.622
1322,8.655,2.549
1323,8.479,2.597
1324,8.961,2.599
1325,9.166,2.617
1326,9.086,2.582
1327,9.323,2.589
1328,9.088,2.646
1329,8.934,2.612
1330,8.937,2.561
1331,9.216,2.582
1332,9.227,2.541
1333,9.414,2.534
1334,9.283,2.535
1335,9.416,2.551
1336,9.478,2.553
1337,9.265,2.573
1338,9.409,2.649
1339,9.219,2.690
1340,9.015,2.438
1341,9.042,2.574
1342,9.051,2.532
1343,8.823,2.624
1344,8.967,2.646
1345,8.860,2.671
1346,8.624,2.629
1347,8.727,2.600
1348,8.782,2.597
1349,8.797,2.436
1350,9.034,2.458
1351,9.006,2.548
1352,8.917,2.555
1353,8.764,2.495
1354,8.719,2.525
1355,8.660,2.483
1356,8.988,2.514
1357,9.134,2.435
1358,9.231,2.483
1359,9.041,2.373
1360,9.134,2.505
1361,8.894,2.486
1362,8.791,2.430
1363,8.662,2.403
1364,8.518,2.451
1365,8.526,2.543
1366,8.433,2.520
1367,8.420,2.518
1368,8.620,2.518
1369,8.533,2.679
1370,8.518,2.636
1371,8.516,2.695
1372,8.719,2.842
1373,8.748,2.687
1374,8.697,2.635
1375,8.725,2.640
1376,8.693,2.536
1377,8.717,2.562
1378,8.831,2.586
1379,8.850,2.572
1380,9.054,2.673
1381,8.967,2.671
1382,9.065,2.672
1383,9.097,2.626
1384,8.976,2.502
1385,8.929,2.524
1386,8.854,2.591
1387,9.000,2.563
1388,8.934,2.407
1389,9.037,2.559
1390,9.079,2.429
1391,9.010,2.451
1392,8.993,2.508
1393,9.199,2.608
1394,9.064,2.555
1395,8.988,2.615
1396,8.964,2.585
1397,9.177,2.703
1398,9.051,2.602
1399,9.055,2.644
1400,9.076,2.592
1401,8.979,2.654
1402,8.987,2.634
1403,9.089,2.741
1404,8.966,2.699
1405,9.106,2.717
1406,9.172,2.702
1407,9.282,2.622
1408,9.209,2.704
1409,9.361,2.663
1410,9.199,2.661
1411,9.396,2.724
1412,9.154,2.614
1413,9.276,2.612
1414,9.097,2.624
1415,9.031,2.626
1416,8.909,2.627
1417,8.633,2.567
1418,8.615,2.629
1419,8.618,2.678
1420,8.653,2.614
1421,8.880,2.574
1422,8.696,2.691
1423,8.529,2.594
1424,8.705,2.687
1425,8.732,2.749
1426,7.590,2.661
1427,7.487,2.639
1428,7.327,2.503
1429,7.365,2.518
1430,7.308,2.526
1431,7.226,2.490
1432,7.218,2.627
1433,7.035,2.506
1434,7.209,2.599
1435,7.078,2.588
1436,7.149,2.662
1437,7.310,2.646
1438,7.300,2.683
1439,7.357,2.725
1440,7.326,2.665
1441,7.108,2.727
1442,6.912,2.646
1443,7.188,2.682
1444,7.105,2.707
1445,7.040,2.625
1446,7.266,2.816
1447,7.284,2.690
1448,7.310,2.915
1449,7.331,2.870
1450,7.120,2.725
1451,7.052,2.722
1452,7.086,2.689
1453,7.194,2.739
1454,6.966,2.702
1455,6.986,2.598
1456,6.975,2.773
1457,7.100,2.892
1458,6.961,2.813
1459,6.961,2.821
1460,6.891,2.807
1461,8.239,2.797
1462,6.684,2.723
1463,6.733,2.791
1464,6.811,2.726
1465,6.776,2.721
1466,7.181,2.884
1467,7.099,2.790
1468,7.089,2.713
1469,7.152,2.743
1470,7.237,2.695
1471,8.786,2.800
1472,9.093,2.877
1473,9.242,2.873
1474,9.345,2.950
1475,9.238,2.913
1476,9.229,2.865
1477,9.277,2.863
1478,9.102,2.756
1479,8.993,2.905
1480,9.118,2.904
1481,9.087,2.901
1482,9.143,2.775
1483,9.286,2.725
1484,8.917,2.697
1485,9.263,2.628
1486,9.210,2.629
1487,9.298,2.567
1488,8.943,2.707
1489,8.960,2.653
1490,8.713,2.665
1491,8.937,2.697
1492,8.948,2.789
1493,8.733,2.687
1494,8.879,2.764
1495,8.977,2.771
1496,9.184,2.752
1497,9.130,2.730
1498,9.186,2.680
1499,9.361,2.627
1500,9.494,2.537
1501,9.509,2.577
1502,9.391,2.736
1503,9.632,2.682
1504,9.656,2.714
1505,9.590,2.697
1506,9.409,2.740
1507,9.417,2.790
1508,9.437,2.728
1509,8.918,2.723
1510,9.124,2.844
1511,8.971,2.774
1512,8.986,2.703
1513,9.266,2.600
1514,9.116,2.617
1515,9.130,2.591
1516,9.174,2.681
1517,8.659,2.587
1518,9.194,2.620
1519,9.146,2.670
1520,9.254,2.684
1521,9.485,2.584
1522,9.622,2.609
1523,9.597,2.554
1524,9.268,2.496
1525,9.321,2.539
1526,9.476,2.635
1527,9.555,2.531
1528,9.637,2.608
1529,9.714,2.559
1530,9.704,2.534
1531,9.659,2.533
1532,9.708,2.608
1533,9.624,2.579
1534,9.848,2.592
1535,9.550,2.512
1536,9.499,2.508
1537,9.264,2.611
1538,9.383,2.613
1539,9.255,2.582
1540,9.316,2.641
1541,9.168,2.682
1542,9.164,2.698
1543,9.137,2.754
1544,9.125,2.788
1545,9.025,2.741
1546,8.936,2.676
1547,9.301,2.653
1548,9.358,2.624
1549,9.344,2.605
1550,9.345,2.594
1551,9.175,2.622
1552,9.053,2.658
1553,8.851,2.719
1554,8.685,2.683
1555,8.783,2.694
1556,8.606,2.668
1557,8.698,2.634
1558,8.881,2.622
1559,9.138,2.670
1560,9.199,2.631
1561,8.460,2.612
1562,8.773,2.559
1563,8.354,2.633
1564,8.468,2.626
1565,8.412,2.603
1566,8.226,2.705
1567,8.234,2.741
1568,8.324,2.656
1569,8.185,2.593
1570,8.090,2.571
1571,8.057,2.677
1572,7.773,2.616
1573,7.979,2.674
1574,7.923,2.680
1575,7.927,2.590
1576,8.135,2.650
1577,8.205,2.618
1578,8.555,2.519
1579,8.350,2.593
1580,8.385,2.524
1581,8.884,2.593
1582,8.254,2.574
1583,8.297,2.565
1584,8.127,2.433
1585,8.070,2.628
1586,8.004,2.572
1587,8.082,2.624
1588,7.728,2.669
1589,7.828,2.651
1590,7.718,2.709
1591,7.825,2.664
1592,7.908,2.546
1593,8.099,2.663
1594,8.237,2.711
1595,8.041,2.625
1596,8.142,2.659
1597,8.195,2.676
1598,8.227,2.633
1599,8.288,2.671
1600,8.466,2.699
1601,8.501,2.600
1602,8.588,2.701
1603,8.615,2.741
1604,8.465,2.642
1605,8.646,2.592
1606,8.662,2.660
1607,8.563,2.594
1608,8.736,2.577
1609,8.795,2.671
1610,7.289,2.710
1611,7.584,2.751
1612,7.830,2.731
1613,7.802,2.733
1614,7.796,2.696
1615,9.267,2.691
1616,9.169,2.785
1617,9.039,2.704
1618,9.090,2.708
1619,9.282,2.772
1620,9.104,2.788
1621,9.160,2.864
1622,9.056,2.819
1623,9.068,2.755
1624,9.010,2.807
1625,9.215,2.933
1626,9.281,2.866
1627,9.331,2.880
1628,9.366,2.872
1629,9.217,2.803
1630,9.441,2.924
1631,9.704,2.862
1632,9.228,2.685
1633,9.349,2.736
1634,9.453,2.806
1635,9.621,2.769
1636,9.078,2.871
1637,9.663,2.790
1638,9.153,2.698
1639,9.130,2.749
1640,9.063,2.741
1641,9.105,2.829
1642,9.138,2.765
1643,9.239,2.773
1644,9.211,2.683
1645,9.254,2.771
1646,9.306,2.907
1647,9.094,2.733
1648,8.843,2.769
1649,8.682,2.781
1650,8.604,2.794
1651,8.610,2.760
1652,8.922,2.935
1653,9.051,2.882
1654,8.928,2.757
1655,8.834,2.752
1656,8.842,2.833
1657,8.741,2.883
1658,8.787,2.781
1659,8.816,2.757
1660,8.871,2.705
1661,8.985,2.851
1662,8.866,2.754
1663,8.954,2.671
1664,9.110,2.797
1665,8.966,2.693
1666,8.986,2.549
1667,8.739,2.590
1668,8.859,2.728
1669,8.996,2.887
1670,8.975,2.792
1671,9.210,2.815
1672,9.094,2.916
1673,9.093,2.898
1674,9.049,2.850
1675,8.907,2.899
1676,8.816,2.851
1677,8.763,2.816
1678,8.740,2.850
1679,8.628,2.899
1680,8.806,2.846
1681,8.735,2.790
1682,8.776,2.794
1683,8.777,2.776
1684,8.913,2.784
1685,8.789,2.841
1686,8.932,2.855
1687,8.920,2.831
1688,8.761,2.797
1689,8.569,2.767
1690,8.510,2.748
1691,8.331,2.786
1692,8.452,2.823
1693,8.535,2.739
1694,8.654,2.784
1695,8.788,2.911
1696,8.761,2.897
1697,8.792,2.899
1698,8.881,2.784
1699,8.806,2.877
1700,8.789,2.856
1701,8.615,2.888
1702,8.445,2.780
1703,8.354,2.897
1704,8.371,2.835
1705,8.481,2.742
1706,8.244,2.646
1707,8.363,2.726
1708,8.328,2.719
1709,8.259,2.727
1710,8.296,2.800
1711,8.350,2.790
1712,8.368,2.794
1713,8.313,2.776
1714,8.162,2.665
1715,7.981,2.696
1716,7.967,2.752
1717,8.219,2.735
1718,7.993,2.675
1719,7.979,2.633
1720,7.925,2.734
1721,7.810,2.749
1722,7.954,2.710
1723,7.850,2.645
1724,7.849,2.647
1725,7.896,2.682
1726,7.805,2.635
1727,7.821,2.688
1728,7.876,2.673
1729,8.063,2.612
1730,8.130,2.555
1731,8.242,2.636
1732,8.322,2.625
1733,8.497,2.638
1734,8.523,2.645
1735,8.614,2.655
1736,8.613,2.733
1737,8.530,2.697
1738,8.514,2.681
1739,8.386,2.629
1740,8.191,2.572
1741,8.269,2.540
1742,8.464,2.677
1743,8.071,2.521
1744,8.022,2.649
1745,8.029,2.550
1746,7.946,2.565
1747,7.980,2.661
1748,7.957,2.634
1749,8.063,2.750
1750,7.964,2.701
1751,7.994,2.648
1752,7.959,2.490
1753,7.803,2.551
1754,7.800,2.700
1755,7.722,2.653
1756,7.826,2.569
1757,7.783,2.575
1758,7.741,2.634
1759,7.690,2.630
1760,7.721,2.635
1761,7.619,2.576
1762,7.557,2.719
1763,7.538,2.705
1764,7.439,2.631
1765,7.277,2.650
1766,7.176,2.659
1767,7.095,2.736
1768,7.102,2.605
1769,7.251,2.587
1770,7.300,2.638
1771,7.349,2.665
1772,7.428,2.749
1773,7.556,2.751
1774,7.568,2.691
1775,7.690,2.626
1776,8.090,2.697
1777,8.153,2.719
1778,8.151,2.622
1779,8.198,2.536
1780,8.105,2.563
1781,8.096,2.595
1782,8.059,2.547
1783,8.288,2.653
1784,8.347,2.536
1785,8.255,2.550
1786,8.388,2.440
1787,8.310,2.444
1788,8.291,2.487
1789,8.629,2.535
1790,8.292,2.512
1791,8.238,2.523
1792,8.254,2.532
1793,8.441,2.492
1794,8.642,2.574
1795,8.475,2.591
1796,8.364,2.456
1797,8.298,2.401
1798,8.169,2.473
1799,8.200,2.519
1800,8.262,2.496
1801,8.403,2.495
1802,8.395,2.555
1803,8.392,2.667
1804,8.303,2.588
1805,8.432,2.627
1806,8.239,2.581
1807,8.149,2.637
1808,8.291,2.562
1809,8.005,2.471
1810,8.026,2.477
1811,7.916,2.465
1812,7.920,2.534
1813,7.917,2.524
1814,7.853,2.515
1815,7.587,2.552
1816,7.405,2.490
1817,7.482,2.480
1818,7.664,2.514
1819,7.643,2.632
1820,7.738,2.602
1821,7.919,2.602
1822,7.814,2.553
1823,7.853,2.682
1824,7.689,2.588
1825,7.793,2.583
1826,7.903,2.569
1827,7.746,2.541
1828,7.798,2.573
1829,7.877,2.588
1830,7.843,2.553
1831,7.882,2.523
1832,8.049,2.472
1833,8.205,2.446
1834,8.367,2.653
1835,8.360,2.590
1836,8.378,2.590
1837,8.267,2.448
1838,8.210,2.463
1839,8.222,2.528
1840,8.233,2.468
1841,8.338,2.509
1842,8.277,2.559
1843,8.358,2.539
1844,8.312,2.469
1845,8.227,2.510
1846,8.126,2.539
1847,8.239,2.554
1848,8.314,2.482
1849,8.138,2.459
1850,8.320,2.530
1851,8.379,2.604
1852,8.135,2.490
1853,8.079,2.561
1854,7.977,2.617
1855,7.869,2.615
1856,7.707,2.606
1857,7.727,2.600
1858,7.880,2.595
1859,7.895,2.603
1860,7.900,2.620
1861,7.907,2.585
1862,7.831,2.502
1863,8.029,2.463
1864,8.106,2.582
1865,8.002,2.503
1866,7.925,2.475
1867,7.757,2.557
1868,7.745,2.539
1869,7.674,2.617
1870,7.715,2.671
1871,7.741,2.597
1872,7.750,2.545
1873,7.692,2.615
1874,7.861,2.649
1875,7.755,2.506
1876,7.761,2.562
1877,8.052,2.664
1878,7.986,2.629
1879,7.817,2.669
1880,7.954,2.582
1881,8.024,2.716
1882,8.007,2.641
1883,7.890,2.531
1884,7.655,2.561
1885,7.689,2.545
1886,7.839,2.656
1887,7.996,2.657
1888,7.849,2.608
1889,7.776,2.639
1890,7.720,2.621
1891,7.705,2.610
1892,7.655,2.549
1893,7.597,2.641
1894,7.446,2.486
1895,7.434,2.509
1896,7.403,2.565
1897,7.343,2.471
1898,7.357,2.479
1899,7.381,2.555
1900,7.274,2.646
1901,7.291,2.626
1902,7.242,2.522
1903,7.287,2.478
1904,7.133,2.478
1905,7.165,2.421
1906,7.109,2.397
1907,7.032,2.474
1908,6.955,2.393
1909,7.172,2.483
1910,7.160,2.414
1911,7.077,2.422
1912,7.141,2.445
1913,7.148,2.455
1914,7.048,2.423
1915,7.250,2.527
1916,7.235,2.496
1917,7.175,2.496
1918,7.212,2.545
1919,7.202,2.544
1920,7.220,2.671
1921,7.328,2.610
1922,7.446,2.525
1923,7.485,2.710
1924,7.346,2.553
1925,7.421,2.507
1926,7.529,2.596
1927,7.538,2.554
1928,7.483,2.532
1929,7.270,2.531
1930,7.284,2.564
1931,7.192,2.535
1932,7.278,2.497
1933,7.389,2.457
1934,7.528,2.471
1935,7.630,2.510
1936,7.524,2.454
1937,7.482,2.517
1938,7.620,2.619
1939,7.710,2.557
1940,7.624,2.687
1941,7.711,2.774
1942,7.710,2.697
1943,7.509,2.569
1944,7.524,2.671
1945,7.596,2.692
1946,7.664,2.752
1947,7.743,2.663
1948,7.825,2.645
1949,7.760,2.614
1950,7.788,2.597
1951,7.871,2.657
1952,7.869,2.620
1953,7.818,2.633
1954,7.581,2.562
1955,7.631,2.578
1956,7.652,2.524
1957,7.657,2.544
1958,7.672,2.628
1959,7.736,2.591
1960,7.911,2.701
1961,8.013,2.700
1962,8.024,2.625
1963,8.043,2.552
1964,8.145,2.651
1965,8.490,2.699
1966,8.351,2.702
1967,8.309,2.643
1968,8.281,2.655
1969,8.214,2.614
1970,8.275,2.638
1971,7.977,2.516
1972,8.115,2.619
1973,8.066,2.652
1974,8.200,2.604
1975,8.117,2.555
1976,8.434,2.649
1977,8.168,2.672
1978,8.249,2.501
1979,8.280,2.563
1980,8.040,2.429
1981,8.313,2.534
1982,8.238,2.521
1983,8.297,2.502
1984,8.142,2.530
1985,8.096,2.566
1986,8.095,2.631
1987,8.303,2.612
1988,8.203,2.571
1989,8.204,2.710
1990,8.180,2.752
1991,8.120,2.639
1992,8.003,2.636
1993,8.045,2.594
1994,7.971,2.614
1995,7.985,2.618
1996,7.947,2.616
1997,7.990,2.679
1998,8.060,2.654
1999,7.999,2.625
2000,8.121,2.619
2001,8.199,2.656
2002,8.042,2.610
2003,8.051,2.667
2004,8.308,2.703
2005,8.224,2.708
2006,8.270,2.635
2007,8.228,2.675
2008,8.259,2.635
2009,8.017,2.586
2010,8.076,2.524
2011,8.119,2.476
2012,8.179,2.491
2013,8.497,2.527
2014,8.320,2.624
2015,8.366,2.709
2016,8.437,2.701
2017,8.290,2.619
2018,8.149,2.669
2019,8.290,2.672
2020,8.126,2.717
2021,8.053,2.954
2022,8.152,2.876
2023,8.248,2.875
2024,8.118,2.731
2025,8.307,2.996
2026,8.295,3.020
2027,8.021,2.914
2028,7.887,2.895
2029,8.027,2.783
2030,7.870,2.754
2031,8.149,2.850
2032,8.009,2.976
2033,8.063,2.866
2034,8.122,2.946
2035,8.223,2.901
2036,8.378,2.846
2037,8.391,2.930
2038,8.391,2.813
2039,8.206,2.656
2040,8.218,2.664
2041,8.127,2.629
2042,8.158,2.522
2043,8.058,2.652
2044,8.315,2.722
2045,8.227,2.729
2046,8.294,2.746
2047,8.388,2.802
2048,8.165,2.737
2049,8.221,2.703
2050,8.105,2.679
2051,8.294,2.791
2052,8.313,2.646
2053,8.308,2.657
2054,8.152,2.711
2055,8.370,2.669
2056,8.550,2.708
2057,8.432,2.618
2058,8.510,2.582
2059,8.527,2.608
2060,8.525,2.624
2061,8.391,2.537
2062,8.404,2.570
2063,8.263,2.605
2064,8.320,2.623
2065,8.165,2.645
2066,8.230,2.693
2067,8.303,2.680
2068,8.250,2.578
2069,8.207,2.673
2070,8.240,2.647
2071,8.388,2.636
2072,8.446,2.536
2073,8.499,2.574
2074,8.481,2.726
2075,8.673,2.703
2076,8.479,2.634
2077,8.248,2.526
2078,8.440,2.577
2079,8.463,2.505
2080,8.520,2.622
2081,8.438,2.559
2082,8.394,2.515
2083,8.637,2.594
2084,8.720,2.503
2085,8.537,2.481
2086,8.386,2.520
2087,8.368,2.390
2088,8.298,2.655
2089,8.297,2.632
2090,8.428,2.658
2091,8.430,2.548
2092,8.230,2.548
2093,8.326,2.571
2094,8.139,2.592
2095,8.252,2.541
2096,8.363,2.685
2097,8.418,2.674
2098,8.439,2.679
2099,8.411,2.606
2100,8.325,2.684
2101,8.422,2.731
2102,8.390,2.556
2103,8.289,2.571
2104,8.295,2.524
2105,8.378,2.586
2106,8.297,2.608
2107,8.375,2.538
2108,8.329,2.542
2109,8.520,2.556
2110,8.450,2.597
2111,8.462,2.498
2112,8.567,2.455
2113,8.409,2.493
2114,8.413,2.601
2115,8.514,2.652
2116,8.254,2.561
2117,7.983,2.513
2118,8.283,2.684
2119,8.420,2.633
2120,8.329,2.642
2121,8.241,2.639
2122,8.071,2.593
2123,8.071,2.512
2124,7.869,2.482
2125,7.816,2.511
2126,7.782,2.434
2127,7.831,2.591
2128,7.876,2.571
2129,8.109,2.669
2130,8.227,2.584
2131,7.970,2.480
2132,7.965,2.477
2133,7.884,2.470
2134,8.038,2.640
2135,7.773,2.547
2136,7.797,2.557
2137,7.807,2.543
2138,7.875,2.427
2139,7.808,2.620
2140,8.005,2.501
2141,8.127,2.567
2142,8.068,2.314
2143,8.053,2.397
2144,8.237,2.364
2145,8.241,2.405
2146,8.239,2.421
2147,8.268,2.514
2148,8.465,2.486
2149,8.406,2.498
2150,8.312,2.492
2151,8.147,2.461
2152,8.157,2.485
2153,8.155,2.506
2154,8.004,2.597
2155,8.005,2.527
2156,8.000,2.624
2157,7.942,2.664
2158,8.029,2.700
2159,8.146,2.650
2160,8.156,2.687
2161,8.165,2.680
2162,8.189,2.681
2163,7.966,2.647
2164,7.832,2.605
2165,7.851,2.593
2166,7.821,2.628
2167,7.770,2.587
2168,7.833,2.646
2169,7.759,2.567
2170,7.838,2.656
2171,7.666,2.669
2172,7.818,2.638
2173,7.800,2.612
2174,7.990,2.553
2175,7.778,2.507
2176,8.189,2.700
2177,8.087,2.643
2178,8.008,2.554
2179,8.067,2.583
2180,7.921,2.584
2181,8.189,2.603
2182,8.141,2.611
2183,8.082,2.590
2184,8.127,2.772
2185,7.874,2.601
2186,7.959,2.598
2187,7.989,2.602
2188,8.151,2.626
2189,8.216,2.545
2190,8.202,2.585
2191,7.921,2.507
2192,7.966,2.513
2193,7.885,2.571
2194,7.976,2.691
2195,8.039,2.676
2196,8.092,2.637
2197,8.023,2.540
2198,8.000,2.618
2199,7.914,2.549
2200,7.942,2.679
2201,7.874,2.720
2202,7.996,2.689
2203,7.977,2.666
2204,8.269,2.742
2205,8.241,2.710
2206,8.389,2.732
2207,8.210,2.630
2208,8.339,2.619
2209,8.505,2.642
2210,8.535,2.677
2211,8.468,2.749
2212,8.302,2.677
2213,8.181,2.624
2214,8.262,2.630
2215,8.211,2.658
2216,8.230,2.623
2217,8.113,2.577
2218,7.964,2.612
2219,8.017,2.539
2220,8.078,2.472
2221,8.165,2.454
2222,7.959,2.442
2223,7.960,2.503
2224,8.136,2.490
2225,8.187,2.644
2226,8.295,2.552
2227,8.135,2.556
2228,7.952,2.557
2229,7.696,2.537
2230,7.631,2.536
2231,7.821,2.502
2232,8.035,2.598
2233,7.884,2.474
2234,7.999,2.509
2235,8.039,2.549
2236,8.001,2.593
2237,7.964,2.628
2238,7.938,2.646
2239,8.206,2.707
2240,8.225,2.595
2241,8.169,2.590
2242,8.382,2.712
2243,8.411,2.585
2244,8.197,2.717
2245,8.262,2.742
2246,8.291,2.796
2247,8.316,2.609
2248,8.257,2.683
2249,8.382,2.713
2250,8.283,2.786
2251,8.288,2.808
2252,8.112,2.660
2253,8.064,2.796
2254,8.149,2.700
2255,8.594,2.702
2256,8.108,2.727
2257,7.979,2.586
2258,8.051,2.544
2259,8.017,2.556
2260,7.935,2.511
2261,7.960,2.559
2262,8.112,2.588
2263,7.910,2.500
2264,8.026,2.547
2265,7.852,2.601
2266,7.849,2.584
2267,7.831,2.597
2268,7.874,2.570
2269,8.074,2.603
2270,8.416,2.710
2271,8.581,2.603
2272,8.618,2.650
2273,8.649,2.601
2274,8.694,2.555
2275,8.620,2.486
2276,8.687,2.527
2277,8.824,2.450
2278,8.803,2.527
2279,8.799,2.533
2280,8.816,2.557
2281,8.602,2.471
2282,8.779,2.565
2283,8.669,2.392
2284,8.638,2.451
2285,8.463,2.492
2286,8.455,2.494
2287,8.363,2.523
2288,8.317,2.541
2289,8.383,2.526
2290,8.282,2.516
2291,8.379,2.441
2292,8.133,2.481
2293,8.273,2.378
2294,8.431,2.515
2295,8.434,2.583
2296,8.504,2.627
2297,8.538,2.579
2298,8.676,2.580
2299,8.673,2.576
2300,8.668,2.597
2301,8.684,2.608
2302,8.567,2.640
2303,8.668,2.603
2304,8.762,2.642
2305,8.555,2.664
2306,8.464,2.582
2307,8.481,2.726
2308,8.553,2.609
2309,8.567,2.555
2310,8.320,2.641
2311,8.172,2.501
2312,8.012,2.603
2313,8.140,2.636
2314,8.150,2.687
2315,7.995,2.608
2316,8.017,2.636
2317,8.133,2.751
2318,8.333,2.786
2319,8.258,2.728
2320,8.182,2.669
2321,8.178,2.723
2322,8.058,2.711
2323,8.059,2.745
2324,8.032,2.777
2325,7.956,2.762
2326,7.961,2.788
2327,7.869,2.685
2328,7.830,2.718
2329,7.679,2.694
2330,7.760,2.738
2331,7.793,2.746
2332,7.911,2.770
2333,7.960,2.782
2334,7.877,2.684
2335,7.988,2.745
2336,7.953,2.717
2337,8.027,2.753
2338,8.040,2.695
2339,8.154,2.670
2340,7.982,2.644
2341,7.896,2.644
2342,7.860,2.584
2343,7.998,2.625
2344,7.991,2.483
2345,8.152,2.486
2346,8.114,2.582
2347,8.226,2.493
2348,8.067,2.517
2349,8.123,2.577
2350,8.151,2.618
2351,8.022,2.582
2352,8.010,2.689
2353,8.087,2.640
2354,8.263,2.670
2355,8.408,2.716
2356,8.455,2.604
2357,8.657,2.561
2358,8.630,2.683
2359,8.848,2.682
2360,8.858,2.597
2361,8.761,2.531
2362,8.689,2.630
2363,8.765,2.549
2364,8.770,2.641
2365,8.772,2.640
2366,8.838,2.687
2367,8.807,2.608
2368,8.836,2.631
2369,8.853,2.608
2370,8.729,2.606
2371,8.736,2.649
2372,8.751,2.643
2373,8.610,2.662
2374,8.560,2.739
2375,8.444,2.599
2376,8.458,2.540
2377,8.352,2.598
2378,8.233,2.518
2379,8.204,2.531
2380,8.120,2.641
2381,8.106,2.608
2382,8.058,2.578
2383,8.063,2.603
2384,8.113,2.497
2385,8.167,2.646
2386,7.980,2.521
2387,8.035,2.561
2388,8.084,2.567
2389,8.175,2.724
2390,8.140,2.700
2391,7.988,2.628
2392,8.007,2.638
2393,7.915,2.708
2394,7.889,2.765
2395,7.963,2.581
2396,7.850,2.552
2397,7.788,2.610
2398,7.838,2.722
2399,7.867,2.720
2400,7.793,2.661
2401,7.541,2.554
2402,7.729,2.591
2403,7.517,2.537
2404,7.541,2.531
2405,7.493,2.510
2406,7.426,2.572
2407,7.462,2.530
2408,7.449,2.490
2409,7.441,2.547
2410,7.377,2.542
2411,7.282,2.388
2412,7.249,2.535
2413,7.289,2.557
2414,7.542,2.517
2415,7.812,2.648
2416,7.829,2.582
2417,7.794,2.636
2418,7.930,2.662
2419,7.899,2.731
2420,7.882,2.627
2421,7.822,2.588
2422,8.079,2.587
2423,8.204,2.616
2424,8.012,2.634
2425,8.058,2.728
2426,8.030,2.671
2427,8.073,2.558
2428,8.225,2.567
2429,8.072,2.627
2430,8.189,2.602
2431,8.260,2.696
2432,8.365,2.709
2433,8.370,2.679
2434,8.263,2.567
2435,8.108,2.596
2436,8.153,2.641
2437,8.241,2.643
2438,8.069,2.614
2439,8.179,2.527
2440,8.301,2.647
2441,8.221,2.528
2442,8.083,2.620
2443,8.111,2.652
2444,8.210,2.704
2445,8.039,2.668
2446,8.027,2.733
2447,8.205,2.734
2448,8.097,2.725
2449,8.197,2.760
2450,8.163,2.722
2451,8.310,2.739
2452,8.244,2.620
2453,8.315,2.637
2454,8.202,2.708
2455,8.309,2.578
2456,8.208,2.576
2457,8.343,2.635
2458,8.445,2.650
2459,8.246,2.658
2460,8.145,2.698
2461,8.176,2.684
2462,8.033,2.705
2463,8.020,2.768
2464,8.123,2.756
2465,8.238,2.742
2466,8.227,2.746
2467,8.339,2.722
2468,8.191,2.562
2469,8.220,2.598
2470,8.309,2.536
2471,8.483,2.598
2472,8.488,2.627
2473,8.571,2.603
2474,8.656,2.583
2475,8.627,2.523
2476,8.533,2.526
2477,8.513,2.486
2478,8.606,2.633
2479,8.544,2.562
2480,8.571,2.479
2481,8.646,2.640
2482,8.644,2.503
2483,8.637,2.664
2484,8.586,2.542
2485,8.524,2.528
2486,8.383,2.588
2487,22.804,2.613
2488,22.747,2.675
2489,22.718,2.597
2490,22.816,2.517
2491,22.838,2.675
2492,8.515,2.651
2493,22.673,2.644
2494,22.721,2.582
2495,22.575,2.643
2496,22.599,2.695
2497,22.603,2.691
2498,22.524,2.608
2499,7.956,2.583
2500,22.646,2.631
2501,22.547,2.694
2502,22.448,2.680
2503,22.416,2.641
2504,22.343,2.644
2505,22.583,2.615
2506,22.580,2.698
2507,22.548,2.680
2508,22.615,2.724
2509,22.632,2.697
2510,22.654,2.633
2511,22.736,2.700
2512,22.762,2.588
2513,8.151,2.675
2514,22.835,2.557
2515,8.264,2.606
2516,8.261,2.635
2517,8.205,2.663
2518,8.236,2.636
2519,8.209,2.647
2520,8.247,2.779
2521,8.260,2.704
2522,8.216,2.670
2523,8.174,2.546
2524,22.514,2.629
2525,8.015,2.504
2526,7.973,2.508
2527,8.105,2.474
2528,7.912,2.486
2529,7.909,2.540
2530,7.977,2.647
2531,8.092,2.643
2532,8.040,2.635
2533,8.021,2.662
2534,8.072,2.607
2535,8.061,2.509
2536,8.356,2.576
2537,8.469,2.632
2538,8.517,2.519
2539,8.478,2.510
2540,8.632,2.580
2541,8.504,2.633
2542,8.412,2.568
2543,8.505,2.517
2544,8.508,2.571
2545,8.454,2.635
2546,8.331,2.596
2547,8.358,2.637
2548,8.317,2.579
2549,8.412,2.566
2550,8.441,2.791
2551,8.445,2.786
2552,8.464,2.716
2553,8.308,2.730
2554,8.466,2.697
2555,8.443,2.748
2556,8.360,2.800
2557,8.396,2.762
2558,8.355,2.736
2559,8.514,2.821
2560,8.595,2.803
2561,8.756,2.854
2562,8.655,2.900
2563,8.675,2.699
2564,8.463,2.761
2565,8.533,2.769
2566,8.645,3.012
2567,8.655,2.958
2568,8.413,2.933
2569,8.344,2.943
2570,8.518,2.868
2571,8.477,2.910
2572,8.413,2.764
2573,8.514,2.848
2574,8.337,2.893
2575,8.291,2.876
2576,8.279,2.833
2577,8.309,2.707
2578,8.320,2.711
2579,8.341,2.803
2580,8.277,2.761
2581,8.235,2.738
2582,8.321,2.785
2583,8.294,2.649
2584,8.425,2.743
2585,8.421,2.665
2586,8.376,2.700
2587,8.470,2.547
2588,8.592,2.574
2589,8.402,2.679
2590,8.450,2.660
2591,8.320,2.648
2592,8.430,2.707
2593,8.419,2.771
2594,8.517,2.837
2595,8.581,2.820
2596,8.554,2.872
2597,8.522,2.758
2598,8.497,2.750
2599,8.577,2.747
2600,8.430,2.659
2601,8.582,2.595
2602,8.684,2.535
2603,8.779,2.701
2604,8.642,2.635
2605,8.670,2.596
2606,9.087,2.577
2607,9.169,2.645
2608,9.184,2.723
2609,9.166,2.650
2610,9.175,2.752
2611,9.141,2.720
2612,9.262,2.676
2613,9.331,2.690
2614,9.276,2.725
2615,9.189,2.696
2616,9.294,2.668
2617,9.273,2.721
2618,9.163,2.695
2619,9.162,2.637
2620,9.277,2.663
2621,9.258,2.608
2622,9.127,2.646
2623,9.306,2.572
2624,8.439,2.483
2625,8.547,2.612
2626,8.589,2.626
2627,8.488,2.516
2628,8.581,2.641
2629,8.683,2.653
2630,8.748,2.768
2631,8.742,2.622
2632,8.800,2.642
2633,8.643,2.706
2634,8.491,2.660
2635,8.558,2.722
2636,8.682,2.710
2637,8.673,2.758
2638,8.601,2.703
2639,8.532,2.765
2640,8.607,2.677
2641,8.711,2.617
2642,8.610,2.587
2643,7.049,2.521
2644,8.235,2.527
2645,8.332,2.630
2646,8.458,2.636
2647,6.925,2.542
2648,6.963,2.522
2649,8.518,2.569
2650,7.125,2.430
2651,7.197,2.540
2652,7.164,2.573
2653,7.351,2.669
2654,7.170,2.563
2655,7.248,2.659
2656,7.307,2.687
2657,7.330,2.653
2658,7.281,2.625
2659,7.199,2.579
2660,7.166,2.559
2661,7.234,2.611
2662,7.192,2.564
2663,7.086,2.489
2664,6.939,2.518
2665,6.994,2.550
2666,6.987,2.485
2667,7.242,2.567
2668,7.144,2.638
2669,7.246,2.597
2670,7.320,2.583
2671,7.289,2.624
2672,7.280,2.617
2673,7.177,2.587
2674,7.016,2.544
2675,6.963,2.618
2676,7.135,2.599
2677,7.072,2.633
2678,6.853,2.440
2679,6.914,2.527
2680,6.914,2.567
2681,6.865,2.655
2682,6.912,2.700
2683,7.148,2.624
2684,7.068,2.681
2685,6.959,2.634
2686,7.007,2.560
2687,6.987,2.584
2688,8.352,2.624
2689,8.234,2.503
2690,8.249,2.486
2691,8.227,2.564
2692,8.409,2.564
2693,8.379,2.719
2694,8.346,2.580
2695,8.288,2.512
2696,6.741,2.526
2697,6.736,2.578
2698,6.814,2.417
2699,6.938,2.494
2700,7.243,2.642
2701,7.264,2.663
2702,7.155,2.647
2703,7.162,2.469
2704,7.053,2.569
2705,7.007,2.658
2706,6.978,2.624
2707,7.006,2.688
2708,6.981,2.695
2709,7.000,2.710
2710,7.015,2.767
2711,7.070,2.740
2712,6.956,2.554
2713,6.821,2.521
2714,6.949,2.550
2715,6.796,2.475
2716,6.808,2.414
2717,7.009,2.560
2718,6.924,2.633
2719,7.194,2.614
2720,6.956,2.771
2721,6.874,2.627
2722,7.021,2.623
2723,6.953,2.610
2724,7.245,2.705
2725,7.280,2.702
2726,7.118,2.728
2727,7.226,2.681
2728,7.222,2.616
2729,7.339,2.577
2730,7.250,2.667
2731,7.316,2.656
2732,7.345,2.509
2733,7.223,2.655
2734,7.348,2.607
2735,7.377,2.735
2736,7.452,2.669
2737,7.345,2.641
2738,7.323,2.695
2739,7.198,2.676
2740,7.232,2.614
2741,7.174,2.602
2742,7.232,2.662
2743,7.211,2.746
2744,7.254,2.797
2745,7.183,2.775
2746,7.097,2.812
2747,7.101,2.698
2748,7.057,2.608
2749,7.128,2.750
2750,6.946,2.715
2751,6.924,2.667
2752,21.527,2.626
2753,21.518,2.712
2754,6.883,2.638
2755,6.844,2.634
2756,6.827,2.637
2757,6.844,2.684
2758,6.852,2.684
2759,6.920,2.638
2760,7.000,2.859
2761,7.002,2.753
2762,6.939,2.683
2763,6.931,2.711
2764,7.098,2.659
2765,7.124,2.622
2766,7.224,2.639
2767,7.096,2.616
2768,6.998,2.598
2769,7.064,2.628
2770,6.998,2.690
2771,7.095,2.706
2772,7.128,2.656
2773,7.125,2.548
2774,7.166,2.568
2775,7.269,2.670
2776,7.251,2.677
2777,7.088,2.596
2778,7.041,2.576
2779,6.987,2.544
2780,6.949,2.631
2781,6.856,2.622
2782,6.886,2.585
2783,7.070,2.540
2784,21.387,2.498
2785,6.908,2.513
2786,6.955,2.536
2787,6.854,2.528
2788,6.863,2.537
2789,6.902,2.531
2790,6.913,2.540
2791,21.586,2.475
2792,21.570,2.514
2793,21.659,2.638
2794,21.714,2.692
2795,21.686,2.654
2796,21.594,2.564
2797,21.529,2.648
2798,21.413,2.521
2799,21.650,2.550
2800,21.696,2.619
2801,21.701,2.573
2802,21.677,2.530
2803,7.231,2.528
2804,7.167,2.484
2805,21.663,2.582
2806,21.738,2.643
2807,7.327,2.683
2808,21.717,2.697
2809,21.643,2.760
2810,21.677,2.813
2811,21.853,2.833
2812,21.820,2.694
2813,21.825,2.627
2814,7.527,2.643
2815,21.798,2.786
2816,21.637,2.698
2817,21.467,2.709
2818,21.640,2.688
2819,21.770,2.643
2820,21.736,2.624
2821,21.844,2.826
2822,21.834,2.743
2823,21.875,2.682
2824,21.732,2.680
2825,21.642,2.681
2826,21.648,2.572
2827,21.789,2.647
2828,21.747,2.658
2829,21.682,2.666
2830,21.756,2.621
2831,21.747,2.683
2832,21.676,2.630
2833,21.699,2.690
2834,21.586,2.679
2835,21.513,2.557
2836,21.438,2.635
2837,21.410,2.702
2838,21.530,2.689
2839,21.545,2.575
2840,21.540,2.612
2841,21.618,2.715
2842,21.632,2.806
2843,21.567,2.623
2844,21.512,2.666
2845,21.295,2.637
2846,21.517,2.747
2847,21.441,2.681
2848,21.425,2.776
2849,21.775,2.776
2850,21.879,2.846
2851,21.877,2.692
2852,7.710,2.818
2853,7.611,2.678
2854,7.690,2.642
2855,22.030,2.699
2856,21.922,2.661
2857,21.842,2.713
2858,21.712,2.747
2859,21.882,2.735
2860,21.670,2.845
2861,21.738,2.889
2862,21.568,2.851
2863,21.755,2.830
2864,7.750,2.796
2865,7.734,2.834
2866,7.652,2.779
2867,7.666,2.785
2868,21.730,2.694
2869,21.752,2.884
2870,21.725,2.948
2871,21.636,2.919
2872,21.505,2.928
2873,21.525,2.936
2874,21.582,2.805
2875,21.606,2.742
2876,21.718,2.808
2877,21.776,2.796
2878,21.709,2.783
2879,21.769,2.752
2880,21.753,2.720
2881,21.768,2.818
2882,21.848,2.824
2883,21.784,2.921
2884,21.774,2.969
2885,21.904,2.995
2886,21.827,2.856
2887,21.780,2.952
2888,21.770,2.782
2889,21.671,2.897
2890,21.638,2.917
2891,21.547,2.987
2892,21.512,3.041
2893,21.517,2.918
2894,21.578,2.834
2895,21.566,2.798
2896,21.668,2.792
2897,21.723,2.869
2898,21.671,2.715
2899,21.642,2.725
2900,21.668,2.717
2901,21.648,2.678
2902,21.797,2.742
2903,21.974,2.764
2904,22.015,2.781
2905,21.936,2.653
2906,21.864,2.660
2907,21.893,2.691
2908,21.832,2.726
2909,21.821,2.796
2910,21.852,2.810
2911,21.868,2.832
2912,21.900,2.959
2913,21.844,2.934
2914,21.928,2.876
2915,21.978,2.956
2916,6.862,2.840
2917,6.988,2.909
2918,7.083,2.904
2919,7.059,2.970
2920,21.886,2.868
2921,21.768,2.988
2922,21.859,2.946
2923,21.883,2.874
2924,7.082,2.882
2925,21.935,2.807
2926,21.930,2.946
2927,21.903,2.800
2928,7.033,2.800
2929,22.031,2.827
2930,21.939,2.809
2931,21.999,2.817
2932,7.222,2.873
2933,7.152,2.829
2934,21.886,2.840
2935,21.879,2.948
2936,21.921,3.002
2937,7.044,2.950
2938,6.906,2.953
2939,6.911,2.886
2940,7.006,3.091
2941,6.905,2.845
2942,6.921,3.003
2943,6.896,2.957
2944,6.829,2.830
2945,21.678,2.880
2946,21.799,2.941
2947,6.944,2.924
2948,6.948,2.938
2949,7.061,2.949
2950,7.143,2.986
2951,6.964,2.846
2952,7.041,2.832
2953,7.099,2.875
2954,21.823,2.833
2955,21.851,2.723
2956,21.791,2.717
2957,21.773,2.803
2958,22.255,2.963
2959,22.047,2.901
2960,21.907,2.987
2961,21.974,2.984
2962,21.536,2.885
2963,21.554,2.683
2964,21.332,2.827
2965,21.871,2.875
2966,21.812,2.664
2967,21.912,2.758
2968,22.023,2.705
2969,8.022,2.830
2970,8.305,2.884
2971,8.304,2.779
2972,8.288,2.925
2973,8.144,2.931
2974,8.053,2.825
2975,22.096,2.967
2976,22.208,3.023
2977,22.131,2.987
2978,22.122,2.994
2979,22.156,2.982
2980,22.142,2.978
2981,22.163,2.819
2982,7.969,2.767
2983,8.091,2.823
2984,7.713,2.774
2985,7.691,2.814
2986,21.969,2.841
2987,22.122,2.916
2988,22.159,2.877
2989,22.025,2.973
2990,22.079,2.755
2991,22.137,2.775
2992,22.034,2.798
2993,22.134,2.731
2994,22.119,2.875
2995,22.046,2.758
2996,22.038,2.799
2997,22.062,2.800
2998,22.138,2.824
2999,21.936,2.687
3000,22.122,2.716
3001,21.970,2.856
3002,21.976,2.860
3003,21.913,2.889
3004,21.834,2.804
3005,21.952,2.749
3006,22.051,2.745
3007,22.143,2.759
3008,22.123,2.832
3009,22.194,2.805
3010,22.295,2.842
3011,22.142,2.707
3012,22.093,2.697
3013,22.418,2.757
3014,22.494,2.871
3015,22.280,2.840
3016,22.198,2.779
3017,22.241,2.732
3018,22.372,2.750
3019,22.173,2.753
3020,22.315,2.767
3021,21.962,2.866
3022,21.971,2.903
3023,21.901,2.941
3024,22.256,2.956
3025,22.392,2.798
3026,21.971,2.716
3027,22.532,2.782
3028,22.295,2.787
3029,22.370,2.893
3030,22.291,2.871
3031,22.341,2.898
3032,22.414,2.746
3033,22.136,2.693
3034,22.196,2.627
3035,22.251,2.791
3036,22.278,2.682
3037,21.910,2.798
3038,21.904,2.856
3039,22.373,2.789
3040,22.402,2.738
3041,22.115,2.817
3042,22.152,2.781
3043,22.138,2.739
3044,22.238,2.812
3045,8.344,2.727
3046,9.210,2.648
3047,9.136,2.798
3048,9.027,2.730
3049,9.165,2.719
3050,9.144,2.823
3051,22.670,2.608
3052,22.438,2.639
3053,8.659,2.660
3054,8.756,2.759
3055,22.381,2.660
3056,22.340,2.667
3057,22.519,2.616
3058,22.468,2.685
3059,22.113,2.586
3060,22.097,2.609
3061,8.420,2.706
3062,22.034,2.659
3063,22.079,2.639
3064,22.153,2.601
3065,22.117,2.577
3066,22.162,2.631
3067,22.278,2.727
3068,22.211,2.641
3069,21.736,2.721
3070,21.900,2.784
3071,21.902,2.711
3072,21.967,2.699
3073,22.373,2.826
3074,22.009,2.743
3075,21.994,2.883
3076,21.961,2.802
3077,22.001,2.957
3078,7.839,2.905
3079,7.982,2.879
3080,22.149,2.871
3081,22.103,2.784
3082,22.143,2.777
3083,22.046,2.747
3084,21.823,2.668
3085,21.999,2.691
3086,22.131,2.792
3087,21.897,2.727
3088,21.980,2.790
3089,21.997,2.736
3090,22.008,2.793
3091,22.147,2.707
3092,22.054,2.717
3093,22.181,2.766
3094,22.027,2.775
3095,22.013,2.655
3096,21.961,2.594
3097,21.915,2.722
3098,21.956,2.638
3099,21.910,2.670
3100,22.024,2.741
3101,22.040,2.763
3102,21.889,2.716
3103,21.959,2.791
3104,22.081,2.924
3105,21.736,2.837
3106,21.706,2.742
3107,22.035,2.956
3108,22.010,2.811
3109,22.110,2.741
3110,8.646,2.888
3111,22.029,2.823
3112,21.979,2.912
3113,21.603,2.852
3114,21.464,2.911
3115,21.577,2.735
3116,21.501,2.810
3117,21.445,2.871
3118,21.362,2.888
3119,21.522,2.913
3120,22.018,2.792
3121,21.639,2.869
3122,22.072,2.891
3123,21.678,2.853
3124,21.669,2.884
3125,21.573,2.890
3126,21.436,2.846
3127,21.408,2.780
3128,21.520,2.782
3129,7.249,2.899
3130,7.146,2.867
3131,7.168,2.916
3132,21.951,2.771
3133,7.724,2.797
3134,7.817,2.865
3135,21.882,2.763
3136,22.048,2.831
3137,21.845,2.791
3138,21.626,2.746
3139,21.745,2.724
3140,7.229,2.829
3141,7.055,2.773
3142,8.026,2.797
3143,8.035,2.817
3144,8.144,2.921
3145,21.782,2.852
3146,21.737,2.843
3147,21.649,2.884
3148,7.192,2.908
3149,7.105,2.944
3150,7.097,2.926
3151,7.194,2.882
3152,7.186,2.739
3153,7.210,2.879
3154,7.108,2.811
3155,8.182,2.919
3156,8.061,2.905
3157,8.154,2.839
3158,8.241,2.836
3159,8.112,2.749
3160,8.249,2.739
3161,8.159,2.937
3162,8.093,2.886
3163,8.041,2.990
3164,7.983,3.144
3165,7.964,2.857
3166,7.989,2.857
3167,7.951,2.869
3168,7.938,3.091
3169,7.808,2.931
3170,7.828,2.937
3171,7.827,2.849
3172,6.899,2.817
3173,6.846,2.822
3174,6.912,3.000
3175,6.950,3.070
3176,6.976,3.039
3177,6.828,2.923
3178,6.836,2.914
3179,7.025,2.855
3180,8.067,2.800
3181,7.838,2.817
3182,7.800,2.679
3183,7.788,2.704
3184,6.886,2.689
3185,6.925,2.676
3186,6.946,2.653
3187,6.955,2.734
3188,7.844,2.703
3189,7.985,2.764
3190,7.892,2.662
3191,7.938,2.649
3192,8.153,2.628
3193,8.071,2.681
3194,8.012,2.663
3195,7.727,2.565
3196,7.691,2.580
3197,7.683,2.596
3198,7.674,2.726
3199,7.816,2.708
3200,7.712,2.604
3201,7.922,2.679
3202,7.999,2.682
3203,7.959,2.644
3204,7.809,2.667
3205,7.696,2.637
3206,7.761,2.628
3207,7.976,2.701
3208,7.869,2.552
3209,7.817,2.642
3210,7.599,2.595
3211,7.872,2.746
3212,7.788,2.609
3213,7.892,2.673
3214,7.831,2.728
3215,7.867,2.895
3216,7.813,2.717
3217,7.925,2.756
3218,8.051,2.752
3219,7.941,2.768
3220,8.078,2.659
3221,8.094,2.771
3222,9.121,2.703
3223,8.970,2.696
3224,8.061,2.636
3225,8.044,2.712
3226,8.321,2.736
3227,9.020,2.763
3228,8.082,2.668
3229,7.928,2.828
3230,7.908,2.717
3231,7.922,2.652
3232,7.842,2.628
3233,7.855,2.623
3234,7.971,2.600
3235,7.900,2.581
3236,7.936,2.642
3237,7.948,2.591
3238,8.699,2.677
3239,7.818,2.608
3240,7.841,2.572
3241,7.737,2.537
3242,7.802,2.584
3243,7.859,2.574
3244,7.937,2.479
3245,7.987,2.561
3246,8.100,2.632
3247,8.155,2.601
3248,8.176,2.641
3249,8.048,2.568
3250,7.939,2.613
3251,7.820,2.521
3252,7.750,2.530
3253,7.898,2.604
3254,7.835,2.492
3255,7.896,2.591
3256,7.816,2.637
3257,7.987,2.767
3258,8.052,2.794
3259,7.711,2.705
3260,7.802,2.693
3261,7.917,2.883
3262,7.733,2.727
3263,7.807,2.838
3264,7.879,2.844
3265,7.864,2.841
3266,7.793,2.676
3267,8.740,2.631
3268,8.701,2.589
3269,8.700,2.586
3270,8.758,2.637
3271,8.860,2.663
3272,8.915,2.588
3273,8.715,2.556
3274,8.618,2.668
3275,8.621,2.692
3276,8.679,2.727
3277,8.601,2.697
3278,8.618,2.597
3279,8.436,2.610
3280,8.398,2.601
3281,8.432,2.623
3282,8.355,2.568
3283,8.474,2.612
3284,8.385,2.629
3285,8.522,2.649
3286,8.505,2.578
3287,22.231,2.600
3288,8.551,2.713
3289,8.563,2.699
3290,8.594,2.755
3291,8.549,2.622
3292,8.706,2.634
3293,8.874,2.703
3294,8.924,2.689
3295,8.780,2.632
3296,8.915,2.598
3297,8.916,2.513
3298,8.835,2.590
3299,8.911,2.614
3300,9.018,2.683
3301,8.154,2.663
3302,8.067,2.684
3303,9.028,2.677
3304,9.065,2.742
3305,8.952,2.737
3306,9.177,2.619
3307,9.112,2.660
3308,8.982,2.617
3309,8.926,2.641
3310,8.780,2.666
3311,8.658,2.718
3312,8.738,2.638
3313,8.843,2.683
3314,8.767,2.889
3315,8.734,2.634
3316,8.850,2.657
3317,8.735,2.656
3318,8.891,2.636
3319,8.829,2.628
3320,8.836,2.576
3321,8.709,2.527
3322,8.643,2.558
3323,22.194,2.633
3324,22.216,2.646
3325,8.760,2.619
3326,8.758,2.510
3327,8.863,2.531
3328,8.885,2.550
3329,9.079,2.668
3330,9.269,2.689
3331,22.255,2.701
3332,22.329,2.764
3333,22.212,2.637
3334,22.208,2.582
3335,22.152,2.670
3336,8.925,2.615
3337,8.861,2.646
3338,8.743,2.617
3339,8.914,2.596
3340,8.823,2.576
3341,8.986,2.492
3342,8.903,2.532
3343,8.876,2.484
3344,22.077,2.452
3345,8.831,2.435
3346,21.985,2.568
3347,8.626,2.563
3348,8.696,2.590
3349,21.935,2.595
3350,8.691,2.546
3351,21.841,2.648
3352,21.786,2.581
3353,21.802,2.764
3354,8.493,2.700
3355,8.447,2.704
3356,8.505,2.702
3357,8.467,2.676
3358,8.371,2.633
3359,8.335,2.598
3360,8.263,2.661
3361,8.326,2.675
3362,8.455,2.682
3363,8.182,2.571
3364,8.211,2.574
3365,8.387,2.622
3366,8.391,2.629
3367,8.457,2.592
3368,8.293,2.494
3369,8.569,2.470
3370,8.596,2.616
3371,8.686,2.605
3372,8.684,2.501
3373,8.611,2.588
3374,8.559,2.527
3375,8.600,2.558
3376,8.729,2.593
3377,8.678,2.518
3378,8.924,2.574
3379,8.820,2.531
3380,8.868,2.556
3381,8.227,2.552
3382,9.151,2.657
3383,9.220,2.554
3384,9.341,2.724
3385,9.257,2.569
3386,8.365,2.543
3387,9.066,2.522
3388,8.274,2.530
3389,8.264,2.520
3390,8.291,2.576
3391,8.346,2.621
3392,8.460,2.686
3393,8.479,2.732
3394,8.342,2.795
3395,8.436,2.635
3396,9.239,2.773
3397,9.032,2.764
3398,9.180,2.724
3399,8.428,2.628
3400,9.149,2.687
3401,9.100,2.679
3402,9.032,2.572
3403,8.898,2.489
3404,8.736,2.662
3405,8.944,2.753
3406,8.883,2.721
3407,8.984,2.637
3408,8.932,2.617
3409,8.832,2.612
3410,8.797,2.611
3411,8.760,2.657
3412,8.687,2.541
3413,8.675,2.666
3414,8.794,2.653
3415,8.681,2.624
3416,8.805,2.649
3417,8.710,2.638
3418,8.733,2.710
3419,8.753,2.699
3420,8.768,2.675
3421,8.747,2.742
3422,8.586,2.639
3423,8.474,2.528
3424,8.479,2.643
3425,8.555,2.682
3426,8.461,2.579
3427,8.483,2.615
3428,8.480,2.688
3429,8.719,2.755
3430,8.771,2.624
3431,8.804,2.573
3432,8.071,2.693
3433,8.264,2.679
3434,8.409,2.648
3435,8.307,2.661
3436,8.485,2.705
3437,8.325,2.705
3438,9.185,2.692
3439,8.401,2.778
3440,9.073,2.624
3441,8.250,2.591
3442,8.320,2.637
3443,8.309,2.615
3444,8.222,2.612
3445,8.377,2.537
3446,8.451,2.531
3447,8.110,2.533
3448,8.050,2.603
3449,8.189,2.553
3450,7.989,2.546
3451,7.875,2.518
3452,7.752,2.645
3453,7.845,2.535
3454,7.845,2.626
3455,7.893,2.583
3456,7.652,2.624
3457,7.672,2.554
3458,7.826,2.587
3459,8.625,2.640
3460,7.843,2.537
3461,8.569,2.588
3462,8.564,2.474
3463,8.517,2.618
3464,8.468,2.474
3465,8.683,2.458
3466,8.760,2.484
3467,8.874,2.534
3468,8.872,2.575
3469,8.907,2.681
3470,8.842,2.689
3471,8.690,2.634
3472,8.889,2.623
3473,8.796,2.558
3474,8.910,2.627
3475,8.926,2.612
3476,8.941,2.572
3477,8.847,2.608
3478,8.916,2.662
3479,8.829,2.647
3480,8.725,2.597
3481,8.615,2.602
3482,8.757,2.590
3483,8.939,2.643
3484,8.976,2.648
3485,8.961,2.547
3486,8.932,2.796
3487,9.041,2.677
3488,9.037,2.675
3489,8.948,2.670
3490,8.924,2.837
3491,9.040,2.740
3492,9.063,2.743
3493,9.027,2.703
3494,9.089,2.788
3495,8.192,2.698
3496,8.080,2.661
3497,8.335,2.723
3498,8.251,2.694
3499,8.182,2.658
3500,8.026,2.573
3501,8.116,2.535
3502,8.029,2.660
3503,8.053,2.721
3504,7.945,2.710
3505,8.048,2.816
3506,8.055,2.724
3507,8.052,2.681
3508,8.015,2.798
3509,7.912,2.665
3510,7.893,2.665
3511,8.013,2.770
3512,7.998,2.686
3513,7.815,2.668
3514,7.965,2.731
3515,8.031,2.689
3516,7.986,2.669
3517,7.855,2.673
3518,7.945,2.638
3519,7.832,2.568
3520,7.803,2.628
3521,7.800,2.628
3522,7.774,2.802
3523,8.755,2.699
3524,8.691,2.735
3525,7.582,2.692
3526,7.788,2.683
3527,7.696,2.694
3528,8.612,2.657
3529,8.652,2.719
3530,8.694,2.755
3531,8.646,2.711
3532,8.622,2.742
3533,8.592,2.709
3534,8.566,2.748
3535,8.623,2.824
3536,8.658,2.681
3537,8.558,2.672
3538,8.442,2.691
3539,8.518,2.694
3540,8.422,2.700
3541,8.413,2.653
3542,8.401,2.618
3543,8.286,2.603
3544,8.328,2.614
3545,8.462,2.598
3546,8.331,2.488
3547,8.436,2.624
3548,8.430,2.697
3549,8.508,2.610
3550,8.603,2.693
3551,8.574,2.610
3552,8.555,2.479
3553,8.533,2.558
3554,8.631,2.595
3555,8.730,2.586
3556,8.709,2.564
3557,8.899,2.651
3558,7.861,2.641
3559,7.804,2.644
3560,7.765,2.592
3561,7.720,2.576
3562,7.690,2.477
3563,7.682,2.489
3564,7.640,2.535
3565,8.543,2.576
3566,8.446,2.593
3567,8.432,2.599
3568,8.281,2.653
3569,8.523,2.644
3570,8.456,2.718
3571,8.550,2.684
3572,8.417,2.597
3573,8.616,2.752
3574,8.645,2.700
3575,8.641,2.587
3576,8.716,2.622
3577,8.555,2.611
3578,8.523,2.551
3579,8.638,2.554
3580,8.636,2.448
3581,8.572,2.458
3582,8.626,2.448
3583,8.503,2.408
3584,8.394,2.394
3585,8.525,2.385
3586,8.609,2.429
3587,8.627,2.525
3588,8.597,2.512
3589,8.408,2.504
3590,8.527,2.478
3591,8.545,2.515
3592,8.486,2.540
3593,8.332,2.433
3594,8.284,2.368
3595,8.205,2.569
3596,8.329,2.465
3597,8.425,2.449
3598,8.482,2.385
3599,8.516,2.459
3600,8.536,2.454
3601,8.369,2.330
3602,8.454,2.363
3603,8.500,2.397
3604,8.428,2.427
3605,8.373,2.410
3606,8.341,2.364
3607,8.519,2.422
3608,8.572,2.494
3609,8.472,2.496
3610,8.502,2.559
3611,8.710,2.579
3612,8.785,2.584
3613,8.584,2.571
3614,8.547,2.565
3615,8.607,2.546
3616,8.389,2.523
3617,8.642,2.480
3618,8.614,2.435
3619,8.787,2.524
3620,8.803,2.537
3621,8.809,2.530
3622,8.667,2.597
3623,8.845,2.492
3624,9.042,2.545
3625,22.078,2.516
3626,22.098,2.453
3627,22.148,2.602
3628,9.270,2.521
3629,21.973,2.446
3630,22.051,2.402
3631,21.949,2.542
3632,22.045,2.475
3633,21.998,2.581
3634,21.986,2.575
3635,22.063,2.490
3636,22.054,2.534
3637,21.987,2.493
3638,21.794,2.531
3639,21.755,2.512
3640,21.816,2.513
3641,21.596,2.505
3642,21.746,2.508
3643,21.617,2.483
3644,21.573,2.467
3645,21.522,2.446
3646,21.551,2.504
3647,21.738,2.536
3648,21.915,2.489
3649,21.883,2.457
3650,21.983,2.474
3651,22.118,2.533
3652,22.123,2.377
3653,21.988,2.361
3654,21.900,2.326
3655,21.860,2.426
3656,21.972,2.512
3657,21.882,2.457
3658,21.794,2.525
3659,21.809,2.484
3660,21.888,2.474
3661,21.918,2.494
3662,22.049,2.585
3663,22.130,2.542
3664,22.249,2.545
3665,22.315,2.552
3666,22.288,2.559
3667,22.222,2.451
3668,22.298,2.510
3669,22.520,2.423
3670,22.476,2.442
3671,22.333,2.593
3672,22.383,2.491
3673,22.281,2.492
3674,22.291,2.438
3675,22.296,2.551
3676,22.163,2.518
3677,22.319,2.519
3678,22.164,2.436
3679,22.274,2.408
3680,22.402,2.478
3681,22.379,2.438
3682,22.305,2.453
3683,22.289,2.586
3684,22.184,2.500
3685,22.015,2.445
3686,22.094,2.416
3687,22.212,2.490
3688,21.847,2.445
3689,21.796,2.536
3690,21.874,2.488
3691,21.864,2.511
3692,21.880,2.530
3693,21.907,2.466
3694,21.950,2.596
3695,21.909,2.584
3696,21.731,2.500
3697,21.961,2.537
3698,21.948,2.423
3699,21.863,2.468
3700,21.902,2.442
3701,22.016,2.515
3702,21.944,2.503
3703,22.020,2.542
3704,22.065,2.594
3705,22.126,2.588
3706,22.181,2.582
3707,22.147,2.570
3708,22.208,2.526
3709,22.195,2.484
3710,22.150,2.404
3711,22.103,2.511
3712,22.339,2.422
3713,22.368,2.378
3714,22.312,2.500
3715,22.258,2.519
3716,22.260,2.509
3717,22.130,2.630
3718,22.005,2.643
3719,21.956,2.630
3720,22.045,2.527
3721,22.240,2.453
3722,22.266,2.486
3723,22.277,2.555
3724,22.288,2.576
3725,22.295,2.542
3726,22.223,2.496
3727,22.289,2.536
3728,22.454,2.588
3729,22.347,2.619
3730,22.613,2.524
3731,22.532,2.508
3732,22.707,2.471
3733,22.527,2.474
3734,22.479,2.467
3735,22.219,2.576
3736,22.381,2.636
3737,22.356,2.574
3738,22.193,2.689
3739,22.302,2.635
3740,22.386,2.528
3741,21.804,2.603
3742,21.801,2.607
3743,22.135,2.590
3744,21.642,2.629
3745,21.574,2.649
3746,21.650,2.548
3747,21.654,2.542
3748,21.802,2.605
3749,21.860,2.562
3750,21.783,2.661
3751,21.773,2.596
3752,21.828,2.566
3753,21.670,2.522
3754,21.713,2.591
3755,21.715,2.540
3756,21.686,2.615
3757,21.698,2.572
3758,21.597,2.640
3759,21.634,2.628
3760,21.583,2.684
3761,21.581,2.561
3762,21.402,2.503
3763,21.372,2.549
3764,21.390,2.479
3765,21.247,2.575
3766,21.481,2.511
3767,21.366,2.553
3768,21.337,2.652
3769,21.308,2.609
3770,21.419,2.683
3771,21.207,2.528
3772,21.130,2.546
3773,21.145,2.573
3774,21.118,2.619
3775,21.185,2.622
3776,21.231,2.585
3777,21.241,2.482
3778,21.364,2.601
3779,21.267,2.537
3780,21.305,2.566
3781,21.371,2.549
3782,21.418,2.464
3783,21.351,2.473
3784,21.293,2.505
3785,21.255,2.536
3786,21.265,2.564
3787,21.436,2.566
3788,21.344,2.568
3789,21.297,2.529
3790,21.281,2.589
3791,21.371,2.569
3792,21.235,2.619
3793,21.315,2.568
3794,21.318,2.709
3795,21.128,2.604
3796,21.258,2.619
3797,21.308,2.495
3798,21.340,2.515
3799,21.391,2.570
3800,21.434,2.614
3801,21.464,2.612
3802,21.462,2.561
3803,21.267,2.582
3804,21.318,2.662
3805,21.284,2.558
3806,21.289,2.570
3807,21.258,2.504
3808,21.313,2.456
3809,21.231,2.383
3810,21.137,2.506
3811,21.067,2.482
3812,20.956,2.542
3813,20.805,2.616
3814,20.814,2.685
3815,20.700,2.671
3816,20.705,2.542
3817,20.656,2.450
3818,20.702,2.515
3819,20.640,2.535
3820,20.757,2.437
3821,20.583,2.623
3822,20.504,2.599
3823,20.541,2.586
3824,20.700,2.584
3825,20.696,2.521
3826,20.711,2.558
3827,20.644,2.535
3828,20.552,2.428
3829,20.650,2.384
3830,20.654,2.411
3831,20.516,2.452
3832,20.553,2.500
3833,20.540,2.519
3834,20.659,2.513
3835,20.619,2.539
3836,20.681,2.630
3837,20.715,2.564
3838,20.485,2.564
3839,20.593,2.632
3840,20.629,2.686
3841,20.444,2.722
3842,20.505,2.728
3843,20.612,2.729
3844,20.396,2.646
3845,20.668,2.676
3846,20.723,2.573
3847,20.808,2.614
3848,20.579,2.741
3849,20.564,2.745
3850,20.508,2.686
3851,20.566,2.712
3852,20.545,2.682
3853,20.550,2.705
3854,20.608,2.813
3855,20.747,2.775
3856,20.899,2.731
3857,20.798,2.664
3858,20.925,2.675
3859,20.963,2.576
3860,21.021,2.637
3861,21.089,2.568
3862,20.925,2.671
3863,20.892,2.634
3864,21.026,2.604
3865,21.078,2.631
3866,20.897,2.526
3867,20.835,2.656
3868,20.855,2.725
3869,20.883,2.574
3870,20.786,2.584
3871,20.907,2.627
3872,20.950,2.578
3873,20.998,2.510
3874,21.105,2.656
3875,21.011,2.671
3876,20.974,2.643
3877,20.994,2.608
3878,20.985,2.779
3879,21.015,2.646
3880,21.073,2.627
3881,21.187,2.631
3882,21.185,2.683
3883,21.138,2.919
3884,21.291,2.736
3885,21.289,2.644
3886,21.293,2.765
3887,21.101,2.678
3888,21.121,2.600
3889,21.137,2.627
3890,21.123,2.646
3891,21.284,2.791
3892,21.289,2.713
3893,21.160,2.696
3894,20.944,2.668
3895,20.907,2.683
3896,20.908,2.811
3897,20.911,2.825
3898,20.986,2.689
3899,20.934,2.850
3900,20.877,2.824
3901,21.010,2.772
3902,20.803,2.861
3903,21.005,2.818
3904,21.055,2.787
3905,21.049,2.791
3906,21.175,2.784
3907,21.067,2.839
3908,21.004,2.679
3909,20.991,2.770
3910,21.213,2.742
3911,21.234,2.681
3912,21.153,2.721
3913,21.165,2.687
3914,21.413,2.593
3915,21.306,2.623
3916,21.389,2.648
3917,21.365,2.688
3918,21.391,2.717
3919,21.401,2.767
3920,21.447,2.735
3921,21.468,2.706
3922,21.333,2.672
3923,21.292,2.843
3924,21.323,2.688
3925,21.303,2.732
3926,21.271,2.621
3927,21.093,2.586
3928,21.256,2.632
3929,21.333,2.547
3930,21.349,2.568
3931,21.362,2.542
3932,21.369,2.602
3933,21.512,2.680
3934,21.563,2.580
3935,21.452,2.536
3936,21.424,2.522
3937,21.371,2.617
3938,21.454,2.571
3939,21.371,2.654
3940,21.502,2.708
3941,21.482,2.753
3942,21.497,2.718
3943,21.460,2.652
3944,21.462,2.721
3945,21.423,2.681
3946,21.612,2.630
3947,21.575,2.559
3948,21.576,2.498
3949,21.513,2.548
3950,21.596,2.481
3951,21.673,2.556
3952,21.735,2.670
3953,21.560,2.623
3954,21.641,2.633
3955,21.560,2.682
3956,21.422,2.760
3957,21.380,2.725
3958,21.402,2.716
3959,21.425,2.703
3960,21.370,2.711
3961,21.431,2.656
3962,21.293,2.603
3963,21.302,2.719
3964,21.470,2.756
3965,21.357,2.685
3966,21.391,2.739
3967,21.453,2.775
3968,21.451,2.587
3969,21.427,2.744
3970,21.448,2.714
3971,21.598,2.765
3972,21.542,2.607
3973,21.511,2.688
3974,21.399,2.690
3975,21.338,2.616
3976,21.366,2.666
3977,21.428,2.718
3978,21.543,2.692
3979,21.074,2.723
3980,21.601,2.749
3981,21.559,2.597
3982,21.559,2.738
3983,21.650,2.584
3984,21.735,2.568
3985,21.726,2.588
3986,21.758,2.527
3987,21.644,2.554
3988,21.675,2.480
3989,21.758,2.457
3990,21.789,2.512
3991,21.759,2.458
3992,21.797,2.549
3993,21.795,2.593
3994,21.783,2.630
3995,21.526,2.631
3996,21.535,2.632
3997,21.586,2.551
3998,21.625,2.669
3999,21.581,2.703
4000,21.530,2.587
4001,21.655,2.672
4002,21.885,2.744
4003,21.841,2.782
4004,22.007,2.800
4005,21.956,2.754
4006,21.907,2.749
4007,21.830,2.688
4008,21.857,2.659
4009,22.002,2.611
4010,21.955,2.746
4011,22.044,2.923
4012,22.001,2.811
4013,22.049,2.812
4014,22.104,2.764
4015,22.093,2.827
4016,22.042,2.787
4017,21.639,2.754
4018,21.675,2.819
4019,21.681,2.765
4020,21.558,2.774
4021,21.615,2.695
4022,21.930,2.728
4023,21.892,2.842
4024,22.005,2.707
4025,21.568,2.704
4026,21.951,2.681
4027,21.814,2.790
4028,21.890,2.707
4029,21.847,2.691
4030,21.865,2.716
4031,21.881,2.704
4032,21.997,2.704
4033,21.975,2.671
4034,21.923,2.701
4035,21.930,2.844
4036,21.961,2.804
4037,21.991,2.803
4038,21.881,2.649
4039,21.742,2.648
4040,21.843,2.740
4041,21.746,2.630
4042,21.618,2.706
4043,21.646,2.715
4044,21.570,2.802
4045,21.588,2.792
4046,21.695,2.736
4047,21.575,2.682
4048,21.740,2.660
4049,21.722,2.757
4050,21.721,2.755
4051,21.813,2.693
4052,21.723,2.684
4053,21.624,2.668
4054,21.596,2.739
4055,21.583,2.724
4056,21.438,2.654
4057,21.415,2.715
4058,21.482,2.758
4059,21.387,2.720
4060,21.402,2.862
4061,21.418,2.961
4062,21.462,2.829
4063,21.286,2.908
4064,21.343,2.772
4065,21.442,2.846
4066,21.484,2.751
4067,21.477,2.641
4068,21.538,2.671
4069,21.208,2.622
4070,21.101,2.712
4071,21.008,2.814
4072,21.079,2.865
4073,21.160,2.905
4074,21.502,2.793
4075,21.627,2.806
4076,21.632,2.888
4077,21.753,2.867
4078,21.792,2.831
4079,21.643,2.785
4080,21.751,2.880
4081,21.819,2.828
4082,21.831,2.798
4083,21.789,2.783
4084,21.743,2.725
4085,21.717,2.629
4086,21.821,2.705
4087,21.986,2.757
4088,21.871,2.638
4089,21.938,2.777
4090,21.890,2.759
4091,21.832,2.707
4092,22.045,2.746
4093,22.021,2.737
4094,21.890,2.755
4095,21.868,2.637
4096,21.885,2.680
4097,22.106,2.691
4098,22.109,2.613
4099,22.226,2.731
4100,22.032,2.577
4101,21.890,2.627
4102,21.836,2.673
4103,21.919,2.635
4104,21.903,2.604
4105,21.846,2.659
4106,21.691,2.582
4107,21.817,2.641
4108,21.966,2.607
4109,21.940,2.676
4110,21.850,2.603
4111,21.979,2.642
4112,22.038,2.695
4113,21.947,2.652
4114,21.837,2.671
4115,21.662,2.741
4116,21.577,2.700
4117,21.781,2.748
4118,21.755,2.754
4119,21.647,2.742
4120,21.739,2.696
4121,21.813,2.713
4122,21.810,2.649
4123,21.812,2.565
4124,21.712,2.742
4125,21.618,2.747
4126,21.524,2.707
4127,21.578,2.788
4128,21.510,2.710
4129,21.583,2.732
4130,21.620,2.657
4131,21.723,2.698
4132,21.824,2.901
4133,21.697,2.681
4134,21.799,2.788
4135,21.886,2.796
4136,21.915,2.696
4137,21.859,2.652
4138,21.881,2.756
4139,21.842,2.780
4140,21.723,2.770
4141,21.678,2.873
4142,21.704,2.714
4143,21.694,2.704
4144,21.688,2.650
4145,21.719,2.631
4146,21.639,2.762
4147,21.716,2.666
4148,21.736,2.740
4149,21.651,2.765
4150,21.669,2.743
4151,21.779,2.828
4152,21.905,2.715
4153,21.955,2.650
4154,21.943,2.684
4155,22.046,2.713
4156,21.894,2.738
4157,21.968,2.659
4158,22.017,2.699
4159,22.006,2.626
4160,21.981,2.793
4161,22.043,2.736
4162,21.958,2.788
4163,22.019,2.798
4164,22.114,2.853
4165,22.008,2.770
4166,21.766,2.898
4167,21.806,2.833
4168,21.756,2.778
4169,21.876,2.887
4170,21.841,2.839
4171,21.669,2.824
4172,21.486,2.821
4173,21.507,2.861
4174,21.588,2.844
4175,21.592,2.964
4176,21.535,2.777
4177,21.590,2.931
4178,21.523,2.908
4179,21.561,2.850
4180,21.486,2.744
4181,21.577,2.739
4182,21.574,2.854
4183,21.756,2.833
4184,21.753,2.962
4185,21.753,2.861
4186,21.781,2.923
4187,21.697,2.905
4188,21.549,2.889
4189,21.566,2.775
4190,21.454,2.770
4191,21.477,2.822
4192,21.513,2.814
4193,21.644,2.705
4194,21.621,2.809
4195,21.516,2.869
4196,21.423,2.766
4197,21.519,2.760
4198,21.481,2.861
4199,21.609,2.845
4200,21.624,2.876
4201,21.438,2.804
4202,21.467,2.728
4203,21.389,2.754
4204,21.534,2.722
4205,21.510,2.667
4206,21.564,2.756
4207,21.596,2.685
4208,21.560,2.664
4209,21.583,2.740
4210,21.712,2.649
4211,21.639,2.615
4212,21.520,2.543
4213,21.573,2.625
4214,21.697,2.747
4215,21.573,2.666
4216,21.521,2.761
4217,21.612,2.720
4218,21.636,2.667
4219,21.234,2.686
4220,21.134,2.712
4221,21.266,2.687
4222,21.298,2.802
4223,21.391,2.815
4224,21.325,2.779
4225,21.377,2.857
4226,21.333,2.846
4227,21.305,2.696
4228,21.329,2.607
4229,21.323,2.662
4230,21.337,2.662
4231,21.482,2.749
4232,21.431,2.744
4233,21.338,2.757
4234,21.367,2.739
4235,21.540,2.770
4236,21.526,2.729
4237,21.345,2.689
4238,21.422,2.717
4239,21.390,2.724
4240,21.617,2.750
4241,21.675,2.902
4242,21.620,2.731
4243,21.730,2.713
4244,21.640,2.758
4245,21.616,2.734
4246,21.468,2.766
4247,21.473,2.668
4248,21.528,2.785
4249,21.478,2.808
4250,21.505,2.777
4251,21.395,2.824
4252,21.515,2.890
4253,21.419,2.739
4254,21.408,2.769
4255,21.388,2.722
4256,21.531,2.772
4257,21.520,2.735
4258,21.446,2.857
4259,21.409,2.736
4260,21.508,2.786
4261,21.457,2.851
4262,21.429,2.749
4263,21.525,2.694
4264,21.525,2.755
4265,21.535,2.781
4266,21.493,2.698
4267,21.405,2.659
4268,21.361,2.690
4269,21.398,2.746
4270,21.368,2.689
4271,21.383,2.705
4272,21.384,2.781
4273,21.390,2.754
4274,21.477,2.737
4275,21.482,2.737
4276,21.483,2.756
4277,21.491,2.783
4278,21.496,2.804
4279,21.362,2.750
4280,21.419,2.793
4281,21.462,2.742
4282,21.429,2.834
4283,21.403,2.790
4284,21.464,2.653
4285,21.498,2.677
4286,21.399,2.765
4287,21.453,2.763
4288,21.492,2.792
4289,21.458,2.754
4290,21.431,2.835
4291,21.465,2.759
4292,21.401,2.947
4293,21.436,2.908
4294,21.588,2.884
4295,21.623,2.836
4296,21.681,2.932
4297,21.656,2.940
4298,21.774,2.974
4299,21.795,2.846
4300,21.668,2.732
4301,21.774,2.882
4302,21.801,2.792
4303,21.768,2.877
4304,21.691,2.730
4305,21.795,2.828
4306,21.726,2.775
4307,21.690,2.761
4308,21.776,2.808
4309,21.805,2.903
4310,21.746,2.826
4311,21.701,2.849
4312,21.798,2.862
4313,21.801,2.818
4314,21.680,2.781
4315,21.788,2.804
4316,21.783,2.879
4317,21.652,2.845
4318,21.602,2.789
4319,21.696,2.863
4320,21.586,2.883
4321,21.601,3.044
4322,21.652,2.992
4323,21.560,2.946
4324,21.623,2.996
4325,21.708,2.948
4326,21.609,2.854
4327,21.619,2.996
4328,21.572,2.873
4329,21.553,2.944
4330,21.517,2.982
4331,21.517,2.946
4332,21.584,2.959
4333,21.542,2.885
4334,21.583,2.988
4335,21.653,2.963
4336,21.847,2.952
4337,21.677,2.963
4338,21.611,2.941
4339,21.662,2.959
4340,21.613,2.936
4341,21.749,3.048
4342,21.650,3.033
4343,21.756,2.972
4344,21.847,2.972
4345,21.568,3.030
4346,21.587,3.003
4347,21.702,2.998
4348,21.777,2.947
4349,21.781,2.960
4350,21.753,2.947
4351,21.861,2.860
4352,21.792,2.841
4353,21.655,2.820
4354,21.681,2.898
4355,21.671,2.824
4356,21.686,2.767
4357,21.699,2.817
4358,21.549,2.848
4359,21.499,2.860
4360,21.578,2.980
4361,21.577,2.978
4362,21.619,2.977
4363,21.694,2.957
4364,21.647,2.945
4365,21.830,2.964
4366,21.776,2.999
4367,21.772,3.072
4368,21.723,2.836
4369,21.794,2.967
4370,21.862,2.975
4371,21.940,3.030
4372,21.856,2.955
4373,21.831,2.907
4374,22.008,3.001
4375,21.867,3.063
4376,21.974,3.032
4377,21.961,2.938
4378,21.970,2.928
4379,21.871,2.922
4380,21.902,2.876
4381,21.851,2.929
4382,21.752,2.915
4383,21.720,2.956
4384,21.778,2.864
4385,21.758,2.987
4386,21.814,3.002
4387,21.747,2.826
4388,21.791,2.867
4389,21.761,2.908
4390,21.693,3.005
4391,21.571,3.051
4392,21.553,2.909
4393,21.417,2.913
4394,21.375,2.908
4395,21.350,2.870
4396,21.379,2.807
4397,21.458,2.849
4398,21.412,2.948
4399,21.322,2.986
4400,21.331,2.997
4401,21.344,2.896
4402,21.777,2.829
4403,21.720,2.919
4404,21.720,2.913
4405,21.565,2.919
4406,21.641,2.913
4407,21.573,2.860
4408,21.654,2.907
4409,21.770,2.986
4410,21.840,3.015
4411,22.064,3.002
4412,22.117,3.107
4413,21.992,3.071
4414,22.090,3.125
4415,21.954,3.023
4416,21.993,2.937
4417,21.975,2.961
4418,21.916,3.034
4419,22.017,3.083
4420,22.095,3.060
4421,22.101,3.098
4422,22.070,3.089
4423,22.246,3.154
4424,22.121,3.049
4425,22.160,3.076
4426,22.178,3.084
4427,22.188,3.045
4428,22.213,2.954
4429,22.257,3.070
4430,22.169,2.983
4431,22.284,2.980
4432,22.168,3.006
4433,21.749,3.013
4434,21.808,2.970
4435,22.216,2.902
4436,22.269,2.972
4437,22.294,3.075
4438,22.366,3.165
4439,22.136,3.026
4440,22.238,2.969
4441,22.325,3.025
4442,22.318,3.064
4443,22.212,2.947
4444,22.324,2.874
4445,22.186,2.939
4446,22.226,2.924
4447,22.272,2.873
4448,22.214,2.880
4449,22.128,2.974
4450,22.160,2.888
4451,22.067,2.862
4452,22.105,2.809
4453,22.007,2.894
4454,22.185,2.925
4455,22.006,2.949
4456,21.990,2.981
4457,21.942,2.978
4458,21.747,2.885
4459,21.792,2.826
4460,21.908,2.787
4461,21.855,2.797
4462,21.879,2.725
4463,21.993,2.711
4464,21.939,2.809
4465,21.963,2.681
4466,21.936,2.699
4467,21.951,2.847
4468,21.911,2.825
4469,21.978,2.773
4470,22.002,2.723
4471,22.004,2.777
4472,21.961,2.809
4473,21.937,2.801
4474,21.886,2.855
4475,21.846,2.961
4476,21.908,2.919
4477,21.934,2.856
4478,21.814,2.784
4479,22.050,2.836
4480,22.005,2.780
4481,22.172,2.812
4482,22.130,2.817
4483,22.150,2.837
4484,22.105,2.727
4485,22.043,2.788
4486,22.102,2.843
4487,22.117,2.899
4488,22.089,2.868
4489,21.955,2.807
4490,22.145,2.798
4491,22.142,2.924
4492,22.023,2.858
4493,22.000,2.947
4494,21.910,2.814
4495,22.028,2.914
4496,22.046,3.029
4497,22.182,2.900
4498,22.128,2.948
4499,22.079,2.881
4500,21.960,2.828
4501,21.840,2.986
4502,21.857,2.867
4503,21.801,2.900
4504,21.740,2.882
4505,21.735,2.931
4506,21.746,2.878
4507,21.781,2.852
4508,21.755,2.913
4509,21.818,2.785
4510,21.822,2.727
4511,21.719,2.839
4512,21.644,2.849
4513,21.535,2.997
4514,21.484,2.872
4515,21.606,2.890
4516,21.598,2.946
4517,21.604,2.893
4518,21.525,2.915
4519,21.644,2.855
4520,21.737,3.010
4521,21.732,2.910
4522,21.670,2.850
4523,21.805,2.966
4524,21.692,2.906
4525,21.655,2.917
4526,21.733,2.941
4527,21.696,2.920
4528,21.795,2.918
4529,21.869,2.841
4530,21.831,2.842
4531,21.746,2.949
4532,21.783,2.812
4533,21.800,2.795
4534,21.753,2.794
4535,21.824,2.905
4536,21.897,2.703
4537,21.875,2.844
4538,21.833,2.893
4539,21.780,2.873
4540,21.813,2.884
4541,21.792,2.956
4542,21.897,3.056
4543,21.941,2.907
4544,21.987,2.941
4545,21.886,2.960
4546,21.827,2.951
4547,21.848,3.017
4548,21.762,2.816
4549,21.813,2.882
4550,21.841,2.917
4551,21.803,2.868
4552,21.865,2.990
4553,21.762,2.948
4554,21.784,2.855
4555,21.795,2.942
4556,21.754,2.872
4557,21.799,2.913
4558,21.750,2.919
4559,21.805,2.849
4560,21.704,2.826
4561,21.742,2.843
4562,21.800,2.898
4563,21.722,2.841
4564,21.684,2.781
4565,21.691,2.664
4566,21.780,2.907
4567,21.983,2.757
4568,21.837,2.800
4569,21.927,2.894
4570,21.977,2.806
4571,21.929,2.860
4572,21.948,2.924
4573,21.951,2.837
4574,21.787,2.780
4575,21.899,2.790
4576,21.855,2.828
4577,21.801,2.760
4578,21.811,2.819
4579,21.714,2.737
4580,21.727,2.802
4581,21.597,2.748
4582,21.742,2.719
4583,21.765,2.674
4584,21.834,2.680
4585,21.807,2.721
4586,21.929,2.705
4587,21.839,2.704
4588,21.866,2.775
4589,21.960,2.829
4590,22.023,2.772
4591,21.963,2.742
4592,21.993,2.732
4593,8.153,2.645
4594,7.998,2.707
4595,7.999,2.832
4596,7.914,2.784
4597,8.028,2.756
4598,22.137,2.835
4599,22.159,2.835
4600,22.125,2.755
4601,8.016,2.758
4602,22.107,2.846
4603,22.044,2.799
4604,22.049,2.794
4605,21.845,2.736
4606,21.856,2.671
4607,21.858,2.776
4608,21.819,2.761
4609,21.824,2.841
4610,21.748,2.923
4611,21.809,2.945
4612,21.831,2.888
4613,21.767,2.883
4614,21.883,2.887
4615,21.820,2.905
4616,22.009,2.852
4617,22.042,2.868
4618,22.010,2.926
4619,21.935,2.812
4620,21.972,2.849
4621,21.959,2.880
4622,21.973,2.865
4623,21.872,2.976
4624,21.434,2.934
4625,21.695,2.813
4626,21.787,2.902
4627,21.739,2.778
4628,21.658,2.820
4629,21.769,2.851
4630,21.952,2.771
4631,21.905,2.786
4632,21.843,2.875
4633,21.839,2.861
4634,21.786,2.661
4635,21.773,2.737
4636,21.811,2.863
4637,21.719,2.830
4638,21.770,2.882
4639,21.780,2.899
4640,21.746,2.758
4641,21.753,2.807
4642,21.724,2.913
4643,21.610,2.802
4644,21.620,2.842
4645,21.577,2.856
4646,21.571,2.812
4647,21.618,2.779
4648,21.593,2.796
4649,21.617,2.841
4650,21.556,2.811
4651,21.564,2.840
4652,21.705,2.851
4653,21.645,2.725
4654,21.729,2.830
4655,21.628,2.794
4656,21.570,2.726
4657,21.661,2.667
4658,21.603,2.666
4659,21.522,2.701
4660,21.719,2.831
4661,21.776,2.735
4662,21.694,2.811
4663,21.742,2.757
4664,21.740,2.800
4665,21.681,2.792
4666,21.792,2.958
4667,21.591,2.842
4668,21.655,2.867
4669,21.674,2.851
4670,21.255,2.843
4671,21.321,2.781
4672,21.423,2.768
4673,21.368,2.898
4674,21.811,2.870
4675,21.773,2.893
4676,21.669,2.894
4677,21.326,2.975
4678,21.356,2.933
4679,21.869,2.946
4680,21.760,2.910
4681,21.760,2.902
4682,21.256,2.934
4683,21.226,2.919
4684,21.264,2.954
4685,21.230,2.859
4686,21.278,2.869
4687,21.327,2.828
4688,21.798,2.801
4689,21.866,2.785
4690,21.893,2.920
4691,21.701,2.818
4692,21.236,2.814
4693,21.677,2.752
4694,21.684,2.760
4695,21.361,2.875
4696,21.346,2.837
4697,21.333,2.909
4698,21.339,2.988
4699,21.383,2.801
4700,21.769,2.833
4701,21.725,2.853
4702,21.628,2.754
4703,21.800,2.817
4704,21.825,2.751
4705,21.870,2.735
4706,21.912,2.929
4707,21.821,2.887
4708,21.781,2.918
4709,21.782,2.919
4710,21.660,2.839
4711,21.660,2.750
4712,21.750,2.816
4713,21.914,2.925
4714,21.766,2.895
4715,21.785,3.037
4716,21.724,3.116
4717,21.642,3.051
4718,21.677,2.948
4719,21.733,2.919
4720,21.694,2.875
4721,21.615,2.850
4722,21.602,2.872
4723,21.514,2.894
4724,21.475,2.783
4725,21.587,2.720
4726,21.492,2.870
4727,21.469,2.875
4728,21.648,2.948
4729,21.702,2.891
4730,21.468,2.922
4731,21.465,2.865
4732,21.495,2.787
4733,21.460,2.790
4734,21.508,2.835
4735,21.538,2.873
4736,21.478,2.912
4737,21.328,2.841
4738,21.368,2.790
4739,21.181,2.883
4740,21.065,2.790
4741,21.073,2.686
4742,21.043,2.711
4743,20.938,2.685
4744,20.904,2.592
4745,21.030,2.656
4746,20.994,2.630
4747,21.071,2.721
4748,21.049,2.727
4749,21.040,2.689
4750,21.123,2.649
4751,21.180,2.673
4752,21.285,2.716
4753,21.347,2.702
4754,21.371,2.606
4755,21.418,2.676
4756,21.337,2.706
4757,21.362,2.759
4758,21.229,2.740
4759,21.197,2.732
4760,21.149,2.820
4761,21.204,2.766
4762,21.272,2.691
4763,21.229,2.714
4764,21.294,2.750
4765,21.287,2.757
4766,21.352,2.750
4767,21.451,2.690
4768,21.336,2.806
4769,21.302,2.726
4770,21.359,2.749
4771,21.248,2.778
4772,21.273,2.710
4773,21.228,2.751
4774,21.221,2.868
4775,21.344,2.789
4776,21.248,2.819
4777,21.267,2.860
4778,21.283,2.858
4779,21.278,2.812
4780,21.273,2.863
4781,21.282,2.898
4782,21.253,2.934
4783,21.239,2.781
4784,21.034,2.781
4785,21.135,2.902
4786,21.093,2.838
4787,21.155,2.785
4788,21.022,2.778
4789,21.110,2.886
4790,21.152,2.932
4791,21.153,2.966
4792,21.099,2.959
4793,21.127,2.786
4794,21.056,2.857
4795,21.053,2.846
4796,21.010,2.791
4797,21.046,2.794
4798,20.968,2.721
4799,21.031,2.632
4800,21.162,2.637
4801,21.158,2.632
4802,21.087,2.719
4803,21.110,2.671
4804,21.023,2.660
4805,21.059,2.751
4806,21.195,2.751
4807,21.172,2.626
4808,21.111,2.759
4809,21.158,2.639
4810,21.198,2.605
4811,21.102,2.678
4812,21.069,2.823
4813,21.096,2.877
4814,21.163,2.716
4815,21.058,2.714
4816,21.028,2.699
4817,21.184,2.694
4818,21.238,2.843
4819,21.226,2.733
4820,21.068,2.728
4821,21.116,2.731
4822,21.182,2.753
4823,21.017,2.742
4824,21.106,2.694
4825,21.043,2.717
4826,20.977,2.652
4827,20.984,2.676
4828,21.040,2.767
4829,20.984,2.788
4830,21.025,2.717
4831,21.097,2.741
4832,21.134,2.677
4833,21.151,2.865
4834,21.206,2.875
4835,21.198,2.762
4836,21.145,2.690
4837,21.187,2.713
4838,21.020,2.650
4839,21.098,2.732
4840,21.035,2.753
4841,20.934,2.697
4842,21.029,2.673
4843,20.940,2.660
4844,21.064,2.628
4845,21.116,2.740
4846,21.059,2.696
4847,21.022,2.784
4848,21.150,2.727
4849,21.177,2.709
4850,21.132,2.739
4851,21.081,2.784
4852,21.052,2.796
4853,21.142,2.822
4854,21.125,2.745
4855,21.100,2.819
4856,21.104,2.824
4857,21.015,2.746
4858,21.132,2.747
4859,21.038,2.737
4860,21.078,2.658
4861,21.107,2.676
4862,21.190,2.810
4863,21.242,2.711
4864,21.074,2.742
4865,21.048,2.686
4866,21.025,2.778
4867,21.175,2.819
4868,21.118,2.765
4869,21.045,2.858
4870,20.922,2.700
4871,21.138,2.665
4872,21.247,2.726
4873,21.162,2.612
4874,21.113,2.684
4875,21.050,2.548
4876,21.074,2.649
4877,21.176,2.709
4878,21.160,2.670
4879,21.096,2.701
4880,21.121,2.601
4881,21.151,2.592
4882,21.039,2.583
4883,21.037,2.638
4884,21.047,2.638
4885,21.042,2.582
4886,21.024,2.567
4887,21.009,2.560
4888,21.005,2.634
4889,21.101,2.699
4890,21.182,2.708
4891,21.227,2.794
4892,21.100,2.728
4893,21.094,2.694
4894,21.005,2.764
4895,20.972,2.738
4896,20.890,2.755
4897,20.831,2.643
4898,20.745,2.629
4899,20.807,2.699
4900,20.917,2.787
4901,21.061,2.786
4902,20.965,2.858
4903,21.014,2.794
4904,20.936,2.814
4905,20.984,2.799
4906,21.054,2.771
4907,21.034,2.786
4908,20.994,2.762
4909,21.013,2.702
4910,21.027,2.640
4911,20.915,2.663
4912,20.860,2.789
4913,20.821,2.570
4914,20.834,2.751
4915,20.814,2.714
4916,20.677,2.705
4917,20.783,2.772
4918,20.796,2.660
4919,20.781,2.620
4920,20.754,2.751
4921,20.958,2.608
4922,20.849,2.637
4923,20.970,2.577
4924,20.964,2.663
4925,20.950,2.605
4926,20.901,2.687
4927,20.838,2.730
4928,20.875,2.661
4929,20.896,2.677
4930,20.895,2.717
4931,20.936,2.656
4932,20.854,2.719
4933,20.916,2.698
4934,20.952,2.595
4935,20.846,2.645
4936,20.923,2.625
4937,20.907,2.540
4938,20.925,2.731
4939,20.945,2.703
4940,20.991,2.658
4941,20.992,2.696
4942,20.852,2.639
4943,20.830,2.639
4944,20.945,2.736
4945,20.943,2.707
4946,21.015,2.768
4947,20.930,2.676
4948,20.926,2.665
4949,20.926,2.680
4950,21.108,2.764
4951,21.083,2.734
4952,21.047,2.642
4953,21.131,2.508
4954,21.066,2.614
4955,21.140,2.691
4956,21.150,2.639
4957,21.297,2.612
4958,21.275,2.674
4959,21.229,2.600
4960,21.313,2.686
4961,21.271,2.640
4962,21.169,2.724
4963,21.092,2.678
4964,21.115,2.717
4965,21.088,2.848
4966,21.350,2.720
4967,21.177,2.822
4968,21.116,2.715
4969,21.188,2.760
4970,21.262,2.838
4971,21.290,2.793
4972,21.147,2.715
4973,21.169,2.611
4974,21.096,2.709
4975,21.146,2.711
4976,21.189,2.754
4977,21.146,2.805
4978,21.088,2.834
4979,21.171,2.984
4980,21.060,2.705
4981,21.074,2.870
4982,21.120,2.882
4983,21.236,2.917
4984,21.428,2.977
4985,21.325,2.953
4986,21.360,2.808
4987,21.377,2.845
4988,21.268,2.823
4989,21.176,2.763
4990,21.191,2.735
4991,20.994,2.739
4992,21.057,2.708
4993,21.017,2.802
4994,21.043,2.879
4995,21.073,2.908
4996,20.937,2.754
4997,21.026,2.902
4998,21.008,2.835
4999,21.043,2.856
5000,20.992,2.756
5001,21.065,2.832
5002,21.014,2.810
5003,20.945,2.739
5004,20.738,2.699
5005,20.814,2.797
5006,20.869,2.805
5007,20.769,2.723
5008,20.882,2.836
5009,20.915,2.734
5010,20.999,2.780
5011,21.098,2.689
5012,20.924,2.766
5013,20.946,2.772
5014,20.912,2.719
5015,20.863,2.714
5016,20.953,2.736
5017,20.925,2.742
5018,20.950,2.891
5019,20.941,2.889
5020,20.784,2.897
5021,20.785,2.851
5022,20.817,2.689
5023,20.873,2.740
5024,20.915,2.781
5025,20.930,2.793
5026,21.015,2.840
5027,20.836,2.708
5028,20.853,2.721
5029,20.829,2.702
5030,20.829,2.768
5031,20.820,2.610
5032,20.986,2.650
5033,21.025,2.600
5034,20.914,2.610
5035,21.039,2.729
5036,21.079,2.642
5037,21.173,2.706
5038,21.002,2.755
5039,21.076,2.816
5040,21.170,2.794
5041,21.293,2.761
5042,21.075,2.656
5043,21.082,2.600
5044,21.263,2.586
5045,21.233,2.605
5046,21.319,2.659
5047,21.254,2.645
5048,21.313,2.656
5049,21.281,2.586
5050,21.249,2.679
5051,21.290,2.684
5052,21.251,2.626
5053,21.158,2.580
5054,21.243,2.685
5055,21.279,2.696
5056,21.362,2.674
5057,21.319,2.654
5058,21.251,2.724
5059,21.371,2.660
5060,21.344,2.719
5061,21.331,2.722
5062,21.294,2.697
5063,21.350,2.703
5064,21.283,2.668
5065,21.197,2.808
5066,21.321,2.729
5067,21.219,2.706
5068,21.062,2.617
5069,21.125,2.585
5070,21.184,2.557
5071,21.304,2.774
5072,21.358,2.829
5073,21.368,2.870
5074,21.307,2.817
5075,21.339,2.703
5076,21.439,2.713
5077,21.308,2.810
5078,21.413,2.797
5079,21.508,2.710
5080,21.343,2.630
5081,21.466,2.604
5082,21.459,2.592
5083,21.451,2.700
5084,21.472,2.594
5085,21.480,2.696
5086,21.507,2.642
5087,21.441,2.701
5088,21.446,2.615
5089,21.444,2.593
5090,21.605,2.612
5091,21.515,2.685
5092,21.382,2.719
5093,21.455,2.647
5094,21.293,2.703
5095,21.213,2.746
5096,21.251,2.638
5097,21.296,2.648
5098,21.323,2.613
5099,21.270,2.645
5100,21.230,2.777
5101,21.165,2.700
5102,21.315,2.730
5103,21.258,2.799
5104,21.303,2.866
5105,21.326,2.819
5106,21.333,2.850
5107,21.394,2.685
5108,21.507,2.788
5109,21.445,2.645
5110,21.351,2.645
5111,21.575,2.803
5112,21.614,2.760
5113,21.686,2.773
5114,21.777,2.724
5115,21.797,2.742
5116,21.838,2.752
5117,21.632,2.682
5118,21.649,2.742
5119,21.676,2.793
5120,21.656,2.750
5121,21.714,2.754
5122,21.714,2.725
5123,21.742,2.738
5124,21.841,2.673
5125,21.849,2.695
5126,21.800,2.687
5127,21.685,2.818
5128,21.707,2.829
5129,21.641,2.765
5130,21.609,2.789
5131,21.526,2.845
5132,21.519,2.915
5133,21.568,2.919
5134,21.613,2.857
5135,21.431,2.858
5136,21.496,2.813
5137,21.400,2.838
5138,21.384,2.747
5139,21.442,2.805
5140,21.424,2.873
5141,21.432,2.965
5142,21.458,2.935
5143,21.488,2.835
5144,21.497,2.816
5145,21.310,2.786
5146,21.354,2.692
5147,21.445,2.828
5148,21.344,2.752
5149,21.360,2.721
5150,21.347,2.845
5151,21.501,2.839
5152,21.381,2.839
5153,21.338,2.800
5154,21.373,2.887
5155,21.440,2.724
5156,21.539,2.729
5157,21.536,2.809
5158,21.590,2.801
5159,21.501,2.930
5160,21.480,2.862
5161,21.630,2.856
5162,21.615,2.910
5163,21.506,2.889
5164,21.513,2.847
5165,21.562,2.826
5166,21.592,2.886
5167,21.597,2.908
5168,21.572,2.831
5169,21.592,2.779
5170,21.592,2.754
5171,21.611,2.810
5172,21.580,2.664
5173,21.770,2.687
5174,21.700,2.745
5175,21.695,2.722
5176,21.578,2.751
5177,21.494,2.799
5178,21.648,2.874
5179,21.658,2.730
5180,21.536,2.697
5181,21.554,2.674
5182,21.571,2.803
5183,21.531,2.704
5184,21.494,2.848
5185,21.451,2.772
5186,21.538,2.827
5187,21.569,2.769
5188,21.572,2.662
5189,21.571,2.740
5190,21.671,2.672
5191,21.744,2.654
5192,21.647,2.676
5193,21.569,2.723
5194,21.568,2.744
5195,21.641,2.763
5196,21.610,2.634
5197,21.676,2.440
5198,21.512,2.399
5199,21.653,2.531
5200,21.697,2.609
5201,21.530,2.536
5202,21.472,2.517
5203,21.588,2.572
5204,21.662,2.584
5205,21.639,2.589
5206,21.596,2.636
5207,21.622,2.690
5208,21.578,2.645
5209,21.579,2.724
5210,21.670,2.706
5211,21.587,2.785
5212,21.595,2.688
5213,21.702,2.601
5214,21.697,2.731
5215,21.933,2.796
5216,21.873,2.580
5217,21.822,2.681
5218,21.809,2.725
5219,21.772,2.779
5220,21.800,2.801
5221,21.973,2.908
5222,22.022,2.871
5223,21.806,2.760
5224,21.901,3.002
5225,21.845,3.009
5226,21.865,3.004
5227,21.823,2.902
5228,21.907,2.955
5229,21.757,2.770
5230,21.882,2.743
5231,21.894,2.721
5232,21.819,2.801
5233,21.860,2.723
5234,21.727,2.772
5235,21.715,2.810
5236,21.839,2.810
5237,21.844,2.858
5238,21.873,2.823
5239,21.953,2.747
5240,22.033,2.787
5241,21.924,2.812
5242,21.971,2.786
5243,21.792,2.750
5244,21.931,2.799
5245,22.045,2.708
5246,21.885,2.786
5247,21.999,2.746
5248,21.966,2.848
5249,21.885,2.754
5250,21.939,2.839
5251,21.937,2.886
5252,21.918,2.883
5253,21.879,2.812
5254,21.924,2.851
5255,21.935,2.831
5256,22.151,2.683
5257,21.989,2.712
5258,22.040,2.853
5259,21.977,2.840
5260,21.980,2.853
5261,21.980,2.849
5262,21.839,2.908
5263,21.881,2.937
5264,21.949,2.797
5265,21.942,2.806
5266,21.873,2.806
5267,21.806,2.791
5268,22.129,2.655
5269,22.077,2.679
5270,22.207,2.725
5271,22.233,2.774
5272,22.728,2.752
5273,22.696,2.777
5274,22.630,2.911
5275,22.823,3.036
5276,22.393,2.970
5277,22.632,2.961
5278,22.561,2.947
5279,22.585,2.835
5280,22.626,2.866
5281,22.646,2.864
5282,22.594,2.945
5283,22.636,2.948
5284,22.438,2.847
5285,22.489,3.007
5286,22.436,3.013
5287,22.459,3.035
5288,22.456,2.959
5289,22.449,2.902
5290,22.092,2.734
5291,22.274,2.763
5292,22.139,2.736
5293,22.157,2.725
5294,22.127,2.755
5295,22.199,2.757
5296,22.252,2.880
5297,22.449,2.710
5298,22.338,2.833
5299,22.306,2.912
5300,22.232,2.750
5301,22.307,2.768
5302,22.233,2.722
5303,22.314,2.641
5304,22.214,2.758
5305,22.291,2.802
5306,22.208,2.812
5307,22.035,2.857
5308,22.148,2.838
5309,22.110,2.835
5310,22.096,2.763
5311,22.072,2.745
5312,22.142,2.738
5313,22.149,2.631
5314,22.239,2.773
5315,22.383,2.859
5316,22.249,2.740
5317,22.274,2.803
5318,22.371,2.857
5319,22.335,2.874
5320,22.335,2.901
5321,22.451,2.814
5322,22.409,2.734
5323,22.499,2.701
5324,22.461,2.782
5325,22.557,2.776
5326,22.456,2.811
5327,22.388,2.807
5328,22.311,2.790
5329,22.314,2.825
5330,22.428,2.869
5331,22.852,2.875
5332,22.549,2.898
5333,22.580,2.707
5334,22.588,2.898
5335,22.534,2.883
5336,22.481,2.948
5337,22.385,2.848
5338,22.377,2.742
5339,22.475,2.739
5340,22.400,2.777
5341,22.511,2.794
5342,22.430,2.770
5343,22.436,2.701
5344,22.485,2.762
5345,22.466,2.770
5346,22.436,2.642
5347,22.296,2.736
5348,22.453,2.859
5349,22.475,2.811
5350,22.563,2.770
5351,22.575,2.879
5352,22.520,2.827
5353,22.514,2.755
5354,22.450,2.737
5355,22.454,2.740
5356,22.396,2.734
5357,22.331,2.707
5358,22.367,2.791
5359,22.413,2.851
5360,22.462,2.748
5361,22.567,2.835
5362,22.524,2.879
5363,22.415,2.914
5364,22.504,2.867
5365,22.442,2.865
5366,22.563,2.922
5367,22.595,2.904
5368,22.563,2.893
5369,22.535,2.863
5370,22.523,2.800
5371,22.494,2.699
5372,22.587,2.753
5373,22.564,2.803
5374,22.457,2.734
5375,22.432,2.751
5376,22.427,2.785
5377,22.447,2.833
5378,22.419,2.828
5379,22.593,2.814
5380,22.540,2.831
5381,22.569,2.910
5382,22.625,2.704
5383,22.663,2.763
5384,22.720,2.823
5385,22.669,2.774
5386,22.714,2.767
5387,22.565,2.717
5388,22.698,2.807
5389,22.661,2.723
5390,22.610,2.768
5391,22.591,2.777
5392,22.495,2.806
5393,22.479,2.798
5394,22.495,2.751
5395,22.363,2.849
5396,22.368,2.764
5397,22.371,2.750
5398,22.349,2.689
5399,22.242,2.699
5400,22.550,2.662
5401,22.293,2.677
5402,22.258,2.718
5403,22.195,2.701
5404,22.200,2.906
5405,22.498,2.778
5406,22.568,2.881
5407,22.499,2.847
5408,22.522,2.797
5409,22.410,2.830
5410,22.436,2.839
5411,22.429,2.867
5412,22.480,2.883
5413,22.533,2.780
5414,22.634,2.781
5415,22.755,2.746
5416,22.761,2.802
5417,22.390,2.922
5418,22.447,2.799
5419,22.418,2.719
5420,22.389,2.741
5421,22.449,2.793
5422,22.496,2.781
5423,22.399,2.753
5424,22.473,2.766
5425,22.533,2.970
5426,22.551,2.986
5427,22.567,3.025
5428,22.525,2.842
5429,22.437,2.907
5430,22.553,2.818
5431,22.353,2.840
5432,22.372,2.811
5433,22.419,2.778
5434,22.321,2.687
5435,22.317,2.801
5436,22.264,2.825
5437,22.256,2.805
5438,22.167,2.804
5439,22.225,2.708
5440,22.315,2.771
5441,22.453,2.757
5442,22.228,2.758
5443,22.309,2.761
5444,22.411,2.745
5445,22.254,2.784
5446,22.338,2.842
5447,22.408,2.867
5448,22.293,2.773
5449,22.256,2.745
5450,22.142,2.750
5451,22.255,2.732
5452,22.120,2.717
5453,22.055,2.669
5454,22.069,2.569
5455,21.959,2.680
5456,22.101,2.698
5457,21.968,2.534
5458,22.045,2.650
5459,22.070,2.580
5460,22.073,2.586
5461,22.061,2.607
5462,21.955,2.706
5463,21.983,2.706
5464,21.897,2.689
5465,21.886,2.731
5466,21.882,2.682
5467,21.883,2.649
5468,21.933,2.616
5469,21.784,2.669
5470,21.836,2.635
5471,21.909,2.691
5472,21.870,2.732
5473,21.905,2.765
5474,21.938,2.694
5475,22.010,2.685
5476,21.890,2.620
5477,21.919,2.631
5478,21.930,2.772
5479,22.011,2.788
5480,22.076,2.853
5481,21.982,2.783
5482,22.012,2.672
5483,22.081,2.760
5484,21.925,2.613
5485,22.013,2.663
5486,21.998,2.622
5487,21.985,2.628
5488,21.941,2.761
5489,21.924,2.690
5490,21.978,2.647
5491,21.972,2.656
5492,22.060,2.757
5493,21.963,2.637
5494,21.957,2.667
5495,21.920,2.676
5496,21.890,2.697
5497,22.012,2.712
5498,21.921,2.702
5499,21.887,2.644
5500,21.803,2.670
5501,21.856,2.655
5502,21.891,2.654
5503,21.922,2.648
5504,21.921,2.529
5505,21.928,2.562
5506,21.978,2.682
5507,21.897,2.549
5508,21.864,2.607
5509,21.994,2.671
5510,22.016,2.673
5511,21.970,2.718
5512,21.919,2.679
5513,21.856,2.634
5514,21.734,2.670
5515,21.755,2.743
5516,21.801,2.782
5517,21.891,2.741
5518,21.836,2.686
5519,21.737,2.753
5520,21.824,2.745
5521,21.799,2.716
5522,21.798,2.656
5523,21.695,2.679
5524,21.660,2.692
5525,21.661,2.697
5526,21.731,2.642
5527,21.665,2.614
5528,21.708,2.698
5529,21.626,2.626
5530,21.456,2.551
5531,21.539,2.559
5532,21.628,2.673
5533,21.687,2.660
5534,21.543,2.592
5535,21.571,2.638
5536,21.673,2.499
5537,21.651,2.601
5538,21.710,2.523
5539,21.703,2.568
5540,21.730,2.489
5541,21.852,2.465
5542,21.826,2.445
5543,21.785,2.563
5544,21.796,2.464
5545,21.791,2.469
5546,21.917,2.573
5547,21.928,2.575
5548,21.996,2.521
5549,21.951,2.550
5550,21.865,2.475
5551,21.976,2.472
5552,22.024,2.563
5553,22.061,2.575
5554,22.098,2.594
5555,22.005,2.524
5556,22.042,2.651
5557,22.191,2.559
5558,22.268,2.541
5559,22.287,2.604
5560,22.330,2.559
5561,22.226,2.680
5562,22.235,2.788
5563,22.240,2.725
5564,22.199,2.673
5565,22.246,2.738
5566,22.243,2.721
5567,22.258,2.703
5568,22.259,2.680
5569,22.209,2.591
5570,22.211,2.661
5571,22.246,2.717
5572,22.290,2.722
5573,22.255,2.815
5574,22.264,2.792
5575,22.136,2.630
5576,22.118,2.630
5577,22.156,2.617
5578,22.101,2.579
5579,22.278,2.503
5580,22.199,2.516
5581,22.124,2.688
5582,22.069,2.680
5583,22.026,2.684
5584,22.129,2.625
5585,22.124,2.581
5586,22.139,2.615
5587,22.119,2.573
5588,22.163,2.618
5589,22.159,2.553
5590,22.268,2.571
5591,22.270,2.520
5592,22.154,2.443
5593,22.121,2.561
5594,22.169,2.613
5595,22.123,2.628
5596,22.128,2.552
5597,22.124,2.690
5598,21.943,2.610
5599,21.970,2.630
5600,21.895,2.653
5601,21.967,2.709
5602,22.012,2.601
5603,22.124,2.618
5604,22.234,2.533
5605,22.199,2.491
5606,22.238,2.574
5607,22.151,2.565
5608,22.250,2.528
5609,22.315,2.605
5610,22.347,2.553
5611,22.229,2.613
5612,22.336,2.565
5613,22.410,2.512
5614,22.326,2.603
5615,22.300,2.476
5616,22.293,2.539
5617,22.368,2.544
5618,22.230,2.558
5619,22.154,2.543
5620,22.104,2.605
5621,22.154,2.578
5622,22.188,2.625
5623,22.074,2.557
5624,22.188,2.647
5625,22.143,2.628
5626,22.101,2.534
5627,22.067,2.652
5628,22.134,2.548
5629,22.200,2.672
5630,22.230,2.658
5631,22.311,2.548
5632,22.232,2.559
5633,22.235,2.595
5634,22.179,2.538
5635,22.134,2.586
5636,22.066,2.675
5637,22.147,2.590
5638,22.111,2.615
5639,22.088,2.635
5640,21.972,2.479
5641,22.001,2.607
5642,21.989,2.496
5643,21.946,2.557
5644,21.944,2.588
5645,22.046,2.589
5646,22.091,2.538
5647,22.137,2.630
5648,22.108,2.634
5649,22.107,2.731
5650,22.216,2.623
5651,22.163,2.602
5652,22.225,2.692
5653,22.149,2.582
5654,22.168,2.663
5655,22.111,2.548
5656,22.097,2.468
5657,22.239,2.481
5658,22.266,2.477
5659,22.333,2.590
5660,22.244,2.619
5661,22.279,2.653
5662,22.226,2.620
5663,22.203,2.507
5664,22.291,2.532
5665,22.192,2.484
5666,22.155,2.461
5667,22.195,2.464
5668,22.171,2.452
5669,22.168,2.536
5670,22.052,2.560
5671,22.142,2.701
5672,22.045,2.648
5673,22.079,2.590
5674,22.086,2.557
5675,22.177,2.609
5676,22.136,2.569
5677,22.111,2.546
5678,22.095,2.480
5679,22.135,2.418
5680,22.048,2.637
5681,22.031,2.582
5682,22.055,2.449
5683,22.044,2.463
5684,22.191,2.533
5685,22.261,2.413
5686,22.269,2.516
5687,22.241,2.472
5688,22.260,2.509
5689,22.336,2.506
5690,22.253,2.500
5691,22.259,2.512
5692,22.244,2.493
5693,22.304,2.535
5694,22.266,2.495
5695,22.304,2.561
5696,22.267,2.522
5697,22.254,2.517
5698,22.282,2.455
5699,22.383,2.550
5700,22.316,2.571
5701,22.284,2.566
5702,22.261,2.526
5703,22.279,2.479
5704,22.228,2.547
5705,22.149,2.494
5706,22.218,2.559
5707,22.224,2.635
5708,22.346,2.502
5709,22.404,2.487
5710,22.342,2.522
5711,22.426,2.529
5712,22.322,2.539
5713,22.301,2.495
5714,22.276,2.625
5715,22.315,2.499
5716,22.250,2.554
5717,22.395,2.592
5718,22.219,2.611
5719,22.353,2.683
5720,22.419,2.659
5721,22.342,2.633
5722,22.347,2.631
5723,22.368,2.521
5724,22.305,2.501
5725,22.350,2.583
5726,22.361,2.529
5727,22.461,2.446
5728,22.361,2.591
5729,22.334,2.587
5730,22.315,2.524
5731,22.353,2.671
5732,22.283,2.569
5733,22.310,2.613
5734,22.318,2.565
5735,22.210,2.597
5736,22.200,2.662
5737,22.169,2.543
5738,22.100,2.547
5739,22.141,2.516
5740,22.096,2.625
5741,22.036,2.566
5742,22.088,2.532
5743,22.140,2.594
5744,22.181,2.546
5745,22.237,2.655
5746,22.213,2.589
5747,22.266,2.749
5748,22.322,2.544
5749,22.407,2.506
5750,22.405,2.524
5751,22.439,2.533
5752,22.325,2.643
5753,22.283,2.574
5754,22.395,2.588
5755,22.331,2.625
5756,22.334,2.641
5757,22.259,2.565
5758,22.220,2.614
5759,22.240,2.619
5760,22.499,2.688
5761,8.593,2.612
5762,22.495,2.562
5763,22.454,2.521
5764,22.550,2.593
5765,22.562,2.559
5766,22.509,2.608
5767,22.536,2.641
5768,22.570,2.579
5769,22.463,2.613
5770,22.460,2.570
5771,22.494,2.596
5772,22.471,2.520
5773,22.506,2.600
5774,22.533,2.591
5775,22.560,2.468
5776,22.602,2.608
5777,22.679,2.659
5778,22.553,2.660
5779,22.580,2.574
5780,22.539,2.512
5781,22.465,2.488
5782,22.445,2.440
5783,22.493,2.505
5784,22.511,2.448
5785,22.573,2.677
5786,22.592,2.603
5787,22.660,2.574
5788,22.567,2.633
5789,22.788,2.622
5790,22.835,2.763
5791,22.363,2.689
5792,22.783,2.678
5793,22.575,2.768
5794,22.543,2.672
5795,22.585,2.701
5796,22.894,2.692
5797,22.471,2.670
5798,22.544,2.710
5799,22.517,2.710
5800,22.486,2.780
5801,22.530,2.784
5802,22.857,2.737
5803,22.905,2.701
5804,22.729,2.687
5805,22.784,2.633
5806,22.820,2.736
5807,22.894,2.773
5808,22.420,2.764
5809,22.809,2.674
5810,22.805,2.665
5811,22.452,2.574
5812,22.472,2.653
5813,22.505,2.613
5814,22.435,2.689
5815,22.469,2.578
5816,22.497,2.683
5817,22.623,2.722
5818,22.668,2.710
5819,22.902,2.705
5820,22.945,2.790
5821,22.934,2.710
5822,22.909,2.810
5823,22.865,2.785
5824,22.541,2.907
5825,22.545,2.796
5826,22.569,2.885
5827,22.713,2.904
5828,22.789,2.756
5829,22.634,2.760
5830,22.615,2.614
5831,22.538,2.775
5832,22.533,2.642
5833,22.588,2.709
5834,22.536,2.775
5835,22.504,2.613
5836,22.543,2.644
5837,22.378,2.684
5838,22.470,2.768
5839,22.533,2.821
5840,22.556,2.822
5841,22.529,2.691
5842,22.434,2.703
5843,22.503,2.773
5844,22.439,2.798
5845,22.425,2.712
5846,22.474,2.730
5847,22.376,2.820
5848,22.408,2.712
5849,22.435,2.888
5850,22.499,2.714
5851,22.538,2.816
5852,22.453,2.835
5853,22.400,2.638
5854,22.509,2.662
5855,22.443,2.697
5856,22.465,2.794
5857,22.455,2.711
5858,22.427,2.744
5859,22.476,2.573
5860,22.401,2.606
5861,22.491,2.547
5862,22.527,2.605
5863,22.506,2.606
5864,22.473,2.694
5865,22.533,2.428
5866,22.598,2.456
5867,22.581,2.526
5868,22.638,2.462
5869,22.525,2.535
5870,22.533,2.470
5871,22.499,2.403
5872,22.528,2.507
5873,22.489,2.515
5874,22.498,2.407
5875,22.449,2.375
5876,22.398,2.522
5877,22.377,2.533
5878,22.377,2.619
5879,22.421,2.594
5880,22.387,2.628
5881,22.420,2.573
5882,22.470,2.711
5883,22.512,2.709
5884,22.310,2.640
5885,22.384,2.652
5886,22.342,2.549
5887,22.322,2.680
5888,22.301,2.618
5889,22.314,2.694
5890,22.370,2.557
5891,22.411,2.605
5892,22.293,2.722
5893,22.282,2.706
5894,22.293,2.684
5895,22.274,2.640
5896,22.307,2.691
5897,22.198,2.668
5898,22.257,2.578
5899,22.270,2.616
5900,22.292,2.508
5901,22.320,2.703
5902,22.323,2.645
5903,22.257,2.681
5904,22.342,2.672
5905,22.439,2.735
5906,22.414,2.654
5907,22.507,2.713
5908,22.444,2.733
5909,22.378,2.769
5910,22.433,2.830
5911,22.453,2.835
5912,22.437,2.883
5913,22.378,2.729
5914,22.458,2.658
5915,22.375,2.683
5916,22.417,2.717
5917,22.376,2.651
5918,22.362,2.686
5919,22.288,2.610
5920,22.450,2.707
5921,22.489,2.756
5922,22.488,2.668
5923,22.446,2.666
5924,22.447,2.666
5925,22.485,2.728
5926,22.513,2.653
5927,22.476,2.573
5928,22.592,2.635
5929,22.683,2.535
5930,22.525,2.541
5931,22.488,2.474
5932,22.489,2.570
5933,22.452,2.651
5934,22.417,2.524
5935,22.382,2.511
5936,22.425,2.595
5937,22.524,2.547
5938,22.573,2.672
5939,22.571,2.538
5940,22.638,2.666
5941,22.623,2.698
5942,22.613,2.637
5943,22.548,2.664
5944,22.550,2.707
5945,22.436,2.658
5946,22.606,2.629
5947,22.588,2.611
5948,22.517,2.674
5949,22.463,2.634
5950,22.448,2.645
5951,22.548,2.608
5952,22.572,2.617
5953,22.605,2.754
5954,22.526,2.639
5955,22.478,2.631
5956,22.511,2.622
5957,22.459,2.591
5958,22.348,2.676
5959,22.401,2.642
5960,22.314,2.575
5961,22.456,2.590
5962,22.468,2.606
5963,22.525,2.519
5964,22.523,2.620
5965,22.615,2.527
5966,22.506,2.469
5967,22.462,2.601
5968,22.423,2.564
5969,22.576,2.441
5970,22.653,2.446
5971,22.725,2.515
5972,22.776,2.463
5973,22.711,2.501
5974,22.641,2.572
5975,22.633,2.495
5976,22.628,2.521
5977,22.635,2.542
5978,22.655,2.555
5979,22.763,2.577
5980,22.740,2.560
5981,22.631,2.421
5982,22.539,2.455
5983,22.604,2.497
5984,22.607,2.550
5985,22.513,2.483
5986,22.571,2.494
5987,22.624,2.475
5988,22.531,2.616
5989,22.619,2.546
5990,22.586,2.635
5991,22.768,2.601
5992,22.591,2.507
5993,22.585,2.503
5994,22.747,2.471
5995,22.655,2.592
5996,22.699,2.665
5997,22.624,2.615
5998,22.747,2.631
5999,22.661,2.628
6000,22.701,2.547
6001,22.636,2.503
6002,22.634,2.645
6003,22.688,2.647
6004,22.631,2.604
6005,22.600,2.595
6006,22.584,2.553
6007,22.565,2.711
6008,22.654,2.608
6009,22.620,2.674
6010,22.574,2.652
6011,22.546,2.619
6012,22.458,2.735
6013,22.425,2.596
6014,22.424,2.637
6015,22.496,2.740
6016,22.381,2.502
6017,22.407,2.532
6018,22.443,2.533
6019,22.550,2.620
6020,22.483,2.598
6021,22.491,2.562
6022,22.480,2.578
6023,22.500,2.632
6024,22.576,2.683
6025,22.581,2.629
6026,22.557,2.662
6027,22.539,2.598
6028,22.484,2.562
6029,22.389,2.543
6030,22.482,2.593
6031,22.471,2.550
6032,22.398,2.540
6033,22.426,2.565
6034,22.481,2.598
6035,22.630,2.598
6036,22.662,2.496
6037,22.485,2.504
6038,22.591,2.473
6039,22.679,2.562
6040,22.731,2.536
6041,22.655,2.585
6042,22.601,2.498
6043,22.572,2.574
6044,22.472,2.468
6045,22.566,2.542
6046,22.550,2.592
6047,22.547,2.571
6048,22.620,2.615
6049,22.625,2.643
6050,22.581,2.634
6051,22.608,2.680
6052,22.756,2.585
6053,22.615,2.636
6054,22.669,2.662
6055,22.499,2.616
6056,22.526,2.605
6057,22.585,2.626
6058,22.557,2.592
6059,22.570,2.567
6060,22.553,2.621
6061,22.572,2.565
6062,22.674,2.636
6063,22.644,2.575
6064,22.671,2.573
6065,22.529,2.579
6066,22.665,2.650
6067,22.591,2.732
6068,22.560,2.577
6069,22.596,2.666
6070,22.563,2.651
6071,22.592,2.603
6072,22.673,2.687
6073,22.641,2.608
6074,22.663,2.712
6075,22.760,2.697
6076,22.689,2.747
6077,22.659,2.650
6078,22.668,2.763
6079,22.578,2.697
6080,22.490,2.705
6081,22.469,2.669
6082,22.483,2.788
6083,22.412,2.605
6084,22.470,2.607
6085,22.513,2.571
6086,22.428,2.537
6087,22.476,2.620
6088,22.431,2.566
6089,22.459,2.690
6090,22.444,2.749
6091,22.354,2.633
6092,22.405,2.577
6093,22.376,2.705
6094,22.315,2.649
6095,22.350,2.628
6096,22.359,2.575
6097,22.317,2.655
6098,22.377,2.605
6099,22.466,2.736
6100,22.450,2.693
6101,22.519,2.730
6102,22.514,2.661
6103,22.462,2.635
6104,22.503,2.597
6105,22.487,2.611
6106,22.607,2.784
6107,22.644,2.734
6108,22.687,2.660
6109,22.679,2.702
6110,22.625,2.722
6111,22.535,2.728
6112,22.534,2.564
6113,22.442,2.691
6114,22.547,2.588
6115,22.552,2.582
6116,22.427,2.642
6117,22.385,2.584
6118,22.362,2.686
6119,22.446,2.631
6120,22.425,2.663
6121,22.390,2.599
6122,22.442,2.670
6123,22.481,2.663
6124,22.410,2.636
6125,22.397,2.599
6126,22.329,2.641
6127,22.382,2.554
6128,22.396,2.634
6129,22.449,2.570
6130,22.491,2.623
6131,22.485,2.615
6132,22.484,2.537
6133,22.552,2.628
6134,22.368,2.651
6135,22.345,2.480
6136,22.365,2.589
6137,22.414,2.541
6138,22.388,2.554
6139,22.378,2.594
6140,22.400,2.532
6141,22.268,2.632
6142,22.407,2.597
6143,22.427,2.601
6144,22.330,2.619
6145,22.376,2.603
6146,22.416,2.612
6147,22.457,2.549
6148,22.404,2.544
6149,22.157,2.641
6150,22.117,2.624
6151,22.138,2.681
6152,22.198,2.591
6153,22.237,2.582
6154,22.157,2.566
6155,22.347,2.591
6156,22.298,2.535
6157,22.246,2.577
6158,22.141,2.623
6159,22.152,2.645
6160,22.099,2.623
6161,22.067,2.617
6162,22.240,2.680
6163,22.186,2.653
6164,22.081,2.589
6165,22.028,2.518
6166,22.069,2.589
6167,22.036,2.582
6168,22.044,2.663
6169,21.934,2.618
6170,21.991,2.549
6171,22.064,2.496
6172,21.983,2.427
6173,21.848,2.576
6174,21.982,2.547
6175,21.859,2.504
6176,22.091,2.567
6177,22.065,2.576
6178,22.027,2.596
6179,22.060,2.593
6180,22.170,2.593
6181,22.145,2.571
6182,22.157,2.514
6183,22.158,2.419
6184,22.144,2.601
6185,22.149,2.659
6186,22.195,2.650
6187,22.139,2.652
6188,22.256,2.538
6189,22.192,2.514
6190,22.164,2.566
6191,22.231,2.505
6192,22.270,2.502
6193,22.238,2.523
6194,22.307,2.577
6195,22.282,2.556
6196,22.234,2.534
6197,22.180,2.561
6198,22.245,2.557
6199,22.174,2.543
6200,22.240,2.527
6201,22.257,2.457
6202,22.226,2.549
6203,22.355,2.610
6204,22.283,2.578
6205,22.246,2.575
6206,22.208,2.557
6207,22.198,2.619
6208,22.247,2.546
6209,22.309,2.619
6210,22.286,2.725
6211,22.313,2.628
6212,22.232,2.684
6213,22.428,2.605
6214,22.409,2.736
6215,22.417,2.726
6216,22.349,2.664
6217,22.349,2.577
6218,22.315,2.636
6219,22.333,2.596
6220,22.253,2.704
6221,22.312,2.729
6222,22.287,2.703
6223,22.280,2.633
6224,22.273,2.564
6225,22.258,2.529
6226,22.228,2.646
6227,22.228,2.647
6228,22.151,2.645
6229,22.268,2.570
6230,22.287,2.583
6231,22.347,2.555
6232,22.272,2.630
6233,22.385,2.680
6234,22.224,2.544
6235,22.190,2.707
6236,22.123,2.648
6237,22.137,2.610
6238,22.206,2.669
6239,22.262,2.626
6240,22.242,2.606
6241,22.255,2.630
6242,22.221,2.715
6243,22.170,2.706
6244,22.226,2.701
6245,22.172,2.589
6246,22.121,2.646
6247,22.181,2.693
6248,22.209,2.621
6249,22.217,2.816
6250,22.158,2.728
6251,22.270,2.625
6252,22.172,2.716
6253,22.425,2.835
6254,22.463,2.838
6255,22.480,2.955
6256,22.473,2.864
6257,22.483,2.731
6258,22.379,2.808
6259,22.432,2.796
6260,22.460,2.863
6261,22.450,2.923
6262,22.542,2.837
6263,22.292,2.851
6264,22.543,2.749
6265,22.287,2.692
6266,22.255,2.788
6267,22.119,2.825
6268,22.095,2.823
6269,22.026,2.823
6270,22.323,2.718
6271,22.230,2.664
6272,22.110,2.687
6273,22.262,2.586
6274,22.310,2.736
6275,22.155,2.707
6276,22.304,2.719
6277,22.436,2.636
6278,22.385,2.871
6279,22.536,2.791
6280,22.427,2.787
6281,22.292,2.721
6282,22.361,2.775
6283,22.360,2.740
6284,22.424,2.727
6285,22.283,2.746
6286,22.206,2.681
6287,22.257,2.684
6288,22.283,2.612
6289,22.284,2.604
6290,22.431,2.638
6291,22.351,2.649
6292,22.356,2.719
6293,22.386,2.585
6294,22.330,2.716
6295,22.331,2.707
6296,22.242,2.760
6297,22.336,2.789
6298,22.198,2.762
6299,22.229,2.665
6300,22.304,2.822
6301,22.364,2.762
6302,22.315,2.742
6303,22.339,2.756
6304,22.267,2.683
6305,22.208,2.818
6306,22.297,2.788
6307,22.310,2.779
6308,22.412,2.703
6309,22.408,2.706
6310,22.299,2.702
6311,22.292,2.804
6312,22.260,2.754
6313,22.335,2.790
6314,22.260,2.757
6315,22.204,2.774
6316,22.367,2.796
6317,22.350,2.790
6318,22.481,2.752
6319,22.531,2.614
6320,22.529,2.720
6321,22.551,2.708
6322,22.425,2.735
6323,22.508,2.566
6324,22.542,2.610
6325,22.454,2.613
6326,22.438,2.553
6327,22.259,2.693
6328,22.460,2.586
6329,22.259,2.587
6330,22.229,2.577
6331,22.199,2.701
6332,22.326,2.682
6333,22.261,2.694
6334,22.285,2.683
6335,22.356,2.658
6336,22.424,2.564
6337,22.439,2.552
6338,22.344,2.639
6339,22.331,2.614
6340,22.246,2.614
6341,22.287,2.564
6342,22.310,2.628
6343,22.174,2.583
6344,22.246,2.606
6345,22.342,2.665
6346,22.280,2.720
6347,22.319,2.590
6348,22.246,2.618
6349,22.217,2.638
6350,22.297,2.546
6351,22.192,2.741
6352,22.241,2.647
6353,22.262,2.631
6354,22.315,2.733
6355,22.129,2.664
6356,22.126,2.588
6357,22.127,2.536
6358,22.101,2.534
6359,22.049,2.634
6360,22.010,2.551
6361,22.047,2.681
6362,22.095,2.640
6363,22.161,2.640
6364,22.488,2.655
6365,22.593,2.615
6366,22.452,2.686
6367,22.568,2.710
6368,22.502,2.653
6369,22.148,2.680
6370,22.064,2.623
6371,22.012,2.699
6372,21.940,2.683
6373,22.098,2.513
6374,22.138,2.509
6375,22.111,2.603
6376,22.194,2.480
6377,22.170,2.476
6378,22.310,2.499
6379,22.271,2.510
6380,22.261,2.545
6381,22.228,2.461
6382,22.207,2.490
6383,22.180,2.474
6384,22.183,2.550
6385,22.651,2.533
6386,22.661,2.435
6387,22.260,2.474
6388,22.342,2.501
6389,22.680,2.457
6390,22.668,2.509
6391,22.688,2.582
6392,22.681,2.528
6393,22.410,2.567
6394,22.415,2.614
6395,22.323,2.604
6396,22.277,2.630
6397,22.384,2.650
6398,22.357,2.545
6399,22.325,2.540
6400,22.249,2.604
6401,22.369,2.547
6402,22.410,2.537
6403,22.407,2.585
6404,22.388,2.523
6405,22.452,2.574
6406,22.423,2.487
6407,22.453,2.529
6408,22.424,2.510
6409,22.437,2.509
6410,22.431,2.506
6411,22.536,2.575
6412,22.433,2.596
6413,22.295,2.600
6414,22.576,2.743
6415,22.719,2.550
6416,22.576,2.561
6417,22.737,2.586
6418,22.643,2.490
6419,22.628,2.503
6420,22.646,2.542
6421,22.622,2.565
6422,22.607,2.589
6423,22.421,2.577
6424,22.494,2.635
6425,22.440,2.571
6426,22.403,2.640
6427,22.321,2.709
6428,22.276,2.684
6429,22.347,2.743
6430,22.307,2.658
6431,22.309,2.462
6432,22.278,2.542
6433,22.280,2.531
6434,22.465,2.643
6435,22.397,2.571
6436,22.602,2.589
6437,22.547,2.523
6438,22.585,2.571
6439,22.506,2.608
6440,22.558,2.575
6441,22.776,2.536
6442,22.912,2.507
6443,22.531,2.553
6444,22.825,2.520
6445,22.868,2.491
6446,22.435,2.555
6447,22.743,2.539
6448,22.884,2.562
6449,22.961,2.598
6450,22.953,2.673
6451,22.779,2.510
6452,22.757,2.643
6453,22.738,2.629
6454,22.741,2.658
6455,22.842,2.613
6456,22.755,2.564
6457,22.888,2.709
6458,22.881,2.726
6459,22.813,2.768
6460,22.861,2.664
6461,22.798,2.778
6462,22.828,2.701
6463,22.796,2.705
6464,22.776,2.792
6465,22.637,2.719
6466,22.744,2.718
6467,22.621,2.634
6468,22.587,2.666
6469,22.753,2.653
6470,22.655,2.681
6471,22.713,2.606
6472,22.690,2.692
6473,22.749,2.622
6474,22.654,2.671
6475,22.578,2.650
6476,22.555,2.714
6477,22.560,2.578
6478,22.649,2.634
6479,22.731,2.531
6480,22.716,2.595
6481,22.725,2.531
6482,22.678,2.572
6483,22.690,2.509
6484,22.708,2.463
6485,22.775,2.524
6486,22.776,2.599
6487,22.715,2.697
6488,22.762,2.637
6489,22.751,2.769
6490,22.793,2.758
6491,22.779,2.848
6492,22.640,2.779
6493,22.728,2.940
6494,22.651,2.948
6495,22.695,2.932
6496,22.758,2.675
6497,22.762,2.700
6498,22.595,2.659
6499,22.673,2.745
6500,22.609,2.744
6501,22.626,2.582
6502,22.664,2.675
6503,22.558,2.691
6504,22.660,2.622
6505,22.733,2.626
6506,22.695,2.619
6507,22.836,2.585
6508,22.802,2.623
6509,22.779,2.635
6510,22.788,2.651
6511,22.756,2.641
6512,22.652,2.758
6513,22.687,2.672
6514,22.639,2.583
6515,22.839,2.629
6516,22.811,2.678
6517,22.816,2.685
6518,22.864,2.614
6519,22.727,2.554
6520,22.943,2.581
6521,8.542,2.602
6522,8.509,2.560
6523,22.967,2.667
6524,23.011,2.711
6525,22.957,2.658
6526,22.941,2.696
6527,22.866,2.692
6528,22.921,2.658
6529,22.870,2.614
6530,22.919,2.599
6531,22.842,2.543
6532,22.939,2.551
6533,23.042,2.803
6534,22.950,2.645
6535,22.962,2.723
6536,23.022,2.665
6537,8.406,2.601
6538,22.961,2.586
6539,8.465,2.484
6540,22.911,2.501
6541,22.935,2.547
6542,22.853,2.689
6543,22.828,2.735
6544,22.866,2.647
6545,22.831,2.757
6546,22.871,2.733
6547,22.822,2.756
6548,22.865,2.682
6549,22.913,2.790
6550,23.010,2.665
6551,22.925,2.637
6552,22.909,2.733
6553,22.872,2.614
6554,22.838,2.739
6555,22.745,2.639
6556,22.694,2.550
6557,22.848,2.699
6558,22.856,2.743
6559,22.934,2.670
6560,22.930,2.735
6561,22.900,2.709
6562,8.600,2.623
6563,22.972,2.591
6564,23.003,2.559
6565,22.979,2.488
6566,8.483,2.585
6567,22.998,2.608
6568,22.976,2.701
6569,22.951,2.686
6570,22.989,2.669
6571,8.664,2.683
6572,22.916,2.701
6573,22.967,2.708
6574,8.596,2.842
6575,8.625,2.846
6576,8.668,2.821
6577,8.704,2.780
6578,8.637,2.794
6579,8.659,2.816
6580,8.613,2.738
6581,8.540,2.750
6582,8.602,2.702
6583,8.535,2.668
6584,8.603,2.657
6585,8.604,2.717
6586,8.600,2.569
6587,8.635,2.698
6588,8.686,2.668
6589,8.753,2.722
6590,8.717,2.823
6591,8.655,2.734
6592,8.676,2.785
6593,8.620,2.772
6594,8.730,2.857
6595,8.945,2.982
6596,8.864,2.867
6597,8.896,2.922
6598,8.868,2.813
6599,8.855,2.817
6600,8.786,2.907
6601,8.786,2.909
6602,8.748,2.937
6603,8.868,2.891
6604,8.727,2.922
6605,8.651,2.892
6606,8.697,2.842
6607,8.699,2.961
6608,8.493,2.776
6609,8.442,2.784
6610,8.426,2.861
6611,8.407,2.819
6612,8.518,2.794
6613,8.463,2.717
6614,8.494,2.864
6615,8.462,2.909
6616,8.456,2.763
6617,8.408,2.892
6618,8.421,2.847
6619,8.440,2.681
6620,8.476,2.776
6621,8.479,2.827
6622,8.497,2.735
6623,8.518,2.659
6624,8.609,2.654
6625,8.547,2.592
6626,8.667,2.620
6627,8.740,2.797
6628,8.746,2.900
6629,8.709,2.860
6630,8.730,2.804
6631,8.798,2.843
6632,22.802,2.902
6633,22.810,2.937
6634,8.800,2.911
6635,22.759,2.907
6636,22.723,2.761
6637,22.804,2.819
6638,22.806,2.780
6639,22.839,2.900
6640,22.860,2.851
6641,8.888,2.909
6642,22.818,2.946
6643,8.738,2.950
6644,22.832,2.900
6645,22.784,2.878
6646,22.732,2.815
6647,8.767,2.890
6648,22.717,2.937
6649,22.674,2.885
6650,8.741,2.698
6651,8.752,2.923
6652,8.804,2.862
6653,8.651,2.947
6654,8.695,2.899
6655,8.711,2.834
6656,8.585,2.749
6657,8.587,2.760
6658,8.729,2.765
6659,8.721,2.776
6660,8.666,2.723
6661,8.622,2.682
6662,22.648,2.542
6663,8.737,2.617
6664,22.728,2.608
6665,22.579,2.556
6666,22.644,2.548
6667,22.574,2.605
6668,22.665,2.537
6669,22.677,2.588
6670,22.592,2.673
6671,22.522,2.630
6672,22.539,2.725
6673,22.577,2.650
6674,22.666,2.793
6675,22.638,2.801
6676,22.604,2.786
6677,22.624,2.724
6678,22.633,2.795
6679,22.530,2.864
6680,22.569,2.813
6681,22.548,2.699
6682,22.498,2.589
6683,22.614,2.716
6684,22.530,2.655
6685,22.522,2.636
6686,22.392,2.724
6687,22.560,2.796
6688,22.557,2.672
6689,22.526,2.649
6690,22.558,2.702
6691,22.480,2.744
6692,22.558,2.768
6693,22.650,2.673
6694,22.570,2.638
6695,22.661,2.584
6696,22.678,2.696
6697,22.584,2.775
6698,22.545,2.571
6699,22.559,2.555
6700,8.703,2.527
6701,8.599,2.582
6702,8.684,2.635
6703,22.670,2.737
6704,22.612,2.634
6705,22.645,2.627
6706,22.622,2.668
6707,22.523,2.694
6708,22.459,2.713
6709,22.516,2.670
6710,22.456,2.553
6711,22.425,2.631
6712,22.493,2.594
6713,22.429,2.661
6714,22.437,2.755
6715,22.373,2.729
6716,22.556,2.619
6717,22.666,2.592
6718,22.694,2.763
6719,22.663,2.735
6720,22.592,2.699
6721,22.575,2.767
6722,22.600,2.693
6723,8.729,2.675
6724,8.870,2.559
6725,8.766,2.553
6726,8.794,2.631
6727,8.785,2.670
6728,8.951,2.617
6729,8.828,2.609
6730,8.853,2.537
6731,8.851,2.563
6732,8.990,2.540
6733,8.917,2.494
6734,8.877,2.601
6735,8.824,2.643
6736,8.802,2.593
6737,8.885,2.827
6738,22.575,2.680
6739,22.693,2.726
6740,22.644,2.702
6741,22.559,2.651
6742,22.555,2.582
6743,8.893,2.594
6744,22.611,2.508
6745,22.625,2.787
6746,9.069,2.702
6747,8.839,2.636
6748,9.122,2.766
6749,9.044,2.621
6750,9.135,2.611
6751,9.067,2.690
6752,8.988,2.633
6753,9.100,2.724
6754,9.010,2.689
6755,8.838,2.590
6756,8.854,2.671
6757,8.795,2.637
6758,8.700,2.605
6759,8.651,2.613
6760,8.751,2.583
6761,8.748,2.618
6762,8.666,2.553
6763,8.644,2.588
6764,8.746,2.535
6765,8.759,2.491
6766,8.638,2.473
6767,8.668,2.495
6768,8.579,2.479
6769,8.553,2.481
6770,8.541,2.473
6771,8.466,2.440
6772,8.445,2.505
6773,8.421,2.642
6774,8.457,2.636
6775,8.349,2.516
6776,8.394,2.610
6777,8.462,2.624
6778,8.502,2.627
6779,8.454,2.661
6780,8.573,2.680
6781,8.334,2.450
6782,8.369,2.572
6783,8.472,2.572
6784,8.555,2.606
6785,22.253,2.491
6786,22.281,2.509
6787,8.505,2.452
6788,8.341,2.489
6789,8.394,2.522
6790,8.343,2.545
6791,8.405,2.465
6792,8.265,2.492
6793,8.347,2.558
6794,22.154,2.520
6795,8.292,2.503
6796,8.291,2.596
6797,8.434,2.570
6798,8.545,2.633
6799,8.550,2.659
6800,8.515,2.649
6801,8.535,2.691
6802,8.503,2.627
6803,8.434,2.619
6804,8.490,2.556
6805,8.484,2.579
6806,8.473,2.532
6807,8.450,2.667
6808,8.502,2.672
6809,8.397,2.576
6810,8.408,2.595
6811,8.394,2.610
6812,8.474,2.684
6813,8.389,2.616
6814,8.461,2.799
6815,8.431,2.655
6816,8.415,2.723
6817,8.361,2.571
6818,8.358,2.535
6819,8.284,2.525
6820,8.367,2.579
6821,8.356,2.498
6822,8.379,2.508
6823,8.497,2.648
6824,8.566,2.639
6825,8.575,2.615
6826,8.522,2.636
6827,8.473,2.587
6828,8.489,2.573
6829,8.497,2.541
6830,8.551,2.624
6831,8.502,2.579
6832,8.521,2.626
6833,8.426,2.513
6834,8.586,2.629
6835,8.578,2.703
6836,8.595,2.616
6837,8.612,2.603
6838,8.436,2.642
6839,8.497,2.594
6840,8.478,2.580
6841,8.418,2.596
6842,8.442,2.695
6843,8.428,2.646
6844,8.369,2.653
6845,8.396,2.658
6846,8.566,2.765
6847,8.602,2.756
6848,8.554,2.630
6849,8.689,2.676
6850,8.693,2.717
6851,8.711,2.695
6852,8.683,2.771
6853,8.705,2.571
6854,8.591,2.637
6855,8.710,2.721
6856,8.603,2.619
6857,8.476,2.608
6858,8.492,2.619
6859,8.588,2.579
6860,8.550,2.655
6861,8.492,2.543
6862,8.430,2.489
6863,8.604,2.555
6864,8.658,2.580
6865,8.677,2.599
6866,8.675,2.590
6867,8.699,2.604
6868,8.644,2.623
6869,8.609,2.649
6870,8.696,2.634
6871,8.626,2.482
6872,8.630,2.568
6873,8.562,2.629
6874,8.577,2.629
6875,8.620,2.713
6876,8.508,2.687
6877,8.658,2.662
6878,8.665,2.636
6879,8.597,2.683
6880,8.556,2.635
6881,8.629,2.745
6882,8.560,2.770
6883,8.529,2.723
6884,8.429,2.622
6885,8.443,2.624
6886,8.379,2.643
6887,8.360,2.680
6888,8.355,2.692
6889,8.323,2.710
6890,8.377,2.668
6891,8.405,2.636
6892,8.402,2.638
6893,8.415,2.643
6894,8.445,2.547
6895,8.469,2.625
6896,8.489,2.670
6897,8.497,2.531
6898,8.527,2.548
6899,8.403,2.574
6900,8.381,2.611
6901,8.350,2.568
6902,8.413,2.591
6903,8.354,2.573
6904,8.342,2.634
6905,8.460,2.661
6906,8.531,2.762
6907,8.402,2.647
6908,8.501,2.626
6909,8.616,2.713
6910,8.539,2.689
6911,8.572,2.566
6912,8.580,2.593
6913,8.635,2.596
6914,8.584,2.622
6915,8.623,2.648
6916,8.462,2.646
6917,8.457,2.689
6918,8.448,2.632
6919,8.592,2.858
6920,8.487,2.832
6921,8.676,2.667
6922,8.667,2.800
6923,8.657,2.803
6924,8.628,2.767
6925,8.540,2.701
6926,8.467,2.690
6927,8.582,2.743
6928,8.642,2.707
6929,8.723,2.652
6930,8.656,2.654
6931,8.689,2.706
6932,8.812,2.758
6933,8.793,2.763
6934,8.833,2.716
6935,8.797,2.697
6936,8.850,2.762
6937,8.835,2.826
6938,8.827,2.810
6939,8.756,2.704
6940,8.849,2.761
6941,8.835,2.673
6942,8.783,2.804
6943,8.848,2.813
6944,8.814,2.843
6945,8.770,2.893
6946,8.843,2.791
6947,8.789,2.841
6948,8.776,2.766
6949,8.785,2.814
6950,8.831,2.808
6951,8.868,2.837
6952,8.837,2.853
6953,8.784,2.833
6954,8.743,2.820
6955,8.902,2.751
6956,8.975,2.756
6957,22.015,2.808
6958,8.852,2.681
6959,8.860,2.669
6960,8.827,2.751
6961,8.881,2.794
6962,8.803,2.827
6963,8.887,2.798
6964,8.874,2.899
6965,8.942,2.857
6966,8.767,2.798
6967,8.695,2.791
6968,8.760,2.790
6969,8.874,2.636
6970,8.999,2.626
6971,22.233,2.614
6972,8.993,2.543
6973,22.179,2.626
6974,22.146,2.741
6975,9.060,2.631
6976,9.078,2.632
6977,9.088,2.700
6978,8.969,2.587
6979,22.271,2.586
6980,9.121,2.719
6981,22.319,2.749
6982,9.009,2.638
6983,9.163,2.732
6984,22.346,2.660
6985,8.905,2.776
6986,8.987,2.606
6987,9.185,2.799
6988,9.389,2.673
6989,9.359,2.705
6990,22.320,2.814
6991,9.246,2.886
6992,22.449,2.787
6993,9.091,2.775
6994,9.035,2.848
6995,9.190,2.909
6996,9.343,2.922
6997,9.355,2.815
6998,9.279,2.866
6999,9.046,2.842
7000,9.040,2.828
7001,9.096,2.841
7002,9.224,2.943
7003,9.144,2.919
7004,9.202,2.869
7005,9.236,2.795
7006,9.106,2.813
7007,9.103,2.760
7008,9.038,2.902
7009,9.010,2.947
7010,8.953,2.996
7011,22.237,2.764
7012,8.842,2.774
7013,22.314,2.792
7014,22.336,2.916
7015,8.849,2.957
7016,8.794,2.826
7017,8.784,2.816
7018,8.981,2.839
7019,8.961,2.892
7020,8.913,2.788
7021,8.976,2.912
7022,8.951,2.938
7023,9.063,3.015
7024,9.036,2.974
7025,9.090,3.003
7026,9.206,2.919
7027,9.102,2.914
7028,9.230,3.068
7029,9.179,2.937
7030,9.298,2.963
7031,9.251,2.974
7032,9.287,2.861
7033,9.344,2.855
7034,9.436,2.877
7035,9.537,2.875
7036,9.420,2.781
7037,9.442,2.835
7038,9.480,2.856
7039,9.565,2.882
7040,9.588,2.852
7041,9.568,2.908
7042,9.507,2.906
7043,9.415,2.829
7044,9.370,2.836
7045,9.404,2.813
7046,8.442,2.818
7047,8.518,2.820
7048,8.514,2.907
7049,8.389,2.799
7050,8.376,2.801
7051,8.538,2.739
7052,8.412,2.764
7053,9.519,2.792
7054,8.395,2.765
7055,8.380,2.749
7056,8.334,2.825
7057,8.545,2.895
7058,8.396,2.748
7059,8.505,2.776
7060,8.462,2.756
7061,8.410,2.796
7062,8.312,2.658
7063,9.557,2.742
7064,8.427,2.760
7065,8.373,2.708
7066,8.444,2.830
7067,8.318,2.877
7068,8.285,2.782
7069,8.256,2.821
7070,8.281,2.998
7071,8.351,2.828
7072,8.390,2.795
7073,8.540,2.834
7074,8.678,2.875
7075,8.641,2.769
7076,8.632,2.813
7077,8.579,2.778
7078,8.561,2.850
7079,8.586,2.885
7080,8.541,2.852
7081,8.449,2.710
7082,8.521,2.870
7083,9.651,2.886
7084,9.525,2.814
7085,8.521,2.900
7086,8.466,2.776
7087,8.642,2.718
7088,8.615,2.747
7089,8.578,2.755
7090,8.427,2.816
7091,8.649,2.856
7092,8.574,2.767
7093,8.622,2.891
7094,8.670,2.807
7095,8.518,2.746
7096,8.574,2.691
7097,8.395,2.720
7098,8.506,2.748
7099,8.429,2.639
7100,8.304,2.617
7101,8.324,2.808
7102,8.477,2.808
7103,8.426,2.732
7104,8.306,2.773
7105,8.270,2.843
7106,8.399,2.751
7107,8.377,2.749
7108,8.400,2.828
7109,8.322,2.744
7110,8.376,2.870
7111,8.204,2.826
7112,8.243,2.770
7113,8.263,2.762
7114,8.277,2.763
7115,8.325,2.779
7116,8.256,2.780
7117,8.312,2.691
7118,8.360,2.761
7119,8.398,2.718
7120,8.218,2.725
7121,8.364,2.783
7122,8.439,2.847
7123,8.488,2.866
7124,9.658,2.896
7125,9.671,2.796
7126,9.552,2.736
7127,9.668,2.736
7128,8.639,2.730
7129,8.622,2.762
7130,9.716,2.807
7131,9.902,2.800
7132,8.754,2.735
7133,9.883,2.826
7134,9.859,2.857
7135,9.900,2.919
7136,9.763,2.849
7137,9.735,2.834
7138,9.482,2.846
7139,9.539,2.867
7140,9.457,2.787
7141,9.556,2.764
7142,9.612,2.834
7143,9.577,2.835
7144,9.650,2.808
7145,9.687,2.809
7146,9.679,2.706
7147,9.537,2.571
7148,9.661,2.619
7149,9.671,2.730
7150,9.511,2.600
7151,9.599,2.704
7152,8.718,2.736
7153,8.682,2.696
7154,8.741,2.569
7155,8.675,2.634
7156,8.732,2.649
7157,8.780,2.633
7158,8.884,2.618
7159,8.800,2.598
7160,8.842,2.642
7161,8.892,2.597
7162,9.802,2.551
7163,8.842,2.599
7164,8.798,2.615
7165,8.830,2.636
7166,8.815,2.604
7167,9.606,2.662
7168,8.587,2.532
7169,8.780,2.686
7170,8.605,2.627
7171,8.680,2.630
7172,8.549,2.588
7173,8.560,2.609
7174,8.429,2.577
7175,8.354,2.705
7176,8.336,2.726
7177,8.333,2.749
7178,8.406,2.768
7179,8.355,2.799
7180,9.284,2.817
7181,8.487,2.709
7182,8.453,2.714
7183,8.407,2.631
7184,8.423,2.628
7185,8.454,2.652
7186,8.614,2.659
7187,8.474,2.692
7188,8.489,2.673
7189,9.416,2.689
7190,9.307,2.621
7191,8.223,2.564
7192,8.201,2.533
7193,9.188,2.642
7194,9.231,2.607
7195,8.266,2.646
7196,8.457,2.700
7197,8.359,2.728
7198,8.321,2.650
7199,8.297,2.652
7200,8.344,2.607
7201,8.260,2.698
7202,8.220,2.672
7203,8.419,2.579
7204,8.303,2.460
7205,8.347,2.588
7206,9.326,2.521
7207,9.309,2.567
7208,9.323,2.670
7209,9.392,2.613
7210,9.415,2.624
7211,9.285,2.559
7212,9.242,2.582
7213,9.241,2.635
7214,9.168,2.517
7215,9.062,2.537
7216,9.055,2.609
7217,9.126,2.600
7218,9.126,2.662
7219,8.158,2.706
7220,8.113,2.707
7221,8.106,2.719
7222,8.033,2.743
7223,7.989,2.707
7224,8.072,2.634
7225,8.068,2.632
7226,7.977,2.648
7227,7.950,2.539
7228,7.973,2.640
7229,8.029,2.771
7230,8.024,2.718
7231,7.990,2.692
7232,8.043,2.655
7233,7.978,2.659
7234,7.946,2.603
7235,7.876,2.537
7236,7.968,2.589
7237,8.009,2.532
7238,8.128,2.629
7239,8.198,2.606
7240,8.275,2.667
7241,8.272,2.718
7242,8.331,2.702
7243,8.267,2.638
7244,8.152,2.713
7245,8.185,2.656
7246,8.127,2.786
7247,8.185,2.620
7248,8.181,2.600
7249,8.200,2.718
7250,8.252,2.634
7251,8.085,2.590
7252,8.143,2.628
7253,7.975,2.577
7254,8.105,2.589
7255,8.187,2.585
7256,8.172,2.548
7257,8.135,2.583
7258,8.091,2.627
7259,8.094,2.550
7260,8.102,2.525
7261,8.082,2.544
7262,8.202,2.633
7263,8.158,2.667
7264,8.030,2.557
7265,8.000,2.710
7266,7.955,2.727
7267,8.073,2.708
7268,8.064,2.784
7269,8.065,2.643
7270,8.202,2.785
7271,8.114,2.731
7272,8.231,2.756
7273,8.131,2.722
7274,8.229,2.719
7275,8.147,2.664
7276,8.179,2.658
7277,8.160,2.606
7278,8.045,2.612
7279,8.013,2.800
7280,7.903,2.724
7281,7.991,2.630
7282,8.006,2.656
7283,8.028,2.686
7284,7.902,2.577
7285,7.884,2.590
7286,7.922,2.669
7287,7.777,2.673
7288,7.739,2.559
7289,7.757,2.655
7290,7.830,2.617
7291,7.879,2.676
7292,7.899,2.559
7293,7.967,2.706
7294,8.042,2.660
7295,8.004,2.653
7296,8.005,2.625
7297,8.016,2.698
7298,7.937,2.694
7299,8.023,2.769
7300,8.030,2.764
7301,8.017,2.886
7302,8.048,2.821
7303,8.065,2.820
7304,7.888,2.823
7305,7.894,2.737
7306,7.815,2.621
7307,7.838,2.693
7308,7.904,2.700
7309,7.829,2.687
7310,7.830,2.770
7311,7.843,2.755
7312,7.829,2.732
7313,7.814,2.698
7314,7.849,2.661
7315,7.789,2.622
7316,7.901,2.656
7317,7.794,2.656
7318,7.850,2.635
7319,7.930,2.697
7320,7.920,2.631
7321,7.891,2.714
7322,7.799,2.692
7323,7.665,2.682
7324,7.734,2.772
7325,7.785,2.697
7326,7.810,2.701
7327,7.799,2.605
7328,7.836,2.555
7329,7.910,2.592
7330,7.882,2.518
7331,7.768,2.471
7332,7.815,2.634
7333,7.805,2.521
7334,7.948,2.583
7335,7.837,2.602
7336,7.871,2.567
7337,7.928,2.618
7338,8.003,2.600
7339,8.080,2.548
7340,8.117,2.486
7341,8.139,2.448
7342,8.133,2.488
7343,8.099,2.482
7344,8.227,2.564
7345,8.391,2.603
7346,8.346,2.581
7347,8.472,2.546
7348,8.400,2.575
7349,8.374,2.611
7350,8.276,2.593
7351,8.292,2.561
7352,8.315,2.618
7353,8.268,2.533
7354,8.240,2.558
7355,8.197,2.595
7356,8.158,2.615
7357,8.196,2.617
7358,8.348,2.565
7359,8.411,2.547
7360,8.376,2.588
7361,8.299,2.629
7362,8.213,2.589
7363,8.230,2.613
7364,8.210,2.663
7365,8.090,2.640
7366,7.994,2.584
7367,8.021,2.616
7368,8.076,2.643
7369,7.844,2.685
7370,7.866,2.789
7371,7.892,2.820
7372,7.861,2.740
7373,7.920,2.540
7374,7.867,2.639
7375,7.919,2.732
7376,7.901,2.660
7377,7.849,2.648
7378,7.851,2.626
7379,8.066,2.777
7380,8.179,2.790
7381,8.078,2.703
7382,8.136,2.717
7383,8.090,2.654
7384,8.060,2.623
7385,8.146,2.654
7386,8.221,2.651
7387,8.140,2.622
7388,8.224,2.567
7389,8.137,2.598
7390,8.172,2.544
7391,8.285,2.700
7392,8.351,2.613
7393,8.310,2.673
7394,8.128,2.630
7395,8.102,2.659
7396,8.063,2.641
7397,7.927,2.689
7398,7.986,2.766
7399,7.962,2.599
7400,7.909,2.662
7401,7.924,2.587
7402,8.002,2.616
7403,8.076,2.671
7404,8.031,2.622
7405,7.959,2.591
7406,8.005,2.585
7407,8.087,2.624
7408,8.036,2.620
7409,8.037,2.653
7410,7.930,2.597
7411,7.962,2.682
7412,7.940,2.611
7413,8.012,2.682
7414,7.984,2.599
7415,8.193,2.705
7416,8.225,2.651
7417,8.213,2.713
7418,8.095,2.619
7419,8.172,2.705
7420,8.165,2.822
7421,8.192,2.687
7422,8.376,2.796
7423,8.451,2.720
7424,8.499,2.732
7425,8.560,2.702
7426,8.524,2.627
7427,8.538,2.653
7428,8.637,2.760
7429,8.532,2.757
7430,8.438,2.888
7431,8.524,2.891
7432,8.503,2.726
7433,8.268,2.728
7434,8.354,2.738
7435,8.419,2.815
7436,8.383,2.695
7437,8.217,2.694
7438,8.224,2.819
7439,8.271,2.803
7440,8.362,2.728
7441,8.345,2.634
7442,8.333,2.687
7443,8.127,2.612
7444,8.259,2.667
7445,8.081,2.692
7446,7.975,2.571
7447,8.295,2.588
7448,8.199,2.653
7449,8.178,2.646
7450,8.205,2.734
7451,8.110,2.664
7452,8.145,2.703
7453,8.160,2.717
7454,8.277,2.767
7455,8.197,2.753
7456,8.349,2.808
7457,8.275,2.810
7458,8.286,2.838
7459,8.268,2.808
7460,8.171,2.664
7461,8.297,2.605
7462,8.259,2.635
7463,8.292,2.659
7464,8.276,2.606
7465,8.356,2.660
7466,8.295,2.647
7467,8.219,2.590
7468,8.324,2.605
7469,8.242,2.608
7470,8.329,2.634
7471,8.246,2.648
7472,8.222,2.552
7473,8.343,2.637
7474,8.248,2.604
7475,8.442,2.653
7476,8.294,2.646
7477,8.356,2.715
7478,8.437,2.620
7479,8.468,2.702
7480,8.272,2.643
7481,8.268,2.646
7482,8.161,2.653
7483,8.143,2.537
7484,8.091,2.550
7485,8.069,2.677
7486,8.093,2.676
7487,8.224,2.736
7488,8.151,2.701
7489,8.336,2.712
7490,8.217,2.777
7491,8.361,2.807
7492,8.312,2.744
7493,8.344,2.752
7494,8.441,2.692
7495,8.347,2.574
7496,8.275,2.599
7497,8.162,2.719
7498,8.127,2.658
7499,8.064,2.650
7500,8.076,2.749
7501,8.084,2.628
7502,8.078,2.702
7503,8.027,2.662
7504,8.163,2.702
7505,8.206,2.758
7506,8.280,2.678
7507,8.192,2.584
7508,8.381,2.724
7509,8.219,2.630
7510,8.234,2.644
7511,8.266,2.613
7512,8.213,2.715
7513,8.077,2.641
7514,8.185,2.710
7515,8.130,2.652
7516,8.087,2.722
7517,8.085,2.729
7518,7.973,2.654
7519,8.005,2.701
7520,8.173,2.693
7521,8.172,2.691
7522,8.004,2.610
7523,8.086,2.562
7524,8.173,2.596
7525,8.242,2.652
7526,8.320,2.673
7527,8.273,2.744
7528,8.138,2.780
7529,8.120,2.687
7530,8.159,2.708
7531,8.332,2.759
7532,8.340,2.622
7533,8.265,2.648
7534,8.259,2.656
7535,8.300,2.639
7536,8.348,2.650
7537,8.363,2.655
7538,8.307,2.649
7539,8.301,2.715
7540,8.247,2.638
7541,8.347,2.629
7542,8.312,2.767
7543,8.268,2.802
7544,8.183,2.734
7545,8.184,2.698
7546,8.103,2.700
7547,8.182,2.616
7548,8.187,2.617
7549,8.123,2.789
7550,8.227,2.763
7551,8.145,2.671
7552,8.118,2.674
7553,8.180,2.783
7554,8.101,2.612
7555,8.051,2.691
7556,8.201,2.725
7557,8.163,2.736
7558,8.134,2.738
7559,8.111,2.801
7560,8.195,2.695
7561,8.162,2.763
7562,8.245,2.665
7563,8.264,2.610
7564,8.216,2.767
7565,8.170,2.716
7566,8.177,2.695
7567,8.229,2.820
7568,8.140,2.704
7569,8.038,2.715
7570,8.021,2.735
7571,7.987,2.748
7572,8.130,2.796
7573,8.010,2.714
7574,8.012,2.697
7575,8.025,2.625
7576,8.090,2.679
7577,8.081,2.646
7578,8.134,2.734
7579,8.197,2.688
7580,8.043,2.617
7581,7.964,2.706
7582,8.047,2.760
7583,7.953,2.642
7584,8.011,2.708
7585,8.012,2.596
7586,8.064,2.631
7587,8.080,2.595
7588,8.138,2.606
7589,8.199,2.614
7590,8.222,2.599
7591,8.166,2.686
7592,8.241,2.670
7593,8.244,2.623
7594,8.186,2.593
7595,8.185,2.658
7596,8.216,2.728
7597,8.222,2.665
7598,8.169,2.592
7599,8.077,2.576
7600,8.016,2.606
7601,7.969,2.608
7602,8.093,2.677
7603,8.118,2.616
7604,8.023,2.714
7605,7.977,2.631
7606,7.839,2.645
7607,7.983,2.620
7608,8.049,2.646
7609,8.079,2.648
7610,8.106,2.618
7611,8.076,2.595
7612,8.067,2.659
7613,8.156,2.703
7614,8.043,2.690
7615,8.090,2.693
7616,8.099,2.603
7617,8.252,2.580
7618,8.159,2.636
7619,8.250,2.628
7620,8.242,2.515
7621,8.244,2.518
7622,8.343,2.662
7623,8.401,2.656
7624,8.268,2.698
7625,8.240,2.558
7626,8.145,2.596
7627,8.159,2.612
7628,8.288,2.676
7629,8.324,2.663
7630,8.316,2.601
7631,8.169,2.538
7632,8.237,2.621
7633,8.343,2.676
7634,8.248,2.641
7635,8.222,2.689
7636,8.260,2.641
7637,8.356,2.690
7638,8.283,2.618
7639,8.441,2.703
7640,8.354,2.628
7641,8.321,2.646
7642,8.291,2.657
7643,8.265,2.598
7644,8.274,2.618
7645,8.333,2.615
7646,8.261,2.612
7647,8.279,2.633
7648,8.274,2.687
7649,8.254,2.576
7650,9.271,2.588
7651,9.237,2.585
7652,9.185,2.623
7653,9.163,2.596
7654,9.107,2.537
7655,9.067,2.551
7656,9.109,2.562
7657,9.290,2.572
7658,9.229,2.498
7659,9.229,2.522
7660,9.063,2.523
7661,8.914,2.557
7662,9.081,2.646
7663,9.109,2.568
7664,9.058,2.582
7665,9.062,2.635
7666,9.010,2.591
7667,9.086,2.539
7668,9.166,2.584
7669,9.228,2.589
7670,9.428,2.653
7671,9.335,2.598
7672,9.808,2.650
7673,9.399,2.578
7674,10.099,2.668
7675,10.021,2.716
7676,9.878,2.566
7677,9.874,2.524
7678,9.844,2.571
7679,9.967,2.533
7680,9.342,2.524
7681,9.410,2.626
7682,9.268,2.646
7683,9.121,2.610
7684,9.167,2.643
7685,9.055,2.494
7686,9.132,2.549
7687,9.157,2.549
7688,9.133,2.532
7689,9.129,2.561
7690,9.217,2.568
7691,9.177,2.573
7692,9.115,2.557
7693,9.113,2.578
7694,9.050,2.511
7695,9.145,2.494
7696,9.028,2.498
7697,8.987,2.639
7698,8.986,2.690
7699,8.880,2.612
7700,9.454,2.621
7701,9.597,2.559
7702,9.659,2.479
7703,9.037,2.542
7704,8.981,2.447
7705,9.038,2.462
7706,8.928,2.529
7707,8.895,2.426
7708,8.890,2.412
7709,8.795,2.346
7710,8.827,2.579
7711,8.853,2.594
7712,8.852,2.603
7713,8.776,2.556
7714,8.871,2.641
7715,8.897,2.577
7716,9.011,2.578
7717,9.015,2.609
7718,8.868,2.608
7719,8.927,2.625
7720,8.985,2.637
7721,9.087,2.759
7722,9.038,2.711
7723,9.028,2.642
7724,9.058,2.633
7725,9.080,2.664
7726,9.035,2.604
7727,9.143,2.683
7728,9.248,2.760
7729,9.333,2.746
7730,9.102,2.638
7731,9.001,2.646
7732,8.934,2.620
7733,8.952,2.521
7734,9.621,2.600
7735,8.934,2.631
7736,8.937,2.664
7737,8.948,2.768
7738,8.880,2.714
7739,8.930,2.611
7740,9.015,2.529
7741,9.003,2.635
7742,9.155,2.676
7743,9.056,2.626
7744,9.009,2.858
7745,9.030,2.833
7746,8.984,2.749
7747,8.978,2.732
7748,8.977,2.773
7749,9.061,2.914
7750,8.937,2.790
7751,8.990,2.764
7752,8.911,2.772
7753,8.877,2.705
7754,8.796,2.731
7755,8.841,2.647
7756,8.954,2.675
7757,9.048,2.746
7758,9.154,2.810
7759,9.255,2.684
7760,9.434,2.748
7761,9.479,2.733
7762,9.285,2.785
7763,9.268,2.728
7764,9.361,2.738
7765,9.626,2.618
7766,8.584,2.598
7767,8.712,2.626
7768,8.661,2.677
7769,8.670,2.676
7770,8.775,2.661
7771,8.747,2.750
7772,8.803,2.772
7773,8.806,2.829
7774,8.845,2.718
7775,8.753,2.682
7776,8.762,2.604
7777,8.811,2.673
7778,8.742,2.637
7779,8.802,2.675
7780,8.709,2.657
7781,8.745,2.694
7782,8.694,2.646
7783,8.720,2.560
7784,8.568,2.550
7785,8.635,2.690
7786,8.622,2.595
7787,8.575,2.507
7788,8.595,2.592
7789,8.715,2.620
7790,8.747,2.631
7791,8.720,2.572
7792,8.802,2.662
7793,8.788,2.640
7794,8.853,2.699
7795,8.821,2.589
7796,8.731,2.686
7797,8.684,2.693
7798,8.744,2.712
7799,8.690,2.602
7800,8.767,2.710
7801,8.679,2.622
7802,8.728,2.650
7803,8.787,2.635
7804,8.669,2.581
7805,8.800,2.651
7806,8.673,2.649
7807,8.690,2.640
7808,9.771,2.606
7809,8.670,2.513
7810,8.605,2.589
7811,8.581,2.604
7812,8.400,2.625
7813,8.484,2.721
7814,8.446,2.687
7815,8.357,2.676
7816,8.448,2.677
7817,8.408,2.505
7818,8.334,2.586
7819,8.436,2.616
7820,8.480,2.542
7821,8.507,2.742
7822,8.576,2.635
7823,8.671,2.547
7824,8.748,2.663
7825,8.722,2.691
7826,8.653,2.630
7827,9.708,2.657
7828,8.779,2.623
7829,8.800,2.625
7830,8.788,2.507
7831,8.872,2.622
7832,9.835,2.615
7833,9.917,2.609
7834,9.826,2.615
7835,9.814,2.770
7836,9.733,2.588
7837,9.663,2.405
7838,9.706,2.411
7839,9.807,2.510
7840,9.867,2.489
7841,9.880,2.456
7842,9.816,2.548
7843,9.696,2.546
7844,9.681,2.515
7845,8.745,2.591
7846,8.766,2.579
7847,8.928,2.604
7848,8.834,2.598
7849,8.792,2.719
7850,8.808,2.687
7851,8.886,2.591
7852,8.682,2.508
7853,8.697,2.628
7854,8.722,2.619
7855,8.659,2.557
7856,8.700,2.469
7857,8.649,2.632
7858,8.490,2.612
7859,8.555,2.575
7860,8.657,2.675
7861,8.537,2.568
7862,8.564,2.656
7863,8.561,2.664
7864,8.610,2.610
7865,8.571,2.583
7866,8.591,2.567
7867,8.543,2.589
7868,8.699,2.688
7869,8.696,2.648
7870,8.485,2.666
7871,8.421,2.611
7872,8.494,2.688
7873,8.492,2.640
7874,8.536,2.656
7875,8.528,2.506
7876,8.554,2.493
7877,8.615,2.596
7878,8.620,2.611
7879,8.645,2.787
7880,8.731,2.580
7881,8.651,2.631
7882,8.504,2.548
7883,8.566,2.533
7884,8.612,2.595
7885,8.497,2.570
7886,8.461,2.611
7887,8.436,2.625
7888,8.299,2.577
7889,9.611,2.717
7890,9.644,2.597
7891,9.698,2.560
7892,9.569,2.602
7893,9.695,2.568
7894,9.499,2.535
7895,9.610,2.614
7896,9.429,2.607
7897,9.316,2.689
7898,9.401,2.580
7899,9.465,2.555
7900,9.472,2.627
7901,9.535,2.615
7902,9.556,2.625
7903,9.567,2.679
7904,9.506,2.698
7905,9.453,2.623
7906,9.556,2.662
7907,9.516,2.561
7908,9.447,2.678
7909,9.416,2.672
7910,9.435,2.616
7911,9.567,2.674
7912,9.765,2.632
7913,9.557,2.650
7914,9.747,2.674
7915,9.652,2.692
7916,9.653,2.659
7917,9.613,2.636
7918,9.670,2.719
7919,9.668,2.769
7920,9.535,2.660
7921,9.483,2.689
7922,9.367,2.585
7923,9.414,2.686
7924,9.397,2.681
7925,9.487,2.702
7926,9.415,2.637
7927,9.411,2.667
7928,9.234,2.689
7929,9.197,2.592
7930,9.251,2.600
7931,9.251,2.700
7932,9.149,2.800
7933,9.234,2.634
7934,9.218,2.699
7935,9.203,2.617
7936,9.307,2.610
7937,9.303,2.563
7938,9.303,2.566
7939,9.221,2.693
7940,9.361,2.584
7941,9.400,2.684
7942,9.312,2.756
7943,9.382,2.750
7944,9.322,2.758
7945,9.361,2.735
7946,9.352,2.727
7947,9.214,2.683
7948,9.332,2.632
7949,9.263,2.703
7950,9.423,2.662
7951,9.342,2.691
7952,9.273,2.838
7953,9.230,2.784
7954,9.237,2.791
7955,9.278,2.710
7956,9.311,2.826
7957,9.291,2.784
7958,9.261,2.770
7959,9.328,2.802
7960,9.192,2.740
7961,9.281,2.703
7962,9.285,2.797
7963,9.208,2.668
7964,9.212,2.592
7965,9.183,2.703
7966,9.293,2.737
7967,9.379,2.708
7968,9.235,2.776
7969,9.169,2.790
7970,9.229,2.724
7971,9.175,2.730
7972,9.124,2.688
7973,9.174,2.759
7974,9.083,2.788
7975,9.255,2.756
7976,9.175,2.688
7977,9.259,2.744
7978,9.303,2.679
7979,9.326,2.762
7980,9.307,2.718
7981,9.297,2.691
7982,9.194,2.687
7983,9.262,2.793
7984,9.446,2.779
7985,9.503,2.801
7986,9.446,2.705
7987,9.442,2.688
7988,9.595,2.650
7989,9.582,2.618
7990,9.560,2.634
7991,9.646,2.707
7992,9.656,2.743
7993,8.722,2.866
7994,8.799,2.787
7995,9.781,2.869
7996,8.709,2.826
7997,8.771,2.847
7998,8.671,2.861
7999,9.632,2.707
8000,9.447,2.767
8001,9.367,2.707
8002,9.430,2.731
8003,9.553,2.708
8004,9.427,2.650
8005,9.551,2.703
8006,9.554,2.851
8007,9.500,2.751
8008,9.355,2.746
8009,9.335,2.677
8010,9.238,2.705
8011,9.108,2.682
8012,8.988,2.574
8013,8.948,2.666
8014,9.161,2.722
8015,9.161,2.735
8016,9.193,2.701
8017,9.200,2.646
8018,9.133,2.615
8019,9.086,2.516
8020,9.228,2.737
8021,9.285,2.600
8022,9.120,2.566
8023,9.163,2.598
8024,9.241,2.629
8025,9.162,2.620
8026,9.150,2.770
8027,9.314,2.774
8028,9.224,2.720
8029,9.219,2.559
8030,9.265,2.738
8031,9.283,2.718
8032,9.131,2.611
8033,9.172,2.573
8034,9.227,2.611
8035,9.342,2.654
8036,9.338,2.583
8037,9.376,2.590
8038,9.152,2.565
8039,9.263,2.587
8040,9.304,2.630
8041,9.312,2.599
8042,9.342,2.580
8043,9.303,2.668
8044,9.224,2.655
8045,9.218,2.566
8046,9.241,2.672
8047,9.200,2.683
8048,9.368,2.640
8049,9.229,2.671
8050,9.296,2.569
8051,9.267,2.556
8052,9.244,2.502
8053,9.220,2.683
8054,9.153,2.623
8055,9.270,2.572
8056,9.167,2.636
8057,9.193,2.658
8058,9.109,2.647
8059,9.377,2.682
8060,9.363,2.590
8061,9.195,2.633
8062,9.381,2.617
8063,9.581,2.635
8064,9.322,2.618
8065,9.300,2.599
8066,9.307,2.625
8067,9.440,2.615
8068,9.390,2.569
8069,9.259,2.543
8070,9.297,2.561
8071,9.234,2.615
8072,9.218,2.673
8073,9.295,2.713
8074,9.169,2.790
8075,9.220,2.694
8076,9.219,2.686
8077,9.125,2.634
8078,9.160,2.712
8079,9.271,2.627
8080,9.283,2.703
8081,9.281,2.628
8082,9.289,2.661
8083,9.333,2.659
8084,9.195,2.699
8085,9.194,2.771
8086,9.119,2.648
8087,9.181,2.599
8088,9.169,2.560
8089,9.214,2.576
8090,9.073,2.592
8091,8.901,2.655
8092,8.913,2.571
8093,8.953,2.737
8094,9.011,2.645
8095,9.097,2.689
8096,9.001,2.752
8097,8.950,2.699
8098,8.889,2.667
8099,8.861,2.714
8100,8.926,2.614
8101,9.046,2.624
8102,9.212,2.617
8103,9.103,2.720
8104,9.023,2.529
8105,9.072,2.622
8106,8.955,2.635
8107,8.999,2.671
8108,8.987,2.664
8109,8.871,2.543
8110,9.008,2.636
8111,8.964,2.564
8112,9.110,2.715
8113,8.906,2.673
8114,8.867,2.643
8115,8.837,2.710
8116,8.897,2.568
8117,8.928,2.688
8118,8.935,2.655
8119,9.095,2.609
8120,9.093,2.588
8121,9.184,2.680
8122,8.995,2.605
8123,9.047,2.583
8124,8.918,2.520
8125,8.672,2.539
8126,8.810,2.671
8127,8.793,2.553
8128,8.970,2.655
8129,8.894,2.589
8130,8.910,2.671
8131,8.856,2.867
8132,8.637,2.704
8133,8.903,2.831
8134,8.889,2.844
8135,8.710,2.660
8136,8.688,2.797
8137,8.785,2.813
8138,8.719,2.739
8139,8.885,2.786
8140,8.864,2.825
8141,8.795,2.672
8142,9.150,2.797
8143,9.200,2.787
8144,9.205,2.762
8145,8.993,2.680
8146,9.049,2.599
8147,9.231,2.679
8148,9.163,2.764
8149,9.091,2.676
8150,9.164,2.778
8151,9.048,2.603
8152,8.967,2.626
8153,9.040,2.590
8154,9.098,2.743
8155,9.158,2.746
8156,9.094,2.791
8157,8.927,2.811
8158,9.008,2.724
8159,8.861,2.767
8160,8.876,2.848
8161,8.884,2.781
8162,8.862,2.770
8163,8.807,2.708
8164,8.936,2.743
8165,8.896,2.646
8166,8.831,2.628
8167,8.672,2.625
8168,8.628,2.627
8169,8.783,2.580
8170,8.687,2.560
8171,8.779,2.584
8172,8.873,2.477
8173,8.919,2.641
8174,8.903,2.695
8175,8.873,2.617
8176,8.860,2.628
8177,8.943,2.637
8178,9.029,2.776
8179,9.059,2.717
8180,9.057,2.770
8181,8.958,2.719
8182,8.873,2.681
8183,9.083,2.763
8184,9.054,2.613
8185,9.052,2.551
8186,9.206,2.745
8187,9.193,2.719
8188,9.129,2.669
8189,9.086,2.607
8190,9.114,2.604
8191,9.023,2.658
8192,9.033,2.592
8193,9.025,2.525
8194,9.103,2.513
8195,9.093,2.580
8196,9.162,2.558
8197,9.199,2.613
8198,9.013,2.559
8199,9.098,2.548
8200,9.183,2.523
8201,9.261,2.672
8202,9.299,2.617
8203,9.195,2.640
8204,9.347,2.627
8205,9.314,2.670
8206,9.293,2.718
8207,9.353,2.680
8208,9.436,2.765
8209,9.430,2.694
8210,9.347,2.734
8211,9.396,2.684
8212,9.411,2.757
8213,9.348,2.706
8214,9.435,2.681
8215,9.569,2.779
8216,9.375,2.786
8217,9.418,2.762
8218,9.477,2.796
8219,9.463,2.729
8220,9.495,2.746
8221,9.412,2.788
8222,9.363,2.687
8223,9.340,2.686
8224,9.356,2.764
8225,9.451,2.678
8226,9.361,2.697
8227,9.383,2.611
8228,9.309,2.698
8229,9.303,2.620
8230,9.318,2.667
8231,9.306,2.592
8232,9.271,2.715
8233,9.217,2.650
8234,9.105,2.544
8235,9.194,2.539
8236,9.164,2.600
8237,9.183,2.655
8238,9.285,2.682
8239,9.264,2.636
8240,9.295,2.802
8241,9.169,2.638
8242,9.135,2.669
8243,9.127,2.630
8244,9.185,2.728
8245,9.220,2.610
8246,9.321,2.559
8247,9.317,2.643
8248,9.327,2.523
8249,9.353,2.633
8250,9.378,2.584
8251,9.358,2.605
8252,9.409,2.630
8253,9.342,2.621
8254,9.387,2.677
8255,9.447,2.619
8256,9.287,2.666
8257,9.369,2.722
8258,9.463,2.716
8259,9.522,2.772
8260,9.587,2.757
8261,9.512,2.767
8262,9.341,2.789
8263,9.370,2.688
8264,9.477,2.680
8265,9.500,2.758
8266,9.546,2.758
8267,9.415,2.723
8268,9.436,2.814
8269,9.397,2.913
8270,9.466,2.811
8271,9.489,2.881
8272,9.664,2.956
8273,9.642,2.926
8274,9.530,2.841
8275,9.658,2.866
8276,9.862,2.962
8277,9.851,2.904
8278,9.832,2.816
8279,9.898,2.865
8280,8.986,2.788
8281,9.084,2.824
8282,10.066,2.810
8283,9.057,2.912
8284,10.064,3.031
8285,9.995,3.011
8286,10.041,2.985
8287,9.061,2.998
8288,10.075,3.000
8289,9.081,2.863
8290,10.195,2.955
8291,9.970,2.918
8292,9.805,2.887
8293,9.841,2.976
8294,9.856,2.827
8295,9.879,2.904
8296,9.866,2.967
8297,9.970,3.056
8298,9.881,3.026
8299,9.949,2.960
8300,9.977,2.948
8301,10.002,2.994
8302,9.975,3.058
8303,10.017,3.011
8304,9.958,3.059
8305,8.764,2.927
8306,8.790,2.898
8307,8.864,2.872
8308,8.902,2.969
8309,8.907,2.904
8310,9.084,2.933
8311,8.958,2.846
8312,8.908,2.863
8313,8.975,2.924
8314,9.018,2.990
8315,8.818,3.039
8316,8.656,3.021
8317,8.729,2.889
8318,8.754,2.900
8319,8.716,2.816
8320,8.721,2.997
8321,8.745,2.977
8322,8.695,2.881
8323,8.673,2.846
8324,8.647,2.853
8325,8.682,2.948
8326,8.708,2.828
8327,8.798,2.868
8328,9.826,2.871
8329,9.779,2.945
8330,8.708,2.902
8331,8.668,3.028
8332,8.769,2.996
8333,8.685,2.972
8334,8.815,3.014
8335,8.984,2.935
8336,8.930,2.851
8337,8.813,2.919
8338,8.829,2.878
8339,8.770,2.861
8340,8.740,2.944
8341,8.803,2.950
8342,8.908,2.917
8343,9.881,2.900
8344,8.879,2.867
8345,8.888,2.861
8346,9.856,2.946
8347,9.852,2.901
8348,8.832,2.795
8349,8.745,2.996
8350,8.834,3.051
8351,9.790,2.990
8352,9.664,2.920
8353,9.587,2.952
8354,9.549,2.921
8355,9.655,2.923
8356,9.732,2.996
8357,9.660,2.891
8358,9.579,2.852
8359,9.519,2.784
8360,9.487,2.947
8361,9.508,2.750
8362,9.473,2.771
8363,9.532,2.814
8364,9.567,2.669
8365,9.538,2.709
8366,9.576,2.720
8367,9.628,2.794
8368,9.554,2.830
8369,9.525,2.856
8370,9.459,2.918
8371,9.541,2.852
8372,9.611,2.855
8373,9.545,2.910
8374,9.411,2.905
8375,9.385,2.950
8376,9.409,2.895
8377,9.339,2.928
8378,9.342,2.977
8379,9.236,2.797
8380,9.258,2.846
8381,9.293,2.854
8382,9.281,2.743
8383,9.400,2.731
8384,9.427,2.618
8385,9.389,2.631
8386,9.488,2.669
8387,9.436,2.718
8388,9.481,2.731
8389,9.418,2.504
8390,9.481,2.592
8391,9.480,2.633
8392,9.603,2.591
8393,9.586,2.635
8394,9.773,2.600
8395,8.649,2.589
8396,8.598,2.574
8397,8.618,2.592
8398,8.574,2.501
8399,8.595,2.540
8400,8.738,2.624
8401,8.547,2.606
8402,8.656,2.587
8403,8.540,2.499
8404,8.660,2.623
8405,9.738,2.651
8406,9.578,2.617
8407,9.638,2.625
8408,9.387,2.613
8409,9.522,2.573
8410,9.577,2.602
8411,9.454,2.596
8412,9.695,2.673
8413,9.575,2.689
8414,9.456,2.724
8415,9.497,2.658
8416,9.579,2.715
8417,9.434,2.599
8418,9.380,2.628
8419,9.384,2.702
8420,9.450,2.605
8421,9.549,2.716
8422,9.638,2.615
8423,9.742,2.667
8424,9.670,2.747
8425,9.673,2.709
8426,9.656,2.672
8427,9.778,2.685
8428,9.808,2.594
8429,8.569,2.602
8430,9.660,2.636
8431,9.406,2.702
8432,9.555,2.607
8433,9.522,2.696
8434,9.452,2.683
8435,9.452,2.652
8436,9.418,2.700
8437,9.307,2.582
8438,9.560,2.802
8439,9.452,2.690
8440,9.499,2.874
8441,9.373,2.806
8442,9.431,2.741
8443,9.392,2.689
8444,9.384,2.723
8445,9.381,2.782
8446,9.332,2.743
8447,9.344,2.778
8448,9.394,2.924
8449,9.247,2.892
8450,9.193,2.748
8451,9.174,2.841
8452,9.126,2.836
8453,9.227,2.891
8454,9.221,2.766
8455,9.270,2.764
8456,9.158,2.664
8457,9.334,2.737
8458,9.366,2.735
8459,9.311,2.771
8460,9.205,2.842
8461,9.309,2.728
8462,9.290,2.776
8463,9.343,2.652
8464,9.450,2.775
8465,9.262,2.770
8466,9.246,2.663
8467,9.389,2.582
8468,9.332,2.687
8469,9.369,2.720
8470,9.401,2.776
8471,9.548,2.797
8472,9.503,2.792
8473,9.422,2.794
8474,9.136,2.767
8475,9.156,2.793
8476,9.179,2.786
8477,9.188,2.715
8478,9.216,2.702
8479,9.210,2.825
8480,9.325,2.795
8481,9.505,2.762
8482,9.468,2.853
8483,9.284,2.657
8484,9.303,2.818
8485,9.232,2.879
8486,9.135,2.790
8487,9.004,2.882
8488,9.088,2.884
8489,9.088,2.967
8490,9.177,2.869
8491,9.142,2.785
8492,9.187,2.790
8493,9.060,2.763
8494,9.058,2.895
8495,9.068,2.884
8496,9.077,2.933
8497,9.166,3.030
8498,9.070,3.005
8499,8.988,2.918
8500,9.007,3.054
8501,8.936,3.031
8502,8.871,3.046
8503,8.896,2.952
8504,9.054,2.918
8505,9.142,2.928
8506,9.155,2.937
8507,9.310,3.078
8508,9.428,3.141
8509,9.408,3.105
8510,9.459,3.015
8511,9.446,3.102
8512,9.322,2.984
8513,9.414,3.027
8514,8.425,2.967
8515,8.330,3.050
8516,8.343,3.105
8517,8.302,2.957
8518,8.236,3.070
8519,8.225,2.945
8520,9.504,3.107
8521,8.289,3.117
8522,9.379,3.017
8523,8.114,3.043
8524,9.309,2.978
8525,7.997,2.935
8526,7.930,2.864
8527,8.101,2.918
8528,8.161,2.979
8529,8.119,2.936
8530,9.341,3.026
8531,9.325,2.954
8532,9.423,3.082
8533,9.313,3.070
8534,9.367,3.080
8535,9.334,2.966
8536,8.218,3.113
8537,8.169,3.132
8538,8.212,3.092
8539,8.275,2.922
8540,8.113,2.961
8541,8.101,2.843
8542,8.055,2.900
8543,7.993,2.838
8544,7.853,2.898
8545,7.835,2.797
8546,7.864,2.817
8547,7.840,2.782
8548,7.888,2.856
8549,7.892,2.804
8550,7.932,2.774
8551,7.927,2.788
8552,7.954,2.717
8553,8.003,2.732
8554,8.016,2.953
8555,7.970,2.799
8556,7.916,2.761
8557,7.883,2.766
8558,7.895,2.806
8559,7.777,2.757
8560,7.904,2.815
8561,7.938,2.730
8562,7.917,2.771
8563,7.975,2.870
8564,8.076,2.921
8565,8.209,2.975
8566,8.246,2.932
8567,8.143,2.945
8568,8.067,2.934
8569,9.198,2.863
8570,8.053,2.990
8571,8.229,3.094
8572,8.071,2.992
8573,8.176,3.193
8574,8.221,3.054
8575,8.027,2.750
8576,7.987,2.879
8577,8.126,2.897
8578,8.229,2.956
8579,8.276,3.036
8580,8.209,2.990
8581,8.218,2.951
8582,8.216,2.910
8583,8.209,2.972
8584,8.257,2.867
8585,8.319,2.988
8586,8.236,3.009
8587,8.123,3.005
8588,8.089,3.011
8589,8.162,2.971
8590,8.112,2.973
8591,8.192,3.015
8592,8.083,2.926
8593,8.133,2.944
8594,8.153,2.817
8595,8.193,2.940
8596,8.251,2.985
8597,8.231,2.890
8598,8.505,2.911
8599,8.354,2.902
8600,8.431,2.752
8601,8.364,2.821
8602,8.329,2.881
8603,8.386,2.849
8604,8.292,2.741
8605,8.266,2.890
8606,8.264,2.839
8607,8.182,2.841
8608,8.315,2.878
8609,8.341,2.865
8610,8.250,2.899
8611,8.242,2.921
8612,8.182,2.809
8613,8.248,2.836
8614,8.198,2.805
8615,8.184,2.748
8616,8.294,2.744
8617,8.210,2.776
8618,8.166,2.725
8619,8.102,2.703
8620,8.222,2.843
8621,8.291,2.915
8622,8.130,2.699
8623,8.126,2.803
8624,8.057,2.848
8625,8.092,2.734
8626,8.137,2.762
8627,8.038,2.819
8628,8.069,2.923
8629,8.275,2.811
8630,8.301,2.808
8631,8.223,2.847
8632,8.314,2.774
8633,8.290,2.805
8634,8.237,2.821
8635,8.187,2.795
8636,8.320,2.847
8637,8.075,2.797
8638,8.000,2.767
8639,8.114,2.842
8640,8.126,2.778
8641,8.043,2.766
8642,8.058,2.831
8643,8.039,2.872
8644,8.056,2.802
8645,8.012,2.943
8646,8.033,2.846
8647,8.095,2.897
8648,8.126,2.888
8649,8.052,2.818
8650,8.132,2.857
8651,8.143,2.697
8652,8.260,2.925
8653,8.301,2.821
8654,8.407,2.807
8655,8.377,2.942
8656,8.322,2.842
8657,8.324,2.977
8658,8.316,2.954
8659,8.230,2.871
8660,8.154,2.805
8661,8.132,2.736
8662,8.237,2.984
8663,8.198,2.961
8664,8.139,2.897
8665,8.158,2.925
8666,8.328,2.989
8667,8.407,2.875
8668,8.289,2.886
8669,8.219,2.891
8670,8.176,2.841
8671,8.257,2.962
8672,8.318,2.867
8673,8.269,2.863
8674,8.493,2.896
8675,8.497,2.859
8676,8.436,2.792
8677,8.341,2.743
8678,8.370,2.904
8679,8.344,2.862
8680,8.426,2.785
8681,8.318,2.768
8682,8.276,2.781
8683,8.337,2.776
8684,8.222,2.663
8685,8.208,2.663
8686,8.349,2.553
8687,8.290,2.602
8688,8.307,2.660
8689,8.287,2.676
8690,8.210,2.673
8691,8.292,2.674
8692,8.292,2.675
8693,8.183,2.661
8694,8.273,2.613
8695,8.384,2.757
8696,8.413,2.822
8697,8.193,2.747
8698,8.193,2.813
8699,8.177,2.748
8700,8.225,2.799
8701,8.280,2.777
8702,8.402,2.854
8703,8.389,2.885
8704,8.313,2.785
8705,8.366,2.876
8706,8.297,2.880
8707,8.418,2.924
8708,8.385,2.924
8709,8.380,2.902
8710,8.527,2.944
8711,8.454,2.849
8712,8.423,2.906
8713,8.482,2.893
8714,8.502,2.980
8715,8.461,3.020
8716,8.416,3.024
8717,8.380,3.084
8718,8.406,3.079
8719,8.497,3.129
8720,8.573,3.208
8721,8.284,3.094
8722,8.147,3.112
8723,8.210,3.010
8724,8.146,3.102
8725,8.303,3.172
8726,8.171,3.181
8727,8.201,3.076
8728,8.207,2.936
8729,8.178,2.967
8730,8.296,2.851
8731,8.254,2.729
8732,8.407,2.827
8733,8.480,2.761
8734,8.322,2.697
8735,8.475,2.697
8736,8.399,2.705
8737,8.464,2.727
8738,8.356,2.718
8739,8.434,2.698
8740,8.388,2.700
8741,8.443,2.776
8742,8.444,2.767
8743,8.371,2.692
8744,8.326,2.681
8745,8.446,2.760
8746,8.432,2.842
8747,8.363,2.841
8748,8.385,2.745
8749,8.419,2.672
8750,8.369,2.758
8751,8.506,2.789
8752,8.612,2.821
8753,8.533,2.829
8754,8.461,2.854
8755,8.400,2.774
8756,8.473,2.778
8757,8.352,2.710
8758,8.501,2.767
8759,8.482,2.643
8760,8.482,2.619
8761,8.436,2.635
8762,8.623,2.751
8763,8.369,2.655
8764,8.375,2.643
8765,8.438,2.669
8766,8.350,2.635
8767,8.371,2.634
8768,8.356,2.530
8769,8.526,2.710
8770,8.565,2.680
8771,8.452,2.696
8772,8.496,2.698
8773,8.421,2.719
8774,8.480,2.666
8775,8.361,2.724
8776,8.470,2.706
8777,8.524,2.780
8778,8.461,2.746
8779,8.505,2.776
8780,8.392,2.704
8781,8.465,2.754
8782,8.444,2.772
8783,8.544,2.812
8784,8.525,2.784
8785,8.486,2.665
8786,8.484,2.680
8787,8.443,2.713
8788,8.361,2.700
8789,8.322,2.583
8790,8.269,2.698
8791,8.260,2.716
8792,8.222,2.747
8793,8.337,2.637
8794,8.352,2.739
8795,8.359,2.784
8796,8.420,2.778
8797,8.437,2.774
8798,8.390,2.713
8799,8.473,2.673
8800,8.494,2.791
8801,8.230,2.556
8802,8.158,2.521
8803,8.189,2.676
8804,8.142,2.662
8805,8.257,2.632
8806,8.268,2.684
8807,8.191,2.678
8808,8.133,2.656
8809,8.186,2.704
8810,8.227,2.679
8811,8.170,2.748
8812,8.107,2.795
8813,8.048,2.728
8814,8.031,2.749
8815,7.892,2.742
8816,8.050,2.682
8817,8.150,2.766
8818,8.205,2.755
8819,7.999,2.740
8820,8.002,2.632
8821,8.118,2.664
8822,8.031,2.587
8823,8.146,2.490
8824,8.239,2.602
8825,8.274,2.634
8826,8.217,2.566
8827,8.333,2.714
8828,8.314,2.681
8829,8.287,2.692
8830,8.316,2.680
8831,8.348,2.713
8832,8.374,2.706
8833,8.368,2.684
8834,8.330,2.676
8835,8.451,2.722
8836,8.484,2.794
8837,8.345,2.766
8838,8.465,2.875
8839,8.389,2.769
8840,8.596,2.819
8841,8.536,2.858
8842,8.462,2.768
8843,8.451,2.831
8844,8.425,2.676
8845,8.490,2.743
8846,8.399,2.721
8847,8.332,2.674
8848,8.233,2.610
8849,8.317,2.654
8850,8.320,2.699
8851,8.358,2.553
8852,8.368,2.648
8853,8.410,2.714
8854,8.343,2.707
8855,8.343,2.692
8856,8.417,2.703
8857,8.442,2.625
8858,8.414,2.802
8859,8.463,2.685
8860,8.418,2.760
8861,8.411,2.796
8862,8.443,2.776
8863,8.497,2.731
8864,8.492,2.681
8865,8.512,2.768
8866,8.397,2.493
8867,8.265,2.500
8868,8.352,2.645
8869,8.446,2.542
8870,8.368,2.602
8871,8.458,2.612
8872,8.550,2.557
8873,8.527,2.754
8874,8.468,2.551
8875,8.563,2.587
8876,8.565,2.510
8877,8.620,2.465
8878,8.549,2.486
8879,8.521,2.574
8880,8.423,2.461
8881,8.514,2.572
8882,8.498,2.476
8883,8.591,2.613
8884,8.465,2.547
8885,8.489,2.587
8886,8.559,2.606
8887,8.479,2.681
8888,8.451,2.475
8889,8.335,2.681
8890,8.287,2.642
8891,8.145,2.685
8892,8.161,2.615
8893,8.237,2.620
8894,8.129,2.627
8895,8.008,2.583
8896,8.107,2.614
8897,8.019,2.567
8898,7.841,2.562
8899,7.992,2.567
8900,8.008,2.637
8901,8.164,2.598
8902,8.402,2.673
8903,8.294,2.650
8904,8.281,2.600
8905,8.324,2.574
8906,8.509,2.472
8907,8.580,2.476
8908,8.728,2.394
8909,8.682,2.573
8910,8.640,2.530
8911,8.729,2.559
8912,8.755,2.659
8913,8.779,2.661
8914,8.813,2.659
8915,8.915,2.651
8916,9.017,2.666
8917,8.942,2.755
8918,8.857,2.626
8919,8.785,2.695
8920,8.797,2.659
8921,8.710,2.693
8922,8.848,2.691
8923,8.878,2.650
8924,8.939,2.594
8925,8.913,2.815
8926,8.907,2.799
8927,8.664,2.697
8928,8.650,2.616
8929,8.579,2.532
8930,8.626,2.735
8931,8.514,2.688
8932,8.462,2.550
8933,8.523,2.568
8934,8.489,2.558
8935,8.460,2.535
8936,8.384,2.552
8937,8.411,2.586
8938,8.445,2.565
8939,8.594,2.551
8940,8.557,2.563
8941,8.714,2.533
8942,8.656,2.535
8943,8.649,2.533
8944,8.713,2.629
8945,8.679,2.548
8946,8.703,2.663
8947,8.645,2.545
8948,8.758,2.558
8949,8.774,2.535
8950,8.622,2.479
8951,8.396,2.409
8952,8.638,2.562
8953,8.683,2.595
8954,8.754,2.598
8955,8.656,2.651
8956,8.694,2.662
8957,8.665,2.639
8958,8.572,2.738
8959,8.558,2.781
8960,8.632,2.896
8961,8.597,2.822
8962,8.579,2.803
8963,8.439,2.860
8964,8.378,2.733
8965,8.436,2.917
8966,8.439,2.722
8967,8.423,2.863
8968,8.424,2.829
8969,8.367,2.771
8970,8.258,2.648
8971,8.383,2.760
8972,8.346,2.773
8973,8.343,2.738
8974,8.289,2.736
8975,8.229,2.892
8976,8.174,2.948
8977,8.190,2.793
8978,8.119,2.687
8979,8.131,2.745
8980,8.323,2.702
8981,8.368,2.687
8982,8.274,2.674
8983,8.204,2.670
8984,8.124,2.724
8985,8.091,2.673
8986,8.141,2.657
8987,8.231,2.609
8988,8.171,2.657
8989,8.202,2.685
8990,8.245,2.797
8991,8.323,2.676
8992,8.332,2.696
8993,8.461,2.702
8994,8.405,2.682
8995,8.413,2.670
8996,8.405,2.743
8997,8.248,2.741
8998,8.341,2.667
8999,8.472,2.672
9000,8.379,2.652
9001,8.323,2.652
9002,8.306,2.477
9003,8.390,2.591
9004,8.248,2.587
9005,8.322,2.672
9006,8.352,2.520
9007,9.482,2.625
9008,9.440,2.617
9009,9.521,2.624
9010,9.474,2.651
9011,9.457,2.720
9012,9.426,2.665
9013,9.408,2.613
9014,9.469,2.624
9015,9.533,2.781
9016,9.644,2.713
9017,9.565,2.761
9018,9.443,2.804
9019,9.596,2.786
9020,9.557,2.766
9021,9.567,2.821
9022,9.578,2.760
9023,9.503,2.667
9024,9.521,2.622
9025,9.479,2.574
9026,9.595,2.474
9027,9.657,2.735
9028,9.668,2.627
9029,9.617,2.560
9030,9.567,2.640
9031,9.713,2.595
9032,8.450,2.771
9033,8.475,2.869
9034,8.493,2.876
9035,8.561,2.778
9036,8.436,2.887
9037,8.373,2.910
9038,8.479,2.814
9039,8.608,2.917
9040,8.511,2.835
9041,8.336,2.872
9042,8.270,2.835
9043,8.451,2.870
9044,8.475,2.913
9045,8.383,2.872
9046,8.291,2.853
9047,8.204,2.783
9048,8.223,2.848
9049,8.260,2.891
9050,8.371,2.950
9051,8.335,2.902
9052,8.239,2.956
9053,8.306,2.939
9054,8.332,2.933
9055,8.305,2.979
9056,8.295,2.930
9057,8.186,2.895
9058,8.304,2.963
9059,8.247,2.810
9060,8.431,2.821
9061,8.263,2.780
9062,8.207,2.805
9063,8.252,2.734
9064,8.361,2.822
9065,8.391,2.705
9066,8.258,2.752
9067,8.254,2.837
9068,8.162,2.793
9069,8.137,2.703
9070,8.164,2.863
9071,8.307,2.845
9072,8.260,2.834
9073,8.277,2.804
9074,8.323,2.823
9075,8.150,2.817
9076,8.068,2.849
9077,8.076,2.779
9078,8.097,2.741
9079,8.101,2.834
9080,8.034,2.743
9081,7.993,2.737
9082,8.072,2.890
9083,8.112,2.834
9084,8.297,2.885
9085,8.238,2.817
9086,8.227,2.854
9087,8.320,2.910
9088,8.245,2.835
9089,8.137,2.943
9090,8.141,2.960
9091,8.156,2.893
9092,8.112,3.005
9093,8.100,2.908
9094,8.113,2.895
9095,8.227,2.893
9096,8.147,2.839
9097,8.135,3.027
9098,8.166,2.929
9099,8.165,2.704
9100,8.312,2.742
9101,8.315,2.689
9102,8.096,2.783
9103,8.232,2.864
9104,8.257,3.031
9105,8.147,2.988
9106,8.313,2.990
9107,8.252,2.964
9108,8.169,2.914
9109,8.178,2.907
9110,8.172,2.882
9111,8.032,2.876
9112,8.078,2.805
9113,8.173,2.844
9114,8.220,2.953
9115,8.160,3.035
9116,8.263,2.938
9117,8.212,2.879
9118,8.346,2.912
9119,8.285,2.846
9120,8.228,2.820
9121,8.305,2.892
9122,8.171,2.854
9123,7.984,2.819
9124,8.099,2.772
9125,8.165,2.840
9126,8.011,2.680
9127,7.973,2.686
9128,8.025,2.703
9129,8.071,2.844
9130,8.062,2.802
9131,8.023,2.856
9132,7.941,2.731
9133,8.115,2.778
9134,8.033,2.831
9135,8.044,2.877
9136,8.008,2.841
9137,7.991,2.765
9138,7.980,2.729
9139,7.971,2.801
9140,8.024,2.833
9141,8.639,2.820
9142,8.659,2.784
9143,8.042,2.929
9144,7.966,2.723
9145,7.899,2.706
9146,8.608,2.792
9147,8.580,2.671
9148,8.583,2.658
9149,7.964,2.717
9150,7.977,2.702
9151,8.134,2.858
9152,7.977,2.776
9153,8.094,2.834
9154,8.735,2.839
9155,8.548,2.675
9156,8.605,2.691
9157,8.667,2.727
9158,8.701,2.757
9159,8.759,2.824
9160,8.813,2.789
9161,8.939,2.893
9162,8.848,2.837
9163,8.131,2.838
9164,8.311,2.853
9165,8.212,2.841
9166,8.366,2.740
9167,8.236,2.728
9168,8.835,2.707
9169,8.886,2.891
9170,8.833,2.776
9171,8.742,2.742
9172,8.659,2.819
9173,8.787,2.816
9174,8.791,2.887
9175,8.738,2.850
9176,8.744,2.773
9177,8.829,2.793
9178,8.919,2.736
9179,8.685,2.616
9180,8.821,2.723
9181,8.787,2.871
9182,8.775,2.847
9183,8.625,2.853
9184,8.686,2.870
9185,8.681,2.866
9186,8.495,3.013
9187,8.401,3.023
9188,8.507,2.954
9189,8.581,2.895
9190,8.521,2.715
9191,8.513,2.834
9192,8.504,2.842
9193,8.438,2.904
9194,8.364,2.844
9195,8.287,2.767
9196,8.180,2.700
9197,8.074,2.627
9198,8.122,2.721
9199,8.189,2.718
9200,8.158,2.632
9201,8.066,2.764
9202,8.077,2.801
9203,7.974,2.712
9204,8.149,2.814
9205,8.149,2.771
9206,8.182,2.717
9207,8.281,2.683
9208,8.165,2.642
9209,8.137,2.667
9210,7.914,2.637
9211,7.993,2.705
9212,8.086,2.815
9213,8.105,2.765
9214,8.086,2.807
9215,8.105,2.841
9216,8.005,2.790
9217,8.156,2.838
9218,8.293,2.792
9219,8.292,2.754
9220,8.257,2.799
9221,8.375,2.832
9222,8.333,2.801
9223,8.318,2.756
9224,8.363,2.851
9225,8.399,2.883
9226,8.248,2.764
9227,8.276,2.891
9228,8.195,2.908
9229,8.209,2.898
9230,8.147,2.845
9231,8.387,2.932
9232,8.346,2.880
9233,8.389,2.788
9234,8.448,3.043
9235,9.209,3.064
9236,9.121,3.001
9237,9.042,3.023
9238,9.124,2.970
9239,9.094,3.107
9240,8.304,3.047
9241,8.203,3.110
9242,8.236,3.024
9243,9.088,2.970
9244,9.013,2.921
9245,9.046,2.821
9246,9.147,2.852
9247,9.141,2.909
9248,9.124,2.933
9249,8.923,2.819
9250,9.020,2.789
9251,8.220,2.913
9252,8.184,2.867
9253,8.203,2.741
9254,8.289,2.878
9255,8.403,3.001
9256,8.490,2.922
9257,8.388,2.796
9258,8.367,2.857
9259,8.314,2.919
9260,8.325,2.997
9261,8.298,2.918
9262,8.359,2.933
9263,8.500,2.941
9264,8.446,2.846
9265,8.536,2.934
9266,8.352,2.947
9267,8.243,2.849
9268,8.268,2.929
9269,8.419,2.962
9270,8.340,2.915
9271,8.426,3.018
9272,8.427,3.004
9273,8.348,2.811
9274,8.418,2.926
9275,8.521,3.103
9276,8.423,2.963
9277,8.505,2.996
9278,8.505,3.025
9279,8.402,3.080
9280,9.461,3.035
9281,9.394,2.931
9282,9.357,2.880
9283,9.312,2.984
9284,9.233,2.913
9285,8.188,2.903
9286,8.133,2.882
9287,9.277,2.847
9288,9.275,2.854
9289,8.071,3.033
9290,8.282,3.017
9291,8.138,3.112
9292,8.097,3.024
9293,8.133,3.083
9294,8.014,2.991
9295,7.926,2.888
9296,8.906,2.993
9297,8.936,2.854
9298,8.809,2.834
9299,9.871,2.832
9300,9.908,2.898
9301,9.988,2.894
9302,9.954,2.821
9303,8.993,2.824
9304,9.997,2.829
9305,8.988,2.843
9306,9.070,3.014
9307,9.027,2.840
9308,8.995,2.915
9309,9.016,2.858
9310,8.923,2.743
9311,8.867,2.887
9312,8.905,2.925
9313,8.857,2.988
9314,8.922,2.971
9315,8.817,2.959
9316,8.992,3.034
9317,8.676,2.921
9318,8.741,2.997
9319,8.781,2.925
9320,8.712,2.855
9321,8.944,2.857
9322,9.134,2.806
9323,9.142,2.797
9324,9.179,2.946
9325,9.030,2.740
9326,8.968,2.821
9327,8.992,2.781
9328,9.044,2.821
9329,9.126,2.889
9330,9.109,2.847
9331,9.164,2.843
9332,9.083,3.018
9333,9.087,2.949
9334,9.198,2.985
9335,9.205,2.970
9336,9.147,2.937
9337,9.927,2.965
9338,9.135,3.037
9339,9.183,2.908
9340,9.276,2.935
9341,9.227,2.866
9342,9.404,2.928
9343,9.378,2.941
9344,8.282,2.938
9345,8.273,2.906
9346,9.176,2.967
9347,8.979,2.887
9348,9.092,2.902
9349,8.923,2.984
9350,8.934,3.052
9351,8.882,3.012
9352,8.943,2.934
9353,8.851,3.004
9354,8.789,2.921
9355,8.767,3.105
9356,8.825,2.985
9357,8.841,2.968
9358,8.971,3.112
9359,9.049,3.200
9360,9.091,3.006
9361,8.976,3.043
9362,8.197,3.109
9363,8.860,3.072
9364,8.815,2.984
9365,8.981,3.024
9366,9.091,3.041
9367,9.011,3.052
9368,8.183,3.021
9369,8.069,3.081
9370,8.249,3.063
9371,8.192,2.977
9372,8.998,3.063
9373,8.993,3.078
9374,8.972,3.036
9375,9.004,3.003
9376,8.997,3.143
9377,8.944,3.169
9378,22.817,3.118
9379,9.141,3.228
9380,9.073,3.072
9381,8.187,3.122
9382,8.127,3.044
9383,8.093,3.094
9384,8.247,3.122
9385,8.230,3.043
9386,8.322,3.168
9387,9.129,3.054
9388,9.153,3.014
9389,9.046,2.946
9390,9.038,2.987
9391,9.053,2.883
9392,8.974,3.019
9393,8.985,3.059
9394,9.088,3.144
9395,8.184,3.034
9396,8.238,2.983
9397,8.203,2.996
9398,9.023,2.934
9399,22.827,2.944
9400,22.862,3.100
9401,9.290,2.994
9402,9.234,3.083
9403,22.830,3.100
9404,22.883,3.064
9405,22.842,2.980
9406,22.759,3.085
9407,22.888,2.970
9408,9.168,3.064
9409,22.831,3.070
9410,22.459,2.961
9411,9.299,3.052
9412,9.250,3.156
9413,22.897,3.057
9414,22.893,2.958
9415,22.536,2.845
9416,22.542,2.951
9417,9.263,2.918
9418,22.491,2.836
9419,8.478,2.844
9420,8.389,2.805
9421,22.555,2.794
9422,8.509,2.870
9423,8.442,2.919
9424,22.502,2.896
9425,8.437,2.921
9426,8.341,2.843
9427,8.326,2.691
9428,9.113,2.680
9429,8.294,2.760
9430,22.517,2.736
9431,22.532,2.888
9432,22.534,2.856
9433,22.402,2.853
9434,22.480,2.862
9435,8.165,2.965
9436,8.263,2.809
9437,22.589,2.849
9438,22.599,2.773
9439,22.956,2.734
9440,23.006,2.782
9441,9.233,2.778
9442,9.063,2.708
9443,9.078,2.591
9444,22.961,2.607
9445,22.936,2.686
9446,22.974,2.651
9447,22.524,2.784
9448,22.989,2.761
9449,22.982,2.703
9450,22.902,2.726
9451,22.962,2.809
9452,22.941,2.775
9453,22.952,2.810
9454,22.597,2.843
9455,22.567,2.897
9456,22.935,2.881
9457,22.575,2.825
9458,22.526,2.801
9459,22.437,2.846
9460,22.455,2.760
9461,22.308,2.743
9462,22.351,2.805
9463,22.687,2.825
9464,22.818,2.822
9465,22.826,2.811
9466,22.803,2.884
9467,22.820,2.868
9468,22.946,2.836
9469,22.924,2.946
9470,23.090,2.971
9471,22.976,2.902
9472,23.012,2.851
9473,22.947,2.786
9474,22.988,2.834
9475,22.876,2.734
9476,22.868,2.732
9477,22.797,2.767
9478,22.867,2.742
9479,22.874,2.774
9480,22.905,2.820
9481,22.892,2.670
9482,22.850,2.644
9483,22.794,2.678
9484,22.892,2.741
9485,22.923,2.786
9486,22.870,2.764
9487,22.889,2.789
9488,8.839,2.827
9489,22.948,2.804
9490,22.970,2.810
9491,22.950,2.845
9492,8.942,2.710
9493,23.065,2.769
9494,23.029,2.707
9495,23.033,2.711
9496,23.018,2.829
9497,22.940,2.800
9498,22.829,2.723
9499,22.903,2.654
9500,22.944,2.827
9501,22.981,2.830
9502,22.918,2.753
9503,22.824,2.829
9504,22.930,2.950
9505,22.652,2.924
9506,23.061,2.948
9507,23.105,2.937
9508,9.137,2.920
9509,9.206,2.898
9510,23.032,2.755
9511,23.106,2.823
9512,23.083,2.894
9513,23.024,2.937
9514,22.982,2.844
9515,22.921,2.797
9516,22.953,2.821
9517,23.039,2.831
9518,22.775,2.717
9519,8.439,2.857
9520,22.697,2.988
9521,22.683,2.809
9522,22.665,2.918
9523,22.629,2.865
9524,22.692,2.896
9525,22.682,2.958
9526,22.696,2.992
9527,22.712,2.987
9528,22.609,2.782
9529,22.565,2.851
9530,22.477,2.773
9531,22.567,2.801
9532,22.559,2.858
9533,22.657,2.813
9534,8.254,2.792
9535,8.321,2.881
9536,8.375,2.895
9537,8.368,3.054
9538,22.784,2.944
9539,8.448,2.881
9540,22.700,2.952
9541,22.652,3.028
9542,22.638,2.861
9543,22.997,2.812
9544,22.975,2.932
9545,22.892,2.921
9546,22.829,2.807
9547,22.806,2.935
9548,22.936,2.961
9549,22.820,3.003
9550,22.872,2.972
9551,22.853,3.066
9552,22.693,3.038
9553,22.782,3.114
9554,22.782,2.954
9555,22.717,2.988
9556,22.698,2.963
9557,22.789,2.809
9558,22.794,2.898
9559,22.834,2.868
9560,22.510,2.931
9561,22.518,2.872
9562,22.562,3.050
9563,22.869,2.934
9564,8.044,2.944
9565,8.030,2.924
9566,22.478,2.946
9567,7.989,2.958
9568,7.893,2.851
9569,7.902,2.973
9570,7.940,2.854
9571,7.954,2.901
9572,7.922,2.863
9573,7.778,2.815
9574,7.850,2.836
9575,7.759,2.828
9576,7.892,2.831
9577,7.917,2.874
9578,7.720,2.864
9579,7.794,2.963
9580,8.023,2.946
9581,7.940,2.949
9582,22.356,2.956
9583,22.394,2.884
9584,8.107,3.128
9585,8.092,3.093
9586,7.981,3.107
9587,7.857,3.046
9588,22.235,2.946
9589,22.279,2.888
9590,22.330,2.827
9591,22.209,2.900
9592,22.229,2.923
9593,22.229,2.829
9594,22.204,2.923
9595,22.379,2.941
9596,22.363,2.930
9597,22.353,2.863
9598,22.297,2.778
9599,22.307,2.887
9600,22.349,2.890
9601,22.271,2.848
9602,22.337,2.753
9603,22.350,2.884
9604,22.356,2.796
9605,22.286,2.680
9606,22.296,2.850
9607,7.896,2.973
9608,22.316,3.002
9609,7.642,2.967
9610,7.783,2.969
9611,7.830,2.992
9612,22.737,2.930
9613,8.626,2.911
9614,8.671,2.923
9615,8.680,2.941
9616,8.663,2.921
9617,8.636,3.066
9618,8.646,2.948
9619,8.749,2.885
9620,8.765,2.865
9621,8.707,2.847
9622,8.521,2.759
9623,22.741,2.805
9624,22.709,2.790
9625,22.800,2.864
9626,8.457,2.855
9627,8.626,2.834
9628,8.591,2.976
9629,8.718,2.939
9630,8.716,2.966
9631,8.820,3.035
9632,8.967,2.895
9633,8.996,3.005
9634,8.817,2.762
9635,8.888,2.729
9636,8.992,2.957
9637,9.037,2.700
9638,8.897,2.902
9639,22.918,2.795
9640,22.892,2.838
9641,9.010,2.968
9642,9.023,2.891
9643,8.996,2.857
9644,9.043,2.826
9645,9.065,2.871
9646,9.025,2.867
9647,8.932,2.775
9648,8.814,2.711
9649,8.967,2.641
9650,8.239,2.697
9651,8.998,2.789
9652,9.132,2.668
9653,23.023,2.585
9654,8.983,2.624
9655,8.161,2.616
9656,8.180,2.614
9657,9.020,2.640
9658,8.732,2.626
9659,8.748,2.747
9660,8.741,2.720
9661,8.677,2.663
9662,8.711,2.656
9663,22.968,2.680
9664,22.968,2.656
9665,22.883,2.711
9666,22.891,2.693
9667,22.927,2.778
9668,22.932,2.795
9669,8.459,2.703
9670,8.287,2.700
9671,8.385,2.681
9672,22.905,2.700
9673,8.462,2.722
9674,8.254,2.701
9675,8.350,2.775
9676,8.423,2.703
9677,8.459,2.790
9678,22.918,2.761
9679,8.521,2.720
9680,8.740,2.698
9681,8.847,2.666
9682,8.878,2.650
9683,8.805,2.798
9684,8.707,2.885
9685,8.758,2.820
9686,8.659,2.807
9687,8.597,2.589
9688,8.683,2.581
9689,8.642,2.630
9690,8.773,2.737
9691,8.598,2.661
9692,8.500,2.722
9693,8.757,2.804
9694,8.589,2.619
9695,8.650,2.644
9696,8.486,2.797
9697,8.519,2.723
9698,8.427,2.721
9699,8.420,2.714
9700,8.307,2.734
9701,8.410,2.745
9702,8.345,2.738
9703,8.349,2.694
9704,8.355,2.670
9705,8.314,2.738
9706,8.435,2.749
9707,8.342,2.692
9708,8.346,2.749
9709,8.429,2.627
9710,8.504,2.724
9711,8.555,2.712
9712,8.441,2.589
9713,8.401,2.633
9714,8.436,2.642
9715,8.285,2.870
9716,8.287,2.865
9717,8.268,2.751
9718,8.212,2.745
9719,8.113,2.719
9720,8.078,2.687
9721,7.834,2.705
9722,7.735,2.780
9723,7.642,2.819
9724,7.729,2.816
9725,7.791,2.697
9726,7.729,2.576
9727,7.905,2.672
9728,7.852,2.783
9729,8.069,2.800
9730,8.057,2.828
9731,9.171,2.842
9732,23.040,2.810
9733,23.133,2.775
9734,23.051,2.788
9735,9.168,2.895
9736,22.978,2.743
9737,9.224,2.777
9738,8.230,2.676
9739,8.149,2.639
9740,9.437,2.658
9741,8.304,2.695
9742,8.355,2.656
9743,8.455,2.661
9744,9.493,2.702
9745,9.466,2.685
9746,8.486,2.606
9747,9.425,2.637
9748,9.435,2.661
9749,9.580,2.506
9750,9.586,2.579
9751,8.597,2.650
9752,9.621,2.585
9753,9.553,2.564
9754,8.610,2.709
9755,8.506,2.692
9756,8.605,2.635
9757,9.767,2.640
9758,9.566,2.548
9759,8.521,2.658
9760,8.452,2.539
9761,8.367,2.590
9762,8.378,2.665
9763,8.258,2.639
9764,8.451,2.606
9765,8.442,2.621
9766,9.574,2.687
9767,9.520,2.683
9768,9.610,2.787
9769,9.493,2.831
9770,9.586,2.895
9771,9.500,2.899
9772,9.412,2.846
9773,23.117,2.811
9774,9.453,2.860
9775,9.418,2.730
9776,22.994,2.703
9777,9.479,2.644
9778,9.512,2.620
9779,9.503,2.606
9780,9.551,2.747
9781,9.380,2.622
9782,9.546,2.781
9783,9.661,2.679
9784,23.127,2.594
9785,9.736,2.605
9786,9.904,2.561
9787,9.751,2.579
9788,9.822,2.639
9789,9.690,2.695
9790,9.691,2.583
9791,9.667,2.621
9792,9.660,2.594
9793,9.757,2.506
9794,9.641,2.543
9795,9.574,2.625
9796,9.640,2.631
9797,9.622,2.666
9798,9.552,2.642
9799,9.686,2.671
9800,9.790,2.674
9801,9.676,2.686
9802,9.634,2.808
9803,9.417,2.766
9804,9.422,2.688
9805,23.089,2.675
9806,23.122,2.699
9807,23.108,2.668
9808,9.668,2.709
9809,9.446,2.757
9810,9.504,2.702
9811,9.328,2.712
9812,9.239,2.744
9813,9.138,2.752
9814,8.940,2.766
9815,8.865,2.646
9816,8.867,2.622
9817,8.899,2.632
9818,8.759,2.711
9819,8.683,2.719
9820,8.808,2.729
9821,8.742,2.802
9822,8.697,2.858
9823,8.702,2.853
9824,8.848,2.892
9825,8.905,2.772
9826,8.817,2.791
9827,8.819,2.726
9828,9.139,2.760
9829,9.107,2.722
9830,9.193,2.719
9831,9.209,2.722
9832,9.107,2.675
9833,9.015,2.682
9834,9.056,2.812
9835,9.086,2.843
9836,9.046,2.852
9837,9.093,2.768
9838,9.126,2.813
9839,9.043,2.793
9840,9.139,2.853
9841,8.975,2.795
9842,9.231,2.746
9843,9.043,2.790
9844,9.113,2.865
9845,9.117,2.747
9846,9.153,2.799
9847,9.285,2.799
9848,9.079,2.670
9849,9.109,2.653
9850,9.077,2.639
9851,8.912,2.694
9852,8.833,2.711
9853,8.899,2.736
9854,8.834,2.661
9855,8.739,2.578
9856,8.899,2.687
9857,8.888,2.573
9858,8.893,2.647
9859,8.736,2.542
9860,8.888,2.570
9861,8.928,2.728
9862,9.003,2.589
9863,9.094,2.621
9864,9.047,2.682
9865,9.187,2.737
9866,9.142,2.641
9867,8.849,2.594
9868,8.937,2.580
9869,8.906,2.584
9870,8.974,2.528
9871,9.013,2.628
9872,8.904,2.588
9873,8.909,2.634
9874,8.914,2.613
9875,9.005,2.657
9876,8.980,2.573
9877,8.976,2.561
9878,8.949,2.584
9879,8.893,2.514
9880,8.747,2.449
9881,8.762,2.582
9882,8.632,2.649
9883,8.806,2.624
9884,8.826,2.682
9885,8.958,2.681
9886,9.009,2.767
9887,8.850,2.700
9888,8.925,2.775
9889,8.908,2.771
9890,8.877,2.885
9891,8.848,2.793
9892,8.935,2.745
9893,9.027,2.666
9894,9.050,2.703
9895,9.059,2.682
9896,8.980,2.660
9897,8.967,2.639
9898,8.930,2.779
9899,8.710,2.750
9900,8.793,2.806
9901,8.807,2.786
9902,8.952,2.774
9903,8.773,2.734
9904,8.744,2.809
9905,8.639,2.831
9906,8.628,2.789
9907,8.543,2.743
9908,8.481,2.726
9909,8.463,2.686
9910,8.568,2.862
9911,8.494,2.787
9912,8.598,2.684
9913,8.665,2.805
9914,8.656,2.851
9915,8.716,2.932
9916,8.639,2.940
9917,8.627,2.930
9918,8.791,2.814
9919,8.832,2.791
9920,8.897,2.792
9921,8.853,2.711
9922,8.867,2.717
9923,8.910,2.693
9924,9.029,2.855
9925,9.046,2.826
9926,9.182,2.879
9927,9.134,2.831
9928,9.278,2.771
9929,9.302,2.816
9930,9.329,2.675
9931,9.126,2.735
9932,9.053,2.773
9933,8.900,2.641
9934,8.892,2.652
9935,9.022,2.708
9936,9.029,2.664
9937,9.031,2.678
9938,8.980,2.678
9939,8.956,2.784
9940,8.917,2.705
9941,8.905,2.893
9942,8.947,2.833
9943,8.695,2.740
9944,8.752,2.664
9945,8.818,2.760
9946,8.805,2.689
9947,8.962,2.758
9948,8.916,2.603
9949,8.898,2.687
9950,8.810,2.569
9951,8.858,2.649
9952,8.865,2.621
9953,8.880,2.598
9954,9.064,2.671
9955,9.293,2.804
9956,9.282,2.769
9957,9.142,2.805
9958,9.126,2.628
9959,9.038,2.605
9960,8.959,2.645
9961,8.931,2.736
9962,9.018,2.683
9963,8.965,2.768
9964,8.988,2.814
9965,9.030,2.706
9966,8.944,2.778
9967,9.044,2.850
9968,9.104,2.709
9969,9.093,2.708
9970,9.102,2.753
9971,9.171,2.774
9972,9.260,2.725
9973,9.128,2.682
9974,9.324,2.699
9975,9.325,2.700
9976,9.507,2.743
9977,9.514,2.784
9978,9.455,2.713
9979,9.300,2.731
9980,9.214,2.750
9981,9.042,2.719
9982,9.182,2.701
9983,9.256,2.705
9984,9.082,2.777
9985,9.074,2.713
9986,9.210,2.775
9987,9.147,2.897
9988,9.181,2.843
9989,9.030,2.650
9990,9.222,2.814
9991,9.299,2.795
9992,9.430,2.864
9993,9.353,2.912
9994,9.481,2.796
9995,9.415,2.854
9996,9.387,2.799
9997,9.329,2.803
9998,9.354,2.808
9999,9.160,2.785
