frame,K347_ASP1423,K347_ASP1714,K347_D356
0,31.908,31.179,2.676
1,31.972,32.055,2.755
2,31.782,31.034,2.595
3,30.912,30.788,2.640
4,30.802,30.175,2.805
5,29.415,30.920,2.826
6,29.417,29.956,2.672
7,28.818,28.529,2.687
8,28.916,29.468,2.984
9,28.926,29.601,2.563
10,29.219,29.267,2.826
11,29.566,29.927,2.806
12,29.831,29.561,2.863
13,29.817,29.243,2.847
14,28.483,28.307,3.051
15,29.048,29.288,2.601
16,29.087,28.355,2.763
17,29.266,28.880,2.693
18,29.595,29.331,2.705
19,28.344,27.879,2.641
20,29.416,28.936,2.694
21,28.618,29.368,2.800
22,29.743,28.211,2.889
23,29.230,28.333,2.849
24,28.924,27.881,2.720
25,28.308,27.788,2.681
26,28.550,28.074,2.672
27,28.446,27.619,2.717
28,27.980,28.569,2.654
29,28.628,28.749,2.700
30,29.419,28.290,2.691
31,29.336,28.597,2.769
32,29.405,28.640,2.729
33,29.633,29.129,2.645
34,32.284,29.727,4.550
35,29.948,29.640,4.162
36,29.141,29.064,5.586
37,29.589,29.545,6.685
38,27.788,28.482,5.302
39,29.303,29.530,6.730
40,28.480,29.576,6.659
41,28.891,28.644,5.548
42,29.209,28.753,5.735
43,27.964,27.973,5.181
44,28.335,27.988,5.960
45,26.818,26.810,5.829
46,27.447,27.315,6.218
47,28.923,28.238,7.198
48,28.192,28.391,7.520
49,27.729,28.803,9.119
50,26.448,27.642,10.239
51,27.942,28.415,8.158
52,28.284,28.874,5.639
53,29.193,28.950,6.507
54,28.817,29.081,5.388
55,28.968,27.546,5.562
56,29.138,29.014,6.502
57,27.343,27.754,4.965
58,27.379,27.861,4.930
59,26.497,27.499,4.923
60,26.965,27.314,6.661
61,26.619,28.068,5.708
62,28.108,28.519,5.463
63,28.160,28.039,5.046
64,28.663,27.814,5.239
65,28.140,28.217,6.096
66,28.082,28.854,6.584
67,28.793,28.049,6.122
68,28.025,28.447,5.430
69,29.682,29.038,5.567
70,28.341,27.138,4.613
71,28.304,28.006,4.888
72,29.111,28.875,5.450
73,28.682,28.870,7.439
74,28.284,28.441,6.991
75,27.478,28.493,7.943
76,27.890,28.808,7.173
77,27.698,28.121,7.612
78,28.535,28.699,6.718
79,28.420,29.083,6.397
80,28.637,28.801,6.483
81,26.885,28.447,9.329
82,28.307,28.704,6.916
83,27.847,28.894,7.282
84,28.904,28.744,6.783
85,28.711,29.207,6.753
86,27.352,28.177,5.616
87,27.675,29.209,7.621
88,27.334,28.698,6.619
89,29.148,29.278,6.055
90,27.841,28.064,6.431
91,27.848,28.254,6.635
92,27.246,28.387,6.547
93,27.624,28.315,6.732
94,28.321,28.636,6.515
95,27.357,27.726,7.350
96,26.185,27.464,9.021
97,27.188,27.851,7.852
98,26.919,27.361,8.251
99,27.569,28.408,8.443
100,27.907,29.113,9.148
101,26.719,28.236,9.338
102,26.490,28.938,9.445
103,25.991,28.524,9.836
104,26.986,28.461,7.478
105,29.089,29.460,8.299
106,27.086,28.201,8.085
107,26.756,27.635,9.616
108,25.663,27.933,9.381
109,24.675,27.339,10.735
110,25.452,28.039,10.759
111,26.204,27.875,8.228
112,26.660,27.370,8.486
113,26.272,28.348,10.485
114,27.017,27.768,9.024
115,27.052,28.212,10.678
116,28.732,29.264,7.876
117,28.242,28.720,8.889
118,26.814,28.306,9.141
119,29.233,29.891,8.503
120,28.745,29.669,8.669
121,28.076,28.936,8.311
122,29.804,30.383,8.148
123,28.686,30.260,8.493
124,28.969,29.858,7.561
125,29.676,29.704,7.162
126,28.485,29.356,8.338
127,28.305,29.193,8.314
128,27.634,29.473,8.925
129,28.316,28.581,8.446
130,27.715,28.816,6.459
131,27.104,27.779,5.353
132,28.367,29.273,6.653
133,29.450,28.723,8.417
134,29.937,29.836,6.770
135,28.802,28.124,7.601
136,29.586,29.941,8.813
137,27.119,27.835,7.887
138,27.500,28.642,7.804
139,29.124,28.465,7.652
140,27.267,27.557,8.359
141,27.692,28.863,7.734
142,27.462,28.702,7.437
143,27.811,29.201,6.227
144,26.619,27.778,5.275
145,26.483,28.345,7.194
146,26.123,27.432,7.766
147,26.567,27.918,6.917
148,27.026,27.886,6.780
149,25.615,27.947,7.794
150,26.826,28.300,6.889
151,27.218,28.720,6.245
152,25.470,26.386,6.004
153,26.503,28.654,7.075
154,27.797,29.177,7.796
155,26.418,28.257,7.883
156,27.147,27.874,6.009
157,27.492,28.256,7.123
158,27.952,29.247,8.102
159,26.981,28.047,6.808
160,27.225,28.880,8.235
161,26.236,28.481,8.408
162,26.817,28.171,6.572
163,26.880,28.039,7.022
164,28.164,28.395,6.864
165,28.005,29.384,7.394
166,27.469,29.569,7.193
167,27.093,29.605,7.015
168,28.188,29.704,7.208
169,27.014,28.663,7.236
170,28.076,28.802,7.089
171,28.431,28.850,7.647
172,27.815,28.696,6.541
173,26.742,27.884,6.560
174,26.311,28.571,7.608
175,28.468,29.928,8.005
176,27.685,29.626,9.477
177,28.286,29.187,7.368
178,27.008,29.016,8.226
179,29.050,30.016,8.392
180,28.435,29.510,7.938
181,29.301,30.426,7.418
182,28.083,29.313,8.043
183,28.267,29.577,7.623
184,28.909,30.534,8.818
185,26.843,28.759,6.967
186,28.872,30.008,7.324
187,28.594,29.154,6.839
188,27.408,29.357,7.732
189,28.593,30.107,6.698
190,28.950,29.465,6.336
191,24.045,27.238,8.178
192,27.363,28.208,5.974
193,27.824,28.321,6.558
194,27.037,28.558,6.683
195,27.170,28.335,5.307
196,26.211,28.152,7.157
197,26.638,28.074,5.253
198,27.285,29.831,6.230
199,27.461,29.774,6.905
200,25.758,28.482,6.012
201,27.540,29.477,5.329
202,27.010,28.682,6.701
203,27.867,28.991,5.617
204,26.618,29.189,6.562
205,28.186,29.058,6.355
206,27.276,29.688,7.486
207,27.340,29.160,7.605
208,26.885,29.428,7.962
209,27.206,29.528,7.940
210,27.359,29.345,7.460
211,28.436,29.642,7.971
212,27.073,29.055,7.506
213,29.902,29.520,6.812
214,26.310,27.926,7.867
215,26.473,27.840,7.660
216,27.864,28.524,7.713
217,25.954,28.698,9.170
218,25.750,27.685,8.801
219,25.614,28.082,8.490
220,27.243,29.057,8.835
221,25.854,27.842,8.322
222,25.427,27.665,8.144
223,28.086,28.418,7.955
224,27.367,29.210,7.551
225,28.272,29.199,6.255
226,26.663,28.961,7.074
227,26.368,28.615,6.712
228,28.362,29.553,6.982
229,27.252,28.797,6.773
230,25.800,27.664,6.872
231,25.804,28.076,7.260
232,26.330,27.878,4.951
233,27.192,28.977,7.054
234,28.066,28.910,5.904
235,25.720,28.139,7.387
236,26.148,27.518,4.620
237,25.438,27.616,6.359
238,27.331,29.270,5.223
239,26.305,28.359,4.929
240,25.900,27.997,7.499
241,24.370,27.325,8.424
242,26.925,28.902,6.364
243,26.308,27.031,6.680
244,24.705,25.481,2.687
245,26.163,27.148,2.706
246,25.596,25.862,2.642
247,26.177,25.896,2.808
248,26.091,26.307,2.649
249,26.656,27.390,2.726
250,27.638,26.301,2.807
251,27.276,26.712,2.711
252,26.365,27.215,2.719
253,28.588,26.807,2.658
254,27.095,25.082,2.749
255,28.706,27.336,2.655
256,25.611,26.292,2.734
257,26.406,27.963,2.704
258,25.765,26.622,2.680
259,26.740,27.535,2.620
260,26.181,26.336,2.760
261,26.041,26.638,2.663
262,25.989,26.465,2.785
263,25.548,26.322,2.783
264,26.323,27.911,2.600
265,26.549,28.223,2.629
266,25.963,27.031,2.534
267,26.934,27.097,2.700
268,25.999,27.697,2.712
269,26.804,26.978,2.523
270,26.964,27.813,2.768
271,26.722,26.579,2.775
272,28.455,27.153,2.603
273,29.138,27.909,2.694
274,28.693,26.350,2.620
275,26.683,27.189,2.948
276,26.622,27.435,2.696
277,27.455,28.232,2.604
278,25.949,27.446,2.781
279,25.439,26.409,2.721
280,25.337,25.765,2.638
281,24.931,26.969,2.862
282,24.889,25.980,2.553
283,25.185,25.430,2.663
284,25.287,26.040,2.662
285,24.996,25.678,2.755
286,24.578,26.066,2.624
287,26.034,26.358,2.699
288,25.002,26.038,2.879
289,28.413,26.994,2.781
290,27.189,26.526,2.691
291,25.291,25.961,2.564
292,24.718,25.728,2.626
293,24.615,26.156,2.724
294,25.943,26.536,2.757
295,27.108,25.803,2.611
296,28.809,26.772,2.858
297,28.963,27.736,2.645
298,28.423,27.023,2.634
299,28.772,27.617,2.773
300,29.561,27.328,2.600
301,26.690,25.728,2.561
302,28.957,27.796,2.811
303,27.864,26.923,2.581
304,28.878,27.168,2.594
305,27.979,26.795,2.620
306,28.845,26.869,2.579
307,27.283,27.664,2.789
308,26.569,26.787,2.677
309,27.239,27.085,2.751
310,27.476,27.492,2.823
311,28.003,27.445,2.701
312,27.066,27.236,2.618
313,26.893,26.858,3.070
314,26.028,26.189,2.758
315,25.605,26.339,2.760
316,25.010,25.871,2.690
317,28.302,26.877,2.618
318,28.195,26.466,2.682
319,26.176,25.204,2.842
320,27.201,24.343,2.592
321,26.445,25.138,2.552
322,27.805,27.162,2.983
323,28.162,26.465,2.659
324,26.301,26.437,2.709
325,26.797,26.398,2.652
326,25.221,25.331,2.624
327,25.896,25.510,2.615
328,26.237,26.097,2.608
329,26.451,26.577,2.517
330,25.586,26.467,2.674
331,24.762,24.972,2.584
332,26.340,25.956,2.734
333,25.813,26.262,2.579
334,25.183,25.771,2.601
335,24.932,26.007,2.595
336,24.417,25.484,2.637
337,24.535,24.361,2.665
338,24.764,26.008,2.657
339,24.697,27.096,2.751
340,25.110,25.350,2.809
341,26.986,27.829,2.712
342,27.182,27.123,2.794
343,26.942,27.711,2.611
344,26.559,27.986,2.738
345,26.023,27.538,2.761
346,27.906,29.040,2.568
347,28.114,28.312,2.616
348,29.289,28.977,2.772
349,27.564,28.205,2.621
350,27.874,27.930,2.926
351,28.655,28.029,2.790
352,29.492,28.416,2.603
353,29.372,28.289,2.593
354,27.266,28.761,2.533
355,28.270,28.790,3.579
356,28.137,29.975,5.007
357,27.844,30.232,5.808
358,28.488,29.906,4.902
359,28.608,28.593,4.585
360,28.048,29.563,4.113
361,27.732,28.994,3.835
362,27.632,29.719,4.305
363,28.004,29.492,2.670
364,28.596,28.573,2.591
365,28.351,29.332,3.956
366,27.145,28.171,2.681
367,27.595,26.957,2.702
368,27.519,27.588,2.630
369,27.916,28.484,2.558
370,27.988,27.887,2.858
371,27.242,28.801,2.605
372,26.670,27.835,2.745
373,27.444,27.145,3.251
374,27.487,26.789,2.574
375,27.652,28.678,2.669
376,26.442,27.523,2.547
377,27.550,26.556,2.701
378,26.471,26.310,2.773
379,26.575,25.890,2.551
380,25.937,26.210,2.637
381,26.981,25.796,2.619
382,27.126,26.508,2.732
383,26.057,25.740,2.873
384,28.882,25.496,2.667
385,28.283,25.712,2.628
386,28.235,25.746,2.634
387,29.317,26.268,2.676
388,28.736,26.064,2.834
389,28.197,25.816,2.649
390,29.086,26.323,2.796
391,28.760,26.247,2.897
392,29.219,26.860,2.701
393,30.276,25.814,2.560
394,29.074,25.236,2.568
395,26.608,25.792,2.651
396,26.360,25.011,2.534
397,25.825,25.595,2.608
398,24.958,25.339,2.640
399,25.336,25.171,2.758
400,25.753,25.271,2.672
401,26.007,25.400,2.709
402,26.565,25.425,2.741
403,26.095,25.285,2.738
404,26.641,26.878,2.620
405,26.988,26.951,2.628
406,26.799,27.734,2.704
407,25.883,26.883,2.724
408,26.710,26.876,2.682
409,26.162,26.306,2.573
410,25.481,25.935,2.653
411,27.465,26.772,2.670
412,26.667,25.607,2.747
413,26.165,26.332,2.669
414,26.563,25.261,2.758
415,24.923,25.513,2.666
416,26.250,25.112,2.598
417,27.759,26.311,2.827
418,28.080,25.490,2.786
419,28.447,25.668,2.536
420,27.924,25.107,2.653
421,27.734,25.880,2.691
422,27.944,26.074,2.689
423,27.623,25.495,2.746
424,28.520,26.081,2.629
425,28.581,26.023,2.605
426,27.184,24.697,2.668
427,26.869,24.870,2.577
428,29.196,27.474,2.829
429,29.530,27.044,2.693
430,28.720,26.568,2.702
431,28.529,27.461,2.670
432,28.351,27.337,2.683
433,29.132,28.043,2.717
434,28.528,27.484,2.618
435,27.463,26.937,2.623
436,26.816,25.898,2.779
437,26.981,26.370,2.716
438,27.385,26.115,2.744
439,27.138,25.440,2.784
440,27.379,26.059,2.721
441,28.770,25.521,2.631
442,29.326,26.242,2.601
443,30.639,27.431,2.836
444,29.056,27.606,2.614
445,28.875,27.591,2.589
446,28.619,26.086,2.630
447,27.832,26.215,2.664
448,28.663,26.607,2.592
449,30.080,27.603,2.628
450,27.655,27.257,2.699
451,28.384,28.065,2.799
452,26.399,26.160,2.554
453,27.144,27.635,2.574
454,28.120,27.197,2.695
455,27.501,26.274,2.687
456,29.431,28.098,2.667
457,29.336,27.830,2.729
458,29.541,27.149,2.605
459,30.246,28.636,2.548
460,29.628,28.115,2.672
461,29.776,27.714,2.676
462,29.652,27.850,2.833
463,28.760,26.560,2.697
464,27.642,26.819,2.631
465,29.135,27.311,2.894
466,29.510,28.342,2.809
467,27.922,27.281,2.687
468,28.652,26.775,2.700
469,28.074,27.488,2.613
470,28.016,26.617,2.606
471,27.037,26.875,2.933
472,27.255,26.053,2.769
473,27.491,26.760,2.645
474,28.330,26.814,2.598
475,27.739,26.219,2.717
476,27.963,26.564,2.566
477,28.557,26.289,2.599
478,27.697,26.081,2.782
479,28.528,26.877,2.679
480,28.659,27.178,2.743
481,27.166,26.017,2.725
482,26.970,26.220,2.733
483,27.585,26.190,2.775
484,28.151,26.752,2.731
485,27.011,26.077,2.598
486,27.043,26.376,3.889
487,27.994,26.124,2.539
488,27.365,26.570,4.527
489,26.825,25.916,2.881
490,27.607,26.654,2.744
491,26.850,26.877,2.647
492,26.752,26.462,2.538
493,27.798,27.567,2.649
494,27.684,27.834,2.622
495,27.281,26.761,2.653
496,28.310,28.383,2.750
497,27.252,26.589,2.658
498,27.376,26.284,2.688
499,27.734,26.695,2.707
500,27.454,26.113,2.848
501,27.433,26.439,2.739
502,27.872,26.325,2.654
503,28.235,27.651,2.758
504,26.499,25.506,2.635
505,26.618,25.842,2.604
506,26.870,26.059,2.779
507,27.621,27.155,2.903
508,27.005,26.540,2.706
509,27.075,26.470,2.762
510,27.172,26.616,2.621
511,27.041,26.569,2.694
512,27.817,27.441,2.930
513,26.553,26.105,2.764
514,26.489,25.741,2.578
515,28.807,27.096,2.885
516,28.550,26.833,2.900
517,27.424,26.403,2.596
518,27.967,26.314,2.714
519,26.453,25.690,2.777
520,26.668,26.405,2.839
521,26.000,25.802,2.714
522,28.679,28.027,2.729
523,26.821,26.013,2.717
524,27.913,26.106,2.772
525,28.011,25.932,2.548
526,28.818,26.932,2.609
527,27.413,25.167,2.532
528,27.095,25.624,2.717
529,27.758,25.727,2.555
530,28.665,25.958,2.650
531,26.780,25.204,2.928
532,28.044,25.995,2.615
533,28.624,27.108,2.699
534,26.494,25.868,2.755
535,27.929,27.494,2.655
536,27.968,27.649,2.615
537,28.653,27.052,2.700
538,28.924,27.284,2.762
539,31.097,27.713,2.628
540,31.596,27.571,2.780
541,30.313,28.268,2.600
542,28.871,27.787,2.616
543,27.809,26.930,2.589
544,27.949,26.538,2.732
545,27.505,26.489,2.722
546,27.067,26.188,2.680
547,27.232,26.157,2.706
548,27.056,26.300,2.718
549,26.762,25.749,2.566
550,26.090,27.355,2.971
551,26.793,25.588,2.573
552,26.788,27.149,2.831
553,26.978,26.989,2.624
554,26.178,25.950,2.557
555,27.068,26.077,2.596
556,27.154,26.487,2.631
557,26.350,25.201,2.882
558,26.943,26.177,2.696
559,26.191,26.510,2.533
560,26.408,25.966,2.737
561,26.529,26.182,2.667
562,27.246,27.311,2.588
563,26.966,26.528,2.740
564,26.381,25.619,2.629
565,27.456,26.493,2.721
566,27.882,26.915,2.757
567,26.812,26.598,2.832
568,28.036,26.461,2.636
569,28.670,26.739,2.640
570,27.133,26.700,2.565
571,27.765,26.227,2.588
572,28.706,28.044,2.586
573,26.464,26.321,2.554
574,27.076,26.759,2.827
575,27.550,26.145,2.609
576,27.718,25.850,2.629
577,28.711,25.743,2.692
578,27.917,27.535,2.835
579,28.463,26.571,2.810
580,27.542,26.540,2.949
581,28.016,27.877,2.812
582,28.358,27.545,2.730
583,27.246,27.099,2.637
584,27.754,27.251,2.823
585,26.850,26.404,2.713
586,27.180,25.900,2.593
587,27.150,26.635,2.614
588,27.586,26.718,2.796
589,26.798,25.197,2.806
590,27.560,26.988,2.672
591,26.857,26.595,2.683
592,27.727,27.499,2.759
593,27.768,27.811,2.731
594,27.113,26.519,2.956
595,27.049,26.129,2.677
596,27.119,26.001,2.751
597,28.655,27.966,2.955
598,27.612,26.118,2.724
599,27.479,26.479,2.729
600,26.841,25.785,2.663
601,27.916,25.905,2.815
602,28.133,26.567,2.652
603,28.576,26.544,2.763
604,28.601,26.645,2.768
605,28.375,27.687,2.566
606,28.987,26.969,2.771
607,28.461,27.538,2.745
608,27.864,27.264,2.629
609,29.568,27.487,2.879
610,28.383,26.703,2.983
611,27.064,26.304,2.684
612,28.138,27.000,2.461
613,28.000,26.174,2.821
614,28.490,27.039,2.814
615,28.128,26.492,2.667
616,27.711,26.392,2.662
617,28.550,26.301,2.625
618,28.547,26.430,2.781
619,30.926,26.241,2.686
620,31.212,27.157,2.712
621,33.212,28.538,2.803
622,30.254,26.380,2.507
623,30.993,26.974,2.776
624,29.209,27.572,2.690
625,28.573,26.881,2.744
626,28.460,28.203,2.786
627,28.616,28.204,2.595
628,28.999,28.344,2.653
629,28.738,27.165,2.814
630,29.166,28.505,2.614
631,28.425,26.960,2.707
632,28.894,26.910,2.665
633,28.462,27.490,2.790
634,29.475,26.797,2.679
635,28.225,28.117,2.846
636,28.927,26.227,2.694
637,28.136,26.245,2.857
638,30.131,27.508,2.645
639,28.912,26.947,2.751
640,29.693,27.436,2.763
641,27.777,25.805,2.864
642,28.756,27.126,2.703
643,27.996,26.139,2.710
644,29.053,26.104,2.618
645,28.837,27.459,2.783
646,28.204,26.796,2.746
647,29.834,27.667,2.631
648,28.716,27.491,2.617
649,30.254,27.212,2.736
650,28.603,27.222,2.634
651,29.163,27.562,2.675
652,28.568,27.655,2.562
653,30.190,26.347,2.798
654,31.071,27.240,2.923
655,28.167,26.744,2.870
656,29.109,26.764,2.860
657,29.029,27.199,2.659
658,30.319,27.817,2.614
659,28.516,26.126,2.570
660,28.834,27.087,2.852
661,30.225,28.218,2.698
662,30.723,28.272,2.722
663,28.605,27.195,2.565
664,30.582,28.219,2.545
665,29.710,27.566,2.701
666,29.377,27.256,2.549
667,30.444,26.987,2.645
668,30.283,27.757,2.790
669,29.185,26.801,2.690
670,29.017,26.271,2.730
671,30.195,26.785,2.614
672,30.110,27.766,2.634
673,29.004,26.971,2.694
674,29.043,27.022,2.752
675,29.072,26.794,2.866
676,29.498,27.281,2.799
677,28.240,26.229,2.638
678,30.316,27.750,2.738
679,29.628,27.913,2.819
680,29.577,26.823,2.719
681,28.721,27.566,3.757
682,28.975,26.215,2.895
683,28.641,26.242,2.762
684,27.905,26.217,2.603
685,29.475,25.938,3.168
686,28.159,26.599,3.227
687,29.491,27.762,2.706
688,28.635,27.224,2.633
689,28.505,26.630,2.675
690,32.577,27.407,2.650
691,30.608,27.510,2.715
692,28.932,27.095,2.801
693,28.086,26.960,3.729
694,29.314,27.769,2.736
695,29.544,27.761,2.793
696,29.680,27.375,2.708
697,29.048,27.896,2.663
698,28.702,25.818,2.723
699,28.627,26.861,2.715
700,28.651,27.963,2.741
701,27.951,27.485,2.728
702,27.759,27.760,2.739
703,28.137,26.962,2.667
704,26.565,26.256,2.577
705,27.034,26.867,2.768
706,27.732,27.161,2.856
707,28.751,28.054,2.688
708,28.046,26.766,2.587
709,27.614,26.522,2.599
710,28.673,27.322,2.631
711,28.727,28.064,2.660
712,28.433,27.579,2.645
713,29.737,27.605,2.924
714,28.062,26.705,2.670
715,26.958,26.494,4.441
716,27.666,26.911,2.733
717,29.534,29.291,2.842
718,28.565,28.280,2.591
719,27.334,26.392,2.709
720,28.110,27.459,2.556
721,28.777,29.523,2.700
722,28.510,29.464,2.822
723,28.266,28.738,2.572
724,29.749,28.881,2.751
725,29.679,29.451,2.767
726,26.941,27.719,6.113
727,28.431,28.881,5.806
728,30.362,28.795,2.708
729,29.412,28.001,3.144
730,29.927,28.876,2.743
731,30.057,28.896,4.251
732,29.955,28.681,2.523
733,29.664,27.708,2.911
734,29.745,28.760,2.805
735,30.946,27.752,2.731
736,30.469,27.183,2.684
737,32.012,27.151,2.656
738,31.714,27.583,3.821
739,29.541,27.177,2.607
740,32.285,28.625,2.618
741,32.341,28.942,2.700
742,28.277,27.357,2.635
743,28.541,27.814,3.121
744,27.709,27.110,2.624
745,31.929,28.678,2.665
746,29.653,27.876,3.989
747,30.183,28.086,4.296
748,29.253,29.230,4.415
749,29.485,28.552,4.482
750,29.600,28.271,2.626
751,29.255,28.184,2.739
752,28.507,27.377,2.664
753,29.478,28.011,2.570
754,29.183,28.383,2.706
755,29.905,28.041,2.647
756,29.325,28.160,2.603
757,30.701,28.652,2.725
758,30.517,28.917,2.804
759,30.835,28.930,2.957
760,28.587,27.946,2.683
761,30.393,28.494,2.925
762,29.455,28.929,2.530
763,28.553,27.233,2.619
764,29.985,28.446,2.923
765,29.364,27.965,2.648
766,30.748,27.881,2.696
767,29.269,28.458,2.761
768,29.608,28.339,2.613
769,29.586,28.761,2.633
770,29.887,28.390,2.722
771,30.393,28.345,2.637
772,29.450,27.701,2.644
773,29.694,27.899,2.857
774,33.109,29.025,4.122
775,29.656,28.867,4.547
776,30.220,29.434,4.750
777,28.630,28.915,4.500
778,29.511,29.934,4.854
779,30.032,29.688,4.435
780,29.693,28.678,4.242
781,30.196,28.754,4.686
782,30.200,30.408,4.860
783,32.942,29.899,4.447
784,32.831,30.416,2.610
785,30.115,30.268,3.002
786,31.422,29.973,2.820
787,31.288,30.196,2.850
788,31.133,30.529,2.896
789,30.263,30.180,2.637
790,30.459,30.365,2.773
791,31.916,31.286,2.712
792,31.104,30.538,2.793
793,31.243,30.932,2.627
794,31.109,30.047,2.686
795,31.511,30.130,2.602
796,31.100,29.195,3.347
797,30.853,28.850,2.772
798,29.995,29.304,2.567
799,31.712,29.989,2.627
800,30.674,29.720,2.900
801,30.213,29.658,2.817
802,30.790,29.368,2.629
803,30.519,30.275,2.872
804,30.958,30.662,2.632
805,30.904,29.216,2.577
806,30.731,28.713,2.628
807,29.992,28.958,2.681
808,29.050,28.386,2.616
809,30.065,28.891,2.590
810,30.444,28.989,2.661
811,30.035,29.252,2.673
812,29.117,29.846,2.523
813,30.400,30.024,2.751
814,29.084,30.496,2.787
815,30.784,30.430,2.641
816,30.332,30.529,2.797
817,29.611,31.167,2.811
818,29.784,31.651,2.737
819,29.810,30.525,2.643
820,29.709,31.243,2.665
821,29.819,30.655,2.529
822,30.988,31.078,2.836
823,29.849,30.648,2.737
824,29.176,31.081,2.996
825,29.557,30.710,2.680
826,30.068,30.716,2.766
827,29.161,30.768,2.736
828,29.064,30.234,2.668
829,27.377,29.278,2.565
830,27.630,29.037,2.650
831,29.392,28.959,2.699
832,27.979,29.290,2.762
833,28.894,28.840,2.568
834,28.868,29.628,2.823
835,29.325,29.791,2.617
836,28.534,29.782,2.652
837,28.543,29.452,2.633
838,27.504,28.607,2.588
839,29.694,29.826,2.735
840,28.557,29.653,2.644
841,29.389,30.163,3.012
842,29.269,29.356,2.663
843,30.404,28.953,2.700
844,30.745,29.399,2.655
845,27.647,28.915,2.760
846,31.156,30.805,2.705
847,28.658,29.719,2.836
848,28.989,30.012,2.732
849,29.339,29.891,2.738
850,29.764,30.036,2.805
851,30.058,29.521,2.862
852,29.495,30.255,2.846
853,29.015,31.577,2.633
854,29.906,30.241,2.608
855,30.438,31.261,2.808
856,29.411,30.032,2.661
857,30.004,29.963,2.818
858,29.129,29.129,2.606
859,28.042,29.868,2.707
860,29.727,29.980,2.677
861,31.284,29.956,2.791
862,31.319,30.420,2.656
863,30.140,30.470,2.744
864,29.834,30.155,2.814
865,29.270,30.289,2.601
866,29.361,29.888,2.713
867,28.788,28.402,2.654
868,29.438,28.679,2.708
869,29.183,28.960,2.623
870,28.901,29.094,2.918
871,29.462,29.384,2.704
872,28.922,29.372,2.777
873,28.947,29.496,2.748
874,29.654,29.654,2.615
875,28.419,29.055,2.616
876,28.234,28.994,2.717
877,29.239,28.842,2.732
878,29.790,29.904,2.747
879,28.950,29.779,2.630
880,28.014,29.519,2.591
881,29.416,29.301,2.709
882,30.234,30.137,2.798
883,30.022,30.215,2.765
884,29.118,30.255,2.734
885,29.382,29.784,2.887
886,28.923,29.881,2.636
887,29.787,30.282,2.716
888,29.289,30.332,2.933
889,29.728,29.763,2.597
890,30.045,30.837,3.074
891,30.936,30.951,2.495
892,30.378,30.685,2.685
893,30.203,30.252,2.777
894,29.912,30.954,2.770
895,29.610,30.255,2.676
896,29.796,30.870,2.721
897,29.244,31.480,2.683
898,29.978,30.620,2.730
899,29.825,31.307,2.751
900,30.403,30.740,2.732
901,30.244,30.770,2.774
902,29.969,30.532,2.749
903,29.637,30.273,2.745
904,29.633,30.327,2.765
905,29.782,29.079,2.599
906,29.704,29.433,2.671
907,29.405,29.457,2.579
908,30.276,29.749,2.568
909,29.689,30.349,2.868
910,30.879,30.493,2.614
911,28.953,29.476,2.516
912,31.315,31.469,3.104
913,29.712,31.625,2.627
914,30.699,31.029,2.660
915,30.289,30.019,2.767
916,30.240,31.368,2.822
917,30.738,30.224,2.708
918,29.732,31.502,2.563
919,29.723,30.429,2.861
920,30.176,31.001,2.727
921,29.228,30.874,2.894
922,29.442,30.455,2.743
923,31.473,31.619,2.596
924,29.442,30.636,2.697
925,29.869,30.293,3.008
926,30.008,30.447,2.630
927,30.393,31.210,2.692
928,29.889,30.983,3.017
929,30.725,30.108,2.625
930,30.358,31.099,2.697
931,29.253,30.508,2.751
932,29.671,30.579,2.708
933,29.851,30.701,2.693
934,29.901,31.872,2.752
935,30.363,32.517,2.839
936,30.118,30.973,2.675
937,30.265,30.285,2.656
938,29.982,29.531,2.713
939,29.207,30.829,4.423
940,30.298,31.587,4.673
941,29.048,30.898,2.671
942,29.951,30.557,2.593
943,30.615,31.320,2.560
944,29.612,30.586,3.045
945,29.437,30.184,2.885
946,29.009,30.662,2.543
947,29.471,30.823,2.635
948,28.730,31.280,2.611
949,29.709,31.857,2.686
950,28.757,31.327,2.852
951,29.945,32.203,2.672
952,29.819,31.594,2.747
953,27.804,31.374,2.595
954,29.872,32.528,2.740
955,30.222,32.075,2.680
956,30.518,32.129,2.772
957,29.395,31.899,2.632
958,32.264,31.066,2.738
959,31.656,30.820,2.700
960,32.042,31.378,2.651
961,31.582,30.755,2.623
962,31.114,30.925,2.698
963,30.749,31.501,2.865
964,29.463,31.263,2.631
965,30.442,30.951,2.646
966,29.308,30.638,2.754
967,28.694,29.746,3.347
968,28.740,31.962,2.713
969,29.466,30.568,2.633
970,29.735,30.235,2.645
971,29.041,31.553,3.070
972,29.426,30.622,2.678
973,29.471,30.913,2.573
974,29.191,30.824,2.743
975,28.788,30.448,2.836
976,28.563,30.726,2.856
977,28.279,29.566,2.737
978,28.378,29.702,2.542
979,28.985,30.059,2.585
980,30.495,30.174,2.613
981,32.143,30.293,2.703
982,29.315,30.262,2.732
983,27.701,28.621,4.966
984,28.561,29.849,2.554
985,28.401,28.787,2.785
986,29.425,29.824,2.647
987,28.881,30.938,2.679
988,29.288,30.681,2.784
989,29.316,30.995,2.644
990,28.834,30.413,2.864
991,29.240,31.840,2.729
992,28.678,30.316,2.752
993,30.501,30.412,2.731
994,29.122,31.036,2.698
995,28.852,29.944,2.636
996,29.207,30.314,2.569
997,29.216,30.156,2.826
998,29.016,29.857,2.682
999,29.560,30.335,2.567
1000,29.109,30.140,2.660
1001,29.593,30.634,2.698
1002,29.475,29.993,2.672
1003,28.539,29.921,2.841
1004,28.454,30.033,2.585
1005,29.864,29.924,2.659
1006,29.168,30.286,2.614
1007,30.172,30.430,2.711
1008,28.652,28.901,2.785
1009,31.069,30.492,2.667
1010,27.997,30.016,2.726
1011,28.032,29.425,2.607
1012,28.835,31.098,2.587
1013,29.288,31.230,2.835
1014,30.357,31.920,2.681
1015,29.956,30.900,2.874
1016,29.333,30.789,2.625
1017,30.111,31.123,2.605
1018,30.297,30.987,2.687
1019,30.173,32.173,2.844
1020,29.514,31.652,2.660
1021,29.161,31.580,2.619
1022,31.720,31.461,2.691
1023,30.952,30.949,2.629
1024,31.421,32.497,3.087
1025,29.651,32.431,2.689
1026,29.206,31.848,2.563
1027,28.965,32.047,2.727
1028,29.620,31.983,2.728
1029,29.470,31.383,2.672
1030,28.458,31.888,2.688
1031,29.506,31.529,2.692
1032,28.550,31.567,2.599
1033,29.077,31.417,2.749
1034,28.548,31.469,2.684
1035,29.438,31.244,2.649
1036,29.120,31.729,2.981
1037,28.509,31.567,2.662
1038,28.925,31.354,2.707
1039,28.881,32.257,2.621
1040,29.044,31.685,2.604
1041,26.885,29.788,2.815
1042,28.887,32.683,2.637
1043,28.389,31.342,2.617
1044,28.256,31.820,2.828
1045,28.382,31.683,2.619
1046,27.786,31.379,2.599
1047,29.270,30.693,2.547
1048,29.845,31.182,2.577
1049,29.296,32.510,2.722
1050,28.611,29.970,2.732
1051,30.147,31.766,2.509
1052,30.054,30.993,2.797
1053,29.825,31.023,2.628
1054,29.968,31.224,2.736
1055,29.933,32.198,2.833
1056,29.302,31.251,2.710
1057,29.048,31.418,2.915
1058,28.817,31.424,2.703
1059,28.720,32.758,2.680
1060,29.463,31.538,2.802
1061,28.872,31.628,3.010
1062,28.738,31.994,2.609
1063,28.861,31.222,2.679
1064,27.635,29.457,2.648
1065,27.455,30.729,2.718
1066,29.886,31.713,2.636
1067,28.614,31.275,2.596
1068,27.431,30.036,2.722
1069,29.151,30.689,2.676
1070,29.170,30.508,2.570
1071,28.148,30.635,5.117
1072,29.240,32.304,4.233
1073,29.194,31.530,4.727
1074,29.267,32.447,2.658
1075,28.071,32.009,2.745
1076,29.681,31.981,2.599
1077,28.350,31.644,2.669
1078,28.832,32.260,2.864
1079,29.204,32.133,2.809
1080,29.875,32.750,2.906
1081,28.249,32.162,2.742
1082,29.844,33.369,2.938
1083,29.628,32.190,2.783
1084,29.433,32.813,2.783
1085,29.203,32.647,2.707
1086,28.536,31.330,2.857
1087,28.788,31.010,2.501
1088,29.617,31.203,2.484
1089,28.403,30.182,2.801
1090,29.262,29.416,2.736
1091,27.705,31.364,2.763
1092,29.369,30.768,2.788
1093,28.934,30.173,2.640
1094,28.260,31.838,2.721
1095,28.414,31.329,2.743
1096,27.950,31.898,2.745
1097,29.234,32.532,2.682
1098,29.105,31.972,2.758
1099,28.013,31.600,2.764
1100,28.171,31.926,2.663
1101,29.348,31.431,2.676
1102,26.738,30.901,2.949
1103,29.135,31.614,2.636
1104,29.585,31.831,2.864
1105,29.166,32.062,2.611
1106,29.374,33.043,2.594
1107,28.941,32.089,2.660
1108,27.763,32.774,4.898
1109,29.060,32.376,4.946
1110,26.971,31.876,4.513
1111,28.582,31.624,4.400
1112,28.533,31.699,4.838
1113,28.763,32.703,4.543
1114,27.865,32.137,5.147
1115,30.006,33.138,4.179
1116,27.418,31.762,4.016
1117,27.673,31.422,3.949
1118,27.973,31.907,4.194
1119,28.593,33.377,4.442
1120,28.451,31.155,2.731
1121,30.920,33.029,2.578
1122,31.198,31.916,2.624
1123,29.800,33.255,2.694
1124,29.550,32.650,2.607
1125,29.341,32.542,2.551
1126,29.547,32.175,2.724
1127,28.982,32.260,2.725
1128,28.912,30.567,2.599
1129,30.560,32.214,2.816
1130,28.972,32.583,2.666
1131,32.019,33.006,2.745
1132,31.087,31.694,2.716
1133,29.250,31.775,2.646
1134,27.473,31.367,2.673
1135,28.377,31.967,2.680
1136,29.574,32.613,2.649
1137,29.148,32.020,2.689
1138,29.143,32.312,2.758
1139,29.399,31.607,2.679
1140,30.954,32.686,4.336
1141,31.132,32.315,2.862
1142,29.707,32.705,2.672
1143,29.914,32.375,2.868
1144,30.589,32.935,2.742
1145,29.956,32.761,2.694
1146,30.229,32.006,2.733
1147,30.193,32.241,2.645
1148,29.226,31.937,2.668
1149,29.922,32.403,2.835
1150,30.208,32.896,2.755
1151,29.470,32.273,2.767
1152,30.576,32.040,2.828
1153,30.651,31.992,2.838
1154,29.863,32.656,2.789
1155,28.664,32.290,2.656
1156,29.716,32.937,2.541
1157,30.163,32.160,2.555
1158,30.121,31.812,2.717
1159,28.082,31.656,2.643
1160,29.873,32.253,2.658
1161,29.676,32.821,2.962
1162,29.572,31.785,2.731
1163,29.170,32.141,2.932
1164,29.014,31.845,2.649
1165,29.024,31.170,2.783
1166,28.726,31.799,2.648
1167,29.325,32.695,2.676
1168,29.130,31.602,2.697
1169,28.238,31.882,2.722
1170,29.578,33.012,2.776
1171,29.492,33.044,2.640
1172,29.016,32.227,2.618
1173,29.709,32.650,2.731
1174,30.324,32.486,2.734
1175,29.727,32.922,2.740
1176,29.738,33.195,2.708
1177,29.064,31.398,2.661
1178,29.639,32.259,2.664
1179,28.509,31.546,2.776
1180,29.183,31.191,2.771
1181,29.623,32.201,2.641
1182,28.759,32.407,2.631
1183,27.952,32.013,2.592
1184,28.977,33.033,2.622
1185,28.490,32.450,2.797
1186,28.213,32.084,3.087
1187,27.559,30.798,2.637
1188,28.143,31.771,2.867
1189,27.620,31.055,2.600
1190,28.099,31.644,2.741
1191,29.234,32.705,2.576
1192,28.664,33.322,2.712
1193,28.336,32.573,2.721
1194,28.615,31.666,2.593
1195,28.216,31.956,2.857
1196,28.069,32.539,2.613
1197,28.258,32.777,2.680
1198,30.475,34.242,2.774
1199,28.884,32.779,2.761
1200,29.314,33.275,2.745
1201,29.162,32.945,2.646
1202,29.643,32.802,2.731
1203,28.892,31.787,2.756
1204,29.346,32.455,2.647
1205,29.405,33.158,2.735
1206,30.065,33.132,2.669
1207,29.337,33.401,2.844
1208,30.190,32.983,2.596
1209,29.992,32.662,2.622
1210,28.288,33.002,2.844
1211,28.475,33.241,3.007
1212,29.100,33.040,2.604
1213,29.437,33.150,2.539
1214,28.960,32.968,2.530
1215,28.596,32.989,2.956
1216,28.945,32.313,2.900
1217,28.830,32.578,2.703
1218,27.464,31.738,2.684
1219,28.263,32.951,2.702
1220,28.133,32.434,2.770
1221,28.211,31.876,2.604
1222,27.699,31.600,2.691
1223,28.285,31.547,2.668
1224,28.400,32.135,2.818
1225,29.150,32.666,2.723
1226,28.550,32.534,2.727
1227,28.374,31.974,2.547
1228,28.939,32.926,2.631
1229,28.596,33.096,2.783
1230,29.363,32.678,2.945
1231,28.677,32.548,2.638
1232,29.012,32.892,2.957
1233,28.453,32.548,2.631
1234,29.536,33.054,2.555
1235,29.489,33.012,2.706
1236,28.578,32.002,2.854
1237,28.111,31.401,2.723
1238,28.731,32.773,2.805
1239,28.885,33.096,2.757
1240,29.353,33.493,2.697
1241,28.773,32.475,2.645
1242,29.106,32.276,2.663
1243,29.890,32.376,3.454
1244,30.858,32.640,2.724
1245,29.722,31.088,2.826
1246,29.333,32.450,2.620
1247,30.646,31.834,2.791
1248,29.395,32.563,2.669
1249,28.738,32.069,2.586
1250,29.686,31.464,2.721
1251,29.720,31.963,2.732
1252,28.833,32.418,2.680
1253,28.232,31.639,2.615
1254,29.399,32.169,2.759
1255,28.772,32.231,2.602
1256,28.880,32.213,2.737
1257,28.671,32.284,2.707
1258,28.714,31.893,2.581
1259,28.307,31.736,2.676
1260,28.549,32.171,2.764
1261,28.894,32.024,2.676
1262,28.200,31.479,2.719
1263,28.581,31.964,2.731
1264,27.998,32.251,2.678
1265,28.247,32.583,2.588
1266,28.930,31.341,2.723
1267,27.799,30.392,2.769
1268,28.371,31.911,2.556
1269,28.445,31.766,2.751
1270,29.386,31.935,2.722
1271,28.932,31.788,2.631
1272,29.442,31.816,2.637
1273,28.628,32.257,2.648
1274,31.586,31.852,2.754
1275,29.080,32.309,2.517
1276,28.688,32.132,2.743
1277,29.109,33.050,2.834
1278,28.557,31.391,2.619
1279,29.639,32.615,2.689
1280,28.921,31.951,2.685
1281,29.110,31.701,2.620
1282,29.087,31.952,2.667
1283,29.029,32.210,2.550
1284,29.249,31.729,2.881
1285,29.630,33.140,2.772
1286,29.242,32.604,2.666
1287,31.450,31.916,2.719
1288,31.098,32.470,2.730
1289,29.116,32.313,2.642
1290,29.223,32.412,2.535
1291,29.317,32.404,2.831
1292,28.292,31.121,2.711
1293,29.123,31.753,2.701
1294,29.965,32.912,2.850
1295,28.567,33.269,2.780
1296,29.119,32.467,2.915
1297,28.860,31.745,2.540
1298,29.301,31.952,2.640
1299,28.580,31.936,2.631
1300,29.794,32.944,2.611
1301,30.835,31.776,2.742
1302,29.364,32.477,2.685
1303,29.230,31.987,2.727
1304,29.624,32.951,2.852
1305,29.905,32.558,2.740
1306,30.109,32.569,2.741
1307,30.227,32.152,2.761
1308,28.898,32.440,2.886
1309,29.043,31.309,2.912
1310,30.661,30.567,2.615
1311,30.211,33.251,2.762
1312,30.031,32.515,2.809
1313,29.323,31.024,2.524
1314,29.635,32.512,2.767
1315,30.194,32.396,2.843
1316,28.988,32.764,2.720
1317,28.792,32.481,2.955
1318,30.420,33.866,2.553
1319,29.637,32.676,2.661
1320,30.111,33.168,2.686
1321,30.350,33.032,2.635
1322,30.042,34.032,2.727
1323,29.744,32.956,3.107
1324,30.590,33.018,2.786
1325,28.526,32.043,2.850
1326,29.267,32.632,2.763
1327,29.110,31.802,2.656
1328,29.749,32.090,2.649
1329,29.597,32.714,2.571
1330,29.460,32.626,2.593
1331,29.670,33.182,3.035
1332,29.311,31.482,2.615
1333,29.405,32.360,2.721
1334,32.037,32.078,2.573
1335,32.586,33.114,4.576
1336,31.690,31.994,4.869
1337,31.504,32.107,5.253
1338,31.189,31.243,4.950
1339,30.208,30.599,3.354
1340,29.480,31.251,2.656
1341,28.488,31.468,2.673
1342,27.610,29.535,2.749
1343,29.567,31.306,4.774
1344,28.026,30.557,6.383
1345,28.658,31.298,4.953
1346,29.124,30.527,5.552
1347,29.664,30.850,5.101
1348,29.448,31.316,5.055
1349,30.042,32.847,4.913
1350,30.556,32.234,5.021
1351,29.302,31.436,5.684
1352,29.756,32.961,7.642
1353,29.025,32.173,6.950
1354,27.017,31.930,9.800
1355,26.854,30.603,7.754
1356,28.112,31.106,5.098
1357,27.539,30.631,5.278
1358,28.070,31.664,6.236
1359,28.881,31.526,4.343
1360,29.264,32.573,5.392
1361,28.653,31.922,7.300
1362,29.752,32.459,7.128
1363,28.403,30.516,2.774
1364,29.737,30.337,2.790
1365,29.626,30.819,2.790
1366,30.033,32.212,2.602
1367,29.868,30.746,2.725
1368,30.113,31.624,2.945
1369,30.530,31.352,2.811
1370,31.632,31.885,2.607
1371,29.218,29.031,3.871
1372,30.309,30.951,4.702
1373,29.792,32.182,7.425
1374,31.298,32.916,7.613
1375,29.497,32.114,6.796
1376,29.235,32.350,8.249
1377,30.146,31.577,4.771
1378,29.668,31.322,5.034
1379,32.155,32.834,5.028
1380,32.094,32.537,7.176
1381,30.565,31.518,7.736
1382,30.911,31.131,5.143
1383,29.566,30.460,4.352
1384,30.255,32.213,7.380
1385,28.230,32.069,6.725
1386,29.460,32.346,4.731
1387,31.084,32.417,3.756
1388,29.086,30.902,5.177
1389,30.111,32.494,6.394
1390,30.219,32.301,4.631
1391,28.545,31.290,6.732
1392,29.380,31.448,6.506
1393,28.547,30.955,5.288
1394,28.725,30.852,5.157
1395,29.755,31.920,5.422
1396,30.162,32.193,6.818
1397,30.040,32.546,7.208
1398,30.165,32.229,7.028
1399,29.724,31.598,6.126
1400,29.517,30.948,5.437
1401,29.121,32.449,4.798
1402,28.824,31.646,4.860
1403,30.318,32.227,5.297
1404,30.412,32.960,6.786
1405,29.581,32.652,6.981
1406,30.102,30.818,5.600
1407,28.777,29.919,2.953
1408,28.564,31.615,6.003
1409,29.044,32.102,6.541
1410,28.692,32.137,6.940
1411,29.775,31.444,6.548
1412,29.180,31.479,6.498
1413,28.319,31.662,6.844
1414,28.491,30.156,6.439
1415,26.843,29.663,6.643
1416,29.479,31.461,5.876
1417,28.825,31.330,7.226
1418,28.894,31.760,7.767
1419,28.883,32.651,7.471
1420,29.048,32.142,6.646
1421,29.513,31.634,6.201
1422,30.770,32.144,6.247
1423,30.354,32.415,6.632
1424,29.378,32.087,7.488
1425,28.811,31.610,6.993
1426,30.210,32.639,6.656
1427,30.296,32.079,5.595
1428,29.812,31.645,4.628
1429,29.899,32.115,4.761
1430,29.356,30.541,4.866
1431,29.996,31.143,5.121
1432,28.876,31.033,2.670
1433,29.845,31.027,2.738
1434,28.962,30.273,2.747
1435,27.512,29.575,2.692
1436,28.861,29.993,2.709
1437,28.695,31.316,2.610
1438,28.496,30.050,2.694
1439,27.865,29.742,2.832
1440,28.681,29.384,2.719
1441,28.776,30.475,2.602
1442,27.728,29.515,2.662
1443,28.884,30.070,2.650
1444,29.586,31.203,2.573
1445,28.307,29.708,2.630
1446,29.984,31.248,2.549
1447,28.924,29.778,2.709
1448,29.350,30.976,2.764
1449,30.206,31.544,3.069
1450,30.030,31.606,2.794
1451,29.627,31.473,2.666
1452,29.934,31.722,4.163
1453,28.602,30.004,2.492
1454,28.669,29.683,2.633
1455,29.431,31.714,2.752
1456,28.722,30.158,2.569
1457,31.277,30.825,2.724
1458,29.391,30.826,5.032
1459,31.855,31.229,2.670
1460,30.895,30.583,2.760
1461,30.355,31.976,5.189
1462,29.826,31.025,5.345
1463,29.159,31.244,5.839
1464,29.046,30.977,4.937
1465,29.918,31.007,6.539
1466,29.477,30.918,7.853
1467,29.613,31.711,6.806
1468,30.716,31.061,5.193
1469,29.047,30.901,8.314
1470,30.621,31.323,7.822
1471,29.277,31.203,8.204
1472,29.939,32.170,7.685
1473,30.445,32.455,8.309
1474,28.993,30.465,7.729
1475,30.124,32.544,7.063
1476,29.179,31.578,9.772
1477,28.085,30.853,8.873
1478,29.006,32.125,7.750
1479,28.578,31.395,8.162
1480,30.002,33.120,7.969
1481,29.143,31.382,9.745
1482,28.896,31.438,9.764
1483,29.314,31.950,8.069
1484,29.490,31.564,7.319
1485,28.344,31.490,5.210
1486,28.867,32.488,7.306
1487,28.713,31.747,7.050
1488,28.862,31.346,8.242
1489,31.415,32.647,7.663
1490,31.654,31.049,2.706
1491,29.681,31.610,2.722
1492,30.012,32.367,2.725
1493,30.189,31.411,2.647
1494,29.511,30.156,2.700
1495,29.037,29.979,2.608
1496,28.861,31.734,2.596
1497,27.700,29.838,4.549
1498,27.973,30.645,5.965
1499,30.303,31.922,5.618
1500,28.856,31.330,4.767
1501,29.639,31.304,4.530
1502,27.901,31.100,6.044
1503,30.413,32.679,4.964
1504,28.610,31.924,4.821
1505,30.532,32.393,5.148
1506,28.699,31.962,6.484
1507,27.961,31.324,7.340
1508,28.116,31.301,7.049
1509,26.124,29.548,7.486
1510,27.429,30.210,6.858
1511,29.148,32.045,6.012
1512,29.852,30.825,5.726
1513,30.382,30.685,5.577
1514,27.767,30.951,6.243
1515,28.877,30.831,5.646
1516,29.039,30.958,6.064
1517,29.721,31.260,5.541
1518,28.685,31.152,6.320
1519,28.847,30.963,5.513
1520,27.790,28.658,6.321
1521,28.218,29.651,4.712
1522,29.095,30.296,5.335
1523,27.416,29.285,5.982
1524,28.171,29.486,5.971
1525,29.143,29.590,5.511
1526,26.945,29.244,6.055
1527,27.575,28.634,5.923
1528,27.275,29.778,5.805
1529,27.539,28.591,6.823
1530,26.392,27.916,5.174
1531,26.429,28.544,4.510
1532,27.152,28.844,4.560
1533,28.554,29.362,2.635
1534,27.441,29.207,2.682
1535,29.068,30.299,2.702
1536,29.671,30.650,2.776
1537,29.794,30.945,2.821
1538,29.354,31.087,2.822
1539,30.019,31.161,2.558
1540,29.960,31.275,4.453
1541,29.471,31.115,2.760
1542,29.727,30.078,2.792
1543,29.860,30.957,2.543
1544,28.949,30.375,2.721
1545,29.718,31.029,2.755
1546,30.387,31.564,2.746
1547,29.475,31.105,2.623
1548,29.639,31.617,2.757
1549,29.069,30.893,2.682
1550,30.472,31.716,2.808
1551,29.959,30.892,2.772
1552,28.983,30.620,2.589
1553,31.074,30.067,2.583
1554,31.332,31.047,2.729
1555,30.731,31.355,2.894
1556,30.014,30.925,2.717
1557,29.846,31.021,2.799
1558,30.091,31.189,2.743
1559,29.559,31.075,2.712
1560,29.397,30.795,2.668
1561,30.344,31.329,2.704
1562,29.992,30.617,3.020
1563,30.855,31.767,2.580
1564,29.425,31.308,2.789
1565,29.266,31.195,2.731
1566,29.625,32.132,2.720
1567,29.100,31.689,2.738
1568,29.683,30.896,2.728
1569,28.608,30.223,2.654
1570,29.365,31.439,2.638
1571,29.526,31.201,2.783
1572,28.995,30.528,2.702
1573,28.834,30.958,2.723
1574,29.033,31.656,2.596
1575,29.406,30.555,2.710
1576,28.820,30.648,2.581
1577,29.428,30.414,2.753
1578,27.550,30.108,2.852
1579,29.228,31.199,2.642
1580,29.280,30.642,2.569
1581,29.436,31.156,2.727
1582,30.321,30.788,2.849
1583,29.667,31.031,2.535
1584,30.723,30.952,2.639
1585,29.416,30.518,2.559
1586,30.945,31.067,2.707
1587,29.405,31.462,2.636
1588,30.669,31.356,2.807
1589,29.435,30.334,2.694
1590,30.001,31.274,2.699
1591,32.031,30.228,2.761
1592,31.750,31.472,2.933
1593,32.265,31.116,2.844
1594,33.123,30.997,2.628
1595,30.758,30.539,2.628
1596,32.134,31.058,2.687
1597,31.982,31.001,2.571
1598,29.501,31.028,2.735
1599,29.782,31.826,2.739
1600,29.074,31.587,2.799
1601,30.070,31.826,2.691
1602,29.561,30.996,2.727
1603,29.802,31.332,2.709
1604,29.093,30.992,2.601
1605,29.786,30.470,2.705
1606,29.568,31.369,2.635
1607,28.945,30.593,2.749
1608,29.046,29.999,2.544
1609,31.066,30.286,2.653
1610,30.169,30.650,2.598
1611,30.398,31.665,2.721
1612,31.114,31.698,2.656
1613,30.308,31.027,2.641
1614,29.838,31.553,2.723
1615,30.760,32.942,2.787
1616,29.764,31.587,2.657
1617,28.768,30.691,2.546
1618,29.241,31.931,2.544
1619,30.617,31.017,2.671
1620,30.312,31.771,2.850
1621,29.329,32.171,2.621
1622,29.783,30.965,2.638
1623,29.887,31.200,2.779
1624,29.978,31.121,2.688
1625,29.657,31.164,2.716
1626,28.954,31.104,2.675
1627,28.765,30.811,2.852
1628,29.810,31.176,2.804
1629,29.036,30.700,2.849
1630,29.121,30.634,2.680
1631,28.845,30.752,2.640
1632,29.523,30.931,2.699
1633,29.725,30.774,2.691
1634,28.939,30.616,2.583
1635,29.427,30.276,2.612
1636,29.487,30.283,2.651
1637,29.822,31.202,2.667
1638,29.939,30.492,2.719
1639,30.192,30.743,2.844
1640,29.465,31.379,2.584
1641,29.850,30.480,2.695
1642,29.567,30.919,2.640
1643,29.352,30.611,2.552
1644,30.560,30.118,2.681
1645,30.266,29.933,2.743
1646,31.043,31.583,2.771
1647,31.454,30.435,2.547
1648,30.949,29.718,2.592
1649,31.007,30.106,2.735
1650,31.294,30.210,2.727
1651,30.985,29.909,2.698
1652,30.681,30.148,2.559
1653,30.437,30.267,2.620
1654,31.354,31.156,2.816
1655,29.503,30.678,2.603
1656,28.390,30.351,2.749
1657,29.071,29.933,2.574
1658,29.237,30.525,2.724
1659,29.362,30.254,2.666
1660,29.340,30.271,2.833
1661,29.746,31.172,2.653
1662,30.024,31.159,2.565
1663,28.566,30.775,2.604
1664,28.961,29.934,2.630
1665,28.730,29.783,2.607
1666,29.672,29.759,2.612
1667,28.959,30.287,2.745
1668,29.028,30.950,2.626
1669,29.994,31.083,2.780
1670,31.250,31.037,2.835
1671,29.014,29.598,2.651
1672,28.211,30.280,2.621
1673,29.745,30.736,2.699
1674,29.419,29.016,2.596
1675,29.342,31.033,2.684
1676,29.709,30.234,2.633
1677,29.742,30.391,2.568
1678,29.645,30.030,2.687
1679,29.043,30.358,2.708
1680,30.215,30.403,2.589
1681,29.784,30.600,2.750
1682,28.414,30.596,2.594
1683,27.922,30.475,2.665
1684,28.794,31.005,2.637
1685,29.435,31.225,2.808
1686,28.965,31.616,2.578
1687,29.272,30.684,2.684
1688,28.826,30.635,2.717
1689,28.686,31.014,2.657
1690,29.079,30.343,2.683
1691,31.048,29.871,2.601
1692,30.685,29.868,2.758
1693,30.104,30.033,2.805
1694,29.625,30.992,2.633
1695,30.525,30.023,2.586
1696,31.155,29.190,2.638
1697,30.880,29.938,2.674
1698,29.920,28.971,2.731
1699,27.811,30.416,2.574
1700,28.022,29.208,2.613
1701,30.513,30.392,2.901
1702,29.804,28.916,2.697
1703,29.076,29.983,2.554
1704,27.746,28.922,2.758
1705,27.657,29.436,2.779
1706,28.540,30.982,2.689
1707,29.292,29.616,2.526
1708,27.743,29.004,2.607
1709,29.702,30.272,2.678
1710,28.753,29.235,2.745
1711,28.143,29.648,2.570
1712,27.849,30.100,2.709
1713,28.658,29.793,2.640
1714,29.950,31.124,2.744
1715,28.411,28.799,2.546
1716,29.090,30.028,2.661
1717,28.691,30.194,2.718
1718,28.338,29.829,2.709
1719,28.868,30.596,2.679
1720,28.668,28.967,2.736
1721,28.286,29.494,2.688
1722,28.827,29.839,2.589
1723,29.458,29.789,2.692
1724,29.244,29.412,2.773
1725,28.867,29.157,2.607
1726,28.293,29.098,2.580
1727,28.536,29.150,2.664
1728,29.290,30.616,2.703
1729,28.588,29.657,2.655
1730,29.050,29.939,2.714
1731,29.582,29.820,2.700
1732,28.584,29.895,2.625
1733,28.686,30.087,2.712
1734,27.541,29.830,2.610
1735,28.265,30.320,2.667
1736,28.226,30.747,2.698
1737,29.648,31.042,2.727
1738,29.243,30.577,2.768
1739,28.977,30.781,2.695
1740,27.311,29.251,2.693
1741,27.502,29.470,2.621
1742,27.409,29.186,2.620
1743,27.209,28.844,2.776
1744,28.312,29.910,2.702
1745,28.140,30.545,2.908
1746,29.048,30.604,2.797
1747,27.679,30.194,2.691
1748,28.112,30.061,2.712
1749,27.741,30.492,2.711
1750,27.785,30.544,2.633
1751,26.790,29.107,2.643
1752,28.727,31.221,2.605
1753,28.551,30.714,2.689
1754,28.249,30.665,2.655
1755,27.747,29.767,2.651
1756,28.636,29.750,2.621
1757,29.038,31.360,2.693
1758,27.783,31.305,2.759
1759,28.708,31.036,2.589
1760,28.108,29.605,2.563
1761,28.137,29.522,2.555
1762,29.338,30.762,2.721
1763,29.311,30.219,2.533
1764,29.136,31.016,2.720
1765,29.449,30.058,2.680
1766,28.698,29.878,2.709
1767,29.443,31.078,2.873
1768,29.227,30.924,2.647
1769,27.920,30.669,2.655
1770,28.520,30.221,2.563
1771,28.451,30.151,2.601
1772,27.966,29.565,2.631
1773,28.694,30.892,2.551
1774,28.096,29.571,2.676
1775,28.619,30.862,2.986
1776,27.885,30.000,2.533
1777,28.895,30.414,2.710
1778,27.044,30.368,2.803
1779,29.588,31.201,2.657
1780,28.574,30.606,2.668
1781,28.242,30.229,2.757
1782,29.101,30.899,2.763
1783,28.399,30.839,2.611
1784,28.654,31.049,2.816
1785,27.667,31.168,2.675
1786,27.754,30.550,2.670
1787,28.777,30.635,2.700
1788,28.187,31.347,2.624
1789,28.388,30.813,2.698
1790,27.764,31.004,2.623
1791,28.547,31.287,2.745
1792,27.537,30.508,2.937
1793,28.641,31.501,2.623
1794,30.059,30.292,2.561
1795,30.073,30.963,2.582
1796,30.298,29.724,2.805
1797,30.845,30.846,5.917
1798,28.493,30.652,2.707
1799,29.129,30.434,2.675
1800,29.206,30.788,2.728
1801,29.797,30.722,2.626
1802,29.070,30.632,2.749
1803,30.060,31.514,2.663
1804,29.443,30.959,2.538
1805,30.663,31.673,2.601
1806,29.579,30.579,2.623
1807,29.761,29.866,2.644
1808,29.965,30.683,2.693
1809,29.961,29.773,2.723
1810,29.134,30.204,2.576
1811,30.077,30.064,2.692
1812,29.211,29.669,2.833
1813,28.926,29.738,2.557
1814,28.145,28.672,2.789
1815,28.044,28.593,2.727
1816,28.334,29.484,3.158
1817,29.274,30.728,2.760
1818,29.618,29.896,2.911
1819,30.826,29.361,2.859
1820,29.342,29.284,2.777
1821,30.035,31.196,2.691
1822,29.572,31.075,2.741
1823,28.702,30.419,2.751
1824,28.985,29.852,2.781
1825,29.070,29.699,2.671
1826,29.319,30.554,2.623
1827,29.077,29.813,2.646
1828,28.074,30.171,2.637
1829,28.673,30.050,2.697
1830,28.736,29.873,2.650
1831,29.210,30.056,2.840
1832,28.424,30.390,2.723
1833,28.531,30.736,2.785
1834,29.608,29.633,2.728
1835,29.578,30.808,2.666
1836,29.656,31.379,2.815
1837,29.986,31.518,2.737
1838,30.104,30.638,2.794
1839,31.764,31.637,2.602
1840,30.934,30.905,2.739
1841,30.981,31.143,2.646
1842,31.081,31.135,2.785
1843,30.352,30.721,2.829
1844,30.881,31.137,2.778
1845,29.895,29.818,2.617
1846,29.913,30.588,2.687
1847,31.170,30.725,2.818
1848,30.494,30.390,2.602
1849,31.362,31.789,2.768
1850,29.777,30.613,2.736
1851,31.182,30.264,2.645
1852,30.651,31.236,2.710
1853,29.831,32.647,2.906
1854,29.708,31.129,2.622
1855,29.958,30.769,4.484
1856,29.074,30.922,4.343
1857,28.402,30.922,4.511
1858,28.936,31.475,4.598
1859,29.923,32.129,4.662
1860,28.561,31.651,4.628
1861,30.231,31.684,2.649
1862,29.585,30.924,2.824
1863,29.511,31.165,4.515
1864,29.258,31.162,4.749
1865,29.554,31.464,4.409
1866,28.371,31.015,4.279
1867,29.330,29.960,4.427
1868,28.720,30.691,4.594
1869,29.164,30.751,4.314
1870,28.895,31.623,4.758
1871,29.415,31.691,4.978
1872,29.418,32.181,4.832
1873,28.888,32.546,4.893
1874,29.865,31.903,4.298
1875,28.524,30.894,4.706
1876,28.812,32.395,4.428
1877,28.701,31.714,4.242
1878,29.167,31.862,4.714
1879,28.860,31.898,4.204
1880,29.079,31.433,4.683
1881,29.380,31.904,4.506
1882,30.542,33.367,4.608
1883,29.370,32.155,4.665
1884,29.447,32.018,4.208
1885,29.648,32.827,4.473
1886,28.832,31.943,4.810
1887,29.091,32.552,4.175
1888,29.656,31.525,4.332
1889,29.164,30.259,4.286
1890,29.709,31.170,4.338
1891,28.723,31.128,4.797
1892,29.174,30.404,4.288
1893,30.358,30.450,4.805
1894,29.562,31.099,5.070
1895,28.809,29.455,4.459
1896,29.211,30.234,4.234
1897,29.011,28.984,4.063
1898,30.888,31.752,5.202
1899,30.489,30.471,4.551
1900,28.842,29.077,4.353
1901,29.465,30.190,5.034
1902,29.817,29.526,5.325
1903,29.148,29.680,4.631
1904,29.353,30.869,4.705
1905,30.030,31.605,4.919
1906,29.767,32.262,4.685
1907,29.970,31.560,4.524
1908,29.057,31.366,4.498
1909,28.398,31.716,4.153
1910,29.015,31.037,4.068
1911,28.753,32.299,4.849
1912,29.368,31.964,4.534
1913,28.557,30.944,4.515
1914,29.532,31.148,4.770
1915,28.304,29.681,4.432
1916,28.892,28.790,4.849
1917,29.263,29.636,4.691
1918,28.932,30.463,4.637
1919,28.470,29.540,4.338
1920,29.974,30.202,4.655
1921,30.676,29.775,2.673
1922,30.902,29.612,2.634
1923,29.686,29.396,2.618
1924,29.756,29.899,2.787
1925,30.123,31.217,2.787
1926,29.266,29.550,2.610
1927,29.680,29.412,2.672
1928,29.690,31.007,2.817
1929,29.794,30.540,2.849
1930,29.421,29.756,2.839
1931,28.894,29.556,2.952
1932,29.013,30.652,2.922
1933,29.084,29.928,2.688
1934,28.883,28.923,2.575
1935,29.056,29.269,2.685
1936,29.913,29.999,2.936
1937,29.757,30.869,2.627
1938,29.156,30.265,2.683
1939,29.342,29.769,2.668
1940,28.363,29.293,2.545
1941,29.584,30.206,2.688
1942,29.778,30.772,2.622
1943,29.580,29.980,2.723
1944,29.414,30.039,2.732
1945,29.082,29.680,2.688
1946,28.905,30.666,2.803
1947,30.062,30.681,2.716
1948,29.939,30.235,2.612
1949,31.456,30.450,2.681
1950,30.288,30.096,2.755
1951,29.844,30.913,2.662
1952,30.392,30.375,2.788
1953,30.575,29.615,2.704
1954,30.705,31.204,2.867
1955,30.133,29.970,2.796
1956,29.650,30.508,2.704
1957,28.970,30.603,2.831
1958,28.868,30.577,2.843
1959,29.161,30.895,2.537
1960,29.476,30.216,2.796
1961,29.220,29.318,2.647
1962,30.332,30.202,2.636
1963,29.610,29.188,2.535
1964,30.346,30.539,2.738
1965,29.707,29.965,2.678
1966,28.799,30.167,2.636
1967,29.433,30.223,2.649
1968,28.489,29.822,2.774
1969,30.774,31.078,2.525
1970,27.822,29.050,2.669
1971,28.687,30.022,2.680
1972,28.426,31.279,2.714
1973,29.505,30.788,2.647
1974,28.559,31.140,6.743
1975,30.001,31.510,6.663
1976,30.230,32.609,6.685
1977,27.700,30.792,7.070
1978,29.715,30.806,5.872
1979,29.618,32.570,6.262
1980,29.235,31.258,7.078
1981,30.874,31.499,4.529
1982,29.807,31.477,4.848
1983,30.506,31.959,4.833
1984,29.847,30.971,4.638
1985,28.828,31.496,5.304
1986,29.477,31.597,4.757
1987,30.563,31.091,4.976
1988,28.717,30.433,4.581
1989,28.582,31.458,4.692
1990,28.037,30.015,4.498
1991,29.836,32.720,4.697
1992,26.989,30.508,6.301
1993,28.497,31.832,6.495
1994,28.938,31.697,6.475
1995,28.353,31.798,5.831
1996,29.016,32.737,5.935
1997,29.871,32.617,6.580
1998,31.430,31.698,6.230
1999,30.589,29.739,4.460
2000,30.382,29.640,5.062
2001,29.845,31.866,4.925
2002,30.443,29.949,2.686
2003,31.274,30.912,2.741
2004,30.091,30.236,2.651
2005,30.024,31.258,2.633
2006,30.991,30.631,2.551
2007,30.355,31.290,2.825
2008,30.610,30.609,2.822
2009,30.488,31.242,2.692
2010,31.504,30.753,2.789
2011,29.928,30.068,2.754
2012,30.309,30.010,2.886
2013,30.904,30.930,2.807
2014,29.971,32.366,2.579
2015,30.830,31.366,2.873
2016,29.717,30.356,2.557
2017,30.711,31.874,2.600
2018,29.845,30.880,2.599
2019,30.098,30.705,2.736
2020,28.855,29.407,2.660
2021,29.466,30.578,2.602
2022,29.166,29.901,2.599
2023,29.746,31.200,2.654
2024,29.081,30.017,2.764
2025,29.159,29.104,2.725
2026,30.418,30.516,4.772
2027,26.910,29.011,6.315
2028,27.678,29.972,4.953
2029,31.246,31.686,5.062
2030,30.974,32.061,4.697
2031,30.624,31.526,4.475
2032,30.277,32.299,5.402
2033,29.972,30.643,4.489
2034,30.256,31.852,6.804
2035,29.628,32.963,6.674
2036,29.046,31.946,6.057
2037,29.180,32.154,4.358
2038,29.453,31.956,6.101
2039,29.636,31.120,5.852
2040,29.069,30.916,4.031
2041,29.703,31.862,5.214
2042,29.300,31.888,4.649
2043,30.627,32.416,4.397
2044,29.818,31.269,4.195
2045,28.141,30.254,2.675
2046,28.314,30.358,2.746
2047,27.829,30.539,2.699
2048,29.832,31.339,2.639
2049,29.720,30.606,2.606
2050,29.197,30.692,2.749
2051,29.264,30.181,2.732
2052,29.893,30.415,2.611
2053,30.001,31.439,2.561
2054,29.950,30.969,2.837
2055,31.086,30.750,2.804
2056,29.074,29.494,2.643
2057,27.440,28.305,5.657
2058,29.522,30.260,2.756
2059,29.161,29.789,2.631
2060,30.377,31.219,2.750
2061,29.500,29.553,2.600
2062,32.291,32.064,2.697
2063,31.741,30.510,2.622
2064,30.292,30.525,2.550
2065,29.045,29.569,2.655
2066,29.616,30.617,2.845
2067,29.150,29.769,2.838
2068,29.345,30.717,2.593
2069,29.966,30.196,2.576
2070,29.367,30.755,2.546
2071,29.767,30.489,2.959
2072,31.532,30.800,2.785
2073,31.192,29.595,2.485
2074,31.306,29.945,2.880
2075,31.124,30.618,2.857
2076,31.607,30.633,2.580
2077,31.756,29.704,2.964
2078,31.438,29.306,2.630
2079,32.110,29.846,2.951
2080,32.010,30.471,2.715
2081,31.998,30.682,2.620
2082,31.597,30.097,2.747
2083,29.322,31.635,2.532
2084,28.862,30.718,2.596
2085,29.845,30.798,2.707
2086,29.715,30.618,2.743
2087,30.140,31.055,2.532
2088,29.780,30.121,2.910
2089,28.955,31.174,2.756
2090,28.778,30.339,2.745
2091,28.604,28.342,2.644
2092,29.235,30.747,2.627
2093,28.858,30.349,2.674
2094,28.201,29.349,2.768
2095,29.353,29.323,2.656
2096,28.368,29.449,2.672
2097,29.041,30.506,2.540
2098,29.298,29.996,2.753
2099,28.486,29.571,2.887
2100,28.722,29.306,2.737
2101,28.890,30.130,2.641
2102,29.427,31.000,2.895
2103,29.321,30.623,2.846
2104,28.496,30.733,2.710
2105,28.621,29.603,2.675
2106,29.216,29.741,2.973
2107,28.900,28.831,2.681
2108,29.572,29.559,2.556
2109,28.837,29.050,2.719
2110,29.006,29.279,2.860
2111,29.387,29.509,2.579
2112,29.202,30.163,2.658
2113,29.569,30.054,2.942
2114,31.618,29.823,2.842
2115,28.834,29.936,2.735
2116,29.196,29.646,2.736
2117,29.481,30.996,2.568
2118,29.112,30.020,2.741
2119,29.731,30.481,2.622
2120,29.490,30.550,2.568
2121,30.882,31.089,2.778
2122,28.560,29.491,2.625
2123,30.077,30.398,2.738
2124,30.282,29.662,2.759
2125,31.984,31.235,2.710
2126,29.340,30.776,2.667
2127,29.104,31.256,2.673
2128,30.011,30.493,2.723
2129,29.216,31.378,2.707
2130,29.140,31.064,2.537
2131,29.038,30.697,2.628
2132,30.071,31.288,2.761
2133,29.998,31.105,2.679
2134,29.356,30.750,2.586
2135,29.632,31.080,2.686
2136,30.810,32.101,2.771
2137,29.580,30.709,2.720
2138,30.260,31.466,2.701
2139,30.220,31.192,2.854
2140,29.806,31.012,2.784
2141,30.993,30.831,2.580
2142,29.192,30.002,2.790
2143,28.553,29.110,2.777
2144,29.034,30.092,2.591
2145,29.570,29.872,2.699
2146,28.713,29.938,2.776
2147,30.166,30.990,2.556
2148,29.804,29.825,2.684
2149,29.867,29.895,2.709
2150,28.577,29.125,2.719
2151,29.780,29.641,2.658
2152,28.688,28.864,2.915
2153,29.251,29.605,2.718
2154,29.083,30.436,2.672
2155,29.367,30.473,2.606
2156,28.384,30.309,2.670
2157,29.359,30.977,2.706
2158,29.098,31.167,2.698
2159,29.596,30.687,2.960
2160,29.610,30.800,2.752
2161,29.397,31.541,2.511
2162,29.587,30.919,2.680
2163,29.124,30.535,2.843
2164,30.268,31.856,2.838
2165,29.785,30.948,2.629
2166,29.263,30.216,2.655
2167,29.026,29.767,2.653
2168,29.045,30.469,2.728
2169,29.501,29.212,2.616
2170,29.001,29.076,2.711
2171,29.139,28.661,2.879
2172,29.624,29.656,2.669
2173,29.327,30.294,2.759
2174,29.375,30.081,2.600
2175,29.554,30.753,2.638
2176,29.490,30.375,2.742
2177,30.694,31.220,2.662
2178,28.913,30.621,2.718
2179,30.068,30.054,2.796
2180,29.681,30.821,2.656
2181,29.208,30.404,2.711
2182,29.595,30.420,2.699
2183,29.597,30.310,2.848
2184,30.304,31.242,2.638
2185,29.163,30.088,2.529
2186,29.879,30.177,2.680
2187,29.791,31.200,2.646
2188,29.985,30.039,2.577
2189,31.116,31.218,2.918
2190,31.268,31.574,2.674
2191,30.535,30.789,2.717
2192,30.570,30.827,2.747
2193,29.805,30.164,2.628
2194,30.091,30.159,2.612
2195,29.082,29.719,2.689
2196,29.394,29.280,2.597
2197,29.579,30.087,2.708
2198,28.998,29.365,2.616
2199,29.755,30.137,2.749
2200,30.443,30.816,2.680
2201,29.166,30.192,2.801
2202,29.547,30.375,2.698
2203,29.189,30.288,2.833
2204,29.149,30.335,2.577
2205,30.324,31.186,2.717
2206,30.358,30.289,2.756
2207,30.006,30.513,2.671
2208,29.432,31.723,2.907
2209,31.114,31.454,2.629
2210,30.189,31.763,2.703
2211,28.900,30.602,2.813
2212,29.749,30.719,2.766
2213,29.146,30.541,2.592
2214,28.604,30.166,2.650
2215,28.932,30.230,2.607
2216,29.693,30.695,2.817
2217,31.121,30.059,2.866
2218,28.616,29.776,2.714
2219,28.488,28.746,2.626
2220,30.124,31.572,2.710
2221,31.092,31.023,2.671
2222,31.316,29.107,2.705
2223,30.086,29.893,2.646
2224,29.322,30.028,2.667
2225,30.167,31.083,2.616
2226,30.251,31.235,2.665
2227,29.696,30.481,2.647
2228,30.051,30.028,2.649
2229,28.706,29.457,4.064
2230,30.034,31.500,2.720
2231,29.804,29.991,2.529
2232,29.838,30.550,2.702
2233,28.822,30.221,2.698
2234,29.330,30.640,2.652
2235,28.552,31.154,2.650
2236,28.362,29.800,2.671
2237,28.780,30.508,2.789
2238,29.906,31.200,2.563
2239,29.212,30.437,2.819
2240,29.544,30.324,2.748
2241,29.339,30.735,2.722
2242,30.450,30.831,2.746
2243,29.079,29.983,2.947
2244,28.623,29.780,2.782
2245,28.036,30.275,2.654
2246,29.393,31.239,2.628
2247,29.675,30.564,2.632
2248,30.311,29.733,2.757
2249,30.357,30.924,2.625
2250,30.268,30.616,2.760
2251,30.557,30.982,2.781
2252,29.754,31.146,3.072
2253,30.055,30.375,2.645
2254,30.442,30.895,2.689
2255,30.232,30.270,2.587
2256,29.749,30.972,2.696
2257,30.243,30.557,2.936
2258,30.576,30.560,2.613
2259,30.637,31.276,2.701
2260,29.651,31.885,2.816
2261,30.015,32.167,2.981
2262,29.761,31.033,2.748
2263,29.935,31.724,2.808
2264,29.838,31.179,2.627
2265,30.103,31.732,2.686
2266,30.119,30.768,2.700
2267,30.385,31.069,2.633
2268,30.854,31.389,2.872
2269,29.922,32.024,2.568
2270,28.848,30.913,2.612
2271,29.969,31.095,2.976
2272,29.409,30.689,2.653
2273,28.682,30.961,2.601
2274,28.962,31.368,2.716
2275,29.157,30.766,2.632
2276,29.248,30.939,2.618
2277,27.487,29.396,2.722
2278,28.446,31.657,2.717
2279,28.269,29.295,2.635
2280,28.607,30.335,2.705
2281,29.011,30.167,2.684
2282,29.467,30.443,2.970
2283,28.929,30.693,2.606
2284,28.582,29.984,2.844
2285,29.634,30.855,2.625
2286,28.393,30.606,2.586
2287,28.693,29.217,2.714
2288,29.364,30.258,2.709
2289,29.497,30.510,2.742
2290,29.272,30.252,2.640
2291,28.919,29.219,2.619
2292,31.397,30.285,2.635
2293,31.238,30.652,2.801
2294,30.614,31.407,2.844
2295,31.026,31.287,2.650
2296,29.167,30.516,2.633
2297,29.915,30.717,2.851
2298,29.676,29.525,2.864
2299,30.057,29.651,2.912
2300,29.014,30.252,2.784
2301,28.408,30.144,2.811
2302,28.499,29.875,2.954
2303,28.005,29.737,2.803
2304,28.019,29.591,2.633
2305,28.176,29.625,2.680
2306,29.700,30.320,2.663
2307,27.556,29.207,2.727
2308,29.273,30.390,2.609
2309,29.064,30.350,2.570
2310,28.843,29.877,2.624
2311,28.569,29.237,2.547
2312,29.482,30.311,2.787
2313,28.965,29.816,2.675
2314,30.200,29.126,2.715
2315,28.360,29.622,2.612
2316,29.225,29.931,2.581
2317,28.212,30.264,2.538
2318,28.598,29.142,2.850
2319,28.169,30.142,2.699
2320,28.939,30.108,2.806
2321,28.576,30.397,2.757
2322,28.893,30.919,3.114
2323,30.088,31.284,2.896
2324,28.893,30.453,2.829
2325,28.598,29.651,2.712
2326,29.264,29.871,2.772
2327,29.497,31.231,2.737
2328,29.798,32.667,2.884
2329,31.754,30.598,2.673
2330,31.558,31.421,2.698
2331,30.904,31.188,2.789
2332,29.874,31.827,2.745
2333,30.630,31.791,2.691
2334,30.408,31.933,2.680
2335,29.890,31.254,2.859
2336,30.095,30.575,2.748
2337,28.389,29.294,2.720
2338,29.415,29.796,2.594
2339,29.060,30.599,2.966
2340,31.775,30.645,2.644
2341,29.753,30.412,2.754
2342,30.276,31.320,2.792
2343,29.554,31.894,2.772
2344,29.480,30.688,2.583
2345,29.442,31.052,2.664
2346,29.988,31.911,2.630
2347,30.483,33.511,4.571
2348,29.393,32.019,4.875
2349,29.523,31.593,4.938
2350,29.388,31.947,5.093
2351,29.852,32.858,5.281
2352,29.164,31.366,5.009
2353,28.856,31.033,5.436
2354,29.907,31.328,5.118
2355,29.790,31.727,7.244
2356,29.866,31.062,5.076
2357,27.807,31.294,7.980
2358,28.482,31.204,6.950
2359,28.893,30.759,4.881
2360,31.126,31.885,5.235
2361,28.996,30.876,4.558
2362,30.005,32.281,5.234
2363,29.927,30.991,5.337
2364,29.323,31.880,5.432
2365,29.295,31.232,5.057
2366,29.361,30.417,5.394
2367,28.655,31.492,5.041
2368,28.871,31.358,5.281
2369,28.883,31.047,4.967
2370,29.107,29.906,4.813
2371,29.146,30.086,5.066
2372,28.636,30.780,5.909
2373,29.325,30.778,5.328
2374,29.370,30.348,5.076
2375,29.171,30.593,6.971
2376,28.635,30.572,6.011
2377,28.859,30.053,8.104
2378,28.279,29.688,7.985
2379,27.804,29.498,7.027
2380,26.736,28.719,6.777
2381,27.200,28.997,7.191
2382,26.161,28.085,7.961
2383,26.397,29.415,7.924
2384,27.747,29.753,7.788
2385,27.941,30.012,8.502
2386,27.535,30.033,6.531
2387,26.008,29.367,7.905
2388,28.451,30.371,7.538
2389,28.439,31.646,8.108
2390,27.167,30.057,8.479
2391,28.011,29.711,6.879
2392,27.608,30.018,7.449
2393,26.807,30.874,7.375
2394,26.508,29.708,7.895
2395,27.497,28.910,7.164
2396,26.304,30.949,8.266
2397,26.497,28.920,7.999
2398,27.039,30.706,8.452
2399,26.328,29.128,7.924
2400,27.623,30.919,8.380
2401,27.317,30.509,7.375
2402,27.845,30.910,7.676
2403,26.601,30.907,8.297
2404,26.523,29.440,9.017
2405,26.329,30.036,8.517
2406,26.326,30.499,8.824
2407,26.105,29.130,8.637
2408,25.941,30.277,8.488
2409,26.235,29.811,9.170
2410,25.618,28.488,9.126
2411,26.995,30.007,8.926
2412,27.967,30.771,9.021
2413,27.043,29.739,9.057
2414,27.481,30.445,8.261
2415,26.499,30.266,8.082
2416,27.299,30.509,9.032
2417,25.871,29.762,8.671
2418,26.547,29.636,8.191
2419,26.344,29.115,9.445
2420,27.777,29.746,9.215
2421,26.179,28.535,8.744
2422,25.495,28.501,9.562
2423,27.363,28.498,8.510
2424,27.260,30.630,8.539
2425,28.503,29.551,8.501
2426,28.043,28.905,8.655
2427,26.700,28.884,8.490
2428,27.939,29.762,9.024
2429,28.103,29.590,8.208
2430,27.440,30.073,8.058
2431,27.045,29.213,8.811
2432,26.518,29.619,7.380
2433,26.512,29.637,7.705
2434,27.738,30.278,8.837
2435,26.308,30.101,8.744
2436,28.126,29.653,8.544
2437,26.288,29.429,7.156
2438,25.226,29.019,8.280
2439,26.526,29.495,8.834
2440,26.639,29.755,8.897
2441,25.701,29.040,9.286
2442,25.927,28.988,8.967
2443,26.468,29.590,7.834
2444,27.804,29.233,8.573
2445,29.198,29.093,7.816
2446,29.472,29.416,8.289
2447,29.398,29.212,7.971
2448,27.450,30.007,8.178
2449,26.860,28.804,8.665
2450,27.890,28.631,8.361
2451,26.481,28.122,7.826
2452,29.861,30.306,8.663
2453,29.726,28.919,8.043
2454,30.221,29.986,7.720
2455,29.911,29.560,8.584
2456,26.230,30.016,7.868
2457,27.740,29.906,7.420
2458,27.344,29.824,8.939
2459,27.891,29.973,7.695
2460,27.833,30.090,8.076
2461,29.184,30.811,8.001
2462,27.475,28.865,7.975
2463,26.822,28.618,8.766
2464,27.051,29.326,9.310
2465,27.223,30.509,7.976
2466,27.120,29.585,8.383
2467,28.524,30.473,7.875
2468,27.131,28.983,8.566
2469,27.053,29.022,8.529
2470,28.277,28.767,8.295
2471,29.059,29.679,8.504
2472,27.790,29.039,9.117
2473,27.127,28.940,8.979
2474,26.845,29.127,9.278
2475,27.412,29.266,9.153
2476,28.231,30.064,8.878
2477,27.231,29.714,9.040
2478,26.715,28.448,8.368
2479,27.931,28.953,9.372
2480,27.354,28.679,8.632
2481,26.943,28.052,8.693
2482,26.769,29.252,9.241
2483,28.170,30.379,9.203
2484,31.034,30.799,9.098
2485,29.313,28.963,9.499
2486,29.105,28.208,9.549
2487,29.240,29.795,9.416
2488,28.488,28.866,9.360
2489,27.354,28.915,9.252
2490,29.973,29.224,9.817
2491,28.535,28.691,9.553
2492,29.117,28.845,9.815
2493,29.505,29.042,9.847
2494,28.545,29.985,8.967
2495,29.195,29.100,9.008
2496,26.567,29.652,8.740
2497,27.921,30.187,9.202
2498,28.330,30.074,8.320
2499,26.728,30.239,8.921
2500,26.180,29.718,8.397
2501,27.229,29.744,8.811
2502,26.969,28.774,9.392
2503,27.864,29.516,9.406
2504,26.756,28.755,9.246
2505,26.235,29.024,8.682
2506,27.555,30.146,8.917
2507,27.494,30.447,9.223
2508,28.149,31.822,8.520
2509,26.622,30.234,8.730
2510,27.465,30.792,8.647
2511,26.132,29.416,9.107
2512,27.162,30.714,8.847
2513,27.489,29.320,8.495
2514,26.969,30.719,9.291
2515,25.835,30.507,8.587
2516,26.584,30.767,8.693
2517,26.170,30.301,9.190
2518,26.137,29.888,8.920
2519,27.184,28.980,8.707
2520,27.331,29.702,8.739
2521,27.138,30.236,8.742
2522,27.502,30.849,8.762
2523,27.316,29.748,8.375
2524,26.959,30.861,8.783
2525,26.859,30.069,8.729
2526,27.521,30.925,8.816
2527,27.197,30.744,9.358
2528,28.016,30.897,8.558
2529,27.626,30.898,8.725
2530,26.348,31.277,9.275
2531,26.171,29.467,9.073
2532,25.813,30.075,8.620
2533,26.025,30.597,8.818
2534,26.383,30.085,8.940
2535,26.427,29.733,8.905
2536,25.830,30.489,8.234
2537,26.428,29.295,9.000
2538,26.310,28.554,8.992
2539,26.024,29.875,8.985
2540,26.348,30.407,8.945
2541,24.989,29.480,9.030
2542,28.847,29.809,9.255
2543,28.848,29.796,8.736
2544,28.250,29.667,8.455
2545,26.802,28.892,9.135
2546,28.416,30.504,8.630
2547,29.079,31.143,9.464
2548,28.133,30.467,8.841
2549,26.954,30.139,9.029
2550,27.060,30.013,8.560
2551,26.233,30.639,8.419
2552,28.792,29.406,8.203
2553,28.015,30.480,8.432
2554,25.873,29.703,8.792
2555,26.768,29.930,8.837
2556,25.813,29.210,8.636
2557,27.323,29.387,9.450
2558,27.080,30.563,8.647
2559,25.808,29.648,8.588
2560,27.552,29.627,8.382
2561,26.030,29.299,8.545
2562,26.463,29.843,9.351
2563,25.441,29.270,8.833
2564,26.266,28.199,8.223
2565,25.600,30.509,8.698
2566,26.058,28.933,9.381
2567,26.589,29.765,9.025
2568,26.291,28.724,8.733
2569,25.827,29.632,8.766
2570,25.516,29.064,9.143
2571,26.545,29.687,8.874
2572,26.185,28.197,9.807
2573,26.380,29.260,8.873
2574,27.188,30.048,8.449
2575,26.094,29.882,8.943
2576,25.167,29.254,9.103
2577,28.560,30.913,9.307
2578,27.488,30.309,8.368
2579,26.931,30.187,8.487
2580,28.222,30.285,8.636
2581,25.119,27.872,9.556
2582,26.813,28.879,8.714
2583,26.806,29.316,9.397
2584,28.231,29.654,8.392
2585,28.559,28.906,9.128
2586,29.245,29.913,8.888
2587,29.148,29.601,8.861
2588,27.547,28.843,9.903
2589,27.098,29.138,8.951
2590,27.410,30.228,9.861
2591,27.120,30.460,9.899
2592,26.647,30.375,9.406
2593,27.405,30.271,8.951
2594,29.779,30.340,9.651
2595,29.039,31.538,8.760
2596,26.171,31.154,8.646
2597,26.154,30.443,9.452
2598,28.410,30.960,9.011
2599,28.997,30.032,9.229
2600,27.729,29.809,9.836
2601,28.093,29.535,9.417
2602,29.264,29.855,9.202
2603,27.683,30.079,8.942
2604,25.682,28.947,9.596
2605,26.065,29.477,10.498
2606,25.889,29.072,9.481
2607,26.280,29.767,9.621
2608,26.792,30.728,9.820
2609,26.294,30.068,9.672
2610,26.741,30.182,9.567
2611,24.666,29.051,9.715
2612,24.525,28.906,8.758
2613,25.988,29.803,9.202
2614,25.243,29.656,9.782
2615,27.006,29.323,9.665
2616,25.349,29.198,9.789
2617,25.558,28.966,9.061
2618,26.577,29.399,8.328
2619,27.671,30.000,8.656
2620,26.217,29.954,9.119
2621,25.935,29.530,9.194
2622,26.083,29.717,9.702
2623,26.140,30.956,9.325
2624,27.193,29.701,8.234
2625,26.399,29.117,8.701
2626,26.975,29.465,8.576
2627,26.528,29.199,9.513
2628,26.004,28.743,9.112
2629,26.103,29.654,8.963
2630,26.021,28.904,8.910
2631,27.174,30.713,8.624
2632,27.897,31.521,8.813
2633,27.421,31.121,7.474
2634,26.590,29.404,7.936
2635,27.348,29.876,8.336
2636,26.241,29.032,8.501
2637,26.295,29.318,8.744
2638,27.241,30.581,8.427
2639,26.738,30.003,7.953
2640,26.031,30.399,8.246
2641,26.441,30.108,8.359
2642,26.852,30.332,8.271
2643,28.671,29.972,8.170
2644,29.409,30.340,8.063
2645,28.085,30.062,8.657
2646,27.561,29.257,8.194
2647,28.408,29.005,7.368
2648,28.348,30.286,8.748
2649,28.213,30.163,9.080
2650,27.970,30.489,8.846
2651,27.035,30.776,9.081
2652,29.294,30.509,8.879
2653,28.065,29.980,8.850
2654,28.389,30.428,8.770
2655,29.187,31.327,8.688
2656,27.025,31.115,8.552
2657,25.832,30.369,9.029
2658,29.003,29.980,8.655
2659,28.474,30.175,9.344
2660,28.451,29.730,9.117
2661,28.700,28.938,9.282
2662,28.997,30.096,9.108
2663,28.626,29.999,9.010
2664,28.793,29.997,8.518
2665,27.912,29.546,8.863
2666,29.081,29.747,8.182
2667,30.455,31.130,7.947
2668,28.865,30.432,8.922
2669,26.750,30.511,8.156
2670,27.905,30.202,9.008
2671,28.272,30.972,7.668
2672,27.246,30.726,8.519
2673,26.199,29.550,8.929
2674,25.572,29.839,8.133
2675,27.331,29.984,8.190
2676,27.018,29.252,7.719
2677,27.639,30.053,8.316
2678,25.547,29.305,8.049
2679,25.842,28.577,9.571
2680,26.780,27.474,8.738
2681,25.933,29.976,9.381
2682,25.382,29.543,8.700
2683,27.826,30.212,8.621
2684,26.933,30.110,8.998
2685,26.704,30.395,9.037
2686,27.950,31.315,8.922
2687,25.952,29.468,9.010
2688,27.260,30.686,8.551
2689,26.654,29.779,9.280
2690,27.096,31.345,8.918
2691,26.436,30.511,8.462
2692,26.368,29.896,8.656
2693,26.004,29.145,7.859
2694,27.091,30.595,8.284
2695,26.946,29.808,8.795
2696,25.880,30.169,8.351
2697,26.898,30.443,7.984
2698,27.074,31.398,7.877
2699,28.305,30.839,8.198
2700,27.493,31.629,7.006
2701,27.643,30.306,7.900
2702,27.075,30.418,8.095
2703,27.072,30.916,7.906
2704,27.600,31.538,6.360
2705,27.029,31.101,7.013
2706,27.823,31.426,7.139
2707,28.231,31.503,7.836
2708,28.463,32.153,7.811
2709,28.288,31.918,8.902
2710,27.931,31.499,8.170
2711,28.141,31.267,7.758
2712,27.618,30.204,7.398
2713,26.837,30.325,8.383
2714,29.054,30.189,8.139
2715,29.811,31.407,7.680
2716,29.304,30.343,8.234
2717,29.067,30.663,7.559
2718,27.668,31.254,8.214
2719,27.638,31.548,8.296
2720,27.560,31.061,8.169
2721,27.293,30.992,7.858
2722,27.416,30.655,7.405
2723,26.303,31.364,7.801
2724,27.080,32.340,7.685
2725,26.826,31.083,7.696
2726,27.937,32.584,8.051
2727,26.839,32.013,7.430
2728,27.757,32.725,7.696
2729,27.923,31.699,7.741
2730,27.203,31.297,7.786
2731,27.480,31.028,9.134
2732,28.127,31.851,7.908
2733,27.408,31.261,8.813
2734,27.341,31.253,8.874
2735,26.983,31.463,8.386
2736,28.252,32.453,9.273
2737,27.946,32.047,8.290
2738,27.988,31.072,8.834
2739,27.657,30.643,8.162
2740,27.616,30.872,7.765
2741,26.780,31.001,7.584
2742,26.290,30.097,6.941
2743,26.499,30.161,7.676
2744,26.142,30.865,7.986
2745,26.312,29.315,8.075
2746,27.559,30.990,8.529
2747,26.374,29.691,8.100
2748,26.497,30.870,8.254
2749,27.709,30.698,8.663
2750,27.757,30.629,8.285
2751,24.422,29.458,9.597
2752,28.122,31.446,8.308
2753,26.551,31.089,7.864
2754,26.990,29.972,8.525
2755,27.047,30.781,7.813
2756,27.475,30.940,7.809
2757,28.772,30.234,7.939
2758,29.669,30.717,8.287
2759,29.830,29.785,7.893
2760,29.129,29.945,7.837
2761,24.946,29.898,9.241
2762,28.264,29.682,9.398
2763,27.818,30.025,9.636
2764,27.387,31.377,8.553
2765,26.128,30.471,8.346
2766,25.972,30.809,8.765
2767,27.116,31.088,9.048
2768,26.562,30.881,8.685
2769,27.716,31.249,8.847
2770,26.674,29.861,8.949
2771,27.194,30.252,8.766
2772,27.747,30.460,8.889
2773,26.949,30.846,8.908
2774,26.892,30.083,9.097
2775,26.747,31.261,9.264
2776,27.257,30.864,8.933
2777,26.270,30.113,8.119
2778,27.121,30.586,9.249
2779,26.396,31.003,8.947
2780,26.524,30.338,8.463
2781,26.556,30.409,8.644
2782,27.032,31.040,8.823
2783,26.503,30.488,9.289
2784,26.687,31.227,9.010
2785,26.429,30.533,8.957
2786,26.873,31.051,7.671
2787,28.590,31.402,8.903
2788,27.575,30.911,7.705
2789,27.394,30.879,8.612
2790,27.676,32.136,8.826
2791,27.215,30.620,8.035
2792,27.573,29.956,8.164
2793,28.931,31.849,8.673
2794,27.363,31.186,8.894
2795,26.674,30.313,9.178
2796,28.734,31.349,7.882
2797,27.675,30.816,7.922
2798,27.003,30.084,9.629
2799,26.344,30.429,9.379
2800,27.765,30.392,8.975
2801,28.447,29.904,10.310
2802,29.307,30.315,9.169
2803,29.968,29.740,8.341
2804,29.853,30.294,8.507
2805,29.991,30.734,9.151
2806,28.103,29.634,9.568
2807,29.028,30.728,9.706
2808,28.243,31.009,8.695
2809,28.181,30.446,9.146
2810,28.167,31.291,8.677
2811,27.464,31.793,9.389
2812,29.639,32.481,7.901
2813,27.168,29.917,8.141
2814,28.537,31.483,8.038
2815,28.138,31.124,8.275
2816,28.457,32.286,8.291
2817,27.531,30.917,8.945
2818,27.745,30.994,8.078
2819,28.011,30.775,7.821
2820,28.358,30.490,8.383
2821,27.934,30.099,8.328
2822,28.780,30.824,8.786
2823,28.243,30.950,7.823
2824,28.308,30.567,8.709
2825,29.729,29.989,8.142
2826,26.769,30.468,8.011
2827,26.809,30.910,8.873
2828,27.310,31.270,8.661
2829,27.492,31.470,9.127
2830,27.079,31.260,8.656
2831,27.449,30.226,9.482
2832,28.275,30.815,8.345
2833,27.398,29.558,9.102
2834,26.714,29.545,9.137
2835,26.657,28.735,9.525
2836,26.804,30.617,9.382
2837,27.663,30.591,9.585
2838,28.093,31.386,8.870
2839,28.633,31.413,9.666
2840,26.855,30.737,9.480
2841,27.118,29.278,9.210
2842,26.100,29.485,8.955
2843,26.153,30.309,8.868
2844,26.676,29.538,9.348
2845,27.720,31.344,8.855
2846,28.268,31.777,9.239
2847,28.577,31.183,8.418
2848,28.161,30.700,8.966
2849,27.736,32.159,9.131
2850,28.509,32.038,9.254
2851,28.526,31.747,8.786
2852,28.611,31.856,7.350
2853,29.864,32.625,6.753
2854,30.105,32.518,6.115
2855,29.269,31.140,5.285
2856,28.553,30.289,5.387
2857,30.615,32.263,5.758
2858,31.224,31.451,5.222
2859,29.797,30.696,5.299
2860,28.256,31.350,8.211
2861,30.444,32.072,6.209
2862,28.797,30.999,7.169
2863,28.052,31.021,7.824
2864,28.065,31.314,8.894
2865,27.279,30.844,7.533
2866,27.479,30.956,8.865
2867,27.673,30.542,7.908
2868,27.860,29.689,7.718
2869,27.561,31.245,7.305
2870,28.607,31.472,9.180
2871,27.903,30.197,7.873
2872,27.399,30.856,8.266
2873,27.247,30.965,7.877
2874,28.038,31.039,6.632
2875,27.446,31.008,8.068
2876,27.948,29.999,6.662
2877,28.092,30.897,7.236
2878,27.843,30.727,8.462
2879,29.265,32.015,6.547
2880,27.688,31.320,7.666
2881,28.585,31.763,7.597
2882,29.002,32.001,5.488
2883,27.184,30.811,8.278
2884,28.351,31.330,7.555
2885,29.251,31.916,7.278
2886,27.635,30.532,7.939
2887,28.560,31.606,8.397
2888,27.920,30.195,8.176
2889,28.593,30.853,7.743
2890,27.396,31.081,7.752
2891,26.633,30.218,8.853
2892,27.768,30.617,8.562
2893,27.373,30.651,8.577
2894,28.038,31.449,8.235
2895,28.156,30.807,7.297
2896,28.153,31.094,6.982
2897,28.592,31.348,7.181
2898,27.949,31.381,5.507
2899,27.685,31.285,6.788
2900,27.285,31.349,7.453
2901,32.055,32.295,6.801
2902,30.472,31.272,5.840
2903,29.902,30.841,7.394
2904,29.417,29.435,8.324
2905,27.315,30.441,7.954
2906,26.869,29.994,8.257
2907,27.497,31.365,6.541
2908,26.771,31.833,9.041
2909,26.186,29.720,8.298
2910,27.958,32.342,8.680
2911,26.832,31.347,9.219
2912,28.790,31.841,7.381
2913,28.013,31.592,7.970
2914,28.374,30.515,7.884
2915,26.310,30.057,9.059
2916,25.941,28.683,9.336
2917,28.464,31.549,8.801
2918,28.856,31.128,8.006
2919,27.644,30.029,9.448
2920,28.044,30.386,8.053
2921,27.638,30.147,7.325
2922,27.232,29.904,8.401
2923,28.166,31.074,8.277
2924,27.248,30.118,8.734
2925,28.709,30.857,9.066
2926,27.381,30.230,9.493
2927,26.896,30.368,8.111
2928,28.145,30.915,8.319
2929,27.608,30.172,8.042
2930,27.020,31.041,9.154
2931,26.741,30.416,9.281
2932,28.516,31.065,8.760
2933,28.127,31.030,9.059
2934,27.468,31.663,8.781
2935,27.491,30.442,7.103
2936,28.034,30.961,7.710
2937,27.198,30.656,7.845
2938,28.366,31.277,7.787
2939,26.700,31.261,7.671
2940,27.048,30.217,7.966
2941,27.324,31.362,7.758
2942,26.499,30.808,9.473
2943,27.610,30.866,7.870
2944,27.871,31.591,7.728
2945,28.391,30.690,7.256
2946,27.255,31.339,8.461
2947,27.679,30.567,7.460
2948,27.065,31.286,8.702
2949,28.341,31.099,8.462
2950,27.618,30.053,7.420
2951,27.456,31.093,8.303
2952,27.233,30.543,8.440
2953,26.703,30.429,8.478
2954,26.881,31.059,7.795
2955,27.595,31.074,7.974
2956,27.688,32.447,8.379
2957,29.854,32.185,8.627
2958,27.606,31.294,9.242
2959,26.969,30.200,8.479
2960,29.173,30.718,9.040
2961,27.660,31.885,8.031
2962,28.084,30.829,8.235
2963,27.272,31.272,8.405
2964,27.441,30.213,8.263
2965,28.803,30.919,7.977
2966,28.158,31.688,8.457
2967,28.160,31.451,8.294
2968,27.237,29.712,7.454
2969,29.043,30.876,8.013
2970,29.576,31.679,8.735
2971,27.836,30.688,8.049
2972,28.300,31.120,9.125
2973,28.208,31.193,7.699
2974,28.424,31.412,8.809
2975,27.695,31.849,8.714
2976,27.869,30.369,8.914
2977,29.166,31.350,8.497
2978,28.149,30.564,7.076
2979,27.625,30.960,6.934
2980,27.512,31.650,6.835
2981,27.713,31.442,7.527
2982,27.865,31.866,7.307
2983,27.155,30.890,6.520
2984,28.473,32.178,7.395
2985,26.492,30.585,6.653
2986,27.978,31.653,5.882
2987,27.593,30.916,6.362
2988,27.803,29.839,6.723
2989,27.669,29.890,7.364
2990,27.499,30.221,6.245
2991,28.062,31.939,7.299
2992,27.316,30.157,7.001
2993,28.203,31.083,5.069
2994,26.907,30.459,6.578
2995,27.272,30.886,6.508
2996,27.828,30.581,4.906
2997,28.433,29.960,5.006
2998,28.093,30.097,5.179
2999,27.127,31.255,5.046
3000,27.006,29.731,4.807
3001,27.732,30.714,6.109
3002,28.462,30.219,4.955
3003,28.346,30.900,5.955
3004,27.981,31.418,6.517
3005,27.403,30.002,6.355
3006,26.997,30.662,6.860
3007,28.636,31.502,5.365
3008,28.249,31.675,5.553
3009,27.310,31.033,5.224
3010,29.402,30.564,6.177
3011,29.144,30.584,6.250
3012,28.204,30.946,5.111
3013,29.122,29.961,4.971
3014,30.169,31.989,5.171
3015,28.981,30.970,6.479
3016,28.767,31.239,6.133
3017,28.857,31.610,5.460
3018,28.829,31.077,6.295
3019,29.853,32.503,4.711
3020,30.645,33.804,4.676
3021,29.334,31.708,4.427
3022,29.781,32.066,4.613
3023,29.826,31.755,4.476
3024,29.732,31.156,5.471
3025,28.462,30.355,7.368
3026,28.248,30.424,6.694
3027,29.310,32.314,4.227
3028,30.490,32.058,5.560
3029,30.968,31.943,4.595
3030,29.283,31.622,5.176
3031,29.821,31.351,4.626
3032,30.236,33.267,4.707
3033,29.585,33.643,5.103
3034,30.552,33.931,4.884
3035,29.635,32.794,4.915
3036,29.480,32.146,4.784
3037,30.836,33.527,4.195
3038,30.782,32.246,4.318
3039,30.318,32.516,4.832
3040,30.366,32.291,5.224
3041,28.782,32.318,5.538
3042,29.262,31.453,5.145
3043,30.103,32.963,4.691
3044,29.584,31.852,4.748
3045,30.368,32.110,4.376
3046,29.881,32.918,3.843
3047,29.248,32.714,4.884
3048,29.672,32.426,5.472
3049,30.737,32.456,4.617
3050,29.220,31.876,4.850
3051,29.854,32.200,4.590
3052,30.535,32.987,4.603
3053,29.616,32.800,3.745
3054,30.732,32.443,4.815
3055,30.094,32.434,4.540
3056,30.266,32.293,4.548
3057,29.095,32.133,4.284
3058,29.970,33.275,4.551
3059,29.278,32.066,2.686
3060,30.284,31.910,2.588
3061,30.663,32.598,2.903
3062,30.972,32.739,2.666
3063,31.266,33.360,2.778
3064,31.470,33.079,2.838
3065,30.334,32.431,2.592
3066,30.923,33.162,2.601
3067,30.542,32.528,2.698
3068,30.808,32.844,2.747
3069,30.383,33.388,2.672
3070,30.226,33.009,2.652
3071,30.364,33.019,2.714
3072,30.535,32.438,2.581
3073,30.005,31.980,2.591
3074,29.443,31.096,2.605
3075,29.037,31.845,2.724
3076,30.617,30.942,2.764
3077,31.368,31.738,2.635
3078,31.204,32.390,2.671
3079,30.400,31.463,2.778
3080,30.401,31.207,2.678
3081,29.851,31.963,2.647
3082,29.723,31.509,2.635
3083,29.205,31.742,2.641
3084,29.614,32.064,2.788
3085,29.738,31.472,2.818
3086,29.599,31.035,2.758
3087,30.002,31.383,2.711
3088,32.175,31.825,2.738
3089,29.946,31.275,2.608
3090,29.473,31.975,2.695
3091,29.314,30.776,2.673
3092,29.533,31.168,2.670
3093,30.208,31.306,2.585
3094,29.333,30.726,2.744
3095,29.135,30.266,2.528
3096,29.588,31.571,2.621
3097,29.553,31.143,2.997
3098,29.199,31.738,2.562
3099,29.810,32.393,2.687
3100,30.788,30.611,2.816
3101,29.073,31.993,2.684
3102,30.098,31.152,2.735
3103,30.465,31.521,2.735
3104,28.973,30.783,2.687
3105,28.431,30.354,2.639
3106,29.545,31.002,2.642
3107,29.374,31.009,2.830
3108,29.954,31.561,2.767
3109,28.868,31.769,2.703
3110,30.045,31.888,2.949
3111,30.196,32.088,2.741
3112,29.745,31.535,2.606
3113,29.253,31.723,3.068
3114,29.227,30.830,2.636
3115,28.591,30.451,2.659
3116,29.612,30.797,2.935
3117,29.693,31.856,2.634
3118,28.965,30.401,2.571
3119,28.569,29.842,2.653
3120,29.497,30.566,2.619
3121,30.427,30.550,2.808
3122,29.471,30.653,2.520
3123,29.393,30.904,2.621
3124,31.867,30.942,2.578
3125,31.091,31.186,2.638
3126,29.096,31.253,2.687
3127,28.370,31.321,2.608
3128,30.135,31.685,2.555
3129,30.183,30.850,2.648
3130,29.750,32.232,2.638
3131,29.808,31.061,2.725
3132,29.768,30.843,2.706
3133,29.473,31.531,2.723
3134,27.966,31.198,2.725
3135,29.836,32.158,2.612
3136,28.722,31.750,2.672
3137,29.908,31.880,2.677
3138,29.688,31.507,2.767
3139,29.182,30.581,2.749
3140,28.902,31.501,2.769
3141,28.943,30.705,2.660
3142,28.485,30.985,2.745
3143,28.430,30.715,2.775
3144,28.115,29.591,2.818
3145,28.305,30.683,2.702
3146,28.716,30.868,2.919
3147,28.859,32.273,6.303
3148,30.229,32.963,4.750
3149,29.470,31.846,4.492
3150,31.124,32.978,4.570
3151,30.257,31.935,4.672
3152,30.783,33.309,4.522
3153,30.443,32.446,5.530
3154,29.950,31.839,4.241
3155,30.597,33.260,4.452
3156,30.364,32.010,4.473
3157,31.508,33.138,4.495
3158,32.032,32.348,4.531
3159,30.996,31.612,4.999
3160,30.963,32.323,4.379
3161,30.073,32.687,4.496
3162,28.792,32.816,4.611
3163,29.725,32.402,4.499
3164,29.204,31.421,2.607
3165,29.669,31.792,2.691
3166,31.109,30.661,2.814
3167,32.683,31.162,2.714
3168,29.484,31.440,2.820
3169,29.699,31.266,2.640
3170,30.286,31.038,2.698
3171,28.593,31.966,2.702
3172,28.513,32.109,2.798
3173,29.497,32.093,2.683
3174,30.527,33.063,4.599
3175,29.405,32.012,4.685
3176,28.749,32.141,3.601
3177,28.475,31.589,3.889
3178,28.778,31.282,4.634
3179,28.808,30.918,4.562
3180,30.159,31.117,4.635
3181,29.930,30.923,4.544
3182,29.066,31.380,4.393
3183,28.852,31.549,5.632
3184,30.205,31.608,4.459
3185,29.331,31.737,4.609
3186,29.618,31.834,4.175
3187,28.770,31.214,4.504
3188,29.569,31.718,4.306
3189,29.670,32.341,4.884
3190,30.242,31.815,4.544
3191,29.535,32.252,4.560
3192,29.429,32.055,4.618
3193,29.366,32.387,4.685
3194,29.788,31.992,5.581
3195,29.583,32.260,4.568
3196,31.775,31.688,4.392
3197,29.225,30.002,4.629
3198,29.582,32.396,5.933
3199,30.053,32.333,6.038
3200,29.099,31.655,6.423
3201,28.681,32.903,7.054
3202,28.931,32.016,6.478
3203,30.337,32.135,5.169
3204,29.330,32.192,6.195
3205,29.287,32.707,7.282
3206,29.422,33.187,5.842
3207,29.849,32.028,4.595
3208,29.357,31.391,5.275
3209,29.613,32.639,4.585
3210,28.978,32.104,6.765
3211,26.998,30.752,7.510
3212,27.590,30.587,8.267
3213,29.145,31.953,6.824
3214,29.018,31.597,7.281
3215,27.776,30.850,7.760
3216,26.869,30.077,8.508
3217,26.324,29.586,6.194
3218,26.509,29.896,6.935
3219,28.406,30.259,5.919
3220,27.338,30.522,6.952
3221,27.508,30.198,6.551
3222,27.794,30.264,6.575
3223,26.994,31.127,7.248
3224,27.258,30.242,7.232
3225,26.873,30.555,6.016
3226,26.631,29.376,5.921
3227,26.961,28.872,6.884
3228,29.286,30.137,6.707
3229,28.600,29.552,7.062
3230,27.841,30.122,6.750
3231,27.961,30.132,5.492
3232,28.423,30.347,4.394
3233,29.149,31.093,4.883
3234,28.356,30.950,4.506
3235,29.089,30.789,4.684
3236,31.926,32.076,5.254
3237,30.283,30.328,6.580
3238,29.398,31.663,6.575
3239,28.760,31.831,8.635
3240,30.147,31.893,5.480
3241,29.813,32.243,5.364
3242,28.853,31.353,5.222
3243,29.018,32.445,5.356
3244,29.435,32.323,5.520
3245,29.069,31.793,5.176
3246,29.727,32.973,4.853
3247,29.517,32.296,5.249
3248,29.246,32.574,5.318
3249,30.113,32.844,6.074
3250,28.930,31.485,5.241
3251,29.088,31.783,5.086
3252,29.006,31.669,5.157
3253,30.145,33.177,5.557
3254,29.182,32.141,4.789
3255,30.164,32.986,5.173
3256,29.117,31.780,5.001
3257,28.793,31.832,5.584
3258,30.140,32.648,6.322
3259,28.570,32.033,5.316
3260,28.611,31.925,5.412
3261,30.272,31.309,4.732
3262,30.062,31.939,5.495
3263,30.476,31.906,4.892
3264,29.421,31.641,4.544
3265,29.600,31.717,4.543
3266,30.151,31.271,2.777
3267,31.562,32.986,4.832
3268,32.237,32.357,4.412
3269,31.888,31.659,4.537
3270,31.625,31.484,2.839
3271,29.724,29.733,2.624
3272,31.024,31.732,2.668
3273,30.886,31.060,2.751
3274,31.069,30.775,2.625
3275,29.554,31.406,2.585
3276,28.985,31.087,2.696
3277,29.908,32.655,2.705
3278,30.217,31.803,2.698
3279,29.747,31.664,2.712
3280,30.406,32.216,2.966
3281,30.226,30.992,2.691
3282,29.760,31.769,2.734
3283,29.526,30.882,2.653
3284,29.002,31.724,2.542
3285,29.958,31.506,2.682
3286,29.527,31.244,2.711
3287,29.665,30.654,2.734
3288,29.261,31.922,3.014
3289,29.153,31.699,2.767
3290,29.211,31.734,2.752
3291,28.210,31.778,2.734
3292,28.292,31.985,2.848
3293,29.516,31.533,2.640
3294,29.905,31.744,2.753
3295,29.253,32.028,2.858
3296,29.261,31.626,2.724
3297,28.625,31.485,2.729
3298,28.338,31.022,2.810
3299,29.037,32.267,3.157
3300,28.405,31.224,2.683
3301,29.321,32.208,2.646
3302,28.754,31.076,2.659
3303,28.581,31.522,2.736
3304,29.975,32.359,2.656
3305,29.708,32.103,2.613
3306,29.331,31.047,2.557
3307,28.745,30.426,2.748
3308,29.637,31.592,2.633
3309,29.595,31.315,2.729
3310,28.395,30.707,2.529
3311,29.434,30.426,2.624
3312,31.511,31.367,2.574
3313,31.030,31.099,2.794
3314,31.107,30.716,3.112
3315,29.413,31.125,2.678
3316,28.567,30.196,2.772
3317,28.625,30.618,2.795
3318,30.163,30.672,2.805
3319,29.451,31.488,2.789
3320,30.299,31.313,2.729
3321,29.316,32.011,2.604
3322,30.660,32.530,2.701
3323,30.649,32.716,2.733
3324,30.641,32.367,2.926
3325,29.999,31.858,2.745
3326,29.066,31.599,2.836
3327,30.313,31.136,2.671
3328,30.879,32.534,2.622
3329,30.387,31.907,2.619
3330,30.088,31.936,2.787
3331,29.486,31.994,2.571
3332,28.796,31.181,2.667
3333,30.143,32.377,2.739
3334,28.518,29.983,2.645
3335,28.875,29.362,2.723
3336,28.560,31.166,2.817
3337,28.116,31.177,2.672
3338,28.519,30.453,2.633
3339,30.470,31.280,2.677
3340,31.554,30.557,2.598
3341,28.647,30.931,2.629
3342,31.401,31.440,2.629
3343,28.917,31.243,2.602
3344,29.963,30.653,2.754
3345,29.026,30.006,2.540
3346,28.276,29.803,2.635
3347,28.577,30.278,2.711
3348,29.596,30.941,2.639
3349,29.381,30.585,2.674
3350,31.197,30.803,2.611
3351,29.155,30.923,2.700
3352,28.480,30.821,2.732
3353,28.963,30.617,2.587
3354,29.835,31.325,2.677
3355,31.707,31.549,2.654
3356,32.519,32.813,2.517
3357,30.967,32.126,2.830
3358,30.163,31.410,2.646
3359,32.193,31.877,2.832
3360,33.317,32.782,2.840
3361,30.050,32.373,2.924
3362,30.643,32.758,2.760
3363,29.835,32.348,2.704
3364,29.705,31.465,2.717
3365,30.478,32.735,2.700
3366,29.051,31.957,2.665
3367,29.993,31.148,2.771
3368,29.693,31.741,2.764
3369,29.157,31.055,2.635
3370,29.543,31.997,2.717
3371,29.698,32.293,2.726
3372,29.595,31.640,2.643
3373,30.122,31.424,2.686
3374,29.876,31.019,2.714
3375,28.730,31.556,2.600
3376,29.115,31.453,2.905
3377,29.583,30.979,2.603
3378,28.924,30.515,2.724
3379,29.291,30.989,2.706
3380,28.362,31.385,2.732
3381,28.263,31.120,2.574
3382,29.458,31.604,2.674
3383,29.059,29.852,2.749
3384,29.092,31.576,2.563
3385,29.370,31.536,2.839
3386,29.267,30.447,2.948
3387,29.474,30.997,2.889
3388,28.558,31.086,2.556
3389,29.131,29.857,2.591
3390,28.731,29.975,2.922
3391,29.270,30.945,2.674
3392,29.408,30.419,2.606
3393,28.879,30.478,2.998
3394,28.692,29.409,2.719
3395,28.993,30.444,2.805
3396,31.609,31.332,2.696
3397,31.134,30.403,2.588
3398,30.758,30.379,2.665
3399,31.044,30.694,2.568
3400,29.600,31.441,2.780
3401,28.664,29.746,2.703
3402,30.426,30.062,2.715
3403,29.545,30.408,2.817
3404,30.184,30.320,2.751
3405,29.304,29.767,2.902
3406,27.632,30.699,6.335
3407,27.833,31.006,6.132
3408,28.662,30.799,7.045
3409,27.121,29.716,5.581
3410,27.409,30.149,5.623
3411,27.921,30.907,5.544
3412,28.163,30.421,6.120
3413,29.400,31.341,3.908
3414,31.389,32.402,4.928
3415,29.639,30.984,4.714
3416,28.512,30.022,5.526
3417,30.070,32.655,5.280
3418,29.295,30.735,5.282
3419,29.464,32.027,5.324
3420,30.501,32.171,4.859
3421,30.295,31.645,4.608
3422,30.603,30.737,2.828
3423,30.138,31.637,2.747
3424,30.993,30.872,2.652
3425,29.802,32.027,2.685
3426,28.687,30.398,2.753
3427,30.205,31.925,2.688
3428,30.444,31.211,2.757
3429,31.635,30.501,2.706
3430,31.748,30.167,2.702
3431,30.549,30.951,2.774
3432,31.213,31.754,2.678
3433,31.431,31.766,2.653
3434,31.499,32.465,2.748
3435,30.628,31.384,2.800
3436,31.004,32.150,2.678
3437,30.455,31.056,2.653
3438,31.010,32.920,2.540
3439,31.176,32.891,2.806
3440,30.486,32.259,2.650
3441,30.496,31.599,2.705
3442,30.674,32.171,2.624
3443,30.808,32.624,2.847
3444,31.453,33.352,2.768
3445,30.468,32.646,2.599
3446,30.800,31.263,2.687
3447,31.279,31.899,2.588
3448,31.944,33.418,2.751
3449,29.921,31.529,2.806
3450,31.034,32.354,2.661
3451,30.276,30.619,2.766
3452,30.559,32.814,2.771
3453,31.075,30.658,2.919
3454,30.512,31.390,2.902
3455,30.667,31.583,2.663
3456,30.233,31.381,2.602
3457,30.804,32.361,2.587
3458,30.167,31.748,2.549
3459,30.533,32.283,2.719
3460,30.447,31.275,2.691
3461,29.581,30.875,3.068
3462,30.003,31.154,4.454
3463,29.526,33.082,4.785
3464,30.248,32.809,5.604
3465,31.193,32.811,4.929
3466,30.155,32.114,4.748
3467,29.402,31.350,4.593
3468,29.895,32.402,5.696
3469,29.779,31.498,4.725
3470,31.102,32.363,5.281
3471,30.983,32.208,4.860
3472,29.983,31.825,6.179
3473,33.342,33.101,5.885
3474,33.365,32.095,4.940
3475,32.619,31.937,6.161
3476,32.579,31.325,5.019
3477,33.166,32.484,4.396
3478,31.967,32.050,6.135
3479,33.239,31.392,4.484
3480,33.534,31.960,4.993
3481,33.899,31.585,4.383
3482,30.174,30.614,5.031
3483,30.357,31.308,5.654
3484,29.063,30.889,5.050
3485,28.909,30.184,5.499
3486,29.525,31.044,4.744
3487,29.411,30.575,4.992
3488,30.016,31.340,4.656
3489,31.524,32.795,4.694
3490,28.584,30.186,4.852
3491,29.873,31.644,4.267
3492,30.186,32.035,4.210
3493,30.968,32.076,4.845
3494,30.683,32.443,4.628
3495,30.436,32.203,4.823
3496,29.773,31.041,5.473
3497,29.710,30.941,6.108
3498,28.266,30.838,7.314
3499,29.248,30.470,7.043
3500,28.117,31.699,8.989
3501,27.292,29.845,9.006
3502,26.972,29.478,8.427
3503,26.264,29.313,8.522
3504,27.311,30.931,8.864
3505,27.421,30.538,9.149
3506,28.913,32.213,7.214
3507,28.965,31.836,6.071
3508,29.697,32.502,6.748
3509,29.465,31.844,6.968
3510,30.272,31.946,5.318
3511,30.436,32.383,5.553
3512,29.369,31.569,5.543
3513,29.397,30.704,5.306
3514,29.386,30.930,4.657
3515,29.344,32.289,5.463
3516,29.815,32.292,5.375
3517,29.697,32.163,6.401
3518,30.055,32.243,5.188
3519,29.803,31.649,5.276
3520,27.935,31.386,7.802
3521,28.794,30.787,6.602
3522,31.782,31.654,5.161
3523,31.137,32.775,5.467
3524,28.962,31.873,4.548
3525,28.580,31.511,4.862
3526,28.963,31.606,5.340
3527,28.800,31.767,6.161
3528,29.524,31.477,5.170
3529,28.868,31.489,4.660
3530,29.251,32.137,3.818
3531,28.678,32.121,4.921
3532,29.224,31.048,4.990
3533,26.528,29.253,5.356
3534,29.150,30.636,5.186
3535,28.611,31.689,5.368
3536,28.481,31.943,4.857
3537,29.989,32.071,4.856
3538,29.272,31.590,5.490
3539,30.199,32.244,6.449
3540,28.822,32.500,8.312
3541,29.456,31.986,8.626
3542,30.605,32.909,5.524
3543,30.575,32.907,6.130
3544,29.721,32.225,6.303
3545,30.283,32.307,4.518
3546,29.586,31.724,5.457
3547,30.430,33.467,6.459
3548,29.704,33.189,5.922
3549,29.666,31.573,6.334
3550,28.649,30.473,6.051
3551,30.646,31.035,7.277
3552,31.009,31.611,5.990
3553,29.717,31.673,6.214
3554,29.638,30.956,5.781
3555,30.281,33.702,7.350
3556,28.880,30.882,6.343
3557,30.185,32.207,5.779
3558,28.491,31.433,6.499
3559,28.175,30.546,4.217
3560,28.687,30.744,6.785
3561,28.613,30.372,4.384
3562,27.976,29.958,4.342
3563,28.517,30.279,4.319
3564,29.674,29.370,4.247
3565,28.463,28.673,2.759
3566,28.693,28.736,2.730
3567,28.247,29.163,2.602
3568,27.259,28.079,2.625
3569,27.307,29.092,2.701
3570,27.613,29.228,2.594
3571,28.772,29.492,2.603
3572,27.393,28.263,2.604
3573,28.889,29.306,2.802
3574,28.137,29.509,2.692
3575,27.531,28.406,2.712
3576,27.922,29.896,2.712
3577,28.253,30.415,2.674
3578,28.297,29.153,4.127
3579,27.157,28.761,2.650
3580,27.368,28.121,2.606
3581,27.358,29.534,2.683
3582,26.697,28.695,2.651
3583,27.096,28.392,2.588
3584,28.033,29.453,2.639
3585,28.527,29.725,4.350
3586,27.309,28.657,4.121
3587,29.046,29.788,3.901
3588,28.293,29.821,4.426
3589,30.136,31.242,4.460
3590,28.524,30.811,4.848
3591,28.115,30.443,4.802
3592,28.468,29.972,3.990
3593,27.775,29.844,4.508
3594,27.321,29.827,5.546
3595,28.704,30.360,2.731
3596,28.163,30.512,3.668
3597,27.538,29.059,2.689
3598,28.320,30.881,2.571
3599,28.224,29.411,2.567
3600,28.088,29.519,2.834
3601,27.427,29.013,2.567
3602,26.665,30.244,2.567
3603,26.962,29.302,2.670
3604,28.616,31.011,2.802
3605,28.287,31.365,2.604
3606,28.827,30.416,2.651
3607,29.262,31.074,2.748
3608,28.671,30.173,2.836
3609,29.456,31.218,2.639
3610,29.038,30.960,2.750
3611,29.548,30.705,2.686
3612,29.339,30.544,2.714
3613,28.782,30.563,2.653
3614,28.388,30.436,2.695
3615,28.428,30.285,2.936
3616,28.776,30.427,2.764
3617,29.434,30.831,2.619
3618,28.907,30.212,2.847
3619,29.365,30.039,2.781
3620,28.530,30.792,2.833
3621,29.720,31.790,2.709
3622,27.615,29.984,2.824
3623,28.461,30.236,2.602
3624,28.551,30.156,2.600
3625,28.753,29.401,2.679
3626,28.724,29.839,2.795
3627,29.333,30.362,2.729
3628,28.083,30.329,2.875
3629,29.187,30.262,2.828
3630,28.338,29.140,2.740
3631,28.757,29.123,2.578
3632,28.658,29.923,2.602
3633,28.237,29.453,2.516
3634,29.292,29.758,2.924
3635,28.824,30.434,2.592
3636,27.280,29.340,2.653
3637,28.896,30.529,2.591
3638,28.159,30.880,2.747
3639,28.716,29.954,2.772
3640,28.593,29.971,2.701
3641,28.436,31.055,2.646
3642,28.147,31.070,2.668
3643,27.548,30.683,2.719
3644,27.773,30.454,2.575
3645,27.796,29.633,2.661
3646,27.910,29.937,2.689
3647,27.836,30.170,2.668
3648,27.263,29.676,2.655
3649,28.025,30.304,2.601
3650,30.282,30.478,2.742
3651,30.542,31.509,2.562
3652,29.250,30.205,2.557
3653,27.536,30.520,2.672
3654,27.792,30.533,2.597
3655,27.914,29.852,2.632
3656,27.580,30.421,2.665
3657,28.139,30.174,2.779
3658,28.563,29.864,2.763
3659,28.321,30.174,2.581
3660,28.100,28.982,2.681
3661,27.807,29.301,2.657
3662,28.304,30.492,2.670
3663,28.523,30.247,2.710
3664,28.244,31.043,2.753
3665,27.546,29.451,2.648
3666,27.855,30.215,3.289
3667,27.854,30.578,4.238
3668,30.294,30.054,2.641
3669,29.550,31.514,2.636
3670,28.875,30.747,2.577
3671,28.449,30.679,2.698
3672,28.515,30.566,2.557
3673,28.631,30.630,2.767
3674,28.900,30.770,2.775
3675,28.495,30.729,2.835
3676,28.081,30.084,2.653
3677,27.728,30.637,2.797
3678,27.795,30.506,3.239
3679,28.422,29.613,2.547
3680,29.139,29.690,2.721
3681,26.889,30.516,2.596
3682,27.010,29.689,2.536
3683,26.093,29.387,2.879
3684,25.732,28.301,2.741
3685,26.886,29.357,2.573
3686,27.433,30.335,2.654
3687,27.382,29.835,2.574
3688,28.555,29.692,2.765
3689,27.281,29.937,2.569
3690,27.912,30.561,2.942
3691,27.723,29.301,2.750
3692,27.855,29.434,2.645
3693,28.599,30.483,2.730
3694,30.092,29.238,2.632
3695,28.729,28.654,2.557
3696,27.802,28.360,2.709
3697,26.086,28.444,2.731
3698,26.392,28.030,4.450
3699,26.170,28.683,3.872
3700,27.598,28.585,3.981
3701,26.909,29.115,3.965
3702,26.965,28.657,4.428
3703,27.870,30.210,4.134
3704,26.915,28.570,3.485
3705,26.924,29.870,4.043
3706,26.875,28.976,3.933
3707,26.527,28.428,3.135
3708,25.491,29.190,4.576
3709,27.234,30.041,3.584
3710,27.024,29.779,3.976
3711,25.821,29.278,4.580
3712,26.652,29.269,3.958
3713,28.151,30.047,3.079
3714,28.110,30.007,2.675
3715,28.903,30.043,2.738
3716,27.647,28.347,2.706
3717,30.020,29.447,2.611
3718,26.933,29.252,2.747
3719,28.518,29.425,2.669
3720,28.376,28.047,2.620
3721,27.916,29.179,2.582
3722,27.769,29.445,2.821
3723,27.922,29.437,2.572
3724,28.804,31.085,2.625
3725,28.338,30.800,2.570
3726,29.177,30.603,2.668
3727,28.532,28.680,2.651
3728,28.872,30.810,2.696
3729,28.308,30.059,2.688
3730,28.533,30.232,2.939
3731,27.985,29.934,2.627
3732,28.591,30.161,2.750
3733,28.766,30.128,2.684
3734,27.062,27.917,2.632
3735,26.429,28.715,2.739
3736,26.617,27.455,2.825
3737,26.987,29.404,2.770
3738,28.673,29.616,2.625
3739,27.518,29.380,2.596
3740,27.514,28.408,2.599
3741,27.391,28.601,2.693
3742,28.697,30.451,2.578
3743,28.969,31.564,2.570
3744,28.879,29.367,2.706
3745,28.492,30.007,2.740
3746,28.130,29.791,2.563
3747,27.488,29.249,2.630
3748,27.138,28.687,2.714
3749,27.141,28.603,2.614
3750,28.049,29.754,2.609
3751,28.010,29.542,2.659
3752,27.882,28.178,2.756
3753,27.964,28.840,2.699
3754,28.713,28.500,2.757
3755,27.699,29.089,2.850
3756,27.977,29.497,2.528
3757,28.415,30.253,2.859
3758,27.809,29.457,2.675
3759,29.943,30.491,2.663
3760,29.351,31.935,2.555
3761,29.047,30.515,2.856
3762,28.304,30.910,4.824
3763,29.990,28.803,2.591
3764,29.979,29.730,2.795
3765,32.216,31.898,2.668
3766,31.071,31.210,2.773
3767,30.272,29.475,2.611
3768,31.503,30.190,2.678
3769,30.716,30.201,2.736
3770,29.545,29.380,2.647
3771,30.776,29.868,2.594
3772,30.254,29.655,2.685
3773,30.679,30.802,2.638
3774,30.840,30.405,2.838
3775,30.629,29.738,2.752
3776,30.680,29.553,2.729
3777,30.854,30.523,2.748
3778,31.624,30.492,2.596
3779,28.166,29.648,2.731
3780,28.120,29.472,2.760
3781,28.136,29.145,2.616
3782,28.098,28.782,4.797
3783,26.480,28.637,5.467
3784,26.525,27.608,5.533
3785,27.351,28.468,5.040
3786,28.418,29.919,2.677
3787,27.982,29.462,2.622
3788,29.348,31.403,2.628
3789,28.337,28.853,3.220
3790,27.046,29.435,2.704
3791,31.192,30.333,2.662
3792,28.608,30.434,2.835
3793,29.453,30.233,2.663
3794,30.146,30.731,2.646
3795,30.438,31.884,2.705
3796,30.124,32.469,2.640
3797,29.210,31.518,2.613
3798,29.139,31.441,2.682
3799,29.940,32.623,2.672
3800,30.062,31.734,2.538
3801,29.970,31.767,2.858
3802,28.831,32.228,2.714
3803,29.396,32.119,2.578
3804,29.082,32.561,2.718
3805,29.630,32.308,2.719
3806,29.726,32.740,2.557
3807,28.508,32.337,2.750
3808,29.453,31.846,2.633
3809,28.340,31.878,2.681
3810,28.586,32.145,2.699
3811,29.324,32.073,2.699
3812,29.112,31.387,2.711
3813,28.501,30.774,2.699
3814,28.062,31.435,2.720
3815,28.299,30.870,2.574
3816,28.174,30.277,2.724
3817,28.686,30.439,2.705
3818,29.227,31.086,2.828
3819,29.421,31.319,3.153
3820,28.952,30.428,2.692
3821,29.004,31.068,2.736
3822,28.424,30.819,2.664
3823,28.201,31.172,2.810
3824,28.525,30.550,2.657
3825,27.864,30.170,2.777
3826,28.172,30.825,2.845
3827,28.474,30.854,2.692
3828,29.340,31.738,2.612
3829,28.847,30.737,2.658
3830,29.310,31.399,2.779
3831,29.276,31.243,2.582
3832,28.628,29.998,2.830
3833,28.630,30.005,2.606
3834,28.291,31.170,2.743
3835,29.548,31.371,2.711
3836,29.329,31.272,2.860
3837,28.518,29.822,2.772
3838,29.795,31.829,2.702
3839,29.716,30.600,2.721
3840,29.233,30.756,2.740
3841,29.917,30.280,2.682
3842,30.526,30.505,2.795
3843,31.135,31.553,2.774
3844,31.138,30.948,2.841
3845,28.578,30.527,2.737
3846,31.011,29.969,2.700
3847,28.957,30.875,2.687
3848,28.643,30.943,2.676
3849,28.767,29.174,2.764
3850,28.376,30.530,2.755
3851,28.893,31.021,2.570
3852,28.758,31.139,2.681
3853,28.834,30.689,2.640
3854,28.903,31.521,2.853
3855,30.261,31.006,2.842
3856,28.359,30.196,2.749
3857,28.663,30.066,2.648
3858,28.386,29.892,2.766
3859,27.750,30.151,2.743
3860,27.487,30.154,2.892
3861,28.293,30.818,2.619
3862,27.955,31.017,2.833
3863,27.688,30.203,2.712
3864,28.125,31.111,2.783
3865,27.125,30.735,2.714
3866,27.350,29.921,2.622
3867,27.671,30.592,2.859
3868,28.245,30.405,2.633
3869,28.641,31.181,2.822
3870,28.776,31.314,4.202
3871,28.263,30.649,2.709
3872,29.535,31.504,2.667
3873,28.655,31.434,2.702
3874,29.469,31.403,2.602
3875,29.084,30.993,2.602
3876,29.958,32.351,2.664
3877,28.480,30.921,2.600
3878,29.533,32.040,2.732
3879,29.980,32.273,2.887
3880,29.291,31.062,2.598
3881,29.086,31.816,2.660
3882,29.293,31.707,2.604
3883,28.824,32.158,2.965
3884,29.553,32.116,4.456
3885,30.119,32.293,4.583
3886,29.764,33.129,6.954
3887,29.252,32.216,5.827
3888,30.244,31.949,7.008
3889,31.020,31.893,5.384
3890,30.462,31.238,4.821
3891,29.713,30.907,5.901
3892,31.492,32.326,6.492
3893,31.771,32.083,6.176
3894,29.441,32.675,6.942
3895,28.787,32.664,6.642
3896,28.110,31.674,6.983
3897,28.744,32.364,5.833
3898,28.204,31.902,6.218
3899,28.869,32.557,7.674
3900,26.991,31.321,7.025
3901,28.203,31.989,6.621
3902,28.001,30.873,6.319
3903,27.698,30.567,6.606
3904,27.417,31.608,8.456
3905,28.214,31.243,7.573
3906,26.814,29.904,6.753
3907,28.795,30.407,7.925
3908,28.690,30.217,7.514
3909,28.474,30.506,6.737
3910,27.938,31.320,7.463
3911,29.723,31.704,8.503
3912,27.590,30.309,6.851
3913,27.557,30.592,6.720
3914,26.781,30.469,7.075
3915,26.651,30.103,7.755
3916,27.190,29.367,7.750
3917,27.241,29.729,6.512
3918,27.159,30.337,6.247
3919,27.910,29.997,6.446
3920,27.242,30.762,6.380
3921,27.185,29.918,6.561
3922,27.748,30.737,7.040
3923,28.031,30.040,7.241
3924,28.332,30.473,6.913
3925,29.930,30.874,6.891
3926,30.686,31.491,6.648
3927,30.106,31.234,7.619
3928,29.103,31.432,7.833
3929,30.122,30.504,6.542
3930,30.196,31.770,6.717
3931,29.537,31.054,7.790
3932,30.481,30.986,7.468
3933,29.692,32.004,6.662
3934,29.872,32.894,5.275
3935,28.711,32.069,6.798
3936,29.971,31.179,7.139
3937,28.134,30.754,6.014
3938,27.175,30.391,6.266
3939,27.176,31.309,7.189
3940,27.033,30.331,8.203
3941,28.363,29.822,6.884
3942,27.177,30.571,6.720
3943,27.459,30.383,8.792
3944,28.507,31.151,7.984
3945,27.353,30.802,7.947
3946,29.578,30.963,5.190
3947,27.500,30.064,7.770
3948,28.716,30.563,6.859
3949,27.879,28.782,8.583
3950,30.238,31.524,7.955
3951,30.234,30.716,8.614
3952,29.797,30.780,7.230
3953,30.552,31.189,8.167
3954,30.520,30.630,6.885
3955,30.985,30.431,6.485
3956,30.410,29.999,6.835
3957,31.054,30.716,5.555
3958,30.758,31.028,6.251
3959,31.691,30.437,2.653
3960,31.158,31.083,2.593
3961,33.242,31.843,2.636
3962,32.237,31.099,2.682
3963,32.083,30.468,2.667
3964,31.867,31.146,2.800
3965,30.568,31.243,2.680
3966,30.883,31.430,2.658
3967,31.289,31.580,2.709
3968,31.086,31.337,2.641
3969,31.113,31.404,2.815
3970,32.393,31.810,2.675
3971,29.403,31.001,2.678
3972,30.523,31.864,2.839
3973,31.049,31.932,2.727
3974,30.101,31.166,2.747
3975,29.675,32.109,2.725
3976,29.684,31.183,2.775
3977,29.208,31.504,2.556
3978,29.810,31.043,2.627
3979,29.755,30.535,2.710
3980,28.758,31.878,2.682
3981,28.917,30.313,2.552
3982,31.141,31.391,2.787
3983,29.261,30.924,2.707
3984,28.429,30.341,2.760
3985,27.758,31.065,2.756
3986,28.524,31.321,2.714
3987,28.059,30.425,2.593
3988,26.855,30.836,4.526
3989,28.739,31.795,2.666
3990,29.720,31.202,2.853
3991,29.715,30.927,2.499
3992,29.118,32.034,2.640
3993,28.736,31.224,2.956
3994,29.743,31.060,2.785
3995,29.718,30.846,3.006
3996,29.164,30.130,2.636
3997,29.953,32.080,2.650
3998,29.791,31.645,2.702
3999,31.132,32.186,2.775
4000,31.196,31.760,2.679
4001,32.570,31.648,2.659
4002,29.435,31.104,2.717
4003,29.509,31.329,2.786
4004,31.332,32.378,2.907
4005,29.488,30.934,2.666
4006,29.117,30.520,2.700
4007,29.705,31.186,2.920
4008,29.453,31.308,2.697
4009,28.991,29.990,2.733
4010,28.527,30.403,2.651
4011,29.481,31.255,2.709
4012,29.771,31.356,2.704
4013,29.736,31.246,2.818
4014,30.287,31.265,2.776
4015,30.834,30.692,2.847
4016,31.578,31.648,2.683
4017,30.235,32.222,2.697
4018,30.470,31.738,3.397
4019,30.238,31.231,2.652
4020,29.555,30.500,2.778
4021,30.523,31.114,2.860
4022,29.588,31.842,2.684
4023,30.243,31.620,2.885
4024,29.902,31.335,2.652
4025,28.656,30.837,2.630
4026,29.416,30.991,2.628
4027,29.547,30.984,2.636
4028,29.034,31.037,2.700
4029,29.563,31.299,2.845
4030,28.881,31.073,5.833
4031,28.551,31.475,6.574
4032,30.026,32.405,5.731
4033,26.612,29.235,6.317
4034,29.182,31.249,5.857
4035,28.845,31.240,6.028
4036,27.507,30.215,7.397
4037,27.743,29.839,6.165
4038,30.514,30.162,6.832
4039,28.115,30.481,6.779
4040,28.429,30.356,7.477
4041,27.883,30.492,8.009
4042,27.967,29.991,8.366
4043,28.545,30.447,7.209
4044,32.212,31.736,5.020
4045,32.848,31.774,5.046
4046,31.683,30.840,5.272
4047,29.814,31.346,5.685
4048,29.176,30.939,6.956
4049,28.127,30.822,7.693
4050,27.006,28.645,7.312
4051,27.310,29.586,6.752
4052,28.126,29.555,6.388
4053,28.750,29.425,6.371
4054,28.957,31.535,7.146
4055,28.969,31.668,6.858
4056,27.815,30.968,7.811
4057,28.365,30.411,8.827
4058,29.606,29.541,7.187
4059,28.537,30.629,6.814
4060,29.842,31.403,5.148
4061,29.294,31.631,7.000
4062,28.936,30.799,5.129
4063,28.790,30.110,5.181
4064,28.857,30.607,5.966
4065,29.814,30.241,5.578
4066,28.316,30.569,7.670
4067,29.479,31.676,8.579
4068,27.536,30.500,7.075
4069,27.267,30.507,10.236
4070,28.016,31.439,11.195
4071,27.609,31.225,9.728
4072,28.060,30.506,9.181
4073,29.089,30.345,6.310
4074,27.521,29.707,7.840
4075,27.619,30.235,10.037
4076,27.617,30.331,8.407
4077,28.174,30.216,7.100
4078,27.919,30.450,7.787
4079,29.865,30.292,5.359
4080,27.696,29.582,7.563
4081,28.417,29.537,5.520
4082,29.047,30.840,7.140
4083,28.288,30.111,5.645
4084,29.190,30.125,6.186
4085,29.502,30.021,2.817
4086,28.658,30.253,2.583
4087,29.505,30.487,2.684
4088,31.298,29.908,2.784
4089,28.852,29.725,2.697
4090,29.239,31.479,2.634
4091,29.197,30.524,2.577
4092,29.962,30.115,2.620
4093,28.049,30.172,2.760
4094,27.495,29.542,2.630
4095,28.299,31.248,2.714
4096,28.047,29.654,2.833
4097,29.662,30.633,2.611
4098,28.893,30.426,2.800
4099,27.837,30.386,2.508
4100,30.531,29.890,2.767
4101,31.468,31.418,2.770
4102,28.120,30.684,3.040
4103,29.109,29.876,2.614
4104,28.995,30.407,2.719
4105,28.264,30.205,2.690
4106,28.600,30.884,2.614
4107,28.162,29.986,2.720
4108,29.002,30.959,2.675
4109,31.033,31.481,2.780
4110,30.999,30.413,2.715
4111,28.494,29.588,2.773
4112,28.835,31.221,2.832
4113,27.223,28.922,2.675
4114,29.265,30.352,2.691
4115,28.987,29.404,2.700
4116,28.111,29.982,2.821
4117,28.572,29.267,2.615
4118,28.466,29.441,2.847
4119,27.292,28.846,2.992
4120,27.454,29.431,2.713
4121,27.562,28.025,2.723
4122,28.726,29.403,2.552
4123,28.142,28.902,2.622
4124,28.935,30.212,2.971
4125,29.847,31.407,2.678
4126,30.042,31.771,3.108
4127,28.574,31.095,2.621
4128,29.019,32.111,2.644
4129,29.576,31.504,2.782
4130,29.043,29.635,2.656
4131,30.197,31.072,2.724
4132,29.006,30.794,2.710
4133,29.945,30.782,2.663
4134,29.306,31.675,2.994
4135,30.188,32.232,2.660
4136,29.539,31.823,2.813
4137,29.166,31.439,2.768
4138,28.750,30.773,2.788
4139,29.765,31.199,2.648
4140,29.121,31.127,2.770
4141,29.367,31.581,2.743
4142,29.598,31.198,2.805
4143,30.860,31.372,2.642
4144,31.406,31.115,2.706
4145,29.794,31.625,2.863
4146,29.332,31.110,2.701
4147,27.970,30.548,2.619
4148,27.746,30.345,2.695
4149,27.556,30.225,2.624
4150,28.465,30.692,2.699
4151,28.765,30.860,2.730
4152,29.184,30.317,2.565
4153,28.183,29.890,2.810
4154,28.087,29.867,2.838
4155,28.751,29.631,2.616
4156,28.291,30.293,2.835
4157,28.279,30.381,2.608
4158,28.832,31.455,2.688
4159,28.116,30.069,2.735
4160,29.189,30.372,2.660
4161,28.734,29.885,2.744
4162,28.852,30.114,2.703
4163,28.284,29.968,2.589
4164,28.533,30.207,2.612
4165,29.217,30.045,2.846
4166,28.052,30.039,2.827
4167,28.050,30.082,2.669
4168,28.918,30.401,2.633
4169,28.715,29.738,2.843
4170,29.089,30.933,2.624
4171,27.709,30.063,2.617
4172,28.748,30.600,2.948
4173,29.526,31.906,2.601
4174,29.344,30.043,2.653
4175,28.870,30.698,2.777
4176,28.660,30.356,2.715
4177,28.078,29.427,2.596
4178,27.669,29.037,2.774
4179,27.999,28.234,2.634
4180,29.240,30.329,2.564
4181,29.067,30.715,2.752
4182,27.771,30.182,2.928
4183,28.691,31.206,2.751
4184,28.417,29.286,2.647
4185,28.194,30.997,2.704
4186,29.379,30.650,2.506
4187,29.672,31.298,2.768
4188,29.388,31.535,2.667
4189,29.237,30.611,2.878
4190,29.083,30.967,2.708
4191,28.305,30.906,2.693
4192,28.829,30.021,2.821
4193,29.002,31.393,2.759
4194,29.643,31.492,2.684
4195,28.806,30.643,2.575
4196,29.807,30.395,2.551
4197,29.918,31.145,2.632
4198,29.673,31.041,2.594
4199,30.030,31.681,2.677
4200,29.584,30.764,2.843
4201,28.838,30.891,2.785
4202,29.711,30.311,2.780
4203,29.404,30.514,2.549
4204,29.232,30.017,2.827
4205,28.218,30.635,2.800
4206,29.492,30.196,2.797
4207,29.718,29.960,2.589
4208,28.873,30.609,2.645
4209,28.821,29.238,2.760
4210,29.362,30.375,2.686
4211,29.418,31.119,2.656
4212,28.607,30.173,2.860
4213,28.766,30.641,4.668
4214,28.355,30.266,2.665
4215,29.188,30.827,2.703
4216,29.154,31.313,2.549
4217,30.128,30.285,2.579
4218,30.045,30.903,2.772
4219,29.420,30.961,2.737
4220,28.663,30.657,2.539
4221,29.553,31.911,2.687
4222,28.477,30.732,2.688
4223,28.306,30.969,2.713
4224,28.784,30.904,2.737
4225,29.369,31.797,2.555
4226,28.763,30.688,2.656
4227,28.529,30.877,2.883
4228,28.417,30.821,2.799
4229,28.209,30.797,2.881
4230,28.120,31.646,2.991
4231,30.072,31.826,2.697
4232,30.069,32.462,2.804
4233,28.906,31.713,2.819
4234,29.821,32.413,2.744
4235,31.657,31.890,4.694
4236,29.582,31.352,4.359
4237,29.243,32.397,6.153
4238,28.889,32.178,6.679
4239,28.857,32.297,6.761
4240,27.953,31.440,7.381
4241,27.977,30.392,7.664
4242,28.059,30.453,7.506
4243,29.590,31.740,8.048
4244,29.346,30.759,4.857
4245,29.997,31.902,6.253
4246,28.569,30.513,6.974
4247,26.640,29.872,6.448
4248,26.404,29.541,6.213
4249,26.719,29.856,6.154
4250,27.867,30.781,6.777
4251,27.144,29.973,6.355
4252,28.414,31.050,5.153
4253,28.942,31.583,4.437
4254,29.282,31.376,2.615
4255,28.665,30.927,2.625
4256,29.301,31.938,2.934
4257,29.337,31.434,2.921
4258,30.091,32.387,2.706
4259,29.998,31.554,2.954
4260,30.291,31.166,2.592
4261,30.479,30.846,2.659
4262,30.581,31.301,2.701
4263,30.039,31.080,2.810
4264,31.217,32.145,2.693
4265,30.804,31.879,2.966
4266,29.747,31.112,2.748
4267,30.485,31.275,2.543
4268,30.327,32.363,2.670
4269,29.186,30.987,2.961
4270,29.430,32.107,5.775
4271,28.341,31.670,7.999
4272,27.647,29.924,7.283
4273,28.996,33.150,5.415
4274,29.535,32.189,5.398
4275,30.075,31.677,2.702
4276,29.763,31.592,2.808
4277,28.656,30.042,2.727
4278,28.934,31.294,3.012
4279,28.983,30.045,2.713
4280,28.133,29.788,2.840
4281,29.043,31.625,4.242
4282,29.274,31.088,2.587
4283,28.670,31.522,2.692
4284,29.783,31.770,2.720
4285,28.736,30.365,2.906
4286,28.468,30.464,2.902
4287,28.588,31.244,2.669
4288,28.360,30.427,2.779
4289,29.085,30.885,2.643
4290,29.189,30.041,2.805
4291,29.233,30.619,2.687
4292,29.358,31.565,2.664
4293,29.356,31.143,2.872
4294,29.090,30.491,2.701
4295,28.992,30.701,2.776
4296,29.015,30.814,2.849
4297,29.457,31.416,2.732
4298,29.518,31.906,2.833
4299,28.823,32.089,2.789
4300,28.927,30.266,2.711
4301,28.524,31.412,2.666
4302,28.417,29.932,2.849
4303,28.395,30.228,2.731
4304,28.456,30.910,2.705
4305,28.216,30.343,2.735
4306,28.763,30.683,2.771
4307,28.770,30.450,2.577
4308,28.820,29.859,2.723
4309,29.558,30.140,2.653
4310,28.436,29.207,2.600
4311,28.737,30.331,2.835
4312,29.209,30.658,3.067
4313,28.657,31.151,2.769
4314,28.456,29.486,2.623
4315,29.185,30.479,2.929
4316,29.527,30.798,2.888
4317,29.937,31.942,2.601
4318,29.594,31.691,2.632
4319,30.112,31.346,2.649
4320,30.087,31.321,2.561
4321,28.806,33.100,2.689
4322,29.407,32.053,2.820
4323,30.366,32.797,2.637
4324,29.591,31.438,2.658
4325,29.772,31.673,2.833
4326,30.583,32.211,2.652
4327,29.354,31.701,2.889
4328,28.550,30.487,2.854
4329,29.148,31.899,2.673
4330,29.485,32.032,2.730
4331,29.834,31.122,2.583
4332,29.369,31.879,2.730
4333,29.353,30.868,2.862
4334,29.600,32.022,2.741
4335,28.960,31.920,2.618
4336,27.346,30.939,2.552
4337,29.240,31.915,2.683
4338,27.732,30.629,2.696
4339,28.491,31.719,2.704
4340,27.902,30.017,2.602
4341,29.944,32.426,2.795
4342,28.424,31.016,3.987
4343,28.768,31.510,4.594
4344,28.946,31.733,4.690
4345,27.696,30.352,4.672
4346,28.151,29.970,2.730
4347,29.160,31.134,2.748
4348,29.324,30.255,2.633
4349,29.401,30.513,2.954
4350,29.590,30.468,2.719
4351,30.198,30.688,2.862
4352,29.293,30.868,2.708
4353,30.538,31.611,2.713
4354,30.643,30.806,2.582
4355,29.763,30.418,2.748
4356,29.896,30.582,2.611
4357,29.874,30.858,2.785
4358,29.458,30.758,2.808
4359,28.830,30.974,2.712
4360,29.422,30.627,2.715
4361,29.587,31.445,2.715
4362,28.686,30.964,2.657
4363,29.690,30.900,2.740
4364,29.571,30.183,2.667
4365,30.092,31.093,2.652
4366,29.909,30.737,2.781
4367,29.904,30.848,2.670
4368,29.582,31.694,2.738
4369,28.682,31.015,2.581
4370,29.615,31.986,2.810
4371,29.056,31.286,2.635
4372,29.577,31.460,2.666
4373,28.617,31.116,2.723
4374,29.331,31.280,4.730
4375,29.312,30.393,3.037
4376,29.512,31.764,4.754
4377,29.166,32.125,6.107
4378,28.787,30.908,5.531
4379,29.046,31.401,6.629
4380,29.277,31.976,7.065
4381,29.676,30.944,4.198
4382,28.012,30.637,5.955
4383,29.208,31.116,6.266
4384,30.149,31.474,5.257
4385,28.645,30.985,5.436
4386,28.382,30.913,6.411
4387,29.381,32.398,7.494
4388,29.083,31.941,7.417
4389,28.608,31.338,7.211
4390,27.735,32.530,8.427
4391,28.313,30.833,6.068
4392,27.117,30.685,6.887
4393,26.955,30.152,5.921
4394,27.506,30.232,6.985
4395,27.318,31.626,6.575
4396,26.479,29.576,5.776
4397,27.018,30.030,6.461
4398,27.538,29.241,6.251
4399,27.097,29.716,6.938
4400,28.537,30.868,6.028
4401,28.377,31.019,7.948
4402,28.815,29.809,6.894
4403,26.685,30.618,7.488
4404,27.005,30.229,7.385
4405,27.078,30.682,6.713
4406,27.940,31.436,8.458
4407,28.109,30.912,6.938
4408,28.557,31.373,6.912
4409,28.242,31.572,7.140
4410,27.645,31.354,7.157
4411,27.557,30.634,6.732
4412,28.550,32.628,7.149
4413,28.301,32.776,6.801
4414,29.061,32.356,6.652
4415,28.583,32.643,7.440
4416,29.637,32.173,6.156
4417,29.769,32.066,5.424
4418,27.983,30.560,6.122
4419,27.339,30.649,7.318
4420,28.489,31.667,6.618
4421,28.892,32.565,6.564
4422,28.624,32.647,6.346
4423,28.628,31.169,5.572
4424,27.798,32.130,7.068
4425,29.152,31.330,4.957
4426,28.790,31.309,6.028
4427,28.868,30.702,4.660
4428,29.569,31.888,6.055
4429,29.105,31.089,5.842
4430,29.085,31.627,4.880
4431,28.218,30.117,5.716
4432,28.358,29.828,5.337
4433,28.428,30.831,5.507
4434,28.716,30.188,6.500
4435,28.469,30.798,5.623
4436,27.770,29.746,6.697
4437,28.562,30.689,6.483
4438,29.316,31.284,5.757
4439,28.378,30.379,6.029
4440,28.193,30.329,5.332
4441,29.278,30.237,6.002
4442,29.143,32.159,5.470
4443,29.944,32.858,5.830
4444,29.432,33.168,6.233
4445,27.814,32.498,8.780
4446,28.934,31.939,6.265
4447,27.773,31.329,6.945
4448,27.900,30.564,7.491
4449,28.219,31.500,8.761
4450,28.755,32.320,7.301
4451,28.256,31.114,7.111
4452,29.633,33.093,6.606
4453,29.047,32.217,7.522
4454,30.100,32.425,6.493
4455,28.644,31.220,6.572
4456,28.121,32.123,7.992
4457,28.531,31.950,8.774
4458,28.245,31.887,6.175
4459,29.148,31.931,6.212
4460,28.822,32.212,5.690
4461,29.885,34.234,6.763
4462,27.487,31.199,7.747
4463,28.275,32.000,6.778
4464,29.061,31.765,7.535
4465,28.902,32.510,5.268
4466,28.674,32.751,5.954
4467,28.320,32.030,8.068
4468,28.844,32.519,6.366
4469,27.847,32.378,7.076
4470,27.361,31.574,7.239
4471,27.360,31.960,6.935
4472,26.935,31.767,6.894
4473,29.758,31.135,5.625
4474,28.839,32.253,5.361
4475,28.163,31.534,5.337
4476,28.428,31.919,5.526
4477,27.576,31.281,4.578
4478,28.106,31.966,5.467
4479,28.388,31.825,4.995
4480,28.001,31.415,6.535
4481,27.501,31.615,7.764
4482,29.909,32.605,5.084
4483,28.552,31.661,5.370
4484,28.809,31.866,5.495
4485,27.872,30.662,6.062
4486,30.207,32.316,5.412
4487,29.556,32.381,4.946
4488,28.536,31.099,5.275
4489,29.311,31.674,5.671
4490,28.344,30.334,4.988
4491,28.685,31.683,4.910
4492,28.993,31.984,5.333
4493,29.480,31.939,4.683
4494,29.430,31.561,5.334
4495,29.059,31.082,4.955
4496,29.583,31.033,4.960
4497,29.156,31.673,4.615
4498,29.083,31.219,4.831
4499,29.011,30.999,4.622
4500,30.053,32.123,4.365
4501,29.610,31.899,4.353
4502,29.029,32.876,4.573
4503,29.909,33.116,5.513
4504,29.022,30.898,4.900
4505,29.620,31.908,4.679
4506,29.743,32.510,5.986
4507,29.731,32.401,6.012
4508,28.388,31.594,5.510
4509,29.193,32.274,7.455
4510,29.591,32.350,5.980
4511,30.627,31.868,5.230
4512,29.142,31.738,4.572
4513,28.707,30.486,4.776
4514,28.670,30.061,4.758
4515,28.882,31.239,6.131
4516,29.097,30.117,5.988
4517,28.475,29.761,5.107
4518,29.124,30.849,4.879
4519,29.940,32.274,5.583
4520,28.868,30.485,5.289
4521,29.121,31.266,4.878
4522,29.165,31.832,5.389
4523,28.264,31.358,5.102
4524,28.468,31.523,5.587
4525,28.138,31.459,4.713
4526,29.178,32.075,4.791
4527,29.092,31.109,5.014
4528,28.075,31.199,5.726
4529,28.408,31.387,6.636
4530,27.984,31.142,6.124
4531,28.268,30.986,8.081
4532,29.820,32.113,6.368
4533,29.253,31.790,6.567
4534,29.446,32.214,5.769
4535,29.472,32.014,5.284
4536,29.995,31.938,4.635
4537,29.665,32.007,4.799
4538,30.232,32.054,4.832
4539,29.050,32.023,6.538
4540,28.949,31.513,6.269
4541,29.585,31.545,4.763
4542,29.088,31.138,4.919
4543,28.185,30.580,5.020
4544,29.200,31.839,5.905
4545,28.854,31.405,5.006
4546,28.786,31.460,6.092
4547,28.867,31.077,4.242
4548,28.890,31.206,6.030
4549,28.610,31.485,5.260
4550,28.493,30.441,6.334
4551,28.830,30.333,5.455
4552,29.264,31.333,5.649
4553,28.729,29.868,5.344
4554,29.540,29.840,7.391
4555,29.595,31.004,7.222
4556,29.762,31.058,7.896
4557,29.922,30.947,4.731
4558,28.994,30.824,5.581
4559,28.323,30.868,5.859
4560,28.957,30.892,6.203
4561,28.850,31.608,7.163
4562,28.590,30.725,6.280
4563,29.220,31.024,6.602
4564,28.624,30.745,7.497
4565,28.838,30.868,6.618
4566,29.091,30.971,5.887
4567,29.070,29.328,5.942
4568,27.681,30.410,6.076
4569,29.012,31.819,7.164
4570,28.043,29.995,6.471
4571,29.383,30.787,5.680
4572,29.329,30.689,4.806
4573,30.448,31.350,4.988
4574,28.542,31.049,5.400
4575,29.635,30.810,5.028
4576,29.270,31.443,7.857
4577,29.201,31.802,5.598
4578,27.393,29.843,6.592
4579,29.610,32.326,4.941
4580,28.816,30.803,4.898
4581,29.202,29.958,5.201
4582,27.765,29.352,4.848
4583,29.944,29.773,4.537
4584,28.653,30.243,2.816
4585,29.403,29.898,2.599
4586,29.539,30.740,2.894
4587,30.780,29.661,2.651
4588,29.782,31.143,2.838
4589,30.732,30.514,2.584
4590,29.187,30.027,2.546
4591,30.314,30.467,2.617
4592,30.040,30.760,2.716
4593,29.654,30.689,2.653
4594,30.162,30.822,2.749
4595,29.640,30.414,2.635
4596,29.611,29.969,2.732
4597,30.388,31.565,2.981
4598,30.271,30.326,2.725
4599,28.861,30.642,2.706
4600,28.699,29.734,2.573
4601,29.786,30.692,2.723
4602,29.206,29.943,2.556
4603,29.764,30.527,2.652
4604,28.508,29.959,2.696
4605,29.910,30.121,2.658
4606,30.371,29.379,2.726
4607,28.344,30.261,2.903
4608,28.723,29.864,2.695
4609,29.412,30.086,2.615
4610,28.694,29.179,2.680
4611,28.954,29.956,2.776
4612,31.281,30.992,2.581
4613,30.949,31.386,2.607
4614,30.875,31.445,2.578
4615,30.667,31.331,2.602
4616,30.824,31.924,2.648
4617,29.599,31.512,2.594
4618,29.988,32.332,2.666
4619,29.912,31.146,2.699
4620,29.328,31.161,2.628
4621,32.760,30.976,2.705
4622,31.868,31.227,2.667
4623,28.849,30.359,2.780
4624,29.366,30.567,2.666
4625,29.984,32.231,2.781
4626,29.635,31.381,2.740
4627,30.829,31.359,2.695
4628,30.536,31.016,2.651
4629,29.905,30.410,2.581
4630,28.996,31.035,2.521
4631,30.128,30.876,2.591
4632,29.544,30.719,2.689
4633,29.712,31.255,2.687
4634,30.264,31.578,2.905
4635,29.795,30.819,2.542
4636,30.244,30.835,2.615
4637,30.234,31.123,2.635
4638,29.476,32.051,2.597
4639,29.661,31.910,2.767
4640,29.897,30.910,2.806
4641,29.945,31.382,2.651
4642,29.927,31.107,2.599
4643,29.971,32.468,2.665
4644,30.673,31.909,2.793
4645,29.869,31.072,2.594
4646,28.616,31.289,2.675
4647,28.979,32.111,2.682
4648,28.936,29.870,2.639
4649,29.546,31.057,2.685
4650,29.614,30.799,2.724
4651,29.244,31.742,2.802
4652,28.633,30.940,2.787
4653,28.649,30.747,2.614
4654,28.765,30.759,2.625
4655,29.660,30.635,2.610
4656,28.665,31.464,2.902
4657,29.511,30.414,2.788
4658,29.902,31.423,2.692
4659,30.808,31.663,2.664
4660,30.849,31.816,2.626
4661,30.063,30.835,2.765
4662,29.389,31.212,2.912
4663,29.996,29.283,2.635
4664,30.023,30.789,2.741
4665,30.358,30.822,2.819
4666,30.355,31.040,2.639
4667,29.081,31.372,5.789
4668,29.746,31.578,4.505
4669,28.962,32.004,6.572
4670,29.612,31.837,6.490
4671,29.600,32.071,6.310
4672,29.328,32.911,7.012
4673,29.500,32.761,7.250
4674,29.915,32.033,5.649
4675,29.076,31.353,6.695
4676,29.365,32.791,5.855
4677,29.778,31.419,5.173
4678,29.595,33.121,8.546
4679,29.756,32.006,6.397
4680,29.213,31.536,7.120
4681,29.246,32.597,5.291
4682,29.429,32.420,7.052
4683,29.850,33.002,5.495
4684,29.795,31.791,5.086
4685,30.033,32.079,5.084
4686,28.563,31.608,5.585
4687,28.838,30.651,6.283
4688,29.319,32.411,4.526
4689,28.855,31.833,4.978
4690,28.554,31.648,5.901
4691,28.824,32.605,5.360
4692,27.717,31.279,5.128
4693,28.180,30.019,4.442
4694,28.065,31.440,6.210
4695,27.980,30.082,4.559
4696,28.201,30.167,5.462
4697,29.157,31.806,5.847
4698,28.000,30.736,6.820
4699,28.003,32.114,7.778
4700,28.222,30.798,5.057
4701,27.738,30.059,5.593
4702,28.296,30.414,7.141
4703,27.683,30.452,6.769
4704,26.978,29.425,7.229
4705,27.745,30.352,7.090
4706,28.183,30.755,5.302
4707,29.434,31.353,5.340
4708,29.624,31.513,6.190
4709,28.509,30.866,6.515
4710,28.327,30.193,5.881
4711,29.428,30.214,5.028
4712,29.241,30.228,5.332
4713,28.394,31.041,5.477
4714,28.853,32.158,6.172
4715,28.617,31.666,5.144
4716,28.569,31.295,5.348
4717,28.698,31.416,5.180
4718,28.822,31.709,5.385
4719,29.046,30.534,5.327
4720,28.929,30.911,5.430
4721,30.729,31.634,5.798
4722,30.112,31.377,6.276
4723,30.669,31.072,6.520
4724,31.081,30.546,4.699
4725,31.253,30.673,4.945
4726,30.653,31.378,4.988
4727,31.102,31.622,4.321
4728,30.537,30.998,5.694
4729,27.794,31.200,5.814
4730,28.079,31.015,6.617
4731,27.339,30.755,6.173
4732,28.115,31.758,7.439
4733,27.296,31.600,7.694
4734,28.444,31.854,6.453
4735,28.977,32.793,5.788
4736,28.238,31.599,5.007
4737,29.291,31.951,5.390
4738,29.594,32.465,5.478
4739,29.403,32.240,5.219
4740,27.161,31.755,7.630
4741,29.110,32.206,5.403
4742,28.761,31.633,6.251
4743,28.479,32.125,4.769
4744,29.628,31.205,5.487
4745,29.286,30.925,5.176
4746,28.485,31.401,4.875
4747,28.983,30.080,4.637
4748,28.966,31.554,5.444
4749,28.574,30.418,5.456
4750,28.887,31.474,4.767
4751,27.216,31.000,7.371
4752,28.012,30.661,7.036
4753,28.820,31.924,4.579
4754,29.817,30.985,5.237
4755,29.523,31.518,5.797
4756,29.254,31.566,5.422
4757,31.378,32.124,5.175
4758,30.907,31.786,4.748
4759,30.764,31.878,5.417
4760,31.342,31.877,4.205
4761,30.272,31.939,5.303
4762,26.696,30.644,8.035
4763,28.137,30.578,6.870
4764,27.496,29.996,7.116
4765,26.241,30.391,9.195
4766,27.336,30.603,7.806
4767,27.001,29.972,8.577
4768,27.750,32.027,7.799
4769,26.537,30.192,8.082
4770,26.685,29.863,6.767
4771,25.787,29.084,7.299
4772,26.465,29.854,6.861
4773,26.449,30.336,7.956
4774,25.982,30.392,8.870
4775,26.129,30.300,8.847
4776,26.174,30.507,8.145
4777,25.775,29.290,8.404
4778,25.627,29.661,7.196
4779,26.935,29.623,7.289
4780,27.148,30.223,7.630
4781,26.831,30.644,8.086
4782,27.143,31.232,9.374
4783,27.670,31.372,8.458
4784,27.039,30.911,7.736
4785,28.771,32.012,7.060
4786,28.366,31.042,7.076
4787,26.957,30.098,6.264
4788,27.601,29.834,7.028
4789,27.789,30.827,6.633
4790,29.387,30.833,6.154
4791,29.006,31.048,5.242
4792,28.954,31.247,5.362
4793,29.446,31.598,4.968
4794,29.162,31.680,5.206
4795,28.763,30.854,5.464
4796,29.923,32.322,5.524
4797,28.593,31.799,6.199
4798,29.639,31.406,5.542
4799,29.420,31.437,5.910
4800,27.880,30.756,5.468
4801,27.446,30.226,5.365
4802,27.860,34.211,6.571
4803,29.821,33.406,5.680
4804,30.072,33.354,4.529
4805,30.430,32.455,4.926
4806,30.153,33.237,6.733
4807,31.405,32.495,5.714
4808,30.697,32.769,4.595
4809,30.146,32.556,4.746
4810,31.083,31.573,5.808
4811,27.822,31.434,5.560
4812,27.507,34.074,6.452
4813,28.729,32.822,6.895
4814,29.408,33.095,7.109
4815,30.401,33.637,6.035
4816,31.260,33.391,5.234
4817,30.363,32.554,5.347
4818,29.970,33.662,4.900
4819,28.790,33.335,4.952
4820,29.667,33.343,4.981
4821,29.893,33.046,5.924
4822,28.752,33.261,5.461
4823,28.171,33.343,4.936
4824,28.620,32.388,4.767
4825,29.363,31.984,2.828
4826,28.292,32.128,2.647
4827,29.265,32.762,2.634
4828,29.638,31.148,2.584
4829,28.920,32.582,2.706
4830,28.572,32.081,5.286
4831,29.275,33.735,7.009
4832,28.780,32.139,5.405
4833,29.061,32.234,4.550
4834,27.547,33.072,7.227
4835,28.946,33.082,4.837
4836,27.683,33.149,6.933
4837,29.620,32.892,4.867
4838,27.424,32.102,5.264
4839,27.248,32.206,5.943
4840,28.716,32.905,5.239
4841,27.536,32.273,7.017
4842,28.661,33.243,7.239
4843,29.154,33.458,5.218
4844,29.275,33.583,4.644
4845,28.137,34.031,5.234
4846,27.807,34.938,4.657
4847,29.491,33.723,5.260
4848,29.559,35.157,4.821
4849,28.965,32.992,4.808
4850,28.247,33.584,5.002
4851,29.076,34.026,6.788
4852,29.869,34.656,4.375
4853,27.605,33.443,6.748
4854,28.027,32.112,5.603
4855,27.649,33.470,5.675
4856,29.280,34.143,5.522
4857,30.362,34.582,4.864
4858,29.598,33.023,5.006
4859,31.263,33.235,5.876
4860,30.490,33.386,4.614
4861,28.890,34.186,4.932
4862,29.015,33.915,4.286
4863,29.010,33.575,4.562
4864,29.025,32.822,5.728
4865,28.796,34.529,4.949
4866,29.158,34.185,5.374
4867,28.466,33.233,5.004
4868,28.955,35.580,4.794
4869,28.994,33.715,5.453
4870,29.730,33.881,5.270
4871,28.991,33.477,5.518
4872,28.459,31.267,5.600
4873,28.917,32.403,5.721
4874,27.878,32.039,5.373
4875,28.166,32.211,6.396
4876,29.233,31.766,5.621
4877,28.958,31.147,5.028
4878,28.797,31.205,5.300
4879,28.512,31.807,5.186
4880,27.017,31.182,7.795
4881,28.248,32.423,5.349
4882,29.014,31.976,5.416
4883,28.492,31.534,5.266
4884,28.036,31.809,5.487
4885,28.272,32.356,5.020
4886,27.910,31.114,6.791
4887,27.026,30.723,6.891
4888,28.082,31.231,7.424
4889,28.030,30.974,4.569
4890,28.785,32.174,5.005
4891,28.885,31.957,4.864
4892,28.538,31.653,4.731
4893,26.439,31.393,7.824
4894,29.031,32.086,5.004
4895,27.987,31.572,4.481
4896,28.364,31.082,4.087
4897,28.658,31.849,4.308
4898,29.104,31.859,5.176
4899,28.015,30.704,5.056
4900,29.788,33.030,5.168
4901,29.709,32.552,4.432
4902,29.498,31.306,4.533
4903,29.850,32.298,4.245
4904,29.085,32.058,4.514
4905,30.572,32.032,4.661
4906,29.958,33.140,4.939
4907,28.604,32.374,5.581
4908,28.740,32.704,5.285
4909,27.972,31.720,5.355
4910,26.536,29.920,8.114
4911,28.488,31.407,5.576
4912,27.364,30.751,6.430
4913,28.123,30.803,5.143
4914,28.352,30.984,5.952
4915,28.583,33.169,5.257
4916,29.146,32.539,6.513
4917,29.629,33.317,6.319
4918,30.637,33.501,6.082
4919,29.039,32.197,8.125
4920,31.094,33.293,6.689
4921,29.933,33.408,6.563
4922,27.731,32.531,7.042
4923,28.240,31.903,7.053
4924,29.631,32.128,4.947
4925,28.274,32.353,6.886
4926,27.949,32.251,7.274
4927,27.156,31.947,7.140
4928,27.573,31.805,7.161
4929,25.655,30.195,7.812
4930,28.363,30.285,5.232
4931,27.803,28.938,5.067
4932,28.500,31.545,5.634
4933,27.482,30.887,5.185
4934,28.842,32.624,4.998
4935,29.460,32.296,5.997
4936,29.227,31.347,5.270
4937,28.471,30.632,5.519
4938,28.313,30.083,5.729
4939,27.789,30.655,5.308
4940,28.512,30.958,5.529
4941,28.233,31.401,5.281
4942,27.872,30.266,6.675
4943,26.785,29.839,7.258
4944,27.792,30.997,5.865
4945,29.262,33.098,5.915
4946,29.311,32.546,7.260
4947,28.735,31.777,5.548
4948,28.569,31.640,5.263
4949,30.392,32.301,5.203
4950,29.766,32.969,4.783
4951,27.127,31.933,7.467
4952,29.031,31.049,6.275
4953,28.064,31.322,5.452
4954,29.209,32.955,5.301
4955,28.096,32.346,4.427
4956,30.050,32.297,4.145
4957,30.339,31.178,4.985
4958,28.715,30.411,5.657
4959,28.780,30.999,5.533
4960,27.577,31.889,5.038
4961,29.355,31.557,5.392
4962,28.519,30.499,4.790
4963,28.884,30.703,4.949
4964,30.256,31.714,5.219
4965,29.035,31.491,5.109
4966,29.668,31.241,5.326
4967,28.617,31.186,5.079
4968,29.787,32.583,4.850
4969,28.968,31.931,5.187
4970,29.414,31.678,5.379
4971,28.532,30.797,6.896
4972,31.055,30.799,5.784
4973,32.313,31.400,5.800
4974,31.781,31.644,5.407
4975,31.028,31.349,4.541
4976,31.737,31.528,4.794
4977,32.059,31.385,5.098
4978,29.920,30.950,7.415
4979,30.920,31.107,6.368
4980,27.950,31.163,6.752
4981,28.933,31.384,4.361
4982,28.787,30.273,6.039
4983,28.092,31.028,5.863
4984,29.309,32.455,4.847
4985,28.719,30.630,6.307
4986,29.515,31.801,4.955
4987,29.755,32.418,5.625
4988,28.899,32.243,5.699
4989,28.591,30.673,5.613
4990,28.530,30.767,5.880
4991,29.319,32.189,6.048
4992,29.448,31.139,4.708
4993,28.339,31.199,6.852
4994,29.843,30.949,5.203
4995,29.521,31.153,6.895
4996,26.336,30.355,7.704
4997,26.778,30.095,7.893
4998,26.451,29.573,7.679
4999,28.243,30.251,8.029
5000,29.177,29.754,7.586
5001,28.698,29.666,8.303
5002,28.572,29.403,7.834
5003,29.666,30.439,7.966
5004,30.432,29.958,7.173
5005,29.233,30.813,7.901
5006,29.498,31.259,7.799
5007,26.980,30.193,7.565
5008,26.339,29.042,6.849
5009,27.199,30.050,7.755
5010,27.398,31.824,8.421
5011,27.617,32.463,7.661
5012,26.590,32.806,7.934
5013,26.339,31.738,7.549
5014,26.373,32.451,7.919
5015,27.405,33.477,7.838
5016,27.081,33.025,7.786
5017,27.153,32.728,6.912
5018,27.297,32.446,7.089
5019,28.324,34.010,5.925
5020,28.682,33.606,6.614
5021,27.161,32.606,5.561
5022,28.124,33.200,6.515
5023,28.063,33.368,6.319
5024,28.314,33.313,5.458
5025,29.276,33.378,6.543
5026,27.544,32.463,7.562
5027,26.815,32.465,8.504
5028,26.919,31.719,7.853
5029,26.249,32.654,8.413
5030,26.789,33.120,8.490
5031,25.849,31.281,7.542
5032,26.468,32.101,6.932
5033,27.446,34.163,5.622
5034,27.569,33.632,5.861
5035,28.897,33.851,5.960
5036,29.119,33.920,5.082
5037,29.175,34.107,5.270
5038,29.562,35.076,5.711
5039,29.145,33.643,4.889
5040,29.145,34.389,5.251
5041,29.126,34.110,5.260
5042,30.019,34.673,5.501
5043,29.252,35.060,4.883
5044,29.052,34.607,5.053
5045,29.341,35.483,4.973
5046,29.474,34.718,5.083
5047,29.208,34.189,5.111
5048,28.572,33.672,5.414
5049,29.490,34.324,5.111
5050,29.006,33.979,5.345
5051,28.429,34.761,5.313
5052,29.338,34.627,5.354
5053,30.177,35.397,5.334
5054,28.652,35.149,5.186
5055,28.255,34.422,5.240
5056,28.099,32.873,5.341
5057,29.173,33.928,5.447
5058,29.232,34.558,6.564
5059,28.534,33.687,5.553
5060,27.315,33.597,6.895
5061,26.376,34.952,8.039
5062,29.219,34.482,5.170
5063,27.826,33.189,7.513
5064,29.910,33.944,5.616
5065,28.808,34.897,6.664
5066,29.082,34.743,5.157
5067,28.822,33.676,5.096
5068,30.345,34.634,4.370
5069,29.270,34.132,5.526
5070,28.687,34.646,6.292
5071,29.783,35.376,4.794
5072,29.739,36.207,5.303
5073,28.632,34.882,5.265
5074,29.300,33.828,5.154
5075,28.508,35.052,5.483
5076,29.005,34.927,5.277
5077,28.963,34.424,5.080
5078,28.178,33.364,5.219
5079,27.592,33.471,5.484
5080,28.330,34.927,5.252
5081,29.471,35.051,5.256
5082,28.193,33.916,5.204
5083,29.252,35.374,5.414
5084,29.304,33.321,5.149
5085,28.833,33.624,5.543
5086,28.179,32.612,5.320
5087,29.697,33.557,5.312
5088,28.948,31.814,5.167
5089,29.648,33.954,4.976
5090,30.125,33.775,4.984
5091,30.886,33.668,5.149
5092,30.298,32.867,6.212
5093,31.681,34.009,6.216
5094,31.471,33.681,5.580
5095,29.543,34.519,6.793
5096,28.541,32.629,6.231
5097,28.753,33.686,5.901
5098,28.038,34.455,6.286
5099,27.593,33.689,6.387
5100,28.781,33.652,5.212
5101,28.221,33.861,5.070
5102,29.160,34.581,5.082
5103,28.790,33.902,4.524
5104,28.174,34.565,6.145
5105,28.748,34.674,4.633
5106,28.203,33.482,5.115
5107,28.134,33.057,4.865
5108,28.954,34.927,5.097
5109,28.406,33.977,5.709
5110,27.144,32.793,5.076
5111,29.023,33.797,5.082
5112,28.014,33.375,7.063
5113,29.397,34.599,4.737
5114,29.404,33.960,5.784
5115,28.854,35.216,5.176
5116,29.039,35.170,4.768
5117,29.353,34.959,4.894
5118,28.219,34.107,5.093
5119,28.919,33.893,4.871
5120,28.423,32.709,4.771
5121,28.872,33.126,6.123
5122,29.772,34.050,4.729
5123,30.333,34.193,4.685
5124,28.411,34.014,5.805
5125,29.827,32.977,4.898
5126,29.149,33.736,6.023
5127,28.675,32.482,5.544
5128,28.325,33.108,5.124
5129,27.664,32.695,6.462
5130,27.510,32.110,6.195
5131,27.005,32.892,5.795
5132,28.420,32.572,4.511
5133,29.190,34.299,5.167
5134,28.614,33.328,5.081
5135,28.199,32.873,5.409
5136,28.575,33.332,4.682
5137,28.788,32.931,4.684
5138,28.050,33.005,2.870
5139,29.664,32.931,2.533
5140,29.445,33.796,2.527
5141,29.365,33.633,2.718
5142,29.056,32.300,2.632
5143,29.010,32.394,2.821
5144,28.856,31.926,2.560
5145,28.910,31.790,2.702
5146,28.957,30.123,2.679
5147,28.760,30.686,2.605
5148,28.859,30.499,2.740
5149,29.284,30.505,2.707
5150,29.733,31.469,2.783
5151,28.611,30.378,2.705
5152,28.920,29.974,2.605
5153,28.913,30.984,3.013
5154,29.386,30.309,2.893
5155,29.155,30.215,2.617
5156,28.723,30.683,2.866
5157,28.813,30.881,2.890
5158,29.126,30.210,2.713
5159,29.342,30.711,2.655
5160,29.349,31.013,2.610
5161,29.495,30.508,2.599
5162,29.808,30.917,2.578
5163,29.238,31.295,2.655
5164,29.586,31.491,2.729
5165,29.471,30.192,2.663
5166,29.652,31.058,2.765
5167,31.657,31.426,2.699
5168,30.932,30.215,2.695
5169,28.967,30.564,2.652
5170,28.532,29.604,2.645
5171,28.900,30.703,2.605
5172,28.663,30.719,2.841
5173,28.810,31.447,2.913
5174,28.299,30.799,2.555
5175,28.544,31.232,2.806
5176,28.976,30.469,2.772
5177,29.512,31.298,2.682
5178,29.854,31.305,2.704
5179,29.774,31.315,2.765
5180,30.635,31.238,2.670
5181,29.511,31.698,2.570
5182,28.740,31.141,2.650
5183,29.397,30.633,2.777
5184,29.397,31.677,3.033
5185,29.092,30.782,2.639
5186,28.412,30.718,2.600
5187,29.773,31.611,2.777
5188,30.049,31.343,3.460
5189,30.137,31.502,2.711
5190,29.961,31.065,2.674
5191,30.011,31.684,2.588
5192,30.371,31.011,2.748
5193,29.945,32.287,2.768
5194,30.176,31.529,2.829
5195,28.934,30.451,2.712
5196,29.428,30.966,2.649
5197,29.149,30.174,2.706
5198,27.952,30.147,2.803
5199,29.357,32.010,4.589
5200,29.125,31.650,5.419
5201,28.922,31.518,5.342
5202,29.866,32.441,4.341
5203,29.207,31.622,3.904
5204,28.825,31.725,5.366
5205,28.547,31.564,5.431
5206,28.187,31.830,5.410
5207,29.350,32.568,5.372
5208,28.606,32.461,5.434
5209,27.211,30.503,5.555
5210,26.963,29.520,4.888
5211,28.428,31.622,5.040
5212,28.125,31.245,4.970
5213,27.443,30.665,5.137
5214,28.262,31.290,5.285
5215,27.684,30.487,4.963
5216,28.939,30.866,4.723
5217,28.967,30.752,7.007
5218,30.527,32.677,5.861
5219,30.700,30.810,6.251
5220,30.315,31.402,5.585
5221,31.142,31.668,4.982
5222,31.159,32.157,6.673
5223,29.681,31.457,7.381
5224,28.788,30.697,7.573
5225,29.685,30.818,4.839
5226,31.177,30.868,5.822
5227,29.692,29.804,6.759
5228,30.029,30.630,8.624
5229,31.878,31.353,5.949
5230,31.129,31.464,6.787
5231,30.539,30.065,6.011
5232,30.251,30.501,5.997
5233,30.268,31.357,7.000
5234,30.002,30.860,5.765
5235,30.623,31.614,5.205
5236,31.497,32.439,5.937
5237,32.256,31.516,5.605
5238,31.111,31.424,6.075
5239,31.025,31.133,6.466
5240,31.821,31.333,5.479
5241,28.650,30.717,5.685
5242,28.331,30.540,4.995
5243,29.270,31.381,5.132
5244,27.702,30.710,7.364
5245,27.549,29.736,6.867
5246,28.340,30.305,6.297
5247,28.334,30.710,5.490
5248,27.759,31.065,7.094
5249,28.856,30.877,5.253
5250,28.864,30.688,4.519
5251,29.380,31.341,4.880
5252,27.757,30.898,6.604
5253,29.358,31.038,4.782
5254,29.196,31.062,5.233
5255,29.300,31.034,5.405
5256,30.917,30.353,6.033
5257,28.100,29.566,5.280
5258,28.850,31.059,5.618
5259,27.775,30.382,7.425
5260,27.926,32.119,7.442
5261,27.320,30.699,7.480
5262,27.389,31.829,6.836
5263,27.125,32.278,8.669
5264,27.638,31.946,6.841
5265,27.536,31.227,7.730
5266,28.326,31.149,6.845
5267,29.034,31.453,6.961
5268,30.610,30.728,7.184
5269,29.457,30.806,8.737
5270,30.573,31.458,6.975
5271,31.534,30.728,5.421
5272,30.342,31.418,6.627
5273,30.873,31.352,5.443
5274,30.344,31.469,8.384
5275,29.837,30.687,7.103
5276,30.451,30.031,6.595
5277,31.225,31.304,4.846
5278,31.038,30.905,4.828
5279,31.043,31.125,6.035
5280,30.592,31.396,7.432
5281,29.035,30.715,7.559
5282,27.508,30.508,8.565
5283,28.161,30.789,7.414
5284,27.481,29.811,7.831
5285,27.740,31.362,8.084
5286,28.550,30.498,5.193
5287,28.513,31.105,6.513
5288,29.280,31.612,5.844
5289,30.280,31.431,5.833
5290,28.675,31.734,6.701
5291,27.460,30.964,7.854
5292,27.083,30.233,7.926
5293,27.540,31.276,7.712
5294,29.741,30.648,7.895
5295,26.729,30.256,8.101
5296,28.113,31.002,7.430
5297,27.790,29.880,7.399
5298,26.842,28.872,7.284
5299,27.728,29.724,6.760
5300,27.407,31.027,7.802
5301,26.952,31.680,7.448
5302,29.901,32.182,5.712
5303,29.292,31.268,5.540
5304,31.875,31.295,5.706
5305,31.425,30.975,5.358
5306,30.765,31.282,5.428
5307,30.435,30.912,5.516
5308,31.411,31.587,5.540
5309,31.136,31.639,5.057
5310,30.933,31.142,5.068
5311,31.154,32.394,5.704
5312,31.305,31.376,6.043
5313,31.356,31.210,5.305
5314,31.499,31.660,5.279
5315,32.113,30.923,5.213
5316,32.003,31.776,5.362
5317,30.460,32.174,5.664
5318,30.414,30.630,5.570
5319,31.223,30.566,5.281
5320,32.049,32.091,5.700
5321,29.715,31.166,6.317
5322,30.184,30.423,7.768
5323,29.171,30.757,7.721
5324,30.508,32.076,7.307
5325,30.120,30.933,7.598
5326,28.607,30.446,7.982
5327,29.023,30.578,6.985
5328,29.722,32.331,7.871
5329,29.313,30.945,7.456
5330,28.785,31.445,7.948
5331,28.872,31.046,7.873
5332,30.363,30.060,7.507
5333,27.194,30.969,7.914
5334,27.805,32.481,7.614
5335,29.144,32.561,6.757
5336,29.666,32.140,5.341
5337,27.787,30.989,7.636
5338,28.624,32.201,8.153
5339,28.744,32.192,7.607
5340,28.378,31.534,5.217
5341,28.107,30.204,5.514
5342,30.900,31.423,6.186
5343,31.619,31.584,6.671
5344,31.236,31.211,7.212
5345,30.917,31.374,5.381
5346,29.365,31.140,5.133
5347,28.543,31.217,5.959
5348,28.900,31.909,5.090
5349,28.873,32.345,6.630
5350,28.530,31.639,6.008
5351,27.935,30.107,5.227
5352,28.858,31.393,5.312
5353,31.171,31.877,5.858
5354,32.383,31.405,4.833
5355,31.652,31.363,5.731
5356,30.911,33.355,5.454
5357,31.564,32.637,4.635
5358,32.629,31.965,5.134
5359,32.666,32.865,5.578
5360,32.592,33.440,5.720
5361,32.415,31.790,5.041
5362,32.255,31.853,5.845
5363,32.300,31.710,5.253
5364,31.551,31.780,4.615
5365,31.368,31.296,5.600
5366,30.964,31.877,5.063
5367,29.634,31.397,5.127
5368,29.333,33.041,6.748
5369,29.020,30.531,4.715
5370,28.295,30.336,6.409
5371,29.126,30.460,6.382
5372,29.547,31.530,5.297
5373,29.620,32.053,5.184
5374,28.557,31.381,5.406
5375,28.839,30.908,5.738
5376,29.346,31.850,5.263
5377,29.974,30.810,4.803
5378,28.789,33.867,5.538
5379,29.740,31.541,5.097
5380,28.212,30.982,5.364
5381,30.044,31.688,5.344
5382,29.122,31.445,5.302
5383,29.067,32.024,6.066
5384,28.668,31.983,5.316
5385,29.481,30.703,5.767
5386,28.025,31.515,7.197
5387,30.025,31.512,5.343
5388,30.181,32.142,5.337
5389,29.404,31.981,5.747
5390,29.529,32.431,7.401
5391,29.542,31.937,6.572
5392,30.448,32.028,5.159
5393,29.131,31.208,5.971
5394,29.424,32.073,6.383
5395,29.447,31.084,7.331
5396,31.082,31.597,7.246
5397,31.733,31.733,5.591
5398,31.976,31.728,5.535
5399,31.843,32.070,5.086
5400,31.709,32.099,5.165
5401,31.213,31.351,5.509
5402,31.931,31.017,5.438
5403,32.093,31.336,5.248
5404,30.663,30.887,6.395
5405,31.110,30.726,8.184
5406,30.622,30.395,6.760
5407,28.599,31.909,6.878
5408,27.148,30.621,7.087
5409,29.025,32.382,5.713
5410,28.667,31.879,2.842
5411,29.946,31.605,2.629
5412,30.302,32.904,2.733
5413,29.490,31.847,2.657
5414,29.632,32.479,2.648
5415,29.654,31.750,2.765
5416,29.347,30.549,2.530
5417,29.115,32.003,2.712
5418,30.244,32.358,2.602
5419,29.148,32.135,2.824
5420,29.805,30.995,2.552
5421,29.499,31.048,2.698
5422,29.612,32.271,2.920
5423,30.050,31.409,3.054
5424,30.553,31.921,2.784
5425,30.278,31.670,3.169
5426,30.829,30.712,2.831
5427,30.412,30.791,2.807
5428,30.334,31.699,2.676
5429,29.987,31.243,2.854
5430,30.189,31.275,2.627
5431,29.569,30.872,2.667
5432,30.081,31.648,2.601
5433,29.955,31.236,2.738
5434,30.089,30.886,2.891
5435,29.598,30.771,2.663
5436,29.659,30.136,2.594
5437,29.495,29.492,2.873
5438,29.247,30.305,2.593
5439,29.081,29.792,2.983
5440,29.729,30.446,2.754
5441,30.286,32.103,2.751
5442,29.696,29.895,2.592
5443,30.297,32.283,2.692
5444,29.472,30.085,2.720
5445,29.941,31.404,4.227
5446,28.838,30.951,5.567
5447,30.074,32.681,5.009
5448,29.588,30.653,5.106
5449,29.149,31.520,4.774
5450,29.408,31.283,4.921
5451,29.867,31.374,5.223
5452,29.505,31.572,5.444
5453,29.447,31.765,5.082
5454,29.948,33.028,5.028
5455,30.193,31.550,4.798
5456,29.720,31.101,5.524
5457,29.871,30.868,5.067
5458,29.630,31.777,5.371
5459,29.393,31.692,7.107
5460,30.441,31.164,4.590
5461,29.807,31.787,4.879
5462,29.570,31.089,4.960
5463,29.923,31.883,4.615
5464,28.798,31.970,4.979
5465,30.010,32.609,5.429
5466,28.361,31.584,6.104
5467,29.675,31.417,5.734
5468,30.056,32.834,5.597
5469,29.086,31.575,5.173
5470,29.545,31.991,6.117
5471,28.601,30.941,5.068
5472,29.672,32.875,5.978
5473,28.890,31.764,7.331
5474,29.106,32.906,6.693
5475,29.791,32.495,5.314
5476,29.208,33.221,6.614
5477,29.948,31.964,6.624
5478,31.530,33.044,7.501
5479,30.526,33.588,6.488
5480,32.114,32.896,6.342
5481,28.955,33.256,6.788
5482,29.171,31.301,6.710
5483,29.816,32.085,6.859
5484,29.035,32.201,4.859
5485,29.078,32.684,4.118
5486,28.759,31.684,5.683
5487,29.817,32.452,5.229
5488,29.337,32.994,6.560
5489,29.324,33.126,6.462
5490,29.022,30.839,5.217
5491,28.027,31.308,6.171
5492,29.026,33.162,4.442
5493,27.752,31.622,5.266
5494,30.487,31.786,4.614
5495,30.865,33.401,5.678
5496,31.068,32.122,5.049
5497,30.840,32.535,4.814
5498,29.728,32.844,6.801
5499,31.778,33.359,6.788
5500,31.152,31.986,6.272
5501,30.745,32.861,5.578
5502,31.610,33.109,6.284
5503,28.098,31.850,6.079
5504,28.786,32.028,7.124
5505,29.334,31.437,4.761
5506,28.166,32.515,6.531
5507,29.147,32.895,5.533
5508,28.480,31.729,5.421
5509,28.844,31.752,5.003
5510,29.756,32.308,5.462
5511,29.857,32.626,4.978
5512,29.361,33.175,6.418
5513,28.334,31.640,6.315
5514,29.950,31.901,6.170
5515,30.572,32.151,6.875
5516,28.210,32.071,7.631
5517,29.368,31.477,6.040
5518,28.756,33.051,6.663
5519,28.935,31.572,6.893
5520,26.669,29.809,8.005
5521,27.306,31.409,8.354
5522,28.467,31.998,8.243
5523,28.351,33.026,7.313
5524,27.823,32.298,7.344
5525,26.717,30.105,8.393
5526,26.219,29.529,8.242
5527,28.519,30.649,7.027
5528,28.679,31.052,7.813
5529,31.817,31.652,6.278
5530,30.509,31.892,7.356
5531,30.176,31.536,6.986
5532,31.246,30.808,7.275
5533,29.523,30.698,7.172
5534,30.438,31.469,6.480
5535,28.851,31.017,7.049
5536,29.743,31.020,5.087
5537,27.647,30.566,7.168
5538,27.772,30.574,7.805
5539,28.338,30.455,6.407
5540,27.439,30.144,6.147
5541,28.172,31.053,7.810
5542,28.944,31.293,7.299
5543,28.667,31.328,8.072
5544,26.776,30.550,7.124
5545,27.695,30.933,8.004
5546,28.502,31.523,7.201
5547,28.300,31.229,6.341
5548,28.105,30.595,7.029
5549,28.126,31.318,7.159
5550,28.275,31.381,6.937
5551,28.938,31.866,7.420
5552,28.524,31.859,6.392
5553,28.878,31.167,6.422
5554,28.805,31.148,7.606
5555,29.565,32.048,4.344
5556,28.790,31.881,4.613
5557,29.466,31.661,4.936
5558,28.780,32.143,5.366
5559,28.549,31.581,5.258
5560,29.264,31.667,5.730
5561,29.130,32.015,5.510
5562,27.817,31.441,6.216
5563,28.440,31.712,7.960
5564,28.213,31.329,7.171
5565,25.795,29.436,7.879
5566,26.686,30.034,7.891
5567,26.079,30.386,8.116
5568,26.203,30.173,8.172
5569,28.408,31.733,7.376
5570,27.348,31.127,6.986
5571,26.768,31.140,8.569
5572,26.899,29.556,8.230
5573,28.053,31.700,8.115
5574,28.758,31.589,6.226
5575,29.169,31.217,6.703
5576,27.437,29.836,6.342
5577,28.584,32.649,7.709
5578,28.050,31.826,7.396
5579,27.589,30.753,7.664
5580,28.773,32.044,4.314
5581,29.119,33.539,6.743
5582,30.275,33.168,6.990
5583,29.590,31.832,5.318
5584,27.549,31.074,7.714
5585,28.501,31.049,7.865
5586,28.768,31.831,7.266
5587,29.230,31.985,7.283
5588,29.278,32.729,7.091
5589,28.748,31.894,6.848
5590,29.066,32.516,5.242
5591,29.477,31.606,5.405
5592,30.251,31.907,5.011
5593,30.741,31.486,5.101
5594,32.148,30.919,5.688
5595,32.280,31.212,5.349
5596,32.054,31.272,5.003
5597,31.862,32.230,6.049
5598,29.590,30.525,4.515
5599,31.266,32.039,4.732
5600,29.793,31.049,4.096
5601,28.596,30.158,6.218
5602,29.639,31.752,6.553
5603,29.638,31.300,5.229
5604,30.111,31.443,4.991
5605,29.024,31.370,6.391
5606,28.970,30.960,5.040
5607,27.817,30.810,7.796
5608,28.060,30.860,5.174
5609,27.563,30.332,7.091
5610,27.549,31.084,6.468
5611,28.483,30.422,6.725
5612,28.543,30.718,6.917
5613,29.183,31.603,5.213
5614,29.439,31.421,6.027
5615,27.696,30.527,6.138
5616,28.407,31.115,5.562
5617,27.967,31.289,7.935
5618,29.390,31.144,7.563
5619,28.241,29.832,8.603
5620,28.590,29.579,6.998
5621,29.112,30.705,7.935
5622,28.340,30.670,8.270
5623,29.793,30.206,8.236
5624,29.197,30.381,8.496
5625,28.019,30.488,8.576
5626,26.847,31.032,7.596
5627,26.933,30.248,7.710
5628,27.326,30.216,6.916
5629,26.396,30.205,8.773
5630,27.290,30.455,7.720
5631,26.843,30.216,9.554
5632,26.706,30.608,8.655
5633,28.793,31.413,7.533
5634,28.879,31.557,7.688
5635,28.488,31.630,6.708
5636,28.643,30.353,8.208
5637,28.327,30.704,6.678
5638,28.187,30.614,8.131
5639,27.057,30.012,9.042
5640,26.709,30.776,10.099
5641,26.398,29.475,8.932
5642,25.129,28.521,10.028
5643,25.803,28.444,9.500
5644,26.114,29.078,9.905
5645,28.699,30.321,8.079
5646,27.067,29.522,8.999
5647,27.964,30.453,9.322
5648,27.131,30.693,8.533
5649,27.792,29.728,7.781
5650,26.447,29.848,8.616
5651,27.223,30.864,8.457
5652,28.227,29.160,7.901
5653,28.039,30.341,8.978
5654,29.953,29.746,8.020
5655,29.990,30.042,8.516
5656,28.660,29.780,8.522
5657,28.337,30.167,8.827
5658,28.797,30.842,7.853
5659,27.736,29.367,8.697
5660,28.917,30.106,7.409
5661,27.240,29.493,8.653
5662,26.680,28.898,8.796
5663,25.871,29.385,9.348
5664,28.323,31.422,7.773
5665,26.668,29.083,8.320
5666,26.233,29.539,8.721
5667,26.578,29.746,8.333
5668,27.010,29.923,7.996
5669,27.298,30.107,8.107
5670,25.650,30.379,9.017
5671,27.960,30.677,8.064
5672,27.473,29.591,8.574
5673,26.235,29.739,7.350
5674,27.964,30.263,8.051
5675,27.417,30.162,8.813
5676,26.360,29.935,8.665
5677,27.424,30.725,8.187
5678,28.161,30.745,8.235
5679,27.033,31.125,8.847
5680,28.553,31.255,7.599
5681,29.059,29.701,8.581
5682,30.558,31.120,7.869
5683,30.416,30.340,7.645
5684,29.671,31.017,7.985
5685,26.977,29.159,7.992
5686,26.973,30.051,8.097
5687,27.632,30.962,7.585
5688,28.502,31.153,8.849
5689,26.710,30.170,8.915
5690,28.562,31.282,7.870
5691,27.733,30.790,8.351
5692,28.817,30.489,8.130
5693,27.725,30.747,7.961
5694,27.979,30.218,8.667
5695,30.328,30.853,8.408
5696,29.361,30.796,8.321
5697,28.733,30.173,8.793
5698,27.565,30.834,8.967
5699,27.237,30.198,8.259
5700,26.715,30.062,8.835
5701,27.963,31.274,8.356
5702,27.425,31.105,8.138
5703,25.163,29.661,8.641
5704,27.256,31.503,8.563
5705,27.505,31.242,8.669
5706,27.720,31.436,8.679
5707,27.738,31.201,8.029
5708,27.744,30.531,8.035
5709,28.620,29.880,8.877
5710,29.109,30.255,9.491
5711,30.462,31.105,8.240
5712,30.134,30.456,8.032
5713,30.214,31.061,7.996
5714,30.256,30.073,8.816
5715,29.101,30.147,8.905
5716,29.847,29.818,8.792
5717,30.287,31.370,8.973
5718,30.100,30.855,8.909
5719,30.793,31.421,8.111
5720,31.791,32.172,8.931
5721,29.242,30.644,7.987
5722,31.126,31.344,8.363
5723,28.373,30.973,8.308
5724,28.032,31.194,7.844
5725,28.516,31.115,8.320
5726,28.038,29.946,7.306
5727,28.682,30.791,7.377
5728,30.310,30.692,7.580
5729,28.720,30.941,8.428
5730,28.771,32.504,8.388
5731,28.288,31.288,7.587
5732,27.250,29.306,6.986
5733,28.067,31.958,8.845
5734,27.191,31.087,8.875
5735,27.877,31.558,8.585
5736,28.242,31.117,8.298
5737,29.148,31.243,7.128
5738,27.863,30.199,6.990
5739,29.391,30.373,7.864
5740,29.075,30.543,7.437
5741,29.306,31.328,7.318
5742,29.737,31.288,7.729
5743,28.803,33.863,7.880
5744,28.950,33.222,7.615
5745,27.604,32.092,7.461
5746,29.084,32.653,6.951
5747,28.798,33.069,7.568
5748,28.187,33.417,7.338
5749,29.088,33.666,6.821
5750,28.278,33.916,6.898
5751,27.450,33.154,7.205
5752,27.618,32.740,7.101
5753,28.782,31.504,6.980
5754,28.753,33.402,8.157
5755,28.333,32.753,8.424
5756,28.415,33.921,7.948
5757,28.209,32.323,8.814
5758,28.484,32.192,8.689
5759,27.366,30.077,8.297
5760,27.890,30.946,8.142
5761,28.065,31.006,8.321
5762,27.073,29.512,9.532
5763,29.186,31.037,8.618
5764,27.701,30.948,7.901
5765,27.715,30.226,7.912
5766,27.834,31.057,8.925
5767,27.759,30.466,7.940
5768,27.681,30.734,7.967
5769,27.641,31.040,8.248
5770,26.302,30.689,8.361
5771,27.337,30.872,9.159
5772,28.390,30.920,7.579
5773,26.904,30.258,7.354
5774,27.257,31.202,8.529
5775,28.930,30.741,8.020
5776,27.346,29.651,7.930
5777,28.384,31.490,7.535
5778,27.957,29.825,7.580
5779,28.791,30.619,6.893
5780,27.795,30.915,8.438
5781,27.753,31.266,8.480
5782,27.214,30.626,7.933
5783,27.422,30.707,7.402
5784,28.802,30.983,8.300
5785,27.700,31.101,9.501
5786,27.635,31.059,7.834
5787,27.500,30.300,8.638
5788,27.520,30.237,9.011
5789,27.376,30.778,8.380
5790,27.951,30.475,8.046
5791,27.359,31.297,7.787
5792,27.695,31.129,8.313
5793,27.539,31.176,8.202
5794,27.607,31.251,8.499
5795,26.457,30.190,7.920
5796,27.207,30.073,8.150
5797,27.225,29.405,7.465
5798,26.870,29.391,8.138
5799,27.362,30.244,8.214
5800,28.242,30.932,8.513
5801,27.043,29.758,7.933
5802,27.256,29.586,8.182
5803,28.594,30.777,6.351
5804,27.385,29.637,8.157
5805,28.296,29.821,7.919
5806,26.914,29.699,8.537
5807,28.538,30.668,8.366
5808,27.490,30.862,8.325
5809,27.628,30.839,8.460
5810,26.624,28.790,8.844
5811,26.703,29.504,8.345
5812,27.781,30.632,8.081
5813,28.678,30.281,8.463
5814,26.850,30.115,9.338
5815,27.692,29.261,8.402
5816,26.825,29.837,7.765
5817,27.457,29.578,8.120
5818,28.101,31.063,8.971
5819,27.310,30.193,9.080
5820,27.945,30.504,8.914
5821,28.329,30.482,9.136
5822,28.269,30.325,8.158
5823,27.479,30.338,9.556
5824,27.447,30.140,8.202
5825,27.810,29.716,8.634
5826,28.053,29.145,8.007
5827,26.825,30.404,8.666
5828,27.175,30.512,8.937
5829,27.128,29.874,7.849
5830,27.520,30.379,8.268
5831,27.436,29.564,7.796
5832,27.881,29.909,7.167
5833,28.537,30.651,7.557
5834,27.650,30.345,7.393
5835,28.174,29.874,8.644
5836,28.232,29.757,7.508
5837,27.731,30.053,7.759
5838,27.815,30.660,8.997
5839,27.842,30.695,8.249
5840,27.792,29.457,7.430
5841,27.750,30.734,7.825
5842,27.829,29.989,8.444
5843,28.472,30.741,8.879
5844,28.422,30.918,7.253
5845,28.270,31.428,7.915
5846,27.565,30.903,7.499
5847,27.365,30.471,8.482
5848,28.198,30.868,7.442
5849,28.041,30.646,9.008
5850,28.618,30.737,8.495
5851,26.991,31.167,8.719
5852,27.062,30.656,8.078
5853,27.746,30.503,7.505
5854,27.914,30.446,8.384
5855,28.279,30.884,7.701
5856,27.643,30.225,7.514
5857,29.027,31.217,7.848
5858,27.900,31.666,8.440
5859,28.088,31.801,8.531
5860,27.631,30.695,8.012
5861,26.497,30.050,8.056
5862,28.222,29.982,8.164
5863,27.528,30.575,8.351
5864,28.074,31.069,8.579
5865,29.613,29.890,7.806
5866,27.656,29.310,8.319
5867,28.115,30.095,9.080
5868,28.275,30.294,7.420
5869,28.442,30.382,8.477
5870,29.167,30.918,6.839
5871,28.048,30.482,7.067
5872,28.093,31.104,8.160
5873,27.274,29.748,8.784
5874,27.998,29.877,8.491
5875,27.088,29.430,8.660
5876,26.849,30.169,8.358
5877,27.871,29.536,8.747
5878,28.388,30.118,8.819
5879,27.918,31.093,8.808
5880,27.821,30.094,8.583
5881,27.589,29.919,8.036
5882,26.088,28.466,7.830
5883,27.009,29.341,8.200
5884,27.041,30.631,8.941
5885,26.759,29.585,8.010
5886,27.735,30.884,8.113
5887,27.885,29.501,8.484
5888,26.988,29.878,8.789
5889,28.074,30.916,8.088
5890,26.728,29.606,9.241
5891,25.792,29.529,8.378
5892,26.947,30.368,9.480
5893,26.676,29.550,8.168
5894,26.317,29.930,8.739
5895,27.331,29.986,7.590
5896,27.305,29.755,7.748
5897,28.292,30.420,7.550
5898,28.203,29.787,7.008
5899,29.089,30.252,7.415
5900,28.364,30.840,7.194
5901,28.590,31.416,8.249
5902,27.735,31.355,7.341
5903,27.735,32.268,8.284
5904,27.181,30.333,7.958
5905,28.766,31.344,8.322
5906,28.983,30.730,8.027
5907,28.549,30.690,8.401
5908,28.846,31.230,9.277
5909,27.718,31.188,10.095
5910,28.395,31.622,8.072
5911,27.859,30.071,8.840
5912,27.492,29.437,8.294
5913,27.767,30.647,8.488
5914,27.978,30.724,7.300
5915,27.538,30.089,7.753
5916,26.970,29.902,8.340
5917,28.338,29.948,8.282
5918,28.495,31.039,8.091
5919,30.860,31.161,7.044
5920,30.207,31.151,8.339
5921,30.716,30.785,8.963
5922,31.673,30.422,7.043
5923,31.458,32.543,7.775
5924,30.387,31.991,7.582
5925,31.234,31.915,7.630
5926,29.309,31.338,9.051
5927,32.028,32.774,8.423
5928,30.791,34.102,8.172
5929,30.958,35.211,7.204
5930,29.932,32.924,7.581
5931,32.065,35.600,6.581
5932,30.603,33.068,7.339
5933,30.052,33.023,7.253
5934,30.177,34.237,7.177
5935,31.052,33.887,7.694
5936,30.454,34.746,5.626
5937,29.950,34.023,6.626
5938,30.607,34.364,6.646
5939,31.118,34.207,7.086
5940,31.426,33.742,7.147
5941,30.150,34.031,7.780
5942,29.287,32.863,7.523
5943,29.493,33.658,9.457
5944,30.791,32.827,7.999
5945,30.826,33.968,7.090
5946,29.104,32.415,7.296
5947,28.954,32.953,7.425
5948,28.374,31.046,8.297
5949,29.508,32.641,6.739
5950,28.650,33.235,7.286
5951,30.802,34.552,6.938
5952,29.399,33.241,5.243
5953,29.402,31.766,5.252
5954,30.378,32.836,5.098
5955,31.181,34.292,5.361
5956,28.458,33.033,7.918
5957,29.350,33.342,6.129
5958,29.856,33.916,6.989
5959,29.873,33.323,5.637
5960,29.309,33.465,7.801
5961,30.391,33.184,6.753
5962,29.256,33.074,6.058
5963,28.280,31.820,6.662
5964,29.372,32.504,5.607
5965,30.054,32.273,5.825
5966,30.471,32.019,5.364
5967,29.486,31.519,6.368
5968,29.727,32.952,7.257
5969,29.451,31.351,5.282
5970,28.949,31.050,5.130
5971,28.477,31.661,6.725
5972,29.725,32.880,6.614
5973,29.967,33.029,7.313
5974,30.403,31.577,6.621
5975,30.286,33.184,8.834
5976,29.021,30.925,7.620
5977,29.003,31.087,7.435
5978,31.715,30.810,5.494
5979,30.801,29.653,5.799
5980,29.406,29.577,7.725
5981,29.566,29.826,7.310
5982,28.759,30.704,6.986
5983,29.466,30.423,5.552
5984,28.256,30.387,7.425
5985,30.007,31.306,5.668
5986,29.786,30.283,5.056
5987,29.607,30.776,5.207
5988,29.264,31.976,6.224
5989,29.584,30.803,5.027
5990,29.341,31.909,5.595
5991,29.661,31.515,5.161
5992,28.749,31.033,5.009
5993,29.673,32.142,5.513
5994,30.335,31.808,4.897
5995,30.366,32.764,7.235
5996,28.585,32.017,7.777
5997,30.020,32.085,5.412
5998,31.361,32.316,6.403
5999,30.755,31.844,7.477
6000,30.584,31.517,5.837
6001,31.879,31.933,5.519
6002,30.624,31.233,5.715
6003,30.213,30.914,6.144
6004,30.509,31.496,6.062
6005,30.858,32.203,6.374
6006,31.230,32.112,5.296
6007,31.441,32.486,6.755
6008,30.887,32.087,6.511
6009,29.774,31.271,6.349
6010,30.135,31.235,6.656
6011,29.546,31.519,7.054
6012,29.522,30.895,7.160
6013,29.710,31.922,5.271
6014,29.424,30.974,6.412
6015,31.333,30.490,5.681
6016,30.708,31.869,6.770
6017,31.056,33.200,5.181
6018,28.838,34.027,6.715
6019,28.105,33.393,5.379
6020,30.093,34.385,6.048
6021,29.428,33.240,5.230
6022,27.845,31.530,5.399
6023,28.691,33.005,6.225
6024,28.842,33.620,5.562
6025,27.886,33.297,4.692
6026,28.851,33.331,5.046
6027,28.157,31.039,5.043
6028,29.121,32.011,5.883
6029,29.041,32.329,5.511
6030,28.765,32.011,6.705
6031,29.588,32.120,6.828
6032,29.144,32.679,5.495
6033,29.335,32.633,5.323
6034,32.113,31.681,6.548
6035,31.881,30.983,5.797
6036,31.241,30.945,7.890
6037,32.362,32.285,6.760
6038,32.088,32.147,4.843
6039,32.154,31.263,5.306
6040,32.341,31.971,5.245
6041,29.776,31.131,5.486
6042,27.370,30.091,7.996
6043,28.846,31.811,7.731
6044,28.129,30.216,7.524
6045,27.559,31.241,8.571
6046,26.504,30.834,7.689
6047,30.119,32.152,7.987
6048,30.668,31.839,7.958
6049,30.831,30.269,5.054
6050,30.777,31.093,5.810
6051,31.309,31.613,7.560
6052,29.193,31.595,5.283
6053,29.648,31.734,5.520
6054,29.268,31.702,6.184
6055,29.619,31.138,5.423
6056,29.443,31.660,5.343
6057,30.263,31.833,4.942
6058,30.616,31.235,5.471
6059,30.696,32.149,5.699
6060,29.792,30.956,7.484
6061,29.412,32.075,6.606
6062,29.344,31.828,6.270
6063,28.423,31.110,7.630
6064,29.495,30.299,5.909
6065,28.449,30.545,5.630
6066,29.485,31.314,5.409
6067,28.885,31.820,6.315
6068,29.798,31.975,6.412
6069,29.185,31.229,5.476
6070,30.582,32.425,5.857
6071,29.710,31.672,5.582
6072,29.823,32.058,6.455
6073,30.111,33.302,7.817
6074,29.001,31.665,4.989
6075,28.893,32.905,7.145
6076,30.295,34.170,5.401
6077,30.305,33.372,6.338
6078,30.177,33.856,7.142
6079,29.754,32.155,5.363
6080,30.017,31.744,5.721
6081,30.079,31.562,5.166
6082,30.003,32.374,5.700
6083,30.406,32.807,6.975
6084,28.825,32.763,6.490
6085,30.014,32.119,6.834
6086,30.871,33.250,6.859
6087,29.260,32.007,6.411
6088,29.716,31.150,5.955
6089,29.813,31.731,6.160
6090,30.127,32.629,7.374
6091,30.372,31.048,5.397
6092,29.974,32.958,4.966
6093,29.264,32.686,6.793
6094,30.332,33.884,5.386
6095,30.006,32.945,5.154
6096,29.772,32.366,4.968
6097,30.400,32.486,5.159
6098,30.403,33.609,4.901
6099,31.206,32.910,5.033
6100,30.433,32.936,5.567
6101,31.254,34.763,5.364
6102,31.253,33.802,5.698
6103,29.662,31.967,6.685
6104,30.018,33.312,6.205
6105,28.746,32.818,5.915
6106,29.775,34.057,6.516
6107,29.189,34.086,6.103
6108,30.632,34.321,7.301
6109,29.750,33.535,6.445
6110,31.166,33.618,6.629
6111,30.216,34.015,6.918
6112,29.434,33.863,5.165
6113,30.975,34.265,7.030
6114,30.363,34.732,6.591
6115,29.509,33.135,7.209
6116,31.304,34.198,5.439
6117,29.065,32.649,6.632
6118,29.582,33.786,5.798
6119,30.357,33.162,6.847
6120,28.165,32.576,6.878
6121,28.278,31.866,8.232
6122,28.170,31.554,7.091
6123,27.957,32.193,6.873
6124,29.290,32.960,6.411
6125,29.403,33.618,6.813
6126,29.199,33.658,6.188
6127,29.170,31.579,5.373
6128,28.500,32.272,6.444
6129,29.391,33.530,6.408
6130,30.122,33.687,7.527
6131,29.477,34.629,7.302
6132,28.944,33.890,7.278
6133,29.389,34.610,7.078
6134,28.245,33.843,6.920
6135,30.265,34.479,6.754
6136,29.148,34.889,7.205
6137,30.736,34.104,6.976
6138,31.489,34.676,6.609
6139,31.592,33.809,6.391
6140,31.237,33.634,5.567
6141,30.822,34.104,5.375
6142,32.029,33.234,5.713
6143,30.719,33.647,5.304
6144,29.169,32.266,5.317
6145,29.861,32.900,6.562
6146,29.778,33.115,6.598
6147,29.957,33.765,6.527
6148,30.023,32.661,5.433
6149,29.941,33.269,5.302
6150,30.470,33.210,5.647
6151,30.250,33.207,5.314
6152,29.595,32.695,5.367
6153,30.366,32.058,5.369
6154,30.449,32.896,5.106
6155,29.284,32.964,4.460
6156,29.183,31.825,4.202
6157,30.178,34.713,4.544
6158,30.577,33.853,4.599
6159,28.734,32.197,5.203
6160,28.435,32.535,7.627
6161,27.753,31.790,6.640
6162,28.844,32.064,6.204
6163,28.078,32.538,6.710
6164,27.991,31.870,6.795
6165,27.443,31.890,6.686
6166,28.270,31.557,8.327
6167,28.861,32.168,6.840
6168,26.307,31.302,8.337
6169,27.338,31.723,7.710
6170,28.290,32.358,7.438
6171,29.781,31.099,6.194
6172,30.759,31.356,6.296
6173,28.942,30.785,6.948
6174,29.792,31.482,6.748
6175,27.568,30.903,5.969
6176,26.590,30.797,6.698
6177,26.601,31.947,6.623
6178,27.081,32.687,7.602
6179,27.384,31.400,6.235
6180,27.509,32.733,6.074
6181,27.937,33.156,6.512
6182,28.063,32.972,5.500
6183,27.168,32.567,5.600
6184,28.482,33.874,5.290
6185,27.578,33.077,7.985
6186,28.503,33.115,6.001
6187,29.370,33.800,6.973
6188,27.631,32.679,6.938
6189,27.054,33.049,6.822
6190,26.224,32.904,8.082
6191,26.737,32.377,8.121
6192,26.961,32.635,7.549
6193,26.914,31.554,7.427
6194,28.349,33.272,8.692
6195,28.009,33.177,9.063
6196,25.937,31.896,8.129
6197,26.581,31.523,8.811
6198,27.503,32.941,7.597
6199,27.991,34.009,8.040
6200,26.962,32.895,8.008
6201,26.409,32.247,8.076
6202,27.196,32.778,7.777
6203,27.762,33.109,7.769
6204,27.697,31.416,7.407
6205,28.024,32.838,7.698
6206,28.009,32.925,8.426
6207,27.911,32.852,7.816
6208,27.665,31.189,8.445
6209,27.939,31.393,7.749
6210,30.799,31.505,7.580
6211,27.057,30.825,8.683
6212,27.483,30.410,7.851
6213,28.962,31.624,8.645
6214,28.703,31.696,8.891
6215,28.422,31.917,8.008
6216,27.390,31.093,8.187
6217,26.652,31.013,8.494
6218,28.208,30.370,7.569
6219,27.314,29.894,7.193
6220,28.643,31.077,7.987
6221,29.268,31.925,8.391
6222,27.567,30.661,9.236
6223,28.642,31.640,8.685
6224,28.196,31.148,8.524
6225,27.901,30.672,8.386
6226,26.933,30.687,9.001
6227,27.337,29.925,8.438
6228,28.018,30.520,8.239
6229,29.023,31.287,8.644
6230,27.024,30.986,8.204
6231,27.285,31.689,8.639
6232,27.678,30.543,8.515
6233,27.081,30.642,7.411
6234,26.555,30.689,8.430
6235,27.865,29.644,7.838
6236,27.742,30.007,8.304
6237,27.027,30.329,8.063
6238,27.613,32.283,8.451
6239,27.719,31.547,7.879
6240,27.477,31.110,8.029
6241,28.951,31.922,8.172
6242,27.197,31.176,8.710
6243,27.431,32.459,8.275
6244,27.769,31.551,7.698
6245,27.487,31.186,7.502
6246,25.749,29.838,8.937
6247,28.560,30.929,7.976
6248,27.977,31.396,8.451
6249,30.536,29.526,8.495
6250,29.288,30.196,8.267
6251,28.853,31.291,7.929
6252,30.622,31.112,8.349
6253,29.084,30.925,8.947
6254,30.121,31.917,8.077
6255,27.483,31.700,9.359
6256,27.330,32.157,8.472
6257,28.192,31.083,7.965
6258,28.076,29.744,7.666
6259,27.840,30.555,8.031
6260,28.179,31.211,8.253
6261,28.575,31.118,7.097
6262,27.858,30.732,9.053
6263,26.937,29.938,7.970
6264,29.023,30.370,8.685
6265,27.798,30.342,7.800
6266,28.361,30.130,8.120
6267,28.606,30.522,8.459
6268,27.728,30.343,7.705
6269,28.201,31.112,8.454
6270,26.742,30.772,8.689
6271,26.873,29.299,8.766
6272,28.452,31.197,8.812
6273,26.541,30.663,8.122
6274,27.759,31.747,7.980
6275,28.317,30.468,8.523
6276,28.302,29.983,8.860
6277,28.608,29.301,8.520
6278,29.037,30.614,8.425
6279,28.192,29.781,8.880
6280,28.626,30.532,7.441
6281,29.237,30.863,7.218
6282,29.015,30.992,8.348
6283,29.890,32.371,7.570
6284,29.195,30.653,8.108
6285,29.860,30.659,7.834
6286,28.092,30.276,7.906
6287,29.734,31.611,7.707
6288,28.829,30.850,8.332
6289,29.151,29.728,8.319
6290,27.228,29.597,8.348
6291,26.646,30.356,8.812
6292,26.404,30.196,8.855
6293,27.666,30.545,9.015
6294,26.599,29.987,8.773
6295,28.119,30.445,8.461
6296,27.763,30.594,8.302
6297,27.093,30.501,8.161
6298,26.705,29.724,8.154
6299,26.950,31.010,8.294
6300,26.632,30.751,8.540
6301,26.858,30.342,8.336
6302,27.779,32.020,8.450
6303,28.373,32.085,8.667
6304,28.184,31.140,8.405
6305,30.309,30.758,8.938
6306,28.833,31.809,8.629
6307,27.262,31.407,8.423
6308,28.467,31.216,9.025
6309,28.773,31.554,8.538
6310,28.524,31.208,8.659
6311,28.976,31.423,8.176
6312,29.014,32.915,8.528
6313,27.926,31.633,8.538
6314,27.195,32.200,8.850
6315,28.746,31.803,7.848
6316,27.990,30.908,7.605
6317,28.363,31.527,8.036
6318,27.305,31.863,7.931
6319,26.965,30.544,8.531
6320,27.916,31.584,7.978
6321,28.265,30.809,8.001
6322,28.290,31.060,8.303
6323,27.881,31.254,8.683
6324,28.522,31.172,8.855
6325,28.068,31.719,7.991
6326,28.110,31.824,6.471
6327,28.379,31.389,8.249
6328,31.336,32.416,5.667
6329,29.186,32.138,5.111
6330,29.043,31.118,5.316
6331,29.401,32.382,5.261
6332,30.199,32.362,4.958
6333,29.199,33.470,5.272
6334,28.672,33.872,5.341
6335,29.154,33.765,5.775
6336,29.670,34.031,5.379
6337,29.855,33.140,4.871
6338,28.460,33.118,7.969
6339,28.649,33.573,8.100
6340,28.826,33.300,7.994
6341,28.315,32.469,7.692
6342,27.237,31.968,8.699
6343,28.107,33.051,8.589
6344,28.883,33.421,7.578
6345,28.362,33.292,7.663
6346,27.032,33.725,7.902
6347,27.079,31.930,8.978
6348,27.245,33.026,8.063
6349,28.471,33.007,6.649
6350,28.291,29.822,7.827
6351,27.849,31.037,6.776
6352,27.131,29.814,8.037
6353,26.813,29.529,7.156
6354,27.388,30.233,8.770
6355,27.788,31.483,8.137
6356,26.173,29.605,8.607
6357,26.287,30.019,8.884
6358,28.720,30.366,7.498
6359,27.739,31.993,8.086
6360,27.907,30.894,8.226
6361,27.056,30.304,8.721
6362,26.778,29.480,8.914
6363,26.823,30.735,8.739
6364,26.644,30.607,8.304
6365,25.869,30.817,8.135
6366,28.255,30.560,7.565
6367,28.518,31.705,7.980
6368,27.892,32.300,7.763
6369,27.405,31.477,8.741
6370,29.602,30.123,8.121
6371,27.170,30.716,8.273
6372,27.476,31.413,8.578
6373,26.473,31.570,7.771
6374,27.450,31.889,8.067
6375,28.198,30.278,8.613
6376,27.577,30.417,8.292
6377,26.589,30.441,8.618
6378,25.711,29.650,8.641
6379,26.716,30.388,8.934
6380,27.399,30.468,7.890
6381,27.451,30.558,8.402
6382,27.476,30.439,7.031
6383,27.162,30.107,7.903
6384,27.323,30.037,7.466
6385,27.798,30.680,7.747
6386,27.806,31.103,7.959
6387,28.394,30.330,8.492
6388,28.271,31.232,7.142
6389,27.635,29.853,7.619
6390,27.347,30.320,8.780
6391,28.051,31.155,7.805
6392,27.566,30.106,8.293
6393,26.412,29.760,7.851
6394,28.083,30.416,8.561
6395,27.253,30.669,7.140
6396,27.466,31.070,8.210
6397,28.516,30.747,8.343
6398,27.682,30.805,7.535
6399,26.312,30.616,8.705
6400,26.807,30.234,8.700
6401,28.142,31.099,8.036
6402,27.887,31.046,8.430
6403,28.100,30.889,8.204
6404,28.441,31.610,7.675
6405,28.077,31.082,8.047
6406,27.043,30.475,8.722
6407,27.346,30.869,9.065
6408,26.830,31.141,8.212
6409,28.193,31.095,8.174
6410,28.948,32.237,8.302
6411,27.944,30.598,8.030
6412,27.585,30.158,8.154
6413,27.350,30.511,8.477
6414,27.058,29.879,8.249
6415,28.276,29.852,7.726
6416,27.417,29.762,8.015
6417,27.633,30.108,8.622
6418,28.043,31.465,8.279
6419,28.174,31.344,7.968
6420,28.465,30.873,8.047
6421,26.815,29.711,8.507
6422,27.720,31.406,8.730
6423,27.003,30.280,8.164
6424,28.777,31.267,8.217
6425,28.607,31.853,7.971
6426,28.404,31.169,7.874
6427,28.662,30.198,8.515
6428,28.247,31.021,8.107
6429,28.107,29.651,8.231
6430,27.958,30.599,7.761
6431,28.061,30.890,7.869
6432,27.883,31.306,8.518
6433,28.411,30.246,8.454
6434,28.450,31.667,8.321
6435,28.350,31.131,8.527
6436,28.077,31.817,8.912
6437,28.357,33.226,7.470
6438,27.791,32.668,8.489
6439,28.297,32.603,7.159
6440,28.198,32.347,7.596
6441,28.540,32.952,8.580
6442,26.890,31.852,8.221
6443,29.196,30.799,8.244
6444,30.070,30.952,8.227
6445,29.439,31.350,7.555
6446,29.291,30.967,8.180
6447,29.804,30.654,8.398
6448,29.858,31.074,8.616
6449,29.154,29.851,8.389
6450,28.687,32.023,8.782
6451,28.680,30.979,8.903
6452,29.687,30.906,7.987
6453,28.911,31.506,7.855
6454,29.075,30.232,8.474
6455,26.612,31.084,8.662
6456,27.586,31.781,8.647
6457,26.031,29.544,8.811
6458,27.716,30.479,8.924
6459,26.952,29.855,8.868
6460,27.663,30.679,7.591
6461,26.744,29.732,8.187
6462,26.572,30.763,8.711
6463,27.436,30.849,9.320
6464,28.072,30.818,8.233
6465,27.514,30.206,8.045
6466,27.843,31.224,8.589
6467,27.553,30.221,8.322
6468,27.516,32.757,7.550
6469,26.847,30.799,7.554
6470,29.057,32.000,7.213
6471,26.240,30.097,8.702
6472,28.933,32.300,7.622
6473,28.527,29.927,6.380
6474,29.759,31.132,9.629
6475,27.699,29.851,8.672
6476,28.932,31.240,9.678
6477,29.153,31.443,8.112
6478,29.969,31.271,8.619
6479,30.726,32.925,8.721
6480,30.006,31.992,7.877
6481,29.929,32.135,8.792
6482,27.388,30.454,8.828
6483,28.843,30.516,7.266
6484,30.125,31.181,7.735
6485,27.411,31.414,6.868
6486,28.016,31.614,6.798
6487,27.914,30.764,7.144
6488,28.086,31.442,6.254
6489,27.742,30.711,6.802
6490,27.420,31.531,7.675
6491,26.467,30.815,7.791
6492,26.097,30.086,8.230
6493,27.567,31.941,7.313
6494,26.492,30.680,7.799
6495,27.611,31.863,7.786
6496,28.011,30.028,7.308
6497,29.440,30.637,8.006
6498,28.498,30.177,7.395
6499,27.791,30.090,7.692
6500,28.246,29.474,7.278
6501,29.087,30.397,8.507
6502,28.458,30.798,8.475
6503,29.658,30.608,7.252
6504,27.692,29.514,7.920
6505,29.239,29.440,7.410
6506,29.032,30.318,7.476
6507,27.271,29.713,8.016
6508,27.540,31.266,7.733
6509,26.599,30.007,8.792
6510,27.445,30.044,7.794
6511,26.832,29.795,7.991
6512,27.130,31.341,8.499
6513,27.209,30.056,8.825
6514,26.480,29.516,8.025
6515,28.620,31.368,7.673
6516,26.787,30.297,7.558
6517,27.046,30.931,7.068
6518,28.145,31.748,7.296
6519,27.136,28.806,8.122
6520,27.491,30.846,7.249
6521,26.829,29.604,7.950
6522,26.877,30.643,7.234
6523,27.158,32.125,8.131
6524,28.083,31.627,7.070
6525,27.828,31.624,6.899
6526,27.985,30.889,7.056
6527,28.299,32.081,6.799
6528,28.492,31.808,7.101
6529,28.584,32.749,7.727
6530,28.539,32.732,7.316
6531,29.706,32.934,4.901
6532,28.533,31.784,5.926
6533,28.593,33.771,5.584
6534,29.408,33.834,6.598
6535,28.898,33.032,7.392
6536,29.183,33.270,6.484
6537,28.104,31.308,6.676
6538,26.695,31.118,7.883
6539,27.405,31.428,6.764
6540,28.487,31.530,7.315
6541,28.648,33.109,6.489
6542,27.277,32.594,7.765
6543,26.867,31.263,7.278
6544,27.476,33.738,7.380
6545,26.290,32.534,7.586
6546,26.708,32.031,7.433
6547,27.561,32.639,7.101
6548,27.942,32.209,7.323
6549,27.000,31.252,7.579
6550,26.692,29.837,7.780
6551,28.215,31.581,6.599
6552,28.736,30.232,6.915
6553,31.073,31.650,6.905
6554,29.401,31.311,7.544
6555,28.616,31.200,6.383
6556,29.617,32.361,6.139
6557,28.920,31.476,5.587
6558,27.911,30.866,6.325
6559,27.548,31.235,6.790
6560,27.860,30.663,6.216
6561,30.065,31.896,5.873
6562,29.969,31.877,5.368
6563,29.383,31.948,5.264
6564,30.400,31.795,5.256
6565,29.344,31.965,5.558
6566,29.382,31.840,7.252
6567,29.907,32.263,6.856
6568,30.380,31.955,4.145
6569,30.293,32.388,4.991
6570,30.645,32.670,4.961
6571,30.356,32.454,3.784
6572,30.497,31.715,4.588
6573,30.947,31.770,4.704
6574,30.618,31.822,4.510
6575,32.228,32.317,4.768
6576,31.453,31.601,6.582
6577,33.223,31.277,5.722
6578,30.661,31.656,4.452
6579,31.405,31.895,4.902
6580,30.735,31.340,4.473
6581,29.931,31.770,4.265
6582,29.458,31.487,4.096
6583,31.478,32.732,4.992
6584,30.043,32.219,4.561
6585,30.418,32.027,4.426
6586,29.918,31.423,5.230
6587,29.769,31.497,4.229
6588,30.082,32.839,4.488
6589,28.185,31.553,7.062
6590,28.978,32.897,6.535
6591,29.409,32.077,4.543
6592,29.285,31.286,6.261
6593,29.397,31.632,7.010
6594,28.791,31.495,6.391
6595,29.149,31.631,7.986
6596,29.722,31.998,7.419
6597,29.310,32.030,7.747
6598,29.171,32.272,5.587
6599,29.779,32.572,7.402
6600,30.016,32.585,6.155
6601,30.145,33.905,6.929
6602,28.762,31.784,6.823
6603,30.615,31.978,6.603
6604,30.802,32.010,6.926
6605,31.746,32.277,5.685
6606,31.883,32.157,4.609
6607,33.308,31.844,4.691
6608,32.220,32.201,4.338
6609,31.569,33.750,7.865
6610,31.866,31.992,6.286
6611,31.353,32.362,7.719
6612,32.318,32.732,6.523
6613,29.700,31.812,5.973
6614,29.510,32.098,4.998
6615,29.096,31.640,7.099
6616,29.031,30.944,5.718
6617,29.706,31.964,5.722
6618,29.084,31.357,6.576
6619,28.653,31.011,6.211
6620,30.473,32.748,6.759
6621,30.185,32.197,5.996
6622,30.178,32.357,7.414
6623,29.972,33.135,6.189
6624,29.931,32.882,7.419
6625,30.369,33.968,7.355
6626,30.627,34.211,7.350
6627,30.454,33.850,7.911
6628,30.755,33.316,7.052
6629,28.813,32.208,8.052
6630,28.887,32.889,7.403
6631,30.302,34.050,7.882
6632,29.025,32.800,7.631
6633,29.353,33.643,7.387
6634,29.376,33.907,9.362
6635,27.740,34.451,8.365
6636,27.786,33.099,7.405
6637,29.424,34.195,7.158
6638,28.954,32.852,7.842
6639,28.926,34.771,7.483
6640,28.562,34.134,8.720
6641,27.502,32.227,7.823
6642,29.191,34.331,6.262
6643,29.194,32.483,5.132
6644,30.133,31.792,2.686
6645,30.406,33.401,2.694
6646,30.786,33.085,2.636
6647,29.621,32.988,2.591
6648,30.442,32.989,2.590
6649,29.918,32.034,2.649
6650,30.375,33.336,2.595
6651,30.399,33.160,2.566
6652,30.625,33.476,2.648
6653,30.189,33.225,2.707
6654,29.962,33.453,2.715
6655,30.223,31.701,2.822
6656,30.052,33.535,2.857
6657,29.861,34.140,2.601
6658,30.649,33.601,2.793
6659,30.151,33.405,2.698
6660,31.028,32.676,2.632
6661,30.450,32.721,2.625
6662,30.057,34.415,2.750
6663,30.890,34.797,2.791
6664,30.210,34.074,2.777
6665,28.678,32.926,2.651
6666,30.830,33.556,2.687
6667,29.340,33.184,2.697
6668,30.364,33.433,2.818
6669,29.321,32.798,2.617
6670,29.801,33.307,2.599
6671,30.136,33.095,2.673
6672,30.731,34.197,2.650
6673,29.801,31.784,2.693
6674,29.716,33.729,2.869
6675,29.780,32.266,2.746
6676,30.140,33.926,2.745
6677,28.726,32.394,2.719
6678,29.040,33.576,2.561
6679,28.917,31.741,2.592
6680,30.101,33.833,2.676
6681,30.355,32.219,2.721
6682,31.909,33.260,2.798
6683,32.089,31.670,2.641
6684,31.706,31.250,4.834
6685,32.526,31.754,5.407
6686,32.862,31.207,4.866
6687,32.691,31.095,4.684
6688,31.292,31.549,4.791
6689,30.604,30.670,4.427
6690,29.301,30.786,5.290
6691,30.221,31.131,5.053
6692,31.341,30.819,4.496
6693,29.714,30.934,4.742
6694,32.184,30.954,4.473
6695,31.596,31.287,4.858
6696,30.799,31.696,4.912
6697,30.314,31.515,4.591
6698,30.687,31.508,4.714
6699,29.526,31.769,4.689
6700,29.651,31.419,4.677
6701,30.898,30.833,2.779
6702,32.256,31.546,2.753
6703,33.342,30.729,2.766
6704,31.160,31.345,2.850
6705,31.508,31.544,3.403
6706,31.111,30.817,2.655
6707,30.724,31.253,2.637
6708,30.906,31.195,2.616
6709,33.632,30.829,2.658
6710,33.363,31.750,2.699
6711,31.601,30.624,2.923
6712,31.195,32.206,2.720
6713,30.872,31.475,2.738
6714,30.264,29.781,2.851
6715,29.943,30.239,2.602
6716,31.468,31.511,2.731
6717,31.580,31.516,2.659
6718,31.375,31.677,2.873
6719,29.438,31.571,2.603
6720,30.115,30.678,2.813
6721,30.975,31.626,2.690
6722,31.310,30.581,2.658
6723,32.250,31.302,2.828
6724,31.458,32.386,2.653
6725,30.889,32.699,2.725
6726,31.660,31.390,2.634
6727,30.119,30.666,2.630
6728,29.895,30.994,2.553
6729,29.649,30.182,2.790
6730,30.486,31.259,2.650
6731,29.685,31.220,2.913
6732,32.744,31.700,2.748
6733,33.602,32.724,2.613
6734,32.321,31.721,2.813
6735,32.561,32.349,2.727
6736,30.571,31.268,2.613
6737,31.704,30.857,2.726
6738,31.927,30.999,2.899
6739,32.139,31.810,2.849
6740,32.160,31.002,2.850
6741,33.266,32.375,2.809
6742,32.683,31.875,2.719
6743,30.708,32.706,2.594
6744,31.036,32.852,2.603
6745,31.418,34.093,2.710
6746,30.815,32.420,2.713
6747,30.882,32.566,2.650
6748,30.983,31.929,2.704
6749,31.101,31.926,2.657
6750,32.038,31.878,2.763
6751,31.990,31.726,2.568
6752,32.622,32.487,2.641
6753,32.210,32.275,2.685
6754,31.739,32.248,2.795
6755,30.585,31.732,2.654
6756,30.173,31.558,2.804
6757,31.348,31.511,2.679
6758,31.019,33.175,2.734
6759,30.466,32.759,2.868
6760,30.076,32.461,2.706
6761,31.186,33.852,2.701
6762,30.557,32.179,2.651
6763,31.625,33.029,2.706
6764,30.823,32.037,2.775
6765,31.835,31.667,2.653
6766,30.816,31.417,2.577
6767,31.383,32.143,2.620
6768,30.718,33.143,2.606
6769,32.558,32.456,2.580
6770,30.517,33.074,2.711
6771,30.816,32.871,2.915
6772,30.292,32.668,2.548
6773,31.233,33.262,2.609
6774,31.592,32.390,4.014
6775,30.416,32.467,2.648
6776,29.732,32.142,2.673
6777,31.230,32.599,2.645
6778,30.196,33.459,2.890
6779,29.726,32.823,2.592
6780,29.913,33.414,2.687
6781,30.250,33.699,2.849
6782,30.068,33.066,2.603
6783,30.013,31.379,2.754
6784,30.562,31.466,2.645
6785,30.093,31.539,2.727
6786,32.055,31.454,2.648
6787,31.425,31.902,2.612
6788,30.408,31.791,2.618
6789,30.246,31.341,2.633
6790,31.433,31.901,2.747
6791,31.272,32.748,2.684
6792,31.095,32.053,2.568
6793,30.988,31.702,2.615
6794,29.794,29.825,2.730
6795,30.312,30.835,2.635
6796,30.708,31.470,3.026
6797,30.274,31.197,2.641
6798,30.231,31.561,2.646
6799,31.521,32.271,2.933
6800,32.223,31.694,2.685
6801,32.123,31.461,2.662
6802,30.885,32.093,2.760
6803,31.371,31.972,2.850
6804,31.611,32.229,2.612
6805,31.544,31.190,2.590
6806,30.614,32.008,2.609
6807,30.793,31.646,2.563
6808,30.456,30.419,2.617
6809,30.305,30.999,2.638
6810,29.593,31.174,2.740
6811,30.010,31.186,2.889
6812,30.596,31.521,2.487
6813,33.690,31.485,2.696
6814,33.560,32.010,2.754
6815,31.492,30.467,2.906
6816,30.837,31.503,2.752
6817,30.385,30.673,2.648
6818,29.406,30.168,2.689
6819,30.864,32.563,2.778
6820,30.544,31.198,2.828
6821,31.338,31.799,2.804
6822,30.608,30.803,2.610
6823,31.031,31.169,2.836
6824,31.220,33.826,2.756
6825,30.989,33.150,2.803
6826,30.482,31.269,2.879
6827,29.997,31.290,2.687
6828,30.483,30.769,2.922
6829,30.120,30.326,2.734
6830,29.919,29.930,2.761
6831,30.251,30.006,2.627
6832,30.632,30.492,2.607
6833,30.398,30.937,2.727
6834,29.628,30.749,2.750
6835,29.364,30.231,2.712
6836,29.750,30.075,2.618
6837,30.289,31.463,2.661
6838,31.014,31.261,2.759
6839,29.665,31.675,2.933
6840,30.874,31.212,2.658
6841,31.662,31.962,2.577
6842,32.330,31.855,2.692
6843,31.438,32.001,2.662
6844,31.127,31.430,2.780
6845,30.905,31.579,2.826
6846,31.120,32.887,2.820
6847,32.514,33.374,2.750
6848,31.510,32.237,2.611
6849,30.726,32.450,2.832
6850,30.323,31.111,2.769
6851,33.428,31.328,2.782
6852,32.908,30.778,2.777
6853,32.704,31.677,2.593
6854,31.786,32.555,2.637
6855,31.892,35.242,2.698
6856,30.648,33.652,2.751
6857,31.862,34.208,2.626
6858,30.840,34.575,2.546
6859,30.818,33.975,2.931
6860,30.162,34.413,2.805
6861,31.371,34.522,2.831
6862,29.957,34.238,2.581
6863,30.563,34.989,2.794
6864,29.912,33.551,2.723
6865,30.068,33.758,2.669
6866,29.729,34.344,2.638
6867,30.256,32.441,2.810
6868,30.740,33.374,2.588
6869,29.578,32.332,2.666
6870,30.381,32.184,2.645
6871,30.797,32.815,2.558
6872,30.925,33.679,2.689
6873,30.975,33.354,2.754
6874,29.848,32.132,2.699
6875,30.083,33.171,2.783
6876,30.249,34.215,2.644
6877,30.067,34.771,2.689
6878,30.142,33.968,2.569
6879,30.433,32.209,2.723
6880,31.414,33.341,2.786
6881,30.463,33.515,2.642
6882,30.548,33.809,2.646
6883,33.140,32.618,2.703
6884,32.933,32.914,2.687
6885,32.650,32.395,2.762
6886,29.946,33.051,2.734
6887,29.782,33.571,2.826
6888,30.023,33.596,2.784
6889,30.149,35.220,2.916
6890,30.543,35.338,2.789
6891,30.675,35.041,2.777
6892,30.840,34.033,2.687
6893,31.374,33.834,2.768
6894,30.240,33.575,2.693
6895,29.661,32.234,2.844
6896,28.930,33.402,2.691
6897,29.443,32.858,2.625
6898,28.896,32.974,2.715
6899,29.110,34.001,5.224
6900,28.109,32.310,6.509
6901,28.077,32.613,6.948
6902,28.812,33.764,5.531
6903,28.532,31.953,6.312
6904,30.525,32.204,4.578
6905,30.125,31.704,4.336
6906,29.404,31.153,4.407
6907,29.589,31.906,4.264
6908,29.900,31.468,4.639
6909,29.362,31.747,4.621
6910,30.656,31.988,4.472
6911,31.256,32.297,4.513
6912,30.880,31.300,4.334
6913,32.685,31.919,4.561
6914,32.468,33.060,4.097
6915,32.884,31.661,4.489
6916,33.408,33.057,4.587
6917,30.625,32.034,3.892
6918,30.151,31.903,4.099
6919,30.587,30.537,2.876
6920,30.259,31.937,2.662
6921,30.040,31.176,5.377
6922,30.056,30.981,4.570
6923,30.397,31.502,5.187
6924,29.507,30.468,2.724
6925,30.794,31.161,2.868
6926,30.366,31.374,2.818
6927,30.179,31.454,2.839
6928,29.317,30.441,2.670
6929,30.697,31.442,2.590
6930,30.498,32.220,2.663
6931,30.811,31.222,2.789
6932,31.936,31.155,2.735
6933,30.535,31.057,2.542
6934,30.254,31.066,2.748
6935,30.176,31.636,2.991
6936,30.144,31.253,3.635
6937,30.661,32.251,2.673
6938,29.691,31.749,2.794
6939,29.754,30.746,2.746
6940,30.087,30.564,2.664
6941,29.470,31.319,2.644
6942,30.799,31.250,2.902
6943,31.328,31.959,2.673
6944,29.515,31.133,2.830
6945,29.835,31.084,2.899
6946,30.289,30.104,2.670
6947,29.934,30.964,2.594
6948,29.124,30.437,2.777
6949,29.129,29.679,2.618
6950,30.103,31.894,2.708
6951,31.440,30.971,2.682
6952,31.933,32.029,2.506
6953,32.632,30.478,2.630
6954,32.028,30.747,2.640
6955,30.628,31.901,2.661
6956,30.756,31.113,2.675
6957,30.222,32.243,2.726
6958,30.635,31.380,3.211
6959,32.502,31.209,2.735
6960,32.270,31.920,2.835
6961,33.173,32.288,2.712
6962,32.296,31.639,2.586
6963,32.078,32.514,2.739
6964,29.586,31.703,2.610
6965,29.957,33.828,2.693
6966,29.403,32.076,2.844
6967,31.718,32.330,2.828
6968,33.151,31.763,2.700
6969,32.334,30.897,2.774
6970,31.822,31.961,2.697
6971,32.183,32.080,2.841
6972,33.060,32.805,2.701
6973,32.917,31.310,2.624
6974,32.127,31.853,2.638
6975,33.129,32.743,2.622
6976,32.523,31.793,2.837
6977,32.006,32.136,2.649
6978,29.774,31.854,2.845
6979,30.355,31.562,2.743
6980,31.713,30.256,2.785
6981,32.627,31.827,2.710
6982,32.170,30.772,2.487
6983,33.448,30.897,2.722
6984,31.844,31.584,2.621
6985,33.389,30.728,2.678
6986,32.791,30.217,2.774
6987,31.854,31.126,2.607
6988,32.995,30.910,2.639
6989,32.525,31.237,2.563
6990,32.965,31.403,2.605
6991,32.793,31.528,2.584
6992,31.353,30.772,2.753
6993,33.954,29.682,2.679
6994,30.920,29.931,2.869
6995,33.518,30.710,2.672
6996,33.290,30.498,2.582
6997,33.510,31.771,2.628
6998,32.444,30.368,2.894
6999,33.368,31.566,2.686
7000,33.355,31.317,4.498
7001,33.208,31.482,4.337
7002,33.106,31.796,4.432
7003,30.654,32.442,4.382
7004,30.552,30.578,4.461
7005,30.246,31.471,4.274
7006,31.244,31.148,2.764
7007,30.768,31.562,2.722
7008,31.163,31.352,2.556
7009,30.218,31.370,3.083
7010,29.077,30.763,2.755
7011,30.391,31.375,2.770
7012,30.599,31.477,2.619
7013,30.555,31.489,2.706
7014,29.158,30.253,2.748
7015,30.005,30.489,2.780
7016,30.565,30.959,2.586
7017,30.855,30.889,2.754
7018,30.718,31.228,2.695
7019,31.153,31.875,2.671
7020,29.292,29.932,2.732
7021,30.662,31.702,2.788
7022,30.939,30.826,2.723
7023,30.595,32.273,5.497
7024,30.911,32.548,5.511
7025,30.744,32.058,5.096
7026,31.235,32.742,5.359
7027,31.024,31.973,5.156
7028,30.825,32.280,5.307
7029,31.510,32.458,5.220
7030,31.126,32.163,5.479
7031,32.168,32.269,6.189
7032,31.246,31.645,5.312
7033,31.659,32.242,5.354
7034,31.032,32.187,5.268
7035,30.424,31.816,5.349
7036,30.652,31.660,5.416
7037,31.426,31.435,4.974
7038,31.443,31.463,4.984
7039,32.974,30.916,5.437
7040,32.853,31.730,5.269
7041,31.550,30.593,5.263
7042,30.638,31.373,5.387
7043,31.507,30.025,5.278
7044,29.909,32.450,6.696
7045,31.789,31.309,4.577
7046,31.020,32.385,7.697
7047,30.420,32.053,7.175
7048,32.020,32.697,5.465
7049,30.834,31.736,6.465
7050,30.294,31.118,6.111
7051,31.161,31.033,5.328
7052,30.624,31.306,5.108
7053,29.843,30.683,5.139
7054,30.365,31.233,4.704
7055,31.665,31.253,5.209
7056,30.913,31.761,4.500
7057,31.759,32.062,4.920
7058,31.323,31.353,5.258
7059,31.605,31.461,4.915
7060,33.032,31.723,4.706
7061,31.393,31.537,4.622
7062,32.541,32.207,5.811
7063,30.581,31.459,4.581
7064,30.984,30.679,4.557
7065,31.215,32.197,4.580
7066,31.192,32.359,5.171
7067,30.642,32.286,4.718
7068,31.426,32.948,4.385
7069,30.658,32.543,5.200
7070,32.026,31.801,4.717
7071,33.559,32.548,4.498
7072,32.938,31.789,4.984
7073,32.030,31.801,4.159
7074,31.497,31.919,4.480
7075,30.024,31.629,4.311
7076,30.462,31.591,4.182
7077,30.565,30.872,3.564
7078,30.384,31.771,2.816
7079,31.201,32.050,2.809
7080,31.101,31.166,2.685
7081,31.098,32.644,2.642
7082,30.973,32.242,2.727
7083,29.951,31.432,2.656
7084,32.490,31.880,2.698
7085,31.552,31.401,2.630
7086,31.157,31.661,2.820
7087,30.790,31.047,2.972
7088,30.622,31.951,2.626
7089,31.671,31.764,2.877
7090,32.473,30.992,2.752
7091,31.321,32.083,2.615
7092,31.668,31.108,2.608
7093,30.322,30.684,2.686
7094,31.012,31.204,2.570
7095,30.431,31.040,2.535
7096,30.241,31.650,2.581
7097,30.368,31.426,2.743
7098,30.936,31.466,2.885
7099,29.977,31.603,2.815
7100,30.670,31.890,2.628
7101,30.032,30.025,2.587
7102,31.391,30.816,2.663
7103,30.367,31.071,2.835
7104,30.905,31.893,2.707
7105,30.664,30.313,2.697
7106,30.943,30.429,2.648
7107,28.968,29.557,2.694
7108,31.198,31.118,2.727
7109,30.506,30.893,2.769
7110,30.623,30.987,2.913
7111,31.449,30.741,2.671
7112,30.427,30.550,2.766
7113,30.001,30.686,2.709
7114,30.602,31.065,2.737
7115,29.996,30.380,2.753
7116,30.121,31.212,2.600
7117,29.837,30.578,2.691
7118,29.985,31.353,4.280
7119,29.054,29.657,4.478
7120,29.826,31.019,4.310
7121,31.655,33.767,4.877
7122,31.102,33.468,4.397
7123,30.974,32.337,2.738
7124,29.280,31.904,2.634
7125,29.945,32.404,2.680
7126,30.518,32.012,2.651
7127,28.935,32.082,2.501
7128,30.395,30.806,2.641
7129,30.187,30.534,2.760
7130,30.052,29.393,2.528
7131,28.997,30.180,2.518
7132,31.382,30.783,2.729
7133,30.921,31.472,2.647
7134,30.970,30.184,2.791
7135,30.856,29.355,2.711
7136,29.314,29.699,2.531
7137,30.275,30.577,2.704
7138,29.997,31.426,2.806
7139,29.381,30.488,2.821
7140,29.689,30.605,2.688
7141,29.993,31.245,2.611
7142,30.154,30.140,2.721
7143,29.506,30.657,2.771
7144,29.878,29.495,2.753
7145,29.349,29.935,2.762
7146,29.640,30.159,2.639
7147,30.432,30.763,2.607
7148,29.460,30.626,2.722
7149,30.086,30.155,2.754
7150,29.892,29.744,2.793
7151,29.982,30.696,2.732
7152,28.926,29.983,2.680
7153,29.453,29.407,2.667
7154,30.708,29.457,2.630
7155,29.830,29.888,2.615
7156,29.498,29.964,2.809
7157,29.659,31.257,2.654
7158,28.907,30.277,3.199
7159,29.651,29.727,3.235
7160,29.067,29.837,2.659
7161,29.652,30.423,2.718
7162,31.263,29.290,2.720
7163,29.435,29.571,2.734
7164,28.536,29.631,2.645
7165,29.779,29.531,2.756
7166,29.519,29.091,2.781
7167,28.712,30.361,2.841
7168,29.694,30.331,2.598
7169,28.605,30.419,2.609
7170,29.948,31.406,2.712
7171,29.408,29.969,2.758
7172,28.975,30.328,2.771
7173,29.091,30.524,2.618
7174,30.135,31.644,4.021
7175,28.028,31.696,2.715
7176,28.530,29.742,2.836
7177,28.575,29.592,2.888
7178,27.811,31.266,2.909
7179,28.268,30.709,2.635
7180,28.614,33.124,2.805
7181,29.100,31.370,2.638
7182,29.125,32.270,2.681
7183,29.177,30.590,2.871
7184,29.418,30.875,2.797
7185,28.101,31.906,2.512
7186,29.114,32.687,2.693
7187,28.718,31.820,2.657
7188,29.023,31.108,2.752
7189,28.787,32.486,2.809
7190,29.157,32.080,3.786
7191,30.037,32.688,4.792
7192,28.924,32.218,4.745
7193,29.642,32.251,4.895
7194,30.222,31.781,4.782
7195,29.868,32.200,4.477
7196,30.011,32.223,4.639
7197,29.552,32.416,4.947
7198,29.263,31.615,3.899
7199,30.122,33.866,4.714
7200,29.315,33.963,4.244
7201,31.229,32.945,2.607
7202,32.007,32.216,2.682
7203,30.879,32.282,4.192
7204,32.318,30.695,5.414
7205,32.114,30.430,4.982
7206,32.611,31.004,6.035
7207,32.803,30.944,7.843
7208,32.745,32.005,6.867
7209,32.073,31.810,7.782
7210,29.570,30.526,7.859
7211,30.001,31.471,7.755
7212,29.477,31.711,6.731
7213,29.192,32.536,5.721
7214,28.918,32.607,6.972
7215,29.438,31.346,5.625
7216,29.077,31.935,7.727
7217,29.063,31.549,7.559
7218,29.457,31.662,7.013
7219,29.338,33.757,7.035
7220,28.252,30.175,7.149
7221,28.807,32.050,7.436
7222,29.232,31.723,7.121
7223,29.174,32.894,7.577
7224,28.572,31.400,6.279
7225,28.991,32.956,7.511
7226,29.326,33.564,6.726
7227,29.875,33.446,6.514
7228,30.555,34.254,7.323
7229,32.013,34.120,6.849
7230,28.474,33.027,6.500
7231,29.562,32.630,7.195
7232,29.346,33.396,7.035
7233,29.906,32.666,7.545
7234,29.020,32.296,7.567
7235,28.386,31.180,7.307
7236,28.816,33.156,6.700
7237,29.142,34.365,7.899
7238,28.653,33.748,7.407
7239,28.304,32.036,8.600
7240,30.193,33.584,6.337
7241,29.688,34.340,8.385
7242,30.044,33.758,8.208
7243,28.854,32.644,7.798
7244,29.949,33.745,8.192
7245,28.860,33.328,8.402
7246,29.397,32.315,7.546
7247,28.552,32.736,7.826
7248,28.908,31.452,8.216
7249,29.813,32.355,8.297
7250,27.606,32.732,5.428
7251,27.419,30.853,5.049
7252,28.504,31.795,4.500
7253,31.161,32.070,6.475
7254,29.505,33.286,7.866
7255,30.796,33.369,7.035
7256,29.396,32.655,8.202
7257,29.515,33.752,8.086
7258,30.346,34.992,6.794
7259,29.489,32.193,6.921
7260,28.965,33.012,7.581
7261,29.470,33.984,7.288
7262,29.518,33.574,7.663
7263,28.740,33.188,8.282
7264,28.580,32.565,7.804
7265,29.655,34.859,7.784
7266,29.878,34.191,7.507
7267,29.177,33.188,7.036
7268,29.381,32.314,7.585
7269,29.097,33.475,7.925
7270,30.080,33.520,6.884
7271,29.664,33.216,7.842
7272,29.518,34.327,8.439
7273,29.727,33.127,8.593
7274,30.039,34.001,6.882
7275,32.057,35.503,7.281
7276,30.089,34.135,8.189
7277,29.419,32.797,6.997
7278,29.398,33.667,5.899
7279,28.530,33.640,7.312
7280,28.538,34.450,6.656
7281,27.808,33.774,8.352
7282,29.476,33.494,6.709
7283,28.460,32.641,7.077
7284,27.692,32.692,7.059
7285,28.619,32.307,8.341
7286,28.665,33.288,8.030
7287,29.273,32.564,7.595
7288,28.393,31.530,7.462
7289,29.355,31.995,8.113
7290,29.244,32.515,6.831
7291,29.302,32.484,7.373
7292,28.999,31.658,6.911
7293,29.770,32.743,7.420
7294,29.934,32.316,7.127
7295,29.293,32.193,7.670
7296,29.828,32.866,7.007
7297,29.554,31.716,7.405
7298,29.227,31.896,6.755
7299,28.364,31.253,7.166
7300,29.391,33.430,6.897
7301,29.467,33.848,7.304
7302,30.045,33.306,8.279
7303,30.863,34.337,8.360
7304,29.642,33.681,8.470
7305,29.925,33.501,7.615
7306,29.652,33.599,7.332
7307,29.480,33.508,7.571
7308,29.245,32.131,6.506
7309,30.105,32.992,7.343
7310,27.786,31.166,8.722
7311,28.255,32.024,9.897
7312,28.692,33.266,8.352
7313,28.359,33.478,10.187
7314,32.791,34.105,7.563
7315,29.964,33.323,7.499
7316,30.784,33.931,6.644
7317,30.732,34.093,7.364
7318,28.046,32.789,8.658
7319,28.169,31.920,8.561
7320,29.852,33.371,8.296
7321,29.112,33.664,9.091
7322,28.988,32.841,8.845
7323,31.321,35.103,7.770
7324,29.487,33.189,7.373
7325,28.940,34.320,7.575
7326,28.547,33.199,7.950
7327,30.753,35.624,6.483
7328,29.663,34.435,6.638
7329,30.128,34.443,8.166
7330,27.505,33.860,8.672
7331,28.453,33.252,7.463
7332,29.664,33.922,6.970
7333,28.205,31.995,8.406
7334,24.648,29.713,12.520
7335,29.597,33.213,8.718
7336,30.177,33.221,8.196
7337,30.405,33.547,6.206
7338,28.613,31.502,6.897
7339,32.373,32.969,7.692
7340,29.933,32.939,7.682
7341,29.828,33.462,6.983
7342,29.351,31.936,7.274
7343,30.140,33.273,7.840
7344,29.156,33.427,8.243
7345,29.930,33.589,7.370
7346,29.103,31.320,7.076
7347,28.775,31.702,7.162
7348,28.571,31.943,6.451
7349,30.094,32.563,5.378
7350,28.831,32.332,8.264
7351,29.619,32.536,7.814
7352,29.587,32.807,6.910
7353,30.133,32.403,6.615
7354,30.710,33.249,8.449
7355,31.423,33.818,6.895
7356,30.991,31.758,7.013
7357,32.495,33.552,6.430
7358,29.680,32.716,6.463
7359,29.298,33.388,6.174
7360,29.171,32.977,6.583
7361,30.271,33.672,7.723
7362,28.434,31.253,7.187
7363,29.160,31.784,7.595
7364,28.477,31.503,5.660
7365,27.788,31.322,8.205
7366,29.500,31.859,5.903
7367,27.166,31.694,8.769
7368,28.206,30.906,6.940
7369,29.302,32.063,5.300
7370,29.357,32.470,6.755
7371,28.511,32.022,7.961
7372,31.107,32.037,9.161
7373,31.269,31.922,6.525
7374,30.158,32.927,6.353
7375,29.039,31.523,7.005
7376,29.430,33.443,7.264
7377,28.329,33.127,7.047
7378,29.502,32.227,6.031
7379,31.417,32.672,6.849
7380,30.371,31.571,7.204
7381,31.224,32.625,7.554
7382,28.996,33.700,7.545
7383,31.458,33.772,6.963
7384,29.851,33.949,6.824
7385,30.395,33.522,7.076
7386,30.321,33.094,6.535
7387,29.713,33.211,8.317
7388,28.719,32.233,6.558
7389,30.019,33.364,6.623
7390,28.737,32.714,6.828
7391,31.231,31.934,7.516
7392,29.441,33.071,7.113
7393,30.350,33.868,7.100
7394,30.108,33.046,7.417
7395,29.613,33.888,7.257
7396,29.650,32.758,7.614
7397,31.775,33.918,7.480
7398,30.891,33.106,7.714
7399,30.804,32.505,7.647
7400,32.301,32.651,7.539
7401,30.633,32.516,7.627
7402,30.564,32.333,6.609
7403,29.534,32.659,7.800
7404,30.108,32.556,5.890
7405,29.207,33.262,6.054
7406,28.175,31.704,9.174
7407,29.058,32.008,8.404
7408,28.444,31.343,8.759
7409,28.743,31.166,6.427
7410,29.500,33.201,7.162
7411,30.397,33.483,7.978
7412,31.943,33.981,8.530
7413,31.606,33.036,7.757
7414,31.945,33.350,7.220
7415,31.698,31.741,7.904
7416,31.897,33.157,7.441
7417,31.035,31.906,6.240
7418,30.375,32.259,5.398
7419,30.270,32.380,7.451
7420,29.808,31.506,5.065
7421,30.091,32.697,5.484
7422,30.052,32.149,5.084
7423,29.393,31.054,5.536
7424,30.854,31.063,5.204
7425,29.698,31.196,4.629
7426,30.405,32.021,5.039
7427,30.584,32.647,4.721
7428,30.390,32.653,5.515
7429,31.604,34.302,5.170
7430,30.929,32.906,5.689
7431,30.689,33.263,5.406
7432,30.055,32.606,7.172
7433,30.193,31.861,7.860
7434,30.125,32.681,7.810
7435,29.996,32.554,7.855
7436,28.957,32.352,8.039
7437,30.152,33.390,8.585
7438,30.527,32.387,7.867
7439,30.471,33.712,7.883
7440,31.517,34.327,7.592
7441,30.113,33.494,7.954
7442,31.719,33.783,7.874
7443,30.927,34.271,7.372
7444,29.951,32.828,8.194
7445,30.098,33.403,8.710
7446,29.709,32.606,7.647
7447,30.830,32.912,7.332
7448,30.566,31.917,6.585
7449,30.861,33.261,8.528
7450,30.234,33.460,8.239
7451,31.024,33.969,8.806
7452,31.917,34.791,8.870
7453,33.341,34.155,5.354
7454,34.036,34.544,7.938
7455,31.932,34.252,10.002
7456,32.988,33.745,8.408
7457,32.537,33.244,8.730
7458,32.447,33.873,7.739
7459,32.178,32.053,4.533
7460,31.432,32.090,4.569
7461,33.298,33.820,8.213
7462,31.478,31.764,8.859
7463,29.239,30.933,9.255
7464,29.316,31.898,9.306
7465,31.361,32.775,8.203
7466,30.021,30.803,6.878
7467,30.522,32.104,8.896
7468,30.957,32.788,7.270
7469,31.017,32.020,6.763
7470,30.964,30.855,5.855
7471,31.271,31.410,7.156
7472,31.756,31.990,7.694
7473,32.255,31.774,7.703
7474,30.601,30.149,8.845
7475,31.538,32.198,8.438
7476,31.466,31.581,8.385
7477,29.104,31.845,7.953
7478,29.456,30.816,9.325
7479,31.410,31.182,5.435
7480,32.264,33.497,5.881
7481,31.087,30.761,5.349
7482,32.544,32.895,7.071
7483,31.973,32.549,7.174
7484,31.402,31.761,7.307
7485,29.033,31.574,8.045
7486,29.656,31.821,7.267
7487,29.407,31.849,6.664
7488,30.065,32.152,7.037
7489,29.097,32.549,6.575
7490,29.402,32.767,6.919
7491,29.306,32.267,7.613
7492,28.979,32.116,7.106
7493,31.366,32.875,7.060
7494,30.456,32.006,7.198
7495,31.843,32.609,6.651
7496,31.771,32.636,6.458
7497,29.197,31.444,6.999
7498,30.205,33.107,7.459
7499,29.605,32.237,5.247
7500,29.414,32.462,5.407
7501,29.637,32.913,8.466
7502,29.885,32.989,7.550
7503,29.718,32.740,7.629
7504,29.565,33.205,6.933
7505,27.667,31.619,7.658
7506,30.178,33.414,8.997
7507,28.699,32.698,8.628
7508,30.060,33.003,8.540
7509,30.057,33.154,8.964
7510,28.831,32.073,7.793
7511,30.536,32.949,6.916
7512,28.690,32.875,7.901
7513,29.018,32.053,5.556
7514,27.875,31.440,8.823
7515,28.666,31.134,6.869
7516,28.570,31.695,8.720
7517,29.564,32.554,7.245
7518,28.632,31.866,7.214
7519,28.085,31.684,7.005
7520,27.885,31.429,6.435
7521,27.903,30.808,6.719
7522,27.701,30.508,8.226
7523,27.949,31.161,9.977
7524,27.097,30.040,10.215
7525,25.123,30.377,12.531
7526,26.858,31.574,9.886
7527,27.947,33.278,8.307
7528,27.099,31.326,10.022
7529,26.417,30.410,11.065
7530,27.436,30.691,8.320
7531,28.660,30.664,6.653
7532,28.447,31.955,8.605
7533,25.955,30.553,9.923
7534,26.518,32.405,10.591
7535,28.551,31.912,7.929
7536,27.207,32.151,10.321
7537,25.147,31.239,10.914
7538,26.346,32.220,11.250
7539,24.868,30.249,10.562
7540,25.053,30.497,11.316
7541,26.214,31.148,11.324
7542,25.914,31.109,11.131
7543,23.995,28.670,12.343
7544,25.195,30.682,11.882
7545,27.989,32.196,8.867
7546,28.503,32.260,7.781
7547,26.745,31.851,8.897
7548,28.512,32.258,7.517
7549,27.030,30.858,8.129
7550,29.157,31.872,8.717
7551,26.750,31.499,10.231
7552,28.753,33.478,7.894
7553,28.374,32.273,8.151
7554,27.243,31.175,7.817
7555,25.145,31.091,11.391
7556,25.132,29.218,11.824
7557,24.427,30.273,12.748
7558,25.135,29.456,12.100
7559,25.561,29.537,11.787
7560,24.292,29.338,11.885
7561,27.480,31.399,9.389
7562,26.479,30.241,9.876
7563,25.438,30.262,11.708
7564,28.773,32.876,10.024
7565,26.192,30.352,11.309
7566,27.648,31.039,9.858
7567,27.637,31.068,8.716
7568,26.880,29.502,6.640
7569,29.290,32.450,8.687
7570,30.498,32.554,6.992
7571,27.932,31.231,8.479
7572,27.007,30.055,9.771
7573,29.186,31.881,8.244
7574,28.233,31.731,8.232
7575,28.601,31.965,8.921
7576,27.234,31.148,9.483
7577,26.041,29.983,12.267
7578,28.554,31.256,7.524
7579,28.470,32.624,7.782
7580,28.011,32.697,8.756
7581,29.031,31.555,6.194
7582,29.309,32.419,8.253
7583,28.426,30.642,8.588
7584,26.988,30.471,8.680
7585,27.541,31.380,7.803
7586,28.447,31.120,7.135
7587,30.062,32.115,7.244
7588,30.138,31.260,5.909
7589,29.271,31.237,5.765
7590,29.594,31.797,6.027
7591,29.763,31.554,5.817
7592,28.426,30.119,6.002
7593,29.549,31.760,5.800
7594,29.572,31.705,6.212
7595,28.334,31.019,5.859
7596,27.987,30.421,5.953
7597,28.282,31.484,5.919
7598,28.064,30.659,5.974
7599,29.424,31.839,5.746
7600,28.916,31.577,6.636
7601,28.878,31.126,6.181
7602,28.986,31.279,6.467
7603,30.146,32.148,6.103
7604,28.347,30.310,5.178
7605,29.276,32.440,5.766
7606,29.154,31.940,6.887
7607,28.558,32.198,6.458
7608,28.360,31.686,5.910
7609,28.758,32.006,5.329
7610,30.157,32.282,5.480
7611,28.321,31.489,6.774
7612,29.344,32.382,4.888
7613,28.662,32.549,6.881
7614,30.491,33.728,8.015
7615,29.547,32.974,7.193
7616,29.150,32.887,8.723
7617,28.269,32.299,6.705
7618,29.671,32.782,7.646
7619,28.411,33.146,9.281
7620,28.143,32.864,10.150
7621,27.991,32.730,8.296
7622,28.694,32.890,7.416
7623,27.281,33.133,8.217
7624,26.965,32.939,9.697
7625,28.463,32.993,8.005
7626,27.792,32.831,9.010
7627,27.068,32.965,9.387
7628,29.131,33.106,8.196
7629,27.993,33.287,9.794
7630,29.857,34.114,8.422
7631,28.867,34.192,8.657
7632,30.078,33.644,8.674
7633,29.980,33.333,8.610
7634,29.564,33.037,7.689
7635,30.248,33.509,7.604
7636,31.384,34.628,5.224
7637,31.184,33.563,5.056
7638,30.161,31.572,2.686
7639,29.109,32.610,4.694
7640,29.685,33.148,4.434
7641,29.457,33.284,5.462
7642,29.751,33.184,4.788
7643,29.164,32.475,2.705
7644,29.350,33.061,2.817
7645,28.324,31.212,2.636
7646,28.333,30.901,2.574
7647,28.401,30.981,2.742
7648,28.889,31.837,2.754
7649,29.354,32.425,2.873
7650,29.604,31.039,2.728
7651,30.021,31.722,2.649
7652,29.847,31.799,2.631
7653,29.747,32.037,2.762
7654,29.881,31.863,2.618
7655,29.992,31.971,2.732
7656,29.105,32.146,2.683
7657,29.023,32.366,2.730
7658,29.272,32.184,2.744
7659,29.706,31.732,2.559
7660,29.381,31.988,2.662
7661,29.116,32.151,2.636
7662,29.226,31.706,2.730
7663,29.625,31.534,2.667
7664,29.635,32.480,2.747
7665,31.020,32.268,2.831
7666,29.904,33.084,2.857
7667,30.569,32.508,2.565
7668,30.052,31.978,2.767
7669,29.881,31.781,2.590
7670,29.869,32.851,2.579
7671,30.005,32.265,2.746
7672,29.683,31.620,2.700
7673,31.116,32.205,3.033
7674,31.162,32.798,2.763
7675,30.651,31.764,4.752
7676,29.518,31.671,4.728
7677,31.153,32.009,4.613
7678,30.427,30.935,4.330
7679,29.306,30.494,5.690
7680,29.225,30.761,2.796
7681,29.074,30.614,2.720
7682,28.550,31.310,2.620
7683,30.130,30.332,2.644
7684,29.471,31.503,2.579
7685,29.188,29.579,2.683
7686,28.560,31.153,2.741
7687,28.811,30.337,2.637
7688,29.751,30.795,2.744
7689,30.111,30.627,2.626
7690,29.505,30.679,2.608
7691,29.668,30.599,2.882
7692,30.090,31.523,2.847
7693,30.290,31.696,2.687
7694,29.749,31.161,2.642
7695,30.010,30.337,3.138
7696,30.517,30.835,2.680
7697,29.805,30.681,2.748
7698,29.693,30.986,2.732
7699,29.944,31.381,2.682
7700,29.898,32.150,4.661
7701,30.394,32.071,5.310
7702,30.902,31.832,3.470
7703,29.223,30.955,2.556
7704,30.489,31.650,3.003
7705,29.484,31.337,2.752
7706,28.948,30.246,2.946
7707,29.694,30.620,2.699
7708,29.536,31.060,2.671
7709,29.753,31.486,2.638
7710,29.563,30.659,2.824
7711,29.531,30.766,2.878
7712,30.060,32.203,2.650
7713,31.628,31.635,2.557
7714,29.440,30.784,2.762
7715,28.526,31.153,2.681
7716,29.150,31.078,2.819
7717,29.683,31.475,2.718
7718,30.476,32.627,2.929
7719,31.065,32.438,2.607
7720,30.666,31.774,2.628
7721,31.009,32.977,2.737
7722,30.316,31.560,2.536
7723,30.363,32.511,2.869
7724,30.290,32.827,2.784
7725,30.476,32.606,2.661
7726,31.264,32.742,2.797
7727,30.220,31.693,2.852
7728,29.281,31.425,2.729
7729,30.502,32.297,2.668
7730,30.871,32.157,2.610
7731,30.906,32.504,2.724
7732,29.321,30.833,2.723
7733,30.037,30.997,2.641
7734,29.732,31.008,2.628
7735,30.575,31.006,2.675
7736,30.195,30.400,2.782
7737,30.190,30.940,2.692
7738,29.457,29.762,2.710
7739,28.680,30.330,2.588
7740,28.864,30.213,2.561
7741,29.926,30.937,2.730
7742,29.159,30.696,2.695
7743,30.064,30.489,2.647
7744,29.140,30.604,2.787
7745,29.945,30.438,2.581
7746,29.965,30.181,2.603
7747,29.534,30.558,2.951
7748,29.694,31.120,2.713
7749,30.101,31.790,2.799
7750,30.883,31.874,2.613
7751,30.741,31.748,2.878
7752,30.432,32.332,2.892
7753,29.613,31.605,2.778
7754,30.022,31.588,2.741
7755,30.425,31.020,2.855
7756,30.322,31.266,2.765
7757,30.358,31.053,2.695
7758,29.720,31.470,2.856
7759,29.385,31.107,2.615
7760,29.297,31.344,4.768
7761,30.852,31.561,4.342
7762,30.887,32.131,3.314
7763,29.253,30.432,3.945
7764,30.875,31.194,2.706
7765,29.562,30.805,2.743
7766,29.818,31.314,2.723
7767,30.057,31.662,2.650
7768,30.029,31.541,2.734
7769,28.337,29.954,2.929
7770,29.770,30.653,2.650
7771,30.466,30.613,2.787
7772,32.013,31.008,2.641
7773,30.353,30.476,2.782
7774,31.450,30.490,2.857
7775,31.870,30.872,2.591
7776,32.148,30.356,2.614
7777,30.267,30.335,2.639
7778,29.247,29.346,2.717
7779,29.004,30.391,2.613
7780,29.404,29.916,2.726
7781,28.546,29.262,2.622
7782,28.961,29.878,2.924
7783,31.900,29.959,2.600
7784,32.180,30.116,2.612
7785,32.538,29.849,2.683
7786,32.345,29.975,2.684
7787,32.542,29.344,2.694
7788,32.297,29.940,2.632
7789,31.411,30.965,2.721
7790,29.330,29.046,2.643
7791,29.966,30.671,2.606
7792,30.443,29.351,2.660
7793,29.127,29.838,2.729
7794,29.639,29.392,2.985
7795,29.081,29.193,2.663
7796,28.431,29.478,2.842
7797,29.506,29.368,2.661
7798,29.572,28.866,2.734
7799,28.826,28.526,2.780
7800,30.124,31.270,2.648
7801,30.523,30.836,2.726
7802,30.285,30.477,2.621
7803,30.065,30.499,2.828
7804,30.092,30.458,2.579
7805,29.487,29.057,2.727
7806,28.848,29.340,2.708
7807,30.241,30.494,2.657
7808,28.744,30.334,2.709
7809,29.425,29.931,2.601
7810,29.960,29.253,2.743
7811,29.443,29.438,2.702
7812,30.562,30.599,2.794
7813,29.740,29.595,2.589
7814,29.681,30.235,2.555
7815,29.687,30.375,2.683
7816,29.435,29.493,2.774
7817,30.574,30.322,2.774
7818,30.513,30.090,2.719
7819,31.361,30.534,2.605
7820,30.993,29.954,2.730
7821,30.851,30.697,2.804
7822,30.047,29.880,2.673
7823,29.562,30.156,2.621
7824,29.247,30.261,2.805
7825,29.493,29.421,2.612
7826,29.852,29.619,2.658
7827,29.451,30.253,2.684
7828,28.734,29.723,2.883
7829,28.518,28.789,2.669
7830,29.285,30.302,5.048
7831,29.558,31.120,5.614
7832,27.941,29.827,6.753
7833,26.996,29.563,9.777
7834,25.116,28.402,11.553
7835,26.477,29.645,9.780
7836,28.941,31.413,9.191
7837,26.553,28.781,11.267
7838,25.375,28.495,11.689
7839,28.102,30.754,8.667
7840,28.811,31.400,8.551
7841,28.542,30.797,6.968
7842,27.229,29.760,8.989
7843,27.170,29.500,9.635
7844,27.979,29.264,9.230
7845,27.465,28.717,10.124
7846,26.802,28.763,8.492
7847,26.015,28.535,10.433
7848,26.083,28.249,9.611
7849,25.686,28.755,11.020
7850,26.814,29.121,9.226
7851,26.430,29.684,11.510
7852,25.485,29.963,10.864
7853,26.282,29.762,10.842
7854,26.120,28.943,9.444
7855,27.389,30.286,9.448
7856,26.070,29.273,10.925
7857,25.613,29.440,11.864
7858,26.723,28.911,7.760
7859,26.986,28.640,6.466
7860,27.618,30.558,9.562
7861,26.872,30.079,9.553
7862,25.916,28.892,10.426
7863,25.241,29.065,11.051
7864,28.303,29.706,8.233
7865,27.943,30.314,10.322
7866,26.618,28.365,10.385
7867,26.436,28.130,10.465
7868,28.645,30.175,7.856
7869,28.080,29.983,7.879
7870,27.897,29.947,9.422
7871,28.097,29.950,9.485
7872,28.797,30.219,8.189
7873,27.610,29.467,9.433
7874,28.877,29.283,5.382
7875,26.032,27.759,9.874
7876,26.624,30.137,9.732
7877,28.590,32.140,7.400
7878,28.191,31.366,8.458
7879,27.504,31.641,8.662
7880,25.532,30.158,10.514
7881,25.664,29.471,11.462
7882,25.375,28.937,11.094
7883,26.070,29.244,10.629
7884,26.705,29.999,10.939
7885,26.709,29.238,10.583
7886,27.705,29.978,9.461
7887,29.132,30.125,8.876
7888,28.162,30.333,9.375
7889,25.210,27.911,10.890
7890,25.689,28.321,10.804
7891,25.518,29.432,12.002
7892,28.603,31.081,8.333
7893,27.062,29.490,8.435
7894,28.906,32.046,8.383
7895,27.938,29.641,7.863
7896,28.049,29.004,7.429
7897,28.695,30.621,9.261
7898,29.552,31.232,9.126
7899,28.104,30.429,8.497
7900,27.258,29.515,9.842
7901,26.029,29.321,10.618
7902,27.314,30.556,7.928
7903,31.170,30.872,9.748
7904,30.463,31.994,8.454
7905,29.065,32.056,6.783
7906,28.084,30.198,9.007
7907,25.761,29.462,10.622
7908,26.502,29.320,10.433
7909,27.779,30.460,9.435
7910,26.829,28.507,9.243
7911,28.473,30.945,7.270
7912,27.626,29.795,9.459
7913,26.536,29.170,10.739
7914,24.961,27.965,10.335
7915,25.096,27.652,11.686
7916,27.499,29.242,9.600
7917,26.665,29.253,10.959
7918,26.866,29.726,11.371
7919,27.846,29.606,10.368
7920,28.782,30.291,7.509
7921,25.357,28.089,10.038
7922,26.879,29.462,9.758
7923,27.471,29.519,9.387
7924,26.831,29.019,9.345
7925,27.354,30.906,9.967
7926,27.271,30.770,9.664
7927,28.242,30.024,8.941
7928,28.005,31.901,9.060
7929,26.722,29.071,8.398
7930,27.632,30.452,8.194
7931,25.516,29.318,10.558
7932,26.780,30.353,9.170
7933,26.805,30.249,10.862
7934,24.817,28.504,12.413
7935,25.089,29.377,11.159
7936,26.940,31.353,10.856
7937,26.755,29.559,11.215
7938,25.705,29.468,11.551
7939,26.824,30.807,10.364
7940,26.394,30.886,9.539
7941,27.108,30.730,9.787
7942,26.298,30.166,10.023
7943,26.969,30.796,8.954
7944,28.304,31.369,8.784
7945,28.587,33.002,9.641
7946,29.274,32.553,9.418
7947,30.584,32.701,7.319
7948,28.805,32.501,8.783
7949,29.003,31.879,7.231
7950,29.675,32.523,6.820
7951,30.070,32.179,6.325
7952,30.673,32.951,6.605
7953,30.340,32.304,7.530
7954,30.434,31.064,6.239
7955,29.954,31.205,7.578
7956,30.410,31.102,6.703
7957,29.215,31.085,7.010
7958,30.000,31.421,6.836
7959,29.823,31.323,8.948
7960,29.845,32.401,8.207
7961,30.065,31.973,7.806
7962,29.764,31.806,8.522
7963,29.939,30.387,5.858
7964,29.457,29.820,6.495
7965,29.818,31.807,8.093
7966,30.471,31.997,6.743
7967,29.433,32.147,8.928
7968,30.224,33.144,7.894
7969,28.910,31.329,7.093
7970,29.861,32.465,8.439
7971,29.549,32.480,6.616
7972,29.251,31.680,7.421
7973,29.771,31.570,7.731
7974,29.105,31.682,9.152
7975,28.998,31.869,8.730
7976,28.149,30.798,7.295
7977,28.688,31.151,9.035
7978,28.269,29.971,4.981
7979,27.261,29.223,4.477
7980,27.697,28.848,2.613
7981,27.137,30.295,4.622
7982,27.535,30.060,4.812
7983,27.436,29.973,5.005
7984,28.689,31.373,7.467
7985,28.429,32.319,6.625
7986,27.388,30.794,4.422
7987,27.722,29.968,6.531
7988,26.858,28.213,2.796
7989,27.159,29.512,3.144
7990,26.524,29.114,2.637
7991,28.653,29.104,2.797
7992,28.347,30.223,2.897
7993,29.144,29.350,2.751
7994,28.507,29.852,3.686
7995,27.536,29.907,2.620
7996,27.475,29.728,2.738
7997,28.211,29.677,2.615
7998,28.682,29.946,2.707
7999,27.534,28.683,2.721
8000,28.799,30.943,2.781
8001,28.663,29.430,2.853
8002,29.714,29.538,2.668
8003,28.544,29.472,2.756
8004,28.413,29.971,2.865
8005,29.414,29.812,2.648
8006,29.674,29.423,2.776
8007,29.158,29.908,2.650
8008,29.260,29.984,2.632
8009,28.005,28.447,2.641
8010,28.595,29.311,2.878
8011,29.544,29.355,2.713
8012,29.263,29.841,2.824
8013,28.193,29.591,2.728
8014,27.284,28.751,2.615
8015,29.318,30.339,2.613
8016,29.766,29.978,2.719
8017,28.861,30.360,2.568
8018,29.301,29.824,2.605
8019,28.601,29.988,2.623
8020,29.643,31.145,2.841
8021,28.667,31.016,2.555
8022,30.702,30.673,2.677
8023,29.231,31.667,2.637
8024,29.273,31.185,2.625
8025,30.014,32.293,2.826
8026,28.175,31.286,2.659
8027,29.035,30.700,2.597
8028,28.045,29.998,2.608
8029,28.784,30.337,2.790
8030,29.234,30.710,2.593
8031,30.541,30.774,2.748
8032,29.016,30.137,2.774
8033,27.873,29.772,2.735
8034,27.909,29.578,2.590
8035,28.061,30.201,2.710
8036,30.170,30.447,2.748
8037,29.303,29.815,2.719
8038,30.489,30.312,2.660
8039,29.649,30.700,2.696
8040,29.095,30.754,2.598
8041,28.977,29.941,2.604
8042,30.119,30.614,2.743
8043,29.304,30.133,2.850
8044,28.456,30.569,2.739
8045,28.887,31.381,2.755
8046,28.626,31.164,2.785
8047,29.225,32.595,2.682
8048,28.340,32.286,2.825
8049,29.032,32.772,2.734
8050,30.002,33.229,2.718
8051,29.788,32.078,2.749
8052,30.173,32.717,2.846
8053,30.282,32.199,2.743
8054,28.802,32.143,2.661
8055,30.177,32.731,2.719
8056,30.453,32.101,2.728
8057,30.442,33.040,2.666
8058,30.823,32.778,2.748
8059,29.745,31.480,2.656
8060,31.183,33.246,2.551
8061,30.761,32.688,2.591
8062,30.379,31.883,2.826
8063,29.956,32.584,2.765
8064,29.675,32.844,2.766
8065,29.678,32.172,2.805
8066,30.112,33.196,2.913
8067,30.376,32.727,2.623
8068,29.977,31.412,2.613
8069,29.372,30.625,2.728
8070,30.348,31.484,2.564
8071,30.113,31.877,2.769
8072,29.909,30.535,2.593
8073,30.461,33.573,2.821
8074,30.108,32.834,2.701
8075,29.774,32.679,2.829
8076,30.088,32.854,2.941
8077,30.484,33.009,2.675
8078,29.946,32.185,2.603
8079,30.146,31.068,2.653
8080,29.226,31.274,2.644
8081,28.933,30.611,2.814
8082,29.586,31.557,2.727
8083,29.292,31.407,2.615
8084,29.425,32.293,4.955
8085,28.989,33.377,4.836
8086,30.256,33.707,5.313
8087,31.322,33.791,6.063
8088,30.367,33.695,5.782
8089,30.301,34.414,5.756
8090,31.125,34.620,7.313
8091,29.970,33.723,6.423
8092,30.525,34.151,6.433
8093,29.240,34.275,6.386
8094,29.709,34.790,6.931
8095,30.209,34.386,7.224
8096,29.776,35.064,6.919
8097,29.902,33.792,7.394
8098,30.105,34.247,7.885
8099,30.192,34.340,7.949
8100,30.214,33.306,6.305
8101,30.226,34.327,5.721
8102,29.617,34.412,6.619
8103,31.129,35.518,6.565
8104,29.915,34.661,7.122
8105,30.036,34.300,6.403
8106,30.226,34.546,6.166
8107,30.448,34.647,4.942
8108,30.663,34.926,6.689
8109,30.890,34.988,6.386
8110,30.788,34.785,6.573
8111,30.843,34.095,7.215
8112,31.255,34.399,6.759
8113,30.249,34.551,6.609
8114,29.656,32.142,2.626
8115,30.937,34.095,3.014
8116,30.577,33.269,2.782
8117,30.975,33.523,2.680
8118,30.971,33.839,2.549
8119,31.516,33.672,3.029
8120,30.619,32.479,2.672
8121,31.048,33.576,2.782
8122,30.756,32.615,2.793
8123,29.641,31.502,2.720
8124,30.777,32.186,2.663
8125,30.289,31.148,2.625
8126,30.497,31.089,2.835
8127,30.416,30.989,2.568
8128,29.088,30.867,2.725
8129,30.737,34.558,4.296
8130,29.617,31.476,5.060
8131,30.278,31.521,5.506
8132,30.576,32.485,5.938
8133,28.634,31.342,7.636
8134,29.183,31.722,6.696
8135,30.040,32.185,8.049
8136,28.438,31.777,7.927
8137,29.341,32.468,7.493
8138,29.094,32.042,7.768
8139,29.361,31.522,7.226
8140,30.961,31.787,7.083
8141,27.161,29.729,7.627
8142,30.300,31.183,7.635
8143,28.560,31.471,6.717
8144,29.394,31.203,6.775
8145,30.158,32.027,6.681
8146,29.400,30.627,7.071
8147,29.331,31.354,7.636
8148,29.980,31.330,6.561
8149,30.349,32.477,6.238
8150,30.744,31.980,6.019
8151,30.835,32.437,7.125
8152,29.443,30.927,6.024
8153,30.543,32.230,6.900
8154,29.340,32.541,7.085
8155,30.474,31.414,6.170
8156,29.330,32.678,7.393
8157,30.128,32.552,7.239
8158,30.433,32.050,6.773
8159,30.761,31.576,6.790
8160,31.005,32.082,5.452
8161,29.141,32.201,6.426
8162,30.408,32.716,5.772
8163,30.218,32.449,7.091
8164,30.817,31.541,5.518
8165,31.195,31.543,6.365
8166,30.084,32.050,7.281
8167,30.926,32.072,6.439
8168,29.664,31.610,7.185
8169,30.393,32.975,6.496
8170,30.162,32.351,6.924
8171,30.833,31.762,7.407
8172,29.534,32.402,6.728
8173,29.332,32.117,8.069
8174,28.560,31.029,6.343
8175,30.848,31.275,5.708
8176,30.900,31.767,7.245
8177,30.706,31.906,6.744
8178,30.502,30.526,6.382
8179,30.372,31.714,7.798
8180,30.908,32.174,7.527
8181,28.496,31.212,10.387
8182,29.727,31.548,7.671
8183,29.648,31.606,6.345
8184,31.678,32.712,6.582
8185,31.190,32.224,7.243
8186,28.387,30.200,7.119
8187,29.761,31.115,6.597
8188,29.953,31.297,8.510
8189,29.226,30.661,5.878
8190,30.288,30.842,5.762
8191,29.588,31.422,7.887
8192,29.382,31.163,8.713
8193,29.335,31.340,7.741
8194,28.774,30.716,5.249
8195,27.798,30.913,6.955
8196,30.551,31.375,4.841
8197,29.007,30.792,5.252
8198,29.061,30.977,6.905
8199,29.213,30.279,5.585
8200,29.983,31.650,5.593
8201,27.906,29.959,6.971
8202,28.439,31.632,7.623
8203,30.094,32.850,6.663
8204,29.822,31.795,5.657
8205,28.662,31.839,5.518
8206,28.985,31.078,7.203
8207,29.560,31.640,8.392
8208,30.195,32.730,7.123
8209,29.557,31.422,6.206
8210,26.569,30.125,8.763
8211,27.803,31.465,9.427
8212,27.340,30.780,9.780
8213,28.403,30.636,9.016
8214,28.144,29.862,9.452
8215,29.818,31.777,7.991
8216,27.867,31.616,8.335
8217,29.018,31.952,9.054
8218,27.148,30.864,9.466
8219,28.051,30.505,8.108
8220,28.829,30.960,8.612
8221,26.972,30.056,9.633
8222,27.446,29.906,8.386
8223,27.407,30.440,9.153
8224,27.393,29.752,8.990
8225,28.177,30.083,8.582
8226,27.877,30.675,8.808
8227,27.243,29.859,8.398
8228,26.908,29.931,8.803
8229,27.376,29.824,9.669
8230,26.571,30.285,7.808
8231,27.404,29.325,9.142
8232,26.728,30.524,10.206
8233,24.815,29.456,10.341
8234,25.278,29.548,10.626
8235,25.476,29.255,10.842
8236,25.798,28.953,10.916
8237,27.567,29.685,8.602
8238,26.250,28.943,9.710
8239,25.462,28.479,10.745
8240,26.577,29.906,10.759
8241,27.608,30.389,9.372
8242,27.636,31.244,8.027
8243,26.290,29.734,8.739
8244,26.660,29.364,8.880
8245,27.085,30.634,7.306
8246,26.504,30.367,9.087
8247,26.685,30.762,8.976
8248,27.262,29.956,8.727
8249,27.568,32.884,7.693
8250,27.816,32.151,7.420
8251,27.286,31.003,7.195
8252,29.003,32.268,7.314
8253,27.309,32.007,7.262
8254,26.554,30.934,8.285
8255,26.892,31.665,9.744
8256,27.041,32.134,9.789
8257,26.783,31.956,8.804
8258,26.710,30.946,9.191
8259,27.794,32.287,8.680
8260,27.866,31.108,8.585
8261,28.739,33.437,8.557
8262,28.210,32.483,8.909
8263,27.516,32.102,8.437
8264,30.226,32.075,8.430
8265,27.412,31.100,8.962
8266,28.695,31.232,9.189
8267,28.198,29.649,8.531
8268,27.231,30.548,9.002
8269,27.473,30.347,9.044
8270,27.053,29.182,9.270
8271,26.744,29.760,9.160
8272,27.044,29.251,9.007
8273,28.094,30.967,8.998
8274,26.266,29.119,9.080
8275,27.440,28.111,8.821
8276,27.389,29.994,7.186
8277,27.748,30.598,7.563
8278,27.451,29.812,7.488
8279,28.363,31.385,8.002
8280,26.681,30.353,8.306
8281,26.876,30.614,9.155
8282,26.362,30.022,9.582
8283,27.441,31.200,8.209
8284,27.281,30.325,8.857
8285,28.224,31.681,10.739
8286,28.296,31.578,10.374
8287,28.534,31.815,8.545
8288,29.679,32.391,7.815
8289,28.589,32.236,8.806
8290,28.252,31.839,8.317
8291,28.407,31.305,7.443
8292,28.483,31.597,7.899
8293,28.922,32.137,8.125
8294,29.604,32.612,8.291
8295,30.813,33.539,7.252
8296,28.976,31.240,5.415
8297,29.300,31.372,5.612
8298,29.669,32.937,7.976
8299,30.098,31.636,5.107
8300,28.814,30.826,4.920
8301,29.561,32.296,5.188
8302,30.193,31.585,6.349
8303,29.329,31.185,5.515
8304,28.757,30.636,5.190
8305,28.236,30.142,7.082
8306,30.509,32.290,5.689
8307,29.610,31.665,5.296
8308,29.518,31.964,7.188
8309,28.298,30.627,4.516
8310,30.020,31.825,5.150
8311,29.304,31.712,7.350
8312,28.185,31.143,7.304
8313,28.476,31.124,8.592
8314,27.677,31.700,7.000
8315,27.327,30.133,7.655
8316,28.269,31.762,7.826
8317,28.902,32.179,9.212
8318,29.861,32.157,7.341
8319,27.467,30.657,7.742
8320,28.461,31.689,7.687
8321,27.684,31.030,8.180
8322,28.637,32.518,8.050
8323,27.992,31.444,8.249
8324,25.636,30.639,9.298
8325,27.500,30.872,9.006
8326,28.544,32.178,8.300
8327,31.600,33.293,9.150
8328,27.700,30.616,8.457
8329,29.990,30.392,8.773
8330,31.312,31.989,8.454
8331,29.514,31.797,8.091
8332,27.266,30.182,8.788
8333,28.739,31.438,7.786
8334,27.754,31.867,8.327
8335,28.705,32.555,7.920
8336,29.451,30.904,7.419
8337,28.753,31.591,7.692
8338,28.200,31.926,7.305
8339,29.010,30.895,7.953
8340,29.489,31.077,8.468
8341,27.684,31.883,8.618
8342,28.472,31.251,8.450
8343,27.372,30.232,8.099
8344,27.546,31.575,8.364
8345,28.284,31.547,8.829
8346,27.731,31.027,8.467
8347,28.845,31.483,8.550
8348,28.156,31.605,7.781
8349,28.816,31.984,8.686
8350,28.728,31.287,8.509
8351,28.958,31.195,8.789
8352,28.632,31.360,8.709
8353,28.938,31.288,9.304
8354,28.519,32.114,8.584
8355,28.900,31.215,8.928
8356,29.919,32.503,8.222
8357,28.145,31.125,8.835
8358,28.964,31.619,8.039
8359,28.675,30.470,7.412
8360,28.750,31.972,8.899
8361,28.860,31.220,8.361
8362,29.876,30.907,8.397
8363,28.541,30.841,7.738
8364,28.988,31.541,8.807
8365,28.116,31.066,8.721
8366,28.026,30.032,6.578
8367,29.031,30.528,6.521
8368,28.893,31.701,8.927
8369,28.838,31.201,8.068
8370,27.644,29.925,7.723
8371,28.430,29.788,7.906
8372,28.570,32.302,8.633
8373,30.055,33.067,8.024
8374,29.834,32.593,8.312
8375,29.633,32.714,8.206
8376,31.243,32.986,7.245
8377,30.014,32.303,5.408
8378,30.369,32.169,5.962
8379,30.367,31.770,7.080
8380,29.678,31.751,6.277
8381,29.021,30.944,6.557
8382,29.081,31.504,7.366
8383,29.262,31.872,5.095
8384,29.079,32.529,5.236
8385,31.932,31.504,4.704
8386,31.608,30.928,5.462
8387,30.183,32.199,5.111
8388,30.207,31.387,5.489
8389,30.287,31.410,4.081
8390,29.659,31.296,5.624
8391,29.640,30.821,4.219
8392,28.751,30.836,4.725
8393,29.036,31.618,7.224
8394,30.074,31.358,5.182
8395,29.158,32.765,5.584
8396,28.537,31.240,5.332
8397,29.860,31.836,6.305
8398,30.647,32.718,6.327
8399,27.806,31.037,5.190
8400,29.738,32.130,5.454
8401,28.883,30.900,6.763
8402,29.360,31.862,6.980
8403,29.840,31.229,7.434
8404,30.318,32.970,8.181
8405,31.467,32.666,6.894
8406,29.668,31.594,7.132
8407,30.639,32.179,6.995
8408,31.003,32.586,6.742
8409,29.573,30.980,6.527
8410,30.815,32.426,7.046
8411,28.849,31.359,8.199
8412,28.558,30.459,4.905
8413,29.556,31.669,5.550
8414,30.433,32.000,6.336
8415,29.484,31.883,6.120
8416,29.401,31.980,5.130
8417,30.418,32.862,5.163
8418,30.291,31.256,5.667
8419,30.140,31.454,5.378
8420,29.436,30.610,4.627
8421,30.407,32.430,7.298
8422,29.348,30.616,6.909
8423,30.106,31.697,7.108
8424,29.151,32.503,7.751
8425,29.560,32.152,6.852
8426,30.036,32.778,7.130
8427,30.363,31.216,6.703
8428,29.830,32.590,7.441
8429,29.438,31.485,5.341
8430,29.595,31.833,6.940
8431,29.922,31.340,5.712
8432,29.496,31.462,5.873
8433,32.282,32.045,6.538
8434,31.976,32.520,8.494
8435,31.039,30.874,8.661
8436,31.230,31.409,7.735
8437,32.111,31.120,7.050
8438,33.421,32.299,7.399
8439,29.102,30.309,8.618
8440,30.482,32.133,8.136
8441,30.353,31.611,7.384
8442,30.462,31.502,8.867
8443,30.886,32.326,6.792
8444,31.577,31.909,6.430
8445,31.240,31.776,6.813
8446,28.479,31.518,7.163
8447,29.266,31.006,6.060
8448,28.612,31.940,7.737
8449,29.846,32.741,7.424
8450,28.138,31.910,8.703
8451,31.008,32.113,5.755
8452,29.739,32.128,8.825
8453,30.147,32.576,6.388
8454,29.567,30.966,6.038
8455,31.026,32.188,7.632
8456,29.719,31.595,6.322
8457,30.425,31.844,6.586
8458,29.638,31.453,6.190
8459,29.174,31.340,6.308
8460,28.837,31.756,7.058
8461,29.176,32.606,7.462
8462,28.995,32.743,9.409
8463,29.345,31.885,8.466
8464,27.482,30.977,8.303
8465,28.386,32.642,9.841
8466,28.590,31.691,8.646
8467,27.937,31.825,8.624
8468,28.182,31.824,8.883
8469,29.304,32.909,7.874
8470,28.176,32.100,9.318
8471,28.453,32.237,8.065
8472,24.844,29.419,11.384
8473,26.251,30.767,10.376
8474,24.774,29.179,10.061
8475,24.370,29.888,10.580
8476,23.372,28.740,10.362
8477,27.579,31.479,8.636
8478,28.771,32.224,7.460
8479,28.204,32.256,8.220
8480,27.602,31.780,9.285
8481,28.580,32.117,7.010
8482,28.997,32.073,7.047
8483,28.460,29.761,7.792
8484,26.994,30.565,8.900
8485,27.337,31.487,7.276
8486,28.949,33.229,8.476
8487,29.404,31.744,8.320
8488,28.527,32.494,9.370
8489,29.028,32.596,9.124
8490,31.148,31.918,8.577
8491,31.042,32.316,8.205
8492,31.208,32.539,7.686
8493,29.973,30.848,8.122
8494,31.158,32.425,8.813
8495,30.720,32.613,8.904
8496,28.082,31.876,8.526
8497,31.233,33.007,9.513
8498,27.672,30.998,8.408
8499,27.843,32.613,9.261
8500,27.422,31.187,8.898
8501,26.648,31.504,9.377
8502,26.790,30.720,8.726
8503,27.413,31.506,9.277
8504,26.535,31.174,7.886
8505,27.500,31.493,9.004
8506,29.428,32.217,8.230
8507,29.072,32.726,8.749
8508,29.718,31.961,6.663
8509,31.219,32.145,6.659
8510,29.657,31.928,5.552
8511,29.695,32.977,6.477
8512,28.955,32.253,6.257
8513,29.331,32.046,5.611
8514,29.311,31.140,5.113
8515,29.302,33.313,6.768
8516,30.397,32.239,5.166
8517,29.831,32.562,6.266
8518,30.572,31.944,7.255
8519,30.129,32.354,5.210
8520,29.740,31.908,4.632
8521,28.996,33.056,7.334
8522,29.870,31.701,5.146
8523,28.939,31.600,5.375
8524,30.063,31.970,6.465
8525,29.773,32.879,6.955
8526,29.916,31.351,7.267
8527,29.370,31.655,5.952
8528,29.146,32.026,5.625
8529,29.826,33.049,7.051
8530,29.498,33.358,5.645
8531,29.603,33.705,7.807
8532,29.156,33.167,6.984
8533,29.029,32.894,7.757
8534,29.528,32.425,7.343
8535,27.844,32.184,7.580
8536,28.121,32.198,8.231
8537,28.844,33.691,8.142
8538,27.585,32.279,7.454
8539,28.778,32.974,7.933
8540,28.848,32.264,7.866
8541,29.056,33.050,6.925
8542,28.992,33.193,7.961
8543,28.299,31.802,7.079
8544,28.364,32.366,7.240
8545,27.793,31.524,7.611
8546,29.589,32.703,8.414
8547,30.434,33.768,7.886
8548,29.073,31.683,7.361
8549,29.612,32.569,7.572
8550,28.648,32.325,7.233
8551,30.213,32.778,5.981
8552,28.221,32.515,7.966
8553,29.082,32.100,6.433
8554,30.267,33.025,8.034
8555,29.416,32.046,8.002
8556,29.104,32.945,8.281
8557,30.476,32.382,8.148
8558,30.089,32.763,8.991
8559,30.780,32.683,6.594
8560,29.612,32.213,6.735
8561,29.208,31.799,7.356
8562,30.434,32.639,8.199
8563,30.193,32.378,6.197
8564,29.464,31.537,4.930
8565,29.394,31.083,5.598
8566,30.149,33.696,7.693
8567,29.615,33.725,8.828
8568,28.634,31.626,5.205
8569,29.621,32.181,5.271
8570,29.683,32.275,5.264
8571,29.049,30.886,6.189
8572,28.910,32.705,8.424
8573,30.228,33.781,8.015
8574,29.821,32.743,7.113
8575,29.502,33.331,8.591
8576,29.748,31.910,7.007
8577,30.057,32.824,7.076
8578,29.778,32.734,7.214
8579,30.171,32.915,7.188
8580,29.728,33.121,7.690
8581,27.804,31.809,7.964
8582,29.324,33.076,7.659
8583,28.974,32.247,9.233
8584,29.392,32.874,7.954
8585,29.361,32.691,9.475
8586,29.094,32.838,8.944
8587,29.169,33.206,8.245
8588,29.529,32.195,9.357
8589,29.617,31.265,8.436
8590,28.518,31.718,8.117
8591,29.339,32.489,6.703
8592,29.527,32.829,8.281
8593,28.286,33.039,7.783
8594,27.986,31.938,9.112
8595,29.315,32.631,7.805
8596,28.890,32.092,8.494
8597,29.288,31.874,8.340
8598,28.491,32.677,7.539
8599,29.432,32.779,8.521
8600,29.362,32.867,7.401
8601,28.028,32.217,7.360
8602,29.804,31.739,7.097
8603,30.210,32.892,8.020
8604,30.266,32.852,6.952
8605,29.833,31.188,6.607
8606,28.548,31.690,8.455
8607,29.386,33.021,8.029
8608,30.325,33.269,7.184
8609,29.226,32.110,8.261
8610,29.543,33.307,9.068
8611,29.040,33.253,8.485
8612,28.854,31.655,8.892
8613,30.141,32.870,7.172
8614,30.621,31.514,2.563
8615,29.909,31.251,2.511
8616,31.055,31.322,2.852
8617,29.415,31.332,2.770
8618,29.457,31.723,2.817
8619,30.196,32.056,2.906
8620,30.757,31.729,2.808
8621,29.705,32.093,2.664
8622,29.351,32.447,2.572
8623,30.571,32.082,2.658
8624,29.935,31.812,2.579
8625,29.757,31.995,2.725
8626,30.038,31.871,2.602
8627,30.625,31.403,2.690
8628,29.294,31.549,2.603
8629,30.383,32.535,2.572
8630,30.498,32.072,2.644
8631,30.536,32.258,2.660
8632,30.663,31.682,2.543
8633,30.867,32.880,2.665
8634,30.661,31.831,2.753
8635,29.514,31.256,2.831
8636,29.514,30.926,2.662
8637,30.984,32.436,2.656
8638,31.021,32.550,2.628
8639,30.995,32.372,2.935
8640,29.724,32.022,2.585
8641,30.744,32.041,2.654
8642,30.580,31.891,2.643
8643,29.985,30.454,2.672
8644,30.263,31.419,2.682
8645,30.960,31.941,2.695
8646,31.275,32.683,2.899
8647,30.533,30.840,2.726
8648,30.242,31.799,2.612
8649,30.821,32.818,2.933
8650,30.772,32.312,2.625
8651,30.378,32.566,2.670
8652,29.898,31.055,2.645
8653,29.799,30.733,2.614
8654,30.472,32.027,2.717
8655,31.139,31.784,2.790
8656,29.430,31.237,2.682
8657,30.802,32.858,2.634
8658,30.777,32.325,2.769
8659,30.789,32.081,2.925
8660,29.805,31.655,2.590
8661,30.008,30.667,2.829
8662,29.815,31.443,2.645
8663,29.975,30.885,2.661
8664,29.990,31.973,2.738
8665,29.625,31.252,2.732
8666,30.054,31.496,2.831
8667,30.812,31.699,2.834
8668,30.370,32.724,4.933
8669,30.394,33.304,6.984
8670,30.307,32.802,5.571
8671,30.844,32.623,7.086
8672,31.666,32.469,7.067
8673,30.809,31.645,5.461
8674,29.288,32.335,7.134
8675,29.847,31.814,5.066
8676,29.508,31.863,4.924
8677,29.173,31.439,6.222
8678,29.903,32.020,6.538
8679,29.194,31.118,6.695
8680,28.982,31.324,7.630
8681,29.271,31.398,7.267
8682,30.143,32.814,6.971
8683,29.560,31.881,5.971
8684,30.204,31.638,6.646
8685,30.207,31.646,5.963
8686,28.997,31.085,6.697
8687,29.012,32.030,6.116
8688,28.053,31.398,6.989
8689,30.303,32.218,7.210
8690,29.076,31.708,6.918
8691,27.638,31.548,8.468
8692,29.517,31.689,7.168
8693,30.233,31.647,6.397
8694,29.522,30.881,5.475
8695,29.834,31.547,5.258
8696,29.844,31.858,5.368
8697,28.804,31.257,6.244
8698,29.791,31.984,5.701
8699,30.223,34.121,8.424
8700,30.638,31.340,6.811
8701,31.677,32.011,4.858
8702,29.011,31.310,6.800
8703,30.253,32.457,6.726
8704,30.363,32.385,5.707
8705,30.322,31.831,6.162
8706,29.798,32.414,6.557
8707,30.227,31.390,2.682
8708,30.200,29.743,2.654
8709,29.828,29.992,2.771
8710,29.526,30.412,2.735
8711,29.871,29.292,2.821
8712,30.677,31.566,2.813
8713,28.885,30.645,2.787
8714,30.190,30.602,2.727
8715,29.986,29.932,2.768
8716,30.437,30.849,3.413
8717,29.595,30.686,2.812
8718,28.627,30.397,2.656
8719,29.041,30.947,2.630
8720,29.085,30.373,2.784
8721,29.239,29.942,2.686
8722,29.834,30.974,2.723
8723,29.914,30.546,2.804
8724,29.342,30.968,2.760
8725,29.065,30.560,2.730
8726,28.954,30.522,4.883
8727,29.540,31.728,6.624
8728,30.955,32.774,6.655
8729,30.630,33.478,6.627
8730,29.898,32.534,6.874
8731,29.103,31.933,7.675
8732,28.553,31.581,8.057
8733,28.842,31.975,7.804
8734,28.720,31.657,5.066
8735,28.673,30.268,4.782
8736,30.192,32.928,6.730
8737,29.304,31.883,6.369
8738,29.842,31.890,6.733
8739,29.344,32.798,7.245
8740,29.462,33.072,7.925
8741,29.780,32.977,7.308
8742,29.983,30.873,4.722
8743,29.201,31.007,5.311
8744,29.966,31.095,5.057
8745,29.076,31.544,6.404
8746,29.755,33.274,7.068
8747,29.163,31.565,4.680
8748,29.443,31.921,4.551
8749,29.457,31.727,4.488
8750,31.243,32.477,5.207
8751,30.207,32.317,5.005
8752,29.970,32.580,8.085
8753,29.384,33.211,8.497
8754,31.029,32.720,7.594
8755,29.672,32.434,7.402
8756,30.078,32.058,5.771
8757,28.938,31.087,4.684
8758,29.495,31.193,5.383
8759,29.351,32.325,6.948
8760,30.300,31.687,5.399
8761,29.600,31.706,6.250
8762,30.530,32.287,6.905
8763,29.397,32.179,7.781
8764,29.506,31.770,7.445
8765,27.327,30.569,4.718
8766,29.228,32.002,7.515
8767,29.164,31.251,7.348
8768,29.162,31.088,5.636
8769,29.310,30.465,5.571
8770,28.563,30.281,5.660
8771,29.208,32.585,7.064
8772,30.715,32.939,7.282
8773,29.199,31.519,6.953
8774,29.597,31.308,7.296
8775,31.843,32.680,7.432
8776,29.483,30.298,5.000
8777,30.642,31.749,4.777
8778,30.089,29.888,2.743
8779,30.017,30.209,2.806
8780,29.797,30.622,2.683
8781,28.607,30.554,2.665
8782,29.994,31.569,2.732
8783,29.975,30.641,2.772
8784,28.106,29.784,2.601
8785,28.285,30.090,2.548
8786,28.695,30.148,2.748
8787,28.474,30.758,2.948
8788,29.248,31.081,2.611
8789,29.870,30.581,3.029
8790,29.780,30.775,3.564
8791,28.169,30.525,2.794
8792,29.186,30.938,2.752
8793,29.790,29.995,2.663
8794,29.615,29.796,2.629
8795,30.577,31.267,4.762
8796,29.364,30.486,5.414
8797,30.479,31.687,5.009
8798,31.512,31.047,5.442
8799,30.532,31.880,6.061
8800,31.103,31.638,6.018
8801,29.872,31.992,5.494
8802,29.697,30.738,4.883
8803,29.303,30.433,4.350
8804,30.173,31.152,5.090
8805,31.177,31.343,6.971
8806,29.090,30.321,4.952
8807,29.590,30.852,5.126
8808,30.144,32.715,5.828
8809,30.422,31.545,4.866
8810,29.730,30.714,4.199
8811,29.714,31.320,4.902
8812,29.582,31.795,5.016
8813,27.986,29.891,2.812
8814,29.709,30.424,2.665
8815,29.674,30.845,2.711
8816,29.511,30.381,2.775
8817,30.026,31.055,4.309
8818,29.759,32.402,5.212
8819,28.114,30.971,4.112
8820,28.442,30.871,4.427
8821,28.960,30.771,5.182
8822,29.308,31.384,4.782
8823,28.535,30.101,4.002
8824,28.589,30.837,4.303
8825,30.119,31.153,4.030
8826,27.897,29.298,2.796
8827,30.233,30.365,4.827
8828,28.955,30.709,4.487
8829,29.538,30.039,4.649
8830,28.748,30.947,4.549
8831,29.228,29.613,4.351
8832,29.122,29.432,4.079
8833,29.390,30.494,4.486
8834,29.677,30.899,4.685
8835,30.240,30.648,4.401
8836,29.733,30.032,4.585
8837,30.411,31.339,4.496
8838,29.809,30.814,4.607
8839,29.981,32.235,4.292
8840,29.401,31.898,4.440
8841,30.304,31.295,4.221
8842,29.997,30.336,5.116
8843,30.739,31.754,4.996
8844,29.602,30.675,2.614
8845,29.729,30.578,4.197
8846,30.216,31.052,4.264
8847,29.186,30.137,4.677
8848,30.887,31.221,4.791
8849,30.161,30.638,5.307
8850,30.687,31.828,4.756
8851,30.621,30.572,2.705
8852,30.005,31.024,4.419
8853,30.054,30.394,4.006
8854,29.057,30.815,2.728
8855,29.285,30.324,4.580
8856,30.043,32.615,4.565
8857,29.987,32.287,4.610
8858,29.531,32.127,4.664
8859,30.417,33.220,4.770
8860,28.736,31.466,4.295
8861,29.088,30.958,4.182
8862,29.337,30.816,4.645
8863,30.170,31.959,4.763
8864,29.571,30.653,4.289
8865,29.187,31.614,4.157
8866,29.662,32.050,4.427
8867,29.404,31.830,4.683
8868,29.954,31.162,4.348
8869,29.663,31.522,4.912
8870,29.651,30.877,5.008
8871,27.801,29.983,4.496
8872,28.638,31.543,4.639
8873,29.533,31.939,4.396
8874,29.082,30.616,4.654
8875,30.296,32.592,6.427
8876,28.865,31.467,4.712
8877,29.339,31.697,4.420
8878,30.910,31.535,4.570
8879,29.360,31.246,4.784
8880,28.853,31.459,4.637
8881,29.216,31.095,5.166
8882,30.307,30.458,5.183
8883,30.589,31.053,4.603
8884,29.544,30.868,4.647
8885,29.983,31.756,4.981
8886,29.708,31.657,6.505
8887,29.833,32.190,4.646
8888,28.857,33.198,7.301
8889,29.741,32.406,5.461
8890,30.148,32.342,7.555
8891,30.150,32.346,5.336
8892,28.807,30.764,5.343
8893,30.371,32.422,5.465
8894,29.854,31.321,4.469
8895,29.001,31.359,4.098
8896,29.412,30.525,4.819
8897,29.300,31.832,6.082
8898,29.020,31.782,5.135
8899,29.400,33.356,4.942
8900,29.944,32.681,5.131
8901,30.165,32.898,5.269
8902,30.565,32.671,6.275
8903,30.290,33.489,6.460
8904,29.241,32.431,4.220
8905,29.691,33.017,2.756
8906,28.915,31.933,2.783
8907,29.857,32.666,4.881
8908,29.311,32.137,5.140
8909,28.639,32.234,4.522
8910,28.543,32.145,4.311
8911,28.490,30.911,4.637
8912,27.960,30.991,2.818
8913,29.404,32.868,3.055
8914,28.999,32.675,2.587
8915,29.204,32.730,3.062
8916,29.738,31.928,2.706
8917,29.066,30.481,2.799
8918,29.022,29.630,2.716
8919,30.190,29.868,2.750
8920,28.015,30.144,4.060
8921,27.485,30.319,7.564
8922,26.622,29.620,8.441
8923,27.479,31.098,7.634
8924,27.373,31.107,8.748
8925,27.990,31.251,8.541
8926,27.106,30.021,9.584
8927,26.850,30.355,9.769
8928,26.070,31.468,8.289
8929,24.906,30.627,10.764
8930,26.994,30.513,8.713
8931,28.033,30.580,7.905
8932,28.030,31.595,8.749
8933,28.057,30.166,7.836
8934,27.536,30.188,7.742
8935,26.650,30.407,7.963
8936,26.924,30.565,8.627
8937,27.508,30.593,7.233
8938,27.917,31.147,8.256
8939,27.736,31.016,8.858
8940,27.562,31.384,8.703
8941,27.807,30.956,8.178
8942,28.018,30.623,8.180
8943,28.225,30.621,8.031
8944,26.379,30.067,8.587
8945,26.805,30.191,9.374
8946,26.106,29.075,9.179
8947,26.610,30.503,9.677
8948,28.429,31.967,8.219
8949,27.824,31.604,8.322
8950,27.488,31.175,8.468
8951,29.175,32.513,8.764
8952,28.448,32.014,8.391
8953,28.819,31.968,7.455
8954,28.067,31.601,8.258
8955,28.597,31.732,6.562
8956,28.525,31.896,7.646
8957,28.464,31.017,8.305
8958,30.714,32.725,7.286
8959,29.291,32.398,7.135
8960,28.792,32.060,8.789
8961,28.235,30.308,8.625
8962,27.738,30.878,7.898
8963,26.392,30.398,8.955
8964,27.797,31.801,8.028
8965,29.167,31.136,7.776
8966,27.231,30.948,8.655
8967,28.979,31.212,6.768
8968,28.615,31.742,7.618
8969,28.849,31.561,8.190
8970,28.470,32.102,7.755
8971,29.673,31.830,7.002
8972,28.405,30.058,7.598
8973,29.458,32.074,6.984
8974,28.870,31.211,6.488
8975,27.927,30.258,5.349
8976,27.708,30.891,6.551
8977,27.528,30.126,8.001
8978,29.084,31.322,4.395
8979,28.088,30.067,6.830
8980,28.013,29.728,8.160
8981,28.173,30.452,6.405
8982,27.842,29.702,6.210
8983,28.405,30.296,6.491
8984,28.202,29.214,8.247
8985,29.037,29.759,4.511
8986,29.103,30.966,7.149
8987,28.816,30.923,7.150
8988,27.414,29.867,8.367
8989,27.493,29.749,5.875
8990,26.462,30.641,7.863
8991,29.400,31.566,5.795
8992,28.275,30.754,6.335
8993,28.444,30.947,6.155
8994,29.789,30.169,4.786
8995,28.853,30.264,6.521
8996,29.622,30.998,5.041
8997,28.206,31.300,6.840
8998,30.035,32.248,5.731
8999,29.540,31.507,5.635
9000,29.039,31.167,6.341
9001,27.924,30.582,5.737
9002,28.310,29.959,7.240
9003,27.748,30.526,8.005
9004,28.838,31.092,6.427
9005,28.445,29.800,6.430
9006,27.993,30.302,6.603
9007,29.623,31.479,7.113
9008,29.700,31.468,6.659
9009,28.992,30.060,5.682
9010,29.209,31.104,5.265
9011,28.703,30.050,5.721
9012,29.528,30.442,6.313
9013,29.063,30.467,7.288
9014,29.637,31.211,6.150
9015,29.521,31.897,6.260
9016,29.337,30.617,6.570
9017,28.524,30.341,6.705
9018,29.744,30.588,6.200
9019,30.098,30.527,5.232
9020,28.722,30.090,6.643
9021,28.506,31.157,6.445
9022,28.096,31.022,6.724
9023,28.466,31.017,6.133
9024,30.077,31.155,7.041
9025,30.866,31.643,5.583
9026,30.203,30.586,4.853
9027,30.605,31.137,5.480
9028,30.320,30.381,2.793
9029,29.785,30.153,2.732
9030,30.482,31.504,2.791
9031,30.458,30.491,4.683
9032,29.701,30.650,2.773
9033,29.889,30.780,4.949
9034,29.423,31.047,4.337
9035,29.424,31.150,4.458
9036,30.686,31.190,4.386
9037,29.594,30.904,4.582
9038,29.263,30.746,4.696
9039,28.268,31.556,5.756
9040,28.715,30.908,5.797
9041,29.551,31.081,4.670
9042,30.401,32.350,5.827
9043,29.972,31.940,6.797
9044,29.010,31.524,4.505
9045,29.537,32.148,4.638
9046,29.563,31.111,3.820
9047,28.120,30.221,2.774
9048,28.869,30.544,2.598
9049,29.215,30.736,3.211
9050,28.620,30.704,4.865
9051,28.716,31.401,4.216
9052,29.448,31.954,2.835
9053,28.131,30.439,2.754
9054,28.572,31.423,2.735
9055,28.997,30.565,2.602
9056,29.813,30.673,2.734
9057,29.176,30.781,2.645
9058,29.090,31.597,2.667
9059,29.014,30.318,2.508
9060,29.618,30.560,2.675
9061,28.347,29.130,2.722
9062,28.865,31.788,2.634
9063,29.119,30.531,2.758
9064,29.909,30.939,2.943
9065,29.554,31.056,2.766
9066,30.401,30.453,2.880
9067,29.281,30.792,2.976
9068,28.846,30.236,2.657
9069,29.404,30.843,4.059
9070,28.823,30.746,2.735
9071,28.777,30.484,2.616
9072,28.041,29.874,2.701
9073,28.475,30.008,2.677
9074,28.875,29.975,2.656
9075,28.356,30.312,2.644
9076,29.567,31.430,2.589
9077,29.704,30.856,2.627
9078,30.393,30.302,2.645
9079,28.701,30.044,2.678
9080,30.172,31.871,4.366
9081,30.400,30.564,4.144
9082,29.116,31.548,6.281
9083,30.104,32.527,5.061
9084,29.195,31.226,4.684
9085,29.797,32.033,4.914
9086,30.848,31.752,4.656
9087,27.779,30.362,4.379
9088,29.688,30.619,2.845
9089,29.774,31.837,4.719
9090,29.906,30.798,3.491
9091,29.383,31.095,2.891
9092,28.766,30.039,2.550
9093,28.973,31.576,2.918
9094,29.718,30.328,2.663
9095,29.396,30.962,2.551
9096,29.326,30.214,2.565
9097,28.242,30.131,2.621
9098,28.405,29.691,2.767
9099,29.467,30.284,2.600
9100,31.135,32.822,5.674
9101,29.295,30.177,2.966
9102,30.594,30.138,2.697
9103,29.046,31.087,2.748
9104,29.072,30.313,2.984
9105,28.102,30.229,2.649
9106,29.524,30.313,3.030
9107,29.618,29.793,2.830
9108,30.164,31.706,2.705
9109,29.278,31.447,2.775
9110,29.151,31.342,2.804
9111,30.010,31.019,2.960
9112,29.573,31.109,2.958
9113,28.963,30.629,2.596
9114,30.204,31.321,2.692
9115,29.737,31.290,4.775
9116,30.830,31.191,3.016
9117,29.084,30.387,2.717
9118,29.736,30.439,2.671
9119,29.742,30.783,2.600
9120,28.868,30.818,2.632
9121,30.935,31.650,2.726
9122,29.348,30.008,2.957
9123,30.644,31.138,2.715
9124,30.440,30.974,2.719
9125,29.654,31.022,2.728
9126,29.970,31.755,2.691
9127,30.548,31.522,2.764
9128,30.134,30.941,2.936
9129,31.084,31.902,2.676
9130,30.630,31.988,2.603
9131,31.778,32.862,2.598
9132,30.792,31.968,2.613
9133,29.715,30.374,2.633
9134,29.749,30.786,2.870
9135,29.958,30.932,2.763
9136,30.651,31.401,2.690
9137,30.491,31.000,2.792
9138,29.870,31.960,2.737
9139,29.911,30.294,3.022
9140,29.923,31.220,2.758
9141,29.629,30.943,2.631
9142,29.649,31.331,2.589
9143,28.987,30.379,2.552
9144,30.081,30.971,2.821
9145,29.173,31.654,2.553
9146,29.926,29.757,2.638
9147,29.983,30.464,2.677
9148,29.614,31.443,2.765
9149,28.021,31.116,2.913
9150,30.483,31.243,2.542
9151,29.382,30.563,2.675
9152,29.611,30.694,2.639
9153,30.540,30.902,2.630
9154,30.442,31.705,2.594
9155,30.391,31.382,4.967
9156,30.295,30.973,2.809
9157,30.495,31.474,2.847
9158,31.289,32.456,2.741
9159,32.226,31.141,2.737
9160,29.605,31.215,2.651
9161,29.494,32.222,2.985
9162,30.568,30.672,2.572
9163,30.621,30.102,2.701
9164,30.174,31.011,2.592
9165,29.877,30.255,2.715
9166,29.175,31.044,2.832
9167,30.604,31.975,2.968
9168,29.328,31.349,3.285
9169,29.118,31.559,2.640
9170,29.300,29.877,2.823
9171,29.304,30.572,2.758
9172,29.446,30.740,2.835
9173,29.421,30.241,2.895
9174,30.586,30.976,2.801
9175,28.822,30.810,2.834
9176,29.824,31.193,2.633
9177,29.476,31.127,2.690
9178,28.816,30.903,2.806
9179,30.325,31.268,2.883
9180,30.170,32.125,3.813
9181,29.794,30.845,2.763
9182,29.237,30.831,2.597
9183,30.488,32.337,3.223
9184,28.802,32.234,2.958
9185,28.917,31.151,2.614
9186,29.766,31.014,2.841
9187,30.325,31.610,2.747
9188,31.236,31.784,4.900
9189,30.715,31.960,5.250
9190,31.130,31.590,4.896
9191,30.838,32.705,5.283
9192,29.412,31.868,4.796
9193,31.080,32.818,5.122
9194,31.088,32.630,5.152
9195,31.686,32.888,5.363
9196,30.093,31.819,4.957
9197,31.473,32.539,5.234
9198,29.264,30.882,5.116
9199,30.189,32.098,4.679
9200,30.723,32.814,5.070
9201,30.109,30.431,2.719
9202,30.240,31.820,4.900
9203,30.085,32.853,5.384
9204,31.261,32.141,4.349
9205,31.016,32.312,4.317
9206,30.995,32.000,4.477
9207,30.797,32.110,3.948
9208,30.611,32.428,4.748
9209,31.111,33.160,4.878
9210,31.993,32.709,6.537
9211,32.441,33.549,6.565
9212,32.297,34.160,6.706
9213,31.980,32.412,5.731
9214,31.625,33.052,5.467
9215,31.002,33.623,6.250
9216,31.803,33.125,6.386
9217,32.153,33.437,6.344
9218,31.285,32.831,6.475
9219,31.539,33.603,6.461
9220,31.449,33.165,6.270
9221,32.226,33.872,6.231
9222,32.158,33.190,6.177
9223,31.151,33.451,6.667
9224,31.549,33.667,6.334
9225,32.162,34.553,7.167
9226,32.160,34.111,6.720
9227,31.730,34.328,6.365
9228,30.873,33.423,6.953
9229,32.115,33.748,6.854
9230,32.319,33.536,6.777
9231,31.808,33.447,6.673
9232,31.081,33.493,6.334
9233,32.310,33.940,6.775
9234,30.739,33.255,6.931
9235,32.116,33.395,6.728
9236,31.850,32.945,4.959
9237,31.952,33.477,6.425
9238,31.352,33.716,6.749
9239,31.728,33.254,6.160
9240,31.864,34.197,6.601
9241,32.170,34.313,5.705
9242,30.919,33.598,5.447
9243,30.419,33.065,5.548
9244,30.276,32.314,5.221
9245,30.471,32.001,4.797
9246,31.200,33.288,7.123
9247,30.216,32.115,5.123
9248,31.259,32.704,5.375
9249,30.785,32.241,5.373
9250,31.645,32.629,4.615
9251,30.460,32.589,5.990
9252,29.327,31.710,4.353
9253,32.663,33.145,6.816
9254,32.866,34.125,5.944
9255,31.042,32.354,4.935
9256,31.267,33.318,5.621
9257,29.929,32.474,5.365
9258,30.502,33.269,7.339
9259,30.709,33.951,7.450
9260,30.539,33.404,6.879
9261,31.754,33.897,8.249
9262,29.998,32.675,7.522
9263,30.522,33.654,7.268
9264,31.626,33.688,7.029
9265,31.200,33.561,4.801
9266,30.821,31.806,4.266
9267,30.230,32.692,5.042
9268,31.250,33.711,6.233
9269,31.313,33.336,5.278
9270,30.769,32.081,4.421
9271,30.760,32.666,4.400
9272,31.045,32.042,4.237
9273,30.920,32.331,3.697
9274,31.237,33.572,5.164
9275,31.321,33.266,4.804
9276,30.411,32.051,4.545
9277,31.436,32.529,5.079
9278,31.763,35.028,7.887
9279,30.305,32.879,6.817
9280,28.509,31.961,8.379
9281,29.783,32.239,4.775
9282,30.648,32.082,4.250
9283,30.023,31.783,4.658
9284,28.871,30.972,5.976
9285,29.812,31.871,5.130
9286,29.832,31.997,4.985
9287,30.539,33.475,7.103
9288,29.985,32.887,5.752
9289,29.702,32.096,5.374
9290,29.128,31.555,3.574
9291,29.880,32.071,4.348
9292,28.964,30.991,3.805
9293,30.128,32.231,3.943
9294,29.422,31.490,3.455
9295,30.793,32.644,4.538
9296,29.473,31.341,3.128
9297,28.822,30.994,2.785
9298,29.903,31.658,3.932
9299,29.694,31.451,4.081
9300,30.711,33.008,4.701
9301,29.893,32.056,4.439
9302,30.811,33.087,4.423
9303,31.433,32.233,4.781
9304,31.067,32.652,4.677
9305,31.414,33.204,5.168
9306,31.334,33.104,4.919
9307,31.051,33.271,5.307
9308,30.997,32.990,5.098
9309,30.813,32.680,5.179
9310,30.625,32.226,5.375
9311,30.358,32.532,5.171
9312,30.072,32.951,5.436
9313,31.311,34.095,5.494
9314,31.533,34.088,6.733
9315,31.062,32.624,6.201
9316,31.064,33.269,5.921
9317,32.369,34.392,6.322
9318,32.656,34.199,6.315
9319,33.472,34.954,6.835
9320,30.996,33.890,8.991
9321,32.131,34.523,8.287
9322,31.180,33.673,7.661
9323,31.015,32.966,7.496
9324,31.430,33.511,7.175
9325,31.151,33.326,7.814
9326,31.278,33.104,7.302
9327,30.921,33.754,7.462
9328,30.771,33.408,7.269
9329,30.089,32.786,6.223
9330,32.236,33.450,6.227
9331,30.014,31.349,4.538
9332,30.396,31.803,4.271
9333,30.656,31.942,4.601
9334,30.442,31.487,4.590
9335,30.237,31.923,4.721
9336,30.576,32.305,5.014
9337,28.718,29.973,2.689
9338,29.425,31.652,4.861
9339,28.920,30.225,2.849
9340,29.597,31.039,3.695
9341,30.981,31.835,4.489
9342,29.574,30.541,4.431
9343,30.335,31.029,4.387
9344,30.301,31.283,4.556
9345,29.431,30.670,5.386
9346,30.172,31.899,5.535
9347,30.328,31.484,5.532
9348,29.897,31.344,4.955
9349,31.128,32.099,5.750
9350,29.327,31.002,4.211
9351,29.718,31.496,4.608
9352,28.501,31.542,8.502
9353,30.063,32.369,8.171
9354,29.951,32.169,7.821
9355,29.496,32.421,7.888
9356,30.294,31.941,7.320
9357,30.764,33.161,7.174
9358,30.093,31.729,5.244
9359,29.612,31.857,5.314
9360,30.168,32.160,5.575
9361,29.472,31.835,5.342
9362,29.913,33.269,5.201
9363,30.975,31.842,5.316
9364,30.948,32.253,4.531
9365,30.791,31.600,4.879
9366,30.047,31.995,4.490
9367,30.345,31.570,4.607
9368,30.177,30.949,2.718
9369,30.388,30.767,3.011
9370,29.777,30.670,3.393
9371,29.906,29.526,2.662
9372,28.944,30.323,4.378
9373,28.892,30.622,2.697
9374,30.083,32.554,4.662
9375,30.140,32.007,4.744
9376,30.629,32.469,5.714
9377,29.570,30.371,2.843
9378,30.120,31.955,4.886
9379,30.130,32.666,5.788
9380,30.341,31.804,5.354
9381,32.038,32.747,6.672
9382,30.126,31.998,5.982
9383,29.583,31.398,5.772
9384,29.762,30.467,5.433
9385,30.420,32.039,5.333
9386,30.607,32.318,6.530
9387,31.515,32.108,5.667
9388,31.002,31.923,5.309
9389,30.913,31.643,5.880
9390,30.875,33.079,5.563
9391,30.478,31.843,5.383
9392,31.175,31.952,5.173
9393,31.873,32.604,5.319
9394,31.305,32.417,5.049
9395,30.655,31.572,5.881
9396,30.499,31.989,5.531
9397,31.549,31.236,4.786
9398,31.087,31.788,5.531
9399,31.445,32.131,5.564
9400,32.554,32.625,5.881
9401,32.444,32.791,5.118
9402,30.836,32.005,5.191
9403,31.534,33.416,5.254
9404,30.544,31.580,5.446
9405,31.581,32.988,5.605
9406,29.925,32.288,5.708
9407,29.303,30.913,4.965
9408,29.644,31.034,5.362
9409,30.664,31.829,5.184
9410,30.419,32.454,5.145
9411,31.256,32.932,5.077
9412,30.790,31.670,4.969
9413,31.031,31.932,4.922
9414,30.850,32.038,5.623
9415,30.957,32.320,5.127
9416,31.332,32.325,5.212
9417,31.186,31.841,4.985
9418,32.339,32.336,4.960
9419,31.766,31.843,5.530
9420,30.821,31.766,5.179
9421,29.961,31.671,5.383
9422,29.980,31.368,5.020
9423,29.932,31.004,5.349
9424,30.361,31.189,5.069
9425,30.760,31.650,5.054
9426,30.096,31.522,5.061
9427,31.462,32.410,5.076
9428,30.846,32.058,5.148
9429,31.213,32.439,5.471
9430,30.761,31.202,5.541
9431,31.058,31.153,4.146
9432,30.677,31.433,4.861
9433,31.353,31.344,5.088
9434,31.011,31.902,5.390
9435,31.881,31.965,4.908
9436,31.322,32.825,5.665
9437,31.515,33.026,6.358
9438,32.083,32.521,5.816
9439,31.607,33.266,7.278
9440,31.554,32.771,6.011
9441,30.209,32.081,5.504
9442,30.379,31.961,5.879
9443,30.394,31.059,5.243
9444,30.603,32.127,5.827
9445,30.567,31.697,5.252
9446,29.968,31.476,4.733
9447,32.296,33.506,6.114
9448,31.674,32.888,6.026
9449,32.142,32.892,6.142
9450,32.141,32.917,6.039
9451,30.985,32.841,7.038
9452,30.799,32.231,5.908
9453,31.402,31.826,6.398
9454,31.373,32.242,5.929
9455,30.494,31.773,5.852
9456,31.815,33.156,6.775
9457,31.724,32.975,5.782
9458,31.050,32.703,5.968
9459,31.008,32.450,6.031
9460,31.394,32.681,6.071
9461,32.704,33.668,6.105
9462,31.698,34.266,6.517
9463,30.457,32.085,5.972
9464,30.794,33.523,6.022
9465,30.829,34.229,6.231
9466,30.704,33.210,7.293
9467,31.083,32.142,6.522
9468,30.686,32.164,6.869
9469,30.883,33.144,7.269
9470,30.769,33.134,7.181
9471,31.229,32.944,7.267
9472,30.613,32.627,7.166
9473,30.899,32.878,7.197
9474,30.917,33.073,6.361
9475,30.957,33.506,7.372
9476,30.153,31.841,7.159
9477,31.229,33.068,6.620
9478,30.571,31.867,5.067
9479,30.755,32.628,5.229
9480,30.257,32.197,5.178
9481,30.386,31.437,5.380
9482,30.231,31.277,5.242
9483,30.676,31.785,5.524
9484,30.296,32.010,5.993
9485,30.038,30.978,5.535
9486,30.183,31.218,5.483
9487,30.092,31.082,5.187
9488,30.422,32.458,5.112
9489,30.454,32.060,6.233
9490,30.365,31.071,4.778
9491,29.564,31.023,4.941
9492,29.508,31.770,6.746
9493,29.996,31.964,6.459
9494,31.870,32.330,4.934
9495,29.575,31.432,5.071
9496,28.833,31.797,7.165
9497,30.100,30.921,5.196
9498,30.132,31.697,6.966
9499,29.731,31.307,4.938
9500,30.235,32.168,5.045
9501,30.499,32.612,4.821
9502,30.846,31.716,6.110
9503,29.073,31.646,6.688
9504,28.110,30.988,7.860
9505,31.252,32.042,6.641
9506,30.356,32.350,5.540
9507,29.977,30.902,4.515
9508,31.087,31.841,5.299
9509,30.049,31.835,5.634
9510,29.411,32.020,5.239
9511,29.370,31.447,5.032
9512,30.079,32.231,5.588
9513,29.950,32.076,5.145
9514,30.713,31.315,5.375
9515,31.172,32.520,5.408
9516,31.184,32.470,6.233
9517,30.514,31.713,5.165
9518,31.343,32.226,5.322
9519,31.334,33.114,5.023
9520,31.726,32.795,5.333
9521,32.157,32.866,5.242
9522,31.337,32.981,4.993
9523,31.876,32.871,5.035
9524,31.435,32.389,5.143
9525,31.252,33.037,5.562
9526,29.573,31.825,5.251
9527,30.475,33.042,6.570
9528,30.441,32.701,6.498
9529,29.477,32.122,5.813
9530,28.453,31.273,6.141
9531,27.887,30.840,6.727
9532,28.958,31.668,6.248
9533,30.197,31.792,4.865
9534,30.316,31.774,7.188
9535,30.177,33.362,7.138
9536,29.945,32.345,7.377
9537,29.449,32.261,7.782
9538,30.053,32.913,7.675
9539,30.988,32.868,6.880
9540,30.266,32.287,6.949
9541,30.638,32.596,6.129
9542,31.616,32.748,5.518
9543,30.606,31.600,5.222
9544,30.602,31.920,5.736
9545,30.758,32.276,5.382
9546,31.460,32.464,5.273
9547,30.197,31.262,4.598
9548,29.139,30.714,3.354
9549,29.585,30.853,4.319
9550,30.552,31.348,4.411
9551,29.848,31.076,4.419
9552,29.704,31.382,4.560
9553,29.388,31.462,2.703
9554,29.203,31.445,5.014
9555,30.601,32.432,5.220
9556,34.483,33.868,6.578
9557,31.020,31.634,4.296
9558,31.415,31.932,4.672
9559,31.686,31.239,5.564
9560,30.884,31.904,5.024
9561,30.610,31.404,4.714
9562,29.915,31.716,4.459
9563,30.397,31.832,4.963
9564,29.980,30.259,2.786
9565,29.841,29.734,3.837
9566,28.444,29.859,3.605
9567,28.745,30.441,4.309
9568,28.311,29.925,3.030
9569,28.655,29.717,2.736
9570,28.885,30.263,2.699
9571,29.790,30.608,2.666
9572,29.080,30.546,2.847
9573,28.768,29.416,3.839
9574,29.998,31.027,2.712
9575,29.289,29.858,2.776
9576,28.595,29.368,2.938
9577,29.361,30.317,4.440
9578,28.714,30.128,4.156
9579,29.228,30.404,4.580
9580,29.470,30.721,3.791
9581,29.509,30.655,4.416
9582,29.404,31.230,4.258
9583,30.179,31.667,3.910
9584,29.928,31.638,4.163
9585,29.957,31.160,4.603
9586,30.494,31.696,4.398
9587,29.945,30.368,3.884
9588,30.372,30.820,4.608
9589,30.638,31.513,3.954
9590,30.719,31.220,4.033
9591,31.022,31.614,4.281
9592,30.988,32.229,4.072
9593,29.929,31.642,2.881
9594,30.533,32.149,4.054
9595,30.270,32.365,3.706
9596,30.470,31.868,4.654
9597,29.570,31.439,4.035
9598,30.573,31.696,3.724
9599,30.080,32.015,4.263
9600,29.590,31.100,3.722
9601,29.741,30.483,3.585
9602,30.813,31.507,4.125
9603,29.161,30.217,3.375
9604,29.192,30.906,4.488
9605,30.590,31.426,4.235
9606,29.975,31.331,4.125
9607,29.540,31.116,4.172
9608,29.807,31.464,4.070
9609,28.988,31.668,5.067
9610,28.367,30.725,4.836
9611,29.179,31.254,3.985
9612,29.224,32.437,4.045
9613,29.555,31.455,3.849
9614,29.715,31.390,4.085
9615,30.179,31.601,4.200
9616,29.611,31.141,4.117
9617,29.217,31.538,4.244
9618,29.404,31.063,4.179
9619,30.471,32.588,4.433
9620,30.975,31.418,4.160
9621,31.258,33.286,6.324
9622,31.288,32.966,4.785
9623,31.765,33.980,7.657
9624,32.597,33.378,5.546
9625,31.663,32.705,5.471
9626,31.248,32.875,5.429
9627,32.738,33.155,5.257
9628,32.322,33.243,5.415
9629,31.923,32.988,5.382
9630,31.938,32.051,5.646
9631,32.241,33.588,6.151
9632,32.072,33.237,6.045
9633,32.650,33.666,6.331
9634,33.003,33.819,6.417
9635,31.987,33.783,6.780
9636,32.441,32.676,6.215
9637,32.739,32.846,5.960
9638,33.097,33.982,6.527
9639,32.125,33.535,6.083
9640,33.171,33.399,5.424
9641,32.560,34.469,6.330
9642,32.757,33.512,6.555
9643,32.650,33.721,6.594
9644,32.686,33.722,5.881
9645,32.265,33.921,6.497
9646,32.998,35.105,6.873
9647,32.216,33.862,6.350
9648,32.359,33.756,6.042
9649,32.363,34.072,6.045
9650,31.483,32.997,5.987
9651,32.272,33.029,5.854
9652,32.539,33.606,5.828
9653,33.137,34.790,6.318
9654,32.668,33.160,5.953
9655,33.594,34.668,6.244
9656,33.073,33.310,6.287
9657,31.366,32.267,5.470
9658,31.371,32.901,6.242
9659,32.164,32.860,6.195
9660,30.788,33.105,6.212
9661,31.004,32.958,6.788
9662,31.477,32.258,6.454
9663,31.459,33.044,6.013
9664,30.517,31.950,6.218
9665,30.585,32.105,6.134
9666,30.627,32.928,6.480
9667,31.046,33.441,6.455
9668,30.529,34.123,6.307
9669,31.084,32.844,6.366
9670,30.876,32.494,6.123
9671,30.713,32.599,6.514
9672,29.920,31.488,5.470
9673,31.489,31.927,5.043
9674,31.161,33.492,4.954
9675,31.311,32.304,5.099
9676,30.344,30.822,4.923
9677,31.161,31.646,5.338
9678,30.997,32.561,4.888
9679,30.271,32.443,5.340
9680,30.019,32.043,5.822
9681,31.297,32.665,5.948
9682,30.759,32.513,5.845
9683,31.433,33.186,5.882
9684,31.098,32.906,6.051
9685,31.868,32.292,6.327
9686,31.822,32.149,6.563
9687,31.224,32.367,5.993
9688,31.461,33.411,6.257
9689,31.982,32.648,5.747
9690,31.923,32.800,5.773
9691,31.928,33.158,5.971
9692,31.677,32.776,6.251
9693,32.161,31.410,5.580
9694,32.328,33.310,5.755
9695,31.948,32.612,5.527
9696,31.550,32.307,5.876
9697,32.392,31.842,5.534
9698,33.265,33.732,5.736
9699,32.523,33.427,5.910
9700,31.267,33.604,6.441
9701,31.161,32.164,6.267
9702,30.876,32.777,6.302
9703,31.026,33.180,6.142
9704,31.373,32.441,6.520
9705,31.375,31.873,6.037
9706,31.167,30.361,6.016
9707,31.736,30.172,5.534
9708,31.505,30.999,6.023
9709,31.817,31.135,5.991
9710,32.895,30.623,6.194
9711,32.003,32.356,6.125
9712,32.658,32.214,5.868
9713,31.597,30.906,5.987
9714,33.229,31.954,5.685
9715,31.308,30.637,5.880
9716,31.390,31.763,6.315
9717,31.448,32.978,5.994
9718,31.221,32.332,6.069
9719,31.064,32.340,6.838
9720,30.832,31.251,6.243
9721,31.644,32.071,6.001
9722,30.848,31.479,6.327
9723,29.739,30.482,6.179
9724,30.145,31.738,6.646
9725,30.722,31.883,6.231
9726,30.549,32.269,5.762
9727,31.201,32.037,6.466
9728,29.785,31.463,6.537
9729,29.689,32.031,6.289
9730,30.395,31.833,6.433
9731,30.559,31.254,7.465
9732,30.135,32.119,6.591
9733,31.059,31.841,6.785
9734,31.660,32.951,6.955
9735,29.547,31.303,5.663
9736,30.820,31.611,6.436
9737,30.491,31.046,5.387
9738,30.938,30.386,5.845
9739,30.078,31.080,5.721
9740,31.115,31.266,5.570
9741,30.250,31.472,5.337
9742,30.532,31.087,5.534
9743,30.708,31.516,5.395
9744,31.013,31.926,6.150
9745,30.129,30.779,5.830
9746,31.168,31.013,5.380
9747,31.090,31.012,5.727
9748,30.754,30.851,5.698
9749,30.313,31.275,5.197
9750,30.147,30.547,5.408
9751,30.117,30.886,5.116
9752,29.784,30.761,5.693
9753,30.855,31.433,5.321
9754,30.784,30.579,6.001
9755,30.456,30.378,5.393
9756,29.555,29.492,4.397
9757,30.415,30.874,6.808
9758,30.728,30.890,5.846
9759,30.740,31.100,5.789
9760,31.278,31.111,6.492
9761,30.039,30.908,5.506
9762,31.727,32.363,6.407
9763,30.923,30.886,5.629
9764,31.325,30.845,6.352
9765,31.661,30.572,5.313
9766,31.571,31.921,5.277
9767,31.739,32.013,6.173
9768,31.505,30.374,6.186
9769,31.114,31.052,6.376
9770,31.208,30.894,6.426
9771,31.585,31.873,5.752
9772,31.041,31.897,6.282
9773,31.033,31.668,6.075
9774,30.895,31.634,5.651
9775,30.308,30.604,5.103
9776,29.123,30.196,5.719
9777,29.675,30.825,5.186
9778,30.280,30.822,5.721
9779,30.422,30.389,5.701
9780,29.832,28.920,6.301
9781,30.864,30.172,6.116
9782,31.424,31.411,6.217
9783,30.877,29.637,6.776
9784,31.961,30.670,5.979
9785,30.937,30.096,6.053
9786,30.739,30.223,6.046
9787,30.825,30.296,5.821
9788,31.789,29.783,5.686
9789,31.698,31.541,6.086
9790,31.254,30.298,6.092
9791,31.421,30.790,5.835
9792,30.938,29.124,6.054
9793,30.610,30.355,6.176
9794,30.292,29.351,5.538
9795,31.484,29.769,6.503
9796,33.097,31.382,6.285
9797,31.721,31.365,6.265
9798,32.172,31.439,6.484
9799,31.863,31.488,6.245
9800,32.033,31.417,6.054
9801,31.861,32.240,5.927
9802,31.649,31.773,6.424
9803,33.248,32.621,5.739
9804,32.889,32.106,5.766
9805,32.303,31.849,5.999
9806,31.833,31.189,5.934
9807,32.122,31.929,5.297
9808,31.208,31.791,5.912
9809,31.423,32.152,5.094
9810,31.317,31.459,5.618
9811,32.611,32.431,5.227
9812,32.619,32.686,5.312
9813,32.767,31.927,6.038
9814,32.215,31.454,6.582
9815,31.689,31.752,6.175
9816,31.140,32.179,5.995
9817,31.493,32.296,6.011
9818,32.638,31.246,5.875
9819,32.872,31.971,6.402
9820,31.452,31.386,5.932
9821,33.502,32.724,6.103
9822,32.187,32.876,6.572
9823,31.305,32.114,5.787
9824,32.424,32.196,6.250
9825,32.349,31.470,5.845
9826,32.580,32.492,6.015
9827,33.520,32.279,6.618
9828,34.655,31.359,6.285
9829,34.127,32.031,6.337
9830,35.158,32.112,6.021
9831,31.741,30.909,5.685
9832,32.347,32.320,6.414
9833,33.225,31.924,6.223
9834,34.600,32.186,6.535
9835,31.576,31.888,6.591
9836,31.906,32.437,6.586
9837,32.099,31.946,6.202
9838,32.123,32.421,6.197
9839,31.704,32.315,6.024
9840,31.711,32.702,5.972
9841,31.901,32.920,6.146
9842,32.031,32.560,6.184
9843,32.815,33.099,5.992
9844,33.129,32.903,6.765
9845,31.412,31.932,6.168
9846,32.389,32.079,6.269
9847,32.304,32.761,6.047
9848,33.127,33.117,6.316
9849,31.512,32.169,5.940
9850,32.338,32.835,6.153
9851,32.316,31.787,6.955
9852,31.535,31.862,5.473
9853,30.256,31.639,6.594
9854,32.018,31.652,5.943
9855,31.099,31.218,6.385
9856,31.688,31.068,6.143
9857,31.680,31.752,6.381
9858,32.025,31.129,6.265
9859,32.205,32.500,6.432
9860,31.619,31.340,6.062
9861,31.312,30.815,5.590
9862,31.664,31.625,6.660
9863,30.923,31.358,6.166
9864,31.554,31.529,6.433
9865,31.375,31.876,6.125
9866,32.663,31.819,6.092
9867,32.086,32.307,6.426
9868,32.991,32.352,6.539
9869,32.789,32.590,6.174
9870,31.809,31.945,6.269
9871,32.561,32.793,6.404
9872,31.875,32.072,6.014
9873,31.967,32.179,5.793
9874,33.650,31.776,6.262
9875,30.642,31.364,6.036
9876,30.942,31.787,5.351
9877,31.424,30.909,5.558
9878,32.030,32.994,5.690
9879,31.206,31.717,6.014
9880,32.063,31.915,5.420
9881,29.995,31.295,6.027
9882,30.965,31.351,6.760
9883,32.252,32.436,6.523
9884,28.952,29.835,5.246
9885,30.118,30.474,5.758
9886,29.695,31.115,5.329
9887,30.143,31.260,5.167
9888,31.729,32.190,5.398
9889,30.951,31.501,6.436
9890,30.014,30.246,6.069
9891,30.642,31.478,5.739
9892,30.835,31.618,6.722
9893,30.724,31.904,6.309
9894,30.879,31.999,6.582
9895,30.784,31.142,6.344
9896,31.402,31.500,6.112
9897,31.270,31.367,6.506
9898,31.381,31.232,5.956
9899,30.815,30.943,6.551
9900,30.129,30.736,6.069
9901,30.518,30.837,5.553
9902,32.157,32.979,6.307
9903,30.820,31.081,6.321
9904,31.323,31.471,6.056
9905,31.979,31.597,6.129
9906,31.927,32.067,6.165
9907,30.986,31.469,5.419
9908,32.376,32.424,6.171
9909,31.063,31.011,6.467
9910,31.737,32.047,6.292
9911,30.955,30.644,6.073
9912,30.204,31.797,6.079
9913,32.107,32.091,6.797
9914,30.798,31.443,6.203
9915,30.198,31.432,6.490
9916,31.486,32.421,6.006
9917,30.577,32.052,6.209
9918,30.640,32.149,6.221
9919,30.663,32.140,6.272
9920,31.090,31.198,6.385
9921,31.047,31.636,6.233
9922,30.790,30.843,5.667
9923,30.684,29.747,6.490
9924,29.176,30.199,6.243
9925,29.731,29.404,6.311
9926,30.035,30.468,6.100
9927,29.833,30.875,6.478
9928,30.198,30.843,7.076
9929,30.417,30.476,5.700
9930,30.000,30.275,6.311
9931,30.547,30.508,6.102
9932,29.687,30.274,6.690
9933,29.419,30.328,6.150
9934,30.968,31.353,6.570
9935,30.447,30.442,5.784
9936,30.673,30.307,5.758
9937,30.330,31.129,6.228
9938,30.126,30.455,5.803
9939,31.483,31.073,6.395
9940,31.351,30.299,6.278
9941,31.378,31.213,6.038
9942,31.795,30.832,6.466
9943,31.912,32.193,6.635
9944,31.178,33.018,6.391
9945,30.786,30.936,4.971
9946,31.201,32.171,5.597
9947,30.667,30.713,4.744
9948,30.475,31.154,5.101
9949,30.683,31.169,5.181
9950,30.715,31.418,5.307
9951,30.108,30.948,4.969
9952,30.180,31.673,5.287
9953,30.162,30.971,5.283
9954,29.235,29.133,5.012
9955,29.401,30.087,7.318
9956,28.469,30.531,6.325
9957,27.823,30.300,7.482
9958,27.195,29.948,7.519
9959,27.894,30.151,5.940
9960,30.565,31.585,5.257
9961,29.905,31.617,5.039
9962,29.634,32.179,5.767
9963,28.075,29.501,4.566
9964,30.456,30.721,5.362
9965,29.168,30.641,5.916
9966,28.867,31.783,5.130
9967,29.896,32.032,5.071
9968,30.383,32.536,5.521
9969,28.306,31.383,4.929
9970,29.551,32.833,4.938
9971,29.314,32.572,5.328
9972,30.367,31.667,5.348
9973,30.161,32.713,5.651
9974,29.666,31.537,4.870
9975,29.131,32.330,6.190
9976,30.414,30.413,5.465
9977,28.970,31.242,7.280
9978,30.030,31.364,6.504
9979,28.488,31.588,7.485
9980,32.441,32.375,7.316
9981,31.424,32.673,6.985
9982,30.041,33.246,6.284
9983,27.998,31.547,9.024
9984,30.395,32.519,7.261
9985,30.241,32.368,5.671
9986,29.462,32.130,6.938
9987,30.377,32.846,7.862
9988,29.953,31.766,6.881
9989,30.292,32.685,7.706
9990,29.872,31.289,5.065
9991,29.288,32.053,6.711
9992,30.650,32.516,7.142
9993,28.941,30.833,6.737
9994,28.984,31.315,4.757
9995,28.713,31.191,7.885
9996,28.137,31.737,7.675
9997,29.052,31.839,5.430
9998,28.687,31.234,6.888
9999,28.908,31.854,7.252
