frame,global_rmsd,core_rmsd
0,0.000,0.000
1,1.210,0.819
2,1.396,0.900
3,1.687,0.972
4,1.957,0.980
5,2.031,1.096
6,2.144,1.121
7,2.399,1.306
8,2.420,1.291
9,2.575,1.307
10,2.752,1.384
11,2.523,1.198
12,2.485,1.242
13,2.607,1.408
14,2.626,1.335
15,2.893,1.282
16,2.837,1.333
17,2.866,1.352
18,2.928,1.373
19,3.047,1.472
20,3.067,1.431
21,3.171,1.469
22,3.095,1.471
23,3.183,1.425
24,3.258,1.471
25,3.252,1.526
26,3.362,1.408
27,3.383,1.465
28,3.628,1.486
29,3.677,1.400
30,3.713,1.515
31,3.883,1.630
32,3.725,1.529
33,3.870,1.607
34,3.821,1.619
35,3.793,1.670
36,3.682,1.653
37,3.680,1.670
38,3.621,1.585
39,3.665,1.578
40,3.605,1.616
41,3.578,1.649
42,3.538,1.617
43,3.613,1.590
44,3.732,1.622
45,3.677,1.559
46,3.607,1.630
47,3.499,1.629
48,3.435,1.638
49,3.503,1.641
50,3.613,1.593
51,3.474,1.719
52,3.594,1.691
53,3.668,1.615
54,3.569,1.614
55,3.630,1.707
56,3.741,1.779
57,3.675,1.714
58,3.602,1.650
59,3.579,1.770
60,3.620,1.780
61,3.537,1.705
62,3.786,1.758
63,3.784,1.682
64,3.864,1.732
65,3.814,1.731
66,3.766,1.796
67,4.028,1.725
68,3.792,1.703
69,3.724,1.715
70,3.818,1.851
71,3.661,1.817
72,3.750,1.775
73,3.866,1.695
74,4.062,1.783
75,4.065,1.753
76,4.088,1.855
77,3.936,1.708
78,4.140,1.742
79,4.104,1.798
80,3.915,1.789
81,3.866,1.753
82,3.868,1.757
83,3.868,1.951
84,3.944,1.877
85,4.006,1.839
86,4.025,1.899
87,4.094,1.994
88,3.996,2.061
89,3.928,1.916
90,3.991,1.951
91,4.065,2.053
92,4.118,2.036
93,4.105,2.012
94,4.000,2.027
95,3.897,1.954
96,3.950,1.998
97,3.950,1.903
98,4.012,1.958
99,3.912,1.952
100,4.060,1.993
101,4.042,1.822
102,4.108,1.930
103,4.070,1.900
104,4.080,1.918
105,4.141,1.886
106,4.124,1.929
107,4.188,1.943
108,4.093,1.850
109,4.367,1.872
110,4.345,1.869
111,4.303,1.884
112,4.480,1.869
113,4.415,1.901
114,4.287,1.962
115,4.425,1.935
116,4.352,1.935
117,4.364,1.903
118,4.331,1.955
119,4.385,2.010
120,4.527,1.968
121,4.389,1.963
122,4.226,1.833
123,4.187,1.830
124,4.322,1.855
125,4.323,1.880
126,4.242,1.868
127,4.361,1.918
128,4.361,1.939
129,4.245,1.872
130,4.291,1.896
131,4.313,1.939
132,4.412,1.971
133,4.421,1.935
134,4.346,1.880
135,4.426,1.905
136,4.342,1.905
137,4.544,1.852
138,4.367,1.906
139,4.476,1.890
140,4.648,1.843
141,4.626,1.932
142,4.606,1.916
143,4.812,1.945
144,4.883,1.890
145,4.892,1.845
146,4.982,1.876
147,4.839,1.738
148,4.677,1.784
149,4.481,1.865
150,4.556,1.893
151,4.577,1.829
152,4.565,1.933
153,4.636,1.914
154,4.663,1.970
155,4.634,1.960
156,4.788,2.004
157,4.679,1.918
158,4.677,1.811
159,4.564,1.896
160,4.328,1.798
161,4.509,1.908
162,4.349,1.947
163,4.387,1.892
164,4.221,1.795
165,4.441,1.856
166,4.391,1.843
167,4.305,1.830
168,4.338,1.950
169,4.219,1.948
170,4.427,1.903
171,4.395,1.973
172,4.564,2.069
173,4.413,2.006
174,4.371,1.988
175,4.444,2.054
176,4.161,1.897
177,4.272,1.942
178,4.228,2.027
179,4.268,2.085
180,4.436,2.184
181,4.445,2.015
182,4.530,2.087
183,4.368,2.062
184,4.424,2.211
185,4.276,2.052
186,4.309,2.113
187,4.214,2.080
188,4.212,2.143
189,4.175,2.099
190,4.231,1.991
191,4.182,1.924
192,4.308,1.937
193,4.303,2.040
194,4.369,1.961
195,4.279,1.985
196,4.501,2.141
197,4.460,2.203
198,4.398,2.155
199,4.434,2.122
200,4.446,2.170
201,4.574,2.199
202,4.428,2.235
203,4.476,2.140
204,4.558,2.200
205,4.455,2.172
206,4.414,2.099
207,4.368,2.132
208,4.301,2.080
209,4.324,2.115
210,4.426,2.147
211,4.478,2.144
212,4.435,2.126
213,4.527,2.086
214,4.521,2.030
215,4.477,1.989
216,4.405,1.924
217,4.312,1.908
218,4.491,1.989
219,4.518,2.074
220,4.567,2.088
221,4.507,2.197
222,4.696,2.245
223,4.684,2.184
224,4.587,2.050
225,4.708,2.212
226,4.705,2.307
227,4.530,2.235
228,4.688,2.234
229,4.472,2.240
230,4.579,2.291
231,4.547,2.201
232,4.458,2.109
233,4.446,2.156
234,4.484,2.124
235,4.530,2.173
236,4.481,2.150
237,4.506,2.153
238,4.549,2.189
239,4.526,2.114
240,4.533,2.138
241,4.526,2.062
242,4.504,2.014
243,4.507,1.995
244,4.499,2.044
245,4.574,2.093
246,4.516,1.992
247,4.631,1.969
248,4.525,2.077
249,4.536,2.049
250,4.726,2.077
251,4.655,1.997
252,4.724,2.107
253,4.694,2.099
254,4.725,2.113
255,4.840,2.262
256,4.824,2.219
257,4.718,2.078
258,4.759,2.007
259,4.783,2.096
260,5.016,2.283
261,4.912,2.199
262,4.951,2.327
263,4.814,2.204
264,4.875,2.270
265,4.955,2.189
266,4.969,2.226
267,4.902,2.241
268,4.839,2.203
269,4.689,2.144
270,4.842,2.183
271,4.813,2.309
272,4.781,2.220
273,4.705,2.164
274,4.750,2.253
275,4.883,2.383
276,4.845,2.157
277,4.969,2.135
278,4.815,2.073
279,4.887,2.092
280,4.997,2.167
281,5.023,2.057
282,5.061,2.018
283,5.071,2.073
284,5.081,2.152
285,5.093,2.159
286,5.134,2.166
287,5.200,2.137
288,5.431,2.208
289,5.304,2.153
290,5.277,2.249
291,5.197,2.111
292,5.257,2.106
293,5.235,2.068
294,5.228,2.092
295,4.982,2.014
296,4.902,2.132
297,4.972,2.092
298,5.222,2.106
299,4.989,2.201
300,4.986,2.207
301,4.836,2.097
302,4.980,2.244
303,4.791,2.239
304,4.893,2.101
305,5.123,2.180
306,5.024,2.273
307,4.967,2.292
308,5.000,2.506
309,4.864,2.373
310,4.964,2.294
311,4.929,2.495
312,4.940,2.408
313,5.081,2.549
314,5.018,2.480
315,5.062,2.489
316,5.172,2.550
317,5.132,2.411
318,5.117,2.449
319,5.122,2.548
320,5.179,2.574
321,5.233,2.510
322,5.176,2.489
323,5.448,2.489
324,5.469,2.517
325,5.441,2.397
326,5.330,2.337
327,5.454,2.473
328,5.509,2.246
329,5.672,2.460
330,5.890,2.301
331,5.652,2.250
332,5.732,2.232
333,5.919,2.282
334,5.828,2.281
335,5.854,2.309
336,5.816,2.441
337,5.702,2.239
338,5.801,2.253
339,5.882,2.225
340,6.032,2.244
341,6.198,2.426
342,6.073,2.212
343,6.252,2.413
344,6.228,2.267
345,6.148,2.293
346,6.140,2.418
347,6.185,2.326
348,6.129,2.407
349,6.351,2.437
350,6.104,2.391
351,6.239,2.352
352,6.083,2.343
353,6.379,2.306
354,6.292,2.402
355,6.363,2.511
356,6.371,2.279
357,6.384,2.362
358,6.376,2.279
359,6.625,2.305
360,6.629,2.290
361,6.606,2.445
362,6.593,2.410
363,6.589,2.415
364,6.571,2.465
365,6.708,2.534
366,6.758,2.498
367,6.821,2.489
368,6.836,2.553
369,7.011,2.501
370,6.901,2.438
371,7.025,2.504
372,7.129,2.595
373,7.104,2.548
374,6.965,2.592
375,7.204,2.347
376,7.037,2.537
377,7.175,2.458
378,7.204,2.483
379,7.236,2.421
380,7.287,2.531
381,7.316,2.616
382,7.144,2.458
383,7.094,2.350
384,7.230,2.353
385,6.962,2.319
386,6.857,2.306
387,7.045,2.344
388,6.962,2.349
389,6.837,2.334
390,6.866,2.398
391,6.987,2.335
392,7.076,2.380
393,7.243,2.517
394,7.254,2.577
395,7.506,2.702
396,7.283,2.596
397,7.369,2.726
398,7.348,2.485
399,7.512,2.425
400,7.456,2.402
401,7.600,2.545
402,7.427,2.507
403,7.523,2.451
404,7.485,2.385
405,7.314,2.474
406,7.291,2.445
407,7.161,2.489
408,7.081,2.616
409,7.123,2.575
410,7.110,2.516
411,7.221,2.486
412,7.049,2.529
413,7.355,2.555
414,7.559,2.634
415,7.664,2.651
416,7.513,2.593
417,7.376,2.383
418,7.493,2.367
419,7.186,2.300
420,7.212,2.256
421,7.378,2.429
422,7.394,2.420
423,7.465,2.432
424,7.390,2.492
425,7.379,2.376
426,7.398,2.352
427,7.171,2.327
428,7.005,2.378
429,6.949,2.408
430,7.064,2.410
431,7.107,2.356
432,7.268,2.304
433,7.233,2.289
434,7.092,2.312
435,7.322,2.370
436,7.368,2.408
437,7.389,2.440
438,7.514,2.605
439,7.455,2.554
440,7.250,2.547
441,7.219,2.660
442,7.158,2.540
443,7.058,2.489
444,7.381,2.532
445,7.394,2.497
446,7.354,2.718
447,7.258,2.634
448,7.274,2.521
449,7.158,2.537
450,7.395,2.628
451,7.247,2.712
452,7.404,2.698
453,7.462,2.429
454,7.386,2.661
455,7.422,2.829
456,7.588,2.709
457,7.554,2.552
458,7.524,2.513
459,7.307,2.486
460,7.230,2.420
461,7.229,2.601
462,7.183,2.564
463,7.315,2.460
464,7.258,2.533
465,7.226,2.544
466,7.270,2.597
467,7.185,2.444
468,7.139,2.565
469,7.227,2.490
470,7.178,2.357
471,7.222,2.480
472,7.531,2.608
473,7.679,2.480
474,7.580,2.527
475,7.640,2.487
476,7.583,2.488
477,7.536,2.537
478,7.532,2.447
479,7.655,2.483
480,7.636,2.623
481,7.628,2.639
482,7.654,2.638
483,7.697,2.670
484,7.776,2.567
485,7.678,2.583
486,7.729,2.548
487,7.561,2.540
488,7.616,2.617
489,7.692,2.561
490,7.431,2.559
491,7.404,2.517
492,7.383,2.465
493,7.393,2.492
494,7.294,2.480
495,7.156,2.395
496,7.144,2.369
497,7.223,2.379
498,7.170,2.426
499,7.148,2.443
500,7.062,2.515
501,7.048,2.588
502,7.065,2.510
503,7.047,2.358
504,7.058,2.399
505,7.204,2.372
506,7.246,2.353
507,7.237,2.399
508,7.204,2.475
509,7.111,2.530
510,7.272,2.488
511,7.125,2.441
512,7.459,2.532
513,7.281,2.437
514,7.281,2.331
515,7.446,2.523
516,7.468,2.498
517,7.465,2.615
518,7.469,2.550
519,7.625,2.552
520,7.544,2.534
521,7.630,2.479
522,7.563,2.552
523,7.506,2.662
524,7.352,2.437
525,7.271,2.435
526,7.493,2.361
527,7.589,2.442
528,7.791,2.378
529,7.744,2.418
530,7.694,2.450
531,7.768,2.485
532,7.876,2.518
533,7.998,2.517
534,7.776,2.557
535,7.974,2.542
536,7.900,2.622
537,7.988,2.537
538,8.010,2.586
539,7.955,2.532
540,8.014,2.562
541,8.057,2.540
542,8.123,2.580
543,8.107,2.497
544,8.174,2.656
545,8.017,2.670
546,8.342,2.729
547,8.062,2.609
548,8.083,2.480
549,8.056,2.509
550,8.078,2.573
551,8.161,2.568
552,8.288,2.530
553,8.050,2.461
554,8.139,2.488
555,8.195,2.534
556,8.038,2.588
557,8.032,2.524
558,8.096,2.620
559,8.069,2.512
560,8.109,2.687
561,7.971,2.592
562,8.214,2.578
563,8.103,2.590
564,8.259,2.538
565,8.140,2.645
566,8.226,2.621
567,8.327,2.566
568,8.284,2.478
569,8.306,2.607
570,8.171,2.436
571,8.025,2.487
572,8.235,2.518
573,8.264,2.348
574,8.292,2.475
575,8.257,2.345
576,8.353,2.362
577,8.215,2.349
578,8.078,2.343
579,8.057,2.326
580,8.232,2.394
581,8.113,2.300
582,8.269,2.456
583,8.157,2.437
584,8.195,2.345
585,8.266,2.393
586,8.371,2.397
587,8.158,2.388
588,8.390,2.417
589,8.312,2.411
590,8.434,2.334
591,8.401,2.328
592,8.451,2.254
593,8.471,2.290
594,8.573,2.282
595,8.518,2.273
596,8.319,2.146
597,8.360,2.292
598,8.369,2.293
599,8.417,2.370
600,8.476,2.395
601,8.500,2.343
602,8.159,2.317
603,8.211,2.271
604,8.139,2.227
605,8.005,2.167
606,8.051,2.116
607,8.127,2.146
608,7.997,2.209
609,7.951,2.219
610,7.899,2.223
611,7.962,2.241
612,8.114,2.231
613,8.165,2.331
614,7.995,2.459
615,8.149,2.330
616,8.065,2.383
617,8.196,2.389
618,8.220,2.329
619,7.863,2.191
620,7.880,2.237
621,7.983,2.277
622,7.932,2.244
623,8.041,2.173
624,8.141,2.251
625,8.200,2.250
626,8.485,2.267
627,8.354,2.296
628,8.341,2.234
629,8.308,2.269
630,8.402,2.207
631,8.462,2.397
632,8.539,2.247
633,8.340,2.377
634,8.483,2.380
635,8.402,2.267
636,8.189,2.321
637,8.136,2.294
638,8.127,2.336
639,8.209,2.261
640,8.167,2.219
641,8.066,2.242
642,8.208,2.164
643,8.235,2.201
644,8.099,2.314
645,7.946,2.170
646,8.002,2.241
647,8.095,2.327
648,8.217,2.344
649,8.426,2.323
650,8.329,2.211
651,8.159,2.209
652,8.254,2.300
653,8.324,2.278
654,8.361,2.285
655,8.098,2.297
656,8.390,2.356
657,8.278,2.364
658,8.366,2.351
659,8.285,2.293
660,8.273,2.304
661,8.179,2.228
662,8.208,2.147
663,8.272,2.188
664,8.177,2.285
665,8.029,2.255
666,7.818,2.247
667,7.752,2.241
668,7.922,2.170
669,8.023,2.189
670,8.086,2.148
671,8.085,2.247
672,7.893,2.210
673,7.694,2.131
674,7.865,2.145
675,7.679,2.209
676,7.772,2.113
677,7.740,2.082
678,7.786,2.204
679,7.744,2.218
680,7.626,2.108
681,7.694,2.108
682,7.661,2.108
683,7.697,2.233
684,7.725,2.291
685,7.623,2.156
686,7.737,2.184
687,7.634,2.174
688,7.758,2.262
689,7.810,2.272
690,7.734,2.203
691,7.623,2.111
692,7.846,2.078
693,7.981,2.160
694,7.863,2.132
695,7.630,2.120
696,7.528,2.121
697,7.508,2.112
698,7.579,2.124
699,7.514,2.103
700,7.548,2.091
701,7.444,2.193
702,7.297,2.151
703,7.415,2.242
704,7.338,2.095
705,7.540,2.138
706,7.428,2.211
707,7.409,2.197
708,7.502,2.098
709,7.326,2.065
710,7.519,2.059
711,7.364,2.059
712,7.256,2.101
713,7.307,2.107
714,7.118,2.027
715,7.120,2.090
716,7.132,2.037
717,7.032,1.992
718,7.235,2.046
719,7.044,2.001
720,7.016,1.994
721,7.165,2.081
722,7.324,2.131
723,7.333,2.162
724,7.343,2.107
725,7.184,1.976
726,7.301,2.054
727,7.360,2.082
728,7.295,2.174
729,6.999,2.205
730,6.874,2.148
731,6.879,2.242
732,6.885,2.245
733,7.036,2.324
734,6.930,2.275
735,6.923,2.237
736,6.857,2.190
737,6.952,2.189
738,6.841,2.242
739,6.647,2.164
740,6.438,2.176
741,6.447,2.270
742,6.450,2.325
743,6.546,2.235
744,6.592,2.250
745,6.718,2.232
746,6.703,2.192
747,6.661,2.207
748,6.718,2.259
749,6.552,2.211
750,6.667,2.215
751,6.675,2.217
752,6.552,2.250
753,6.522,2.231
754,6.473,2.178
755,6.494,2.124
756,6.455,2.164
757,6.478,2.157
758,6.253,2.101
759,6.232,2.113
760,6.267,2.079
761,6.084,1.989
762,6.235,2.018
763,6.195,1.981
764,6.436,2.071
765,6.463,2.053
766,6.595,2.043
767,6.657,1.960
768,6.672,2.001
769,6.841,2.059
770,6.815,2.135
771,6.934,2.105
772,7.070,1.962
773,7.260,2.093
774,7.219,2.038
775,6.988,1.985
776,6.793,2.097
777,6.854,2.047
778,6.655,1.998
779,6.735,2.003
780,6.781,2.103
781,6.777,2.110
782,6.601,2.192
783,6.657,2.148
784,6.639,2.124
785,6.635,2.130
786,6.591,2.208
787,6.689,2.225
788,6.811,2.149
789,6.596,2.134
790,6.587,2.158
791,6.558,2.111
792,6.338,2.024
793,6.475,2.044
794,6.384,2.099
795,6.285,2.019
796,6.452,2.127
797,6.429,2.109
798,6.419,2.100
799,6.621,2.090
800,6.652,2.137
801,6.566,2.124
802,6.476,2.105
803,6.281,2.015
804,6.302,2.105
805,6.187,2.094
806,6.416,2.076
807,6.371,2.195
808,6.309,2.224
809,6.475,2.158
810,6.609,2.130
811,6.577,2.115
812,6.666,2.096
813,6.667,2.129
814,6.814,2.172
815,6.686,2.090
816,6.512,2.039
817,6.518,2.120
818,6.411,2.047
819,6.547,2.044
820,6.445,2.053
821,6.502,2.046
822,6.583,2.049
823,6.373,2.094
824,6.532,2.109
825,6.565,2.084
826,6.525,2.069
827,6.595,1.958
828,6.718,1.946
829,6.625,2.049
830,6.654,1.985
831,6.592,1.904
832,6.589,2.021
833,6.465,1.995
834,6.457,2.094
835,6.561,2.041
836,6.622,2.078
837,6.498,2.055
838,6.696,2.058
839,6.828,2.116
840,6.984,2.160
841,6.996,2.214
842,7.031,2.163
843,7.014,2.227
844,7.057,2.239
845,6.982,2.154
846,7.057,2.245
847,6.842,2.185
848,6.830,2.128
849,6.705,2.051
850,6.577,2.068
851,6.536,2.039
852,6.675,2.086
853,6.697,2.003
854,6.584,2.058
855,6.582,1.980
856,6.654,2.046
857,6.568,1.988
858,6.693,2.080
859,6.814,2.093
860,6.716,1.996
861,6.800,2.003
862,6.874,1.934
863,6.958,2.034
864,6.763,2.079
865,6.801,2.061
866,6.858,1.904
867,6.692,2.025
868,6.683,2.026
869,6.519,2.040
870,6.612,2.083
871,6.533,2.128
872,6.438,2.115
873,6.432,2.049
874,6.560,2.091
875,6.417,2.044
876,6.516,2.075
877,6.538,2.079
878,6.545,2.027
879,6.438,2.080
880,6.439,1.999
881,6.519,2.058
882,6.353,2.091
883,6.376,2.099
884,6.254,1.993
885,6.396,2.089
886,6.329,2.076
887,6.408,2.106
888,6.490,2.099
889,6.287,2.081
890,6.410,2.031
891,6.300,2.031
892,6.080,2.058
893,6.105,2.118
894,6.137,2.072
895,6.154,2.075
896,6.082,2.064
897,6.188,2.141
898,6.241,2.184
899,6.287,2.218
900,6.200,2.059
901,6.224,2.020
902,6.283,2.003
903,6.345,2.101
904,6.534,2.235
905,6.421,2.225
906,6.311,2.274
907,6.450,2.204
908,6.293,2.165
909,6.342,2.165
910,6.323,2.088
911,6.262,2.195
912,6.168,2.119
913,6.290,2.214
914,6.223,2.127
915,6.321,2.165
916,6.344,2.154
917,6.470,2.137
918,6.410,2.119
919,6.342,2.153
920,6.386,2.183
921,6.293,2.142
922,6.312,2.177
923,5.957,2.208
924,6.269,2.257
925,6.252,2.150
926,6.128,2.187
927,6.271,2.247
928,6.360,2.209
929,6.336,2.125
930,6.704,2.188
931,6.624,2.051
932,6.560,2.230
933,6.658,2.194
934,6.391,2.246
935,6.421,2.250
936,6.502,2.167
937,6.529,2.174
938,6.670,2.197
939,6.615,2.267
940,6.744,2.300
941,6.763,2.328
942,6.784,2.184
943,6.822,2.136
944,6.955,2.213
945,6.952,2.263
946,6.980,2.175
947,7.126,2.125
948,7.227,2.208
949,7.260,2.261
950,7.021,2.251
951,6.989,2.197
952,6.872,2.186
953,6.978,2.283
954,6.877,2.154
955,6.899,2.259
956,6.956,2.203
957,6.864,2.154
958,6.962,2.273
959,6.979,2.266
960,7.113,2.328
961,7.056,2.351
962,6.927,2.259
963,6.827,2.323
964,6.701,2.338
965,6.719,2.442
966,6.820,2.365
967,6.771,2.312
968,6.649,2.258
969,6.775,2.378
970,6.736,2.350
971,6.778,2.312
972,6.556,2.307
973,6.552,2.229
974,6.435,2.280
975,6.521,2.347
976,6.314,2.280
977,6.239,2.324
978,6.182,2.321
979,6.355,2.487
980,6.277,2.474
981,6.291,2.241
982,6.420,2.411
983,6.514,2.299
984,6.587,2.385
985,6.704,2.305
986,6.713,2.286
987,6.708,2.158
988,6.795,2.309
989,6.850,2.439
990,6.857,2.435
991,7.099,2.441
992,6.949,2.389
993,7.076,2.404
994,7.010,2.530
995,6.969,2.648
996,6.901,2.441
997,6.871,2.517
998,6.842,2.558
999,6.878,2.576
1000,6.784,2.608
1001,6.705,2.465
1002,6.496,2.360
1003,6.657,2.561
1004,6.521,2.561
1005,6.496,2.450
1006,6.428,2.521
1007,6.336,2.453
1008,6.373,2.461
1009,6.342,2.462
1010,6.239,2.349
1011,6.138,2.419
1012,6.155,2.476
1013,6.171,2.441
1014,6.225,2.542
1015,6.161,2.428
1016,6.126,2.512
1017,6.136,2.372
1018,6.245,2.568
1019,6.281,2.475
1020,6.363,2.415
1021,6.350,2.461
1022,6.324,2.552
1023,6.542,2.526
1024,6.534,2.517
1025,6.451,2.439
1026,6.602,2.215
1027,6.473,2.343
1028,6.423,2.345
1029,6.378,2.422
1030,6.413,2.418
1031,6.554,2.574
1032,6.606,2.549
1033,6.600,2.427
1034,6.619,2.487
1035,6.496,2.361
1036,6.462,2.465
1037,6.472,2.349
1038,6.621,2.439
1039,6.769,2.536
1040,6.698,2.421
1041,6.759,2.455
1042,6.677,2.430
1043,6.635,2.465
1044,6.579,2.439
1045,6.606,2.464
1046,6.690,2.363
1047,6.767,2.429
1048,7.123,2.459
1049,6.850,2.424
1050,6.805,2.273
1051,6.635,2.373
1052,6.583,2.367
1053,6.499,2.354
1054,6.595,2.386
1055,6.636,2.409
1056,6.499,2.400
1057,6.411,2.445
1058,6.482,2.340
1059,6.545,2.435
1060,6.384,2.349
1061,6.277,2.320
1062,6.463,2.376
1063,6.345,2.267
1064,6.299,2.206
1065,6.337,2.242
1066,6.326,2.371
1067,6.251,2.236
1068,6.398,2.206
1069,6.435,2.307
1070,6.455,2.315
1071,6.274,2.349
1072,6.298,2.426
1073,6.371,2.384
1074,6.458,2.384
1075,6.364,2.357
1076,6.482,2.361
1077,6.551,2.382
1078,6.486,2.388
1079,6.342,2.362
1080,6.279,2.501
1081,6.266,2.523
1082,6.398,2.546
1083,6.437,2.424
1084,6.266,2.446
1085,6.328,2.487
1086,6.417,2.376
1087,6.410,2.428
1088,6.483,2.565
1089,6.573,2.648
1090,6.647,2.625
1091,6.650,2.552
1092,6.707,2.527
1093,6.787,2.610
1094,6.598,2.629
1095,6.645,2.790
1096,6.667,2.689
1097,6.739,2.690
1098,6.778,2.583
1099,6.791,2.586
1100,6.579,2.524
1101,6.755,2.513
1102,6.817,2.579
1103,6.717,2.543
1104,6.707,2.445
1105,6.666,2.484
1106,6.546,2.400
1107,6.387,2.400
1108,6.256,2.358
1109,6.546,2.420
1110,6.542,2.367
1111,6.581,2.309
1112,6.614,2.416
1113,6.572,2.350
1114,6.699,2.394
1115,6.718,2.406
1116,6.646,2.280
1117,6.815,2.416
1118,6.775,2.417
1119,6.644,2.402
1120,6.734,2.409
1121,6.621,2.463
1122,6.695,2.573
1123,6.821,2.527
1124,6.940,2.448
1125,6.961,2.490
1126,6.703,2.293
1127,6.533,2.406
1128,6.530,2.319
1129,6.660,2.408
1130,6.642,2.469
1131,6.790,2.365
1132,6.654,2.372
1133,6.653,2.317
1134,6.506,2.386
1135,6.603,2.535
1136,6.691,2.539
1137,6.421,2.370
1138,6.656,2.315
1139,6.527,2.287
1140,6.450,2.321
1141,6.444,2.266
1142,6.642,2.258
1143,6.551,2.276
1144,6.760,2.298
1145,6.808,2.354
1146,6.762,2.303
1147,6.912,2.332
1148,7.068,2.402
1149,6.946,2.416
1150,7.009,2.408
1151,6.934,2.283
1152,6.764,2.374
1153,6.801,2.478
1154,6.795,2.449
1155,6.753,2.498
1156,6.804,2.490
1157,6.750,2.508
1158,6.760,2.474
1159,6.933,2.421
1160,6.788,2.285
1161,6.750,2.344
1162,6.822,2.327
1163,6.914,2.343
1164,6.983,2.343
1165,6.977,2.325
1166,7.027,2.291
1167,7.039,2.430
1168,7.027,2.327
1169,6.863,2.274
1170,7.064,2.283
1171,6.984,2.333
1172,7.016,2.309
1173,6.984,2.306
1174,7.175,2.435
1175,7.067,2.317
1176,7.090,2.453
1177,7.023,2.337
1178,6.919,2.294
1179,6.782,2.240
1180,6.788,2.191
1181,6.867,2.180
1182,6.855,2.218
1183,6.914,2.270
1184,6.735,2.156
1185,6.845,2.224
1186,6.833,2.286
1187,6.866,2.347
1188,6.724,2.373
1189,6.667,2.364
1190,6.701,2.394
1191,6.762,2.382
1192,7.056,2.482
1193,7.202,2.429
1194,7.264,2.409
1195,7.095,2.479
1196,7.070,2.479
1197,6.891,2.356
1198,6.911,2.352
1199,6.984,2.311
1200,7.009,2.309
1201,6.932,2.397
1202,6.964,2.457
1203,6.956,2.370
1204,6.832,2.292
1205,6.703,2.354
1206,6.766,2.393
1207,6.807,2.416
1208,6.667,2.339
1209,6.758,2.369
1210,6.647,2.408
1211,6.632,2.294
1212,6.669,2.263
1213,6.710,2.260
1214,6.824,2.409
1215,6.961,2.356
1216,6.885,2.292
1217,6.950,2.340
1218,7.103,2.290
1219,7.040,2.338
1220,6.974,2.120
1221,7.086,2.334
1222,7.116,2.194
1223,7.099,2.331
1224,7.006,2.307
1225,7.004,2.250
1226,7.118,2.294
1227,7.028,2.263
1228,7.149,2.230
1229,7.175,2.295
1230,7.123,2.196
1231,7.155,2.338
1232,7.131,2.432
1233,6.991,2.361
1234,6.985,2.236
1235,6.860,2.190
1236,6.810,2.283
1237,6.833,2.290
1238,6.797,2.220
1239,6.899,2.268
1240,6.869,2.307
1241,6.928,2.203
1242,6.799,2.167
1243,6.730,2.260
1244,6.790,2.179
1245,6.970,2.217
1246,6.949,2.136
1247,6.992,2.161
1248,7.129,2.237
1249,7.038,2.192
1250,6.985,2.151
1251,6.997,2.244
1252,6.885,2.282
1253,6.868,2.227
1254,6.904,2.244
1255,6.846,2.242
1256,6.977,2.163
1257,6.893,2.194
1258,6.981,2.277
1259,6.717,2.209
1260,6.961,2.237
1261,6.973,2.177
1262,6.959,2.231
1263,7.089,2.242
1264,6.983,2.286
1265,6.754,2.232
1266,7.056,2.261
1267,6.988,2.155
1268,7.078,2.140
1269,6.981,2.110
1270,7.053,2.261
1271,7.241,2.257
1272,7.215,2.252
1273,7.054,2.158
1274,7.049,2.174
1275,7.092,2.215
1276,7.110,2.271
1277,7.129,2.319
1278,6.999,2.345
1279,7.143,2.429
1280,7.046,2.154
1281,7.253,2.338
1282,7.200,2.258
1283,7.125,2.264
1284,6.924,2.189
1285,7.023,2.303
1286,7.122,2.322
1287,6.928,2.231
1288,6.858,2.196
1289,7.036,2.304
1290,7.207,2.268
1291,7.119,2.296
1292,7.149,2.292
1293,7.263,2.368
1294,7.375,2.398
1295,7.299,2.356
1296,7.335,2.354
1297,7.266,2.297
1298,7.337,2.352
1299,7.313,2.359
1300,7.227,2.293
1301,7.088,2.277
1302,6.871,2.390
1303,7.020,2.377
1304,7.092,2.411
1305,6.917,2.441
1306,6.818,2.370
1307,6.775,2.377
1308,6.853,2.477
1309,6.764,2.433
1310,6.709,2.372
1311,6.779,2.361
1312,6.900,2.468
1313,6.818,2.498
1314,6.647,2.411
1315,6.681,2.409
1316,6.450,2.300
1317,6.559,2.353
1318,6.666,2.389
1319,6.504,2.360
1320,6.458,2.441
1321,6.444,2.384
1322,6.604,2.278
1323,6.455,2.183
1324,6.535,2.265
1325,6.578,2.297
1326,6.627,2.346
1327,6.741,2.349
1328,6.718,2.543
1329,6.733,2.420
1330,6.889,2.425
1331,6.791,2.527
1332,6.563,2.517
1333,6.732,2.495
1334,6.706,2.439
1335,6.770,2.448
1336,6.708,2.402
1337,6.760,2.444
1338,6.768,2.419
1339,6.719,2.272
1340,6.856,2.348
1341,6.772,2.310
1342,6.757,2.310
1343,6.692,2.292
1344,6.651,2.294
1345,6.728,2.347
1346,6.744,2.466
1347,6.794,2.423
1348,6.588,2.329
1349,6.657,2.337
1350,6.623,2.428
1351,6.477,2.329
1352,6.397,2.312
1353,6.751,2.426
1354,6.534,2.327
1355,6.495,2.402
1356,6.553,2.356
1357,6.375,2.293
1358,6.342,2.327
1359,6.277,2.261
1360,6.375,2.366
1361,6.380,2.340
1362,6.433,2.338
1363,6.388,2.369
1364,6.299,2.289
1365,6.240,2.398
1366,6.102,2.372
1367,6.229,2.372
1368,6.261,2.372
1369,6.024,2.345
1370,6.015,2.390
1371,6.087,2.348
1372,6.095,2.377
1373,6.297,2.349
1374,6.233,2.388
1375,6.284,2.413
1376,6.270,2.433
1377,6.286,2.413
1378,6.345,2.353
1379,6.485,2.399
1380,6.484,2.412
1381,6.554,2.434
1382,6.488,2.369
1383,6.337,2.290
1384,6.325,2.351
1385,6.291,2.335
1386,6.244,2.358
1387,6.429,2.406
1388,6.383,2.365
1389,6.400,2.264
1390,6.511,2.398
1391,6.411,2.436
1392,6.545,2.396
1393,6.605,2.333
1394,6.458,2.420
1395,6.357,2.312
1396,6.498,2.303
1397,6.341,2.292
1398,6.213,2.234
1399,6.185,2.306
1400,6.173,2.342
1401,6.210,2.147
1402,6.214,2.233
1403,6.215,2.181
1404,6.288,2.263
1405,6.447,2.243
1406,6.327,2.210
1407,6.394,2.219
1408,6.480,2.239
1409,6.723,2.228
1410,6.536,2.201
1411,6.640,2.256
1412,6.643,2.303
1413,6.816,2.327
1414,6.886,2.340
1415,6.922,2.221
1416,6.903,2.374
1417,6.825,2.364
1418,6.841,2.321
1419,6.760,2.263
1420,6.864,2.289
1421,6.821,2.289
1422,6.826,2.379
1423,6.661,2.326
1424,6.779,2.303
1425,6.767,2.387
1426,6.935,2.384
1427,6.851,2.308
1428,6.800,2.272
1429,6.835,2.259
1430,6.943,2.314
1431,6.874,2.210
1432,6.819,2.221
1433,6.934,2.320
1434,6.941,2.185
1435,6.775,2.304
1436,6.701,2.304
1437,6.629,2.203
1438,6.775,2.232
1439,6.931,2.285
1440,6.886,2.239
1441,6.949,2.355
1442,7.009,2.317
1443,6.927,2.381
1444,7.069,2.283
1445,6.986,2.345
1446,6.902,2.223
1447,7.025,2.250
1448,7.006,2.313
1449,6.658,2.203
1450,6.768,2.158
1451,6.724,2.206
1452,6.579,2.204
1453,6.465,2.114
1454,6.602,2.186
1455,6.627,2.272
1456,6.430,2.191
1457,6.467,2.148
1458,6.491,2.151
1459,6.631,2.216
1460,6.670,2.209
1461,6.433,2.178
1462,6.653,2.311
1463,6.625,2.266
1464,6.534,2.175
1465,6.382,2.282
1466,6.559,2.272
1467,6.533,2.355
1468,6.282,2.218
1469,6.470,2.319
1470,6.387,2.184
1471,6.529,2.210
1472,6.733,2.225
1473,6.843,2.254
1474,6.888,2.256
1475,6.886,2.279
1476,6.943,2.217
1477,6.932,2.132
1478,6.789,2.172
1479,6.724,2.167
1480,6.523,2.191
1481,6.578,2.261
1482,6.530,2.225
1483,6.445,2.237
1484,6.427,2.295
1485,6.319,2.260
1486,6.187,2.165
1487,6.285,2.259
1488,6.329,2.239
1489,6.319,2.237
1490,6.438,2.253
1491,6.700,2.248
1492,6.586,2.243
1493,6.577,2.236
1494,6.534,2.244
1495,6.552,2.239
1496,6.635,2.226
1497,6.584,2.256
1498,6.426,2.177
1499,6.552,2.249
1500,6.459,2.181
1501,6.275,2.321
1502,6.334,2.306
1503,6.433,2.382
1504,6.282,2.214
1505,6.437,2.228
1506,6.398,2.284
1507,6.427,2.287
1508,6.490,2.340
1509,6.468,2.367
1510,6.267,2.215
1511,6.305,2.278
1512,6.282,2.382
1513,6.419,2.395
1514,6.549,2.305
1515,6.358,2.239
1516,6.350,2.306
1517,6.442,2.320
1518,6.436,2.327
1519,6.552,2.389
1520,6.622,2.358
1521,6.662,2.345
1522,6.594,2.234
1523,6.477,2.292
1524,6.370,2.356
1525,6.281,2.335
1526,6.223,2.283
1527,6.140,2.307
1528,6.145,2.148
1529,6.248,2.185
1530,6.371,2.320
1531,6.347,2.308
1532,6.356,2.320
1533,6.439,2.376
1534,6.400,2.390
1535,6.292,2.284
1536,6.281,2.315
1537,6.277,2.237
1538,6.423,2.205
1539,6.481,2.286
1540,6.576,2.219
1541,6.494,2.326
1542,6.561,2.267
1543,6.419,2.260
1544,6.560,2.326
1545,6.344,2.318
1546,6.472,2.365
1547,6.467,2.300
1548,6.576,2.297
1549,6.659,2.293
1550,6.591,2.336
1551,6.600,2.391
1552,6.514,2.468
1553,6.514,2.457
1554,6.661,2.480
1555,6.587,2.470
1556,6.603,2.327
1557,6.499,2.293
1558,6.499,2.341
1559,6.551,2.289
1560,6.629,2.300
1561,6.757,2.450
1562,6.783,2.361
1563,6.689,2.368
1564,6.793,2.422
1565,6.918,2.483
1566,6.792,2.442
1567,6.754,2.412
1568,6.798,2.420
1569,6.801,2.541
1570,6.748,2.383
1571,6.785,2.483
1572,6.756,2.506
1573,6.643,2.432
1574,6.607,2.545
1575,6.555,2.401
1576,6.517,2.489
1577,6.644,2.497
1578,6.606,2.494
1579,6.610,2.415
1580,6.600,2.396
1581,6.791,2.490
1582,6.742,2.468
1583,6.704,2.536
1584,6.572,2.556
1585,6.629,2.463
1586,6.482,2.430
1587,6.685,2.451
1588,6.717,2.396
1589,6.746,2.453
1590,6.547,2.329
1591,6.601,2.366
1592,6.603,2.291
1593,6.698,2.292
1594,6.834,2.414
1595,6.736,2.409
1596,6.766,2.484
1597,6.638,2.386
1598,6.636,2.385
1599,6.755,2.397
1600,6.743,2.395
1601,6.768,2.307
1602,6.760,2.279
1603,6.760,2.372
1604,6.830,2.336
1605,6.673,2.291
1606,6.589,2.270
1607,6.669,2.264
1608,6.703,2.272
1609,6.706,2.267
1610,6.647,2.227
1611,6.717,2.217
1612,6.575,2.328
1613,6.514,2.359
1614,6.537,2.302
1615,6.645,2.291
1616,6.579,2.263
1617,6.633,2.325
1618,6.503,2.363
1619,6.510,2.276
1620,6.549,2.320
1621,6.422,2.289
1622,6.516,2.391
1623,6.566,2.403
1624,6.446,2.355
1625,6.453,2.463
1626,6.553,2.404
1627,6.419,2.332
1628,6.394,2.270
1629,6.377,2.329
1630,6.314,2.368
1631,6.387,2.406
1632,6.424,2.426
1633,6.359,2.295
1634,6.376,2.257
1635,6.457,2.337
1636,6.419,2.249
1637,6.569,2.351
1638,6.337,2.292
1639,6.408,2.453
1640,6.576,2.436
1641,6.533,2.299
1642,6.450,2.251
1643,6.504,2.251
1644,6.427,2.249
1645,6.400,2.241
1646,6.449,2.230
1647,6.648,2.228
1648,6.505,2.205
1649,6.556,2.228
1650,6.517,2.220
1651,6.552,2.212
1652,6.715,2.160
1653,6.642,2.178
1654,6.762,2.191
1655,6.762,2.193
1656,6.810,2.193
1657,6.775,2.223
1658,6.863,2.235
1659,6.855,2.222
1660,7.074,2.271
1661,6.903,2.307
1662,6.835,2.294
1663,6.794,2.282
1664,6.803,2.281
1665,6.709,2.190
1666,6.679,2.281
1667,6.612,2.330
1668,6.561,2.290
1669,6.496,2.317
1670,6.554,2.296
1671,6.633,2.341
1672,6.428,2.279
1673,6.641,2.328
1674,6.486,2.400
1675,6.643,2.227
1676,6.711,2.224
1677,6.659,2.291
1678,6.732,2.278
1679,6.843,2.314
1680,6.701,2.317
1681,6.633,2.253
1682,6.553,2.257
1683,6.676,2.268
1684,6.731,2.303
1685,6.808,2.318
1686,6.865,2.393
1687,6.936,2.382
1688,6.701,2.243
1689,6.817,2.368
1690,6.747,2.447
1691,6.713,2.360
1692,6.697,2.429
1693,6.721,2.394
1694,6.693,2.351
1695,6.853,2.411
1696,6.906,2.405
1697,6.769,2.419
1698,6.781,2.375
1699,6.790,2.440
1700,6.683,2.418
1701,6.613,2.377
1702,6.642,2.359
1703,6.716,2.369
1704,6.658,2.297
1705,6.857,2.266
1706,6.750,2.259
1707,6.916,2.274
1708,6.880,2.335
1709,6.749,2.238
1710,6.846,2.175
1711,6.846,2.202
1712,6.706,2.158
1713,6.642,2.209
1714,6.677,2.177
1715,6.806,2.257
1716,6.866,2.299
1717,6.907,2.239
1718,6.939,2.322
1719,6.822,2.223
1720,6.962,2.298
1721,7.021,2.333
1722,7.045,2.414
1723,7.034,2.353
1724,7.031,2.279
1725,7.014,2.355
1726,7.001,2.341
1727,7.102,2.356
1728,7.153,2.331
1729,7.168,2.366
1730,6.902,2.300
1731,6.921,2.317
1732,7.014,2.383
1733,7.030,2.380
1734,7.033,2.325
1735,6.965,2.343
1736,7.031,2.422
1737,7.143,2.399
1738,7.102,2.413
1739,7.087,2.392
1740,7.042,2.374
1741,7.078,2.449
1742,7.195,2.471
1743,7.212,2.444
1744,7.160,2.429
1745,7.253,2.408
1746,7.297,2.439
1747,7.277,2.442
1748,7.207,2.606
1749,7.235,2.500
1750,7.177,2.470
1751,7.074,2.535
1752,7.091,2.536
1753,7.158,2.509
1754,7.226,2.482
1755,7.226,2.559
1756,7.172,2.506
1757,7.187,2.518
1758,7.187,2.587
1759,7.180,2.556
1760,6.984,2.572
1761,7.017,2.460
1762,7.263,2.546
1763,7.342,2.659
1764,7.318,2.584
1765,7.307,2.652
1766,7.376,2.520
1767,7.417,2.515
1768,7.318,2.526
1769,7.246,2.509
1770,7.268,2.489
1771,7.356,2.445
1772,7.110,2.400
1773,7.015,2.374
1774,7.225,2.422
1775,7.078,2.400
1776,7.077,2.430
1777,7.065,2.476
1778,7.103,2.429
1779,7.116,2.415
1780,7.096,2.476
1781,7.088,2.487
1782,7.020,2.489
1783,7.032,2.575
1784,6.936,2.595
1785,7.013,2.640
1786,6.972,2.672
1787,6.786,2.602
1788,6.874,2.622
1789,6.925,2.512
1790,6.954,2.570
1791,6.877,2.529
1792,6.990,2.543
1793,6.924,2.527
1794,7.178,2.638
1795,7.091,2.641
1796,7.078,2.588
1797,7.042,2.643
1798,7.084,2.622
1799,6.996,2.510
1800,7.058,2.468
1801,7.023,2.472
1802,6.972,2.511
1803,6.899,2.412
1804,6.904,2.467
1805,6.871,2.431
1806,6.934,2.477
1807,6.924,2.536
1808,7.044,2.478
1809,7.104,2.431
1810,6.945,2.474
1811,6.934,2.351
1812,6.963,2.392
1813,6.961,2.399
1814,6.934,2.542
1815,6.948,2.573
1816,6.952,2.533
1817,7.049,2.566
1818,7.068,2.616
1819,7.016,2.507
1820,6.857,2.484
1821,6.903,2.484
1822,6.981,2.598
1823,6.975,2.481
1824,6.895,2.500
1825,6.905,2.554
1826,6.933,2.580
1827,6.974,2.632
1828,7.032,2.564
1829,7.029,2.612
1830,7.194,2.727
1831,7.079,2.584
1832,7.133,2.607
1833,7.077,2.578
1834,7.166,2.610
1835,7.224,2.761
1836,7.152,2.592
1837,7.196,2.567
1838,7.339,2.687
1839,7.201,2.604
1840,7.143,2.578
1841,7.226,2.551
1842,7.297,2.583
1843,7.300,2.583
1844,7.126,2.506
1845,7.114,2.605
1846,7.159,2.666
1847,7.150,2.544
1848,7.226,2.530
1849,7.214,2.562
1850,7.228,2.494
1851,7.114,2.469
1852,7.175,2.497
1853,7.195,2.604
1854,7.198,2.658
1855,7.190,2.574
1856,7.188,2.530
1857,7.201,2.659
1858,7.423,2.763
1859,7.462,2.698
1860,7.508,2.706
1861,7.390,2.684
1862,7.266,2.551
1863,7.326,2.461
1864,7.419,2.528
1865,7.288,2.495
1866,7.294,2.558
1867,7.257,2.501
1868,7.226,2.653
1869,7.247,2.677
1870,7.297,2.553
1871,7.449,2.654
1872,7.465,2.642
1873,7.469,2.606
1874,7.602,2.628
1875,7.745,2.614
1876,7.605,2.600
1877,7.626,2.674
1878,7.568,2.651
1879,7.623,2.559
1880,7.563,2.650
1881,7.617,2.595
1882,7.562,2.603
1883,7.645,2.606
1884,7.646,2.578
1885,7.703,2.692
1886,7.689,2.642
1887,7.569,2.620
1888,7.474,2.641
1889,7.437,2.576
1890,7.336,2.586
1891,7.352,2.639
1892,7.250,2.503
1893,7.353,2.435
1894,7.449,2.569
1895,7.394,2.586
1896,7.518,2.644
1897,7.736,2.573
1898,7.540,2.560
1899,7.669,2.546
1900,7.575,2.626
1901,7.676,2.550
1902,7.516,2.535
1903,7.405,2.466
1904,7.366,2.573
1905,7.290,2.523
1906,7.352,2.624
1907,7.404,2.653
1908,7.511,2.706
1909,7.443,2.720
1910,7.606,2.708
1911,7.544,2.657
1912,7.590,2.567
1913,7.666,2.499
1914,7.747,2.713
1915,7.727,2.589
1916,7.629,2.553
1917,7.576,2.690
1918,7.615,2.661
1919,7.500,2.685
1920,7.547,2.625
1921,7.604,2.638
1922,7.486,2.623
1923,7.570,2.619
1924,7.581,2.754
1925,7.362,2.570
1926,7.302,2.528
1927,7.503,2.674
1928,7.406,2.667
1929,7.394,2.665
1930,7.507,2.751
1931,7.448,2.655
1932,7.397,2.459
1933,7.407,2.686
1934,7.290,2.543
1935,7.295,2.451
1936,7.185,2.551
1937,7.332,2.518
1938,7.410,2.645
1939,7.386,2.605
1940,7.380,2.631
1941,7.316,2.603
1942,7.366,2.713
1943,7.389,2.619
1944,7.168,2.514
1945,7.124,2.470
1946,7.314,2.527
1947,7.377,2.563
1948,7.417,2.573
1949,7.400,2.487
1950,7.369,2.558
1951,7.362,2.528
1952,7.551,2.637
1953,7.500,2.570
1954,7.643,2.625
1955,7.810,2.681
1956,7.665,2.531
1957,7.663,2.551
1958,7.621,2.664
1959,7.515,2.523
1960,7.526,2.614
1961,7.410,2.626
1962,7.351,2.544
1963,7.449,2.582
1964,7.314,2.515
1965,7.300,2.625
1966,7.374,2.521
1967,7.526,2.640
1968,7.451,2.609
1969,7.379,2.570
1970,7.496,2.584
1971,7.467,2.673
1972,7.557,2.675
1973,7.456,2.613
1974,7.435,2.593
1975,7.450,2.485
1976,7.611,2.652
1977,7.540,2.646
1978,7.479,2.696
1979,7.531,2.710
1980,7.563,2.615
1981,7.599,2.769
1982,7.746,2.690
1983,7.650,2.551
1984,7.563,2.681
1985,7.533,2.645
1986,7.588,2.641
1987,7.627,2.740
1988,7.693,2.706
1989,7.606,2.605
1990,7.750,2.658
1991,7.753,2.672
1992,7.668,2.599
1993,7.639,2.539
1994,7.656,2.583
1995,7.726,2.555
1996,7.728,2.660
1997,7.752,2.619
1998,7.736,2.745
1999,7.779,2.652
2000,7.773,2.659
2001,7.843,2.629
2002,7.780,2.546
2003,7.755,2.643
2004,7.675,2.682
2005,7.752,2.688
2006,7.716,2.599
2007,7.614,2.685
2008,7.751,2.630
2009,7.675,2.578
2010,7.648,2.546
2011,7.785,2.625
2012,7.866,2.569
2013,7.754,2.581
2014,7.842,2.586
2015,7.804,2.696
2016,7.888,2.772
2017,7.796,2.604
2018,7.669,2.605
2019,7.602,2.521
2020,7.524,2.596
2021,7.475,2.510
2022,7.718,2.513
2023,7.579,2.546
2024,7.569,2.569
2025,7.566,2.578
2026,7.522,2.660
2027,7.602,2.594
2028,7.533,2.671
2029,7.528,2.487
2030,7.493,2.483
2031,7.544,2.668
2032,7.502,2.473
2033,7.449,2.479
2034,7.425,2.519
2035,7.535,2.572
2036,7.406,2.635
2037,7.421,2.540
2038,7.408,2.571
2039,7.290,2.456
2040,7.522,2.478
2041,7.537,2.496
2042,7.603,2.465
2043,7.668,2.571
2044,7.821,2.577
2045,7.657,2.543
2046,7.519,2.504
2047,7.442,2.535
2048,7.418,2.593
2049,7.359,2.441
2050,7.428,2.502
2051,7.479,2.446
2052,7.497,2.502
2053,7.622,2.492
2054,7.480,2.481
2055,7.462,2.520
2056,7.444,2.501
2057,7.404,2.584
2058,7.447,2.543
2059,7.337,2.668
2060,7.435,2.622
2061,7.504,2.704
2062,7.411,2.577
2063,7.484,2.718
2064,7.630,2.661
2065,7.539,2.788
2066,7.582,2.741
2067,7.583,2.649
2068,7.400,2.643
2069,7.681,2.762
2070,7.496,2.626
2071,7.460,2.675
2072,7.308,2.666
2073,7.217,2.596
2074,7.350,2.625
2075,7.498,2.769
2076,7.467,2.687
2077,7.502,2.678
2078,7.458,2.659
2079,7.452,2.644
2080,7.446,2.609
2081,7.543,2.753
2082,7.585,2.722
2083,7.626,2.683
2084,7.623,2.790
2085,7.520,2.636
2086,7.565,2.674
2087,7.582,2.670
2088,7.629,2.749
2089,7.528,2.779
2090,7.464,2.769
2091,7.527,2.713
2092,7.560,2.742
2093,7.620,2.684
2094,7.729,2.750
2095,7.682,2.645
2096,7.516,2.643
2097,7.632,2.791
2098,7.626,2.755
2099,7.677,2.746
2100,7.644,2.775
2101,7.776,2.778
2102,7.798,2.823
2103,7.662,2.857
2104,7.940,2.874
2105,7.999,2.803
2106,7.899,2.901
2107,7.884,2.900
2108,7.801,2.709
2109,7.951,2.818
2110,7.904,2.882
2111,7.925,2.862
2112,7.957,2.884
2113,7.963,2.847
2114,7.855,2.755
2115,7.656,2.747
2116,7.787,2.858
2117,7.809,2.768
2118,7.936,2.806
2119,7.951,2.846
2120,7.921,2.746
2121,7.885,2.862
2122,7.786,2.803
2123,7.697,2.738
2124,7.665,2.743
2125,7.806,2.780
2126,7.981,2.716
2127,7.946,2.738
2128,7.989,2.710
2129,8.093,2.811
2130,8.109,2.857
2131,8.243,2.839
2132,8.298,2.820
2133,8.334,2.934
2134,8.389,3.004
2135,8.335,3.104
2136,8.276,3.025
2137,8.253,2.890
2138,8.244,2.947
2139,8.364,3.013
2140,8.248,2.957
2141,8.162,3.027
2142,8.116,2.879
2143,8.060,2.845
2144,7.986,2.913
2145,8.050,2.909
2146,7.945,2.802
2147,8.158,2.925
2148,8.178,3.012
2149,8.316,2.846
2150,8.127,2.856
2151,8.129,2.767
2152,8.172,2.833
2153,8.063,2.787
2154,7.959,2.847
2155,7.951,2.840
2156,7.991,2.754
2157,7.933,2.669
2158,7.956,2.663
2159,8.018,2.655
2160,7.906,2.668
2161,8.075,2.771
2162,7.961,2.733
2163,8.042,2.786
2164,8.031,2.826
2165,8.173,2.858
2166,8.197,2.872
2167,8.268,2.821
2168,8.210,2.816
2169,8.337,2.861
2170,8.158,2.845
2171,8.245,2.849
2172,8.312,2.812
2173,8.200,2.777
2174,8.271,2.735
2175,8.231,2.706
2176,8.330,2.784
2177,8.234,2.737
2178,8.181,2.647
2179,8.082,2.626
2180,8.184,2.747
2181,8.274,2.650
2182,8.127,2.649
2183,8.270,2.659
2184,8.229,2.562
2185,8.205,2.646
2186,8.264,2.642
2187,8.095,2.560
2188,8.016,2.559
2189,8.058,2.605
2190,8.161,2.614
2191,8.191,2.622
2192,8.103,2.600
2193,8.069,2.471
2194,8.119,2.524
2195,8.139,2.534
2196,8.186,2.558
2197,8.066,2.489
2198,8.090,2.477
2199,8.193,2.425
2200,8.189,2.442
2201,8.268,2.546
2202,8.250,2.548
2203,8.300,2.584
2204,8.225,2.481
2205,8.100,2.542
2206,8.136,2.659
2207,8.113,2.589
2208,8.144,2.526
2209,7.980,2.422
2210,8.141,2.367
2211,8.035,2.395
2212,8.041,2.433
2213,7.819,2.312
2214,7.933,2.314
2215,8.127,2.356
2216,7.950,2.389
2217,8.111,2.586
2218,8.156,2.534
2219,8.030,2.423
2220,8.065,2.405
2221,8.027,2.374
2222,8.173,2.403
2223,8.198,2.325
2224,8.161,2.432
2225,8.246,2.430
2226,8.200,2.568
2227,8.178,2.497
2228,8.092,2.462
2229,8.150,2.496
2230,7.977,2.237
2231,8.135,2.363
2232,8.127,2.449
2233,8.197,2.472
2234,8.156,2.569
2235,8.157,2.575
2236,8.187,2.630
2237,8.128,2.492
2238,8.016,2.429
2239,8.193,2.581
2240,8.115,2.458
2241,8.214,2.479
2242,8.243,2.487
2243,8.295,2.501
2244,8.173,2.526
2245,8.230,2.596
2246,8.043,2.521
2247,8.204,2.436
2248,8.171,2.540
2249,7.992,2.543
2250,8.189,2.553
2251,8.183,2.561
2252,8.120,2.551
2253,8.229,2.627
2254,8.204,2.573
2255,8.343,2.609
2256,8.293,2.526
2257,8.329,2.555
2258,8.425,2.631
2259,8.472,2.657
2260,8.361,2.648
2261,8.359,2.590
2262,8.382,2.689
2263,8.273,2.619
2264,8.267,2.655
2265,8.380,2.676
2266,8.238,2.772
2267,8.274,2.781
2268,8.190,2.624
2269,8.291,2.692
2270,8.306,2.778
2271,8.301,2.666
2272,8.479,2.753
2273,8.160,2.727
2274,8.232,2.675
2275,8.184,2.626
2276,8.264,2.640
2277,8.113,2.510
2278,8.015,2.491
2279,8.159,2.571
2280,8.122,2.504
2281,8.066,2.411
2282,8.071,2.471
2283,8.132,2.519
2284,8.115,2.443
2285,8.237,2.567
2286,8.226,2.591
2287,8.236,2.637
2288,8.228,2.635
2289,8.155,2.580
2290,8.241,2.602
2291,8.286,2.653
2292,8.179,2.618
2293,8.080,2.634
2294,8.178,2.542
2295,8.086,2.506
2296,7.927,2.528
2297,8.199,2.500
2298,8.156,2.485
2299,8.303,2.585
2300,8.205,2.413
2301,8.256,2.460
2302,8.377,2.413
2303,8.419,2.439
2304,8.512,2.627
2305,8.560,2.625
2306,8.439,2.564
2307,8.319,2.569
2308,8.170,2.443
2309,8.096,2.430
2310,8.089,2.499
2311,8.196,2.505
2312,8.350,2.500
2313,8.284,2.531
2314,8.362,2.613
2315,8.489,2.663
2316,8.418,2.693
2317,8.349,2.694
2318,8.377,2.733
2319,8.334,2.579
2320,8.389,2.645
2321,8.451,2.633
2322,8.555,2.715
2323,8.358,2.589
2324,8.491,2.752
2325,8.358,2.837
2326,8.470,2.756
2327,8.701,2.804
2328,8.488,2.747
2329,8.409,2.790
2330,8.357,2.777
2331,8.406,2.831
2332,8.287,2.856
2333,8.311,2.755
2334,8.354,2.713
2335,8.119,2.741
2336,8.288,2.837
2337,8.363,2.894
2338,8.287,2.848
2339,8.299,2.883
2340,8.384,2.812
2341,8.429,2.843
2342,8.470,2.794
2343,8.637,2.864
2344,8.644,2.861
2345,8.662,2.940
2346,8.693,2.895
2347,8.782,2.974
2348,8.746,3.012
2349,8.537,2.820
2350,8.648,3.008
2351,8.489,2.903
2352,8.492,2.962
2353,8.334,3.019
2354,8.264,2.962
2355,8.328,3.067
2356,8.351,3.008
2357,8.474,2.926
2358,8.478,2.939
2359,8.439,2.953
2360,8.378,2.908
2361,8.301,2.989
2362,8.316,3.069
2363,8.366,2.965
2364,8.366,2.884
2365,8.391,2.837
2366,8.366,2.874
2367,8.353,2.770
2368,8.495,2.783
2369,8.553,2.788
2370,8.517,2.811
2371,8.546,2.798
2372,8.470,2.724
2373,8.525,2.793
2374,8.461,2.672
2375,8.535,2.705
2376,8.661,2.832
2377,8.660,2.788
2378,8.574,2.741
2379,8.516,2.825
2380,8.531,2.882
2381,8.552,2.817
2382,8.562,2.779
2383,8.450,2.743
2384,8.516,2.816
2385,8.510,2.779
2386,8.413,2.802
2387,8.379,2.799
2388,8.436,2.913
2389,8.537,2.899
2390,8.343,2.729
2391,8.231,2.707
2392,8.240,2.762
2393,8.178,2.750
2394,8.351,2.763
2395,8.343,2.728
2396,8.407,2.946
2397,8.357,2.877
2398,8.398,2.894
2399,8.271,2.827
2400,8.441,2.848
2401,8.397,2.843
2402,8.453,2.883
2403,8.492,2.824
2404,8.523,2.932
2405,8.621,2.980
2406,8.482,2.977
2407,8.533,2.943
2408,8.311,2.858
2409,8.485,2.822
2410,8.565,2.950
2411,8.375,2.827
2412,8.414,2.880
2413,8.579,2.810
2414,8.357,2.930
2415,8.406,2.886
2416,8.498,2.912
2417,8.489,2.881
2418,8.469,2.812
2419,8.515,2.874
2420,8.536,2.896
2421,8.448,2.870
2422,8.327,2.846
2423,8.277,2.925
2424,8.242,2.861
2425,8.232,2.797
2426,8.336,2.819
2427,8.211,2.721
2428,8.404,2.732
2429,8.353,2.817
2430,8.298,2.801
2431,8.195,2.657
2432,8.184,2.669
2433,8.171,2.647
2434,8.007,2.698
2435,8.104,2.735
2436,8.064,2.737
2437,8.155,2.660
2438,8.153,2.562
2439,8.134,2.568
2440,8.236,2.652
2441,8.133,2.585
2442,8.098,2.648
2443,8.016,2.626
2444,8.012,2.508
2445,8.072,2.693
2446,8.121,2.614
2447,8.273,2.676
2448,8.270,2.628
2449,8.412,2.702
2450,8.338,2.618
2451,8.224,2.553
2452,8.324,2.667
2453,8.333,2.628
2454,8.324,2.712
2455,8.215,2.643
2456,8.287,2.758
2457,8.248,2.749
2458,8.301,2.666
2459,8.156,2.609
2460,8.189,2.646
2461,8.046,2.526
2462,8.034,2.553
2463,8.052,2.586
2464,8.024,2.518
2465,8.114,2.539
2466,8.271,2.603
2467,8.326,2.580
2468,8.351,2.620
2469,8.163,2.683
2470,8.243,2.574
2471,8.396,2.699
2472,8.501,2.763
2473,8.515,2.718
2474,8.589,2.818
2475,8.372,2.727
2476,8.452,2.707
2477,8.436,2.692
2478,8.522,2.621
2479,8.503,2.577
2480,8.493,2.560
2481,8.498,2.589
2482,8.481,2.617
2483,8.447,2.648
2484,8.340,2.688
2485,8.429,2.703
2486,8.465,2.705
2487,8.537,2.737
2488,8.439,2.696
2489,8.583,2.752
2490,8.485,2.742
2491,8.517,2.670
2492,8.502,2.547
2493,8.553,2.591
2494,8.479,2.676
2495,8.264,2.585
2496,8.441,2.670
2497,8.349,2.632
2498,8.427,2.767
2499,8.320,2.720
2500,8.274,2.637
2501,8.270,2.679
2502,8.232,2.721
2503,8.139,2.612
2504,8.273,2.710
2505,8.238,2.705
2506,8.305,2.672
2507,8.412,2.745
2508,8.380,2.715
2509,8.333,2.705
2510,8.322,2.777
2511,8.286,2.767
2512,8.273,2.686
2513,8.262,2.711
2514,8.348,2.860
2515,8.242,2.754
2516,8.324,2.789
2517,8.237,2.697
2518,8.130,2.667
2519,8.092,2.658
2520,8.120,2.609
2521,8.192,2.529
2522,8.235,2.540
2523,8.208,2.581
2524,8.241,2.673
2525,8.250,2.676
2526,8.252,2.638
2527,8.054,2.523
2528,8.017,2.479
2529,8.049,2.620
2530,7.985,2.546
2531,8.086,2.506
2532,7.923,2.582
2533,7.912,2.578
2534,7.980,2.544
2535,7.929,2.650
2536,7.820,2.481
2537,7.936,2.543
2538,8.077,2.573
2539,7.967,2.530
2540,7.952,2.637
2541,7.941,2.677
2542,7.990,2.756
2543,8.049,2.773
2544,8.126,2.859
2545,7.966,2.726
2546,8.007,2.652
2547,7.979,2.652
2548,7.863,2.583
2549,7.960,2.567
2550,8.097,2.571
2551,8.044,2.561
2552,7.981,2.536
2553,7.974,2.511
2554,7.926,2.606
2555,7.690,2.566
2556,7.694,2.632
2557,7.844,2.624
2558,7.679,2.602
2559,7.653,2.587
2560,7.793,2.569
2561,7.910,2.638
2562,7.805,2.612
2563,7.556,2.494
2564,7.628,2.559
2565,7.724,2.680
2566,7.905,2.715
2567,7.853,2.668
2568,7.826,2.659
2569,7.730,2.630
2570,7.637,2.606
2571,7.674,2.683
2572,7.747,2.712
2573,7.687,2.796
2574,7.704,2.686
2575,7.786,2.686
2576,7.780,2.666
2577,7.651,2.578
2578,7.814,2.602
2579,7.825,2.662
2580,7.869,2.719
2581,7.745,2.634
2582,7.869,2.621
2583,7.877,2.697
2584,7.849,2.622
2585,7.902,2.662
2586,7.744,2.566
2587,7.830,2.649
2588,7.800,2.626
2589,7.956,2.657
2590,8.055,2.697
2591,7.910,2.649
2592,7.823,2.534
2593,7.954,2.648
2594,7.790,2.588
2595,7.756,2.663
2596,7.803,2.697
2597,7.612,2.703
2598,7.640,2.621
2599,7.615,2.678
2600,7.645,2.561
2601,7.633,2.635
2602,7.698,2.568
2603,7.917,2.681
2604,7.914,2.686
2605,7.746,2.682
2606,7.730,2.590
2607,7.822,2.646
2608,7.749,2.619
2609,7.640,2.544
2610,7.645,2.497
2611,7.735,2.495
2612,7.507,2.562
2613,7.525,2.618
2614,7.398,2.480
2615,7.511,2.589
2616,7.530,2.524
2617,7.547,2.529
2618,7.619,2.547
2619,7.459,2.568
2620,7.629,2.571
2621,7.504,2.421
2622,7.546,2.564
2623,7.414,2.499
2624,7.538,2.502
2625,7.532,2.485
2626,7.684,2.507
2627,7.605,2.494
2628,7.568,2.618
2629,7.648,2.526
2630,7.607,2.502
2631,7.664,2.600
2632,7.537,2.530
2633,7.636,2.565
2634,7.561,2.474
2635,7.618,2.586
2636,7.629,2.505
2637,7.472,2.596
2638,7.585,2.578
2639,7.590,2.602
2640,7.535,2.499
2641,7.615,2.555
2642,7.744,2.681
2643,7.605,2.624
2644,7.518,2.556
2645,7.467,2.558
2646,7.483,2.538
2647,7.516,2.519
2648,7.602,2.608
2649,7.552,2.606
2650,7.634,2.677
2651,7.590,2.648
2652,7.547,2.564
2653,7.662,2.574
2654,7.586,2.512
2655,7.715,2.696
2656,7.775,2.634
2657,7.524,2.549
2658,7.561,2.518
2659,7.612,2.634
2660,7.525,2.551
2661,7.528,2.538
2662,7.418,2.568
2663,7.408,2.490
2664,7.626,2.575
2665,7.554,2.538
2666,7.585,2.539
2667,7.679,2.467
2668,7.750,2.567
2669,7.937,2.587
2670,7.848,2.529
2671,7.892,2.642
2672,8.018,2.647
2673,7.943,2.653
2674,7.583,2.579
2675,7.780,2.561
2676,7.634,2.578
2677,7.584,2.445
2678,7.553,2.466
2679,7.613,2.554
2680,7.716,2.589
2681,7.652,2.575
2682,7.612,2.575
2683,7.696,2.584
2684,7.595,2.645
2685,7.483,2.532
2686,7.490,2.534
2687,7.615,2.553
2688,7.506,2.605
2689,7.407,2.534
2690,7.603,2.432
2691,7.657,2.643
2692,7.595,2.580
2693,7.582,2.480
2694,7.447,2.474
2695,7.646,2.555
2696,7.542,2.553
2697,7.391,2.616
2698,7.513,2.644
2699,7.488,2.696
2700,7.409,2.676
2701,7.427,2.632
2702,7.331,2.711
2703,7.376,2.654
2704,7.557,2.603
2705,7.574,2.624
2706,7.511,2.634
2707,7.481,2.628
2708,7.241,2.533
2709,7.358,2.605
2710,7.365,2.564
2711,7.597,2.785
2712,7.567,2.713
2713,7.651,2.726
2714,7.551,2.710
2715,7.526,2.614
2716,7.512,2.703
2717,7.539,2.688
2718,7.542,2.640
2719,7.762,2.613
2720,7.888,2.565
2721,7.745,2.527
2722,7.969,2.566
2723,7.943,2.667
2724,7.889,2.661
2725,7.875,2.547
2726,7.860,2.582
2727,7.969,2.687
2728,7.965,2.642
2729,7.891,2.656
2730,7.839,2.656
2731,7.825,2.748
2732,7.871,2.688
2733,7.822,2.632
2734,7.995,2.759
2735,7.984,2.753
2736,7.835,2.708
2737,7.964,2.745
2738,7.925,2.717
2739,7.917,2.783
2740,7.919,2.707
2741,7.767,2.642
2742,7.948,2.762
2743,7.924,2.651
2744,7.788,2.548
2745,7.808,2.538
2746,7.723,2.453
2747,7.714,2.514
2748,7.836,2.657
2749,7.746,2.620
2750,7.659,2.662
2751,7.657,2.547
2752,7.620,2.646
2753,7.574,2.683
2754,7.488,2.528
2755,7.541,2.607
2756,7.615,2.534
2757,7.757,2.524
2758,7.818,2.580
2759,7.708,2.622
2760,7.645,2.640
2761,7.729,2.509
2762,7.522,2.453
2763,7.698,2.690
2764,7.522,2.619
2765,7.537,2.697
2766,7.494,2.580
2767,7.648,2.616
2768,7.506,2.507
2769,7.425,2.489
2770,7.554,2.598
2771,7.541,2.575
2772,7.580,2.555
2773,7.582,2.665
2774,7.534,2.651
2775,7.469,2.592
2776,7.551,2.688
2777,7.579,2.676
2778,7.710,2.635
2779,7.681,2.690
2780,7.744,2.675
2781,7.755,2.659
2782,7.564,2.666
2783,7.546,2.704
2784,7.591,2.764
2785,7.730,2.685
2786,7.780,2.724
2787,7.632,2.769
2788,7.598,2.764
2789,7.560,2.747
2790,7.564,2.779
2791,7.430,2.717
2792,7.547,2.717
2793,7.508,2.738
2794,7.543,2.756
2795,7.496,2.777
2796,7.442,2.802
2797,7.585,2.796
2798,7.637,2.752
2799,7.606,2.818
2800,7.780,2.896
2801,7.938,2.944
2802,7.908,2.738
2803,7.998,2.913
2804,7.990,2.794
2805,8.171,2.904
2806,8.025,2.813
2807,7.712,2.832
2808,7.854,2.829
2809,7.763,2.760
2810,7.906,2.931
2811,7.794,2.885
2812,7.816,2.722
2813,7.736,2.791
2814,7.712,2.671
2815,7.731,2.796
2816,7.821,2.871
2817,7.677,2.874
2818,7.758,2.851
2819,7.689,2.761
2820,7.625,2.771
2821,7.742,2.792
2822,7.749,2.721
2823,7.835,2.681
2824,7.800,2.707
2825,7.920,2.672
2826,7.989,2.873
2827,8.011,2.851
2828,8.133,2.695
2829,8.011,2.753
2830,7.889,2.718
2831,7.937,2.634
2832,7.926,2.663
2833,7.850,2.635
2834,7.886,2.677
2835,7.943,2.721
2836,7.821,2.518
2837,7.724,2.613
2838,7.640,2.490
2839,7.763,2.596
2840,7.784,2.477
2841,7.780,2.499
2842,7.883,2.707
2843,7.852,2.685
2844,7.840,2.734
2845,8.026,2.724
2846,7.812,2.683
2847,7.867,2.680
2848,7.673,2.714
2849,7.742,2.730
2850,7.737,2.742
2851,7.718,2.680
2852,7.664,2.541
2853,7.651,2.536
2854,7.884,2.614
2855,7.856,2.513
2856,7.905,2.580
2857,7.923,2.541
2858,7.939,2.508
2859,7.762,2.577
2860,7.748,2.539
2861,7.830,2.505
2862,7.734,2.582
2863,7.661,2.583
2864,7.452,2.510
2865,7.330,2.491
2866,7.387,2.523
2867,7.337,2.467
2868,7.353,2.556
2869,7.373,2.607
2870,7.496,2.531
2871,7.382,2.511
2872,7.628,2.502
2873,7.529,2.528
2874,7.466,2.412
2875,7.457,2.508
2876,7.301,2.457
2877,7.398,2.474
2878,7.406,2.541
2879,7.436,2.554
2880,7.337,2.623
2881,7.395,2.534
2882,7.474,2.566
2883,7.384,2.460
2884,7.477,2.508
2885,7.396,2.477
2886,7.348,2.497
2887,7.301,2.543
2888,7.277,2.519
2889,7.297,2.549
2890,7.247,2.527
2891,7.293,2.552
2892,7.324,2.477
2893,7.386,2.491
2894,7.277,2.470
2895,7.329,2.451
2896,7.304,2.499
2897,7.265,2.453
2898,7.289,2.541
2899,7.113,2.582
2900,7.169,2.605
2901,7.202,2.580
2902,7.201,2.372
2903,7.119,2.407
2904,7.116,2.493
2905,7.174,2.678
2906,7.146,2.574
2907,7.137,2.511
2908,7.082,2.596
2909,7.062,2.400
2910,7.178,2.441
2911,7.122,2.506
2912,7.136,2.502
2913,7.289,2.522
2914,7.229,2.619
2915,7.332,2.566
2916,7.344,2.573
2917,7.214,2.525
2918,7.329,2.664
2919,7.412,2.560
2920,7.265,2.507
2921,7.462,2.556
2922,7.578,2.614
2923,7.571,2.580
2924,7.663,2.694
2925,7.709,2.608
2926,7.688,2.583
2927,7.854,2.602
2928,7.724,2.565
2929,7.757,2.670
2930,7.688,2.568
2931,7.741,2.528
2932,7.687,2.551
2933,7.681,2.503
2934,7.685,2.553
2935,7.695,2.630
2936,7.854,2.578
2937,7.698,2.606
2938,7.759,2.525
2939,7.755,2.485
2940,7.802,2.576
2941,7.764,2.601
2942,7.773,2.569
2943,7.874,2.520
2944,7.796,2.675
2945,7.569,2.570
2946,7.577,2.641
2947,7.523,2.486
2948,7.624,2.557
2949,7.375,2.511
2950,7.275,2.605
2951,7.387,2.693
2952,7.436,2.613
2953,7.381,2.497
2954,7.367,2.531
2955,7.373,2.497
2956,7.299,2.486
2957,7.415,2.392
2958,7.523,2.519
2959,7.505,2.490
2960,7.633,2.548
2961,7.625,2.568
2962,7.709,2.619
2963,7.558,2.519
2964,7.397,2.642
2965,7.361,2.563
2966,7.310,2.545
2967,7.425,2.584
2968,7.296,2.442
2969,7.291,2.476
2970,7.300,2.506
2971,7.367,2.452
2972,7.473,2.470
2973,7.438,2.515
2974,7.535,2.516
2975,7.535,2.553
2976,7.418,2.550
2977,7.417,2.556
2978,7.460,2.517
2979,7.609,2.627
2980,7.567,2.544
2981,7.497,2.410
2982,7.377,2.431
2983,7.216,2.423
2984,7.359,2.418
2985,7.360,2.401
2986,7.296,2.478
2987,7.447,2.488
2988,7.455,2.541
2989,7.425,2.554
2990,7.474,2.392
2991,7.475,2.445
2992,7.335,2.474
2993,7.470,2.544
2994,7.360,2.464
2995,7.198,2.421
2996,7.158,2.405
2997,7.127,2.405
2998,7.178,2.457
2999,7.039,2.469
3000,6.951,2.448
3001,7.002,2.441
3002,7.034,2.564
3003,7.199,2.598
3004,7.153,2.593
3005,7.129,2.454
3006,7.157,2.513
3007,7.227,2.541
3008,7.242,2.537
3009,7.381,2.562
3010,7.509,2.585
3011,7.435,2.645
3012,7.507,2.693
3013,7.406,2.629
3014,7.274,2.521
3015,7.331,2.495
3016,7.368,2.533
3017,7.418,2.538
3018,7.546,2.517
3019,7.485,2.483
3020,7.494,2.511
3021,7.445,2.569
3022,7.358,2.569
3023,7.248,2.535
3024,7.186,2.433
3025,7.212,2.475
3026,7.271,2.521
3027,7.351,2.468
3028,7.351,2.536
3029,7.314,2.497
3030,7.263,2.455
3031,7.368,2.558
3032,7.387,2.543
3033,7.404,2.625
3034,7.326,2.599
3035,7.435,2.610
3036,7.293,2.498
3037,7.337,2.566
3038,7.347,2.564
3039,7.248,2.558
3040,7.129,2.601
3041,7.176,2.530
3042,7.232,2.641
3043,7.076,2.512
3044,7.280,2.574
3045,7.152,2.543
3046,7.102,2.569
3047,7.221,2.625
3048,7.171,2.598
3049,7.173,2.604
3050,7.089,2.646
3051,7.003,2.575
3052,6.979,2.616
3053,7.144,2.620
3054,7.121,2.555
3055,7.174,2.619
3056,7.096,2.566
3057,7.208,2.588
3058,7.241,2.638
3059,7.166,2.634
3060,7.197,2.651
3061,7.245,2.660
3062,7.248,2.594
3063,7.274,2.490
3064,7.383,2.600
3065,7.302,2.554
3066,7.313,2.586
3067,7.195,2.519
3068,7.153,2.578
3069,7.075,2.475
3070,7.150,2.528
3071,7.186,2.661
3072,7.138,2.616
3073,6.999,2.475
3074,7.143,2.551
3075,7.088,2.496
3076,7.270,2.575
3077,7.276,2.447
3078,7.196,2.432
3079,7.403,2.635
3080,7.346,2.547
3081,7.320,2.576
3082,7.415,2.611
3083,7.341,2.534
3084,7.426,2.508
3085,7.385,2.591
3086,7.281,2.640
3087,7.434,2.534
3088,7.543,2.537
3089,7.380,2.494
3090,7.383,2.462
3091,7.292,2.447
3092,7.343,2.547
3093,7.405,2.376
3094,7.450,2.488
3095,7.458,2.473
3096,7.356,2.465
3097,7.409,2.529
3098,7.586,2.434
3099,7.610,2.466
3100,7.593,2.548
3101,7.519,2.404
3102,7.438,2.614
3103,7.517,2.511
3104,7.436,2.531
3105,7.646,2.628
3106,7.548,2.584
3107,7.638,2.651
3108,7.603,2.608
3109,7.436,2.659
3110,7.496,2.624
3111,7.490,2.456
3112,7.535,2.536
3113,7.464,2.616
3114,7.524,2.533
3115,7.479,2.529
3116,7.519,2.596
3117,7.435,2.583
3118,7.412,2.541
3119,7.287,2.608
3120,7.352,2.635
3121,7.553,2.617
3122,7.683,2.674
3123,7.740,2.653
3124,7.723,2.639
3125,7.596,2.693
3126,7.582,2.642
3127,7.516,2.751
3128,7.543,2.654
3129,7.599,2.578
3130,7.672,2.713
3131,7.731,2.698
3132,7.740,2.598
3133,7.710,2.544
3134,7.671,2.600
3135,7.792,2.627
3136,7.815,2.673
3137,7.764,2.676
3138,7.765,2.599
3139,7.797,2.562
3140,7.734,2.693
3141,8.007,2.711
3142,7.793,2.756
3143,7.864,2.709
3144,7.938,2.719
3145,8.039,2.711
3146,8.031,2.729
3147,7.973,2.612
3148,7.870,2.645
3149,7.773,2.557
3150,7.832,2.571
3151,7.896,2.578
3152,7.885,2.573
3153,7.865,2.425
3154,7.841,2.487
3155,7.835,2.542
3156,7.891,2.425
3157,7.949,2.461
3158,7.984,2.492
3159,7.975,2.695
3160,7.940,2.621
3161,7.840,2.675
3162,8.095,2.755
3163,7.932,2.807
3164,7.989,2.707
3165,8.032,2.618
3166,7.941,2.693
3167,8.068,2.666
3168,8.088,2.588
3169,7.992,2.585
3170,7.961,2.570
3171,7.817,2.595
3172,7.997,2.672
3173,8.004,2.655
3174,7.979,2.592
3175,7.900,2.602
3176,7.989,2.643
3177,7.958,2.697
3178,8.064,2.743
3179,8.034,2.685
3180,8.091,2.655
3181,8.277,2.704
3182,8.129,2.701
3183,7.978,2.682
3184,7.847,2.588
3185,7.834,2.571
3186,7.892,2.579
3187,7.970,2.615
3188,7.908,2.580
3189,7.843,2.520
3190,7.973,2.509
3191,8.142,2.602
3192,7.860,2.566
3193,7.993,2.566
3194,8.094,2.725
3195,8.178,2.833
3196,8.102,2.763
3197,8.115,2.639
3198,7.990,2.542
3199,8.120,2.644
3200,8.190,2.655
3201,8.246,2.612
3202,8.251,2.631
3203,8.278,2.706
3204,8.038,2.633
3205,8.053,2.668
3206,8.164,2.617
3207,7.993,2.618
3208,7.829,2.508
3209,8.053,2.508
3210,8.127,2.593
3211,8.134,2.577
3212,7.953,2.486
3213,7.997,2.547
3214,8.126,2.528
3215,8.096,2.628
3216,8.068,2.607
3217,8.049,2.457
3218,8.177,2.471
3219,8.274,2.428
3220,8.324,2.539
3221,8.172,2.503
3222,8.330,2.598
3223,8.458,2.527
3224,8.307,2.459
3225,8.181,2.489
3226,8.173,2.519
3227,8.185,2.573
3228,8.071,2.533
3229,8.101,2.521
3230,8.203,2.453
3231,8.094,2.450
3232,8.277,2.494
3233,8.081,2.489
3234,8.145,2.632
3235,8.029,2.516
3236,8.000,2.626
3237,8.025,2.645
3238,8.064,2.695
3239,8.036,2.730
3240,8.207,2.848
3241,8.298,2.830
3242,8.265,2.758
3243,8.217,2.809
3244,8.018,2.829
3245,7.948,2.802
3246,7.897,2.784
3247,8.004,2.726
3248,7.897,2.820
3249,7.903,2.864
3250,7.965,2.817
3251,8.038,2.829
3252,7.936,2.718
3253,8.012,2.835
3254,7.933,2.826
3255,7.846,2.886
3256,7.927,2.852
3257,7.773,2.784
3258,7.791,2.770
3259,7.807,2.779
3260,7.662,2.699
3261,7.696,2.635
3262,7.853,2.791
3263,7.880,2.796
3264,7.913,2.771
3265,7.990,2.817
3266,7.914,2.723
3267,7.863,2.644
3268,7.840,2.729
3269,7.793,2.662
3270,7.984,2.675
3271,7.872,2.623
3272,7.919,2.706
3273,7.745,2.577
3274,7.652,2.589
3275,7.850,2.683
3276,7.946,2.556
3277,8.006,2.734
3278,7.908,2.770
3279,7.819,2.630
3280,7.737,2.567
3281,7.716,2.520
3282,7.738,2.719
3283,7.813,2.757
3284,7.751,2.736
3285,7.673,2.705
3286,7.615,2.625
3287,7.675,2.593
3288,7.883,2.621
3289,7.698,2.584
3290,7.662,2.532
3291,7.857,2.665
3292,7.802,2.563
3293,7.657,2.553
3294,7.656,2.588
3295,7.754,2.537
3296,7.891,2.690
3297,7.717,2.666
3298,7.718,2.686
3299,7.715,2.569
3300,7.599,2.567
3301,7.561,2.579
3302,7.516,2.478
3303,7.681,2.693
3304,7.581,2.517
3305,7.718,2.591
3306,7.738,2.713
3307,7.582,2.636
3308,7.592,2.708
3309,7.375,2.579
3310,7.515,2.649
3311,7.521,2.739
3312,7.643,2.775
3313,7.604,2.749
3314,7.783,2.627
3315,7.778,2.651
3316,7.785,2.737
3317,7.735,2.758
3318,7.952,2.833
3319,7.876,2.744
3320,8.036,2.726
3321,8.079,2.798
3322,7.936,2.616
3323,8.018,2.689
3324,7.961,2.760
3325,8.090,2.701
3326,8.029,2.655
3327,8.174,2.688
3328,8.213,2.752
3329,8.105,2.636
3330,8.123,2.654
3331,7.945,2.585
3332,7.961,2.620
3333,7.796,2.584
3334,7.797,2.583
3335,7.690,2.595
3336,7.720,2.603
3337,7.769,2.633
3338,7.887,2.645
3339,7.751,2.585
3340,7.771,2.660
3341,7.776,2.624
3342,7.696,2.641
3343,7.700,2.751
3344,7.549,2.569
3345,7.684,2.653
3346,7.680,2.595
3347,7.743,2.610
3348,7.743,2.597
3349,7.641,2.569
3350,7.661,2.594
3351,7.755,2.556
3352,7.783,2.710
3353,7.801,2.662
3354,7.750,2.637
3355,7.620,2.508
3356,7.797,2.514
3357,7.785,2.681
3358,7.764,2.598
3359,7.817,2.615
3360,7.828,2.659
3361,7.907,2.646
3362,7.850,2.553
3363,7.889,2.644
3364,7.903,2.619
3365,7.875,2.800
3366,7.944,2.719
3367,7.903,2.642
3368,7.882,2.724
3369,7.859,2.631
3370,7.895,2.626
3371,7.875,2.681
3372,7.900,2.753
3373,7.908,2.563
3374,7.875,2.749
3375,7.842,2.794
3376,7.835,2.789
3377,7.864,2.606
3378,7.968,2.645
3379,7.876,2.631
3380,7.979,2.623
3381,7.944,2.600
3382,8.002,2.581
3383,8.016,2.686
3384,8.024,2.667
3385,7.910,2.589
3386,8.056,2.579
3387,8.064,2.687
3388,8.259,2.697
3389,8.148,2.756
3390,8.237,2.772
3391,8.111,2.748
3392,8.070,2.601
3393,7.925,2.590
3394,7.886,2.604
3395,7.847,2.674
3396,7.854,2.622
3397,7.929,2.642
3398,8.089,2.659
3399,8.099,2.648
3400,7.928,2.600
3401,8.008,2.637
3402,8.001,2.563
3403,8.220,2.663
3404,8.175,2.639
3405,8.310,2.793
3406,8.209,2.671
3407,8.416,2.780
3408,8.319,2.702
3409,8.280,2.644
3410,8.328,2.602
3411,8.346,2.646
3412,8.225,2.525
3413,8.286,2.709
3414,8.215,2.820
3415,8.002,2.762
3416,8.129,2.779
3417,8.188,2.816
3418,8.269,2.719
3419,8.261,2.774
3420,8.173,2.794
3421,8.173,2.771
3422,8.106,2.826
3423,8.227,2.907
3424,8.100,2.786
3425,8.172,2.956
3426,8.108,2.946
3427,8.161,2.952
3428,8.286,2.922
3429,8.185,2.851
3430,7.945,2.773
3431,7.865,2.720
3432,7.872,2.808
3433,7.818,2.786
3434,7.934,2.718
3435,7.822,2.836
3436,7.829,2.680
3437,7.767,2.703
3438,7.666,2.653
3439,7.866,2.637
3440,7.891,2.620
3441,7.941,2.631
3442,7.848,2.632
3443,7.924,2.621
3444,7.887,2.692
3445,7.831,2.647
3446,7.526,2.670
3447,7.746,2.734
3448,7.719,2.759
3449,7.755,2.787
3450,7.895,2.848
3451,7.794,2.795
3452,7.983,2.833
3453,7.836,2.707
3454,7.704,2.598
3455,7.834,2.681
3456,8.026,2.674
3457,7.961,2.695
3458,7.847,2.633
3459,7.865,2.690
3460,7.854,2.725
3461,7.883,2.836
3462,7.777,2.696
3463,7.903,2.748
3464,7.845,2.683
3465,7.800,2.686
3466,7.811,2.736
3467,7.869,2.705
3468,8.008,2.834
3469,7.941,2.904
3470,7.890,2.857
3471,7.813,2.791
3472,7.792,2.697
3473,7.856,2.795
3474,7.933,2.845
3475,7.897,2.589
3476,7.942,2.718
3477,8.048,2.709
3478,7.983,2.738
3479,8.119,2.800
3480,8.026,2.810
3481,8.001,2.760
3482,8.183,2.717
3483,8.162,2.736
3484,8.298,2.806
3485,8.251,2.786
3486,8.190,2.720
3487,8.055,2.742
3488,7.998,2.616
3489,8.002,2.694
3490,7.939,2.674
3491,8.102,2.834
3492,7.839,2.676
3493,7.695,2.731
3494,7.731,2.858
3495,8.020,2.746
3496,7.937,2.628
3497,8.021,2.660
3498,8.024,2.557
3499,7.989,2.689
3500,8.043,2.712
3501,8.110,2.687
3502,8.027,2.707
3503,7.861,2.629
3504,7.878,2.509
3505,8.077,2.615
3506,8.085,2.719
3507,8.088,2.619
3508,8.101,2.691
3509,8.142,2.744
3510,8.150,2.630
3511,8.141,2.617
3512,8.183,2.617
3513,7.991,2.673
3514,7.971,2.678
3515,8.158,2.748
3516,8.313,2.838
3517,8.104,2.788
3518,8.030,2.698
3519,8.152,2.589
3520,8.041,2.658
3521,8.024,2.744
3522,7.885,2.806
3523,7.977,2.693
3524,7.956,2.683
3525,7.965,2.667
3526,7.904,2.604
3527,7.995,2.747
3528,8.019,2.570
3529,7.941,2.526
3530,7.958,2.501
3531,8.103,2.580
3532,8.016,2.487
3533,8.181,2.622
3534,8.130,2.482
3535,8.074,2.471
3536,8.011,2.535
3537,8.026,2.575
3538,8.054,2.586
3539,8.045,2.678
3540,8.051,2.606
3541,7.948,2.615
3542,7.910,2.684
3543,8.035,2.539
3544,8.056,2.585
3545,8.163,2.615
3546,8.184,2.637
3547,8.209,2.627
3548,8.287,2.766
3549,8.262,2.767
3550,8.200,2.655
3551,8.187,2.694
3552,8.169,2.749
3553,8.240,2.743
3554,8.149,2.749
3555,8.231,2.712
3556,8.210,2.639
3557,8.110,2.691
3558,8.187,2.680
3559,8.295,2.828
3560,8.276,2.765
3561,8.351,2.753
3562,8.254,2.689
3563,8.297,2.717
3564,8.283,2.666
3565,8.406,2.757
3566,8.272,2.645
3567,8.319,2.608
3568,8.269,2.659
3569,8.219,2.637
3570,8.304,2.556
3571,8.326,2.674
3572,8.236,2.533
3573,8.287,2.666
3574,8.216,2.520
3575,8.435,2.721
3576,8.438,2.754
3577,8.459,2.630
3578,8.554,2.758
3579,8.412,2.675
3580,8.372,2.721
3581,8.379,2.659
3582,8.161,2.620
3583,8.373,2.773
3584,8.319,2.839
3585,8.390,2.743
3586,8.396,2.768
3587,8.363,2.681
3588,8.250,2.724
3589,8.333,2.709
3590,8.300,2.636
3591,8.252,2.745
3592,8.397,2.731
3593,8.368,2.672
3594,8.419,2.792
3595,8.300,2.709
3596,8.384,2.663
3597,8.387,2.689
3598,8.478,2.701
3599,8.450,2.670
3600,8.596,2.707
3601,8.460,2.587
3602,8.446,2.595
3603,8.504,2.642
3604,8.587,2.656
3605,8.564,2.623
3606,8.461,2.656
3607,8.461,2.585
3608,8.246,2.555
3609,8.197,2.667
3610,8.279,2.698
3611,8.276,2.714
3612,8.367,2.734
3613,8.343,2.616
3614,8.439,2.637
3615,8.419,2.581
3616,8.460,2.688
3617,8.264,2.527
3618,8.223,2.694
3619,8.239,2.596
3620,8.291,2.491
3621,8.420,2.626
3622,8.280,2.553
3623,8.256,2.633
3624,8.093,2.489
3625,8.218,2.491
3626,8.170,2.424
3627,8.278,2.494
3628,8.202,2.548
3629,8.191,2.601
3630,8.169,2.600
3631,8.258,2.677
3632,8.397,2.704
3633,8.579,2.587
3634,8.591,2.585
3635,8.626,2.668
3636,8.707,2.696
3637,8.608,2.742
3638,8.399,2.596
3639,8.393,2.631
3640,8.239,2.590
3641,8.265,2.653
3642,8.249,2.640
3643,8.178,2.680
3644,8.350,2.755
3645,8.293,2.631
3646,8.391,2.617
3647,8.448,2.689
3648,8.339,2.575
3649,8.444,2.582
3650,8.363,2.524
3651,8.374,2.585
3652,8.358,2.533
3653,8.327,2.621
3654,8.298,2.596
3655,8.455,2.477
3656,8.445,2.549
3657,8.392,2.607
3658,8.387,2.638
3659,8.091,2.626
3660,8.084,2.633
3661,8.123,2.592
3662,8.186,2.678
3663,8.112,2.607
3664,8.076,2.532
3665,8.312,2.600
3666,8.278,2.629
3667,8.321,2.605
3668,8.299,2.657
3669,8.399,2.627
3670,8.381,2.685
3671,8.341,2.687
3672,8.235,2.583
3673,8.208,2.558
3674,8.366,2.721
3675,8.249,2.673
3676,8.304,2.671
3677,8.378,2.655
3678,8.362,2.712
3679,8.235,2.602
3680,8.338,2.715
3681,8.191,2.643
3682,8.115,2.754
3683,8.214,2.685
3684,8.195,2.698
3685,8.062,2.657
3686,8.138,2.619
3687,8.057,2.645
3688,8.065,2.637
3689,8.121,2.783
3690,8.228,2.739
3691,8.158,2.770
3692,8.000,2.682
3693,7.962,2.668
3694,7.999,2.774
3695,7.977,2.754
3696,7.902,2.718
3697,7.805,2.744
3698,7.762,2.683
3699,7.945,2.764
3700,7.986,2.743
3701,7.821,2.693
3702,8.001,2.900
3703,7.979,2.791
3704,7.999,2.745
3705,8.082,2.967
3706,8.031,2.826
3707,8.036,2.840
3708,8.051,2.711
3709,8.280,2.909
3710,8.226,2.872
3711,8.213,2.771
3712,8.183,2.811
3713,8.254,2.996
3714,8.311,2.990
3715,8.293,2.995
3716,8.324,2.975
3717,8.192,2.880
3718,8.065,2.866
3719,8.092,2.891
3720,8.115,2.850
3721,8.128,2.837
3722,8.269,2.833
3723,8.180,2.895
3724,8.053,2.845
3725,7.848,2.799
3726,7.969,2.867
3727,7.908,2.829
3728,7.911,2.805
3729,7.964,2.750
3730,7.916,2.794
3731,7.753,2.653
3732,7.818,2.680
3733,8.050,2.815
3734,8.136,2.841
3735,8.121,2.863
3736,8.076,2.730
3737,7.946,2.710
3738,7.961,2.678
3739,7.813,2.832
3740,7.760,2.804
3741,7.753,2.729
3742,7.793,2.744
3743,7.789,2.697
3744,7.827,2.610
3745,7.979,2.742
3746,7.913,2.787
3747,7.987,2.833
3748,8.095,2.759
3749,7.995,2.916
3750,8.148,2.838
3751,8.110,2.815
3752,8.042,2.930
3753,7.988,2.961
3754,7.827,2.870
3755,7.804,2.741
3756,7.898,2.757
3757,7.905,2.792
3758,7.894,2.794
3759,7.766,2.762
3760,7.792,2.735
3761,7.938,2.842
3762,7.872,2.766
3763,7.908,2.768
3764,7.915,2.831
3765,7.858,2.697
3766,7.775,2.684
3767,7.905,2.779
3768,7.730,2.733
3769,7.797,2.742
3770,7.826,2.727
3771,7.825,2.764
3772,7.988,2.820
3773,7.990,2.790
3774,7.876,2.821
3775,7.831,2.762
3776,8.019,2.785
3777,7.898,2.775
3778,8.006,2.714
3779,7.989,2.771
3780,7.926,2.750
3781,7.965,2.746
3782,8.017,2.721
3783,8.075,2.646
3784,8.092,2.611
3785,8.294,2.650
3786,8.185,2.709
3787,8.254,2.831
3788,8.109,2.749
3789,8.119,2.736
3790,8.029,2.793
3791,8.002,2.881
3792,7.957,2.718
3793,8.162,2.813
3794,8.174,2.850
3795,8.168,2.791
3796,8.162,2.769
3797,8.112,2.702
3798,8.148,2.754
3799,8.223,2.749
3800,8.204,2.737
3801,8.095,2.648
3802,8.092,2.646
3803,8.226,2.756
3804,8.335,2.723
3805,8.318,2.848
3806,8.144,2.723
3807,8.291,2.774
3808,8.193,2.782
3809,8.138,2.852
3810,8.069,2.804
3811,7.920,2.738
3812,7.807,2.610
3813,7.933,2.738
3814,7.961,2.763
3815,8.032,2.655
3816,8.155,2.711
3817,8.183,2.735
3818,8.064,2.787
3819,7.961,2.602
3820,8.004,2.645
3821,8.259,2.724
3822,8.158,2.660
3823,8.348,2.746
3824,8.376,2.805
3825,8.369,2.740
3826,8.441,2.847
3827,8.462,2.785
3828,8.482,2.892
3829,8.442,2.919
3830,8.328,2.933
3831,8.321,2.822
3832,8.351,2.847
3833,8.380,2.856
3834,8.521,2.879
3835,8.373,2.838
3836,8.266,2.928
3837,8.142,2.781
3838,7.978,2.640
3839,8.012,2.718
3840,8.040,2.705
3841,7.976,2.838
3842,7.834,2.710
3843,7.962,2.616
3844,7.983,2.685
3845,7.877,2.565
3846,8.021,2.657
3847,8.039,2.657
3848,8.081,2.628
3849,8.181,2.658
3850,8.167,2.703
3851,8.121,2.693
3852,8.166,2.751
3853,8.061,2.714
3854,8.073,2.717
3855,8.056,2.707
3856,8.013,2.773
3857,8.017,2.857
3858,8.034,2.685
3859,8.095,2.742
3860,8.110,2.781
3861,8.036,2.672
3862,8.015,2.728
3863,8.158,2.795
3864,8.074,2.761
3865,7.968,2.687
3866,7.946,2.730
3867,7.916,2.665
3868,8.027,2.746
3869,8.135,2.736
3870,8.141,2.784
3871,8.220,2.806
3872,8.027,2.778
3873,8.079,2.821
3874,8.125,2.826
3875,7.999,2.694
3876,8.097,2.707
3877,7.911,2.653
3878,7.948,2.674
3879,7.946,2.759
3880,8.015,2.768
3881,7.939,2.689
3882,8.093,2.746
3883,8.177,2.728
3884,8.129,2.696
3885,8.161,2.730
3886,8.127,2.724
3887,8.188,2.700
3888,8.247,2.735
3889,8.493,2.769
3890,8.435,2.678
3891,8.412,2.708
3892,8.369,2.701
3893,8.405,2.691
3894,8.465,2.730
3895,8.398,2.800
3896,8.431,2.849
3897,8.397,2.688
3898,8.372,2.648
3899,8.411,2.727
3900,8.506,2.960
3901,8.519,2.820
3902,8.467,2.755
3903,8.542,2.758
3904,8.516,2.700
3905,8.485,2.705
3906,8.410,2.794
3907,8.334,2.758
3908,8.518,2.798
3909,8.482,2.798
3910,8.479,2.852
3911,8.262,2.714
3912,8.293,2.699
3913,8.338,2.793
3914,8.273,2.799
3915,8.226,2.814
3916,8.223,2.835
3917,8.087,2.733
3918,8.055,2.738
3919,8.166,2.742
3920,8.104,2.834
3921,8.046,2.745
3922,8.042,2.685
3923,8.045,2.746
3924,7.948,2.847
3925,7.924,2.762
3926,8.092,2.794
3927,7.922,2.805
3928,7.904,2.789
3929,7.826,2.701
3930,7.909,2.762
3931,8.103,2.737
3932,8.048,2.822
3933,8.026,2.758
3934,8.160,2.794
3935,8.284,2.808
3936,8.360,2.772
3937,8.273,2.758
3938,8.318,2.762
3939,8.305,2.744
3940,8.343,2.756
3941,8.295,2.814
3942,8.415,2.905
3943,8.406,2.828
3944,8.414,2.807
3945,8.477,2.837
3946,8.315,2.805
3947,8.386,2.683
3948,8.458,2.693
3949,8.561,2.635
3950,8.485,2.594
3951,8.321,2.567
3952,8.292,2.493
3953,8.405,2.633
3954,8.326,2.569
3955,8.230,2.626
3956,8.163,2.689
3957,8.318,2.696
3958,8.231,2.667
3959,8.301,2.621
3960,8.191,2.589
3961,8.208,2.622
3962,8.225,2.642
3963,8.096,2.611
3964,8.113,2.591
3965,8.094,2.594
3966,8.065,2.705
3967,8.093,2.769
3968,8.180,2.810
3969,8.085,2.833
3970,8.087,2.774
3971,8.029,2.737
3972,7.893,2.721
3973,7.867,2.677
3974,7.934,2.663
3975,7.980,2.550
3976,7.941,2.577
3977,7.978,2.609
3978,7.902,2.574
3979,7.897,2.629
3980,7.936,2.596
3981,7.911,2.557
3982,7.867,2.688
3983,7.909,2.778
3984,8.027,2.677
3985,8.196,2.691
3986,8.245,2.842
3987,8.251,2.797
3988,8.213,2.637
3989,8.027,2.683
3990,7.954,2.582
3991,7.902,2.706
3992,8.113,2.591
3993,8.041,2.636
3994,8.144,2.679
3995,8.012,2.612
3996,8.140,2.641
3997,8.271,2.602
3998,8.225,2.610
3999,8.119,2.693
4000,8.052,2.591
4001,7.960,2.640
4002,7.673,2.590
4003,7.914,2.581
4004,7.872,2.592
4005,7.786,2.506
4006,7.930,2.543
4007,7.945,2.597
4008,7.929,2.436
4009,7.919,2.481
4010,7.768,2.423
4011,8.016,2.505
4012,7.952,2.397
4013,8.059,2.404
4014,8.099,2.596
4015,8.112,2.539
4016,8.041,2.564
4017,7.845,2.532
4018,7.983,2.493
4019,7.945,2.552
4020,7.795,2.438
4021,7.688,2.515
4022,7.746,2.522
4023,7.832,2.539
4024,7.897,2.578
4025,7.854,2.593
4026,7.674,2.496
4027,7.845,2.496
4028,7.783,2.541
4029,7.811,2.576
4030,7.809,2.546
4031,7.585,2.574
4032,7.770,2.569
4033,7.808,2.590
4034,7.900,2.589
4035,7.830,2.563
4036,7.821,2.649
4037,7.913,2.747
4038,7.852,2.684
4039,7.832,2.671
4040,8.027,2.755
4041,7.927,2.695
4042,7.921,2.789
4043,7.913,2.641
4044,8.023,2.652
4045,8.058,2.661
4046,8.031,2.730
4047,8.023,2.705
4048,7.977,2.637
4049,7.988,2.716
4050,7.929,2.639
4051,7.965,2.630
4052,8.136,2.721
4053,8.006,2.556
4054,7.938,2.595
4055,7.812,2.665
4056,7.870,2.591
4057,7.975,2.667
4058,7.973,2.744
4059,7.875,2.618
4060,7.831,2.590
4061,7.861,2.606
4062,7.822,2.571
4063,7.835,2.619
4064,7.876,2.636
4065,7.795,2.493
4066,7.709,2.526
4067,7.777,2.537
4068,7.841,2.519
4069,7.966,2.620
4070,8.030,2.587
4071,8.081,2.600
4072,7.997,2.699
4073,8.074,2.701
4074,8.198,2.743
4075,8.066,2.679
4076,7.931,2.620
4077,7.904,2.676
4078,7.802,2.669
4079,7.787,2.680
4080,7.820,2.642
4081,7.785,2.576
4082,7.778,2.669
4083,7.830,2.681
4084,7.803,2.640
4085,7.933,2.739
4086,7.716,2.600
4087,7.831,2.715
4088,7.815,2.626
4089,7.672,2.667
4090,7.808,2.689
4091,7.875,2.678
4092,7.871,2.658
4093,7.824,2.649
4094,7.982,2.573
4095,7.885,2.615
4096,7.916,2.582
4097,7.824,2.555
4098,7.904,2.549
4099,7.968,2.530
4100,7.920,2.550
4101,7.895,2.591
4102,7.870,2.545
4103,8.047,2.630
4104,8.081,2.650
4105,7.964,2.665
4106,7.888,2.589
4107,7.783,2.565
4108,7.913,2.582
4109,7.795,2.597
4110,7.742,2.557
4111,7.716,2.523
4112,7.699,2.536
4113,7.708,2.517
4114,7.869,2.520
4115,7.876,2.585
4116,8.046,2.753
4117,7.865,2.633
4118,7.736,2.657
4119,7.779,2.512
4120,7.776,2.571
4121,7.757,2.528
4122,7.703,2.628
4123,7.673,2.620
4124,7.569,2.524
4125,7.429,2.535
4126,7.443,2.555
4127,7.504,2.516
4128,7.493,2.440
4129,7.429,2.648
4130,7.474,2.497
4131,7.453,2.555
4132,7.475,2.566
4133,7.602,2.658
4134,7.474,2.532
4135,7.577,2.641
4136,7.456,2.424
4137,7.522,2.549
4138,7.460,2.501
4139,7.412,2.467
4140,7.328,2.431
4141,7.437,2.412
4142,7.383,2.522
4143,7.251,2.412
4144,7.176,2.422
4145,7.373,2.553
4146,7.418,2.506
4147,7.412,2.440
4148,7.424,2.520
4149,7.475,2.389
4150,7.517,2.499
4151,7.581,2.467
4152,7.583,2.513
4153,7.662,2.504
4154,7.522,2.428
4155,7.479,2.386
4156,7.558,2.382
4157,7.558,2.377
4158,7.659,2.539
4159,7.730,2.523
4160,7.658,2.473
4161,7.563,2.488
4162,7.581,2.357
4163,7.669,2.387
4164,7.706,2.399
4165,7.647,2.438
4166,7.641,2.446
4167,7.690,2.474
4168,7.608,2.402
4169,7.603,2.591
4170,7.638,2.505
4171,7.623,2.448
4172,7.716,2.449
4173,7.819,2.528
4174,7.850,2.475
4175,8.025,2.514
4176,7.834,2.513
4177,7.727,2.528
4178,7.743,2.417
4179,7.636,2.425
4180,7.750,2.485
4181,7.631,2.346
4182,7.699,2.342
4183,7.676,2.505
4184,7.532,2.451
4185,7.582,2.394
4186,7.472,2.434
4187,7.529,2.500
4188,7.670,2.529
4189,7.622,2.450
4190,7.421,2.428
4191,7.576,2.543
4192,7.527,2.510
4193,7.463,2.473
4194,7.372,2.397
4195,7.478,2.492
4196,7.532,2.402
4197,7.547,2.403
4198,7.633,2.468
4199,7.515,2.438
4200,7.617,2.407
4201,7.634,2.444
4202,7.654,2.412
4203,7.744,2.521
4204,7.801,2.416
4205,7.774,2.476
4206,7.943,2.460
4207,7.779,2.406
4208,7.857,2.442
4209,7.961,2.526
4210,7.885,2.460
4211,7.851,2.459
4212,7.695,2.481
4213,7.886,2.536
4214,7.923,2.548
4215,7.936,2.442
4216,7.856,2.479
4217,7.979,2.569
4218,7.993,2.451
4219,7.859,2.447
4220,7.830,2.508
4221,7.966,2.597
4222,7.987,2.593
4223,7.923,2.562
4224,7.926,2.486
4225,7.942,2.484
4226,8.017,2.491
4227,8.043,2.557
4228,8.122,2.513
4229,8.115,2.540
4230,8.269,2.630
4231,8.125,2.622
4232,8.102,2.576
4233,7.971,2.655
4234,8.080,2.661
4235,8.080,2.576
4236,8.066,2.551
4237,7.891,2.508
4238,7.890,2.488
4239,7.852,2.595
4240,7.909,2.533
4241,7.655,2.535
4242,7.554,2.414
4243,7.666,2.524
4244,7.686,2.520
4245,7.775,2.509
4246,7.858,2.527
4247,7.950,2.580
4248,7.855,2.546
4249,7.809,2.523
4250,7.815,2.494
4251,7.914,2.570
4252,7.898,2.407
4253,7.821,2.373
4254,7.965,2.471
4255,8.030,2.370
4256,8.133,2.373
4257,8.028,2.472
4258,8.089,2.578
4259,8.075,2.537
4260,7.989,2.642
4261,7.931,2.498
4262,7.895,2.569
4263,7.760,2.582
4264,7.887,2.609
4265,8.071,2.695
4266,7.940,2.641
4267,7.944,2.707
4268,7.940,2.695
4269,8.002,2.700
4270,7.980,2.561
4271,7.948,2.567
4272,7.854,2.468
4273,7.761,2.502
4274,7.893,2.573
4275,7.990,2.525
4276,7.919,2.491
4277,8.034,2.707
4278,8.010,2.590
4279,7.975,2.590
4280,8.026,2.566
4281,8.120,2.584
4282,8.138,2.597
4283,8.201,2.679
4284,8.148,2.761
4285,7.986,2.650
4286,8.064,2.638
4287,7.994,2.661
4288,7.981,2.708
4289,8.063,2.800
4290,7.984,2.716
4291,8.046,2.762
4292,8.018,2.839
4293,8.126,2.827
4294,7.970,2.760
4295,7.921,2.725
4296,8.011,2.594
4297,8.034,2.630
4298,8.035,2.589
4299,8.187,2.814
4300,8.014,2.664
4301,7.940,2.612
4302,7.879,2.601
4303,7.904,2.610
4304,7.883,2.461
4305,7.869,2.464
4306,7.865,2.477
4307,7.912,2.501
4308,7.892,2.482
4309,7.836,2.538
4310,7.917,2.625
4311,7.962,2.591
4312,7.958,2.625
4313,8.028,2.660
4314,8.115,2.639
4315,8.080,2.565
4316,7.870,2.512
4317,7.803,2.589
4318,7.810,2.449
4319,7.642,2.589
4320,7.563,2.529
4321,7.810,2.575
4322,7.830,2.484
4323,7.968,2.597
4324,7.907,2.619
4325,7.998,2.640
4326,7.890,2.480
4327,7.929,2.580
4328,7.810,2.620
4329,7.770,2.516
4330,7.834,2.616
4331,7.838,2.570
4332,7.786,2.536
4333,7.685,2.579
4334,7.648,2.557
4335,7.663,2.567
4336,7.721,2.435
4337,7.700,2.311
4338,7.688,2.446
4339,7.754,2.463
4340,7.732,2.419
4341,7.815,2.486
4342,7.704,2.437
4343,7.720,2.456
4344,7.718,2.417
4345,7.622,2.489
4346,7.646,2.442
4347,7.668,2.530
4348,7.667,2.418
4349,7.588,2.465
4350,7.618,2.486
4351,7.758,2.470
4352,7.875,2.476
4353,7.819,2.622
4354,7.489,2.459
4355,7.513,2.525
4356,7.495,2.526
4357,7.533,2.462
4358,7.445,2.329
4359,7.617,2.600
4360,7.633,2.573
4361,7.633,2.549
4362,7.531,2.578
4363,7.477,2.525
4364,7.595,2.500
4365,7.706,2.586
4366,7.674,2.479
4367,7.670,2.418
4368,7.571,2.340
4369,7.692,2.391
4370,7.574,2.419
4371,7.655,2.475
4372,7.669,2.443
4373,7.555,2.494
4374,7.502,2.435
4375,7.501,2.289
4376,7.494,2.248
4377,7.445,2.297
4378,7.474,2.319
4379,7.463,2.331
4380,7.430,2.427
4381,7.600,2.415
4382,7.510,2.400
4383,7.463,2.472
4384,7.574,2.456
4385,7.538,2.500
4386,7.637,2.513
4387,7.928,2.550
4388,8.003,2.532
4389,8.008,2.508
4390,7.844,2.545
4391,7.721,2.439
4392,7.776,2.588
4393,7.793,2.568
4394,7.846,2.578
4395,7.955,2.588
4396,7.947,2.543
4397,7.953,2.597
4398,7.941,2.570
4399,7.979,2.685
4400,8.024,2.690
4401,7.855,2.634
4402,7.801,2.607
4403,7.767,2.506
4404,7.700,2.510
4405,7.748,2.534
4406,7.757,2.565
4407,7.862,2.586
4408,7.769,2.593
4409,7.800,2.543
4410,7.841,2.595
4411,7.840,2.682
4412,7.732,2.674
4413,7.748,2.662
4414,7.717,2.611
4415,7.760,2.711
4416,7.693,2.695
4417,7.738,2.639
4418,7.735,2.620
4419,7.714,2.598
4420,7.724,2.637
4421,7.714,2.626
4422,7.727,2.543
4423,7.751,2.535
4424,7.665,2.493
4425,7.713,2.616
4426,7.903,2.772
4427,7.804,2.654
4428,7.973,2.886
4429,7.978,2.778
4430,7.911,2.720
4431,7.804,2.674
4432,7.675,2.619
4433,7.732,2.630
4434,7.700,2.591
4435,7.601,2.627
4436,7.794,2.612
4437,7.758,2.587
4438,8.027,2.654
4439,8.033,2.531
4440,7.961,2.547
4441,7.933,2.674
4442,7.827,2.594
4443,7.812,2.610
4444,7.894,2.632
4445,7.870,2.616
4446,7.687,2.572
4447,7.623,2.635
4448,7.769,2.812
4449,7.623,2.709
4450,7.504,2.635
4451,7.564,2.621
4452,7.536,2.607
4453,7.637,2.597
4454,7.593,2.588
4455,7.584,2.518
4456,7.561,2.600
4457,7.577,2.552
4458,7.612,2.502
4459,7.756,2.499
4460,7.635,2.482
4461,7.703,2.453
4462,7.526,2.301
4463,7.610,2.316
4464,7.527,2.387
4465,7.667,2.437
4466,7.727,2.416
4467,7.649,2.484
4468,7.700,2.483
4469,7.764,2.573
4470,7.679,2.660
4471,7.652,2.622
4472,7.503,2.545
4473,7.706,2.603
4474,7.683,2.580
4475,7.735,2.604
4476,7.822,2.621
4477,7.880,2.539
4478,7.970,2.599
4479,7.942,2.543
4480,7.942,2.556
4481,7.810,2.571
4482,7.881,2.622
4483,7.787,2.591
4484,7.932,2.595
4485,7.887,2.511
4486,7.867,2.599
4487,7.995,2.531
4488,7.896,2.609
4489,8.032,2.667
4490,7.988,2.642
4491,7.831,2.552
4492,7.833,2.576
4493,7.966,2.553
4494,7.905,2.613
4495,7.974,2.540
4496,7.931,2.449
4497,7.896,2.479
4498,7.976,2.545
4499,7.830,2.544
4500,7.767,2.617
4501,7.749,2.548
4502,7.803,2.638
4503,7.801,2.567
4504,7.762,2.468
4505,7.813,2.456
4506,7.856,2.591
4507,7.760,2.524
4508,7.840,2.532
4509,7.878,2.323
4510,7.990,2.403
4511,7.903,2.368
4512,7.855,2.473
4513,7.960,2.590
4514,7.986,2.562
4515,7.896,2.458
4516,7.902,2.493
4517,7.947,2.511
4518,7.916,2.607
4519,8.048,2.567
4520,8.065,2.482
4521,8.044,2.514
4522,7.986,2.500
4523,8.020,2.451
4524,7.951,2.599
4525,8.026,2.569
4526,7.988,2.522
4527,7.939,2.536
4528,7.937,2.508
4529,8.184,2.630
4530,8.229,2.558
4531,8.141,2.586
4532,8.290,2.563
4533,8.280,2.451
4534,8.122,2.505
4535,8.134,2.516
4536,8.086,2.551
4537,8.142,2.482
4538,8.188,2.577
4539,8.147,2.505
4540,8.142,2.565
4541,8.088,2.510
4542,8.049,2.550
4543,8.019,2.414
4544,8.055,2.491
4545,8.106,2.476
4546,8.051,2.399
4547,8.109,2.461
4548,8.116,2.422
4549,8.065,2.416
4550,8.046,2.478
4551,7.910,2.442
4552,7.864,2.381
4553,8.036,2.416
4554,7.990,2.409
4555,8.036,2.459
4556,8.000,2.440
4557,7.928,2.383
4558,8.049,2.525
4559,8.013,2.358
4560,8.003,2.329
4561,8.031,2.330
4562,8.046,2.327
4563,8.231,2.483
4564,8.223,2.391
4565,8.134,2.464
4566,8.155,2.350
4567,8.213,2.402
4568,8.346,2.560
4569,8.226,2.514
4570,8.195,2.484
4571,8.288,2.529
4572,8.442,2.508
4573,8.409,2.359
4574,8.372,2.451
4575,8.291,2.447
4576,8.292,2.529
4577,8.326,2.421
4578,8.394,2.449
4579,8.465,2.391
4580,8.529,2.380
4581,8.603,2.421
4582,8.491,2.467
4583,8.589,2.559
4584,8.498,2.536
4585,8.374,2.418
4586,8.346,2.389
4587,8.319,2.409
4588,8.417,2.318
4589,8.214,2.448
4590,8.205,2.396
4591,8.232,2.316
4592,8.287,2.376
4593,8.321,2.406
4594,8.396,2.450
4595,8.439,2.446
4596,8.507,2.376
4597,8.476,2.424
4598,8.383,2.371
4599,8.402,2.328
4600,8.495,2.400
4601,8.581,2.444
4602,8.669,2.573
4603,8.528,2.474
4604,8.473,2.549
4605,8.606,2.540
4606,8.495,2.445
4607,8.509,2.373
4608,8.553,2.444
4609,8.643,2.441
4610,8.581,2.396
4611,8.594,2.423
4612,8.690,2.480
4613,8.513,2.440
4614,8.510,2.606
4615,8.554,2.468
4616,8.435,2.498
4617,8.561,2.465
4618,8.518,2.476
4619,8.592,2.414
4620,8.626,2.437
4621,8.516,2.362
4622,8.534,2.451
4623,8.415,2.385
4624,8.358,2.363
4625,8.404,2.399
4626,8.497,2.380
4627,8.473,2.450
4628,8.368,2.324
4629,8.389,2.380
4630,8.528,2.373
4631,8.436,2.354
4632,8.416,2.419
4633,8.446,2.443
4634,8.444,2.514
4635,8.385,2.486
4636,8.356,2.389
4637,8.406,2.370
4638,8.308,2.286
4639,8.482,2.497
4640,8.191,2.396
4641,8.161,2.435
4642,8.158,2.392
4643,8.332,2.421
4644,8.373,2.369
4645,8.235,2.337
4646,8.218,2.387
4647,8.239,2.349
4648,8.433,2.437
4649,8.360,2.461
4650,8.449,2.446
4651,8.298,2.362
4652,8.278,2.428
4653,8.221,2.459
4654,8.089,2.508
4655,8.253,2.581
4656,8.211,2.676
4657,8.001,2.591
4658,8.155,2.601
4659,8.016,2.508
4660,7.947,2.514
4661,8.067,2.501
4662,8.014,2.394
4663,8.147,2.504
4664,8.137,2.499
4665,8.084,2.453
4666,7.999,2.424
4667,8.045,2.457
4668,8.078,2.432
4669,8.064,2.417
4670,8.132,2.495
4671,8.185,2.442
4672,8.152,2.465
4673,8.109,2.509
4674,8.179,2.537
4675,8.165,2.496
4676,8.411,2.636
4677,8.310,2.575
4678,8.298,2.484
4679,8.214,2.631
4680,8.253,2.577
4681,8.337,2.552
4682,8.366,2.621
4683,8.218,2.622
4684,8.321,2.660
4685,8.362,2.572
4686,8.223,2.647
4687,8.320,2.684
4688,8.189,2.552
4689,8.129,2.631
4690,8.181,2.692
4691,8.206,2.635
4692,8.162,2.538
4693,8.124,2.507
4694,8.165,2.617
4695,8.183,2.659
4696,8.067,2.557
4697,8.109,2.658
4698,8.361,2.644
4699,8.214,2.604
4700,8.252,2.642
4701,8.159,2.482
4702,8.333,2.631
4703,8.385,2.561
4704,8.319,2.650
4705,8.267,2.751
4706,8.322,2.735
4707,8.204,2.742
4708,8.185,2.690
4709,8.170,2.717
4710,8.186,2.702
4711,8.342,2.685
4712,8.247,2.533
4713,8.245,2.531
4714,8.260,2.667
4715,8.335,2.698
4716,8.186,2.618
4717,8.212,2.608
4718,8.142,2.527
4719,8.143,2.630
4720,8.193,2.617
4721,8.103,2.676
4722,8.131,2.615
4723,8.166,2.682
4724,8.055,2.510
4725,8.106,2.668
4726,8.020,2.603
4727,7.859,2.534
4728,7.886,2.525
4729,7.897,2.526
4730,7.964,2.565
4731,8.046,2.558
4732,8.082,2.699
4733,8.029,2.537
4734,8.000,2.515
4735,7.810,2.508
4736,7.859,2.560
4737,7.991,2.597
4738,8.111,2.547
4739,8.126,2.545
4740,8.139,2.626
4741,8.041,2.574
4742,8.163,2.591
4743,8.055,2.560
4744,7.952,2.486
4745,7.856,2.328
4746,7.943,2.451
4747,8.066,2.496
4748,8.133,2.524
4749,8.125,2.445
4750,8.225,2.486
4751,8.287,2.462
4752,8.282,2.504
4753,8.302,2.582
4754,8.239,2.514
4755,8.390,2.534
4756,8.383,2.630
4757,8.340,2.507
4758,8.283,2.481
4759,8.089,2.474
4760,8.212,2.394
4761,8.311,2.487
4762,8.233,2.494
4763,8.170,2.482
4764,8.215,2.599
4765,8.170,2.519
4766,8.143,2.499
4767,8.348,2.511
4768,8.283,2.656
4769,7.999,2.394
4770,7.894,2.459
4771,7.845,2.432
4772,7.821,2.442
4773,7.878,2.422
4774,7.911,2.419
4775,7.861,2.457
4776,7.900,2.403
4777,7.992,2.495
4778,7.990,2.362
4779,8.040,2.434
4780,7.937,2.486
4781,7.864,2.472
4782,7.933,2.451
4783,7.915,2.529
4784,7.927,2.461
4785,8.019,2.438
4786,8.151,2.495
4787,8.198,2.452
4788,8.148,2.518
4789,8.183,2.480
4790,8.082,2.448
4791,7.966,2.475
4792,8.166,2.481
4793,8.115,2.526
4794,7.992,2.456
4795,8.121,2.409
4796,8.213,2.397
4797,8.215,2.331
4798,8.185,2.326
4799,8.329,2.365
4800,8.228,2.261
4801,8.095,2.398
4802,8.119,2.364
4803,8.111,2.336
4804,8.139,2.357
4805,8.175,2.342
4806,8.315,2.510
4807,8.292,2.406
4808,8.090,2.424
4809,7.997,2.349
4810,7.899,2.375
4811,8.010,2.442
4812,7.978,2.413
4813,8.055,2.375
4814,8.021,2.420
4815,7.994,2.372
4816,7.994,2.339
4817,8.013,2.244
4818,8.041,2.307
4819,8.016,2.306
4820,8.015,2.313
4821,7.989,2.356
4822,8.044,2.315
4823,8.109,2.328
4824,8.112,2.313
4825,7.975,2.278
4826,7.965,2.299
4827,8.002,2.263
4828,7.902,2.290
4829,7.876,2.261
4830,7.744,2.292
4831,7.895,2.324
4832,7.797,2.362
4833,7.775,2.385
4834,7.782,2.297
4835,7.617,2.312
4836,7.530,2.358
4837,7.642,2.301
4838,7.855,2.404
4839,7.927,2.407
4840,7.938,2.319
4841,8.173,2.386
4842,8.178,2.404
4843,8.129,2.322
4844,8.185,2.440
4845,8.140,2.520
4846,8.120,2.450
4847,8.007,2.385
4848,8.017,2.420
4849,8.070,2.512
4850,8.107,2.431
4851,7.951,2.518
4852,8.126,2.438
4853,8.087,2.425
4854,8.112,2.394
4855,8.021,2.360
4856,8.310,2.308
4857,8.217,2.228
4858,8.226,2.404
4859,8.270,2.441
4860,8.197,2.414
4861,8.133,2.447
4862,8.161,2.440
4863,8.147,2.555
4864,8.102,2.402
4865,8.201,2.510
4866,8.133,2.592
4867,8.129,2.408
4868,8.148,2.512
4869,8.054,2.466
4870,8.072,2.554
4871,7.963,2.409
4872,8.052,2.502
4873,8.068,2.535
4874,7.941,2.432
4875,7.903,2.395
4876,8.002,2.370
4877,7.928,2.275
4878,7.980,2.378
4879,7.933,2.439
4880,7.848,2.362
4881,7.854,2.317
4882,7.684,2.406
4883,7.702,2.329
4884,7.874,2.375
4885,7.692,2.294
4886,7.771,2.376
4887,7.749,2.385
4888,7.841,2.314
4889,7.826,2.443
4890,8.033,2.430
4891,7.900,2.356
4892,7.893,2.340
4893,7.861,2.344
4894,7.817,2.259
4895,7.938,2.371
4896,7.827,2.279
4897,7.860,2.353
4898,7.751,2.312
4899,7.841,2.382
4900,7.734,2.310
4901,7.710,2.408
4902,7.721,2.285
4903,7.736,2.292
4904,7.867,2.253
4905,7.825,2.306
4906,7.748,2.281
4907,7.785,2.306
4908,7.730,2.315
4909,7.875,2.325
4910,7.887,2.311
4911,8.035,2.361
4912,7.949,2.420
4913,7.831,2.394
4914,8.014,2.380
4915,8.003,2.334
4916,8.057,2.323
4917,7.934,2.361
4918,8.012,2.407
4919,8.122,2.441
4920,8.166,2.476
4921,8.109,2.341
4922,8.180,2.414
4923,8.220,2.461
4924,8.242,2.407
4925,8.309,2.504
4926,8.437,2.458
4927,8.412,2.491
4928,8.279,2.491
4929,8.318,2.539
4930,8.174,2.494
4931,8.363,2.601
4932,8.254,2.490
4933,8.309,2.569
4934,8.434,2.538
4935,8.355,2.521
4936,8.323,2.417
4937,8.332,2.487
4938,8.238,2.476
4939,8.359,2.621
4940,8.378,2.586
4941,8.364,2.449
4942,8.446,2.579
4943,8.438,2.588
4944,8.410,2.500
4945,8.410,2.488
4946,8.463,2.581
4947,8.591,2.563
4948,8.505,2.589
4949,8.556,2.548
4950,8.270,2.517
4951,8.396,2.474
4952,8.460,2.501
4953,8.341,2.317
4954,8.162,2.367
4955,8.116,2.302
4956,8.223,2.467
4957,8.313,2.378
4958,8.282,2.393
4959,8.348,2.378
4960,8.383,2.394
4961,8.421,2.504
4962,8.418,2.388
4963,8.224,2.446
4964,8.178,2.421
4965,8.205,2.442
4966,8.107,2.269
4967,8.187,2.351
4968,8.280,2.377
4969,8.222,2.348
4970,8.215,2.365
4971,8.292,2.283
4972,8.312,2.240
4973,8.515,2.289
4974,8.501,2.394
4975,8.437,2.243
4976,8.301,2.255
4977,8.349,2.255
4978,8.254,2.343
4979,8.145,2.286
4980,8.198,2.257
4981,8.180,2.237
4982,8.284,2.245
4983,8.291,2.303
4984,8.244,2.290
4985,8.254,2.266
4986,8.308,2.306
4987,8.293,2.366
4988,8.353,2.352
4989,8.206,2.345
4990,8.352,2.384
4991,8.405,2.412
4992,8.400,2.291
4993,8.357,2.351
4994,8.413,2.254
4995,8.309,2.378
4996,8.270,2.352
4997,8.393,2.355
4998,8.402,2.275
4999,8.265,2.313
5000,8.489,2.395
5001,8.304,2.302
5002,8.381,2.272
5003,8.365,2.397
5004,8.456,2.358
5005,8.347,2.358
5006,8.325,2.325
5007,8.329,2.437
5008,8.384,2.347
5009,8.384,2.451
5010,8.429,2.341
5011,8.346,2.265
5012,8.428,2.324
5013,8.375,2.373
5014,8.371,2.440
5015,8.490,2.524
5016,8.428,2.477
5017,8.385,2.373
5018,8.448,2.344
5019,8.433,2.336
5020,8.480,2.362
5021,8.344,2.422
5022,8.303,2.403
5023,8.209,2.365
5024,8.046,2.321
5025,7.995,2.340
5026,8.068,2.474
5027,7.995,2.406
5028,8.003,2.462
5029,7.992,2.360
5030,8.083,2.390
5031,7.953,2.400
5032,7.912,2.395
5033,7.709,2.358
5034,7.723,2.388
5035,7.927,2.379
5036,7.834,2.285
5037,7.897,2.391
5038,7.988,2.454
5039,7.891,2.424
5040,7.877,2.429
5041,7.862,2.450
5042,7.989,2.373
5043,7.999,2.365
5044,8.026,2.439
5045,7.991,2.536
5046,7.886,2.478
5047,7.854,2.469
5048,7.892,2.329
5049,7.731,2.434
5050,7.692,2.449
5051,7.712,2.422
5052,7.749,2.423
5053,7.694,2.506
5054,7.686,2.395
5055,7.767,2.416
5056,7.748,2.377
5057,7.884,2.461
5058,7.765,2.394
5059,7.768,2.408
5060,7.939,2.448
5061,7.939,2.438
5062,7.981,2.348
5063,8.051,2.329
5064,8.006,2.380
5065,8.053,2.462
5066,7.813,2.312
5067,7.740,2.322
5068,7.764,2.357
5069,7.727,2.382
5070,7.686,2.425
5071,7.792,2.396
5072,7.775,2.272
5073,7.933,2.323
5074,7.693,2.308
5075,7.873,2.378
5076,7.897,2.319
5077,8.008,2.382
5078,7.953,2.349
5079,8.027,2.394
5080,8.058,2.512
5081,7.949,2.469
5082,7.930,2.475
5083,7.802,2.527
5084,7.856,2.504
5085,8.001,2.653
5086,7.917,2.502
5087,7.773,2.382
5088,7.897,2.430
5089,7.840,2.342
5090,7.843,2.467
5091,7.889,2.481
5092,7.887,2.501
5093,7.968,2.369
5094,8.080,2.416
5095,7.923,2.330
5096,7.925,2.377
5097,7.945,2.358
5098,8.125,2.394
5099,8.224,2.397
5100,8.126,2.465
5101,8.020,2.450
5102,7.936,2.425
5103,7.869,2.346
5104,8.003,2.423
5105,8.048,2.508
5106,7.936,2.343
5107,8.135,2.372
5108,7.977,2.361
5109,7.965,2.301
5110,7.886,2.288
5111,7.819,2.150
5112,7.823,2.259
5113,7.806,2.252
5114,7.847,2.382
5115,7.786,2.316
5116,7.820,2.284
5117,7.704,2.214
5118,7.839,2.261
5119,7.790,2.321
5120,7.773,2.299
5121,7.643,2.256
5122,7.668,2.263
5123,7.836,2.229
5124,8.003,2.303
5125,7.914,2.287
5126,7.977,2.282
5127,8.131,2.279
5128,8.066,2.366
5129,8.247,2.371
5130,8.066,2.336
5131,8.204,2.370
5132,8.349,2.396
5133,8.222,2.351
5134,8.226,2.313
5135,8.292,2.369
5136,8.294,2.387
5137,7.973,2.312
5138,8.075,2.296
5139,8.044,2.380
5140,7.903,2.359
5141,7.706,2.387
5142,7.689,2.381
5143,7.793,2.344
5144,7.775,2.286
5145,7.773,2.357
5146,7.951,2.358
5147,7.965,2.310
5148,7.956,2.299
5149,8.159,2.294
5150,8.072,2.210
5151,8.071,2.401
5152,7.887,2.383
5153,7.797,2.336
5154,7.892,2.337
5155,8.013,2.582
5156,7.956,2.334
5157,8.026,2.422
5158,7.928,2.392
5159,7.823,2.342
5160,7.833,2.352
5161,7.896,2.436
5162,7.907,2.539
5163,7.965,2.416
5164,7.978,2.351
5165,7.998,2.375
5166,8.041,2.341
5167,7.979,2.320
5168,8.102,2.412
5169,8.119,2.364
5170,8.192,2.283
5171,8.183,2.359
5172,8.212,2.288
5173,8.164,2.332
5174,8.365,2.344
5175,8.322,2.374
5176,8.324,2.301
5177,8.423,2.306
5178,8.346,2.330
5179,8.318,2.357
5180,8.287,2.412
5181,8.257,2.416
5182,8.275,2.458
5183,8.281,2.348
5184,8.089,2.284
5185,8.108,2.254
5186,8.022,2.342
5187,8.080,2.284
5188,8.051,2.267
5189,7.953,2.335
5190,7.945,2.309
5191,7.993,2.392
5192,7.953,2.367
5193,7.886,2.280
5194,7.948,2.415
5195,7.877,2.362
5196,7.909,2.326
5197,8.116,2.301
5198,7.962,2.270
5199,7.940,2.351
5200,7.941,2.328
5201,8.017,2.304
5202,7.942,2.258
5203,8.006,2.318
5204,8.099,2.359
5205,8.100,2.361
5206,8.116,2.341
5207,8.085,2.359
5208,8.140,2.495
5209,8.009,2.402
5210,8.193,2.486
5211,7.993,2.393
5212,7.968,2.468
5213,8.018,2.518
5214,8.061,2.565
5215,7.920,2.483
5216,7.967,2.454
5217,7.840,2.443
5218,7.891,2.338
5219,7.824,2.258
5220,8.004,2.448
5221,7.954,2.454
5222,7.873,2.352
5223,8.067,2.261
5224,7.998,2.294
5225,7.953,2.308
5226,7.978,2.214
5227,8.151,2.314
5228,8.213,2.318
5229,8.075,2.298
5230,8.104,2.321
5231,8.094,2.218
5232,7.920,2.145
5233,7.896,2.324
5234,7.786,2.298
5235,7.892,2.369
5236,7.789,2.381
5237,7.747,2.415
5238,7.744,2.298
5239,7.802,2.378
5240,7.728,2.334
5241,7.804,2.408
5242,8.010,2.486
5243,8.011,2.490
5244,7.924,2.508
5245,7.868,2.497
5246,7.858,2.485
5247,7.816,2.453
5248,7.989,2.486
5249,8.003,2.466
5250,8.157,2.536
5251,8.252,2.493
5252,8.099,2.437
5253,8.177,2.504
5254,8.028,2.511
5255,8.016,2.521
5256,7.971,2.489
5257,8.065,2.410
5258,8.052,2.478
5259,7.886,2.439
5260,7.808,2.533
5261,7.934,2.413
5262,7.953,2.371
5263,7.858,2.502
5264,7.934,2.440
5265,7.884,2.460
5266,7.970,2.442
5267,8.090,2.486
5268,8.001,2.557
5269,8.006,2.467
5270,8.061,2.594
5271,8.139,2.487
5272,8.147,2.553
5273,8.166,2.459
5274,8.097,2.454
5275,8.101,2.448
5276,8.150,2.362
5277,8.058,2.414
5278,7.906,2.367
5279,7.901,2.396
5280,7.997,2.390
5281,7.950,2.532
5282,7.895,2.376
5283,7.777,2.440
5284,7.827,2.380
5285,7.985,2.420
5286,8.008,2.414
5287,7.977,2.416
5288,7.999,2.408
5289,8.084,2.503
5290,7.919,2.443
5291,8.119,2.439
5292,7.964,2.354
5293,7.928,2.399
5294,7.920,2.422
5295,7.969,2.523
5296,7.867,2.421
5297,7.981,2.481
5298,7.936,2.549
5299,8.012,2.444
5300,8.115,2.504
5301,7.915,2.433
5302,7.988,2.374
5303,7.963,2.462
5304,7.977,2.403
5305,7.802,2.528
5306,7.915,2.491
5307,7.907,2.453
5308,7.955,2.559
5309,7.802,2.516
5310,7.865,2.579
5311,7.864,2.481
5312,7.908,2.408
5313,7.842,2.399
5314,7.877,2.518
5315,7.785,2.380
5316,7.755,2.404
5317,7.843,2.414
5318,7.916,2.482
5319,7.883,2.492
5320,7.892,2.500
5321,7.911,2.526
5322,8.016,2.470
5323,7.916,2.441
5324,8.060,2.424
5325,8.030,2.371
5326,8.062,2.405
5327,8.173,2.488
5328,8.073,2.502
5329,8.098,2.381
5330,8.152,2.398
5331,8.054,2.440
5332,8.022,2.448
5333,8.254,2.500
5334,8.293,2.499
5335,8.284,2.594
5336,8.108,2.546
5337,8.089,2.484
5338,8.214,2.467
5339,8.157,2.433
5340,8.176,2.477
5341,8.201,2.547
5342,8.214,2.452
5343,8.043,2.520
5344,8.006,2.461
5345,7.935,2.475
5346,7.987,2.461
5347,7.920,2.468
5348,8.084,2.465
5349,8.137,2.532
5350,8.005,2.427
5351,8.020,2.435
5352,8.133,2.598
5353,8.344,2.595
5354,8.254,2.350
5355,8.287,2.513
5356,8.177,2.664
5357,8.234,2.606
5358,8.151,2.462
5359,8.016,2.429
5360,8.175,2.506
5361,8.259,2.548
5362,8.252,2.580
5363,8.216,2.565
5364,8.194,2.550
5365,8.220,2.588
5366,8.223,2.695
5367,8.200,2.651
5368,8.125,2.572
5369,8.047,2.607
5370,8.338,2.708
5371,8.329,2.494
5372,8.483,2.682
5373,8.348,2.651
5374,8.307,2.586
5375,8.409,2.553
5376,8.368,2.616
5377,8.323,2.455
5378,8.446,2.535
5379,8.351,2.587
5380,8.202,2.542
5381,8.342,2.580
5382,8.291,2.548
5383,8.279,2.506
5384,8.319,2.485
5385,8.396,2.370
5386,8.465,2.455
5387,8.404,2.564
5388,8.450,2.547
5389,8.321,2.607
5390,8.560,2.677
5391,8.509,2.763
5392,8.473,2.681
5393,8.317,2.635
5394,8.361,2.714
5395,8.250,2.574
5396,8.266,2.644
5397,8.383,2.631
5398,8.373,2.595
5399,8.491,2.518
5400,8.373,2.642
5401,8.421,2.640
5402,8.259,2.661
5403,8.334,2.675
5404,8.388,2.635
5405,8.387,2.565
5406,8.497,2.504
5407,8.584,2.611
5408,8.480,2.628
5409,8.572,2.719
5410,8.647,2.648
5411,8.729,2.739
5412,8.723,2.790
5413,8.688,2.644
5414,8.478,2.732
5415,8.534,2.785
5416,8.551,2.855
5417,8.376,2.755
5418,8.350,2.698
5419,8.304,2.694
5420,8.288,2.633
5421,8.101,2.636
5422,8.242,2.658
5423,8.217,2.626
5424,8.342,2.742
5425,8.349,2.791
5426,8.609,2.716
5427,8.491,2.644
5428,8.494,2.575
5429,8.450,2.616
5430,8.549,2.626
5431,8.583,2.585
5432,8.530,2.684
5433,8.548,2.650
5434,8.620,2.707
5435,8.546,2.603
5436,8.644,2.719
5437,8.656,2.692
5438,8.516,2.639
5439,8.492,2.603
5440,8.306,2.617
5441,8.174,2.467
5442,8.207,2.673
5443,8.308,2.639
5444,8.340,2.772
5445,8.438,2.659
5446,8.274,2.634
5447,8.202,2.546
5448,8.295,2.705
5449,8.300,2.583
5450,8.280,2.528
5451,8.272,2.614
5452,8.367,2.674
5453,8.422,2.804
5454,8.208,2.759
5455,8.172,2.804
5456,8.079,2.760
5457,8.122,2.833
5458,7.939,2.780
5459,8.071,2.841
5460,8.142,2.914
5461,8.185,2.883
5462,8.144,2.785
5463,8.019,2.745
5464,8.214,2.827
5465,8.086,2.772
5466,8.008,2.651
5467,8.148,2.729
5468,8.318,2.784
5469,8.287,2.829
5470,8.302,2.747
5471,8.326,2.832
5472,8.310,2.568
5473,8.280,2.672
5474,8.412,2.764
5475,8.350,2.595
5476,8.294,2.639
5477,8.202,2.652
5478,8.141,2.580
5479,8.034,2.585
5480,8.090,2.685
5481,8.262,2.586
5482,8.177,2.447
5483,8.258,2.601
5484,8.315,2.667
5485,8.208,2.594
5486,8.355,2.659
5487,8.184,2.609
5488,8.274,2.654
5489,8.301,2.767
5490,8.255,2.729
5491,8.287,2.651
5492,8.399,2.746
5493,8.372,2.682
5494,8.456,2.759
5495,8.553,2.788
5496,8.424,2.674
5497,8.369,2.678
5498,8.415,2.643
5499,8.430,2.702
5500,8.456,2.797
5501,8.396,2.854
5502,8.428,2.696
5503,8.478,2.831
5504,8.547,2.776
5505,8.452,2.788
5506,8.460,2.815
5507,8.398,2.850
5508,8.388,2.796
5509,8.469,2.771
5510,8.418,2.691
5511,8.395,2.697
5512,8.363,2.704
5513,8.367,2.526
5514,8.390,2.601
5515,8.466,2.653
5516,8.433,2.550
5517,8.312,2.524
5518,8.286,2.502
5519,8.243,2.515
5520,8.138,2.451
5521,8.301,2.565
5522,8.473,2.631
5523,8.359,2.553
5524,8.186,2.552
5525,8.238,2.651
5526,8.339,2.724
5527,8.309,2.714
5528,8.315,2.642
5529,8.248,2.621
5530,8.236,2.607
5531,8.238,2.630
5532,8.310,2.614
5533,8.363,2.502
5534,8.230,2.581
5535,8.299,2.674
5536,8.292,2.489
5537,8.272,2.563
5538,8.168,2.521
5539,8.131,2.423
5540,8.077,2.501
5541,8.142,2.460
5542,8.050,2.401
5543,8.160,2.562
5544,8.091,2.480
5545,8.154,2.460
5546,8.117,2.389
5547,8.215,2.493
5548,8.232,2.537
5549,8.230,2.513
5550,8.122,2.429
5551,8.114,2.429
5552,8.131,2.353
5553,8.037,2.289
5554,8.066,2.292
5555,8.054,2.439
5556,8.203,2.467
5557,8.225,2.466
5558,8.171,2.442
5559,8.241,2.435
5560,8.183,2.572
5561,8.129,2.457
5562,8.296,2.506
5563,8.244,2.413
5564,8.106,2.367
5565,8.081,2.353
5566,8.083,2.503
5567,8.072,2.395
5568,8.195,2.485
5569,8.254,2.537
5570,8.154,2.556
5571,8.168,2.508
5572,8.173,2.577
5573,8.227,2.674
5574,8.317,2.527
5575,8.278,2.445
5576,8.230,2.551
5577,8.172,2.419
5578,8.280,2.645
5579,8.141,2.433
5580,8.131,2.554
5581,8.071,2.446
5582,8.067,2.430
5583,8.010,2.626
5584,8.064,2.640
5585,8.211,2.586
5586,8.298,2.566
5587,8.300,2.510
5588,8.089,2.466
5589,7.999,2.485
5590,8.029,2.428
5591,8.117,2.546
5592,8.104,2.532
5593,8.141,2.540
5594,8.169,2.544
5595,8.234,2.465
5596,8.022,2.450
5597,8.032,2.407
5598,7.940,2.418
5599,8.135,2.489
5600,8.176,2.533
5601,8.113,2.420
5602,8.181,2.503
5603,8.131,2.356
5604,8.151,2.447
5605,8.200,2.468
5606,8.138,2.488
5607,7.993,2.451
5608,7.933,2.467
5609,8.061,2.516
5610,8.019,2.594
5611,7.996,2.553
5612,8.021,2.502
5613,7.910,2.454
5614,7.886,2.397
5615,7.818,2.414
5616,7.852,2.451
5617,7.855,2.457
5618,7.910,2.406
5619,7.817,2.381
5620,7.787,2.359
5621,7.898,2.228
5622,7.988,2.312
5623,7.910,2.275
5624,8.024,2.362
5625,7.907,2.395
5626,7.947,2.351
5627,7.967,2.373
5628,8.180,2.378
5629,8.126,2.433
5630,8.168,2.500
5631,8.052,2.471
5632,7.994,2.577
5633,7.974,2.528
5634,7.903,2.355
5635,8.028,2.456
5636,8.026,2.418
5637,8.055,2.461
5638,7.964,2.462
5639,8.028,2.439
5640,7.964,2.481
5641,8.015,2.425
5642,7.975,2.498
5643,8.140,2.483
5644,8.258,2.608
5645,8.209,2.574
5646,8.224,2.501
5647,7.996,2.455
5648,8.188,2.540
5649,8.342,2.638
5650,8.272,2.567
5651,8.483,2.574
5652,8.417,2.454
5653,8.485,2.603
5654,8.341,2.504
5655,8.372,2.487
5656,8.354,2.541
5657,8.273,2.466
5658,8.303,2.609
5659,8.342,2.516
5660,8.321,2.541
5661,8.305,2.479
5662,8.422,2.422
5663,8.451,2.477
5664,8.502,2.482
5665,8.506,2.474
5666,8.397,2.498
5667,8.617,2.414
5668,8.508,2.452
5669,8.460,2.447
5670,8.396,2.358
5671,8.265,2.448
5672,8.200,2.478
5673,8.213,2.479
5674,8.096,2.588
5675,8.176,2.558
5676,8.046,2.697
5677,8.067,2.576
5678,8.077,2.595
5679,8.054,2.611
5680,8.113,2.498
5681,8.177,2.480
5682,7.989,2.472
5683,7.930,2.552
5684,7.791,2.456
5685,7.815,2.473
5686,7.884,2.542
5687,7.828,2.511
5688,7.804,2.577
5689,7.935,2.468
5690,8.022,2.567
5691,8.064,2.589
5692,7.964,2.560
5693,7.993,2.495
5694,7.996,2.498
5695,7.961,2.611
5696,8.073,2.486
5697,8.163,2.522
5698,8.041,2.400
5699,8.175,2.462
5700,8.075,2.408
5701,8.230,2.561
5702,8.100,2.536
5703,8.046,2.671
5704,8.052,2.679
5705,8.081,2.712
5706,8.013,2.614
5707,7.986,2.588
5708,7.976,2.534
5709,7.941,2.433
5710,7.934,2.459
5711,8.077,2.399
5712,8.024,2.499
5713,8.184,2.571
5714,8.090,2.474
5715,8.271,2.405
5716,8.255,2.389
5717,8.120,2.478
5718,8.184,2.520
5719,8.156,2.475
5720,8.050,2.540
5721,7.968,2.371
5722,7.797,2.505
5723,7.740,2.470
5724,7.682,2.484
5725,7.651,2.440
5726,7.711,2.563
5727,7.696,2.516
5728,7.685,2.495
5729,7.744,2.526
5730,7.793,2.549
5731,7.757,2.493
5732,7.743,2.537
5733,7.795,2.521
5734,7.869,2.572
5735,7.691,2.656
5736,7.701,2.565
5737,7.678,2.597
5738,7.703,2.458
5739,7.553,2.511
5740,7.566,2.532
5741,7.685,2.498
5742,7.767,2.584
5743,7.785,2.556
5744,7.851,2.483
5745,7.708,2.583
5746,7.737,2.662
5747,7.658,2.561
5748,7.624,2.689
5749,7.730,2.640
5750,7.796,2.598
5751,7.851,2.668
5752,7.815,2.600
5753,7.764,2.660
5754,7.783,2.653
5755,7.800,2.652
5756,7.833,2.623
5757,7.902,2.488
5758,7.877,2.504
5759,7.958,2.540
5760,7.849,2.533
5761,7.846,2.515
5762,7.842,2.582
5763,7.793,2.520
5764,7.692,2.534
5765,7.751,2.536
5766,7.952,2.542
5767,7.943,2.457
5768,7.833,2.509
5769,7.944,2.456
5770,7.850,2.415
5771,7.744,2.302
5772,7.784,2.431
5773,7.788,2.362
5774,7.866,2.432
5775,7.898,2.370
5776,7.919,2.289
5777,7.910,2.267
5778,8.018,2.299
5779,8.074,2.330
5780,8.135,2.443
5781,8.040,2.340
5782,8.086,2.385
5783,7.943,2.411
5784,7.792,2.285
5785,7.803,2.290
5786,7.962,2.302
5787,7.945,2.367
5788,8.077,2.360
5789,8.045,2.368
5790,7.964,2.310
5791,7.920,2.347
5792,7.956,2.361
5793,7.793,2.288
5794,7.714,2.434
5795,7.891,2.449
5796,7.962,2.453
5797,7.938,2.389
5798,7.915,2.224
5799,7.970,2.378
5800,8.072,2.328
5801,8.030,2.315
5802,7.957,2.461
5803,7.940,2.355
5804,7.981,2.331
5805,7.988,2.263
5806,8.098,2.395
5807,8.071,2.385
5808,8.047,2.360
5809,8.100,2.313
5810,8.123,2.393
5811,8.138,2.322
5812,8.101,2.358
5813,8.184,2.353
5814,8.136,2.386
5815,8.134,2.452
5816,8.140,2.450
5817,8.230,2.425
5818,8.022,2.438
5819,7.946,2.450
5820,7.943,2.289
5821,8.012,2.418
5822,8.049,2.419
5823,8.222,2.365
5824,8.164,2.346
5825,8.026,2.339
5826,8.042,2.429
5827,8.057,2.369
5828,8.276,2.516
5829,8.139,2.502
5830,8.144,2.404
5831,8.091,2.449
5832,7.899,2.399
5833,7.920,2.345
5834,7.798,2.361
5835,7.742,2.317
5836,7.794,2.282
5837,7.749,2.249
5838,7.609,2.350
5839,7.607,2.485
5840,7.502,2.339
5841,7.538,2.315
5842,7.427,2.332
5843,7.438,2.308
5844,7.331,2.268
5845,7.277,2.317
5846,7.271,2.315
5847,7.357,2.273
5848,7.461,2.393
5849,7.512,2.415
5850,7.713,2.468
5851,7.546,2.341
5852,7.581,2.434
5853,7.539,2.391
5854,7.680,2.514
5855,7.539,2.373
5856,7.380,2.380
5857,7.510,2.394
5858,7.621,2.366
5859,7.575,2.404
5860,7.623,2.311
5861,7.631,2.264
5862,7.705,2.233
5863,7.649,2.394
5864,7.866,2.306
5865,7.650,2.330
5866,7.707,2.262
5867,7.774,2.307
5868,7.499,2.299
5869,7.731,2.375
5870,7.605,2.395
5871,7.535,2.335
5872,7.472,2.305
5873,7.559,2.401
5874,7.516,2.367
5875,7.527,2.361
5876,7.535,2.381
5877,7.530,2.286
5878,7.638,2.345
5879,7.568,2.332
5880,7.610,2.352
5881,7.647,2.341
5882,7.570,2.307
5883,7.580,2.254
5884,7.737,2.273
5885,7.792,2.230
5886,7.722,2.248
5887,7.598,2.117
5888,7.629,2.092
5889,7.582,2.169
5890,7.457,2.127
5891,7.621,2.167
5892,7.573,2.072
5893,7.583,2.092
5894,7.513,2.139
5895,7.486,2.278
5896,7.417,2.247
5897,7.368,2.196
5898,7.422,2.271
5899,7.491,2.203
5900,7.418,2.199
5901,7.488,2.252
5902,7.493,2.266
5903,7.492,2.198
5904,7.563,2.274
5905,7.520,2.347
5906,7.656,2.369
5907,7.588,2.310
5908,7.486,2.319
5909,7.557,2.331
5910,7.547,2.140
5911,7.539,2.162
5912,7.609,2.360
5913,7.561,2.274
5914,7.507,2.313
5915,7.595,2.251
5916,7.630,2.306
5917,7.691,2.261
5918,7.689,2.308
5919,7.688,2.237
5920,7.677,2.248
5921,7.584,2.366
5922,7.770,2.365
5923,7.635,2.262
5924,7.588,2.276
5925,7.578,2.197
5926,7.762,2.302
5927,7.730,2.348
5928,7.774,2.237
5929,7.828,2.270
5930,7.803,2.328
5931,7.961,2.379
5932,7.794,2.420
5933,7.665,2.378
5934,7.796,2.326
5935,7.786,2.271
5936,7.643,2.250
5937,7.708,2.268
5938,7.725,2.225
5939,7.766,2.354
5940,7.673,2.192
5941,7.710,2.205
5942,7.896,2.358
5943,7.786,2.348
5944,7.794,2.300
5945,7.726,2.281
5946,7.820,2.294
5947,7.810,2.224
5948,7.735,2.135
5949,7.904,2.213
5950,7.989,2.183
5951,7.869,2.290
5952,7.956,2.281
5953,7.813,2.326
5954,8.026,2.322
5955,8.090,2.287
5956,8.054,2.274
5957,8.015,2.263
5958,8.072,2.232
5959,8.242,2.256
5960,8.238,2.174
5961,8.351,2.278
5962,8.263,2.230
5963,8.351,2.269
5964,8.083,2.353
5965,8.046,2.187
5966,8.140,2.227
5967,8.124,2.237
5968,8.282,2.285
5969,8.252,2.295
5970,8.289,2.380
5971,8.231,2.272
5972,8.167,2.361
5973,8.175,2.288
5974,8.114,2.341
5975,8.245,2.335
5976,8.309,2.334
5977,8.385,2.305
5978,8.423,2.349
5979,8.366,2.278
5980,8.364,2.280
5981,8.337,2.222
5982,8.310,2.304
5983,8.291,2.301
5984,8.416,2.338
5985,8.426,2.242
5986,8.301,2.341
5987,8.380,2.355
5988,8.318,2.382
5989,8.276,2.366
5990,8.276,2.313
5991,8.173,2.289
5992,8.056,2.196
5993,8.062,2.204
5994,8.170,2.223
5995,8.191,2.246
5996,8.096,2.350
5997,8.146,2.371
5998,8.286,2.428
5999,8.153,2.350
6000,8.347,2.392
6001,8.362,2.397
6002,8.248,2.371
6003,8.218,2.395
6004,8.270,2.347
6005,8.389,2.374
6006,8.248,2.364
6007,8.189,2.412
6008,8.220,2.427
6009,8.125,2.414
6010,8.059,2.429
6011,8.108,2.315
6012,8.070,2.310
6013,8.078,2.387
6014,7.966,2.307
6015,8.050,2.364
6016,8.004,2.316
6017,8.070,2.374
6018,8.166,2.274
6019,8.277,2.338
6020,8.248,2.326
6021,8.152,2.243
6022,8.147,2.320
6023,8.151,2.454
6024,8.032,2.418
6025,8.019,2.410
6026,7.977,2.357
6027,8.017,2.366
6028,7.855,2.338
6029,7.878,2.364
6030,7.928,2.418
6031,7.944,2.458
6032,7.830,2.281
6033,7.858,2.366
6034,7.885,2.379
6035,7.682,2.398
6036,7.698,2.371
6037,7.588,2.367
6038,7.573,2.359
6039,7.682,2.362
6040,7.739,2.318
6041,7.885,2.350
6042,7.919,2.321
6043,8.033,2.371
6044,8.051,2.452
6045,8.122,2.419
6046,8.081,2.385
6047,8.103,2.523
6048,8.072,2.543
6049,8.131,2.556
6050,8.159,2.570
6051,8.334,2.518
6052,8.332,2.587
6053,8.309,2.535
6054,8.330,2.565
6055,8.293,2.574
6056,8.275,2.620
6057,8.308,2.551
6058,8.249,2.462
6059,8.219,2.469
6060,8.094,2.513
6061,8.163,2.583
6062,8.094,2.492
6063,8.099,2.481
6064,8.206,2.540
6065,8.136,2.534
6066,8.216,2.436
6067,8.162,2.411
6068,8.205,2.448
6069,8.198,2.495
6070,8.188,2.474
6071,8.215,2.516
6072,8.182,2.512
6073,8.249,2.641
6074,8.067,2.597
6075,8.176,2.706
6076,8.145,2.777
6077,8.185,2.743
6078,8.229,2.809
6079,8.443,2.866
6080,8.275,2.895
6081,8.319,2.884
6082,8.281,2.718
6083,8.324,2.780
6084,8.304,2.856
6085,8.345,2.884
6086,8.191,2.758
6087,8.263,2.794
6088,8.279,2.841
6089,8.342,2.748
6090,8.288,2.686
6091,8.396,2.649
6092,8.441,2.702
6093,8.581,2.688
6094,8.483,2.788
6095,8.478,2.822
6096,8.479,2.875
6097,8.347,2.784
6098,8.466,2.743
6099,8.366,2.754
6100,8.365,2.748
6101,8.353,2.762
6102,8.267,2.737
6103,8.385,2.869
6104,8.305,2.654
6105,8.371,2.750
6106,8.480,2.708
6107,8.469,2.920
6108,8.478,2.867
6109,8.566,2.881
6110,8.673,2.807
6111,8.575,2.864
6112,8.510,2.820
6113,8.520,2.728
6114,8.547,2.698
6115,8.472,2.827
6116,8.415,2.837
6117,8.636,2.852
6118,8.523,3.013
6119,8.561,2.864
6120,8.422,2.923
6121,8.314,2.835
6122,8.481,2.840
6123,8.372,2.818
6124,8.439,2.864
6125,8.367,2.882
6126,8.392,2.898
6127,8.410,2.932
6128,8.296,2.870
6129,8.382,2.900
6130,8.492,2.966
6131,8.481,2.958
6132,8.535,2.965
6133,8.512,2.876
6134,8.372,2.947
6135,8.367,2.942
6136,8.331,2.803
6137,8.298,2.825
6138,8.145,2.831
6139,8.185,2.818
6140,8.161,2.815
6141,8.316,2.792
6142,8.254,2.786
6143,8.229,2.875
6144,8.228,2.926
6145,8.232,2.926
6146,8.260,2.996
6147,8.252,2.951
6148,8.323,3.052
6149,8.359,3.069
6150,8.274,2.952
6151,8.398,2.939
6152,8.498,2.958
6153,8.465,2.918
6154,8.538,2.960
6155,8.350,2.979
6156,8.317,2.944
6157,8.382,2.901
6158,8.346,2.894
6159,8.356,3.075
6160,8.356,2.928
6161,8.384,2.938
6162,8.483,2.982
6163,8.398,2.824
6164,8.393,2.999
6165,8.292,3.021
6166,8.257,3.015
6167,8.389,2.939
6168,8.414,2.882
6169,8.458,2.797
6170,8.416,2.850
6171,8.428,2.950
6172,8.520,2.848
6173,8.495,2.842
6174,8.402,2.758
6175,8.463,2.701
6176,8.528,2.708
6177,8.597,2.818
6178,8.663,2.788
6179,8.593,2.838
6180,8.670,2.934
6181,8.722,2.954
6182,8.534,2.858
6183,8.497,2.940
6184,8.520,2.895
6185,8.556,2.977
6186,8.586,2.965
6187,8.670,2.903
6188,8.610,2.892
6189,8.578,2.819
6190,8.747,2.866
6191,8.516,2.884
6192,8.463,2.901
6193,8.410,2.888
6194,8.423,2.984
6195,8.318,2.953
6196,8.430,3.001
6197,8.459,3.015
6198,8.329,2.978
6199,8.322,2.930
6200,8.418,3.007
6201,8.374,3.052
6202,8.280,3.008
6203,8.161,2.853
6204,8.137,2.734
6205,8.271,2.810
6206,8.292,2.861
6207,8.367,2.996
6208,8.322,3.016
6209,8.276,3.135
6210,8.231,3.101
6211,8.194,3.093
6212,8.197,3.106
6213,8.241,3.113
6214,8.305,3.035
6215,8.320,3.082
6216,8.383,3.131
6217,8.323,2.969
6218,8.443,2.977
6219,8.344,3.060
6220,8.270,2.971
6221,8.286,2.771
6222,8.292,2.920
6223,8.366,2.823
6224,8.424,2.914
6225,8.293,2.848
6226,8.318,2.839
6227,8.293,2.850
6228,8.337,2.875
6229,8.449,2.862
6230,8.310,2.716
6231,8.352,2.620
6232,8.309,2.667
6233,8.368,2.636
6234,8.288,2.700
6235,8.208,2.791
6236,8.208,2.698
6237,8.401,2.839
6238,8.340,2.826
6239,8.569,2.945
6240,8.556,2.873
6241,8.498,2.832
6242,8.374,2.706
6243,8.233,2.827
6244,8.143,2.865
6245,8.172,2.777
6246,8.232,2.863
6247,8.338,2.877
6248,8.368,3.027
6249,8.399,2.994
6250,8.384,2.912
6251,8.483,2.812
6252,8.461,2.837
6253,8.476,2.856
6254,8.279,2.800
6255,8.349,2.738
6256,8.221,2.697
6257,8.258,2.860
6258,8.254,2.713
6259,8.258,2.724
6260,8.298,2.838
6261,8.070,2.776
6262,8.103,2.661
6263,8.087,2.653
6264,7.943,2.573
6265,7.991,2.659
6266,8.080,2.740
6267,8.082,2.677
6268,8.171,2.767
6269,8.158,2.741
6270,8.163,2.708
6271,8.082,2.742
6272,8.288,2.738
6273,8.339,2.903
6274,8.284,2.822
6275,8.360,2.892
6276,8.335,2.790
6277,8.310,2.827
6278,8.320,2.961
6279,8.294,2.940
6280,8.363,2.902
6281,8.385,2.950
6282,8.387,2.972
6283,8.442,2.876
6284,8.380,2.957
6285,8.317,2.943
6286,8.298,2.956
6287,8.568,3.007
6288,8.522,2.913
6289,8.666,2.959
6290,8.693,2.954
6291,8.628,3.001
6292,8.577,3.057
6293,8.576,2.957
6294,8.601,3.159
6295,8.643,3.120
6296,8.742,3.114
6297,8.727,3.081
6298,8.587,2.978
6299,8.570,2.903
6300,8.564,3.000
6301,8.455,3.051
6302,8.429,2.902
6303,8.567,2.981
6304,8.537,2.920
6305,8.505,2.815
6306,8.439,2.751
6307,8.501,2.807
6308,8.648,2.771
6309,8.672,2.861
6310,8.581,2.918
6311,8.602,2.975
6312,8.726,2.968
6313,8.779,2.934
6314,8.691,2.983
6315,8.814,2.921
6316,8.881,3.001
6317,8.870,3.017
6318,8.860,2.934
6319,8.864,2.967
6320,8.917,3.064
6321,8.785,2.923
6322,8.926,2.973
6323,8.923,2.914
6324,8.654,2.839
6325,8.737,2.934
6326,8.509,2.976
6327,8.579,3.033
6328,8.306,2.873
6329,8.350,2.913
6330,8.392,2.948
6331,8.460,3.055
6332,8.409,2.874
6333,8.312,2.858
6334,8.422,2.847
6335,8.391,2.871
6336,8.358,2.826
6337,8.412,2.874
6338,8.443,2.847
6339,8.577,2.939
6340,8.675,2.949
6341,8.799,2.932
6342,8.824,2.846
6343,8.807,2.837
6344,8.776,2.901
6345,8.750,2.965
6346,8.762,2.886
6347,8.731,2.838
6348,8.884,3.042
6349,8.729,2.864
6350,8.657,3.027
6351,8.623,3.040
6352,8.805,3.148
6353,8.624,3.076
6354,8.629,2.952
6355,8.708,3.042
6356,8.776,3.168
6357,8.681,3.116
6358,8.608,2.979
6359,8.590,2.853
6360,8.611,2.928
6361,8.529,2.984
6362,8.437,3.018
6363,8.337,2.935
6364,8.351,2.865
6365,8.618,2.988
6366,8.421,3.041
6367,8.350,2.788
6368,8.345,2.930
6369,8.130,2.743
6370,8.254,2.762
6371,8.244,2.806
6372,8.217,2.905
6373,8.127,2.782
6374,8.158,2.852
6375,8.326,2.953
6376,8.250,2.796
6377,8.404,2.893
6378,8.478,2.957
6379,8.557,2.964
6380,8.546,2.743
6381,8.586,2.785
6382,8.480,2.812
6383,8.500,2.916
6384,8.487,2.774
6385,8.507,2.862
6386,8.604,2.763
6387,8.594,2.681
6388,8.667,2.923
6389,8.721,2.980
6390,8.823,2.815
6391,8.832,2.682
6392,8.764,2.815
6393,8.925,2.704
6394,8.884,2.735
6395,8.940,2.875
6396,9.056,2.932
6397,9.151,2.893
6398,9.196,2.922
6399,8.948,2.883
6400,8.973,2.947
6401,9.010,2.981
6402,8.695,2.871
6403,8.783,3.036
6404,8.676,2.887
6405,8.661,3.010
6406,8.798,3.125
6407,8.863,3.084
6408,8.763,3.064
6409,8.726,3.083
6410,8.473,2.901
6411,8.533,3.008
6412,8.609,3.080
6413,8.623,3.036
6414,8.570,3.106
6415,8.660,3.070
6416,8.588,3.100
6417,8.571,2.972
6418,8.591,2.918
6419,8.581,2.812
6420,8.603,2.942
6421,8.640,2.987
6422,8.543,3.012
6423,8.533,2.972
6424,8.710,3.086
6425,8.583,3.007
6426,8.543,2.943
6427,8.541,2.835
6428,8.425,2.855
6429,8.627,2.869
6430,8.624,2.959
6431,8.699,3.010
6432,8.593,2.884
6433,8.641,2.896
6434,8.664,2.878
6435,8.438,2.845
6436,8.403,2.700
6437,8.522,2.846
6438,8.518,2.992
6439,8.630,3.021
6440,8.690,3.012
6441,8.553,3.069
6442,8.566,3.021
6443,8.712,3.105
6444,8.672,3.138
6445,8.712,3.135
6446,8.545,3.044
6447,8.607,3.037
6448,8.556,2.949
6449,8.598,3.097
6450,8.713,3.189
6451,8.676,3.037
6452,8.672,3.114
6453,8.713,3.123
6454,8.722,3.107
6455,8.555,3.080
6456,8.701,3.043
6457,8.645,2.923
6458,8.719,3.072
6459,8.683,2.990
6460,8.766,3.001
6461,8.657,2.933
6462,8.626,2.936
6463,8.563,2.842
6464,8.565,2.884
6465,8.530,2.904
6466,8.449,2.942
6467,8.593,3.046
6468,8.590,2.940
6469,8.714,3.036
6470,8.746,2.931
6471,8.801,2.827
6472,8.712,2.834
6473,8.846,2.977
6474,8.914,2.828
6475,8.857,2.867
6476,9.014,2.917
6477,8.899,2.864
6478,8.893,2.872
6479,8.889,2.860
6480,8.798,2.860
6481,9.070,2.833
6482,9.014,2.761
6483,8.942,2.750
6484,8.765,2.704
6485,8.731,2.775
6486,8.759,2.636
6487,9.064,2.851
6488,8.949,2.801
6489,8.880,2.695
6490,8.733,2.628
6491,8.671,2.554
6492,8.778,2.581
6493,8.573,2.685
6494,8.781,2.648
6495,8.761,2.656
6496,8.706,2.707
6497,8.688,2.708
6498,8.801,2.869
6499,8.636,2.686
6500,8.837,2.755
6501,8.755,2.782
6502,8.774,2.700
6503,8.793,2.736
6504,8.830,2.850
6505,8.665,2.796
6506,8.744,2.772
6507,8.739,2.721
6508,8.744,2.712
6509,8.920,2.791
6510,8.863,2.810
6511,8.999,2.731
6512,8.941,2.827
6513,9.062,2.718
6514,8.952,2.661
6515,8.941,2.696
6516,8.892,2.637
6517,8.946,2.647
6518,8.952,2.674
6519,9.084,2.801
6520,9.071,2.599
6521,8.903,2.427
6522,8.915,2.554
6523,8.858,2.553
6524,8.818,2.505
6525,8.806,2.509
6526,8.971,2.692
6527,8.884,2.605
6528,9.003,2.607
6529,9.157,2.547
6530,9.190,2.655
6531,9.149,2.692
6532,9.090,2.658
6533,9.002,2.640
6534,9.040,2.676
6535,9.067,2.631
6536,9.007,2.589
6537,9.039,2.532
6538,9.103,2.472
6539,8.906,2.414
6540,9.048,2.658
6541,9.000,2.545
6542,8.871,2.536
6543,8.977,2.678
6544,9.003,2.595
6545,8.949,2.519
6546,8.933,2.506
6547,9.041,2.569
6548,9.053,2.545
6549,8.875,2.531
6550,8.922,2.488
6551,8.923,2.538
6552,9.093,2.655
6553,9.114,2.599
6554,9.235,2.639
6555,9.199,2.609
6556,9.171,2.556
6557,9.231,2.715
6558,9.080,2.814
6559,9.052,2.649
6560,9.107,2.721
6561,9.092,2.665
6562,9.146,2.773
6563,9.179,2.753
6564,9.180,2.762
6565,9.276,2.836
6566,9.207,2.825
6567,9.263,2.778
6568,9.051,2.697
6569,9.104,2.799
6570,9.159,2.718
6571,9.283,2.805
6572,9.088,2.858
6573,9.267,2.935
6574,9.163,2.902
6575,9.001,2.903
6576,9.331,2.917
6577,9.232,2.810
6578,9.247,2.857
6579,9.183,2.814
6580,9.271,2.942
6581,9.142,2.921
6582,9.088,2.963
6583,9.080,2.876
6584,8.958,2.848
6585,8.985,2.930
6586,9.311,2.850
6587,9.109,2.773
6588,9.158,2.780
6589,9.090,2.734
6590,8.943,2.845
6591,8.987,2.708
6592,9.111,2.736
6593,8.976,2.665
6594,9.105,2.810
6595,9.112,2.860
6596,9.123,2.827
6597,9.008,2.643
6598,8.886,2.624
6599,8.967,2.552
6600,8.918,2.668
6601,8.962,2.648
6602,8.951,2.667
6603,8.894,2.703
6604,8.959,2.604
6605,8.983,2.640
6606,8.869,2.640
6607,8.924,2.679
6608,9.010,2.644
6609,9.057,2.595
6610,8.979,2.659
6611,8.976,2.668
6612,8.914,2.672
6613,9.092,2.859
6614,9.085,2.853
6615,9.081,2.694
6616,8.980,2.717
6617,9.037,2.633
6618,9.091,2.716
6619,9.113,2.739
6620,9.077,2.665
6621,9.014,2.680
6622,9.063,2.667
6623,9.129,2.753
6624,9.081,2.695
6625,9.016,2.779
6626,8.989,2.639
6627,8.933,2.683
6628,8.935,2.721
6629,8.961,2.865
6630,9.011,2.797
6631,9.099,2.847
6632,9.062,2.936
6633,9.038,3.030
6634,9.055,2.824
6635,9.082,2.904
6636,9.027,2.901
6637,9.053,2.785
6638,8.927,2.841
6639,8.909,2.851
6640,8.928,2.890
6641,9.045,2.910
6642,9.203,3.005
6643,9.214,2.964
6644,9.241,2.887
6645,9.111,2.947
6646,9.162,2.907
6647,9.261,3.028
6648,9.000,2.852
6649,9.088,3.054
6650,9.037,2.904
6651,8.862,2.789
6652,8.939,2.917
6653,8.872,3.041
6654,8.901,3.013
6655,8.793,2.863
6656,8.941,2.885
6657,9.075,3.092
6658,9.051,3.149
6659,9.111,3.126
6660,9.084,3.181
6661,9.028,3.073
6662,9.169,3.153
6663,9.200,3.108
6664,9.110,3.102
6665,9.078,2.953
6666,9.023,2.987
6667,8.879,2.992
6668,8.842,2.955
6669,8.927,3.013
6670,8.806,2.906
6671,8.730,3.071
6672,8.676,3.069
6673,8.739,3.138
6674,8.760,3.156
6675,8.793,3.215
6676,8.713,3.170
6677,8.746,3.116
6678,8.830,3.110
6679,8.685,2.918
6680,8.827,2.860
6681,8.799,2.716
6682,8.737,2.717
6683,8.884,2.804
6684,8.957,2.745
6685,8.993,2.814
6686,8.994,2.780
6687,8.954,2.849
6688,8.986,2.894
6689,8.994,2.889
6690,8.931,2.913
6691,8.960,2.868
6692,8.965,2.919
6693,8.919,2.857
6694,8.961,2.913
6695,9.087,2.902
6696,9.174,2.971
6697,9.223,3.020
6698,9.317,3.037
6699,9.324,3.033
6700,9.405,3.125
6701,9.345,3.124
6702,9.117,3.083
6703,9.127,2.963
6704,9.083,3.063
6705,9.152,2.980
6706,9.078,3.001
6707,9.046,3.031
6708,9.053,3.081
6709,9.124,3.088
6710,9.221,3.025
6711,9.231,2.970
6712,9.134,2.872
6713,9.121,2.981
6714,9.169,3.031
6715,9.010,2.943
6716,9.125,2.983
6717,9.272,2.984
6718,9.369,2.947
6719,9.458,2.997
6720,9.452,3.076
6721,9.408,3.056
6722,9.412,3.162
6723,9.447,3.132
6724,9.387,3.102
6725,9.322,3.005
6726,9.161,3.025
6727,9.107,3.006
6728,9.255,3.023
6729,9.238,3.107
6730,9.189,3.145
6731,9.168,3.045
6732,9.283,3.042
6733,9.212,2.970
6734,9.284,3.045
6735,9.293,3.076
6736,9.306,3.066
6737,9.312,2.898
6738,9.173,2.910
6739,9.220,2.972
6740,9.343,2.934
6741,9.284,2.840
6742,9.532,3.097
6743,9.484,2.973
6744,9.506,2.920
6745,9.568,2.856
6746,9.551,2.959
6747,9.647,2.989
6748,9.516,2.866
6749,9.465,2.857
6750,9.523,2.862
6751,9.573,2.988
6752,9.517,2.928
6753,9.457,3.022
6754,9.286,2.919
6755,9.463,2.860
6756,9.448,2.904
6757,9.407,2.893
6758,9.377,3.015
6759,9.355,2.942
6760,9.353,2.944
6761,9.443,3.040
6762,9.430,3.044
6763,9.433,2.992
6764,9.464,2.960
6765,9.447,2.964
6766,9.326,2.908
6767,9.340,3.023
6768,9.270,2.890
6769,9.135,2.945
6770,9.203,2.887
6771,9.243,2.769
6772,9.296,2.854
6773,9.173,2.845
6774,9.112,2.732
6775,9.115,2.848
6776,9.032,2.881
6777,8.891,2.912
6778,8.830,2.787
6779,8.785,2.812
6780,8.972,2.873
6781,8.976,2.763
6782,8.992,2.890
6783,8.840,2.841
6784,8.981,2.792
6785,8.934,2.830
6786,9.017,2.863
6787,8.955,2.797
6788,8.892,2.893
6789,8.947,2.947
6790,8.898,2.867
6791,8.776,2.851
6792,8.841,2.809
6793,8.866,2.889
6794,9.002,2.859
6795,8.995,2.914
6796,9.063,2.903
6797,9.139,2.936
6798,8.989,2.882
6799,8.931,2.935
6800,8.844,2.825
6801,8.953,2.833
6802,8.953,2.865
6803,8.955,2.871
6804,8.851,2.794
6805,8.835,2.852
6806,8.692,2.804
6807,8.749,2.670
6808,8.703,2.698
6809,8.859,2.751
6810,8.801,2.787
6811,8.937,2.766
6812,8.750,2.809
6813,8.996,2.879
6814,8.967,2.735
6815,9.012,2.674
6816,8.911,2.758
6817,8.806,2.732
6818,8.706,2.744
6819,8.935,2.758
6820,8.793,2.508
6821,8.937,2.641
6822,8.931,2.678
6823,8.949,2.753
6824,8.990,2.859
6825,9.065,2.726
6826,8.930,2.677
6827,8.869,2.566
6828,8.814,2.598
6829,8.783,2.579
6830,8.870,2.702
6831,8.988,2.749
6832,8.988,2.879
6833,9.054,2.741
6834,8.869,2.664
6835,8.823,2.811
6836,8.763,2.637
6837,8.861,2.715
6838,8.705,2.706
6839,8.797,2.706
6840,8.801,2.721
6841,8.901,2.695
6842,8.596,2.574
6843,8.629,2.496
6844,8.705,2.494
6845,8.798,2.520
6846,8.886,2.539
6847,8.781,2.491
6848,8.915,2.539
6849,9.119,2.548
6850,9.030,2.610
6851,9.109,2.612
6852,9.005,2.612
6853,9.039,2.557
6854,9.097,2.628
6855,9.021,2.695
6856,8.997,2.734
6857,8.958,2.648
6858,9.012,2.606
6859,9.280,2.729
6860,9.276,2.816
6861,9.211,2.803
6862,9.081,2.753
6863,9.237,2.724
6864,9.181,2.758
6865,9.276,2.918
6866,9.343,3.075
6867,9.197,2.865
6868,9.205,2.990
6869,9.227,2.934
6870,9.372,3.067
6871,9.311,2.851
6872,9.293,2.934
6873,9.139,2.774
6874,9.037,2.813
6875,9.159,2.941
6876,9.185,2.761
6877,9.263,2.769
6878,9.359,2.921
6879,9.123,2.938
6880,8.930,2.821
6881,8.921,2.658
6882,8.852,2.619
6883,8.885,2.584
6884,8.787,2.559
6885,8.712,2.613
6886,8.798,2.601
6887,8.985,2.655
6888,8.942,2.627
6889,8.895,2.654
6890,8.837,2.540
6891,8.898,2.546
6892,8.869,2.556
6893,8.843,2.608
6894,8.815,2.510
6895,8.939,2.522
6896,9.007,2.577
6897,8.905,2.568
6898,8.891,2.626
6899,8.808,2.593
6900,8.872,2.608
6901,8.824,2.530
6902,8.878,2.604
6903,8.923,2.644
6904,8.935,2.632
6905,8.873,2.697
6906,8.996,2.774
6907,9.001,2.668
6908,9.058,2.694
6909,8.963,2.651
6910,8.986,2.745
6911,8.824,2.787
6912,8.745,2.727
6913,8.698,2.610
6914,8.679,2.566
6915,8.792,2.569
6916,8.823,2.536
6917,8.941,2.631
6918,8.940,2.520
6919,8.868,2.613
6920,8.968,2.654
6921,8.982,2.637
6922,9.106,2.720
6923,9.086,2.746
6924,8.970,2.680
6925,9.109,2.733
6926,9.265,2.801
6927,9.198,2.706
6928,9.319,2.739
6929,9.281,2.735
6930,9.256,2.718
6931,9.222,2.671
6932,9.128,2.666
6933,8.983,2.661
6934,9.132,2.627
6935,9.219,2.629
6936,9.169,2.585
6937,9.178,2.584
6938,9.342,2.670
6939,9.331,2.683
6940,9.210,2.604
6941,9.178,2.663
6942,9.113,2.590
6943,9.287,2.556
6944,9.219,2.568
6945,9.294,2.658
6946,9.247,2.696
6947,9.278,2.716
6948,9.243,2.667
6949,9.344,2.771
6950,9.284,2.738
6951,9.215,2.748
6952,9.383,2.757
6953,9.371,2.682
6954,9.177,2.630
6955,9.242,2.626
6956,9.366,2.683
6957,9.243,2.701
6958,9.267,2.590
6959,9.358,2.648
6960,9.451,2.599
6961,9.316,2.585
6962,9.518,2.694
6963,9.505,2.738
6964,9.575,2.669
6965,9.591,2.703
6966,9.529,2.682
6967,9.360,2.593
6968,9.400,2.668
6969,9.601,2.628
6970,9.498,2.649
6971,9.617,2.600
6972,9.509,2.651
6973,9.686,2.782
6974,9.702,2.632
6975,9.716,2.616
6976,9.660,2.616
6977,9.677,2.668
6978,9.600,2.676
6979,9.516,2.702
6980,9.516,2.759
6981,9.500,2.646
6982,9.575,2.855
6983,9.485,2.702
6984,9.357,2.636
6985,9.216,2.644
6986,9.066,2.599
6987,9.069,2.643
6988,9.084,2.451
6989,8.960,2.551
6990,9.034,2.641
6991,9.045,2.576
6992,9.276,2.726
6993,9.135,2.632
6994,9.124,2.666
6995,9.217,2.604
6996,9.197,2.601
6997,9.304,2.745
6998,9.267,2.691
6999,9.364,2.810
7000,9.425,2.772
7001,9.486,2.781
7002,9.330,2.667
7003,9.188,2.625
7004,9.222,2.620
7005,9.270,2.721
7006,9.308,2.700
7007,9.317,2.692
7008,9.423,2.780
7009,9.381,2.704
7010,9.321,2.756
7011,9.316,2.711
7012,9.281,2.632
7013,9.265,2.564
7014,9.377,2.636
7015,9.417,2.650
7016,9.180,2.656
7017,9.330,2.673
7018,9.286,2.548
7019,9.275,2.660
7020,9.205,2.598
7021,9.233,2.554
7022,9.153,2.513
7023,9.259,2.459
7024,9.221,2.517
7025,9.210,2.576
7026,9.269,2.541
7027,9.214,2.653
7028,9.083,2.613
7029,9.146,2.604
7030,9.109,2.600
7031,9.036,2.583
7032,9.088,2.543
7033,9.215,2.694
7034,9.233,2.651
7035,9.187,2.663
7036,9.277,2.622
7037,9.300,2.603
7038,9.301,2.643
7039,9.223,2.572
7040,9.226,2.567
7041,9.315,2.670
7042,9.390,2.711
7043,9.161,2.694
7044,9.163,2.703
7045,9.024,2.598
7046,9.019,2.608
7047,8.953,2.682
7048,9.041,2.621
7049,8.990,2.651
7050,9.077,2.719
7051,9.133,2.646
7052,9.067,2.704
7053,9.065,2.665
7054,9.230,2.670
7055,8.878,2.598
7056,9.059,2.652
7057,9.139,2.701
7058,9.133,2.630
7059,9.125,2.677
7060,9.140,2.663
7061,9.140,2.692
7062,9.090,2.726
7063,9.030,2.595
7064,9.085,2.766
7065,9.131,2.794
7066,8.946,2.613
7067,8.896,2.705
7068,8.781,2.661
7069,8.959,2.830
7070,8.858,2.711
7071,8.937,2.614
7072,8.890,2.613
7073,8.950,2.585
7074,9.117,2.598
7075,8.877,2.534
7076,8.965,2.575
7077,8.864,2.529
7078,8.873,2.500
7079,8.894,2.510
7080,8.924,2.562
7081,8.804,2.548
7082,8.768,2.590
7083,8.849,2.498
7084,8.914,2.588
7085,8.812,2.632
7086,8.789,2.645
7087,8.809,2.603
7088,8.686,2.490
7089,8.827,2.605
7090,8.675,2.524
7091,8.823,2.619
7092,8.733,2.521
7093,8.754,2.498
7094,8.724,2.434
7095,8.904,2.468
7096,9.018,2.541
7097,8.904,2.630
7098,8.765,2.625
7099,8.983,2.772
7100,8.879,2.607
7101,9.029,2.651
7102,8.985,2.796
7103,8.943,2.694
7104,8.838,2.667
7105,9.022,2.636
7106,8.972,2.608
7107,8.806,2.679
7108,8.910,2.525
7109,8.984,2.627
7110,9.060,2.589
7111,9.215,2.773
7112,9.114,2.757
7113,9.125,2.725
7114,9.258,2.816
7115,9.328,2.851
7116,9.216,2.778
7117,9.290,2.879
7118,9.334,2.806
7119,9.246,2.807
7120,9.279,2.708
7121,9.270,2.659
7122,9.349,2.730
7123,9.222,2.798
7124,9.245,2.641
7125,9.187,2.656
7126,9.175,2.668
7127,9.239,2.739
7128,9.203,2.768
7129,9.227,2.774
7130,9.207,2.647
7131,9.219,2.610
7132,9.363,2.637
7133,9.358,2.732
7134,9.446,2.720
7135,9.373,2.742
7136,9.175,2.702
7137,9.175,2.671
7138,9.172,2.666
7139,9.130,2.649
7140,9.207,2.658
7141,9.133,2.675
7142,9.174,2.696
7143,9.168,2.722
7144,9.114,2.732
7145,9.179,2.761
7146,9.248,2.779
7147,9.217,2.796
7148,9.254,2.731
7149,9.138,2.683
7150,9.092,2.618
7151,9.167,2.721
7152,9.132,2.666
7153,9.183,2.790
7154,9.277,2.768
7155,9.286,2.920
7156,9.406,2.786
7157,9.411,2.813
7158,9.330,2.709
7159,9.387,2.721
7160,9.505,2.867
7161,9.620,2.810
7162,9.463,2.718
7163,9.475,2.820
7164,9.574,2.830
7165,9.580,2.784
7166,9.459,2.698
7167,9.418,2.745
7168,9.540,2.797
7169,9.340,2.789
7170,9.345,2.770
7171,9.474,2.680
7172,9.405,2.776
7173,9.348,2.830
7174,9.586,2.727
7175,9.555,2.688
7176,9.536,2.650
7177,9.516,2.621
7178,9.348,2.661
7179,9.191,2.651
7180,9.088,2.568
7181,9.125,2.700
7182,9.241,2.744
7183,9.337,2.754
7184,9.514,2.801
7185,9.366,2.743
7186,9.370,2.810
7187,9.299,2.771
7188,9.232,2.674
7189,9.084,2.628
7190,9.265,2.639
7191,9.256,2.688
7192,9.152,2.670
7193,9.054,2.663
7194,9.150,2.739
7195,9.180,2.840
7196,9.145,2.812
7197,9.125,2.756
7198,9.181,2.795
7199,9.314,2.848
7200,9.338,2.803
7201,9.284,2.920
7202,9.281,2.805
7203,9.334,2.941
7204,9.256,2.915
7205,9.413,2.847
7206,9.495,2.822
7207,9.527,2.910
7208,9.687,2.995
7209,9.591,2.965
7210,9.478,2.951
7211,9.439,2.975
7212,9.297,2.938
7213,9.301,2.967
7214,9.345,2.918
7215,9.476,2.967
7216,9.445,2.901
7217,9.401,2.814
7218,9.477,2.733
7219,9.484,2.679
7220,9.426,2.771
7221,9.503,2.802
7222,9.478,2.740
7223,9.356,2.832
7224,9.276,2.798
7225,9.327,2.771
7226,9.376,2.733
7227,9.424,2.832
7228,9.658,2.879
7229,9.714,3.014
7230,9.583,3.031
7231,9.743,2.994
7232,9.673,3.034
7233,9.715,3.026
7234,9.727,3.046
7235,9.691,3.128
7236,9.757,3.036
7237,9.679,3.126
7238,9.584,2.952
7239,9.529,2.906
7240,9.555,2.874
7241,9.569,2.893
7242,9.548,2.926
7243,9.412,2.877
7244,9.488,2.863
7245,9.638,3.030
7246,9.459,2.941
7247,9.528,2.896
7248,9.373,2.935
7249,9.502,2.932
7250,9.645,3.002
7251,9.541,2.957
7252,9.467,2.812
7253,9.425,2.798
7254,9.311,2.781
7255,9.270,2.705
7256,9.289,2.815
7257,9.429,2.936
7258,9.492,2.832
7259,9.442,2.946
7260,9.476,2.895
7261,9.457,2.917
7262,9.305,2.874
7263,9.382,2.834
7264,9.214,2.819
7265,9.245,2.880
7266,9.135,2.870
7267,9.327,2.872
7268,9.298,2.902
7269,9.293,2.921
7270,9.404,2.941
7271,9.359,2.841
7272,9.411,2.927
7273,9.508,3.017
7274,9.508,2.972
7275,9.415,2.955
7276,9.314,2.909
7277,9.196,2.873
7278,9.211,2.923
7279,9.194,2.822
7280,9.261,2.819
7281,9.170,2.729
7282,9.223,2.790
7283,9.283,2.641
7284,9.275,2.604
7285,9.296,2.718
7286,9.203,2.799
7287,9.290,2.773
7288,9.263,2.862
7289,9.363,2.741
7290,9.319,2.781
7291,9.507,2.942
7292,9.331,2.821
7293,9.407,2.846
7294,9.269,2.924
7295,9.465,3.063
7296,9.391,2.948
7297,9.261,2.825
7298,9.408,2.880
7299,9.319,2.871
7300,9.194,2.817
7301,9.260,2.994
7302,9.337,2.977
7303,9.350,2.989
7304,9.329,2.933
7305,9.281,2.856
7306,9.383,2.732
7307,9.585,2.667
7308,9.391,2.713
7309,9.331,2.669
7310,9.270,2.814
7311,9.318,2.758
7312,9.191,2.713
7313,9.371,2.790
7314,9.334,2.690
7315,9.195,2.735
7316,9.391,2.867
7317,9.302,2.793
7318,9.355,2.772
7319,9.530,2.775
7320,9.715,2.865
7321,9.753,2.841
7322,9.631,2.833
7323,9.550,2.784
7324,9.624,2.831
7325,9.583,2.962
7326,9.647,2.919
7327,9.579,2.930
7328,9.631,2.971
7329,9.682,3.120
7330,9.535,2.919
7331,9.638,2.915
7332,9.700,2.978
7333,9.675,3.013
7334,9.529,2.989
7335,9.592,3.026
7336,9.382,2.878
7337,9.539,3.010
7338,9.654,3.033
7339,9.562,2.920
7340,9.521,2.984
7341,9.553,2.924
7342,9.741,3.005
7343,9.654,3.021
7344,9.438,3.062
7345,9.451,2.928
7346,9.324,2.892
7347,9.197,2.926
7348,9.227,2.745
7349,9.137,2.751
7350,9.360,2.780
7351,9.230,2.914
7352,9.210,2.822
7353,9.283,2.903
7354,9.510,2.969
7355,9.599,3.111
7356,9.528,3.078
7357,9.612,3.086
7358,9.668,3.000
7359,9.523,3.036
7360,9.550,3.114
7361,9.570,2.936
7362,9.477,3.062
7363,9.573,2.972
7364,9.391,3.141
7365,9.422,2.971
7366,9.296,2.843
7367,9.372,2.778
7368,9.531,2.992
7369,9.373,2.878
7370,9.498,3.130
7371,9.412,3.062
7372,9.622,3.036
7373,9.567,2.973
7374,9.546,2.973
7375,9.726,3.152
7376,9.734,3.089
7377,9.570,2.952
7378,9.455,2.963
7379,9.419,2.927
7380,9.389,2.948
7381,9.351,2.974
7382,9.450,3.031
7383,9.507,3.026
7384,9.384,3.087
7385,9.320,2.868
7386,9.339,2.979
7387,9.363,2.930
7388,9.447,2.921
7389,9.390,2.833
7390,9.293,2.835
7391,9.407,2.949
7392,9.391,2.977
7393,9.557,3.015
7394,9.466,2.970
7395,9.467,2.959
7396,9.295,2.903
7397,9.501,2.982
7398,9.537,2.991
7399,9.477,2.901
7400,9.532,2.966
7401,9.368,2.941
7402,9.473,3.029
7403,9.546,3.010
7404,9.565,2.953
7405,9.680,3.031
7406,9.584,2.967
7407,9.682,2.847
7408,9.658,2.998
7409,9.800,3.000
7410,9.686,2.928
7411,9.713,2.937
7412,9.595,2.936
7413,9.556,3.013
7414,9.622,2.997
7415,9.447,2.983
7416,9.448,3.034
7417,9.517,2.989
7418,9.421,2.915
7419,9.647,2.916
7420,9.515,2.896
7421,9.289,2.846
7422,9.348,2.824
7423,9.360,2.764
7424,9.420,2.720
7425,9.325,2.689
7426,9.269,2.654
7427,9.404,2.806
7428,9.388,2.845
7429,9.286,2.738
7430,9.316,2.704
7431,9.450,2.813
7432,9.292,2.703
7433,9.462,2.855
7434,9.590,2.821
7435,9.651,2.962
7436,9.502,2.880
7437,9.686,2.930
7438,9.504,2.891
7439,9.596,2.890
7440,9.598,2.818
7441,9.557,2.763
7442,9.473,2.720
7443,9.487,2.630
7444,9.343,2.607
7445,9.324,2.726
7446,9.242,2.734
7447,9.397,2.700
7448,9.476,2.794
7449,9.499,2.809
7450,9.515,2.759
7451,9.325,2.727
7452,9.335,2.732
7453,9.404,2.745
7454,9.516,2.702
7455,9.532,2.817
7456,9.471,2.680
7457,9.567,2.732
7458,9.541,2.677
7459,9.492,2.732
7460,9.490,2.713
7461,9.554,2.796
7462,9.620,2.766
7463,9.667,2.867
7464,9.454,2.743
7465,9.499,2.789
7466,9.522,2.828
7467,9.353,2.821
7468,9.315,2.778
7469,9.318,2.734
7470,9.410,2.802
7471,9.401,2.845
7472,9.408,2.838
7473,9.452,2.818
7474,9.465,2.615
7475,9.439,2.730
7476,9.379,2.727
7477,9.568,2.727
7478,9.537,2.744
7479,9.568,2.641
7480,9.347,2.637
7481,9.512,2.658
7482,9.543,2.696
7483,9.525,2.633
7484,9.506,2.514
7485,9.514,2.633
7486,9.510,2.632
7487,9.431,2.564
7488,9.471,2.599
7489,9.444,2.628
7490,9.322,2.657
7491,9.395,2.624
7492,9.250,2.752
7493,9.172,2.679
7494,9.086,2.645
7495,9.152,2.614
7496,9.181,2.575
7497,9.133,2.518
7498,9.163,2.524
7499,9.153,2.578
7500,9.145,2.435
7501,9.078,2.572
7502,9.115,2.581
7503,9.007,2.539
7504,8.890,2.491
7505,8.985,2.549
7506,8.925,2.648
7507,9.015,2.559
7508,9.182,2.655
7509,8.992,2.572
7510,9.233,2.724
7511,9.100,2.693
7512,9.030,2.737
7513,8.833,2.659
7514,8.953,2.693
7515,8.821,2.652
7516,8.837,2.638
7517,8.883,2.678
7518,8.846,2.677
7519,9.040,2.731
7520,8.996,2.851
7521,9.011,2.694
7522,9.049,2.680
7523,9.178,2.754
7524,9.248,2.738
7525,9.231,2.794
7526,9.284,2.904
7527,9.179,2.793
7528,9.144,2.772
7529,9.053,2.788
7530,9.227,2.873
7531,9.094,2.801
7532,9.161,2.850
7533,9.246,2.853
7534,9.122,2.765
7535,9.074,2.804
7536,9.132,2.840
7537,9.292,2.919
7538,9.381,2.751
7539,9.352,2.798
7540,9.378,2.792
7541,9.335,2.834
7542,9.543,2.896
7543,9.534,2.896
7544,9.382,2.697
7545,9.387,2.736
7546,9.268,2.604
7547,9.300,2.646
7548,9.372,2.737
7549,9.335,2.780
7550,9.480,2.801
7551,9.531,2.817
7552,9.533,2.750
7553,9.521,2.714
7554,9.524,2.858
7555,9.502,2.829
7556,9.619,2.790
7557,9.538,2.885
7558,9.551,2.891
7559,9.487,2.954
7560,9.424,2.896
7561,9.487,2.840
7562,9.274,2.770
7563,9.373,2.834
7564,9.422,2.894
7565,9.475,2.878
7566,9.323,2.759
7567,9.341,2.868
7568,9.335,2.865
7569,9.380,2.775
7570,9.266,2.794
7571,9.280,2.807
7572,9.193,2.714
7573,9.212,2.713
7574,9.202,2.744
7575,9.216,2.846
7576,9.375,2.887
7577,9.131,2.706
7578,9.059,2.636
7579,9.119,2.590
7580,9.137,2.541
7581,9.251,2.626
7582,9.115,2.623
7583,9.174,2.651
7584,9.179,2.729
7585,9.281,2.690
7586,9.290,2.769
7587,9.203,2.571
7588,9.145,2.661
7589,9.209,2.732
7590,9.292,2.740
7591,9.120,2.658
7592,9.126,2.737
7593,8.772,2.739
7594,9.028,2.629
7595,9.069,2.632
7596,9.131,2.562
7597,8.899,2.573
7598,8.901,2.642
7599,8.986,2.655
7600,9.011,2.715
7601,9.012,2.770
7602,9.205,2.708
7603,9.171,2.744
7604,9.186,2.665
7605,9.169,2.680
7606,8.996,2.531
7607,8.973,2.630
7608,9.004,2.556
7609,9.012,2.659
7610,8.929,2.633
7611,8.949,2.707
7612,8.973,2.826
7613,8.932,2.636
7614,8.801,2.545
7615,8.759,2.579
7616,8.787,2.604
7617,8.978,2.652
7618,8.971,2.699
7619,9.112,2.771
7620,9.055,2.615
7621,9.021,2.571
7622,9.071,2.659
7623,9.055,2.564
7624,8.956,2.603
7625,8.831,2.590
7626,8.793,2.575
7627,8.997,2.671
7628,8.922,2.535
7629,8.857,2.565
7630,8.900,2.565
7631,8.940,2.670
7632,9.068,2.679
7633,9.108,2.621
7634,9.068,2.455
7635,9.132,2.594
7636,9.189,2.534
7637,9.284,2.487
7638,9.284,2.373
7639,9.262,2.418
7640,9.265,2.407
7641,9.380,2.372
7642,9.232,2.405
7643,9.216,2.414
7644,9.453,2.426
7645,9.442,2.461
7646,9.323,2.413
7647,9.509,2.543
7648,9.270,2.500
7649,9.296,2.490
7650,9.273,2.565
7651,9.205,2.423
7652,9.182,2.445
7653,9.200,2.528
7654,9.236,2.553
7655,9.360,2.538
7656,9.382,2.491
7657,9.335,2.533
7658,9.364,2.527
7659,9.408,2.554
7660,9.201,2.525
7661,9.220,2.533
7662,9.294,2.587
7663,9.449,2.573
7664,9.328,2.642
7665,9.431,2.609
7666,9.385,2.631
7667,9.389,2.653
7668,9.468,2.570
7669,9.393,2.576
7670,9.351,2.554
7671,9.396,2.656
7672,9.239,2.586
7673,9.198,2.510
7674,9.336,2.598
7675,9.194,2.475
7676,9.306,2.519
7677,9.425,2.659
7678,9.426,2.673
7679,9.189,2.694
7680,9.302,2.579
7681,9.288,2.767
7682,9.276,2.797
7683,9.247,2.744
7684,9.218,2.764
7685,9.280,2.840
7686,9.271,2.800
7687,9.297,2.758
7688,9.253,2.662
7689,9.290,2.851
7690,9.412,2.842
7691,9.444,2.870
7692,9.491,2.831
7693,9.407,2.786
7694,9.312,2.822
7695,9.465,2.861
7696,9.420,2.748
7697,9.289,2.699
7698,9.370,2.611
7699,9.235,2.618
7700,9.311,2.719
7701,9.305,2.926
7702,9.257,2.920
7703,9.277,2.915
7704,9.371,2.893
7705,9.381,2.715
7706,9.472,2.803
7707,9.438,2.797
7708,9.291,2.745
7709,9.381,2.754
7710,9.325,2.833
7711,9.465,2.971
7712,9.472,2.977
7713,9.340,2.951
7714,9.378,2.937
7715,9.337,2.910
7716,9.423,2.885
7717,9.395,2.832
7718,9.408,2.893
7719,9.377,2.880
7720,9.330,2.944
7721,9.374,2.929
7722,9.297,2.896
7723,9.460,2.921
7724,9.223,2.847
7725,9.240,2.877
7726,9.301,2.801
7727,9.307,2.830
7728,9.121,2.749
7729,9.009,2.649
7730,9.106,2.668
7731,9.149,2.732
7732,9.231,2.763
7733,9.231,2.740
7734,9.202,2.789
7735,9.283,2.787
7736,9.302,2.766
7737,9.298,2.760
7738,9.431,2.719
7739,9.461,2.850
7740,9.366,2.731
7741,9.212,2.729
7742,9.340,2.709
7743,9.384,2.738
7744,9.271,2.711
7745,9.167,2.633
7746,9.113,2.676
7747,9.092,2.739
7748,9.123,2.555
7749,9.184,2.726
7750,9.238,2.674
7751,9.154,2.767
7752,8.932,2.751
7753,9.064,2.685
7754,9.108,2.736
7755,8.945,2.700
7756,8.953,2.638
7757,8.983,2.761
7758,8.936,2.805
7759,8.871,2.734
7760,8.695,2.561
7761,8.705,2.601
7762,8.608,2.515
7763,8.672,2.559
7764,8.789,2.564
7765,8.693,2.495
7766,8.808,2.494
7767,8.893,2.649
7768,8.816,2.566
7769,8.756,2.669
7770,8.881,2.605
7771,8.871,2.707
7772,8.859,2.690
7773,8.890,2.714
7774,8.654,2.591
7775,8.652,2.740
7776,8.728,2.662
7777,8.720,2.580
7778,8.852,2.561
7779,8.860,2.687
7780,8.911,2.756
7781,8.902,2.800
7782,8.907,2.822
7783,9.054,2.824
7784,8.845,2.723
7785,8.803,2.827
7786,8.930,2.753
7787,8.929,2.797
7788,8.824,2.805
7789,8.966,2.811
7790,8.974,2.860
7791,9.108,3.010
7792,9.020,2.831
7793,8.983,2.878
7794,9.043,2.746
7795,8.885,2.751
7796,8.664,2.706
7797,8.829,2.820
7798,8.927,2.775
7799,8.851,2.746
7800,8.752,2.648
7801,8.791,2.649
7802,8.776,2.718
7803,8.807,2.781
7804,8.865,2.587
7805,8.838,2.642
7806,8.789,2.604
7807,8.889,2.537
7808,8.751,2.423
7809,8.658,2.481
7810,8.615,2.562
7811,8.572,2.543
7812,8.621,2.560
7813,8.567,2.572
7814,8.518,2.579
7815,8.516,2.592
7816,8.712,2.710
7817,8.623,2.492
7818,8.603,2.582
7819,8.805,2.601
7820,8.931,2.675
7821,8.987,2.748
7822,9.039,2.817
7823,9.046,2.793
7824,9.068,2.811
7825,9.054,2.789
7826,8.923,2.769
7827,8.738,2.643
7828,8.840,2.517
7829,8.926,2.702
7830,8.982,2.796
7831,9.025,2.928
7832,9.055,2.776
7833,9.102,2.859
7834,8.993,2.838
7835,9.049,2.849
7836,9.047,2.871
7837,8.821,2.764
7838,8.884,2.827
7839,9.091,2.825
7840,9.090,2.770
7841,8.873,2.751
7842,8.880,2.690
7843,8.880,2.664
7844,8.992,2.651
7845,8.816,2.552
7846,8.811,2.563
7847,8.960,2.756
7848,8.856,2.587
7849,8.968,2.723
7850,8.987,2.652
7851,8.838,2.674
7852,8.792,2.592
7853,8.954,2.745
7854,8.996,2.633
7855,8.929,2.570
7856,8.893,2.584
7857,8.952,2.615
7858,8.991,2.734
7859,8.984,2.696
7860,8.953,2.740
7861,8.814,2.756
7862,8.838,2.734
7863,8.916,2.649
7864,8.886,2.502
7865,9.048,2.599
7866,8.867,2.569
7867,8.895,2.543
7868,8.824,2.769
7869,8.779,2.712
7870,8.727,2.633
7871,8.651,2.721
7872,8.551,2.603
7873,8.540,2.576
7874,8.626,2.640
7875,8.557,2.629
7876,8.510,2.556
7877,8.584,2.680
7878,8.534,2.624
7879,8.688,2.692
7880,8.784,2.694
7881,8.757,2.723
7882,8.800,2.763
7883,8.833,2.700
7884,8.844,2.743
7885,8.598,2.556
7886,8.750,2.692
7887,8.569,2.675
7888,8.701,2.670
7889,8.691,2.764
7890,8.741,2.725
7891,8.720,2.753
7892,8.721,2.743
7893,8.456,2.703
7894,8.439,2.703
7895,8.355,2.623
7896,8.449,2.584
7897,8.548,2.633
7898,8.727,2.626
7899,8.612,2.548
7900,8.557,2.551
7901,8.673,2.604
7902,8.732,2.723
7903,8.663,2.676
7904,8.658,2.702
7905,8.518,2.525
7906,8.596,2.648
7907,8.509,2.625
7908,8.703,2.678
7909,8.678,2.764
7910,8.653,2.670
7911,8.828,2.815
7912,8.729,2.788
7913,8.599,2.707
7914,8.583,2.770
7915,8.485,2.700
7916,8.425,2.696
7917,8.342,2.618
7918,8.518,2.685
7919,8.597,2.826
7920,8.862,2.803
7921,8.579,2.788
7922,8.750,2.873
7923,8.518,2.859
7924,8.362,2.829
7925,8.513,2.778
7926,8.316,2.584
7927,8.388,2.712
7928,8.507,2.603
7929,8.517,2.651
7930,8.553,2.603
7931,8.497,2.688
7932,8.265,2.606
7933,8.356,2.565
7934,8.371,2.635
7935,8.375,2.552
7936,8.475,2.702
7937,8.622,2.771
7938,8.467,2.737
7939,8.387,2.524
7940,8.253,2.650
7941,8.263,2.654
7942,8.404,2.648
7943,8.432,2.715
7944,8.441,2.831
7945,8.279,2.818
7946,8.363,2.855
7947,8.409,2.880
7948,8.345,2.859
7949,8.489,2.898
7950,8.465,2.907
7951,8.407,2.730
7952,8.226,2.678
7953,8.302,2.685
7954,8.221,2.547
7955,8.193,2.541
7956,8.274,2.570
7957,8.272,2.670
7958,8.319,2.653
7959,8.302,2.663
7960,8.360,2.627
7961,8.325,2.504
7962,8.293,2.488
7963,8.415,2.580
7964,8.326,2.553
7965,8.107,2.420
7966,8.168,2.419
7967,8.196,2.389
7968,8.322,2.554
7969,8.322,2.510
7970,8.371,2.610
7971,8.366,2.531
7972,8.377,2.524
7973,8.325,2.499
7974,8.367,2.535
7975,8.267,2.522
7976,8.217,2.667
7977,8.338,2.536
7978,8.312,2.627
7979,8.345,2.675
7980,8.485,2.592
7981,8.448,2.666
7982,8.378,2.687
7983,8.297,2.746
7984,8.311,2.716
7985,8.390,2.700
7986,8.497,2.741
7987,8.592,2.832
7988,8.510,2.736
7989,8.595,2.689
7990,8.446,2.601
7991,8.568,2.779
7992,8.505,2.597
7993,8.530,2.686
7994,8.663,2.616
7995,8.518,2.596
7996,8.575,2.687
7997,8.663,2.721
7998,8.720,2.761
7999,8.783,2.765
8000,8.683,2.745
8001,8.684,2.760
8002,8.611,2.691
8003,8.493,2.795
8004,8.480,2.698
8005,8.346,2.576
8006,8.522,2.568
8007,8.465,2.665
8008,8.439,2.549
8009,8.346,2.577
8010,8.280,2.502
8011,8.379,2.513
8012,8.379,2.442
8013,8.478,2.377
8014,8.437,2.358
8015,8.382,2.315
8016,8.516,2.341
8017,8.545,2.422
8018,8.309,2.383
8019,8.387,2.371
8020,8.305,2.394
8021,8.271,2.450
8022,8.252,2.344
8023,8.401,2.358
8024,8.418,2.420
8025,8.357,2.439
8026,8.373,2.574
8027,8.585,2.543
8028,8.443,2.443
8029,8.451,2.408
8030,8.561,2.435
8031,8.546,2.463
8032,8.576,2.479
8033,8.604,2.570
8034,8.708,2.528
8035,8.549,2.524
8036,8.647,2.539
8037,8.582,2.413
8038,8.897,2.498
8039,8.860,2.592
8040,8.622,2.468
8041,8.550,2.554
8042,8.635,2.717
8043,8.688,2.714
8044,8.583,2.609
8045,8.570,2.675
8046,8.527,2.672
8047,8.551,2.695
8048,8.540,2.596
8049,8.600,2.598
8050,8.667,2.609
8051,8.500,2.648
8052,8.514,2.684
8053,8.595,2.616
8054,8.558,2.647
8055,8.453,2.623
8056,8.562,2.585
8057,8.693,2.540
8058,8.700,2.654
8059,8.557,2.600
8060,8.514,2.629
8061,8.664,2.767
8062,8.674,2.736
8063,8.694,2.754
8064,8.811,2.761
8065,8.493,2.539
8066,8.502,2.507
8067,8.628,2.569
8068,8.600,2.604
8069,8.691,2.650
8070,8.654,2.633
8071,8.599,2.718
8072,8.706,2.772
8073,8.744,2.772
8074,8.782,2.846
8075,8.740,2.835
8076,8.822,2.777
8077,8.812,2.775
8078,8.700,2.726
8079,8.774,2.742
8080,8.681,2.848
8081,8.636,2.828
8082,8.572,2.785
8083,8.574,2.832
8084,8.572,2.833
8085,8.570,2.802
8086,8.627,2.722
8087,8.669,2.709
8088,8.723,2.727
8089,8.538,2.733
8090,8.645,2.690
8091,8.676,2.741
8092,8.772,2.780
8093,8.847,2.802
8094,8.902,2.838
8095,9.021,2.945
8096,8.907,2.831
8097,8.934,2.808
8098,8.887,2.871
8099,8.807,2.891
8100,8.676,2.796
8101,8.533,2.729
8102,8.547,2.701
8103,8.561,2.774
8104,8.494,2.808
8105,8.509,2.764
8106,8.527,2.777
8107,8.541,2.835
8108,8.489,2.875
8109,8.547,2.882
8110,8.439,2.841
8111,8.349,2.788
8112,8.321,2.866
8113,8.262,2.765
8114,8.316,2.761
8115,8.316,2.738
8116,8.361,2.716
8117,8.271,2.755
8118,8.355,2.690
8119,8.472,2.659
8120,8.454,2.808
8121,8.354,2.743
8122,8.377,2.595
8123,8.282,2.725
8124,8.331,2.656
8125,8.197,2.594
8126,8.279,2.648
8127,8.225,2.673
8128,8.349,2.659
8129,8.311,2.586
8130,8.286,2.610
8131,8.335,2.703
8132,8.478,2.798
8133,8.490,2.799
8134,8.388,2.842
8135,8.306,2.762
8136,8.319,2.671
8137,8.421,2.644
8138,8.378,2.490
8139,8.353,2.606
8140,8.361,2.540
8141,8.251,2.481
8142,8.326,2.591
8143,8.235,2.586
8144,8.299,2.672
8145,8.135,2.592
8146,8.321,2.665
8147,8.296,2.715
8148,8.147,2.738
8149,8.251,2.707
8150,8.290,2.659
8151,8.365,2.575
8152,8.212,2.587
8153,8.223,2.606
8154,8.395,2.639
8155,8.389,2.680
8156,8.451,2.644
8157,8.367,2.718
8158,8.397,2.610
8159,8.348,2.679
8160,8.457,2.638
8161,8.599,2.743
8162,8.578,2.741
8163,8.613,2.719
8164,8.557,2.637
8165,8.634,2.750
8166,8.548,2.626
8167,8.631,2.640
8168,8.398,2.661
8169,8.709,2.636
8170,8.777,2.673
8171,8.807,2.786
8172,8.541,2.778
8173,8.522,2.723
8174,8.466,2.693
8175,8.516,2.702
8176,8.571,2.758
8177,8.558,2.800
8178,8.456,2.788
8179,8.416,2.753
8180,8.531,2.766
8181,8.498,2.823
8182,8.426,2.753
8183,8.435,2.799
8184,8.301,2.711
8185,8.424,2.735
8186,8.404,2.752
8187,8.425,2.736
8188,8.492,2.720
8189,8.489,2.683
8190,8.479,2.700
8191,8.689,2.629
8192,8.798,2.755
8193,8.684,2.767
8194,8.558,2.743
8195,8.355,2.724
8196,8.477,2.836
8197,8.521,2.818
8198,8.475,2.768
8199,8.520,2.797
8200,8.438,2.705
8201,8.533,2.614
8202,8.512,2.691
8203,8.345,2.640
8204,8.409,2.645
8205,8.439,2.652
8206,8.447,2.719
8207,8.408,2.703
8208,8.442,2.736
8209,8.364,2.698
8210,8.530,2.800
8211,8.606,2.788
8212,8.467,2.763
8213,8.521,2.781
8214,8.583,2.926
8215,8.455,2.804
8216,8.510,2.852
8217,8.432,2.992
8218,8.629,3.042
8219,8.636,3.135
8220,8.769,3.088
8221,8.668,3.140
8222,8.593,3.078
8223,8.680,3.091
8224,8.677,3.110
8225,8.735,3.068
8226,8.732,3.137
8227,8.772,2.992
8228,8.892,3.261
8229,8.724,3.058
8230,8.862,3.132
8231,8.783,3.016
8232,8.855,2.985
8233,8.764,2.898
8234,8.686,2.874
8235,8.735,2.930
8236,8.800,2.947
8237,8.890,3.049
8238,9.020,3.214
8239,9.042,3.161
8240,8.800,3.181
8241,8.816,3.188
8242,8.601,2.979
8243,8.587,3.044
8244,8.581,2.998
8245,8.612,3.003
8246,8.713,3.060
8247,8.889,3.053
8248,8.932,2.989
8249,8.806,2.974
8250,8.772,2.977
8251,8.649,2.891
8252,8.708,3.076
8253,8.708,3.078
8254,8.571,2.898
8255,8.512,2.890
8256,8.469,2.821
8257,8.636,3.086
8258,8.627,3.086
8259,8.596,2.941
8260,8.680,2.925
8261,8.674,2.954
8262,8.570,2.968
8263,8.484,2.896
8264,8.595,2.961
8265,8.634,3.022
8266,8.686,2.941
8267,8.504,2.803
8268,8.497,2.956
8269,8.568,2.913
8270,8.484,2.924
8271,8.389,2.917
8272,8.304,2.861
8273,8.167,2.930
8274,8.240,2.849
8275,8.241,2.784
8276,8.342,2.846
8277,8.311,2.845
8278,8.411,2.797
8279,8.407,2.879
8280,8.459,2.809
8281,8.362,2.827
8282,8.368,2.928
8283,8.355,2.854
8284,8.399,2.969
8285,8.438,2.893
8286,8.479,2.932
8287,8.495,3.043
8288,8.408,2.899
8289,8.337,2.909
8290,8.428,3.073
8291,8.557,3.035
8292,8.611,3.022
8293,8.679,3.087
8294,8.532,3.086
8295,8.550,2.921
8296,8.494,2.954
8297,8.471,2.990
8298,8.394,2.989
8299,8.308,3.001
8300,8.346,2.960
8301,8.315,3.095
8302,8.266,3.077
8303,8.197,2.957
8304,8.148,3.065
8305,8.152,3.061
8306,8.275,3.183
8307,8.267,3.074
8308,8.102,3.059
8309,8.142,3.021
8310,8.226,3.155
8311,8.273,3.154
8312,8.318,3.135
8313,8.259,3.106
8314,8.350,3.006
8315,8.342,3.068
8316,8.460,3.173
8317,8.398,3.054
8318,8.468,2.864
8319,8.538,2.933
8320,8.424,2.934
8321,8.556,2.980
8322,8.606,3.042
8323,8.539,3.014
8324,8.544,3.020
8325,8.532,3.075
8326,8.649,3.060
8327,8.613,3.067
8328,8.675,3.076
8329,8.469,3.020
8330,8.454,2.957
8331,8.425,2.977
8332,8.375,3.005
8333,8.423,2.996
8334,8.560,3.101
8335,8.523,3.049
8336,8.547,3.032
8337,8.616,3.044
8338,8.576,2.995
8339,8.626,3.037
8340,8.577,2.971
8341,8.570,2.944
8342,8.498,2.956
8343,8.532,2.933
8344,8.456,2.891
8345,8.547,2.895
8346,8.511,2.812
8347,8.530,2.828
8348,8.441,2.874
8349,8.384,2.850
8350,8.254,2.737
8351,8.283,2.895
8352,8.157,2.838
8353,8.159,2.825
8354,8.130,2.826
8355,8.082,2.711
8356,8.162,2.826
8357,8.299,2.743
8358,8.262,2.868
8359,8.241,2.810
8360,8.332,2.725
8361,8.392,2.650
8362,8.258,2.744
8363,8.446,2.729
8364,8.494,2.745
8365,8.420,2.714
8366,8.561,2.658
8367,8.468,2.717
8368,8.425,2.836
8369,8.360,2.700
8370,8.376,2.751
8371,8.336,2.741
8372,8.302,2.810
8373,8.246,2.837
8374,8.207,2.752
8375,8.219,2.775
8376,8.256,2.789
8377,8.202,2.793
8378,8.188,2.751
8379,7.902,2.689
8380,8.093,2.753
8381,8.129,2.650
8382,8.114,2.533
8383,8.045,2.576
8384,7.974,2.581
8385,7.957,2.620
8386,8.066,2.663
8387,8.004,2.621
8388,8.064,2.814
8389,8.016,2.644
8390,7.999,2.800
8391,8.058,2.749
8392,8.054,2.797
8393,8.100,2.826
8394,8.034,2.660
8395,8.159,2.649
8396,8.208,2.859
8397,8.184,2.812
8398,8.224,2.845
8399,8.114,2.945
8400,8.094,2.890
8401,8.125,2.965
8402,8.090,2.759
8403,8.042,2.664
8404,8.142,2.812
8405,8.033,2.761
8406,8.042,2.917
8407,7.877,2.811
8408,7.894,2.784
8409,7.941,2.795
8410,8.000,2.735
8411,8.192,2.759
8412,8.270,2.734
8413,8.093,2.781
8414,8.213,2.745
8415,8.125,2.678
8416,8.270,2.794
8417,8.379,2.810
8418,8.393,2.955
8419,8.232,2.911
8420,8.246,2.910
8421,8.159,2.880
8422,8.045,2.984
8423,7.939,2.850
8424,8.018,2.904
8425,8.037,2.930
8426,8.063,2.819
8427,7.973,2.873
8428,8.016,2.814
8429,7.964,2.870
8430,7.983,2.850
8431,8.154,2.825
8432,8.167,2.797
8433,8.171,2.800
8434,8.126,2.745
8435,8.207,2.694
8436,8.290,2.646
8437,8.276,2.625
8438,8.156,2.634
8439,8.213,2.616
8440,8.194,2.676
8441,8.234,2.716
8442,8.248,2.759
8443,8.513,2.684
8444,8.499,2.713
8445,8.429,2.640
8446,8.487,2.810
8447,8.685,2.728
8448,8.492,2.717
8449,8.440,2.795
8450,8.452,2.728
8451,8.594,2.726
8452,8.614,2.826
8453,8.561,2.787
8454,8.486,2.740
8455,8.445,2.796
8456,8.597,2.885
8457,8.499,2.825
8458,8.651,2.834
8459,8.555,2.814
8460,8.443,2.901
8461,8.166,2.791
8462,8.219,2.899
8463,8.357,2.923
8464,8.579,3.001
8465,8.473,2.891
8466,8.371,2.883
8467,8.356,2.791
8468,8.297,2.778
8469,8.405,2.749
8470,8.672,2.900
8471,8.506,2.801
8472,8.506,2.836
8473,8.358,2.830
8474,8.303,2.760
8475,8.158,2.782
8476,8.109,2.730
8477,8.155,2.693
8478,8.221,2.746
8479,8.215,2.752
8480,8.259,2.789
8481,8.255,2.871
8482,8.211,2.884
8483,8.312,2.858
8484,8.299,2.868
8485,8.394,2.849
8486,8.413,2.839
8487,8.307,2.829
8488,8.304,2.824
8489,8.234,2.884
8490,8.217,2.859
8491,8.134,2.887
8492,7.994,2.805
8493,8.069,2.892
8494,8.234,2.853
8495,8.157,2.872
8496,8.163,2.863
8497,8.236,2.923
8498,8.228,2.821
8499,8.085,2.829
8500,8.125,2.873
8501,8.259,2.862
8502,8.374,2.760
8503,8.414,2.807
8504,8.529,2.930
8505,8.554,2.873
8506,8.478,2.738
8507,8.466,2.735
8508,8.576,2.756
8509,8.509,2.737
8510,8.426,2.762
8511,8.378,2.688
8512,8.511,2.730
8513,8.487,2.791
8514,8.522,2.736
8515,8.482,2.753
8516,8.424,2.780
8517,8.519,2.767
8518,8.554,2.787
8519,8.557,2.846
8520,8.393,2.677
8521,8.258,2.659
8522,8.234,2.789
8523,8.398,2.694
8524,8.521,2.764
8525,8.464,2.722
8526,8.390,2.741
8527,8.356,2.724
8528,8.240,2.687
8529,8.236,2.611
8530,8.206,2.688
8531,8.276,2.695
8532,8.132,2.707
8533,8.089,2.791
8534,8.123,2.639
8535,8.195,2.570
8536,8.407,2.749
8537,8.523,2.689
8538,8.449,2.722
8539,8.327,2.694
8540,8.486,2.827
8541,8.406,2.859
8542,8.448,2.900
8543,8.425,2.981
8544,8.306,2.888
8545,8.327,2.936
8546,8.401,2.921
8547,8.495,3.022
8548,8.543,2.860
8549,8.630,2.889
8550,8.622,2.886
8551,8.363,2.734
8552,8.224,2.845
8553,8.253,2.902
8554,8.093,2.855
8555,8.283,2.847
8556,8.200,2.855
8557,8.211,2.867
8558,8.272,2.938
8559,8.321,2.926
8560,8.270,2.915
8561,8.370,3.041
8562,8.379,3.004
8563,8.300,2.967
8564,8.419,3.011
8565,8.213,2.991
8566,8.351,2.940
8567,8.253,2.971
8568,8.270,2.930
8569,8.288,2.894
8570,8.284,2.822
8571,8.261,2.982
8572,8.344,2.888
8573,8.345,2.954
8574,8.165,2.974
8575,8.172,3.024
8576,8.188,3.003
8577,8.109,3.025
8578,8.134,3.008
8579,8.125,2.952
8580,8.069,3.009
8581,8.206,2.952
8582,8.171,2.965
8583,8.134,3.015
8584,7.904,2.935
8585,7.753,2.908
8586,7.917,2.899
8587,7.944,2.890
8588,7.859,2.945
8589,7.901,2.989
8590,7.842,2.960
8591,7.907,3.037
8592,7.879,3.026
8593,7.838,3.008
8594,8.038,3.129
8595,7.962,3.022
8596,8.028,3.107
8597,7.985,2.971
8598,7.894,3.006
8599,7.901,3.038
8600,7.863,3.086
8601,7.977,2.951
8602,7.908,2.959
8603,7.942,2.994
8604,7.806,2.983
8605,7.888,2.947
8606,8.095,3.044
8607,7.952,2.931
8608,8.108,3.007
8609,7.931,2.997
8610,7.967,2.989
8611,7.886,2.709
8612,7.756,2.691
8613,7.778,2.779
8614,7.735,2.780
8615,7.900,2.833
8616,7.888,2.866
8617,7.846,2.800
8618,7.859,2.773
8619,7.843,2.739
8620,8.050,2.769
8621,8.204,2.787
8622,8.131,2.832
8623,7.955,2.767
8624,7.777,2.739
8625,7.940,2.772
8626,8.025,2.901
8627,7.881,2.961
8628,7.854,2.834
8629,7.850,2.804
8630,7.837,2.787
8631,7.868,2.769
8632,7.891,2.757
8633,7.944,2.741
8634,8.013,2.786
8635,8.071,2.837
8636,8.094,2.891
8637,8.072,2.903
8638,8.080,2.939
8639,7.917,2.823
8640,7.872,2.783
8641,7.913,2.809
8642,7.879,2.882
8643,8.015,2.855
8644,7.949,2.780
8645,7.853,2.766
8646,7.656,2.693
8647,7.745,2.743
8648,7.690,2.778
8649,7.849,2.845
8650,7.735,2.787
8651,7.711,2.814
8652,7.720,2.771
8653,7.763,2.805
8654,7.711,2.742
8655,7.608,2.670
8656,7.614,2.814
8657,7.699,2.864
8658,7.686,2.912
8659,7.730,2.878
8660,7.550,2.881
8661,7.741,2.861
8662,7.934,2.907
8663,7.926,2.821
8664,7.792,2.782
8665,7.816,2.785
8666,7.953,2.900
8667,7.904,2.845
8668,7.904,2.874
8669,7.795,2.821
8670,7.853,2.931
8671,7.772,2.784
8672,7.672,2.804
8673,7.795,2.778
8674,7.746,2.791
8675,7.732,2.771
8676,7.729,2.825
8677,7.651,2.810
8678,7.735,2.858
8679,7.786,2.779
8680,7.823,2.782
8681,7.943,2.892
8682,7.811,2.831
8683,7.670,2.807
8684,7.799,2.892
8685,7.754,2.800
8686,7.696,2.767
8687,7.717,2.797
8688,7.704,2.748
8689,7.868,2.735
8690,7.728,2.704
8691,7.554,2.652
8692,7.722,2.835
8693,7.696,2.739
8694,7.528,2.756
8695,7.370,2.770
8696,7.576,2.749
8697,7.694,2.832
8698,7.675,2.674
8699,7.760,2.712
8700,7.810,2.736
8701,7.970,2.825
8702,7.837,2.803
8703,7.836,2.786
8704,7.940,2.774
8705,7.842,2.770
8706,8.190,2.768
8707,8.096,2.764
8708,8.069,2.779
8709,7.936,2.753
8710,7.959,2.742
8711,7.953,2.802
8712,7.996,2.792
8713,8.029,2.796
8714,8.029,2.840
8715,8.013,2.677
8716,7.997,2.706
8717,8.231,2.829
8718,7.919,2.743
8719,8.035,2.964
8720,8.071,2.967
8721,7.956,2.928
8722,7.823,2.844
8723,7.728,2.903
8724,7.728,2.769
8725,7.643,2.805
8726,7.643,2.791
8727,7.468,2.718
8728,7.484,2.908
8729,7.599,2.956
8730,7.572,2.843
8731,7.804,2.875
8732,7.765,2.804
8733,7.859,2.951
8734,7.601,2.869
8735,7.740,3.020
8736,7.682,2.976
8737,7.954,2.989
8738,7.862,2.871
8739,7.798,2.892
8740,7.826,2.934
8741,7.848,2.819
8742,7.801,2.803
8743,7.918,2.761
8744,7.824,2.854
8745,7.922,2.893
8746,8.002,2.793
8747,7.972,2.792
8748,8.049,2.762
8749,8.016,2.740
8750,8.013,2.744
8751,7.913,2.782
8752,7.953,2.813
8753,8.074,2.820
8754,8.024,2.844
8755,7.825,2.801
8756,7.831,2.817
8757,7.819,2.845
8758,7.823,2.696
8759,7.990,2.854
8760,7.949,2.859
8761,7.935,2.831
8762,7.828,2.808
8763,8.002,2.933
8764,7.815,2.853
8765,7.757,2.800
8766,7.860,2.832
8767,7.796,2.756
8768,7.803,2.688
8769,7.864,2.675
8770,8.047,2.774
8771,8.113,2.788
8772,8.205,2.870
8773,8.043,2.701
8774,7.970,2.738
8775,7.996,2.665
8776,7.917,2.687
8777,8.043,2.614
8778,8.136,2.733
8779,8.160,2.776
8780,8.098,2.706
8781,8.176,2.797
8782,8.227,2.815
8783,8.166,2.836
8784,8.116,2.780
8785,8.203,2.760
8786,8.154,2.787
8787,8.040,2.932
8788,7.965,2.919
8789,8.102,2.864
8790,8.092,2.816
8791,8.102,2.797
8792,8.225,2.771
8793,8.306,2.773
8794,8.339,2.758
8795,8.257,2.816
8796,8.311,2.912
8797,8.277,3.000
8798,8.334,3.012
8799,8.407,3.103
8800,8.316,2.996
8801,8.439,2.952
8802,8.253,2.869
8803,8.219,2.846
8804,8.127,2.776
8805,8.268,2.839
8806,8.224,2.721
8807,8.172,2.792
8808,8.124,2.758
8809,8.288,2.755
8810,8.169,2.721
8811,8.229,2.673
8812,8.107,2.701
8813,8.097,2.724
8814,8.099,2.737
8815,8.146,2.771
8816,8.137,2.717
8817,8.036,2.789
8818,8.212,2.770
8819,8.128,2.789
8820,8.269,2.783
8821,8.059,2.573
8822,8.260,2.695
8823,8.253,2.752
8824,8.290,2.620
8825,8.105,2.705
8826,8.139,2.728
8827,8.052,2.756
8828,8.123,2.766
8829,8.078,2.674
8830,7.899,2.729
8831,7.874,2.713
8832,7.696,2.638
8833,7.711,2.714
8834,7.837,2.758
8835,7.778,2.736
8836,7.686,2.714
8837,7.725,2.714
8838,7.886,2.672
8839,7.913,2.719
8840,7.990,2.677
8841,8.026,2.784
8842,7.978,2.787
8843,7.948,2.632
8844,8.052,2.660
8845,7.993,2.757
8846,8.056,2.768
8847,7.976,2.744
8848,8.024,2.705
8849,7.980,2.790
8850,7.982,2.707
8851,7.921,2.775
8852,7.822,2.677
8853,7.960,2.774
8854,7.771,2.695
8855,7.826,2.796
8856,7.740,2.827
8857,7.730,2.783
8858,7.735,2.820
8859,7.682,2.675
8860,7.658,2.768
8861,7.606,2.729
8862,7.554,2.661
8863,7.572,2.654
8864,7.657,2.702
8865,7.637,2.654
8866,7.881,2.714
8867,7.758,2.682
8868,7.850,2.760
8869,7.808,2.680
8870,7.922,2.720
8871,7.994,2.747
8872,8.036,2.763
8873,8.037,2.707
8874,8.014,2.690
8875,8.180,2.730
8876,8.174,2.701
8877,8.057,2.774
8878,8.147,2.736
8879,8.449,2.960
8880,8.007,2.686
8881,8.219,2.794
8882,8.225,2.779
8883,8.210,2.735
8884,8.088,2.680
8885,8.104,2.731
8886,7.941,2.740
8887,7.831,2.621
8888,7.954,2.623
8889,7.975,2.630
8890,7.818,2.658
8891,7.809,2.646
8892,7.818,2.602
8893,7.786,2.600
8894,7.947,2.584
8895,7.909,2.644
8896,7.897,2.632
8897,7.941,2.584
8898,7.824,2.578
8899,7.666,2.622
8900,7.442,2.689
8901,7.595,2.643
8902,7.420,2.472
8903,7.454,2.491
8904,7.644,2.454
8905,7.634,2.496
8906,7.503,2.549
8907,7.628,2.613
8908,7.732,2.757
8909,7.769,2.726
8910,7.770,2.714
8911,7.867,2.679
8912,7.994,2.722
8913,7.799,2.645
8914,8.010,2.679
8915,8.055,2.629
8916,7.932,2.659
8917,8.128,2.665
8918,8.142,2.618
8919,8.005,2.790
8920,8.131,2.738
8921,8.143,2.785
8922,8.145,2.715
8923,8.072,2.645
8924,7.969,2.635
8925,8.055,2.673
8926,8.089,2.527
8927,7.847,2.644
8928,7.884,2.575
8929,7.875,2.516
8930,7.706,2.556
8931,7.794,2.510
8932,7.703,2.550
8933,7.742,2.568
8934,7.759,2.683
8935,7.778,2.515
8936,7.881,2.596
8937,7.847,2.650
8938,7.829,2.752
8939,7.826,2.631
8940,7.766,2.676
8941,7.752,2.670
8942,7.898,2.757
8943,7.803,2.709
8944,7.669,2.682
8945,7.637,2.692
8946,7.510,2.723
8947,7.586,2.819
8948,7.757,2.758
8949,7.849,2.789
8950,7.805,2.751
8951,7.700,2.686
8952,7.833,2.778
8953,7.950,2.726
8954,8.077,2.785
8955,7.976,2.752
8956,7.949,2.760
8957,8.040,2.774
8958,7.812,2.700
8959,7.833,2.760
8960,7.955,2.758
8961,7.914,2.795
8962,7.888,2.761
8963,7.684,2.652
8964,7.769,2.744
8965,7.770,2.683
8966,7.758,2.741
8967,7.675,2.677
8968,7.442,2.670
8969,7.565,2.670
8970,7.557,2.655
8971,7.703,2.689
8972,7.676,2.612
8973,7.974,2.673
8974,8.042,2.582
8975,7.840,2.640
8976,7.904,2.587
8977,7.883,2.586
8978,7.769,2.589
8979,7.740,2.556
8980,7.676,2.557
8981,7.693,2.705
8982,7.764,2.677
8983,7.846,2.701
8984,7.760,2.671
8985,7.691,2.644
8986,7.702,2.741
8987,7.462,2.654
8988,7.560,2.708
8989,7.596,2.694
8990,7.649,2.760
8991,7.675,2.834
8992,7.756,2.844
8993,7.713,2.861
8994,7.899,2.978
8995,7.919,2.932
8996,7.814,2.803
8997,7.940,2.859
8998,8.034,2.806
8999,7.991,2.830
9000,7.947,2.833
9001,7.886,2.645
9002,7.896,2.620
9003,7.822,2.721
9004,7.859,2.782
9005,8.000,2.809
9006,7.869,2.819
9007,7.895,2.757
9008,7.857,2.717
9009,7.926,2.761
9010,7.953,2.853
9011,7.791,2.687
9012,7.884,2.633
9013,7.794,2.741
9014,7.915,2.838
9015,7.746,2.671
9016,7.845,2.646
9017,7.609,2.603
9018,7.545,2.690
9019,7.641,2.815
9020,7.716,2.773
9021,7.696,2.706
9022,7.696,2.744
9023,7.663,2.830
9024,7.687,2.649
9025,7.744,2.761
9026,7.715,2.683
9027,7.858,2.730
9028,7.960,2.754
9029,7.845,2.775
9030,7.787,2.800
9031,7.724,2.742
9032,7.929,2.652
9033,7.797,2.622
9034,7.949,2.557
9035,7.828,2.650
9036,7.960,2.652
9037,7.968,2.588
9038,7.941,2.759
9039,7.765,2.588
9040,7.716,2.611
9041,7.627,2.685
9042,7.664,2.646
9043,7.815,2.727
9044,7.745,2.673
9045,7.628,2.648
9046,7.746,2.653
9047,7.591,2.635
9048,7.614,2.657
9049,7.515,2.612
9050,7.502,2.581
9051,7.564,2.654
9052,7.600,2.645
9053,7.598,2.648
9054,7.551,2.637
9055,7.655,2.611
9056,7.624,2.669
9057,7.676,2.665
9058,7.703,2.601
9059,7.619,2.530
9060,7.682,2.592
9061,7.594,2.664
9062,7.658,2.572
9063,7.688,2.624
9064,7.681,2.494
9065,7.709,2.582
9066,7.647,2.605
9067,7.691,2.526
9068,7.701,2.616
9069,7.652,2.614
9070,7.700,2.619
9071,7.777,2.613
9072,7.736,2.558
9073,8.015,2.619
9074,7.791,2.619
9075,7.839,2.617
9076,7.775,2.479
9077,7.665,2.597
9078,7.691,2.639
9079,7.780,2.629
9080,7.675,2.606
9081,7.738,2.554
9082,7.844,2.554
9083,7.910,2.662
9084,7.846,2.626
9085,7.757,2.559
9086,7.760,2.517
9087,7.752,2.684
9088,7.846,2.600
9089,8.041,2.661
9090,7.905,2.620
9091,7.886,2.568
9092,8.098,2.587
9093,7.950,2.687
9094,8.004,2.705
9095,7.853,2.741
9096,7.855,2.729
9097,7.931,2.635
9098,7.968,2.702
9099,7.924,2.598
9100,7.979,2.624
9101,8.080,2.618
9102,8.012,2.516
9103,7.914,2.550
9104,7.933,2.461
9105,7.884,2.531
9106,7.794,2.589
9107,7.810,2.475
9108,7.690,2.601
9109,7.568,2.653
9110,7.851,2.607
9111,7.734,2.573
9112,7.777,2.566
9113,7.765,2.607
9114,7.771,2.640
9115,7.710,2.576
9116,7.811,2.648
9117,7.630,2.687
9118,7.813,2.610
9119,7.985,2.539
9120,7.871,2.478
9121,7.959,2.644
9122,8.078,2.597
9123,8.070,2.758
9124,7.866,2.678
9125,7.874,2.615
9126,7.882,2.499
9127,7.749,2.441
9128,7.637,2.569
9129,7.761,2.609
9130,7.626,2.656
9131,7.689,2.659
9132,7.684,2.657
9133,7.697,2.651
9134,7.703,2.614
9135,7.806,2.771
9136,7.660,2.671
9137,7.587,2.590
9138,7.605,2.718
9139,7.650,2.672
9140,7.727,2.788
9141,7.726,2.591
9142,7.615,2.599
9143,7.419,2.522
9144,7.470,2.501
9145,7.442,2.506
9146,7.405,2.505
9147,7.393,2.462
9148,7.491,2.472
9149,7.408,2.510
9150,7.398,2.549
9151,7.435,2.545
9152,7.473,2.498
9153,7.386,2.683
9154,7.481,2.638
9155,7.571,2.602
9156,7.728,2.653
9157,7.523,2.545
9158,7.469,2.554
9159,7.521,2.580
9160,7.552,2.613
9161,7.505,2.566
9162,7.525,2.563
9163,7.344,2.575
9164,7.545,2.541
9165,7.686,2.688
9166,7.724,2.631
9167,7.762,2.638
9168,7.698,2.632
9169,7.505,2.494
9170,7.481,2.498
9171,7.469,2.571
9172,7.532,2.572
9173,7.570,2.472
9174,7.551,2.478
9175,7.446,2.481
9176,7.679,2.558
9177,7.567,2.618
9178,7.546,2.603
9179,7.622,2.550
9180,7.701,2.574
9181,7.743,2.466
9182,7.818,2.570
9183,7.810,2.583
9184,7.879,2.567
9185,7.901,2.619
9186,7.838,2.643
9187,7.808,2.640
9188,7.987,2.514
9189,7.979,2.548
9190,7.892,2.542
9191,8.006,2.605
9192,7.992,2.582
9193,8.125,2.666
9194,8.120,2.584
9195,8.049,2.673
9196,8.099,2.771
9197,7.953,2.652
9198,7.928,2.710
9199,7.830,2.645
9200,7.864,2.682
9201,7.740,2.696
9202,7.742,2.562
9203,7.709,2.568
9204,7.790,2.655
9205,7.584,2.645
9206,7.598,2.584
9207,7.700,2.642
9208,7.709,2.639
9209,7.711,2.571
9210,7.569,2.518
9211,7.758,2.614
9212,7.724,2.725
9213,7.663,2.660
9214,7.754,2.586
9215,7.808,2.462
9216,7.687,2.500
9217,7.746,2.513
9218,7.849,2.470
9219,7.860,2.526
9220,7.924,2.532
9221,8.013,2.621
9222,7.948,2.547
9223,7.841,2.638
9224,7.851,2.651
9225,7.788,2.658
9226,7.923,2.631
9227,7.988,2.656
9228,7.993,2.709
9229,7.945,2.682
9230,8.069,2.811
9231,8.059,2.739
9232,8.049,2.589
9233,8.053,2.645
9234,8.001,2.624
9235,7.980,2.581
9236,8.048,2.531
9237,8.124,2.521
9238,7.995,2.527
9239,7.934,2.550
9240,7.947,2.576
9241,7.978,2.504
9242,7.925,2.493
9243,7.886,2.533
9244,7.832,2.651
9245,7.743,2.611
9246,7.827,2.600
9247,7.885,2.565
9248,8.030,2.590
9249,7.992,2.689
9250,7.881,2.558
9251,8.021,2.629
9252,8.135,2.725
9253,8.065,2.698
9254,8.046,2.789
9255,8.194,2.785
9256,8.100,2.742
9257,8.081,2.769
9258,8.056,2.594
9259,8.133,2.566
9260,8.202,2.700
9261,8.302,2.624
9262,8.384,2.620
9263,8.259,2.664
9264,8.360,2.661
9265,8.256,2.653
9266,8.267,2.716
9267,8.308,2.669
9268,8.248,2.788
9269,8.326,2.702
9270,8.180,2.651
9271,8.107,2.646
9272,8.149,2.525
9273,8.236,2.721
9274,8.254,2.674
9275,8.067,2.679
9276,8.235,2.720
9277,8.286,2.676
9278,8.196,2.618
9279,8.172,2.595
9280,8.255,2.669
9281,8.226,2.572
9282,8.320,2.659
9283,8.376,2.662
9284,8.055,2.548
9285,8.141,2.623
9286,8.090,2.749
9287,8.204,2.742
9288,8.298,2.758
9289,8.245,2.790
9290,8.353,2.755
9291,8.361,2.867
9292,8.252,2.870
9293,8.264,2.776
9294,8.078,2.763
9295,8.172,2.824
9296,8.264,2.741
9297,8.249,2.877
9298,8.222,2.716
9299,8.243,2.688
9300,8.130,2.667
9301,8.220,2.733
9302,8.326,2.723
9303,8.285,2.787
9304,8.233,2.750
9305,8.305,2.738
9306,8.247,2.670
9307,8.105,2.718
9308,8.210,2.727
9309,8.053,2.755
9310,8.098,2.774
9311,8.091,2.810
9312,7.990,2.758
9313,8.059,2.746
9314,8.058,2.658
9315,7.969,2.718
9316,8.005,2.565
9317,8.060,2.679
9318,8.190,2.669
9319,8.081,2.680
9320,8.291,2.679
9321,8.219,2.686
9322,8.111,2.743
9323,8.199,2.726
9324,8.275,2.737
9325,8.319,2.750
9326,8.282,2.881
9327,8.174,2.796
9328,8.085,2.820
9329,8.102,2.789
9330,8.121,2.824
9331,8.043,2.841
9332,8.044,2.821
9333,8.083,2.893
9334,7.986,2.937
9335,8.071,2.826
9336,8.018,2.755
9337,8.028,2.719
9338,8.044,2.807
9339,8.082,2.901
9340,8.024,2.884
9341,7.922,2.783
9342,8.050,2.964
9343,8.047,2.930
9344,8.104,2.895
9345,8.099,2.906
9346,8.146,2.738
9347,8.111,2.805
9348,8.085,2.648
9349,8.160,2.715
9350,8.138,2.670
9351,8.122,2.494
9352,8.346,2.708
9353,8.248,2.687
9354,8.359,2.710
9355,8.318,2.693
9356,8.510,2.713
9357,8.493,2.697
9358,8.372,2.647
9359,8.385,2.589
9360,8.402,2.491
9361,8.326,2.509
9362,8.377,2.634
9363,8.229,2.581
9364,8.150,2.676
9365,8.150,2.634
9366,8.047,2.625
9367,7.951,2.643
9368,8.051,2.678
9369,8.022,2.744
9370,8.043,2.600
9371,8.051,2.600
9372,8.159,2.630
9373,8.142,2.681
9374,8.133,2.702
9375,8.098,2.613
9376,8.064,2.604
9377,8.087,2.491
9378,7.974,2.425
9379,8.045,2.489
9380,7.991,2.596
9381,7.880,2.652
9382,8.018,2.617
9383,8.125,2.602
9384,8.272,2.655
9385,8.369,2.545
9386,8.247,2.503
9387,8.126,2.431
9388,8.062,2.503
9389,7.965,2.530
9390,8.023,2.585
9391,8.033,2.482
9392,8.062,2.594
9393,8.116,2.696
9394,8.038,2.695
9395,7.965,2.594
9396,8.139,2.742
9397,8.238,2.649
9398,8.212,2.757
9399,8.259,2.667
9400,8.174,2.656
9401,8.191,2.642
9402,8.213,2.631
9403,8.308,2.609
9404,8.168,2.585
9405,7.971,2.510
9406,8.062,2.565
9407,7.944,2.503
9408,8.093,2.504
9409,8.099,2.559
9410,8.274,2.651
9411,8.102,2.655
9412,8.133,2.656
9413,8.061,2.685
9414,8.068,2.571
9415,8.194,2.656
9416,8.184,2.787
9417,8.127,2.697
9418,8.254,2.758
9419,8.257,2.773
9420,8.104,2.715
9421,8.054,2.772
9422,8.060,2.820
9423,8.223,2.893
9424,8.082,2.788
9425,8.197,2.900
9426,8.360,2.911
9427,8.342,3.021
9428,8.253,2.807
9429,8.254,2.898
9430,8.413,2.870
9431,8.239,2.861
9432,8.227,2.748
9433,8.181,2.692
9434,8.230,2.767
9435,8.158,2.806
9436,8.143,2.766
9437,8.180,2.843
9438,8.125,2.743
9439,8.206,2.801
9440,8.038,2.682
9441,8.038,2.728
9442,8.060,2.779
9443,8.124,2.727
9444,8.055,2.723
9445,8.073,2.821
9446,8.020,2.891
9447,7.919,2.848
9448,7.974,2.843
9449,8.026,2.814
9450,8.047,2.821
9451,8.224,2.909
9452,8.259,2.918
9453,8.089,2.851
9454,8.182,2.742
9455,8.347,2.785
9456,8.163,2.690
9457,8.246,2.771
9458,8.255,2.662
9459,8.373,2.877
9460,8.362,2.855
9461,8.221,2.832
9462,8.266,2.804
9463,8.225,2.805
9464,8.056,2.786
9465,8.122,2.727
9466,8.064,2.741
9467,8.131,2.800
9468,8.095,2.750
9469,8.066,2.755
9470,8.196,2.867
9471,8.062,2.737
9472,8.132,2.587
9473,8.264,2.767
9474,8.244,2.737
9475,8.136,2.695
9476,8.062,2.733
9477,8.088,2.656
9478,8.039,2.748
9479,8.157,2.811
9480,8.065,2.855
9481,8.241,2.822
9482,8.235,2.720
9483,8.439,2.761
9484,8.322,2.622
9485,8.382,2.677
9486,8.380,2.700
9487,8.368,2.729
9488,8.460,2.725
9489,8.418,2.746
9490,8.472,2.755
9491,8.403,2.732
9492,8.401,2.801
9493,8.316,2.663
9494,8.399,2.825
9495,8.488,2.839
9496,8.245,2.769
9497,8.344,2.840
9498,8.389,2.745
9499,8.314,2.826
9500,8.329,2.790
9501,8.191,2.735
9502,8.175,2.773
9503,8.279,2.737
9504,8.419,2.792
9505,8.476,2.681
9506,8.391,2.828
9507,8.266,2.664
9508,8.278,2.664
9509,8.269,2.771
9510,8.198,2.795
9511,8.142,2.770
9512,8.162,2.769
9513,8.131,2.881
9514,8.225,2.811
9515,8.387,3.026
9516,8.410,2.999
9517,8.421,2.853
9518,8.272,2.929
9519,8.277,2.911
9520,8.353,2.870
9521,8.307,2.876
9522,8.298,2.804
9523,8.274,2.878
9524,8.256,2.865
9525,8.213,2.788
9526,8.330,2.739
9527,8.343,2.848
9528,8.374,2.914
9529,8.577,3.047
9530,8.522,3.074
9531,8.564,3.008
9532,8.505,3.005
9533,8.433,3.034
9534,8.379,2.993
9535,8.293,2.936
9536,8.371,2.985
9537,8.283,3.001
9538,8.417,2.910
9539,8.555,2.929
9540,8.468,2.938
9541,8.485,2.906
9542,8.371,2.803
9543,8.394,2.887
9544,8.347,2.751
9545,8.403,2.790
9546,8.431,2.927
9547,8.529,2.851
9548,8.541,2.814
9549,8.546,2.825
9550,8.512,2.794
9551,8.592,2.775
9552,8.365,2.781
9553,8.498,2.918
9554,8.388,2.949
9555,8.370,3.052
9556,8.314,2.950
9557,8.448,2.960
9558,8.447,2.823
9559,8.331,2.905
9560,8.339,2.835
9561,8.319,2.783
9562,8.361,2.767
9563,8.486,2.781
9564,8.332,2.666
9565,8.408,2.809
9566,8.404,2.747
9567,8.252,2.744
9568,8.333,2.680
9569,8.451,2.728
9570,8.454,2.794
9571,8.449,2.663
9572,8.397,2.749
9573,8.337,2.748
9574,8.352,2.848
9575,8.247,2.761
9576,8.319,2.830
9577,8.310,2.805
9578,8.323,2.805
9579,8.389,2.769
9580,8.282,2.849
9581,8.273,2.896
9582,8.105,2.844
9583,7.974,2.766
9584,7.968,2.851
9585,8.092,2.896
9586,8.132,2.946
9587,7.934,2.813
9588,7.874,2.807
9589,7.877,2.812
9590,7.923,2.738
9591,8.083,2.799
9592,8.204,2.934
9593,8.068,2.880
9594,8.029,2.839
9595,8.230,2.817
9596,8.289,2.835
9597,8.233,2.876
9598,8.212,2.834
9599,8.189,2.827
9600,8.215,2.723
9601,8.345,2.844
9602,8.480,2.806
9603,8.407,2.904
9604,8.418,2.835
9605,8.306,2.914
9606,8.345,2.804
9607,8.412,2.862
9608,8.436,2.774
9609,8.511,2.774
9610,8.430,2.864
9611,8.434,2.837
9612,8.508,2.862
9613,8.421,2.935
9614,8.394,2.879
9615,8.373,2.868
9616,8.233,2.891
9617,8.281,2.840
9618,8.280,2.785
9619,8.370,2.942
9620,8.366,2.886
9621,8.238,2.858
9622,8.341,2.986
9623,8.261,2.885
9624,8.415,2.980
9625,8.614,3.065
9626,8.548,2.948
9627,8.569,2.890
9628,8.626,2.852
9629,8.502,2.847
9630,8.434,2.999
9631,8.486,2.875
9632,8.561,2.921
9633,8.570,2.980
9634,8.510,2.865
9635,8.496,2.890
9636,8.474,2.727
9637,8.309,2.714
9638,8.415,2.724
9639,8.307,2.737
9640,8.411,2.865
9641,8.367,2.835
9642,8.277,2.789
9643,8.284,2.805
9644,8.197,2.855
9645,8.311,2.864
9646,8.325,2.933
9647,8.391,3.070
9648,8.256,2.908
9649,8.234,3.000
9650,8.261,3.011
9651,8.097,3.093
9652,8.186,3.086
9653,8.085,2.997
9654,8.158,3.058
9655,8.288,3.068
9656,8.315,3.077
9657,8.170,2.915
9658,8.178,2.986
9659,8.213,3.044
9660,8.243,3.028
9661,8.111,2.994
9662,8.230,2.907
9663,7.978,2.874
9664,7.973,2.885
9665,7.947,2.930
9666,8.020,2.856
9667,7.870,2.743
9668,7.939,2.892
9669,7.992,2.883
9670,8.047,2.835
9671,8.155,2.935
9672,8.221,2.818
9673,8.128,2.879
9674,8.058,2.904
9675,8.234,2.966
9676,8.060,2.686
9677,8.158,2.728
9678,8.185,2.793
9679,8.046,2.738
9680,8.134,2.648
9681,8.283,2.782
9682,8.191,2.662
9683,8.317,2.766
9684,8.164,2.699
9685,8.170,2.748
9686,8.078,2.711
9687,8.108,2.717
9688,8.038,2.775
9689,8.064,2.630
9690,7.956,2.593
9691,7.865,2.573
9692,7.866,2.670
9693,7.838,2.596
9694,7.842,2.630
9695,7.825,2.510
9696,7.822,2.527
9697,7.806,2.512
9698,7.788,2.591
9699,7.840,2.688
9700,7.812,2.582
9701,7.877,2.636
9702,7.859,2.664
9703,7.746,2.574
9704,7.820,2.650
9705,7.986,2.593
9706,7.946,2.636
9707,7.873,2.689
9708,7.691,2.484
9709,7.749,2.481
9710,7.786,2.536
9711,7.889,2.673
9712,7.937,2.595
9713,7.976,2.573
9714,7.968,2.577
9715,7.898,2.611
9716,7.924,2.654
9717,7.947,2.727
9718,7.920,2.793
9719,7.953,2.691
9720,7.917,2.629
9721,7.868,2.664
9722,7.928,2.555
9723,7.712,2.498
9724,7.753,2.504
9725,7.705,2.571
9726,7.810,2.444
9727,7.851,2.371
9728,8.041,2.523
9729,8.009,2.461
9730,8.107,2.594
9731,8.083,2.674
9732,8.053,2.633
9733,8.076,2.735
9734,8.013,2.651
9735,8.074,2.746
9736,8.082,2.711
9737,7.995,2.771
9738,8.018,2.681
9739,7.954,2.709
9740,8.033,2.659
9741,8.034,2.752
9742,8.024,2.727
9743,7.945,2.608
9744,8.077,2.599
9745,8.108,2.627
9746,8.176,2.592
9747,8.198,2.637
9748,8.367,2.603
9749,8.302,2.576
9750,8.270,2.625
9751,8.311,2.542
9752,8.325,2.578
9753,8.470,2.576
9754,8.515,2.532
9755,8.292,2.495
9756,8.367,2.586
9757,8.265,2.564
9758,8.337,2.538
9759,8.333,2.535
9760,8.342,2.550
9761,8.329,2.561
9762,8.363,2.497
9763,8.300,2.418
9764,8.277,2.468
9765,8.380,2.598
9766,8.421,2.631
9767,8.438,2.677
9768,8.273,2.710
9769,8.374,2.659
9770,8.357,2.635
9771,8.390,2.712
9772,8.391,2.652
9773,8.354,2.619
9774,8.477,2.600
9775,8.371,2.656
9776,8.359,2.581
9777,8.451,2.633
9778,8.415,2.636
9779,8.224,2.635
9780,8.325,2.643
9781,8.467,2.677
9782,8.407,2.591
9783,8.353,2.486
9784,8.481,2.654
9785,8.379,2.556
9786,8.314,2.670
9787,8.249,2.578
9788,8.290,2.708
9789,8.356,2.792
9790,8.448,2.843
9791,8.258,2.834
9792,8.253,2.818
9793,8.222,2.770
9794,8.287,2.793
9795,8.320,2.715
9796,8.415,2.786
9797,8.515,2.917
9798,8.430,2.733
9799,8.510,2.685
9800,8.397,2.626
9801,8.286,2.676
9802,8.224,2.632
9803,8.288,2.691
9804,8.293,2.730
9805,8.368,2.666
9806,8.189,2.604
9807,8.267,2.655
9808,8.235,2.724
9809,8.314,2.809
9810,8.151,2.778
9811,8.201,2.685
9812,8.189,2.651
9813,8.160,2.733
9814,8.263,2.730
9815,8.099,2.672
9816,8.105,2.769
9817,8.110,2.811
9818,8.064,2.897
9819,8.163,3.021
9820,8.082,2.779
9821,8.177,2.969
9822,8.275,2.937
9823,8.344,3.008
9824,8.451,2.842
9825,8.438,2.840
9826,8.439,2.849
9827,8.475,2.887
9828,8.533,2.913
9829,8.383,2.871
9830,8.371,2.845
9831,8.352,2.800
9832,8.424,2.810
9833,8.356,2.779
9834,8.282,2.692
9835,8.223,2.868
9836,8.313,2.738
9837,8.365,2.774
9838,8.277,2.733
9839,8.094,2.687
9840,8.136,2.648
9841,8.125,2.760
9842,8.130,2.669
9843,8.052,2.708
9844,8.086,2.645
9845,7.976,2.602
9846,8.189,2.633
9847,8.187,2.661
9848,8.175,2.710
9849,8.193,2.734
9850,8.203,2.738
9851,8.237,2.751
9852,8.242,2.682
9853,8.198,2.692
9854,8.005,2.667
9855,7.844,2.692
9856,7.799,2.552
9857,7.885,2.705
9858,8.097,2.619
9859,8.025,2.631
9860,8.042,2.602
9861,8.103,2.649
9862,7.985,2.587
9863,8.229,2.551
9864,8.296,2.621
9865,8.221,2.605
9866,8.300,2.710
9867,8.338,2.769
9868,8.380,2.605
9869,8.380,2.623
9870,8.418,2.592
9871,8.355,2.590
9872,8.433,2.466
9873,8.297,2.549
9874,8.263,2.458
9875,8.233,2.529
9876,8.361,2.609
9877,8.224,2.507
9878,8.325,2.534
9879,8.300,2.586
9880,8.366,2.611
9881,8.276,2.597
9882,8.289,2.604
9883,8.258,2.617
9884,8.208,2.559
9885,8.159,2.593
9886,8.156,2.758
9887,8.390,2.742
9888,8.448,2.662
9889,8.542,2.679
9890,8.449,2.569
9891,8.577,2.564
9892,8.564,2.528
9893,8.495,2.538
9894,8.533,2.609
9895,8.732,2.613
9896,8.574,2.608
9897,8.537,2.728
9898,8.451,2.659
9899,8.606,2.601
9900,8.586,2.549
9901,8.707,2.677
9902,8.547,2.765
9903,8.512,2.664
9904,8.586,2.710
9905,8.665,2.764
9906,8.615,2.749
9907,8.619,2.699
9908,8.560,2.638
9909,8.548,2.592
9910,8.554,2.732
9911,8.559,2.596
9912,8.442,2.591
9913,8.433,2.684
9914,8.496,2.776
9915,8.466,2.737
9916,8.481,2.618
9917,8.339,2.594
9918,8.313,2.595
9919,8.350,2.745
9920,8.281,2.615
9921,8.182,2.649
9922,8.355,2.705
9923,8.232,2.704
9924,8.154,2.779
9925,8.087,2.763
9926,8.206,2.669
9927,8.297,2.727
9928,8.230,2.629
9929,8.066,2.595
9930,8.122,2.712
9931,8.211,2.553
9932,8.254,2.597
9933,8.354,2.665
9934,8.381,2.724
9935,8.315,2.787
9936,8.259,2.779
9937,8.245,2.779
9938,8.189,2.611
9939,8.311,2.698
9940,8.368,2.734
9941,8.274,2.659
9942,8.099,2.642
9943,8.299,2.830
9944,8.319,2.654
9945,8.446,2.673
9946,8.352,2.646
9947,8.360,2.650
9948,8.325,2.601
9949,8.107,2.508
9950,8.154,2.530
9951,8.300,2.468
9952,8.329,2.510
9953,8.246,2.461
9954,8.205,2.496
9955,8.204,2.496
9956,8.129,2.493
9957,8.131,2.528
9958,8.213,2.478
9959,8.094,2.481
9960,8.234,2.655
9961,8.145,2.664
9962,8.225,2.480
9963,8.153,2.530
9964,8.290,2.612
9965,8.280,2.608
9966,8.250,2.479
9967,8.162,2.576
9968,8.170,2.490
9969,8.075,2.636
9970,8.214,2.570
9971,8.012,2.490
9972,7.937,2.413
9973,8.026,2.407
9974,8.103,2.423
9975,8.083,2.489
9976,8.007,2.496
9977,7.985,2.490
9978,8.051,2.531
9979,7.925,2.557
9980,8.136,2.487
9981,7.847,2.344
9982,7.830,2.504
9983,7.882,2.481
9984,7.770,2.542
9985,7.919,2.454
9986,7.977,2.494
9987,7.877,2.586
9988,7.756,2.422
9989,7.812,2.504
9990,7.814,2.571
9991,7.861,2.467
9992,7.838,2.368
9993,7.862,2.522
9994,7.872,2.500
9995,7.811,2.452
9996,7.885,2.521
9997,7.918,2.455
9998,7.924,2.559
9999,7.816,2.430
